Price,Close,High,Low,Open,Volume,rsi,macd,macd_signal,ema_20,ema_50,atr,future_close,return_pct,target
2025-05-23 04:30:00+00:00,55057.6015625,55197.1015625,55031.69921875,55139.69921875,0.0,56.74888948905482,-34.37475110131345,-88.50189210222553,54896.98509097572,55028.76479277363,155.35355564145357,55275.44921875,0.003956722597200404,2
2025-05-23 05:00:00+00:00,55275.44921875,55338.44921875,55002.94921875,55056.75,0.0,64.69605968575036,-0.9140391613109388,-70.9843215140426,54933.029293620886,55038.43869183153,168.22115880992118,55356.69921875,0.0014699111657773586,2
2025-05-23 05:30:00+00:00,55356.69921875,55359.6484375,55267.69921875,55283.1484375,0.0,67.12249784460084,31.793516223711777,-50.428753966491726,54973.37881029985,55050.919496808725,162.77316309135537,55246.30078125,-0.001994310337466918,0
2025-05-23 06:00:00+00:00,55246.30078125,55431.80078125,55192.6484375,55362.94921875,0.0,60.98882569542901,48.25006156840391,-30.6929908595126,54999.371378961776,55058.58150796329,168.2288188526871,55349.6015625,0.001869822590638669,2
2025-05-23 06:30:00+00:00,55349.6015625,55359.69921875,55195.44921875,55244.25,0.0,64.27818509516543,68.83402623654547,-10.787587440300983,55032.72663453685,55069.99405912159,167.9446175060666,55362.8984375,0.00024023433998861498,1
2025-05-23 07:00:00+00:00,55362.8984375,55430.5,55339.6015625,55351.05078125,0.0,64.69089010156222,85.23735010775272,8.417400069309757,55064.17156815239,55081.48050533251,162.4413189342047,55394.1484375,0.0005644574413906199,1
2025-05-23 07:30:00+00:00,55394.1484375,55424.44921875,55350.3984375,55363.05078125,0.0,65.69402896687492,99.61046880904178,26.65601381725616,55095.59793666168,55093.7419928685,156.12770909961864,55392.5,-2.9758332721007452e-05,1
2025-05-23 08:00:00+00:00,55392.5,55415.8984375,55302.6015625,55396.6484375,0.0,65.58817503807322,109.60479791906256,43.24577063761744,55123.87432364628,55105.45799314816,153.06836380678874,55394.3984375,3.427246468384709e-05,1
2025-05-23 08:30:00+00:00,55394.3984375,55438.94921875,55363.3515625,55392.69921875,0.0,65.65680760598627,116.33749753039592,57.86411601617314,55149.63852496568,55116.78899096589,147.53474183844668,55340.1484375,-0.0009793408996255967,0
2025-05-23 09:00:00+00:00,55340.1484375,55404.6484375,55303.1015625,55398.5,0.0,61.85998360811071,115.95898585802206,69.48308998454293,55167.78232615943,55125.54818494761,144.24989420712907,55389.6015625,0.0008936211122717049,2
2025-05-23 09:30:00+00:00,55389.6015625,55426.1015625,55340.0,55340.0,0.0,63.908878868297954,118.285939837122,79.24365995505875,55188.90796771568,55135.90321936143,140.09644194233414,55789.19921875,0.007214308191025814,2
2025-05-26 04:00:00+00:00,55789.19921875,55875.6015625,55758.8984375,55832.1015625,0.0,75.40587046291091,150.6378001217454,93.52248798839608,55246.07856305228,55161.52267031785,164.80383894645314,55547.5,-0.0043323658008119995,0
2025-05-26 04:30:00+00:00,55547.5,55805.80078125,55428.3984375,55798.6484375,0.0,62.447858210632816,154.98717975931504,105.81542634257988,55274.78536657111,55176.65903618774,179.98944643242075,55472.6015625,-0.0013483673882712993,0
2025-05-26 05:00:00+00:00,55472.6015625,55548.69921875,55308.05078125,55543.0,0.0,59.06085835976776,150.65377358067053,114.78309579019802,55293.62500427862,55188.26462545489,184.3222315086764,55464.1015625,-0.00015322879693001597,1
2025-05-26 05:30:00+00:00,55464.1015625,55576.25,55425.0,55477.30078125,0.0,58.67193956939436,144.86373998109048,120.79922462837652,55309.86086696637,55199.081760240966,181.95992925805663,55539.3515625,0.0013567334163919371,2
2025-05-26 06:00:00+00:00,55539.3515625,55564.05078125,55406.80078125,55461.6484375,0.0,61.11330329068786,144.67936904146336,125.57525351099387,55331.71712368386,55212.42567405505,180.1949343110526,55596.0,0.0010199693713789928,2
2025-05-26 06:30:00+00:00,55596.0,55611.1015625,55494.44921875,55539.0,0.0,62.89051241765442,147.4051148119397,129.94122577118307,55356.88692142826,55227.46780448426,175.65617784240598,55495.6015625,-0.001805857210950428,0
2025-05-26 07:00:00+00:00,55495.6015625,55599.3984375,55422.75,55591.1015625,0.0,57.8447677966342,139.85184808154736,131.92335023325597,55370.09783962557,55237.98285381821,175.72705353223412,55482.05078125,-0.0002441775720682819,1
2025-05-26 07:30:00+00:00,55482.05078125,55560.44921875,55456.8984375,55493.3515625,0.0,57.177974897516506,131.25931925480836,131.79054403756643,55380.76002454219,55247.55414509005,170.57160551207454,55497.80078125,0.0002838755918035147,1
2025-05-26 08:00:00+00:00,55497.80078125,55555.1484375,55466.0,55479.55078125,0.0,57.78705366026009,124.28785855859314,130.2900069417718,55391.906763276274,55257.36773866495,164.7556649397835,55491.19921875,-0.00011895178560355396,1
2025-05-26 08:30:00+00:00,55491.19921875,55542.5,55447.30078125,55495.6015625,0.0,57.41840872456359,116.88288170476152,127.60858189436976,55401.3631876071,55266.53760062908,159.78734735479892,55550.0,0.0010596415661914857,2
2025-05-26 09:00:00+00:00,55550.0,55570.75,55474.3515625,55489.94921875,0.0,59.873832422527485,114.43992362321296,124.9748502401384,55415.51907450167,55277.65377315343,155.25956807945613,55558.8984375,0.00016018789378937894,1
2025-05-26 09:30:00+00:00,55558.8984375,55612.6484375,55547.1484375,55554.1484375,0.0,60.24741385656774,111.93161331860756,122.36620285583224,55429.17425193008,55288.68297567682,148.848170359495,55085.5,-0.008520659170961448,0
2025-05-27 04:00:00+00:00,55085.5,55264.75,55055.80078125,55136.6484375,0.0,39.29000973930217,70.92686107632471,112.07833449993076,55396.44337079387,55280.71501584636,174.15170506595965,55067.5,-0.00032676475660564034,1
2025-05-27 04:30:00+00:00,55067.5,55154.69921875,55041.3515625,55087.80078125,0.0,38.73822565255797,36.55644993406895,96.9739575867584,55365.115430718266,55272.35364267591,169.80855872196253,55121.75,0.0009851545830117582,2
2025-05-27 05:00:00+00:00,55121.75,55174.6484375,55067.1015625,55068.05078125,0.0,41.408956887779695,13.539102743590774,80.28698661812487,55341.937770649856,55266.44761747293,165.3612955989652,55741.3984375,0.011241450743127712,2
2025-05-27 05:30:00+00:00,55741.3984375,55741.3984375,55104.8515625,55121.3515625,0.0,61.86110779117835,44.78192143773049,73.185973582046,55379.9816436832,55285.07313982693,199.01740841332483,55601.94921875,-0.0025017172632717014,0
2025-05-27 06:00:00+00:00,55601.94921875,55828.44921875,55487.1484375,55739.1484375,0.0,57.03594664012025,57.62542380279774,70.07386362619636,55401.12141273719,55297.49965272588,209.1805064730873,55444.30078125,-0.0028353041523738174,0
2025-05-27 06:30:00+00:00,55444.30078125,55659.3984375,55397.75,55600.69921875,0.0,52.08940369532552,54.45535316229507,66.95016153341611,55405.23373354792,55303.25655972682,212.9282158321525,55409.8984375,-0.000620484761557929,1
2025-05-27 07:00:00+00:00,55409.8984375,55531.3984375,55340.8515625,55440.3984375,0.0,51.04894945931206,48.6067592483596,63.28148107640481,55405.67799106717,55307.438594149295,211.3295486298559,55371.44921875,-0.0006939052377684661,1
2025-05-27 07:30:00+00:00,55371.44921875,55457.3984375,55318.94921875,55410.5,0.0,49.850479617097584,40.40343022180605,58.70587090548506,55402.41810798934,55309.94881472188,206.1238107812948,55282.80078125,-0.001600977376441534,0
2025-05-27 08:00:00+00:00,55282.80078125,55529.75,55272.55078125,55376.3984375,0.0,47.10465749241229,26.44421240644442,52.25353920567693,55391.02598163321,55308.88418595828,209.77205420763087,55127.05078125,-0.0028173319332407084,0
2025-05-27 08:30:00+00:00,55127.05078125,55315.05078125,55110.05078125,55275.6484375,0.0,42.65882030958907,2.781643321402953,42.35916002882214,55365.88548635862,55301.753464205016,209.4311931928001,55332.19921875,0.003721375161425755,2
2025-05-27 09:00:00+00:00,55332.19921875,55332.19921875,55125.69921875,55132.0,0.0,49.42921847714881,0.5760113508222275,34.00253029322216,55362.67727039589,55302.94741536364,209.22182225045725,55352.44921875,0.00036597135638769327,1
2025-05-27 09:30:00+00:00,55352.44921875,55406.1015625,55307.0,55333.30078125,0.0,50.05608013836689,0.4567724980806815,27.293378734193865,55361.70317023914,55304.88866255527,201.35608941113887,55393.3515625,0.000738943702172167,1
2025-05-28 04:00:00+00:00,55393.3515625,55475.1015625,55268.0,55285.19921875,0.0,51.36739630521366,3.6210113884008015,22.558905265035254,55364.71730283541,55308.35779588644,201.7664803460575,55322.1015625,-0.0012862554438434553,0
2025-05-28 04:30:00+00:00,55322.1015625,55400.8515625,55288.6484375,55393.94921875,0.0,48.956087401887046,0.3750901612947928,18.122142244287165,55360.65866089871,55308.896767126185,195.36909782133912,55396.1484375,0.0013384682235244758,2
2025-05-28 05:00:00+00:00,55396.1484375,55428.69921875,55278.94921875,55324.25,0.0,51.50396231522882,3.734588172403164,15.244631429910363,55364.03863962264,55312.31840125849,192.1105908341006,55355.1484375,-0.0007401236576268065,1
2025-05-28 05:30:00+00:00,55355.1484375,55463.05078125,55341.69921875,55396.1015625,0.0,50.01529122787672,3.053458828726434,12.80639690967358,55363.1919537062,55313.99801052287,187.056374524522,55333.5,-0.00039108263840070205,1
2025-05-28 06:00:00+00:00,55333.5,55371.6015625,55305.6484375,55355.55078125,0.0,49.20655214646523,0.7580723477367428,10.396731997286214,55360.364148591325,55314.762794423936,178.40614241562756,55346.19921875,0.00022950326203836737,1
2025-05-28 06:30:00+00:00,55346.19921875,55360.80078125,55303.80078125,55333.19921875,0.0,49.72016350150392,-0.0359032837804988,8.310204941072872,55359.01510765405,55315.9955953779,169.7342751002256,55450.80078125,0.001889950240062075,2
2025-05-28 07:00:00+00:00,55450.80078125,55483.6484375,55346.55078125,55347.30078125,0.0,53.85883826622352,7.686729378518066,8.18550982856191,55367.75660037748,55321.28207325524,167.42819964663803,55429.5,-0.0003841383884433026,1
2025-05-28 07:30:00+00:00,55429.5,55506.8515625,55350.3984375,55444.19921875,0.0,52.90385274561214,11.950419377426442,8.938491738334818,55373.636924151055,55325.52591351975,166.64426574330673,55384.0,-0.0008208625370966724,1
2025-05-28 08:00:00+00:00,55384.0,55437.8515625,55345.6015625,55434.6484375,0.0,50.83053881168043,11.5251004947786,9.455813489623576,55374.62388375572,55327.81901495035,161.33038961878484,55349.05078125,-0.0006310345722591362,1
2025-05-28 08:30:00+00:00,55349.05078125,55437.0,55344.6484375,55382.94921875,0.0,49.23444800018595,8.272561407298781,9.219163073158615,55372.188350183744,55328.651633236615,156.40333053887164,55456.55078125,0.0019422193964059203,2
2025-05-28 09:00:00+00:00,55456.55078125,55478.25,55335.5,55342.3984375,0.0,54.01726095524053,14.205500168878643,10.21643049230262,55380.22286742815,55333.66728609989,155.42809264323796,55447.55078125,-0.0001622892133248742,1
2025-05-28 09:30:00+00:00,55447.55078125,55468.5,55396.1015625,55456.25,0.0,53.562281194706266,17.973979253663856,11.767940244574868,55386.635049696895,55338.133305517535,149.49740299014954,55467.6015625,0.00036161707717449477,1
2025-05-29 04:00:00+00:00,55467.6015625,55555.1484375,55360.30078125,55483.8984375,0.0,54.4821268329005,22.321152206081024,13.8785826368761,55394.346146154334,55343.21049206587,152.73670679442458,55315.75,-0.0027376623149803245,0
2025-05-29 04:30:00+00:00,55315.75,55524.3515625,55295.55078125,55468.44921875,0.0,46.90452971429262,13.359169878698594,13.7747000852406,55386.860798901536,55342.13361002407,158.1698549698228,55248.6484375,-0.0012130643171248696,0
2025-05-29 05:00:00+00:00,55248.6484375,55339.69921875,55247.0,55315.6015625,0.0,43.99276192027364,0.832601304500713,11.186280329092623,55373.697716863295,55338.46752482705,153.4933809541212,55198.1484375,-0.0009140495094124898,0
2025-05-29 05:30:00+00:00,55198.1484375,55284.8984375,55160.8515625,55253.25,0.0,41.88535879083456,-13.01964018587023,6.345096226100052,55356.97873787632,55332.964815520114,151.3900591002554,55187.80078125,-0.00018746382882238322,1
2025-05-29 06:00:00+00:00,55187.80078125,55241.30078125,55150.6015625,55198.25,0.0,41.44723458345764,-24.54961803233164,0.1661533744137147,55340.86655153096,55327.27210829384,147.05499907523716,55210.75,0.00041583861696110517,1
2025-05-29 06:30:00+00:00,55210.75,55235.44921875,55162.25,55187.0,0.0,42.87440662702532,-31.472601823355944,-6.161597665140218,55328.4744990042,55322.70261385094,141.77958619486307,55262.6015625,0.0009391570029387392,2
2025-05-29 07:00:00+00:00,55262.6015625,55282.3984375,55096.69921875,55208.80078125,0.0,46.0726855595271,-32.40162286391569,-11.409602704895311,55322.20088600379,55320.3457098764,144.91670280594428,55242.19921875,-0.0003691889844694642,1
2025-05-29 07:30:00+00:00,55242.19921875,55273.5,55203.30078125,55261.55078125,0.0,45.0049858164888,-34.38777648129326,-16.005237460174904,55314.58167959867,55317.28114159693,139.5797396590911,55264.25,0.0003991655213197169,1
2025-05-29 08:00:00+00:00,55264.25,55302.25,55239.25,55242.0,0.0,46.44942205773517,-33.79295956919668,-19.56278188197926,55309.78818630356,55315.20148898529,134.10975825487031,55239.69921875,-0.00044424345304604695,1
2025-05-29 08:30:00+00:00,55239.69921875,55273.0,55177.69921875,55263.1484375,0.0,45.031293827844834,-34.90029685094487,-22.630284875772382,55303.11304653655,55312.24061564272,131.33768846880815,55267.55078125,0.0005041946805269054,1
2025-05-29 09:00:00+00:00,55267.55078125,55282.75,55194.1015625,55240.1015625,0.0,47.00787850954353,-33.14836754917633,-24.73390141045317,55299.72616412831,55310.48807311752,128.28845625675044,55765.19921875,0.00900435120546054,2
2025-05-29 09:30:00+00:00,55765.19921875,55781.1015625,55269.55078125,55270.94921875,0.0,68.67935116977739,8.300436662175343,-18.12703379592747,55344.056931235136,55328.31988275017,155.80719375626828,55505.80078125,-0.004651618592492756,0
2025-05-30 04:00:00+00:00,55505.80078125,55670.8984375,55469.69921875,55644.94921875,0.0,55.85660494499355,19.987226296005247,-10.504181777540929,55359.46110742703,55335.27991798546,165.78525134510625,55523.1015625,0.00031169321055618836,1
2025-05-30 04:30:00+00:00,55523.1015625,55577.55078125,55461.8984375,55502.3984375,0.0,56.44074680810312,30.295887604028398,-2.3441679012270638,55375.04591267208,55342.64547267231,162.20432937402725,55432.75,-0.001627278735470047,0
2025-05-30 05:00:00+00:00,55432.75,55526.5,55356.8515625,55526.5,0.0,52.53121558114098,30.81968976725329,4.288603632469009,55380.54154003664,55346.17898354791,162.7360513830253,55516.69921875,0.001514433592957232,2
2025-05-30 05:30:00+00:00,55516.69921875,55535.25,55432.25,55434.6015625,0.0,55.60803480821753,37.57565831659304,10.946014569293816,55393.50893800934,55352.866051595054,158.46919056995208,55476.75,-0.0007195892283255144,1
2025-05-30 06:00:00+00:00,55476.75,55551.44921875,55463.8984375,55519.1484375,0.0,53.82024739523446,39.25375117357908,16.60756189015087,55401.43665819893,55357.72424565016,153.40358990424122,55446.19921875,-0.0005506952236747827,1
2025-05-30 06:30:00+00:00,55446.19921875,55484.69921875,55402.25,55480.5,0.0,52.43197945299692,37.68406073476217,20.82286165907313,55405.6997592038,55361.19385243838,148.33542053608113,55452.1015625,0.00010645172857951334,1
2025-05-30 07:00:00+00:00,55452.1015625,55472.1484375,55408.5,55448.44921875,0.0,52.6859041904767,36.49564053928043,23.957417435114596,55410.11897856534,55364.75886067609,142.2863503192182,55692.19921875,0.004329820682799302,2
2025-05-30 07:30:00+00:00,55692.19921875,55719.0,55450.19921875,55453.1015625,0.0,61.653294880962974,54.301726747493376,30.02627929759035,55436.983763344826,55377.599659031934,151.3230953857026,55742.1484375,0.0008968799841034739,2
2025-05-30 08:00:00+00:00,55742.1484375,55776.3984375,55663.19921875,55693.19921875,0.0,63.215250921554286,71.61809405595704,38.344642249263686,55466.04706564532,55391.89568956009,148.59996134029527,55741.44921875,-1.254380696833004e-05,1
2025-05-30 08:30:00+00:00,55741.44921875,55772.25,55618.1015625,55742.94921875,0.0,63.17645687629821,84.31310974997905,47.53833574940676,55492.27584213148,55405.60367109696,148.99628106598843,55719.55078125,-0.0003928573405772508,1
2025-05-30 09:00:00+00:00,55719.55078125,55812.6015625,55679.3515625,55740.44921875,0.0,61.89534824108951,91.55163005441864,56.34099461040913,55513.92107442848,55417.91532247552,147.8715467041321,55755.69921875,0.0006487568006769393,1
2025-05-30 09:30:00+00:00,55755.69921875,55788.94921875,55715.1015625,55721.25,0.0,63.22118339273319,99.0631480416123,64.88542529664977,55536.94756436386,55431.1617497804,142.5841259574084,55582.1484375,-0.0031127002921996693,0
2025-06-02 04:00:00+00:00,55582.1484375,55683.3515625,55450.94921875,55501.44921875,0.0,53.5817754748489,89.97480895133049,69.90330202758592,55541.25240942444,55437.08279635764,154.16740267473637,55599.3984375,0.00031035144349263443,1
2025-06-02 04:30:00+00:00,55599.3984375,55626.30078125,55523.3984375,55580.55078125,0.0,54.32718126716766,83.20502978997683,72.5636475800641,55546.79012638402,55443.44811561812,150.50561275154092,55640.8984375,0.0007464109534683309,1
2025-06-02 05:00:00+00:00,55640.8984375,55686.44921875,55579.69921875,55600.25,0.0,56.151507834399226,80.26340760042513,74.1035995841363,55555.75282268078,55451.19126549584,147.38021184071658,55637.25,-6.557114644901352e-05,1
2025-06-02 05:30:00+00:00,55637.25,55674.3515625,55572.8515625,55639.1484375,0.0,55.93995911065095,76.75299169578648,74.63347800646635,55563.51445861594,55458.48768645679,144.10305385209398,55712.55078125,0.0013534238527245686,2
2025-06-02 06:00:00+00:00,55712.55078125,55722.19921875,55616.3515625,55641.75,0.0,59.34440591748817,79.13488780531043,75.53375996623517,55577.708394104906,55468.45094507613,141.37052545194442,55723.19921875,0.00019113175309114946,1
2025-06-02 06:30:00+00:00,55723.19921875,55752.19921875,55690.25,55711.25,0.0,59.817244018595794,80.94867164832976,76.61674230265409,55591.56466311872,55478.4410734555,135.6975749732341,55754.6484375,0.0005643828637071115,1
2025-06-02 07:00:00+00:00,55754.6484375,55834.8515625,55717.80078125,55727.5,0.0,61.250637335451934,83.95600496808765,78.0845948357408,55607.09645115504,55489.272734790575,134.36566113586025,55789.5,0.0006250880146624546,1
2025-06-02 07:30:00+00:00,55789.5,55819.55078125,55747.25,55747.25,0.0,62.83290987742632,88.13559583151073,80.09479503489479,55624.46821771169,55501.04635303408,129.93245542972736,55846.25,0.001017216501312971,2
2025-06-02 08:00:00+00:00,55846.25,55872.1015625,55776.3515625,55791.55078125,0.0,65.3164360491372,94.93287533039984,83.06241109399579,55645.59029221534,55514.58375095431,127.49085147046112,55790.1484375,-0.0010045717035611164,0
2025-06-02 08:30:00+00:00,55790.1484375,55854.3515625,55757.44921875,55847.3515625,0.0,60.97852287796082,94.70118476310016,85.39016582781667,55659.3577346234,55525.39020925023,125.30595806185676,55877.19921875,0.0015603253206526299,2
2025-06-02 09:00:00+00:00,55877.19921875,55883.69921875,55702.75,55788.94921875,0.0,64.87649414132895,100.38466689968482,88.38906604219031,55680.10454263546,55539.18664099532,129.28047668243843,55862.05078125,-0.0002711023049078815,1
2025-06-02 09:30:00+00:00,55862.05078125,55964.0,55811.5,55877.94921875,0.0,63.68429953158704,102.4851303468604,91.20827890312434,55697.432755836846,55551.84797982884,130.93901406226425,55798.30078125,-0.0011412040751894053,0
2025-06-03 04:00:00+00:00,55798.30078125,55915.1484375,55716.5,55794.44921875,0.0,58.78823393630775,97.8774007929751,92.54210328109448,55707.03923444762,55561.51279557085,135.77540145067394,55946.1484375,0.002649680262300774,2
2025-06-03 04:30:00+00:00,55946.1484375,56016.3984375,55775.19921875,55796.69921875,0.0,65.42678829048879,104.94605932434206,95.022894489744,55729.811539500224,55576.59654623474,143.3056741149115,55820.55078125,-0.0022449741359820484,0
2025-06-03 05:00:00+00:00,55820.55078125,56006.44921875,55746.1484375,55944.19921875,0.0,57.02335377418388,99.26902936373516,95.87212146454225,55738.45337204782,55586.16337898044,151.66246748170354,55750.5,-0.0012549281630078416,0
2025-06-03 05:30:00+00:00,55750.5,55834.69921875,55673.3984375,55821.1015625,0.0,52.93926427236848,88.10184636767372,94.31806644516854,55739.60066994803,55592.60795235376,152.35091846515328,55718.0,-0.0005829544129649062,1
2025-06-03 06:00:00+00:00,55718.0,55805.30078125,55660.80078125,55750.1484375,0.0,51.11029689353006,75.75602668280771,90.60565849269638,55737.54346328631,55597.52528755557,151.7901385747852,55661.0,-0.0010230087224954235,0
2025-06-03 06:30:00+00:00,55661.0,55737.6484375,55584.1484375,55718.19921875,0.0,47.979465758217145,60.67305084215332,84.61913696258777,55730.25360963999,55600.01449196516,151.91227153372913,55515.8515625,-0.002607722417850919,0
2025-06-03 07:00:00+00:00,55515.8515625,55727.25,55487.19921875,55658.30078125,0.0,41.078797425434864,36.58568101437413,75.01244577294504,55709.83436705524,55596.71398492731,158.20787937060564,55554.75,0.0007006726260193985,1
2025-06-03 07:30:00+00:00,55554.75,55561.44921875,55459.75,55520.0,0.0,43.4270720118567,20.39988848817302,64.08993431599063,55695.06442733569,55595.068338459576,154.1715464691338,55606.94921875,0.0009395995616936446,2
2025-06-03 08:00:00+00:00,55606.94921875,55625.6015625,55526.30078125,55553.55078125,0.0,46.50800733980776,11.650274888008424,53.602002430394194,55686.67250270848,55595.53425533371,150.25220609633854,55593.3515625,-0.00024453159975579156,1
2025-06-03 08:30:00+00:00,55593.3515625,55660.8984375,55592.0,55604.80078125,0.0,45.80816286466288,3.57768453303288,43.59713885092193,55677.78479411719,55595.44865953631,144.4412226251715,55646.75,0.0009605184073129249,2
2025-06-03 09:00:00+00:00,55646.75,55722.1015625,55596.05078125,55596.19921875,0.0,49.05053324753138,1.471938562230207,35.17209879318359,55674.82909943936,55597.4604768094,143.32042100908782,55540.0,-0.001918351026789525,0
2025-06-03 09:30:00+00:00,55540.0,55684.05078125,55525.3515625,55647.6015625,0.0,43.45327572435978,-8.710306156346633,26.395617803277545,55661.98823282609,55595.207124777655,144.41890656201014,55502.8515625,-0.0006688591555635578,1
2025-06-04 04:00:00+00:00,55502.8515625,55617.25,55408.44921875,55587.44921875,0.0,41.67120488093111,-19.551993686211063,17.206095505379828,55646.832359461696,55591.58533802167,149.01761189686655,55548.25,0.0008179478391101808,1
2025-06-04 04:30:00+00:00,55548.25,55558.75,55489.5,55501.94921875,0.0,44.658240775869096,-24.201850797224324,8.924506244858996,55637.44356332249,55589.88591300122,143.31992533280464,55616.3984375,0.001226833203566269,2
2025-06-04 05:00:00+00:00,55616.3984375,55641.6015625,55552.3515625,55552.3515625,0.0,48.88947852435538,-22.13275408024492,2.7130541798382124,55635.43926562511,55590.92561984431,139.75075655903288,55656.94921875,0.0007291155556498273,1
2025-06-04 05:30:00+00:00,55656.94921875,55658.8515625,55586.80078125,55616.75,0.0,51.27662903322357,-17.024621634402138,-1.234480983009858,55637.48783258939,55593.51478058571,134.9150440369591,55660.75,6.828942842450252e-05,1
2025-06-04 06:00:00+00:00,55660.75,55702.3515625,55631.80078125,55655.05078125,0.0,51.505253400655214,-12.525314557075037,-3.492647697822893,55639.70327710469,55596.15145585687,130.31759669503344,55665.1484375,7.902224637648612e-05,1
2025-06-04 06:30:00+00:00,55665.1484375,55700.19921875,55634.6015625,55661.80078125,0.0,51.78719413712356,-8.50660528500157,-4.495439215258629,55642.12662571377,55598.85721984288,125.69474380610248,55647.75,-0.00031255530593859293,1
2025-06-04 07:00:00+00:00,55647.75,55668.8984375,55624.55078125,55665.30078125,0.0,50.53561814643385,-6.6490120628950535,-4.926153784785914,55642.6621851696,55600.7745837706,119.88423755209516,55635.8984375,-0.00021297469349614316,1
2025-06-04 07:30:00+00:00,55635.8984375,55691.6015625,55597.19921875,55651.3984375,0.0,49.655278399777,-6.0632843297644285,-5.153579893781616,55642.01801872487,55602.1519897992,118.06410228051696,55647.1015625,0.0002013650415403162,1
2025-06-04 08:00:00+00:00,55647.1015625,55662.75,55613.1015625,55636.44921875,0.0,50.53252307706919,-4.641586996629485,-5.05118131435119,55642.50216575107,55603.91471814041,113.1772690819086,55639.8984375,-0.00012944295026596876,1
2025-06-04 08:30:00+00:00,55639.8984375,55690.05078125,55622.8984375,55647.0,0.0,49.93010810415327,-4.0494342484889785,-4.850831901178749,55642.25419163192,55605.32584438981,109.8897744153437,55712.1015625,0.0012976861394005848,2
2025-06-04 09:00:00+00:00,55712.1015625,55714.1484375,55624.30078125,55637.25,0.0,55.63893023242613,2.220443935933872,-3.436576733756225,55648.90632219079,55609.51312745296,108.45819454639056,55665.55078125,-0.0008355595991613693,1
2025-06-04 09:30:00+00:00,55665.55078125,55738.0,55652.5,55708.69921875,0.0,51.557456507738806,3.393984819049365,-2.0704644231951077,55650.49150876785,55611.71068250382,106.81832350736268,55809.80078125,0.002591369311459111,2
2025-06-05 04:00:00+00:00,55809.80078125,55849.44921875,55698.44921875,55736.55078125,0.0,61.08408115111487,15.781870299331786,1.5000025213102712,55665.66382043282,55619.478921670336,112.3240459354082,55732.1484375,-0.0013913746808443773,0
2025-06-05 04:30:00+00:00,55732.1484375,55830.8984375,55679.6015625,55808.19921875,0.0,54.83271035609011,19.11313924771821,5.022629866591859,55671.99568872493,55623.897334055815,115.10781944002191,55703.6484375,-0.0005113745082330875,1
2025-06-05 05:00:00+00:00,55703.6484375,55752.19921875,55666.6484375,55728.69921875,0.0,52.70093937780931,19.23178997083596,7.864461887440679,55675.01023622732,55627.02482830853,112.99660242644892,55757.8984375,0.0009739038917867111,2
2025-06-05 05:30:00+00:00,55757.8984375,55818.5,55693.44921875,55704.8515625,0.0,56.19227126678399,23.43321956905129,10.978213423762805,55682.90435063424,55632.1571267082,113.85761519955972,55757.6015625,-5.324357773863596e-06,1
2025-06-05 06:00:00+00:00,55757.6015625,55776.05078125,55694.1484375,55763.1484375,0.0,56.16783781117061,26.434210341787548,14.069412807367751,55690.01837081193,55637.07651634709,111.57509581030546,55852.5,0.0017019820587803821,2
2025-06-05 06:30:00+00:00,55852.5,56009.1484375,55756.6484375,55758.0,0.0,61.87463496273544,36.05441510287346,18.466413266468894,55705.492811686985,55645.52449609819,121.64116039528363,55804.25,-0.0008638825477821047,0
2025-06-05 07:00:00+00:00,55804.25,55885.3515625,55773.6015625,55854.75,0.0,57.75718350715652,39.331733190862,22.63947725134752,55714.89825819298,55651.74902566297,120.93464893847768,55759.8515625,-0.0007956103253784434,1
2025-06-05 07:30:00+00:00,55759.8515625,55836.25,55732.0,55805.75,0.0,54.18410318218165,37.90945196987013,25.69347219505204,55719.17952526984,55655.98834083305,119.742888300015,55704.1015625,-0.0009998233215795247,0
2025-06-05 08:00:00+00:00,55704.1015625,55761.55078125,55653.75,55761.55078125,0.0,50.0011888365062,31.915819081979866,26.93794157243761,55717.74352881557,55657.8751338396,118.88988065358537,55715.75,0.00020911274346522676,1
2025-06-05 08:30:00+00:00,55715.75,55748.6484375,55629.25,55704.5,0.0,50.854868757239295,27.785459906765027,27.107445239303097,55717.553668928376,55660.14473643413,118.92620614261496,55711.8984375,-6.91287921278992e-05,1
2025-06-05 09:00:00+00:00,55711.8984375,55783.3515625,55676.30078125,55721.8515625,0.0,50.54754972576468,23.92553294719255,26.471062780880988,55717.01507545901,55662.17429333867,118.07796150742818,55809.75,0.0017563853547330483,2
2025-06-05 09:30:00+00:00,55809.75,55841.5,55659.1015625,55714.55078125,0.0,57.56385312410859,28.434540651825955,26.863758355069983,55725.84697303434,55667.961575952846,122.67228122118333,55692.1484375,-0.00210718669228943,0
2025-06-06 04:00:00+00:00,55692.1484375,55743.8984375,55617.6015625,55732.94921875,0.0,48.633196850417406,22.261877421537065,25.943382168363403,55722.63758869774,55668.910080327245,127.63486381252736,56056.30078125,0.006538665753910834,2
2025-06-06 04:30:00+00:00,56056.30078125,56064.5,55536.5,55693.44921875,0.0,66.14713065607691,46.22123846707109,29.99895342810494,55754.41503560748,55684.101872520296,156.23237354020398,56430.6484375,0.006678065641734492,2
2025-06-06 05:00:00+00:00,56430.6484375,56515.0,56050.05078125,56059.75,0.0,75.42380797020317,94.32857097036322,42.8648769365566,55818.8182167401,55713.37820840185,178.28357676947513,56488.55078125,0.0010260797164882835,2
2025-06-06 05:30:00+00:00,56488.55078125,56596.3984375,56423.55078125,56429.94921875,0.0,76.49664211424664,135.56352190917823,61.40460593108093,55882.60227050295,55743.77713282727,177.8952967323698,56623.8515625,0.002395189456602413,2
2025-06-06 06:00:00+00:00,56623.8515625,56627.30078125,56485.6015625,56489.5,0.0,78.8229746562207,177.11844867708714,84.54737448028217,55953.19744116934,55778.28985555954,175.30986259077193,56550.44921875,-0.0012963149225018774,0
2025-06-06 06:30:00+00:00,56550.44921875,56649.80078125,56454.8515625,56627.30078125,0.0,74.51399881560639,201.8018260031968,107.99826478486509,56010.078562843686,55808.570614900345,176.71267374500252,56599.5,0.000867380930260349,2
2025-06-06 07:00:00+00:00,56599.5,56627.30078125,56501.69921875,56549.0,0.0,75.47868419035207,222.7538013184967,130.9493720915914,56066.21393781096,55839.587453531705,173.0618800846452,56536.69921875,-0.0011095642408501841,0
2025-06-06 07:30:00+00:00,56536.69921875,56610.6015625,56517.80078125,56601.6015625,0.0,71.73483865530756,231.6209128040573,151.0836802340846,56111.02205980515,55866.92516981478,167.32894445359912,56605.3515625,0.001214296991134423,2
2025-06-06 08:00:00+00:00,56605.3515625,56626.1015625,56495.94921875,56532.6484375,0.0,73.29429307489869,241.40506560267383,169.14795730780244,56158.1010600618,55895.88306756714,164.67347297477062,56667.1484375,0.0010917143572859512,2
2025-06-06 08:30:00+00:00,56667.1484375,56693.6484375,56556.44921875,56606.94921875,0.0,74.65008651122247,251.2493227457162,185.5682303953852,56206.58176267496,55926.12876834882,162.71102624442986,56595.5,-0.0012643734416780004,0
2025-06-06 09:00:00+00:00,56595.5,56670.44921875,56570.8984375,56667.25,0.0,70.2001638071527,250.38327480656156,198.53123927762047,56243.62159480116,55952.37862057044,158.19958017339917,56584.80078125,-0.0001890471636437526,1
2025-06-06 09:30:00+00:00,56584.80078125,56632.1484375,56539.8984375,56599.25,0.0,69.53359214854743,245.99787763421773,208.02456694893996,56276.11485065343,55977.1794896167,153.48889587529922,56932.19921875,0.006139430248115574,2
2025-06-09 04:00:00+00:00,56932.19921875,56971.5,56793.25,56810.30078125,0.0,77.12772985234929,267.4713264007951,219.91391883931095,56338.59907618644,56014.63124370036,170.146776080635,56953.44921875,0.000373250994895724,1
2025-06-09 04:30:00+00:00,56953.44921875,57008.19921875,56927.6484375,56932.19921875,0.0,77.49722526079451,282.94230390849407,232.5195958531476,56397.15623262106,56051.44763487878,163.74706216416106,56993.80078125,0.000708500767793983,1
2025-06-09 05:00:00+00:00,56993.80078125,57032.55078125,56944.19921875,56952.1015625,0.0,78.21685076393928,295.05795447540004,245.0272675775981,56453.97952296668,56088.40266022668,158.36166933100668,56872.3515625,-0.002130919803298234,0
2025-06-09 05:30:00+00:00,56872.3515625,57031.69921875,56871.25,56995.69921875,0.0,70.87075500226842,291.4995327175566,254.32172060558983,56493.82447911271,56119.14575443348,158.51078000379192,56908.80078125,0.0006408952285003382,1
2025-06-09 06:00:00+00:00,56908.80078125,56939.55078125,56856.6484375,56871.8984375,0.0,71.72893159136908,288.29729343186773,261.11683517084543,56533.34603169721,56150.1126182302,153.11017741423535,56959.3515625,0.0008882770424966536,2
2025-06-09 06:30:00+00:00,56959.3515625,56965.44921875,56904.3515625,56920.69921875,0.0,72.92048272458098,286.53551821166184,266.2005717790087,56573.917987011766,56181.84747878981,146.53785447393284,56899.69921875,-0.0010472791932075465,0
2025-06-09 07:00:00+00:00,56899.69921875,56981.94921875,56878.94921875,56959.5,0.0,69.21329716789333,277.1312564355904,268.3867087103251,56604.94477098683,56209.9985274157,143.42800772579477,56916.94921875,0.00030316504721198344,1
2025-06-09 07:30:00+00:00,56916.94921875,56955.30078125,56889.25,56897.6015625,0.0,69.69312150090536,267.9811224921068,268.30559146668145,56634.65948029761,56237.72208393861,137.9010629775237,56922.0,8.873949358368165e-05,1
2025-06-09 08:00:00+00:00,56922.0,56949.1015625,56892.8515625,56915.1015625,0.0,69.84133417981452,258.1612095307792,266.276715079501,56662.02524407879,56264.55651201945,132.0688441934149,56867.5,-0.000957450546361688,0
2025-06-09 08:30:00+00:00,56867.5,56929.69921875,56833.6015625,56924.44921875,0.0,66.08577374986908,243.1779590963415,261.6569638828691,56681.59426845224,56288.20135468536,129.4994736260281,56853.6015625,-0.0002444003604870972,1
2025-06-09 09:00:00+00:00,56853.6015625,56893.1484375,56845.05078125,56866.5,0.0,65.12403374911347,227.55897916512916,254.8373669393211,56697.9759155044,56310.37391185456,123.68505809916896,56846.19921875,-0.00013020008489457777,1
2025-06-09 09:30:00+00:00,56846.19921875,56866.05078125,56811.3984375,56855.19921875,0.0,64.58493431423386,212.1381215504589,246.29751786154867,56712.09242057541,56331.38666898771,118.75414993137116,56652.3984375,-0.0034092126459367095,0
2025-06-10 04:00:00+00:00,56652.3984375,56749.5,56570.44921875,56629.3984375,0.0,52.36338521204603,182.17883321645783,233.47378093253053,56706.40727933014,56343.97536579212,129.9681392219875,56729.3984375,0.001359165756855782,2
2025-06-10 04:30:00+00:00,56729.3984375,56804.69921875,56648.75,56651.80078125,0.0,55.93153321988285,162.77279439960694,219.33358362594583,56708.59691344155,56359.08999605517,131.82393061684556,56626.75,-0.0018094399081825272,0
2025-06-10 05:00:00+00:00,56626.75,56774.5,56604.3515625,56728.80078125,0.0,50.5009348146645,137.52519296875107,202.9719054945069,56700.80196930426,56369.58646679811,134.56139539421375,56613.0,-0.00024281810275179135,1
2025-06-10 05:30:00+00:00,56613.0,56685.80078125,56602.80078125,56628.3515625,0.0,49.80336973715316,115.0802038936381,185.39356517433316,56692.43987698956,56379.132095551126,130.87843858034134,56588.30078125,-0.0004362817506579761,1
2025-06-10 06:00:00+00:00,56588.30078125,56636.5,56584.69921875,56611.0,0.0,48.50721498889975,94.21333512944692,167.15751916535592,56682.52186787151,56387.33478910795,125.23003448531696,56610.69921875,0.0003958139260371909,1
2025-06-10 06:30:00+00:00,56610.69921875,56630.0,56573.3984375,56589.30078125,0.0,49.78354610736674,78.57776247797301,149.44156782787934,56675.68161557422,56396.09417850568,120.32800077208005,56702.80078125,0.0016269285447987382,2
2025-06-10 07:00:00+00:00,56702.80078125,56718.19921875,56599.25,56610.44921875,0.0,54.75023814862469,72.77933005897648,134.1091202740988,56678.264393257625,56408.12188841723,120.22951634193146,56681.19921875,-0.0003809611201276502,1
2025-06-10 07:30:00+00:00,56681.19921875,56732.55078125,56650.19921875,56702.55078125,0.0,53.41581399702616,65.68380303487356,120.42405682625376,56678.543900447374,56418.83080333224,117.52394821036492,56658.1015625,-0.0004075011920770962,1
2025-06-10 08:00:00+00:00,56658.1015625,56709.8984375,56640.44921875,56681.1484375,0.0,51.957589772012376,57.533547995648405,107.84595506013268,56676.597011119055,56428.213970358425,114.090038963196,56641.1484375,-0.0002992180205914396,1
2025-06-10 08:30:00+00:00,56641.1484375,56688.69921875,56621.6484375,56656.5,0.0,50.86010564026652,49.139981534768594,96.10476035505988,56673.22095648867,56436.56434161888,110.730091983682,56616.8984375,-0.0004281339744860289,1
2025-06-10 09:00:00+00:00,56616.8984375,56668.1015625,56595.30078125,56639.25,0.0,49.25735127005319,40.06935275163414,84.89767883437473,56667.85690706118,56443.63626694756,108.02085550270468,56579.55078125,-0.0006596556378168345,1
2025-06-10 09:30:00+00:00,56579.55078125,56679.80078125,56565.1015625,56617.8515625,0.0,46.8107049871351,29.52680374488409,73.8235038164766,56659.44679984107,56448.96624790059,108.49788144894008,56575.25,-7.601299746312662e-05,1
2025-06-11 04:00:00+00:00,56575.25,56581.8984375,56444.3515625,56500.19921875,0.0,46.52412423168794,20.587401845070417,63.17628342219537,56651.42805699906,56453.91855190449,110.57280955973008,56577.3515625,3.714632281783996e-05,1
2025-06-11 04:30:00+00:00,56577.3515625,56641.80078125,56557.75,56573.8515625,0.0,46.69585277309364,13.516628683166346,53.244352474389565,56644.37315276106,56458.75906212392,108.67837896617792,56683.44921875,0.0018752672813395267,2
2025-06-11 05:00:00+00:00,56683.44921875,56717.6484375,56572.55078125,56577.05078125,0.0,54.61914094389871,16.286444183861022,45.85277081628386,56648.09468285524,56467.57044081514,111.27975591502236,56682.05078125,-2.4671002193307227e-05,1
2025-06-11 05:30:00+00:00,56682.05078125,56748.80078125,56674.19921875,56683.0,0.0,54.504141455235775,18.159370782013863,40.31409080942986,56651.32859698808,56475.98143455769,108.6598849568065,56755.0,0.0012869897568020079,2
2025-06-11 06:00:00+00:00,56755.0,56780.44921875,56678.8984375,56682.75,0.0,59.31623883565141,25.239129916961247,37.29909863093614,56661.20206394159,56486.92333908484,108.15209183489176,56736.8515625,-0.00031976808210730333,1
2025-06-11 06:30:00+00:00,56736.8515625,56781.5,56723.0,56753.8515625,0.0,57.681668419255374,29.050585735873028,35.649396051923524,56668.40677809001,56496.72444588544,104.6055138466852,56716.19921875,-0.00036400228742424764,1
2025-06-11 07:00:00+00:00,56716.19921875,56757.0,56682.5,56735.1015625,0.0,55.7973328021209,30.05822785057535,34.53116241165389,56672.95843910524,56505.331299723264,102.4551200004934,56569.69921875,-0.0025830362756672186,0
2025-06-11 07:30:00+00:00,56569.69921875,56723.55078125,56567.6015625,56713.0,0.0,44.65361655474048,18.818537452119926,31.3886374197471,56663.12422764284,56507.85553184196,106.27612705402956,56497.0,-0.0012851264856275544,0
2025-06-11 08:00:00+00:00,56497.0,56571.05078125,56423.6484375,56571.05078125,0.0,40.34728267058378,3.99868806640734,25.910647549079147,56647.30287262923,56507.4298247109,109.2137139608846,56439.5,-0.0010177531550347805,0
2025-06-11 08:30:00+00:00,56439.5,56495.1015625,56400.44921875,56492.5,0.0,37.28459132220457,-12.24476872372179,18.279564294518963,56627.51212285502,56504.76591001636,108.30921876724996,56476.05078125,0.0006476099407329973,1
2025-06-11 09:00:00+00:00,56476.05078125,56507.30078125,56411.1484375,56441.8515625,0.0,40.382551485989424,-21.91585039720667,10.240481356173838,56613.087233178354,56503.63982653533,107.44087055173212,56438.05078125,-0.0006728515799942578,1
2025-06-11 09:30:00+00:00,56438.05078125,56492.94921875,56416.3515625,56474.1484375,0.0,38.26619663977857,-32.27449443884689,1.7374861971696929,56596.417094899465,56501.06770711237,105.2377838158941,56437.69921875,-6.229175089030485e-06,1
2025-06-12 04:00:00+00:00,56437.69921875,56611.0,56394.25,56534.05078125,0.0,38.246226231118605,-40.05048556049587,-6.62010815436342,56581.30110669475,56498.58266835306,113.2029421147588,56416.44921875,-0.00037652137302117774,1
2025-06-12 04:30:00+00:00,56416.44921875,56452.1484375,56334.05078125,56437.8515625,0.0,36.98963850377567,-47.38152720211656,-14.772391963914048,56565.60092689049,56495.361748760784,113.55256455299032,56292.80078125,-0.002191708964535568,0
2025-06-12 05:00:00+00:00,56292.80078125,56439.05078125,56272.3515625,56412.55078125,0.0,30.674340604473,-62.44895339196955,-24.307704249525152,56539.619960639015,56487.41818140742,117.34875413849102,56311.3515625,0.00032954091806671826,1
2025-06-12 05:30:00+00:00,56311.3515625,56354.05078125,56242.1015625,56293.1015625,0.0,32.53534881285796,-72.06241354479425,-33.858646108578974,56517.8801131972,56480.51360811693,116.9630730393131,56238.3984375,-0.001295531415526926,0
2025-06-12 06:00:00+00:00,56238.3984375,56316.0,56229.0,56312.94921875,0.0,29.214019259454687,-84.59272519108345,-44.00546192507987,56491.262810749846,56471.01889554372,114.82285353650502,56275.3515625,0.0006570799671876769,1
2025-06-12 06:30:00+00:00,56275.3515625,56304.44921875,56197.30078125,56236.3984375,0.0,32.94790324706855,-90.49807362972932,-53.30398426600976,56470.69983472605,56463.34566679691,114.27468096246896,56247.44921875,-0.0004958182041565988,1
2025-06-12 07:00:00+00:00,56247.44921875,56333.55078125,56230.75,56271.6484375,0.0,31.592789540359348,-96.3192820374461,-61.90704382029704,56449.43787129976,56454.87913942252,113.4551166972926,56169.5,-0.0013858267322816792,0
2025-06-12 07:30:00+00:00,56169.5,56263.05078125,56154.69921875,56248.5,0.0,28.114012785324817,-106.00057351600115,-70.72574975943786,56422.777121652165,56443.68780062164,113.09057711177172,56070.3984375,-0.0017643305085500139,0
2025-06-12 08:00:00+00:00,56070.3984375,56196.3984375,56037.8515625,56166.6484375,0.0,24.430778756447808,-120.28318494772977,-80.63723679709625,56389.217246971006,56429.04900206785,116.33745553235944,56090.19921875,0.00035314144007860654,1
2025-06-12 08:30:00+00:00,56090.19921875,56127.05078125,55969.80078125,56069.6015625,0.0,26.502658823242783,-128.52296708144422,-90.21438285396584,56360.73933952139,56415.76077527107,119.2597801371909,56151.6015625,0.0010947071788875772,2
2025-06-12 09:00:00+00:00,56151.6015625,56205.69921875,56088.1484375,56089.1484375,0.0,32.667627689064574,-128.61579498300125,-97.89466527977292,56340.821455995545,56405.40159045652,119.13770878810584,55997.80078125,-0.0027390275071461816,0
2025-06-12 09:30:00+00:00,55997.80078125,56176.25,55980.44921875,56169.25,0.0,26.639939596907112,-139.49182452145033,-106.2140971281084,56308.15282030549,56389.41724499744,124.61364253538396,55437.69921875,-0.010002206420355375,0
2025-06-13 04:00:00+00:00,55437.69921875,55498.5,55331.6015625,55498.5,0.0,15.455575734384269,-191.1037463875109,-123.19202697998892,56225.25247730021,56352.094969458325,163.29832655071368,55505.6015625,0.0012248405815339868,2
2025-06-13 04:30:00+00:00,55505.6015625,55511.8515625,55376.1484375,55435.19921875,0.0,19.848870689044787,-223.9459056542255,-143.34280271483624,56156.71429493828,56318.89914957761,161.3272407256627,55532.8515625,0.0004909414407357816,1
2025-06-13 05:00:00+00:00,55532.8515625,55591.0,55483.69921875,55502.5,0.0,21.60937044052156,-244.95106285004292,-163.6644547418776,56097.29879661083,56288.07375400595,157.46820790597252,55478.1484375,-0.000985058815833252,0
2025-06-13 05:30:00+00:00,55478.1484375,55567.1015625,55419.0,55533.30078125,0.0,20.62976558533805,-262.98041178864514,-183.52764615123112,56038.33209574313,56256.31197688807,156.79916180554594,55482.8984375,8.5619295772843e-05,1
2025-06-13 06:00:00+00:00,55482.8984375,55542.55078125,55440.5,55476.05078125,0.0,20.964804691606872,-273.73012492528505,-201.56814190604192,55985.433652100925,56225.98203416697,152.88856319443553,55500.25,0.0003127371314161979,1
2025-06-13 06:30:00+00:00,55500.25,55553.6484375,55453.6015625,55482.8984375,0.0,22.25583168602309,-277.64866299615096,-216.7842461240637,55939.22568523417,56197.521954395714,149.114156894833,55482.55078125,-0.00031890340584051424,1
2025-06-13 07:00:00+00:00,55482.55078125,55509.5,55445.6015625,55493.1484375,0.0,21.863516607561976,-278.9665588437492,-229.22070866800084,55895.73283723568,56169.48386917431,143.0273197952021,55521.44921875,0.000701093171677779,1
2025-06-13 07:30:00+00:00,55521.44921875,55562.1015625,55440.0,55482.55078125,0.0,24.992882821409097,-273.71698298252886,-238.11996353090643,55860.08677833228,56144.07074562827,141.5326228455448,55555.19921875,0.0006078731818945817,1
2025-06-13 08:00:00+00:00,55555.19921875,55687.5,55515.1015625,55515.1015625,0.0,27.69855880095137,-263.7924778720844,-243.25446639914205,55831.04986789588,56120.97774457422,143.7373238922916,55565.55078125,0.0001863293201279049,1
2025-06-13 08:30:00+00:00,55565.55078125,55600.19921875,55533.6484375,55556.6484375,0.0,28.549879305074118,-252.18492070154755,-245.04055725962317,55805.76424059627,56099.1962950321,138.2239994178422,55416.69921875,-0.002678846162904019,0
2025-06-13 09:00:00+00:00,55416.69921875,55586.44921875,55376.19921875,55565.30078125,0.0,24.14695958354754,-252.0909772408486,-246.45064125586825,55768.71042899186,56072.43170380536,143.3687137451392,55577.1015625,0.0028944766832256323,2
2025-06-13 09:30:00+00:00,55577.1015625,55581.3515625,55413.3984375,55415.1484375,0.0,35.66156316395268,-236.3489146036518,-244.43029592542496,55750.46196551645,56053.00699238162,145.1247431204864,55428.75,-0.0026692928981402386,0
2025-06-16 04:00:00+00:00,55428.75,55514.8984375,55382.25,55481.5,0.0,30.977821164474094,-233.1562674992529,-242.17549024019056,55719.82273070536,56028.526326013714,148.67665879045165,55614.8515625,0.0033574915995760323,2
2025-06-16 04:30:00+00:00,55614.8515625,55633.6484375,55409.80078125,55426.1484375,0.0,41.37911849471241,-213.1521456368428,-236.37082131952104,55709.82547659056,56012.30378626808,154.046015751848,55660.0,0.0008118054122514767,1
2025-06-16 05:00:00+00:00,55660.0,55697.5,55601.94921875,55618.05078125,0.0,43.599655386689015,-191.4487315493534,-227.38640336548752,55705.08019310574,55998.48795151247,149.8677847160017,55678.3984375,0.00033055044017247576,1
2025-06-16 05:30:00+00:00,55678.3984375,55801.6484375,55648.3515625,55661.0,0.0,44.521908355921816,-170.79519864262693,-216.06816242091543,55702.53907352424,55985.93542155119,150.1127197362873,55744.55078125,0.0011881150608930892,2
2025-06-16 06:00:00+00:00,55744.55078125,55842.3984375,55677.8984375,55682.30078125,0.0,47.825422872654194,-147.3901616941439,-202.33256227556117,55706.54018854575,55976.46935722566,151.14038261226673,55752.30078125,0.0001390270419509194,1
2025-06-16 06:30:00+00:00,55752.30078125,55824.1484375,55737.6015625,55744.55078125,0.0,48.21447183930745,-126.75498845308904,-187.21704751106677,55710.89834023186,55967.6784326776,146.52656063996196,55832.25,0.0014340075230919913,2
2025-06-16 07:00:00+00:00,55832.25,55896.8515625,55745.5,55745.5,0.0,52.17621636330771,-102.76561318214226,-170.3267606452819,55722.45564116217,55962.367513749065,146.87120362996467,55877.5,0.000810463486604964,1
2025-06-16 07:30:00+00:00,55877.5,55914.19921875,55830.1484375,55831.80078125,0.0,54.30689414868845,-79.18971388801583,-152.09935129382865,55737.22177057529,55959.03937595498,142.38403060282434,55878.3515625,1.5239810299315467e-05,1
2025-06-16 08:00:00+00:00,55878.3515625,55944.0,55836.6484375,55876.30078125,0.0,54.3481148322442,-59.7481899238046,-133.62911901982383,55750.66270313956,55955.87514797636,139.8817114526226,55878.80078125,8.039226953528655e-06,1
2025-06-16 08:30:00+00:00,55878.80078125,55956.0,55871.3984375,55875.94921875,0.0,54.371499259613934,-43.79950053677021,-115.66319532321312,55762.86632962626,55952.85262379102,135.9331293845781,55914.69921875,0.000642433928396789,1
2025-06-16 09:00:00+00:00,55914.69921875,55924.30078125,55857.69921875,55880.0,0.0,56.2980106648726,-27.94125599664403,-98.11880745789932,55777.3266047809,55951.35641182862,130.98087460710823,55973.5,0.0010516158017761848,2
2025-06-16 09:30:00+00:00,55973.5,55999.1484375,55898.55078125,55917.80078125,0.0,59.32723421768391,-10.507625946716871,-80.59657115566283,55796.00978527796,55952.22478783535,128.81064472445763,55870.30078125,-0.0018437156645555485,0
2025-06-17 04:00:00+00:00,55870.30078125,56006.3984375,55815.6015625,55898.8984375,0.0,52.45504122314164,-4.961470270034624,-65.46955097853719,55803.08511822768,55949.012081694746,133.23823260128208,55888.80078125,0.00033112404517801657,1
2025-06-17 04:30:00+00:00,55888.80078125,55923.30078125,55788.8515625,55871.1484375,0.0,53.49501117581011,0.9161328415430036,-52.19241421452115,55811.248514706,55946.650854226325,133.32473161190478,55828.0,-0.0010878884570806162,0
2025-06-17 05:00:00+00:00,55828.0,55958.3515625,55823.69921875,55888.6484375,0.0,49.6511496004388,0.6604475119747804,-41.62184186922197,55812.84389425781,55941.99787955079,133.41956105034015,55815.55078125,-0.00022299238285448163,1
2025-06-17 05:30:00+00:00,55815.55078125,55829.8984375,55776.8984375,55827.0,0.0,48.87673371256316,-0.5405022905324586,-33.405573953484065,55813.101693018965,55937.0391698135,127.67530668960156,55760.1015625,-0.0009934367389352527,0
2025-06-17 06:00:00+00:00,55760.1015625,55820.0,55749.55078125,55816.94921875,0.0,45.47459656090902,-5.8985573091267725,-27.90417062461261,55808.05406154097,55930.10044011493,123.58772897963004,55708.55078125,-0.0009245101749360717,0
2025-06-17 06:30:00+00:00,55708.55078125,55780.8515625,55689.3515625,55759.30078125,0.0,42.51191602480444,-14.141556670605496,-25.15164783381119,55798.57755865612,55921.41221819866,121.29574833822788,55680.30078125,-0.0005071034805936504,1
2025-06-17 07:00:00+00:00,55680.30078125,55745.80078125,55654.0,55707.3515625,0.0,40.93789907535866,-22.692150966111512,-24.659748460271256,55787.31310366506,55911.95686773009,119.18896497478303,55672.1015625,-0.00014725528840463874,1
2025-06-17 07:30:00+00:00,55672.1015625,55704.19921875,55651.1015625,55678.44921875,0.0,40.46955411708117,-29.786803252151003,-25.685159418647206,55776.34057593505,55902.550777328914,114.4681572087271,55692.8515625,0.00037271810148401023,1
2025-06-17 08:00:00+00:00,55692.8515625,55712.44921875,55643.94921875,55670.80078125,0.0,42.26956624052033,-33.35057010586752,-27.21824155609127,55768.38924132218,55894.32727870817,111.18471740810377,55709.55078125,0.000299844922310356,1
2025-06-17 08:30:00+00:00,55709.55078125,55730.25,55666.8515625,55692.8515625,0.0,43.743810160753775,-34.430500246460724,-28.660693294165164,55762.78557845817,55887.08114155295,107.77141170038205,55729.3515625,0.00035542884428829913,1
2025-06-17 09:00:00+00:00,55729.3515625,55752.80078125,55679.25,55708.44921875,0.0,45.520329155402,-33.3046794848633,-29.589490532304797,55759.60138646215,55880.8956678646,105.32708095392618,55678.69921875,-0.0009088988536533361,0
2025-06-17 09:30:00+00:00,55678.69921875,55769.75,55660.1015625,55733.6484375,0.0,41.87716518098711,-36.08372848093131,-30.8883381220301,55751.89641810861,55872.966395350304,105.63574927864576,55838.80078125,0.0028754544331395806,2
2025-06-18 04:00:00+00:00,55838.80078125,55923.80078125,55784.19921875,55784.19921875,0.0,54.32136893492794,-25.078200874071623,-29.726310672438405,55760.17302412208,55871.62656734637,115.59759308017104,55825.30078125,-0.00024176736984174522,1
2025-06-18 04:30:00+00:00,55825.30078125,55933.44921875,55809.25,55841.69921875,0.0,53.28538899177575,-17.2467681236958,-27.230402162689884,55766.37566765808,55869.8098698524,116.21199491373024,55803.05078125,-0.0003985648028514177,1
2025-06-18 05:00:00+00:00,55803.05078125,55908.0,55762.8984375,55825.55078125,0.0,51.54072384495642,-12.689414622705954,-24.3222046546931,55769.868535619215,55867.1918663778,118.27553545560669,55690.6484375,-0.00201426879312784,0
2025-06-18 05:30:00+00:00,55690.6484375,55803.25,55674.05078125,55802.55078125,0.0,43.74795587702973,-17.940798536481452,-23.04592343105077,55762.323764369765,55860.2685946571,119.05579854806334,55653.44921875,-0.0006679616738840382,1
2025-06-18 06:00:00+00:00,55653.44921875,55718.5,55612.19921875,55690.3515625,0.0,41.51104816600585,-24.818136163674357,-23.400365977575493,55751.95476002502,55852.15803089603,118.14472588391595,55761.0,0.0019325088158914229,2
2025-06-18 06:30:00+00:00,55761.0,55799.69921875,55650.55078125,55651.8984375,0.0,49.543878574916825,-21.343986385400058,-22.989090059140405,55752.81621145121,55848.58320615502,120.35927671363623,55738.05078125,-0.0004115639739244275,1
2025-06-18 07:00:00+00:00,55738.05078125,55789.80078125,55712.30078125,55760.0,0.0,48.02812225875905,-20.20954476269253,-22.43318099985083,55751.40998000348,55844.24860125678,117.29789980551938,55768.94921875,0.000554350879998733,1
2025-06-18 07:30:00+00:00,55768.94921875,55776.8984375,55725.0,55738.25,0.0,50.2356735856815,-16.625596400022914,-21.271664079885248,55753.08038369362,55841.29568429573,112.62650964083944,55706.5,-0.0011197847480512333,0
2025-06-18 08:00:00+00:00,55706.5,55831.3984375,55681.8515625,55769.69921875,0.0,45.984318937785694,-18.609898222443007,-20.739310908396803,55748.64415667518,55836.00957902923,115.26367859506516,55683.8515625,-0.00040656723183111484,1
2025-06-18 08:30:00+00:00,55683.8515625,55714.05078125,55641.1015625,55708.6484375,0.0,44.51302930176746,-21.759184998147248,-20.943285726346893,55742.4734334204,55830.04259798887,112.24121717756051,55833.30078125,0.002683887959550661,2
2025-06-18 09:00:00+00:00,55833.30078125,55848.19921875,55675.75,55675.75,0.0,54.79188757893429,-12.056732001925411,-19.1659749814626,55751.12365702323,55830.17036988147,116.54178871844906,55802.8515625,-0.0005453594597478194,1
2025-06-18 09:30:00+00:00,55802.8515625,55858.94921875,55775.05078125,55856.75,0.0,52.65178708231564,-6.74669389090559,-16.682118763351195,55756.05012421149,55829.09904410181,114.21012077427412,55863.3984375,0.0010850139966805572,2
2025-06-19 04:00:00+00:00,55863.3984375,55941.94921875,55793.5,55872.3515625,0.0,56.30635815385381,2.320427921324153,-12.881609426416125,55766.27377309611,55830.44411835272,116.65577062968312,55773.94921875,-0.0016012133391790661,0
2025-06-19 04:30:00+00:00,55773.94921875,55863.3515625,55753.94921875,55862.19921875,0.0,50.14811369966748,2.262304450312513,-9.852826651070398,55767.00476792029,55828.2286320938,116.14101692399149,55727.1484375,-0.0008391154276424555,1
2025-06-19 05:00:00+00:00,55727.1484375,55775.69921875,55702.6015625,55772.94921875,0.0,47.23710190382796,-1.5424107842336523,-8.19074347770305,55763.20892692788,55824.26470289405,113.06649116156352,55632.0,-0.0017073982819471266,0
2025-06-19 05:30:00+00:00,55632.0,55747.55078125,55612.3515625,55726.75,0.0,41.91055215842446,-12.09592444908776,-8.971779671979993,55750.71283864904,55816.7249106237,114.64740027502329,55669.1484375,0.0006677530468075927,1
2025-06-19 06:00:00+00:00,55669.1484375,55694.05078125,55629.1484375,55633.94921875,0.0,44.540009372471694,-17.26309342355671,-10.630042422295338,55742.94480044436,55810.93759795219,111.09418195180731,55631.6484375,-0.0006736226626872408,1
2025-06-19 06:30:00+00:00,55631.6484375,55680.5,55625.3984375,55667.30078125,0.0,42.45103760987177,-24.10616776625102,-13.325267491086477,55732.34514683061,55803.90665048348,107.09470913382108,55634.3515625,4.858969805715637e-05,1
2025-06-19 07:00:00+00:00,55634.3515625,55636.3984375,55543.0,55630.30078125,0.0,42.659804192358855,-28.977202732559817,-16.455654539381143,55723.01242451341,55797.25743134687,106.1164040171196,55620.1484375,-0.00025529415911398044,1
2025-06-19 07:30:00+00:00,55620.1484375,55706.80078125,55596.55078125,55633.5,0.0,41.801738977009485,-33.596328957079095,-19.88378942292073,55713.21585432165,55790.31198060778,106.41166087303962,55653.80078125,0.0006050387259900055,1
2025-06-19 08:00:00+00:00,55653.80078125,55656.30078125,55592.69921875,55619.6015625,0.0,44.64286896221756,-34.14792089700495,-22.73661571773758,55707.55727593387,55784.95860024081,103.3537967035368,55636.94921875,-0.000302792662198147,1
2025-06-19 08:30:00+00:00,55636.94921875,55710.3515625,55613.05078125,55661.75,0.0,43.49773246680287,-35.53521391663526,-25.296335357517115,55700.83269905922,55779.15431077059,102.9214384568556,55647.80078125,0.0001950423711647898,1
2025-06-19 09:00:00+00:00,55647.80078125,55673.80078125,55576.30078125,55637.1015625,0.0,44.48526232424816,-35.35151298994606,-27.307370884002907,55695.78204022024,55774.003191965865,102.53419285279448,55497.05078125,-0.0027090019350916343,0
2025-06-19 09:30:00+00:00,55497.05078125,55648.8984375,55482.3984375,55648.69921875,0.0,35.26441603221757,-46.83036254323088,-31.211969215848505,55676.85525365164,55763.142313114266,107.10317907759487,55776.94921875,0.005043483096124548,2
2025-06-20 04:00:00+00:00,55776.94921875,55792.3984375,55668.75,55709.3984375,0.0,54.23299992356228,-32.96200336082984,-31.561976044844773,55686.38801223243,55763.683760394095,120.54921316133812,56000.0,0.003998977792335389,2
2025-06-20 04:30:00+00:00,56000.0,56034.5,55739.55078125,55775.69921875,0.0,63.42929893320071,-3.927619703841629,-26.035104776644143,55716.25582059125,55772.95106390805,133.00635641767113,56021.80078125,0.0003892996651785714,1
2025-06-20 05:00:00+00:00,56021.80078125,56118.80078125,55992.19921875,55998.30078125,0.0,64.1867547513292,20.603969639429124,-16.707289893429493,55745.35534065399,55782.709876352834,132.54887113783747,56129.8984375,0.0019295641115160177,2
2025-06-20 05:30:00+00:00,56129.8984375,56155.75,56019.94921875,56019.94921875,0.0,67.75322947861771,48.21224760478799,-3.7233823937859967,55781.97849273456,55796.32511404488,132.78115043156336,56110.05078125,-0.0003536022120563809,1
2025-06-20 06:00:00+00:00,56110.05078125,56198.3984375,56108.05078125,56128.6484375,0.0,66.4448478997995,67.70994867332047,10.563283819635297,55813.22347259317,55808.628081386254,129.7501865614517,56068.5,-0.0007405229664109448,1
2025-06-20 06:30:00+00:00,56068.5,56169.5,56062.6484375,56112.1484375,0.0,63.67272485269712,78.8997097107931,24.23056899786686,55837.53552282239,55818.81913701817,128.1145705570623,56135.19921875,0.0011896023391030615,2
2025-06-20 07:00:00+00:00,56135.19921875,56173.5,56027.44921875,56066.69921875,0.0,66.11652335094001,92.08820991438552,37.8020971811706,55865.88444624407,55831.22619904687,129.39572846370072,56216.3515625,0.0014456587823579664,2
2025-06-20 07:30:00+00:00,56216.3515625,56242.1015625,56104.5,56133.94921875,0.0,68.86124796424647,107.8453333939542,51.81074442372732,55899.26226683987,55846.32915447641,129.98185946629354,56166.94921875,-0.0008787895759310465,0
2025-06-20 08:00:00+00:00,56166.94921875,56230.1015625,56152.44921875,56218.8515625,0.0,65.38872709606942,115.02072370252426,64.45274027948672,55924.756262259885,55858.90249033028,126.24403691512973,56084.80078125,-0.0014625760993366664,0
2025-06-20 08:30:00+00:00,56084.80078125,56186.30078125,56082.55078125,56166.80078125,0.0,59.97293806760074,112.77853905878146,74.11790003534567,55939.9985974018,55867.76124683693,124.63731999262043,56120.6015625,0.0006383330376733503,1
2025-06-20 09:00:00+00:00,56120.6015625,56148.6484375,56067.0,56086.75,0.0,61.47065042319365,112.59251894977206,81.81282381823095,55957.19887979211,55877.67655333352,121.56668552886184,56216.5,0.0017087920448108614,2
2025-06-20 09:30:00+00:00,56216.5,56323.25,56107.1484375,56124.8984375,0.0,65.22430440077659,118.81368887634017,89.2129968298528,55981.89422457381,55890.96374732044,128.31917674108598,55843.8984375,-0.006627975105173748,0
2025-06-23 04:00:00+00:00,55843.8984375,55955.0,55790.1015625,55895.6484375,0.0,46.33581619177815,92.61062113929074,89.8925216917404,55968.75176866203,55889.11804889611,149.61055250957983,55898.80078125,0.0009831395243913034,2
2025-06-23 04:30:00+00:00,55898.80078125,55933.19921875,55782.80078125,55842.80078125,0.0,48.69352837908275,75.40543456594605,86.99510426658154,55962.08976986088,55889.49776389039,149.66683000889557,55930.8515625,0.0005733715357405434,1
2025-06-23 05:00:00+00:00,55930.8515625,55950.80078125,55879.6015625,55900.44921875,0.0,50.07257159566837,63.62302382254711,82.32068817777466,55959.11470249319,55891.11948148292,144.06200063326017,55906.19921875,-0.00044076467747772817,1
2025-06-23 05:30:00+00:00,55906.19921875,55942.3984375,55856.8984375,55930.3984375,0.0,48.98201882265823,51.700172897406446,76.19658512170102,55954.07513261288,55891.710843728695,139.8790005880273,55868.44921875,-0.000675238176222491,1
2025-06-23 06:00:00+00:00,55868.44921875,55949.1015625,55859.5,55907.55078125,0.0,47.28376626807495,38.75833615665033,68.70893532869088,55945.92028367356,55890.798623141294,136.28775501031106,55920.19921875,0.0009262830940120707,2
2025-06-23 06:30:00+00:00,55920.19921875,55950.5,55858.1484375,55871.8984375,0.0,49.85066567625526,32.30523516424728,61.42819529580217,55943.47065844274,55891.95158767497,133.14945554528884,55939.55078125,0.0003460567517705022,1
2025-06-23 07:00:00+00:00,55939.55078125,55970.0,55902.5,55919.75,0.0,50.81513043907663,28.424950367756537,54.82754631019304,55943.09733680534,55893.818222717135,128.46020872062536,56175.1484375,0.004211647268518437,2
2025-06-23 07:30:00+00:00,56175.1484375,56177.30078125,55929.3984375,55935.3515625,0.0,60.71969989494477,43.85502516688575,52.63304208153159,55965.197441633405,55904.850780159606,136.9917897941521,56143.94921875,-0.0005553918346065785,1
2025-06-23 08:00:00+00:00,56143.94921875,56204.6484375,56110.3515625,56202.05078125,0.0,59.02460276865696,52.95551617570163,52.69753690036559,55982.22142040641,55914.227189516096,133.94215302314123,56065.25,-0.001401739988816415,0
2025-06-23 08:30:00+00:00,56065.25,56231.8984375,56029.55078125,56148.25,0.0,54.863932584342464,53.20404847690224,52.79883921567292,55990.128904177225,55920.14965267233,138.82826039648828,56063.1015625,-3.832030535848855e-05,1
2025-06-23 09:00:00+00:00,56063.1015625,56096.5,56011.8984375,56065.75,0.0,54.75046937830809,52.62106824590592,52.763285021719526,55997.07868116035,55925.75560992048,134.9549248324534,56034.55078125,-0.0005092615366306688,1
2025-06-23 09:30:00+00:00,56034.55078125,56085.80078125,56021.55078125,56060.6015625,0.0,53.17660016593655,49.28709185984917,52.06804638934546,56000.647452597455,55930.02208722752,129.90457305870672,56567.6484375,0.009513731239340684,2
2025-06-24 04:00:00+00:00,56567.6484375,56668.19921875,56461.44921875,56614.44921875,0.0,70.32803759196605,88.63963459886145,59.382364031248656,56054.6475463977,55955.027042140166,165.88627766165624,56618.55078125,0.0008998490330783428,2
2025-06-24 04:30:00+00:00,56618.55078125,56708.1484375,56545.80078125,56568.75,0.0,71.40510234750244,122.52184639326153,72.01026050365124,56108.35261638363,55981.04758092879,165.63351898939507,56608.25,-0.0001819329726364392,1
2025-06-24 05:00:00+00:00,56608.25,56655.8515625,56487.19921875,56623.44921875,0.0,70.84467435246349,146.849763723425,86.97816114760599,56155.961891013765,56005.6437542257,165.84914932943826,56787.3515625,0.003163877394196076,2
2025-06-24 05:30:00+00:00,56787.3515625,56800.05078125,56592.3515625,56608.25,0.0,74.58038655511817,178.5239003641691,105.2873089909186,56216.09424067912,56036.298962393324,168.83844000233557,56787.1484375,-3.576940892840216e-06,1
2025-06-24 06:00:00+00:00,56787.1484375,56821.55078125,56747.1484375,56788.44921875,0.0,74.56871682341801,201.2891552779693,124.48767824832876,56270.48035466206,56065.74403984849,162.09300455574015,56772.55078125,-0.00025705915249585386,1
2025-06-24 06:30:00+00:00,56772.55078125,56860.8515625,56674.44921875,56787.6015625,0.0,73.6765015072748,215.6668023012826,142.72350305891953,56318.29658576568,56093.461951276,163.8293859267587,56692.3515625,-0.0014126407506158242,0
2025-06-24 07:00:00+00:00,56692.3515625,56786.5,56488.6484375,56772.1484375,0.0,68.80560909849908,218.0759407548685,157.79399059810933,56353.92086926418,56116.94781838283,173.4023985391331,56446.80078125,-0.004331285869828396,0
2025-06-24 07:30:00+00:00,56446.80078125,56703.3984375,56433.1015625,56694.30078125,0.0,56.49113876836899,197.89014997627964,165.8132224737434,56362.7665751676,56129.88322869135,180.32343257205216,56425.19921875,-0.00038268887166366064,1
2025-06-24 08:00:00+00:00,56425.19921875,56505.6015625,56278.3515625,56449.80078125,0.0,55.54925212495706,178.09671175971744,168.26992033093822,56368.71254122306,56141.46424790934,183.675330245477,56405.25,-0.00035355158734416854,1
2025-06-24 08:30:00+00:00,56405.25,56437.80078125,56282.80078125,56420.1015625,0.0,54.64314528585168,158.9680494189888,166.40954614854834,56372.192299201815,56151.80878720701,181.62709237080009,56442.94921875,0.0006683636496602709,1
2025-06-24 09:00:00+00:00,56442.94921875,56513.3515625,56402.30078125,56404.94921875,0.0,56.10045659914692,145.1769490874358,162.16302673632583,56378.931053444496,56163.22605903223,176.5859272907429,56471.3984375,0.0005040349440236079,1
2025-06-24 09:30:00+00:00,56471.3984375,56506.6484375,56433.1484375,56444.05078125,0.0,57.21757067752896,134.98697113151866,156.7278156153644,56387.73747097359,56175.31125034469,169.2226467699755,56599.44921875,0.002267533384917337,2
2025-06-25 04:00:00+00:00,56599.44921875,56663.5,56551.75,56558.8515625,0.0,61.91526766882899,135.67993424431916,152.51823934115535,56407.90049457134,56191.94411185078,170.85685503640585,56622.6015625,0.0004090559902892165,1
2025-06-25 04:30:00+00:00,56622.6015625,56642.19921875,56562.5,56602.8984375,0.0,62.71249161655526,136.52355459772662,149.3193023924696,56428.34821532645,56208.83263932722,164.34559530166257,56618.75,-6.802164495653996e-05,1
2025-06-25 05:00:00+00:00,56618.75,56646.75,56593.5,56622.6015625,0.0,62.47818502612682,135.321439580046,146.5197298299849,56446.4817186287,56224.90782994184,156.4101956372581,56606.80078125,-0.00021104702505795342,1
2025-06-25 05:30:00+00:00,56606.80078125,56626.8515625,56558.8515625,56617.44921875,0.0,61.70788772815207,131.8842728758318,143.59263843915429,56461.75020078311,56239.88402411079,150.09518166316826,56574.94921875,-0.0005626808450646493,1
2025-06-25 06:00:00+00:00,56574.94921875,56619.80078125,56570.1015625,56606.30078125,0.0,59.59857131472391,125.14751593804976,139.90361393893338,56472.5310596371,56253.02383566527,142.92404145508482,56559.19921875,-0.000278391765569277,1
2025-06-25 06:30:00+00:00,56559.19921875,56578.80078125,56519.94921875,56577.05078125,0.0,58.53311128876581,117.18683724390576,135.36025859992785,56480.7851700288,56265.0307134333,136.91886438686447,56606.25,0.0008318855623826114,1
2025-06-25 07:00:00+00:00,56606.25,56612.1015625,56551.69921875,56560.3515625,0.0,60.78832483687526,113.36771440952724,130.96174976184773,56492.73420145463,56278.411861926106,131.45339862708843,56623.1015625,0.0002976979132162968,1
2025-06-25 07:30:00+00:00,56623.1015625,56634.55078125,56556.6015625,56610.44921875,0.0,61.59396973340167,110.42786857735337,126.85497352494886,56505.15014060181,56291.92910508587,127.63167149301069,56588.6484375,-0.0006084641082751532,1
2025-06-25 08:00:00+00:00,56588.6484375,56643.3984375,56583.6015625,56622.1015625,0.0,58.92818863902614,104.1177358760542,122.30752599516994,56513.102359354016,56303.565157337405,122.78632888636707,56634.25,0.0008058429342125954,1
2025-06-25 08:30:00+00:00,56634.25,56646.3515625,56567.05078125,56589.05078125,0.0,61.31472349072644,101.62510429097892,118.17104165433176,56524.64022989173,56316.533190382994,119.68021834091228,56641.8515625,0.0001342220034696319,1
2025-06-25 09:00:00+00:00,56641.8515625,56681.05078125,56586.94921875,56635.75,0.0,61.71408916858319,99.1204594104638,114.36092520555816,56535.80321394966,56329.29077360327,117.85317149513284,56591.0,-0.0008977736620048366,0
2025-06-25 09:30:00+00:00,56591.0,56673.94921875,56564.30078125,56642.1015625,0.0,57.44199641833985,91.97201801507616,109.88314376746176,56541.060050716354,56339.55388052078,117.26711906690905,56777.44921875,0.0032946796973016912,2
2025-06-26 04:00:00+00:00,56777.44921875,56802.5,56666.3984375,56696.8984375,0.0,66.5775617590281,100.19671507834572,107.94585802963856,56563.5733048148,56356.726246725855,123.9980391335584,56691.30078125,-0.001517300243061124,0
2025-06-26 04:30:00+00:00,56691.30078125,56785.69921875,56631.94921875,56777.75,0.0,60.15247223794555,98.62648311847444,106.08198304740576,56575.73782638006,56369.84681670719,126.1231791954471,56587.1484375,-0.0018371838767976762,0
2025-06-26 05:00:00+00:00,56587.1484375,56743.75,56578.8515625,56688.25,0.0,53.43805581984171,87.96384680383926,102.45835579869244,56576.82455124862,56378.36844889515,128.89284050291516,56612.1484375,0.0004417964271094571,1
2025-06-26 05:30:00+00:00,56612.1484375,56640.75,56560.5,56596.05078125,0.0,54.74388890308577,80.6017944569976,98.08704353035348,56580.188730891605,56387.53629158554,125.41835189556409,56731.1015625,0.002101194324594917,2
2025-06-26 06:00:00+00:00,56731.1015625,56742.69921875,56614.44921875,56616.8984375,0.0,60.43031827034867,83.40440393504105,95.150515611291,56594.56138152097,56401.009439464535,125.78495399230953,56948.1484375,0.0038258886046991696,2
2025-06-26 06:30:00+00:00,56948.1484375,57033.6015625,56783.25,56795.8515625,0.0,68.2656066093154,101.96398368068913,96.51320922517064,56628.23633923326,56422.46587076005,138.4074572785731,56865.8984375,-0.0014442962985928948,0
2025-06-26 07:00:00+00:00,56865.8984375,56973.80078125,56804.5,56949.1484375,0.0,63.16158506428973,108.781728681628,98.96691311646212,56650.87082478248,56439.85538318122,140.61412327653218,56870.05078125,7.301992695259613e-05,1
2025-06-26 07:30:00+00:00,56870.05078125,56974.19921875,56822.6015625,56868.1015625,0.0,63.31072424742435,113.21483006491326,101.81649650615236,56671.74510635081,56456.72579094863,141.3986613460656,57037.44921875,0.002943525374083033,2
2025-06-26 08:00:00+00:00,57037.44921875,57040.0,56843.75,56872.8515625,0.0,68.79541365219868,128.75158166075562,107.203513537073,56706.57406943645,56479.499258705546,145.31661410706093,57161.5,0.002174900577587902,2
2025-06-26 08:30:00+00:00,57161.5,57193.30078125,57021.69921875,57037.6484375,0.0,72.12137390068868,149.35278461578855,115.63336775281611,56749.90034853774,56506.24438581513,147.19411042084226,57230.3984375,0.0012053294175275316,2
2025-06-26 09:00:00+00:00,57230.3984375,57245.3984375,57092.05078125,57155.44921875,0.0,73.79217284733187,169.287473858436,126.3641889739401,56795.66207129605,56534.64258392042,147.63364940863923,57173.8515625,-0.0009880566367496731,0
2025-06-26 09:30:00+00:00,57173.8515625,57250.75,57143.6484375,57232.80078125,0.0,70.07997850084445,178.46575632651366,136.7845024444548,56831.68011807738,56559.70960268825,144.73850034373643,57024.44921875,-0.0026131236512320632,0
2025-06-27 04:00:00+00:00,57024.44921875,57176.6484375,56995.05078125,57089.05078125,0.0,61.30493412635268,171.70478489749075,143.768558935062,56850.0390800462,56577.93468567107,147.37129719418382,57179.0,0.002710254695440052,2
2025-06-27 04:30:00+00:00,57179.0,57215.69921875,57008.75,57021.05078125,0.0,66.04187095792435,176.7798150753515,150.37081016311993,56881.368691470365,56601.50587446828,151.62686301959926,57303.75,0.0021817450462582417,2
2025-06-27 05:00:00+00:00,57303.75,57340.19921875,57177.3984375,57177.6484375,0.0,69.30791766010897,188.69296048450636,158.03524022739722,56921.5954827589,56629.04485978326,152.42500003605645,57289.8984375,-0.0002417217459590341,1
2025-06-27 05:30:00+00:00,57289.8984375,57325.94921875,57251.5,57307.1015625,0.0,68.5198958719253,194.7713063408592,165.3824534500896,56956.67195463901,56654.96068636039,146.85530137276672,57357.44921875,0.001179104573272966,2
2025-06-27 06:00:00+00:00,57357.44921875,57381.0,57275.80078125,57290.69921875,0.0,70.29375615538407,202.7025934067642,172.84648144142452,56994.84121788768,56682.509256258025,143.87986689971197,57340.44921875,-0.0002963869598727334,1
2025-06-27 06:30:00+00:00,57340.44921875,57387.30078125,57315.69921875,57357.75,0.0,69.23640081814598,205.25043833410015,179.32727281995966,57027.75626558885,56708.31082341457,138.71713087116112,57385.55078125,0.0007865575368609433,1
2025-06-27 07:00:00+00:00,57385.55078125,57413.0,57329.94921875,57340.6484375,0.0,70.50403564075762,208.50542224202215,185.16290270437216,57061.83193374705,56734.86925313361,134.74096304107815,57384.19921875,-2.3552313807217232e-05,1
2025-06-27 07:30:00+00:00,57384.19921875,57405.25,57341.6484375,57387.3984375,0.0,70.41040390352738,208.5716761899239,189.8446574014825,57092.533579937815,56760.333173353865,129.65957728814402,57402.8515625,0.0003250432001132716,1
2025-06-27 08:00:00+00:00,57402.8515625,57435.8515625,57367.6484375,57384.05078125,0.0,70.98312309010399,207.7346356084745,193.4226530428809,57122.08767351517,56785.52997292822,125.26983069613372,57341.30078125,-0.001072259993616933,0
2025-06-27 08:30:00+00:00,57341.30078125,57414.94921875,57312.25,57404.75,0.0,66.41484334538964,199.8014544764737,194.69841332959948,57142.96511234706,56807.3249065879,123.65764412855276,57408.19921875,0.0011666710832949063,2
2025-06-27 09:00:00+00:00,57408.19921875,57423.55078125,57326.25,57345.30078125,0.0,68.76756485068638,196.64568701434476,195.0878680665485,57168.22550343305,56830.88860510406,121.77501106579898,57399.94921875,-0.000143707695281713,1
2025-06-27 09:30:00+00:00,57399.94921875,57472.75,57380.1484375,57414.44921875,0.0,68.13368394032925,191.27412348116923,194.32511914947267,57190.29442870134,56853.20470759998,119.69119331109904,57347.1484375,-0.0009198750516098426,0
2025-06-30 04:00:00+00:00,57347.1484375,57453.6484375,57338.30078125,57434.1484375,0.0,64.06357282117108,180.67384330867208,191.59486398131256,57205.23290572978,56872.575049949,119.38094066387768,57363.3984375,0.0002833619533447268,1
2025-06-30 04:30:00+00:00,57363.3984375,57470.05078125,57323.80078125,57347.75,0.0,64.76126271578639,171.60611561444966,187.59711430794,57220.2962897079,56891.82302593139,121.3001591878864,57358.3515625,-8.798075318879158e-05,1
2025-06-30 05:00:00+00:00,57358.3515625,57404.25,57297.80078125,57366.5,0.0,64.343446088529,162.1435455906103,182.5064005644741,57233.4444109262,56910.11826265958,120.23937772803738,57371.30078125,0.00022575995294931033,1
2025-06-30 05:30:00+00:00,57371.30078125,57415.55078125,57332.25,57358.6015625,0.0,64.96795918685352,153.9150475452625,176.78812996063178,57246.57358905227,56928.20385162391,117.60090655103473,57420.8984375,0.0008645029060629113,2
2025-06-30 06:00:00+00:00,57420.8984375,57435.3515625,57362.3515625,57371.69921875,0.0,67.32830745468314,149.67070914738724,171.3646457979829,57263.1759555711,56947.52520793278,114.41512751167512,57466.3515625,0.0007915780880627222,1
2025-06-30 06:30:00+00:00,57466.3515625,57524.75,57417.8515625,57422.25,0.0,69.36539727469216,148.26561400206992,166.7448394388003,57282.526013373856,56967.87133948443,113.87822108226976,57367.1015625,-0.0017270976371634868,0
2025-06-30 07:00:00+00:00,57367.1015625,57483.75,57363.1015625,57467.30078125,0.0,60.49559837748819,137.55774043805286,160.90741963865082,57290.58082757634,56983.52742666152,114.36180796925048,57368.44921875,2.349179605198918e-05,1
2025-06-30 07:30:00+00:00,57368.44921875,57388.05078125,57310.6484375,57366.3984375,0.0,60.56932738341973,127.70827657236076,154.26759102539282,57297.99686483098,56998.62239890028,111.721846239304,57292.8515625,-0.0013177566638020966,0
2025-06-30 08:00:00+00:00,57292.8515625,57381.25,57248.0,57366.6015625,0.0,54.43223142484379,112.50551291323792,145.91517540296184,57297.50683603755,57010.16079747281,113.25957150792514,57232.3515625,-0.0010559781604516816,0
2025-06-30 08:30:00+00:00,57232.3515625,57302.3515625,57211.44921875,57292.3984375,0.0,50.06065183231641,94.48619081093057,135.6293784845556,57291.30157189112,57018.874160807216,111.66262666807334,57318.05078125,0.0014973911854104587,2
2025-06-30 09:00:00+00:00,57318.05078125,57334.25,57196.19921875,57232.05078125,0.0,55.51118806778582,86.12812751639285,125.72912829092306,57293.84911563958,57030.60657729517,113.54749485249668,57278.1484375,-0.0006961566767558839,1
2025-06-30 09:30:00+00:00,57278.1484375,57341.0,57261.1484375,57315.5,0.0,52.63085309549311,75.4151772569603,115.66633808413052,57292.35381295963,57040.31410122477,111.14064254160408,57295.5,0.00030293511528106475,1
2025-07-01 04:00:00+00:00,57295.5,57349.44921875,57253.0,57335.3984375,0.0,53.75456810445397,67.54657816758845,106.0423861008221,57292.65344982061,57050.32139137282,110.09125512791806,57236.1015625,-0.0010367033623932072,0
2025-07-01 04:30:00+00:00,57236.1015625,57300.1015625,57175.25,57294.0,0.0,49.43155999732576,55.87362286203279,96.00863345306423,57287.26755579007,57057.60688827976,111.14556279735248,57181.30078125,-0.0009574513244959441,0
2025-07-01 05:00:00+00:00,57181.30078125,57262.80078125,57175.6484375,57238.1484375,0.0,45.77404295492359,41.71983632221964,85.15087402689534,57277.17548202435,57062.45762918056,109.4317614368273,57212.1015625,0.0005386512868573936,1
2025-07-01 05:30:00+00:00,57212.1015625,57238.6484375,57151.75,57182.0,0.0,48.09850047273445,32.61228997253784,74.64315721602384,57270.97796587917,57068.326018722495,107.82223829848247,57263.55078125,0.0008992716111607178,2
2025-07-01 06:00:00+00:00,57263.55078125,57269.94921875,57200.0,57215.0,0.0,51.81415718328985,29.209309114841744,65.55638759578743,57270.27061496211,57075.98189176279,105.11702261644804,57360.5,0.0016930354025783607,2
2025-07-01 06:30:00+00:00,57360.5,57360.6484375,57232.75,57266.1484375,0.0,57.92658389955602,33.9441272136246,59.23393551935487,57278.863889727625,57087.139464634834,106.74426653670174,57416.0,0.0009675647876151708,2
2025-07-01 07:00:00+00:00,57416.0,57447.25,57329.0,57361.25,0.0,60.97823232114846,41.69426529997872,55.726001475479634,57291.92447165833,57100.03595621778,107.56610464122303,57426.94921875,0.0001906997831614881,1
2025-07-01 07:30:00+00:00,57426.94921875,57460.5,57405.55078125,57416.1484375,0.0,61.5704305087358,48.16460443830147,54.21372206804401,57304.78397138135,57112.85608416022,103.80775564899284,57467.19921875,0.0007008904451232507,1
2025-07-01 08:00:00+00:00,57467.19921875,57479.69921875,57401.5,57427.3984375,0.0,63.74841399354483,55.89590029381361,54.55015771319793,57320.25209017836,57126.75189335982,101.97857444192194,57494.3515625,0.0004724842017555803,1
2025-07-01 08:30:00+00:00,57494.3515625,57533.3515625,57457.6015625,57469.6484375,0.0,65.18198494914469,63.48219198636798,56.33656456783194,57336.83299230423,57141.16756665943,100.10510483892752,57453.94921875,-0.0007027184871557355,1
2025-07-01 09:00:00+00:00,57453.94921875,57500.0,57420.44921875,57493.80078125,0.0,61.297622630120365,65.47944504195038,58.16514066265563,57347.9869186324,57153.43351380024,98.63693886828985,57442.69921875,-0.00019580899403741218,1
2025-07-01 09:30:00+00:00,57442.69921875,57501.30078125,57406.80078125,57455.0,0.0,60.22146932258216,65.4006040451277,59.612233339150045,57357.00713769122,57164.77726693553,98.34144323484055,57268.55078125,-0.003031689664108887,0
2025-07-02 04:00:00+00:00,57268.55078125,57371.0,57236.1484375,57351.80078125,0.0,46.58678718992106,50.70134495594539,57.83005566250911,57348.58272279205,57168.846816516496,106.0706816644948,57271.3984375,4.972460820385098e-05,1
2025-07-02 04:30:00+00:00,57271.3984375,57282.44921875,57174.19921875,57267.69921875,0.0,46.79890002369016,38.83420178115921,54.030884886239136,57341.231838478525,57172.86844871193,106.22634725988804,57244.6484375,-0.0004670743290683245,1
2025-07-02 05:00:00+00:00,57244.6484375,57271.75,57185.6484375,57271.3984375,0.0,44.99143862356357,26.96012434471777,48.61673277793487,57332.03341933772,57175.68335023304,104.78886263418174,57204.94921875,-0.0006935009618120689,1
2025-07-02 05:30:00+00:00,57204.94921875,57248.8984375,57140.3984375,57242.55078125,0.0,42.37570690146556,14.182945092856244,41.729975240919146,57319.93016213889,57176.83103135134,105.05394387459732,57173.05078125,-0.0005576167435796741,1
2025-07-02 06:00:00+00:00,57173.05078125,57209.94921875,57138.69921875,57208.75,0.0,40.34598839392014,1.4661008631373988,33.67720036536279,57305.94164967328,57176.68278624933,102.63937645498322,57158.55078125,-0.00025361599218272433,1
2025-07-02 06:30:00+00:00,57158.55078125,57176.8515625,57120.30078125,57175.3515625,0.0,39.42163765482474,-9.67064149192447,25.007631993905346,57291.90442410916,57175.97172722975,99.34733394034156,57065.75,-0.0016235677773769222,0
2025-07-02 07:00:00+00:00,57065.75,57177.6484375,57045.25,57159.75,0.0,34.04556325117409,-25.68871401805518,14.868362791513238,57270.36590752734,57171.64930655408,101.70812705174572,56919.44921875,-0.002563723095727297,0
2025-07-02 07:30:00+00:00,56919.44921875,57119.0,56907.6015625,57061.19921875,0.0,27.64489581722134,-49.61645465512993,1.9713993021846044,57236.945270500924,57161.75910703235,109.54314922662104,56905.6015625,-0.00024328514137200054,1
2025-07-02 08:00:00+00:00,56905.6015625,56951.30078125,56852.5,56918.1484375,0.0,27.125079308428724,-68.90248665392573,-12.203377889037464,57205.388726881785,57151.71371312912,108.77583722829095,56880.8984375,-0.00043410708826034124,1
2025-07-02 08:30:00+00:00,56880.8984375,56921.3515625,56861.25,56902.6015625,0.0,26.17937642466947,-85.19803181931638,-26.80230867509325,57174.4848897978,57141.0935062417,105.29910331912733,56962.30078125,0.0014311015821848146,2
2025-07-02 09:00:00+00:00,56962.30078125,56962.30078125,56834.1015625,56880.8984375,0.0,34.307148344239835,-90.50064483414462,-39.54197590690353,57154.27687945991,57134.082026830256,106.93482584990394,56972.1484375,0.00017288024035085156,1
2025-07-02 09:30:00+00:00,56972.1484375,57066.1015625,56951.80078125,56962.8515625,0.0,35.23613022580027,-92.83819932059124,-50.20122058964107,57136.93131355897,57127.73168999378,107.46096552133938,57150.69921875,0.003134001194388431,2
2025-07-03 04:00:00+00:00,57150.69921875,57166.75,56901.55078125,56901.55078125,0.0,49.24951088262371,-79.36826431059308,-56.03462933383148,57138.24254262478,57128.63237739598,118.72798360910085,57125.3984375,-0.00044270291695222726,1
2025-07-03 04:30:00+00:00,57125.3984375,57190.19921875,57095.19921875,57149.94921875,0.0,47.675308726887245,-69.92871072087291,-58.81344561123977,57137.01929451766,57128.50555622359,117.0331276370222,57067.8984375,-0.0010065575308487317,0
2025-07-03 05:00:00+00:00,57067.8984375,57158.44921875,57061.44921875,57126.30078125,0.0,44.21624151166178,-66.32303527910699,-60.31536354481322,57130.43635575408,57126.12880646972,115.60218994866348,57062.80078125,-8.932616040842796e-05,1
2025-07-03 05:30:00+00:00,57062.80078125,57156.6484375,57062.80078125,57069.55078125,0.0,43.91205730843887,-63.148908462586405,-60.88207252836786,57123.99487246798,57123.64535450032,114.04829468447323,56999.19921875,-0.0011145888675148687,0
2025-07-03 06:00:00+00:00,56999.19921875,57111.3515625,56956.69921875,57070.1015625,0.0,40.19649192897249,-65.01604020505329,-61.70886606370495,57112.109572113884,57118.765113882655,116.94858390343944,56993.8984375,-9.299746878297016e-05,1
2025-07-03 06:30:00+00:00,56993.8984375,57011.8515625,56949.8515625,56999.25,0.0,39.89352147501823,-66.16082351945806,-62.599257554855576,57100.851368817326,57113.86838147549,113.02368505319374,57000.6015625,0.000117611273904183,1
2025-07-03 07:00:00+00:00,57000.6015625,57048.3984375,56971.1015625,56994.25,0.0,40.50421100265034,-65.76904180260317,-63.233214404405096,57091.30376821567,57109.42654543724,110.4717700493942,56958.30078125,-0.0007421111372591052,1
2025-07-03 07:30:00+00:00,56958.30078125,57003.5,56907.25,57001.55078125,0.0,37.88809097756786,-68.08700686144584,-64.20397289581325,57078.63681707608,57103.50004488088,109.45592933158034,56958.44921875,2.6060731792206814e-06,1
2025-07-03 08:00:00+00:00,56958.44921875,57116.1484375,56918.30078125,56958.80078125,0.0,37.90324773503498,-69.11531487779575,-65.18624129220976,57067.190379140266,57097.81177718948,115.76962411146744,56864.1015625,-0.0016564295121107677,0
2025-07-03 08:30:00+00:00,56864.1015625,56974.8515625,56836.44921875,56957.94921875,0.0,32.4782858460475,-76.65963915124303,-67.48092086401641,57047.84858707929,57088.64667073106,117.3862469427912,56790.3515625,-0.0012969518197511749,0
2025-07-03 09:00:00+00:00,56790.3515625,56875.75,56767.44921875,56868.8515625,0.0,28.98589691657781,-87.58001128400065,-71.50073894801326,57023.32506092887,57076.948823349456,116.73728510759184,56772.75,-0.00030993931214933217,1
2025-07-03 09:30:00+00:00,56772.75,56847.1015625,56765.80078125,56793.0,0.0,28.20633599764585,-96.54190883776756,-76.50897292596413,56999.46076941184,57065.01945772791,114.20610626062098,56785.19921875,0.00021928158755741092,1
2025-07-04 04:00:00+00:00,56785.19921875,56876.19921875,56680.19921875,56860.05078125,0.0,29.64751627236268,-101.47004578060296,-81.5011874968919,56979.05490744405,57054.0461150229,120.0485272420052,56833.44921875,0.0008496932416161754,1
2025-07-04 04:30:00+00:00,56833.44921875,56848.1015625,56754.44921875,56784.44921875,0.0,35.086377057146834,-100.32576508589408,-85.26610301469233,56965.187698997,57045.39525634553,118.16308556400485,56865.8515625,0.0005701280530288508,1
2025-07-04 05:00:00+00:00,56865.8515625,56888.6015625,56814.8984375,56833.44921875,0.0,38.5235477172589,-95.70113295943156,-87.35310900364018,56955.72711456871,57038.354327175126,114.98737409514732,56811.6015625,-0.0009539996062553469,0
2025-07-04 05:30:00+00:00,56811.6015625,56898.19921875,56782.94921875,56866.30078125,0.0,35.16618329664445,-95.31486980667978,-88.9454611642481,56942.00087151455,57029.46206189375,115.00613308835108,56650.1484375,-0.0028419041280218263,0
2025-07-04 06:00:00+00:00,56650.1484375,56814.30078125,56637.55078125,56810.44921875,0.0,27.48816208547724,-106.80548420486592,-92.51746577237168,56914.20540160839,57014.58701779988,119.41640929632602,56632.8515625,-0.0003053279731311384,1
2025-07-04 06:30:00+00:00,56632.8515625,56691.05078125,56623.6015625,56650.69921875,0.0,26.81274624024488,-115.97075350026716,-97.2081233179508,56887.40979788378,56999.616999944985,115.7044671144456,56678.25,0.0008016272578098649,1
2025-07-04 07:00:00+00:00,56678.25,56712.05078125,56631.8515625,56633.3984375,0.0,31.56563577950472,-118.20838823598024,-101.4081763015567,56867.48981713295,56987.01437249617,113.1683779455566,56756.30078125,0.0013770852355180338,2
2025-07-04 07:30:00+00:00,56756.30078125,56769.1484375,56666.25,56670.8515625,0.0,38.91089405422923,-112.388143576085,-103.60416975646235,56856.900385144094,56977.9667806826,112.434810770874,56826.44921875,0.0012359585902253557,2
2025-07-04 08:00:00+00:00,56826.44921875,56838.19921875,56735.6015625,56755.6015625,0.0,44.65996531735347,-100.95145951403538,-103.07362770797695,56854.00027405894,56972.024915508766,111.73215687652586,56826.94921875,8.798719731287099e-06,1
2025-07-04 08:30:00+00:00,56826.94921875,56872.19921875,56776.75,56826.25,0.0,44.69991344415312,-90.8007644852114,-100.61905506342386,56851.42398307714,56966.33567249862,110.5690898674883,57032.05078125,0.0036092305731648695,2
2025-07-04 09:00:00+00:00,57032.05078125,57056.30078125,56814.1484375,56821.19921875,0.0,58.07073026874415,-65.45179599271069,-93.58560324928123,56868.62653528408,56968.91273558691,119.96789371623912,57044.80078125,0.00022355850482921302,1
2025-07-04 09:30:00+00:00,57044.80078125,57072.19921875,56997.8984375,57030.69921875,0.0,58.73861547509762,-43.82850961263466,-83.63418452195192,56885.40503489988,56971.88873737762,116.70595711150776,56955.94921875,-0.001557575121363287,0
2025-07-07 04:00:00+00:00,56955.94921875,57044.6484375,56900.75,56963.05078125,0.0,52.46660136996914,-33.47559211128828,-73.60246603981919,56892.12352859989,56971.26365821576,118.6591588356858,56904.3984375,-0.0009050991504330752,0
2025-07-07 04:30:00+00:00,56904.3984375,56980.55078125,56854.05078125,56956.1015625,0.0,49.18510598650558,-29.09515676565934,-64.70100418498723,56893.29256754276,56968.6414926975,119.2192189188511,57100.44921875,0.0034452658605174276,2
2025-07-07 05:00:00+00:00,57100.44921875,57116.0,56896.94921875,56901.05078125,0.0,59.54735068433183,-9.69224445195141,-53.69925223838007,56913.02177241964,56973.810423130926,126.35004479964743,56970.30078125,-0.0022792892049133535,0
2025-07-07 05:30:00+00:00,56970.30078125,57152.19921875,56962.3515625,57106.3984375,0.0,51.97071239797604,-4.762291135491978,-43.91186001780245,56918.47691611777,56973.67279011599,130.88558847467263,56954.19921875,-0.00028263081428735106,1
2025-07-07 06:00:00+00:00,56954.19921875,57004.8515625,56932.6015625,56967.6015625,0.0,51.10437720477621,-2.1299761025438784,-35.55548323475074,56921.879040177984,56972.90912065066,126.69733215505316,56949.30078125,-8.600660824298582e-05,1
2025-07-07 06:30:00+00:00,56949.30078125,56968.6484375,56881.30078125,56955.05078125,0.0,50.82679333214441,-0.4341063348110765,-28.53120785476281,56924.4906345658,56971.98330341926,123.88664101897793,56871.75,-0.0013617512451624839,0
2025-07-07 07:00:00+00:00,56871.75,56969.80078125,56848.75,56949.75,0.0,46.518773666619815,-5.286873467382975,-23.882340977286844,56919.4677169881,56968.052585638114,123.68407960690809,56941.05078125,0.0012185449058627527,2
2025-07-07 07:30:00+00:00,56941.05078125,56985.19921875,56838.8515625,56862.6015625,0.0,50.55215232202284,-3.500382278187317,-19.80594923746694,56921.5232469178,56966.99369134839,125.30290650998607,56955.80078125,0.00025903982799096846,1
2025-07-07 08:00:00+00:00,56955.80078125,56978.44921875,56909.30078125,56936.80078125,0.0,51.39240583681478,-0.8841811210804735,-16.02159561418965,56924.78777399706,56966.55475369747,121.29187300927278,56950.8984375,-8.607277367284184e-05,1
2025-07-07 08:30:00+00:00,56950.8984375,57029.5,56944.19921875,56960.05078125,0.0,51.08171756447203,0.7845551116479328,-12.660365469022134,56927.27450385448,56965.94078051326,118.7210807407533,56912.25,-0.0006786273537442821,1
2025-07-07 09:00:00+00:00,56912.25,56961.30078125,56856.1015625,56948.30078125,0.0,48.58788785051175,-1.0000374993105652,-10.32829987507982,56925.84359872548,56963.835259708816,117.75523345569948,56919.8515625,0.0001335663675219307,1
2025-07-07 09:30:00+00:00,56919.8515625,56977.3984375,56908.1015625,56910.19921875,0.0,49.11409221220955,-1.7804337044799468,-8.618726640959848,56925.27292860876,56962.11040883788,114.29392213743525,57123.25,0.003573418270015363,2
2025-07-08 04:00:00+00:00,57123.25,57257.55078125,57116.3984375,57120.19921875,0.0,60.70372770225456,13.853950991804597,-4.12419111440696,56944.12788778888,56968.42960849129,130.25144332404702,57195.3515625,0.0012622104397071246,2
2025-07-08 04:30:00+00:00,57195.3515625,57206.8515625,57096.94921875,57123.8984375,0.0,63.8471087646373,31.69692460294027,3.0400320290624863,56968.05395204709,56977.3285086485,128.79793621161508,57164.6484375,-0.0005368115443166614,1
2025-07-08 05:00:00+00:00,57164.6484375,57220.5,57110.3515625,57194.0,0.0,61.587863382007846,42.86599168171233,11.005223959592456,56986.777236375936,56984.67438821131,127.46582916078545,57136.25,-0.0004967832091375311,1
2025-07-08 05:30:00+00:00,57136.25,57178.1484375,57060.69921875,57160.6015625,0.0,59.49100070164877,48.86278151059378,18.576735469792723,57001.01273767347,56990.61852985008,126.75035698858646,57117.8515625,-0.0003220098886433744,1
2025-07-08 06:00:00+00:00,57117.8515625,57162.0,57072.5,57135.69921875,0.0,58.11061173455899,51.53659868125396,25.16870811208497,57012.14024479981,56995.60806054223,124.08961720368742,57139.3984375,0.00037723538982244084,1
2025-07-08 06:30:00+00:00,57139.3984375,57175.80078125,57097.19921875,57120.75,0.0,59.30162156130291,54.76299704935809,31.0875658995396,57024.260072676014,57001.246898854304,120.84047043913831,57104.6484375,-0.0006081618104189549,1
2025-07-08 07:00:00+00:00,57104.6484375,57200.0,57100.25,57136.6484375,0.0,56.51100873306039,53.89464252808102,35.64898122524789,57031.91610742116,57005.30186115413,119.33400826491416,57145.5,0.0007153806847215125,1
2025-07-08 07:30:00+00:00,57145.5,57169.1015625,57076.6484375,57105.1015625,0.0,58.95623342660102,55.85893793131254,39.69097256646082,57042.733621000094,57010.79982738339,117.41394517456315,57119.30078125,-0.00045846512411300977,1
2025-07-08 08:00:00+00:00,57119.30078125,57158.30078125,57098.69921875,57146.75,0.0,56.75235478034347,54.67138055001851,42.68705416317236,57050.025731500085,57015.05476675071,113.28448926923724,57097.1015625,-0.00038864654234855623,1
2025-07-08 08:30:00+00:00,57097.1015625,57140.25,57074.30078125,57120.55078125,0.0,54.88034208294678,51.34704457550106,44.419052245638106,57054.50914397627,57018.27228815264,109.90339851786314,57182.44921875,0.0014947808892991914,2
2025-07-08 09:00:00+00:00,57182.44921875,57194.44921875,57082.19921875,57097.05078125,0.0,60.30200012547022,54.96571638093883,46.52838507269825,57066.69391300234,57024.71059915646,110.07101290944432,57240.8515625,0.0010213333732275673,2
2025-07-08 09:30:00+00:00,57240.8515625,57302.1015625,57172.80078125,57187.25,0.0,63.5313108647468,61.83334460308106,49.589376978774816,57083.28035581164,57033.18671536601,111.4445677909126,57149.25,-0.0016002830146575006,0
2025-07-09 04:00:00+00:00,57149.25,57160.1484375,57047.75,57085.05078125,0.0,55.8564295054554,59.202064354292816,51.51191445387842,57089.56317906767,57037.73821672421,117.27721027013312,57140.80078125,-0.0001478447879893437,1
2025-07-09 04:30:00+00:00,57140.80078125,57217.8984375,57098.55078125,57150.30078125,0.0,55.19409884899383,55.79184084764711,52.36789973263216,57094.44295070408,57041.7798859213,117.42509926869504,57161.30078125,0.0003587629105598185,1
2025-07-09 05:00:00+00:00,57161.30078125,57192.8984375,57127.80078125,57142.0,0.0,56.54060202585404,54.119536495170905,52.71822708513992,57100.81036313702,57046.46697985576,113.68742476735969,57177.3515625,0.0002807980404684031,1
2025-07-09 05:30:00+00:00,57177.3515625,57217.0,57144.55078125,57157.8515625,0.0,57.61462891401703,53.47298388003401,52.86917844411874,57108.10000117159,57051.5997085869,110.74183862326257,57130.6015625,-0.0008176314348680182,1
2025-07-09 06:00:00+00:00,57130.6015625,57193.8515625,57097.19921875,57178.6015625,0.0,53.46976880918808,48.62770210031886,52.02088317535877,57110.24300701239,57054.69782050507,109.73544613231525,57227.6015625,0.0016978641454332226,2
2025-07-09 06:30:00+00:00,57227.6015625,57246.25,57115.6484375,57130.1015625,0.0,59.91366150454253,52.01527105239074,52.01976075076517,57121.42001229693,57061.47835940683,111.22588301572128,57253.30078125,0.0004490703445248025,1
2025-07-09 07:00:00+00:00,57253.30078125,57258.75,57185.6015625,57227.1015625,0.0,61.43740616861938,56.12666279771656,52.84114116015545,57133.98008553055,57069.00080732224,108.50606547888404,57255.44921875,3.752512904380172e-05,1
2025-07-09 07:30:00+00:00,57255.44921875,57290.6484375,57174.5,57249.0,0.0,61.56892436211171,58.8796039053268,54.04883370918972,57145.5485744086,57076.31250973118,109.05194919467804,57230.3984375,-0.00043752658640911293,1
2025-07-09 08:00:00+00:00,57230.3984375,57264.80078125,57191.8515625,57255.55078125,0.0,59.040483859598375,58.36712103916216,54.912491175184215,57153.62951375064,57082.35509513388,106.47318273434392,57212.05078125,-0.0003205928449028195,1
2025-07-09 08:30:00+00:00,57212.05078125,57246.8515625,57187.0,57235.44921875,0.0,57.18805928162204,55.83682004954608,55.097356950056586,57159.19344398868,57087.44120047177,103.14306700331932,57170.75,-0.0007218895440038208,1
2025-07-09 09:00:00+00:00,57170.75,57230.0,57154.5,57212.25,0.0,53.14581934197886,49.92342424514936,54.06257040907515,57160.29406837071,57090.70821221798,101.16856221736796,57187.8515625,0.00029913133026941225,1
2025-07-09 09:30:00+00:00,57187.8515625,57230.69921875,57165.8515625,57165.8515625,0.0,54.57751219036133,46.08572113065748,52.46720055339162,57162.91859162111,57094.51775536629,98.57421179112738,57200.55078125,0.0002220614763980276,1
2025-07-10 04:00:00+00:00,57200.55078125,57264.8515625,57152.80078125,57249.19921875,0.0,55.66097386468646,43.56682336425001,50.687125115563305,57166.50260968101,57098.675913244086,99.53682389533256,57257.80078125,0.001000864488507097,2
2025-07-10 04:30:00+00:00,57257.80078125,57272.69921875,57135.80078125,57200.55078125,0.0,60.26273222069999,45.66379151462024,49.682458395374695,57175.19767363997,57104.91610414628,102.20551058138024,57167.55078125,-0.0015762044432128073,0
2025-07-10 05:00:00+00:00,57167.55078125,57280.1015625,57160.44921875,57257.3984375,0.0,51.23531573492198,39.58689999124181,47.663346714548126,57174.46939817426,57107.37236599349,103.45171295056736,57111.69921875,-0.0009769801528443016,0
2025-07-10 05:30:00+00:00,57111.69921875,57205.6015625,57083.94921875,57164.30078125,0.0,46.584502269466185,29.91927458128339,44.11453228789519,57168.49128584814,57107.54204649374,104.7517580076697,57084.3984375,-0.0004780243211716076,1
2025-07-10 06:00:00+00:00,57084.3984375,57132.30078125,57081.1484375,57110.30078125,0.0,44.46001776705227,19.82612369506387,39.256850569328925,57160.48244314832,57106.63445398419,100.92322841783614,57145.8984375,0.001077352160719264,2
2025-07-10 06:30:00+00:00,57145.8984375,57148.75,57023.94921875,57081.1484375,0.0,49.9926370390056,16.59842857115291,34.72516616969372,57159.09349022944,57108.174218043634,102.62876790584784,57120.80078125,-0.0004391856097502623,1
2025-07-10 07:00:00+00:00,57120.80078125,57203.3515625,57086.0,57143.80078125,0.0,47.89579752451854,11.87835948751308,30.155804833257594,57155.44656556474,57108.66937738506,103.68039609114444,57101.8515625,-0.0003317393749882462,1
2025-07-10 07:30:00+00:00,57101.8515625,57128.1015625,57061.05078125,57126.69921875,0.0,46.316240628177006,6.5333151543163694,25.43130689746935,57150.34227955857,57108.40201209545,101.06399503106267,57053.3984375,-0.0008485385968083073,1
2025-07-10 08:00:00+00:00,57053.3984375,57116.6015625,56994.5,57100.55078125,0.0,42.460253188094285,-1.5940579290036112,20.02623393217476,57141.10953269585,57106.24500917014,102.56667842170104,57138.1015625,0.0014846289146612241,2
2025-07-10 08:30:00+00:00,57138.1015625,57172.55078125,57042.19921875,57053.69921875,0.0,50.2567388963882,-1.1865475762897404,15.783677630481858,57140.82305934387,57107.49428577131,104.5513129987224,57014.6484375,-0.002160609499161639,0
2025-07-10 09:00:00+00:00,57014.6484375,57143.25,57013.3515625,57137.80078125,0.0,41.44284463324594,-10.701863709335155,10.486569362518456,57128.80642869208,57103.853272113614,106.3618218916708,56956.94921875,-0.001012006919822551,0
2025-07-10 09:30:00+00:00,56956.94921875,57057.19921875,56946.1484375,57012.3515625,0.0,38.08130751130017,-22.63771159181488,3.8617131716517896,57112.43907536426,57098.09232884445,106.69674756012289,56931.3515625,-0.00044942112597514886,1
2025-07-11 04:00:00+00:00,56931.3515625,57077.3515625,56923.6484375,57066.8984375,0.0,36.66060567181626,-33.773158020056144,-3.665261066689797,57095.19264556766,57091.55347526232,110.05434594868554,56755.19921875,-0.003094118423600353,0
2025-07-11 04:30:00+00:00,56755.19921875,56934.05078125,56743.25,56933.0,0.0,28.72007442476109,-56.16467015877424,-14.165142885106688,57062.81231920407,57078.36311226184,115.821948470208,56700.6015625,-0.0009619851044759047,0
2025-07-11 05:00:00+00:00,56700.6015625,56765.75,56681.6484375,56752.3984375,0.0,26.783694117893678,-77.423193043418,-26.81675291676895,57028.31605666083,57063.54893383981,113.55620661519312,56681.44921875,-0.0003377802566854381,1
2025-07-11 05:30:00+00:00,56681.44921875,56767.05078125,56647.19921875,56705.44921875,0.0,26.118443928546935,-94.724237619208,-40.39824985725676,56995.28111971694,57048.56463128726,114.00587489267934,56653.44921875,-0.0004939887809138392,1
2025-07-11 06:00:00+00:00,56653.44921875,56736.19921875,56647.1484375,56681.44921875,0.0,25.135512847942763,-109.43332681540778,-54.20526524888696,56962.72570057724,57033.06990922698,112.22336820391654,56677.19921875,0.00041921542867225304,1
2025-07-11 06:30:00+00:00,56677.19921875,56695.30078125,56608.80078125,56654.25,0.0,27.623585729703777,-117.81585166353034,-66.92738253181564,56935.53270230798,57019.11419587494,110.38598476077964,56778.05078125,0.001779402720849978,2
2025-07-11 07:00:00+00:00,56778.05078125,56837.94921875,56672.94921875,56677.19921875,0.0,37.17224670836831,-114.99558720935602,-76.54102346732373,56920.53442411198,57009.66072863475,114.28698584929536,56715.44921875,-0.0011025662494330137,0
2025-07-11 07:30:00+00:00,56715.44921875,56794.55078125,56703.3515625,56777.3515625,0.0,34.159617799636166,-116.46934412178234,-84.52668759821545,56901.00249979179,56998.12302236476,112.63785962791712,56784.80078125,0.0012227984342063985,2
2025-07-11 08:00:00+00:00,56784.80078125,56796.80078125,56679.44921875,56715.19921875,0.0,39.96446721352045,-110.76439262444184,-89.77422860346073,56889.93566945448,56989.75744428183,112.97455269020875,56717.8515625,-0.0011789989192337931,0
2025-07-11 08:30:00+00:00,56717.8515625,56816.30078125,56706.0,56784.80078125,0.0,36.60894742995373,-110.3731074185489,-93.89400436647836,56873.54670688739,56979.09446852568,112.78356901590811,56784.19921875,0.001169784369862608,2
2025-07-11 09:00:00+00:00,56784.19921875,56790.30078125,56712.6484375,56717.44921875,0.0,41.82218964715384,-103.51604121827404,-95.8184117368375,56865.03742230288,56971.45151755409,110.27419578262898,56712.8515625,-0.0012564702369958082,0
2025-07-11 09:30:00+00:00,56712.8515625,56799.75,56695.69921875,56783.1484375,0.0,38.18541596871521,-102.65557684520172,-97.18584475851036,56850.54353089308,56961.31034284609,109.82966617315547,56870.05078125,0.002771844730409292,2
2025-07-14 04:00:00+00:00,56870.05078125,56894.75,56683.3984375,56727.75,0.0,48.75819757018247,-88.27145110452693,-95.40296602771367,56852.40136426041,56957.73153650899,117.08123019650154,56831.25,-0.000682270909151229,1
2025-07-14 04:30:00+00:00,56831.25,56895.5,56780.69921875,56871.05078125,0.0,46.63782877631059,-79.09111347461294,-92.14059551709354,56850.38694861656,56952.771476253736,116.91834098603714,56694.30078125,-0.002409752007038381,0
2025-07-14 05:00:00+00:00,56694.30078125,56834.94921875,56694.30078125,56831.25,0.0,40.0222344615751,-81.92194202980318,-90.09686481963548,56835.52159934356,56942.63537056732,118.61334787989163,56645.69921875,-0.0008572565818833339,0
2025-07-14 05:30:00+00:00,56645.69921875,56722.69921875,56603.6484375,56695.30078125,0.0,37.96407634663032,-87.08329198580759,-89.4941502528699,56817.44327738226,56930.990815594094,118.64459312061366,56622.6484375,-0.00040692906201023787,1
2025-07-14 06:00:00+00:00,56622.6484375,56675.05078125,56597.69921875,56646.3984375,0.0,36.992425327111576,-91.973491259203,-89.99001845413653,56798.89138786967,56918.898957629615,115.69509093342695,56680.75,0.0010261187723165656,2
2025-07-14 06:30:00+00:00,56680.75,56704.19921875,56623.8515625,56623.8515625,0.0,41.085472213195104,-90.12183053312036,-90.0163808699333,56787.639827120176,56909.559782820616,113.25621167032504,56715.1484375,0.0006068804223656179,1
2025-07-14 07:00:00+00:00,56715.1484375,56728.44921875,56669.94921875,56680.8515625,0.0,43.42855076524058,-84.9000348869522,-88.99311167333708,56780.73588525159,56901.93580849432,109.34505369387324,56718.8515625,6.52934022394535e-05,1
2025-07-14 07:30:00+00:00,56718.8515625,56726.75,56617.8984375,56716.1484375,0.0,43.68819473318211,-79.54595670392155,-87.10368067945399,56774.84214022763,56894.7560341416,109.30980432288231,56631.3984375,-0.0015418705173117458,0
2025-07-14 08:00:00+00:00,56631.3984375,56722.44921875,56595.19921875,56722.44921875,0.0,39.12163093954482,-81.42097713939438,-85.96713997144207,56761.18083520595,56884.428285253685,110.59124687124788,56655.6484375,0.0004282076845897242,1
2025-07-14 08:30:00+00:00,56655.6484375,56669.75,56602.3984375,56630.8515625,0.0,40.96435717712756,-80.02766292628075,-84.7792445624098,56751.130130662525,56875.45652651825,107.50269798758733,56823.1015625,0.0029556298377685477,2
2025-07-14 09:00:00+00:00,56823.1015625,56830.6484375,56622.05078125,56658.8515625,0.0,51.81133806501103,-64.66595477724331,-80.75658660537651,56757.98455274229,56873.40339067439,114.7237664349025,56763.6015625,-0.0010471093334205924,0
2025-07-14 09:30:00+00:00,56763.6015625,56826.94921875,56732.44921875,56825.6015625,0.0,48.40789002938944,-56.63993323851173,-75.93325593200356,56758.519506052544,56869.09743662834,113.27921168955233,56911.69921875,0.002609025012039378,2
2025-07-15 04:00:00+00:00,56911.69921875,56941.6484375,56808.55078125,56849.44921875,0.0,56.1321452601186,-37.89221235217701,-68.32504721603826,56773.10805011897,56870.768094750754,117.9054733545843,57019.8515625,0.0019003534463853853,2
2025-07-15 04:30:00+00:00,57019.8515625,57064.69921875,56909.19921875,56911.69921875,0.0,60.75328470805466,-14.144469565420875,-57.48893168591478,56796.6074322505,56876.61450525073,120.59079668639971,57078.19921875,0.0010232867089463497,2
2025-07-15 05:00:00+00:00,57078.19921875,57119.05078125,57010.25,57020.8515625,0.0,63.01677983519635,9.277016245454432,-44.13574209964094,56823.42569763141,56884.51978813305,119.74865272665689,57062.5,-0.0002750475481861884,1
2025-07-15 05:30:00+00:00,57062.5,57134.44921875,57053.3984375,57078.19921875,0.0,61.98098431921222,26.269102877959085,-30.05477310412094,56846.19467880937,56891.4994042847,116.98451904975283,57046.30078125,-0.0002838855421686747,1
2025-07-15 06:00:00+00:00,57046.30078125,57114.75,57037.1484375,57068.25,0.0,60.86921110771192,37.99038289913005,-16.445741903470743,56865.25240285133,56897.57004651864,114.17145072477048,57065.3515625,0.00033395296433071466,1
2025-07-15 06:30:00+00:00,57065.3515625,57074.3515625,56992.05078125,57049.80078125,0.0,61.73841976411605,48.260503552199225,-3.50449281233675,56884.30946567501,56904.149713812025,111.89497433371544,57063.25,-3.682729436439718e-05,1
2025-07-15 07:00:00+00:00,57063.25,57117.1015625,57059.94921875,57070.3515625,0.0,61.57592827810437,55.5892711173874,8.31425997360808,56901.35142132501,56910.38894072136,107.98478643487864,57000.3515625,-0.001102258239760266,0
2025-07-15 07:30:00+00:00,57000.3515625,57087.55078125,56975.55078125,57062.1484375,0.0,56.76082066989234,55.68014788649453,17.78743755618537,56910.78000619882,56913.91688667346,108.27158740381586,57001.8515625,2.6315627165128504e-05,1
2025-07-15 08:00:00+00:00,57001.8515625,57023.1484375,56944.75,56998.6015625,0.0,56.84748437122722,55.23647415418964,25.277244875786224,56919.453487751314,56917.365305333326,106.13779098211474,56977.0,-0.0004359781624418176,1
2025-07-15 08:30:00+00:00,56977.0,57006.75,56915.3984375,57005.5,0.0,54.88476275330682,52.27693021401501,30.677181943431982,56924.93410796548,56919.70392081045,105.08163180482084,56931.05078125,-0.0008064520552152623,1
2025-07-15 09:00:00+00:00,56931.05078125,57014.0,56908.19921875,56978.0,0.0,51.35428668584682,45.696985970695096,33.68114274888461,56925.516648278295,56920.14889572965,105.13299962233364,57049.6015625,0.0020823571605153683,2
2025-07-15 09:30:00+00:00,57049.6015625,57076.80078125,56931.1015625,56931.1015625,0.0,58.73032986177913,49.47803800546535,36.84052180020076,56937.33425915655,56925.22547089712,108.03421393502408,57024.30078125,-0.000443487431236168,1
2025-07-16 04:00:00+00:00,57024.30078125,57142.8984375,57015.69921875,57035.25,0.0,56.7525478064595,49.85825248563924,39.44406793728846,56945.61678507021,56929.110777185466,109.40314285037952,57042.05078125,0.00031127080484670013,1
2025-07-16 04:30:00+00:00,57042.05078125,57085.3984375,56991.55078125,57025.8984375,0.0,57.82558353650144,51.00391052582563,41.75603645499589,56954.800975182574,56933.539796952704,108.29203666463812,56997.1484375,-0.000787179688230277,1
2025-07-16 05:00:00+00:00,56997.1484375,57059.6484375,56938.44921875,57046.05078125,0.0,54.16438872170168,47.73831136328226,42.95249143665317,56958.83406683185,56936.03425344476,109.21397824216398,57021.30078125,0.0004237465278896217,1
2025-07-16 05:30:00+00:00,57021.30078125,57053.8984375,56994.6015625,56995.69921875,0.0,55.78596693405457,46.562449852870486,43.67448311989664,56964.78327772882,56939.37803884888,105.6484708677237,57092.3984375,0.0012468613531415379,2
2025-07-16 06:00:00+00:00,57092.3984375,57123.6015625,56984.6484375,57016.55078125,0.0,60.24469189102878,50.78217253158073,45.096021002233456,56976.93710246893,56945.37883879599,108.02737473431488,57154.69921875,0.0010912272553797455,2
2025-07-16 06:30:00+00:00,57154.69921875,57173.8984375,57085.05078125,57093.3984375,0.0,63.69922486047422,58.47937173819082,47.772691149424936,56993.86682782904,56953.58748114712,106.6573948425781,57206.25,0.000901951754705209,2
2025-07-16 07:00:00+00:00,57206.25,57271.0,57143.8984375,57155.80078125,0.0,66.30806024151002,67.95582236457994,51.809317392455945,57014.093796607216,56963.49581521979,108.11769253239396,57230.75,0.0004282748825521687,1
2025-07-16 07:30:00+00:00,57230.75,57268.44921875,57204.8515625,57206.3984375,0.0,67.50338102726607,76.56038257198816,56.75953042836239,57034.72772073986,56973.97637148568,104.93768994079436,57223.3515625,-0.00012927381696028795,1
2025-07-16 08:00:00+00:00,57223.3515625,57253.5,57163.44921875,57225.8515625,0.0,66.73343454064758,81.83917538323294,61.7754594193365,57052.69189614559,56983.75579074115,103.87433932002334,57172.05078125,-0.0008965008139023228,0
2025-07-16 08:30:00+00:00,57172.05078125,57276.55078125,57164.69921875,57224.1015625,0.0,61.49564515937101,80.94997152727592,65.61036184092438,57064.05940901267,56991.13990801601,104.44414097573596,57188.1015625,0.0002807452423110205,1
2025-07-16 09:00:00+00:00,57188.1015625,57224.3984375,57153.75,57172.75,0.0,62.48769876838992,80.61119924381637,68.61052932150278,57075.87294744003,56998.86389446637,102.03016215604052,57108.3984375,-0.0013937011864765903,0
2025-07-16 09:30:00+00:00,57108.3984375,57215.3984375,57084.1484375,57189.8984375,0.0,54.92067629337487,73.0690491728019,69.50223329176261,57078.970613160025,57003.1593667422,104.11729343060908,57074.69921875,-0.0005900921698387456,1
2025-07-17 04:00:00+00:00,57074.69921875,57103.6015625,56982.6015625,57076.25,0.0,52.05065036949922,63.63900475337141,68.32958758408436,57078.5638136924,57005.96485113466,105.66583497127984,56952.55078125,-0.0021401503498396394,0
2025-07-17 04:30:00+00:00,56952.55078125,57095.80078125,56935.69921875,57073.3984375,0.0,43.2319002845918,45.78152758995566,63.81997558525863,57066.56257250741,57003.87018172742,109.55410122333129,56996.6015625,0.000773464588428978,1
2025-07-17 05:00:00+00:00,56996.6015625,57025.0,56916.8984375,56951.94921875,0.0,46.73667064261079,34.78292230419902,58.01256492904672,57059.899619173375,57003.58513783616,109.45034845737904,56997.30078125,1.2267727036905298e-05,1
2025-07-17 05:30:00+00:00,56997.30078125,57037.44921875,56948.1015625,56997.69921875,0.0,46.79282320253261,25.82517296574952,51.57508653638728,57053.93782508544,57003.33869247983,108.01444187113768,56994.8515625,-4.297078486926704e-05,1
2025-07-17 06:00:00+00:00,56994.8515625,57039.1015625,56973.6484375,56995.69921875,0.0,46.60747175221163,18.31731004569156,44.92353123824815,57048.310561982056,57003.00586385317,104.97434780891356,56923.3515625,-0.001254499275633586,0
2025-07-17 06:30:00+00:00,56923.3515625,56995.25,56899.0,56993.3984375,0.0,41.44611670436097,6.522633284446783,37.24335164748788,57036.40970488853,56999.88216576089,104.35118010827688,56901.0,-0.0003926606899711221,1
2025-07-17 07:00:00+00:00,56901.0,56960.69921875,56868.75,56923.3515625,0.0,39.95647478605872,-4.5755729619340855,28.879566725603485,57023.513542518194,56996.00443377027,103.46532572554284,56889.75,-0.0001977118152580798,1
2025-07-17 07:30:00+00:00,56889.75,56919.3515625,56856.6484375,56901.3984375,0.0,39.19292901206992,-14.116041411813056,20.28044509812018,57010.77415751646,56991.83759323026,100.55373995943262,56944.94921875,0.0009702840801726146,2
2025-07-17 08:00:00+00:00,56944.94921875,56956.05078125,56869.80078125,56891.30078125,0.0,44.76978860219251,-17.026544355030637,12.819047207490016,57004.50511572918,56989.99883344672,99.53204424804458,56860.44921875,-0.0014838892853411673,0
2025-07-17 08:30:00+00:00,56860.44921875,56952.5,56835.0,56944.1484375,0.0,38.889761040787846,-25.853558976021304,5.084525970787753,56990.78550649307,56984.91845639979,100.81546965889856,56861.80078125,2.3769817484212134e-05,1
2025-07-17 09:00:00+00:00,56861.80078125,56909.1015625,56832.8984375,56857.3515625,0.0,39.02770128628883,-32.36686676766112,-2.405752576902022,56978.50124694611,56980.09031227627,99.0574450404058,56805.1015625,-0.000997140751277374,0
2025-07-17 09:30:00+00:00,56805.1015625,56899.0,56782.19921875,56862.1484375,0.0,35.41607303183909,-41.6240471113415,-10.24941148378992,56961.986991284575,56973.22800836348,100.32482619823396,56523.1484375,-0.00496351766381018,0
2025-07-18 04:00:00+00:00,56523.1484375,56552.69921875,56472.55078125,56481.05078125,0.0,23.6804790746735,-70.89446279814001,-22.37842174665994,56920.19284330509,56955.57782911393,116.91239441621724,56324.0,-0.003523307582913693,0
2025-07-18 04:30:00+00:00,56324.0,56530.1015625,56295.1015625,56522.75,0.0,18.91334217115076,-108.90569559778667,-39.68387651688529,56863.41257251413,56930.81007110946,125.34722338648744,56222.69921875,-0.0017985367028265037,0
2025-07-18 05:00:00+00:00,56222.69921875,56327.6015625,56222.69921875,56325.80078125,0.0,17.034785176635097,-145.52645945109543,-60.85239310372732,56802.39225310802,56903.04101807576,123.88687484102408,56342.80078125,0.0021361756758193264,2
2025-07-18 05:30:00+00:00,56342.80078125,56376.44921875,56206.3984375,56222.1015625,0.0,26.372043792583867,-162.97876848772285,-81.27766818052643,56758.62163674059,56881.07081271005,127.1842967273795,56308.5,-0.0006087872944614916,1
2025-07-18 06:00:00+00:00,56308.5,56354.0,56271.1015625,56342.5,0.0,25.489719101236005,-177.53116673877958,-100.52836789217707,56715.752909431954,56858.61705534887,124.02102106828096,56280.8984375,-0.0004901846524059423,1
2025-07-18 06:30:00+00:00,56280.8984375,56318.0,56249.69921875,56309.94921875,0.0,24.771509099321648,-189.11130520626463,-118.2449553549946,56674.33819781939,56835.96142327637,120.04100393840376,56301.0,0.00035716491843716403,1
2025-07-18 07:00:00+00:00,56301.0,56306.0,56240.80078125,56282.05078125,0.0,26.398019087363664,-194.4254052282995,-133.4810453296556,56638.78217897945,56814.9825439322,116.12373356780348,56259.8984375,-0.0007300325482673488,1
2025-07-18 07:30:00+00:00,56259.8984375,56376.5,56245.30078125,56303.55078125,0.0,25.19835469542619,-199.6519568953736,-146.7152276427992,56602.69801312426,56793.21453975839,117.20055393796038,56303.05078125,0.0007670178039503327,1
2025-07-18 08:00:00+00:00,56303.05078125,56364.5,56249.30078125,56258.05078125,0.0,28.85404488967076,-198.02924537361832,-156.97803118896303,56574.16018151719,56773.99243158159,117.05760142453464,56368.69921875,0.0011659836649892904,2
2025-07-18 08:30:00+00:00,56368.69921875,56376.8515625,56269.25,56300.05078125,0.0,34.128307435455696,-189.2642342625768,-163.4352718036858,56554.592470777454,56758.098580098,116.38217007278216,56317.55078125,-0.0009073907719869189,0
2025-07-18 09:00:00+00:00,56317.55078125,56431.94921875,56265.6015625,56368.19921875,0.0,32.129772077795465,-184.3204201811313,-167.6123014791749,56532.01707177484,56740.822195829445,119.95113337115484,56253.69921875,-0.001133777332540859,0
2025-07-18 09:30:00+00:00,56253.69921875,56338.1015625,56237.8984375,56315.8984375,0.0,29.78491041944765,-183.4401158987312,-170.77786436308617,56505.510609582,56721.7193339832,118.5405613446438,56679.3984375,0.0075674884436419355,2
2025-07-21 04:00:00+00:00,56679.3984375,56734.80078125,56276.8515625,56281.94921875,0.0,53.92689869433796,-146.70102112308086,-165.9624957150851,56522.07135509799,56720.05969098386,144.4377757128835,56682.69921875,5.823599651714282e-05,1
2025-07-21 04:30:00+00:00,56682.69921875,56760.3984375,56633.0,56674.0,0.0,54.058798302457184,-115.98171336582163,-155.96633924523243,56537.369246874376,56718.59457442567,143.22068012624896,56786.6484375,0.0018338791233077829,2
2025-07-21 05:00:00+00:00,56786.6484375,56810.19921875,56679.5,56686.1484375,0.0,58.12458296326928,-82.29990535526304,-141.23305246723856,56561.11012217205,56721.26335336976,142.32629002794548,56760.94921875,-0.00045255741370764006,1
2025-07-21 05:30:00+00:00,56760.94921875,56799.8984375,56749.6484375,56785.69921875,0.0,56.7865377533241,-57.023213904190925,-124.39108475462903,56580.14241708424,56722.81966181605,135.74941216880651,56744.5,-0.0002897981618772204,1
2025-07-21 06:00:00+00:00,56744.5,56827.1484375,56639.1484375,56761.3515625,0.0,55.89952654893948,-37.88188946070295,-107.08924569584384,56595.79552021907,56723.66987115659,139.48159701389176,56731.30078125,-0.00023260789591942832,1
2025-07-21 06:30:00+00:00,56731.30078125,56784.94921875,56722.1015625,56746.5,0.0,55.1550405124438,-23.50635198263626,-90.37266695320233,56608.7007831744,56723.9691225328,134.0077441021852,56872.8984375,0.002495935300267234,2
2025-07-21 07:00:00+00:00,56872.8984375,56885.69921875,56690.69921875,56729.6484375,0.0,61.135016456864136,-0.6800483091356,-72.43414322438898,56633.862464538746,56729.80948782563,138.36433380917197,56881.3984375,0.00014945607193452614,1
2025-07-21 07:30:00+00:00,56881.3984375,56928.6015625,56866.8515625,56876.6484375,0.0,61.467189232007854,17.889620361653215,-54.36939050718054,56657.43731910648,56735.75415251874,132.89188139423112,56775.8515625,-0.0018555604802152066,0
2025-07-21 08:00:00+00:00,56775.8515625,56917.69921875,56733.30078125,56881.6015625,0.0,55.16253986852183,23.81494202268368,-38.7325240012077,56668.71486609634,56737.32659996899,136.57092111607176,56826.6015625,0.0008938659412995925,2
2025-07-21 08:30:00+00:00,56826.6015625,56851.8984375,56763.69921875,56778.94921875,0.0,57.42384601094758,32.23432575115294,-24.539154050735576,56683.75169432526,56740.827578891774,133.1157995184952,56902.44921875,0.0013347209610375863,2
2025-07-21 09:00:00+00:00,56902.44921875,56904.05078125,56757.8515625,56825.80078125,0.0,60.62038922666017,44.51389155548532,-10.728544929491395,56704.58002998476,56747.16568241563,134.0503294636027,56916.75,0.00025132101423303466,1
2025-07-21 09:30:00+00:00,56916.75,56982.3515625,56900.8984375,56903.44921875,0.0,61.211701861693285,54.76815624201845,2.3707953048105725,56724.78669379574,56753.816047811095,130.29338628763108,57002.25,0.0015021939938594526,2
2025-07-22 04:00:00+00:00,57002.25,57065.25,56918.6484375,56996.8984375,0.0,64.63116214861684,68.99849858909874,15.696335961668208,56751.21177057709,56763.55855574007,131.59385869565742,57045.6484375,0.0007613460433579377,1
2025-07-22 04:30:00+00:00,57045.6484375,57122.30078125,56948.6015625,57009.19921875,0.0,66.2571998866268,82.823303150617,29.12172939945797,56779.253357903086,56774.62090404438,134.60138441382475,56966.94921875,-0.0013795832093349582,0
2025-07-22 05:00:00+00:00,56966.94921875,57065.80078125,56920.75,57045.8515625,0.0,60.79856356938903,86.4328470731707,40.58395293420051,56797.12915417422,56782.16319089558,135.34776990212296,56900.1484375,-0.0011726234626588238,0
2025-07-22 05:30:00+00:00,56900.1484375,56969.19921875,56862.1015625,56969.19921875,0.0,56.54055115052344,82.94701036493643,49.0565644203477,56806.94051449096,56786.79006331145,133.32990464125703,56898.44921875,-2.9863169019083457e-05,1
2025-07-22 06:00:00+00:00,56898.44921875,56907.1015625,56812.05078125,56903.55078125,0.0,56.43228475650896,79.13512642982096,55.07227682224235,56815.6556291823,56791.1688537208,130.59568154188153,56947.3984375,0.0008602909116522907,2
2025-07-22 06:30:00+00:00,56947.3984375,56962.80078125,56872.69921875,56903.0,0.0,58.87525410736201,79.15156385752925,59.88813422929974,56828.202563307794,56797.295504065085,127.70324446746145,56932.8984375,-0.00025462093788031085,1
2025-07-22 07:00:00+00:00,56932.8984375,56969.69921875,56910.3984375,56945.3984375,0.0,57.84060524949785,77.10573490364914,63.33165436416962,56838.17359894515,56802.61326616057,122.81735423764276,56873.0,-0.0010520883205297465,0
2025-07-22 07:30:00+00:00,56873.0,56945.1484375,56861.3984375,56931.30078125,0.0,53.64654987999922,69.8459566930178,64.63451482993926,56841.49039904561,56805.37353023271,120.026828934954,56849.3515625,-0.0004158113252334148,1
2025-07-22 08:00:00+00:00,56849.3515625,56884.1015625,56794.30078125,56872.44921875,0.0,52.04209415927184,61.475645910410094,64.00274104603344,56842.23908127936,56807.09815894908,117.86782552888586,56777.05078125,-0.001271796058579714,0
2025-07-22 08:30:00+00:00,56777.05078125,56877.3515625,56735.6484375,56849.3515625,0.0,47.37682099986851,48.44954926124046,60.89210268907485,56836.03067175275,56805.91983041186,119.57034691967974,56798.5,0.00037777972710557504,1
2025-07-22 09:00:00+00:00,56798.5,56841.6015625,56755.6484375,56777.1015625,0.0,48.84199461180282,39.4028351570596,56.5942491826718,56832.45632206201,56805.62885667023,117.16911678255975,56721.75,-0.0013512680792626566,0
2025-07-22 09:30:00+00:00,56721.75,56799.3515625,56693.44921875,56799.3515625,0.0,44.10944485371736,25.74341145541985,50.42408163722142,56821.91286281801,56802.33948974199,116.36434728023406,56769.25,0.0008374212713817892,1
2025-07-23 04:00:00+00:00,56769.25,56833.1484375,56716.8984375,56815.8984375,0.0,47.49992811315721,18.537385347808595,44.04674237933886,56816.89735207344,56801.04186269328,116.3561796173602,56798.3984375,0.0005134546871765964,1
2025-07-23 04:30:00+00:00,56798.3984375,56807.80078125,56722.3984375,56769.25,0.0,49.523500585093,15.005617624206934,38.23851742831248,56815.13555068549,56800.93819896021,114.14519134112018,56828.6015625,0.0005317601522380074,1
2025-07-23 05:00:00+00:00,56828.6015625,56854.8984375,56770.19921875,56798.55078125,0.0,51.60501998807725,14.476925047318218,33.486198952113625,56816.41802800116,56802.02303674609,112.0419075846116,56816.69921875,-0.0002094428408010326,1
2025-07-23 05:30:00+00:00,56816.69921875,56881.69921875,56785.25,56827.19921875,0.0,50.71742724653876,12.948253298498456,29.378609821390597,56816.44480807248,56802.59857329526,110.92814409642506,56890.69921875,0.0013024339853868062,2
2025-07-23 06:00:00+00:00,56890.69921875,56903.44921875,56809.19921875,56816.69921875,0.0,55.80676736982908,17.50615146340715,27.004118149793907,56823.51665670843,56806.053500568,109.73684808953756,57004.8515625,0.0020065203155804727,2
2025-07-23 06:30:00+00:00,57004.8515625,57019.80078125,56886.55078125,56890.19921875,0.0,62.27817296454745,29.98382386937737,27.600059293710604,56840.7866477362,56813.84950299671,111.41635894028488,57027.94921875,0.00040518755188189164,1
2025-07-23 07:00:00+00:00,57027.94921875,57089.30078125,56983.5,57005.8515625,0.0,63.44461191357417,41.2606301120104,30.332173457370565,56858.611654499415,56822.24557028115,111.01524624812168,57085.1015625,0.0010021812906294918,2
2025-07-23 07:30:00+00:00,57085.1015625,57096.25,57022.1484375,57028.55078125,0.0,66.22742645644627,54.18468943188782,35.10267665227402,56880.18212192804,56832.55364840738,108.37855455182726,57174.0,0.0015572966512579286,2
2025-07-23 08:00:00+00:00,57174.0,57188.6484375,57065.94921875,57085.30078125,0.0,70.0470240365594,70.7845008428194,42.2390414903831,56908.16477698251,56845.943701411015,109.40145913741104,57154.8984375,-0.0003340952618323014,1
2025-07-23 08:30:00+00:00,57154.8984375,57216.0,57134.8515625,57174.5,0.0,68.2606062107323,81.45961874776549,50.08315694185959,56931.663220841314,56858.0595734145,107.38338616331023,57196.3515625,0.0007252768552345483,1
2025-07-23 09:00:00+00:00,57196.3515625,57248.5,57138.05078125,57148.19921875,0.0,70.04595044091623,92.2018023627752,58.50688602604271,56956.871634332616,56871.32592592766,107.60237420521663,57191.6484375,-8.222770983671516e-05,1
2025-07-23 09:30:00+00:00,57191.6484375,57241.69921875,57176.19921875,57200.8515625,0.0,69.56782080315692,99.19213223364204,66.64393526756258,56979.23132987237,56883.887593048144,104.5950617619869,57048.8984375,-0.0024959938015425382,0
2025-07-24 04:00:00+00:00,57048.8984375,57100.8515625,57013.30078125,57078.94921875,0.0,56.87738510114611,92.15102734918764,71.7453536838876,56985.86629250357,56890.35860655606,109.8631042254164,57049.5,1.0544682131926572e-05,1
2025-07-24 04:30:00+00:00,57049.5,57053.05078125,56982.55078125,57047.69921875,0.0,56.91305510505168,85.63232591721317,74.52274813055271,56991.92664559846,56896.59944551464,107.05145392360092,57057.3515625,0.00013762719217521625,1
2025-07-24 05:00:00+00:00,57057.3515625,57107.25,57038.3515625,57048.05078125,0.0,57.408258357281895,80.17554971362551,75.65330844716728,56998.15759006528,56902.90345010231,104.32623846477227,56998.0,-0.001040208857836434,0
2025-07-24 05:30:00+00:00,56998.0,57078.69921875,56968.75,57055.44921875,0.0,52.49658385631253,70.25201864570408,74.57305048687465,56998.14258148764,56906.63272656888,104.72787991371712,56924.19921875,-0.0012947959796834976,0
2025-07-24 06:00:00+00:00,56924.19921875,57001.3515625,56904.80078125,56997.25,0.0,47.10032698477985,55.78933775321639,70.816307940143,56991.100356465,56907.3216086152,104.14380143773734,56952.6015625,0.0004989502555996376,1
2025-07-24 06:30:00+00:00,56952.6015625,56954.30078125,56852.30078125,56923.30078125,0.0,49.26191797338285,46.08811561233597,65.8706694745816,56987.43380465881,56909.09729308127,103.99067276361323,56868.94921875,-0.0014688063662587846,0
2025-07-24 07:00:00+00:00,56868.94921875,56981.75,56868.94921875,56952.55078125,0.0,43.609776635400046,31.289100865353248,58.954355752735935,56976.149558381774,56907.522858793775,104.6199662269266,57028.69921875,0.0028090900604741537,2
2025-07-24 07:30:00+00:00,57028.69921875,57036.05078125,56854.1484375,56869.55078125,0.0,54.37558093569737,32.081449985351355,53.57977459925903,56981.154287940655,56912.27487290971,110.14013605000328,57050.80078125,0.00038755158021793715,1
2025-07-24 08:00:00+00:00,57050.80078125,57148.69921875,56992.3515625,57034.0,0.0,55.63748296741004,34.0997233701346,49.68376435343414,56987.78728730345,56917.70726147207,113.4406732071459,57064.5,0.00024012316325807488,1
2025-07-24 08:30:00+00:00,57064.5,57151.05078125,57030.55078125,57044.1484375,0.0,56.44166991458674,36.385206026352535,47.02405268801783,56995.09325994121,56923.46383945355,113.94491083520693,57053.1015625,-0.00019974655871864293,1
2025-07-24 09:00:00+00:00,57053.1015625,57147.19921875,57050.94921875,57061.6484375,0.0,55.53952315725906,36.851903053007845,44.98962276101583,57000.6178601849,56928.54767172989,112.68098863269212,57033.69921875,-0.00034007517941413406,1
2025-07-24 09:30:00+00:00,57033.69921875,57099.05078125,57001.55078125,57054.0,0.0,53.95852641708496,35.24981885107263,43.04166197902719,57003.76846576253,56932.671261809104,111.59663230178556,56977.44921875,-0.0009862590147669686,0
2025-07-25 04:00:00+00:00,56977.44921875,57136.75,56969.8515625,57089.44921875,0.0,49.55436005798192,29.105737851248705,40.2544771534715,57001.26187080895,56934.42726012052,115.54676124451515,56830.69921875,-0.0025755803745547085,0
2025-07-25 04:30:00+00:00,56830.69921875,57014.75,56804.19921875,56981.75,0.0,40.31034894996807,12.253757149381272,34.65433315265346,56985.01780870809,56930.35949379226,122.33276267347836,56723.44921875,-0.0018871842415166924,0
2025-07-25 05:00:00+00:00,56723.44921875,56848.94921875,56710.19921875,56832.3515625,0.0,35.14970242280552,-9.644561145811169,25.79455429296053,56960.10651442637,56922.24536535923,123.50542248251564,56689.44921875,-0.0005993993748314103,1
2025-07-25 05:30:00+00:00,56689.44921875,56769.3984375,56627.0,56725.0,0.0,33.6777397661605,-29.40370441246341,14.754902551875746,56934.32962912386,56913.116104707886,124.85492355519308,56568.80078125,-0.0021282344274407873,0
2025-07-25 06:00:00+00:00,56568.80078125,56778.80078125,56549.3984375,56689.6015625,0.0,29.03177237034488,-54.173806494167366,0.9691607426671248,56899.51735789778,56899.61354300366,132.32259642625073,56493.69921875,-0.0013276145412807262,0
2025-07-25 06:30:00+00:00,56493.69921875,56572.44921875,56465.25,56568.55078125,0.0,26.57420487584035,-78.95422414798668,-15.015516235463636,56860.86801131228,56883.6953342094,130.52806944937566,56518.6015625,0.00044079860399254977,1
2025-07-25 07:00:00+00:00,56518.6015625,56600.30078125,56469.3515625,56491.6015625,0.0,28.7285892666186,-95.4828062938832,-31.10897424714755,56828.27120666349,56869.37793139727,130.5581515422774,56556.19921875,0.0006652262301363448,1
2025-07-25 07:30:00+00:00,56556.19921875,56591.0,56491.25,56519.30078125,0.0,31.97389326071564,-104.34518375812333,-45.75621614934271,56802.35958876697,56857.09641325424,128.35756928925758,56597.8515625,0.0007364770675075891,1
2025-07-25 08:00:00+00:00,56597.8515625,56610.8984375,56440.75,56555.3515625,0.0,35.47902469042076,-106.77682889382412,-57.96033869823899,56782.88263388441,56846.92994851878,131.3426313043106,56511.5,-0.0015257038936300172,0
2025-07-25 08:30:00+00:00,56511.5,56609.69921875,56466.3984375,56597.8515625,0.0,31.81864745689808,-114.35357774494332,-69.23898650757987,56757.03666875256,56833.77583289059,132.19678487185985,56518.80078125,0.00012919107172876316,1
2025-07-25 09:00:00+00:00,56518.80078125,56528.6484375,56463.8515625,56501.75,0.0,32.45316407699313,-118.40420380784052,-79.072029967632,56734.34753660946,56821.42387008116,127.38250559529844,56520.44921875,2.9166179699744548e-05,1
2025-07-25 09:30:00+00:00,56520.44921875,56564.1484375,56475.75,56525.05078125,0.0,32.60567065585987,-120.096936292357,-87.277011232577,56713.97626824189,56809.62094257798,124.5979293027771,56358.8515625,-0.0028591007057387624,0
2025-07-28 04:00:00+00:00,56358.8515625,56522.1015625,56339.19921875,56372.1484375,0.0,26.329748657511946,-132.94550627262652,-96.41071024058692,56680.15486769504,56791.943711986685,128.7625303347216,56544.19921875,0.0032887053428414153,2
2025-07-28 04:30:00+00:00,56544.19921875,56577.1484375,56338.6484375,56358.3515625,0.0,40.48052365926323,-126.7114331799894,-102.4708548284674,56667.20671065266,56782.22824166368,136.6009210250986,56450.44921875,-0.001657995007362534,0
2025-07-28 05:00:00+00:00,56450.44921875,56572.94921875,56331.6015625,56545.30078125,0.0,36.6462230714473,-127.86181542159466,-107.54904694709288,56646.56313999526,56769.21729958864,144.08283068402014,56440.44921875,-0.00017714650881251983,1
2025-07-28 05:30:00+00:00,56440.44921875,56520.05078125,56376.1015625,56449.6015625,0.0,36.25178139709196,-128.10371814169775,-111.65998118601388,56626.93324273381,56756.3244336734,144.07328697444729,56396.80078125,-0.0007733538287554879,1
2025-07-28 06:00:00+00:00,56396.80078125,56477.3984375,56356.3515625,56440.5,0.0,34.505955177277144,-130.31529827121267,-115.39104460305364,56605.01586544964,56742.2254669117,142.42854326198676,56405.94921875,0.00016221554012406925,1
2025-07-28 06:30:00+00:00,56405.94921875,56414.1484375,56331.6484375,56397.30078125,0.0,35.21022814158728,-129.83315323568968,-118.27946632958084,56586.05713719253,56729.03816306223,138.1479330289877,56251.75,-0.0027337403391971,0
2025-07-28 07:00:00+00:00,56251.75,56406.5,56230.44921875,56406.5,0.0,29.45992464261589,-140.27661656130658,-122.678896375926,56554.21836222182,56710.32098019704,140.85527933048857,56086.19921875,-0.0029430334389596766,0
2025-07-28 07:30:00+00:00,56086.19921875,56260.0,56077.3515625,56252.75,0.0,24.780742167483535,-160.06655337982374,-130.15642777670556,56509.6451104626,56685.84561700304,143.8405049140251,56077.30078125,-0.00015865645424276124,1
2025-07-28 08:00:00+00:00,56077.30078125,56118.5,56023.75,56088.05078125,0.0,24.55498310490641,-174.4572162333061,-139.01658546802568,56468.4694600614,56661.98111364018,140.334040277309,56058.8515625,-0.00032899619797978363,1
2025-07-28 08:30:00+00:00,56058.8515625,56104.44921875,55998.3984375,56074.6484375,0.0,24.06545915398118,-185.21556821271224,-148.25638201696302,56429.458231722216,56638.32897437978,137.88523606107267,56141.3984375,0.0014725038544175046,2
2025-07-28 09:00:00+00:00,56141.3984375,56178.55078125,56040.3515625,56057.44921875,0.0,30.720439391286064,-184.94882183518348,-155.59486998060711,56402.02396560581,56618.84150234528,137.90766339599605,56053.30078125,-0.0015692102210114278,0
2025-07-28 09:30:00+00:00,56053.30078125,56149.1015625,56051.94921875,56142.69921875,0.0,27.90916848791861,-189.6598868888541,-162.4078733622565,56368.8122337624,56596.66343485135,134.99656913556777,56075.6484375,0.0003986858211474918,1
2025-07-29 04:00:00+00:00,56075.6484375,56147.30078125,56000.30078125,56095.8515625,0.0,29.667432383112256,-189.40680702334063,-167.8076600944733,56340.8918722136,56576.231474170905,135.85395705445578,55945.25,-0.0023254022224163426,0
2025-07-29 04:30:00+00:00,55945.25,56148.0,55941.1484375,56077.55078125,0.0,25.72484066455374,-197.45219750450636,-173.73656757647993,56303.21169390754,56551.4871026348,140.92521458628036,55955.8984375,0.00019033675781232544,1
2025-07-29 05:00:00+00:00,55955.8984375,55986.05078125,55897.94921875,55945.3984375,0.0,26.58286080801668,-200.6559506164922,-179.12044418448238,56270.13424091635,56528.13068439422,137.15209658011747,56032.19921875,0.0013635878143431874,2
2025-07-29 05:30:00+00:00,56032.19921875,56094.44921875,55929.69921875,55957.44921875,0.0,32.59175674108238,-194.7926640875012,-182.25488816508616,56247.47376261479,56508.682391623865,139.12337539582336,55988.25,-0.00078435648364295,1
2025-07-29 06:00:00+00:00,55988.25,56086.1484375,55956.19921875,56037.19921875,0.0,31.01703313792102,-191.4849822447068,-184.10090698101027,56222.785785222906,56488.27327822685,138.46807849255026,56019.5,0.0005581528267091756,1
2025-07-29 06:30:00+00:00,56019.5,56068.55078125,55955.69921875,55986.55078125,0.0,33.47821664488231,-184.21845108873092,-184.1244158025544,56203.42523424929,56469.89001241404,136.63832735022524,56011.6015625,-0.00014099443051080428,1
2025-07-29 07:00:00+00:00,56011.6015625,56048.69921875,55980.94921875,56020.05078125,0.0,33.156226137872835,-177.05601911652047,-182.71073646534765,56185.15631313031,56451.91791633898,131.71773253949488,56083.55078125,0.0012845413582705035,2
2025-07-29 07:30:00+00:00,56083.55078125,56110.44921875,56005.19921875,56013.75,0.0,38.91930184656073,-163.68715588624764,-178.9060203495277,56175.47959580838,56437.47214633549,129.82718021524525,56199.8984375,0.0020745415479095815,2
2025-07-29 08:00:00+00:00,56199.8984375,56232.8515625,56079.19921875,56083.25,0.0,46.89302524042616,-142.06630008319917,-171.53807629626198,56177.805199779,56428.155530302734,131.52897761058486,56270.05078125,0.0012482646001223034,2
2025-07-29 08:30:00+00:00,56270.05078125,56295.6484375,56199.3515625,56199.3515625,0.0,51.04296251672263,-117.91169560692651,-160.81280015839488,56186.59049325244,56421.955344065376,129.01239885268595,56161.6015625,-0.0019272991092827813,0
2025-07-29 09:00:00+00:00,56161.6015625,56277.3515625,56082.1015625,56269.19921875,0.0,45.16698653064211,-106.29464464281044,-149.909169055278,56184.21059508554,56411.74539184713,133.7436560774941,56230.1484375,0.001220529206662971,2
2025-07-29 09:30:00+00:00,56230.1484375,56279.30078125,56127.8515625,56170.1484375,0.0,49.151439612994814,-90.51350477470989,-138.0300361991644,56188.58562769644,56404.62394265705,135.00833912553023,56205.19921875,-0.0004436982551758892,1
2025-07-30 04:00:00+00:00,56205.19921875,56250.30078125,56118.25,56127.30078125,0.0,47.79024618172736,-79.10812198888743,-126.245653357109,56190.16787446345,56396.80336524893,134.79708499156376,56150.80078125,-0.0009678541888675084,0
2025-07-30 04:30:00+00:00,56150.80078125,56225.94921875,56148.75,56204.55078125,0.0,44.87230748737572,-73.61024021094636,-115.71857072787648,56186.41862749074,56387.15620509211,130.68295168859493,56164.80078125,0.00024932859024647983,1
2025-07-30 05:00:00+00:00,56164.80078125,56206.0,56067.30078125,56150.69921875,0.0,45.78967882997019,-67.34711072440405,-106.044278727182,56184.359784991626,56378.43638454929,131.255542192981,56318.3984375,0.002734767222770545,2
2025-07-30 05:30:00+00:00,56318.3984375,56320.69921875,56122.44921875,56164.80078125,0.0,54.69693901025747,-49.41980751443771,-94.71938448463314,56197.12537094481,56376.08195525325,136.04086060776808,56279.75,-0.0006862488737653035,1
2025-07-30 06:00:00+00:00,56279.75,56319.80078125,56191.5,56318.80078125,0.0,52.36542090723104,-37.89407713610126,-83.35432301492676,56204.994383235775,56372.30423151783,135.48799779649897,56268.8515625,-0.0001936475819455488,1
2025-07-30 06:30:00+00:00,56268.8515625,56299.05078125,56225.3984375,56283.3984375,0.0,51.69622757919517,-29.301496188556484,-72.54375764965272,56211.07601935618,56368.24726410537,131.07116536460617,56251.0,-0.0003172547866944037,1
2025-07-30 07:00:00+00:00,56251.0,56281.6015625,56198.05078125,56270.1484375,0.0,50.55655228625776,-23.65955318192573,-62.76691675610732,56214.878303227015,56363.64933217967,127.67685221356288,56196.55078125,-0.0009679689027750618,0
2025-07-30 07:30:00+00:00,56196.55078125,56263.25,56156.69921875,56247.6484375,0.0,47.14275784247064,-23.313130348433333,-54.876159474572525,56213.132824943496,56357.09644782949,126.16784714473694,56202.55078125,0.0001067681186227163,1
2025-07-30 08:00:00+00:00,56202.55078125,56264.8984375,56152.75,56197.8515625,0.0,47.56294472805964,-22.297407269797983,-48.36040903361762,56212.1250112584,56351.03583345383,125.16646074154144,56198.8984375,-6.498537342576408e-05,1
2025-07-30 08:30:00+00:00,56198.8984375,56239.55078125,56161.1015625,56201.44921875,0.0,47.31636665144928,-21.538866384595167,-42.99610050381314,56210.86533756712,56345.06966106349,121.82951488500278,56169.19921875,-0.0005284662079814453,1
2025-07-30 09:00:00+00:00,56169.19921875,56255.3515625,56168.3515625,56205.3984375,0.0,45.26154939024386,-23.0682792507796,-39.01053625320643,56206.89713577501,56338.17278097277,119.34169239321686,56114.6015625,-0.0009720212680506686,0
2025-07-30 09:30:00+00:00,56114.6015625,56207.8984375,56098.5,56169.5,0.0,41.67823590931234,-28.35901941089105,-36.88023288474336,56198.1070811774,56329.40528220913,118.63145990084422,55716.05078125,-0.007102443395345101,0
2025-07-31 04:00:00+00:00,55716.05078125,55883.25,55707.44921875,55864.05078125,0.0,25.689698385617703,-63.9742312097078,-42.299032549736246,56152.19695737479,56305.35216452446,139.24009446149822,55628.6484375,-0.0015687103182017582,0
2025-07-31 04:30:00+00:00,55628.6484375,55712.94921875,55552.3515625,55709.30078125,0.0,23.555585388448776,-98.12110284742812,-53.46344660927463,56102.33519357719,56278.81476346468,140.98717476781977,55708.80078125,0.0014408465062755013,2
2025-07-31 05:00:00+00:00,55708.80078125,55720.30078125,55582.1015625,55628.6484375,0.0,29.351712181297785,-117.3622414912461,-66.24320558566893,56064.8557257365,56256.46127396607,140.78803505226122,55922.3515625,0.003833340123197826,2
2025-07-31 05:30:00+00:00,55922.3515625,55956.25,55710.05078125,55711.6484375,0.0,41.97510514494316,-114.06435626641904,-75.80743572181896,56051.28390066636,56243.35893233995,148.40669103067117,56015.8515625,0.0016719611637844383,2
2025-07-31 06:00:00+00:00,56015.8515625,56121.19921875,55918.05078125,55922.3515625,0.0,46.48383844406707,-102.7219748935022,-81.19034355615561,56047.90939226956,56234.43707469917,152.31681577848036,56091.8984375,0.0013575956247875705,2
2025-07-31 06:30:00+00:00,56091.8984375,56169.30078125,55905.5,56016.0,0.0,49.89406917548087,-86.5984555854593,-82.27196596201635,56052.09882514865,56228.84732422077,160.2799561693032,56299.1015625,0.0036939937989596593,2
2025-07-31 07:00:00+00:00,56299.1015625,56321.05078125,56076.6015625,56092.0,0.0,57.78709708911194,-56.45016745994508,-77.1076062616021,56075.62289537259,56231.60239238858,166.29204635363868,56383.69921875,0.001502646648030157,2
2025-07-31 07:30:00+00:00,56383.69921875,56383.69921875,56273.44921875,56299.25,0.0,60.52149619112372,-25.437876065763703,-66.77366022243443,56104.963497599005,56237.56697381452,162.28904304266447,56292.94921875,-0.001609507734636569,0
2025-07-31 08:00:00+00:00,56292.94921875,56403.55078125,56261.80078125,56380.8515625,0.0,56.30784504875218,-8.089922682112956,-55.03691271437014,56122.866899613386,56239.73882655709,160.82196853961702,56183.05078125,-0.0019522593686279123,0
2025-07-31 08:30:00+00:00,56183.05078125,56380.75,56170.3984375,56293.1484375,0.0,51.62075952195868,-3.1728553851498877,-44.66410124852609,56128.598697864494,56237.515765956814,164.35979667964438,56123.19921875,-0.0010652957015992854,0
2025-07-31 09:00:00+00:00,56123.19921875,56240.8984375,56067.19921875,56180.0,0.0,49.217914096305705,-4.058777954363904,-36.54303658969365,56128.08446175835,56233.03276410557,165.02689825609835,55992.6484375,-0.0023261464611301907,0
2025-07-31 09:30:00+00:00,55992.6484375,56124.6015625,55906.44921875,56124.6015625,0.0,44.36673227524521,-15.1209302897405,-32.25861532970302,56115.18579278136,56223.6059277681,168.82157293423418,55867.05078125,-0.0022431097609214605,0
2025-08-01 04:00:00+00:00,55867.05078125,55935.05078125,55774.69921875,55819.5,0.0,40.25580660171901,-33.634726717289595,-32.533837607220335,56091.55388692123,56209.62337300269,172.33069049250318,56053.3515625,0.0033347165931394743,2
2025-08-01 04:30:00+00:00,56053.3515625,56071.19921875,55831.55078125,55866.6484375,0.0,47.95861124382842,-32.8949353660355,-32.60605715898337,56087.91557030968,56203.49506670846,177.13910099303868,55975.6484375,-0.0013862351283912132,0
2025-08-01 05:00:00+00:00,55975.6484375,56096.69921875,55967.25,56055.1484375,0.0,45.33331023064108,-38.138995585235534,-33.71264484423381,56077.22346242305,56194.55990477872,173.73268083282164,55863.19921875,-0.0020088953301819444,0
2025-08-01 05:30:00+00:00,55863.19921875,56059.05078125,55803.5,55978.30078125,0.0,41.76980352281255,-50.78326539418049,-37.126768954223145,56056.84020112085,56181.56536807172,179.57683086262008,55834.30078125,-0.0005173072416930337,1
2025-08-01 06:00:00+00:00,55834.30078125,55889.5,55797.55078125,55864.6015625,0.0,40.88044200533696,-62.41630637960043,-42.1846764392986,56035.645970656966,56167.94714898067,173.31771571171865,55827.94921875,-0.00011375735723609081,1
2025-08-01 06:30:00+00:00,55827.94921875,55863.6015625,55756.0,55834.5,0.0,40.67544894740663,-71.32589269149321,-48.01291968973752,56015.86532761821,56154.61389681476,168.62370476802445,55804.05078125,-0.0004280729963115613,1
2025-08-01 07:00:00+00:00,55804.05078125,55895.55078125,55729.8515625,55825.1484375,0.0,39.86543281312632,-79.39993518438132,-54.29032278866629,55995.69251367838,56140.86632365536,168.41481290959413,55887.80078125,0.0015007871082387402,2
2025-08-01 07:30:00+00:00,55887.80078125,55891.25,55772.94921875,55809.44921875,0.0,44.06896306359757,-78.13999770519877,-59.06025777197279,55985.417110589966,56130.9421847375,164.83523921962313,55774.8515625,-0.0020209995235291804,0
2025-08-01 08:00:00+00:00,55774.8515625,55923.05078125,55748.25,55887.55078125,0.0,40.00722837557173,-85.27257698554604,-64.30272161468744,55965.36324886712,56116.97784661053,165.54706365036435,55739.6015625,-0.000632005267831142,1
2025-08-01 08:30:00+00:00,55739.6015625,55814.6484375,55715.5,55776.69921875,0.0,38.80516107314482,-92.70097867828736,-69.98237302740743,55943.86213587977,56102.17877664541,160.80430463962404,55699.6015625,-0.0007176226395366064,1
2025-08-01 09:00:00+00:00,55699.6015625,55785.75,55681.6015625,55743.0,0.0,37.4307873763919,-100.65541329593545,-76.11698108111304,55920.59922412931,56086.39143491422,156.75745698679376,55639.55078125,-0.0010781186860487249,0
2025-08-01 09:30:00+00:00,55639.55078125,55727.6015625,55562.30078125,55693.6484375,0.0,35.40354600182842,-110.53082566535886,-82.99974999796221,55893.83270575986,56068.86827202543,157.36769443416566,55514.19921875,-0.0022529219006966225,0
2025-08-04 04:00:00+00:00,55514.19921875,55751.6015625,55440.8515625,55720.05078125,0.0,31.56096883231818,-127.00791640305395,-91.80138327898057,55857.67713556845,56047.116544446006,168.32357340315383,55557.75,0.0007844980538833146,1
2025-08-04 04:30:00+00:00,55557.75,55652.0,55492.44921875,55511.80078125,0.0,34.231777762133646,-134.99579791944416,-100.44026620707328,55829.11264646669,56027.92569956578,167.69694539221427,55499.05078125,-0.0010565442040039418,0
2025-08-04 05:00:00+00:00,55499.05078125,55624.5,55462.75,55557.8984375,0.0,32.39667471536205,-144.39825475798716,-109.23186391725604,55797.67818311272,56007.18550669065,167.27216357848468,55592.6015625,0.001685628491534589,2
2025-08-04 05:30:00+00:00,55592.6015625,55641.55078125,55488.8984375,55498.75,0.0,38.09270886442637,-142.65654745476786,-115.91680062475842,55778.1470763877,55990.92731280082,166.22789073359291,55659.5,0.0012033694344163659,2
2025-08-04 06:00:00+00:00,55659.5,55666.6484375,55541.30078125,55592.3515625,0.0,41.86492037880035,-134.32961882740346,-119.59936426528743,55766.84735482697,55977.93016327922,163.30787398476485,55658.94921875,-9.8955479298233e-06,1
2025-08-04 06:30:00+00:00,55658.94921875,55670.6015625,55608.30078125,55657.55078125,0.0,41.84231468748074,-126.31878699596564,-120.94324881142308,55756.57134186726,55965.421106631016,156.09308164656736,55621.6484375,-0.0006701668244472422,1
2025-08-04 07:00:00+00:00,55621.6484375,55721.19921875,55604.44921875,55658.55078125,0.0,40.2569406041687,-121.57852481183365,-121.0703040115052,55743.72154145133,55951.93982548863,153.2828615289554,55555.1484375,-0.0011955776548895993,0
2025-08-04 07:30:00+00:00,55555.1484375,55674.5,55511.8984375,55620.5,0.0,37.52702869620272,-121.78397723381931,-121.21303865596803,55725.76219821787,55936.37937890084,153.94848302688715,55615.25,0.0010818360528298246,2
2025-08-04 08:00:00+00:00,55615.25,55689.8515625,55551.19921875,55560.19921875,0.0,41.39506762352638,-115.76266600051169,-120.12296412487676,55715.23722695902,55923.78606992434,152.85590164996665,55597.44921875,-0.00032007014712691215,1
2025-08-04 08:30:00+00:00,55597.44921875,55636.1015625,55542.19921875,55614.8984375,0.0,40.59340408780856,-111.14588714535056,-118.32754872897156,55704.0193214153,55910.98854634888,148.64493322854045,55627.3515625,0.0005378366124738608,1
2025-08-04 09:00:00+00:00,55627.3515625,55657.25,55568.69921875,55594.8515625,0.0,42.60422909093753,-103.8767607671398,-115.4373911366052,55696.71763009004,55899.86552737441,144.35249380150185,55643.94921875,0.00029837221769135884,1
2025-08-04 09:30:00+00:00,55643.94921875,55656.94921875,55579.69921875,55624.8984375,0.0,43.742501595270944,-95.67376597490512,-111.4846661042652,55691.69206710527,55889.82959370286,139.559458529966,55452.55078125,-0.0034396990182628093,0
2025-08-05 04:00:00+00:00,55452.55078125,55595.69921875,55431.80078125,55591.8984375,0.0,35.098238472050085,-103.42487030036136,-109.87270694348445,55668.91670654763,55872.68140497922,144.74438559925414,55450.6015625,-3.5151110679999294e-05,1
2025-08-05 04:30:00+00:00,55450.6015625,55515.1015625,55394.1484375,55454.1484375,0.0,35.022332437580616,-108.47453506758757,-109.59307256830508,55648.1247880669,55856.129254293766,143.04500984216455,55426.19921875,-0.0004400735620964437,1
2025-08-05 05:00:00+00:00,55426.19921875,55479.94921875,55383.1015625,55450.94921875,0.0,34.03010792252877,-113.14127380183344,-110.30271281501076,55626.98901956053,55839.269252899896,139.74519887129568,55454.05078125,0.0005024981487559435,1
2025-08-05 05:30:00+00:00,55454.05078125,55476.0,55370.19921875,55426.55078125,0.0,36.25007864807926,-113.28641427679396,-110.8994531073674,55610.518711150005,55824.16264616853,137.3205976126317,55421.1015625,-0.000594171539965133,1
2025-08-05 06:00:00+00:00,55421.1015625,55467.6015625,55409.05078125,55457.8515625,0.0,34.759827954694046,-114.73754276255931,-111.66707103840578,55592.47898270715,55808.35632916193,131.694182158158,55492.25,0.0012837788404433611,2
2025-08-05 06:30:00+00:00,55492.25,55520.30078125,55419.5,55421.05078125,0.0,40.45253202029601,-108.89125761308968,-111.11190835334256,55582.93336530647,55795.960002528125,129.48751066471817,55421.75,-0.0012704476751258058,0
2025-08-05 07:00:00+00:00,55421.75,55496.3984375,55403.3984375,55495.25,0.0,37.00671306117039,-108.6938403864333,-110.62829475996072,55567.58256861061,55781.2851004682,126.8812599029526,55304.6484375,-0.002112917085801152,0
2025-08-05 07:30:00+00:00,55304.6484375,55443.8515625,55286.80078125,55420.8984375,0.0,32.113514498504045,-116.64192771157832,-111.83102135028426,55542.54122279056,55762.59346662631,129.03622571345596,55269.8515625,-0.000629185357526033,1
2025-08-05 08:00:00+00:00,55269.8515625,55310.8984375,55227.8984375,55302.8515625,0.0,30.809854872270776,-124.3156280066396,-114.32794268155534,55516.57077895336,55743.2702546998,125.74792387678052,55279.75,0.00017909289097342145,1
2025-08-05 08:30:00+00:00,55279.75,55290.1015625,55203.05078125,55270.75,0.0,31.65974746352579,-128.12146509814193,-117.08664716487266,55494.01641905304,55725.092989809615,122.98384226058192,55297.94921875,0.0003292203519371922,1
2025-08-05 09:00:00+00:00,55297.94921875,55329.75,55241.8984375,55276.25,0.0,33.2824199428441,-128.19138308893162,-119.30759434968444,55475.34335235752,55708.34225368963,120.47439370625465,55392.5,0.001709842455024362,2
2025-08-05 09:30:00+00:00,55392.5,55410.44921875,55278.19921875,55299.5,0.0,41.10626830551947,-119.2427792146118,-119.29463132266991,55467.453509275845,55695.95628295671,121.31550844152216,55425.3984375,0.0005939150155707,1
2025-08-06 04:00:00+00:00,55425.3984375,55479.6015625,55355.1484375,55457.05078125,0.0,43.585218947261744,-108.2484959317153,-117.085404244479,55463.448264344814,55685.34617137017,121.53962390998488,55369.55078125,-0.0010076184894363214,0
2025-08-06 04:30:00+00:00,55369.55078125,55506.80078125,55277.44921875,55425.75,0.0,40.47094698221136,-102.85622381911526,-114.23956815940628,55454.50564690721,55672.96203842429,129.24047666641454,55250.25,-0.002154627942013199,0
2025-08-06 05:00:00+00:00,55250.25,55411.94921875,55228.19921875,55369.6015625,0.0,34.757605603939254,-106.97622994092671,-112.78690051571036,55435.05272815414,55656.38509574099,133.13401404738494,55285.5,0.0006380061628680413,1
2025-08-06 05:30:00+00:00,55285.5,55297.25,55228.94921875,55249.94921875,0.0,37.56235361416404,-106.17308681766008,-111.4641377761003,55420.80961118709,55641.84058218252,128.5030688475717,55316.3515625,0.0005580407611399011,1
2025-08-06 06:00:00+00:00,55316.3515625,55365.8515625,55246.1484375,55284.69921875,0.0,39.99378983575215,-101.87280061775527,-109.54587034443132,55410.86122559784,55629.07630690085,127.874501429888,55412.8515625,0.0017445112932107977,2
2025-08-06 06:30:00+00:00,55412.8515625,55454.19921875,55304.69921875,55315.3515625,0.0,46.95232101923445,-89.64468122332619,-105.56563252021029,55411.05078149328,55620.59690515964,129.41917989918173,55429.94921875,0.0003085503771758723,1
2025-08-06 07:00:00+00:00,55429.94921875,55463.25,55351.55078125,55413.25,0.0,48.10067825865563,-77.67873839323875,-99.98825369481598,55412.850632660586,55613.120525300445,128.1534683885259,55494.3515625,0.001161869073627348,2
2025-08-06 07:30:00+00:00,55494.3515625,55510.80078125,55422.1015625,55429.3984375,0.0,52.290231463907226,-62.28097526831698,-92.4467980095162,55420.61262597863,55608.46291891611,125.33530770005976,55476.3515625,-0.00032435733535380923,1
2025-08-06 08:00:00+00:00,55476.3515625,55559.3984375,55452.3984375,55494.6015625,0.0,51.049847918451135,-50.943343472223205,-84.1461071020576,55425.92109612352,55603.282081409605,124.0256428643412,55405.8984375,-0.001269966805957437,0
2025-08-06 08:30:00+00:00,55405.8984375,55488.5,55402.30078125,55476.0,0.0,46.409459033388025,-47.10022490295523,-76.73693066223713,55424.014176254605,55595.541546354325,121.32375542760256,55362.25,-0.0007877940567868803,1
2025-08-06 09:00:00+00:00,55362.25,55410.1015625,55310.3984375,55406.69921875,0.0,43.75577950472878,-47.034406509337714,-70.79642583165725,55418.131873754166,55586.392858262,119.7794246827738,55422.25,0.0010837709811288379,2
2025-08-06 09:30:00+00:00,55422.25,55470.80078125,55349.94921875,55362.75,0.0,48.14511591745256,-41.66050997292041,-64.96924265990988,55418.52407625377,55579.95588342819,119.8560059554328,55219.3984375,-0.0036601105602894145,0
2025-08-07 04:00:00+00:00,55219.3984375,55310.69921875,55211.75,55308.3515625,0.0,37.492101017261454,-53.15731955295632,-62.60685803851917,55399.5597297058,55565.81637574473,126.3305769586162,55125.05078125,-0.0017085962346508948,0
2025-08-07 04:30:00+00:00,55125.05078125,55233.3984375,55125.05078125,55221.19921875,0.0,33.75142687395112,-69.08531878743088,-63.90255018830151,55373.41602032906,55548.53145047043,125.04608262228646,55129.55078125,8.163257786114567e-05,1
2025-08-07 05:00:00+00:00,55129.55078125,55149.05078125,55076.3984375,55123.6484375,0.0,34.08920593502468,-80.41824902767985,-67.20568995617718,55350.19075946439,55532.1008359912,121.30367270283745,55121.55078125,-0.00014511273693746228,1
2025-08-07 05:30:00+00:00,55121.55078125,55157.6484375,55083.55078125,55131.3984375,0.0,33.75965965649844,-89.01905478255503,-71.56836292145275,55328.41552344397,55516.00083384448,117.9318143847776,55123.75,3.9897621145087237e-05,1
2025-08-07 06:00:00+00:00,55123.75,55191.69921875,55096.69921875,55125.5,0.0,33.94869545325659,-94.56767939354904,-76.16822621587201,55308.92356883026,55500.61844820352,116.2938276430078,55159.0,0.000639470282772852,1
2025-08-07 06:30:00+00:00,55159.0,55202.75,55113.75,55125.3515625,0.0,37.049647419006895,-95.02523224383184,-79.93962742146398,55294.64513370356,55487.22164631319,114.3442685256501,55146.5,-0.0002266175964031255,1
2025-08-07 07:00:00+00:00,55146.5,55171.44921875,55110.75,55159.3984375,0.0,36.39709421358407,-95.29795618927892,-83.01129317502696,55280.53607335084,55473.86001312444,110.5124792559608,55011.30078125,-0.0024516373432584117,0
2025-08-07 07:30:00+00:00,55011.30078125,55148.6484375,55002.75,55146.75,0.0,30.201189280608645,-105.2107350646038,-87.45118155294234,55254.894616960286,55455.72043540388,113.0400477019636,55043.6015625,0.000587166287495048,1
2025-08-07 08:00:00+00:00,55043.6015625,55067.6015625,54973.8984375,55013.5,0.0,33.13001019818125,-109.20147402602744,-91.80124004755936,55234.77146891645,55439.55891097627,111.65883893753762,55231.94921875,0.003421790197288201,2
2025-08-07 08:30:00+00:00,55231.94921875,55295.94921875,55043.6015625,55043.6015625,0.0,47.07549143890493,-96.0587758587426,-92.65274720979602,55234.50268318632,55431.41735441838,121.70804017414208,55357.44921875,0.0022722355769655795,2
2025-08-07 09:00:00+00:00,55357.44921875,55368.80078125,55226.30078125,55228.0,0.0,53.9645907581839,-74.65570719938114,-89.05333920771305,55246.21187704952,55428.5166432157,123.19318016170337,55591.3515625,0.004225309277270229,2
2025-08-07 09:30:00+00:00,55591.3515625,55614.05078125,55356.8515625,55356.8515625,0.0,63.50060357043475,-38.37726749817375,-78.9181248658052,55279.0823232829,55434.90232632489,132.76504006086742,55347.0,-0.004395495983314626,0
2025-08-08 04:00:00+00:00,55347.0,55454.3984375,55339.0,55391.8515625,0.0,51.49900971203645,-29.00907308841852,-68.93631451032786,55285.55067344643,55431.45517627293,141.30693452080547,55275.19921875,-0.001297284066887094,0
2025-08-08 04:30:00+00:00,55275.19921875,55358.25,55223.05078125,55346.94921875,0.0,48.59276981774439,-27.06642955555435,-60.56233751937316,55284.5648206182,55425.32749166419,140.87066910860509,55181.05078125,-0.0017032672668878185,0
2025-08-08 05:00:00+00:00,55181.05078125,55278.19921875,55170.05078125,55275.3984375,0.0,45.00624383583266,-32.74638271862932,-54.9991465592244,55274.70634067837,55415.74801282442,138.5333668508476,55155.1484375,-0.0004694064970361415,1
2025-08-08 05:30:00+00:00,55155.1484375,55227.75,55147.6015625,55182.3515625,0.0,44.04310068217289,-38.88959415444697,-51.77723607826891,55263.319873709,55405.52842163523,134.3630147543585,55122.19921875,-0.0005973915343068467,1
2025-08-08 06:00:00+00:00,55122.19921875,55162.19921875,55085.55078125,55154.3515625,0.0,42.78869543736002,-45.88789299556083,-50.5993674617273,55249.87981133195,55394.41747250248,130.24054495047574,55171.3515625,0.0008916977995551503,2
2025-08-08 06:30:00+00:00,55171.3515625,55181.6015625,55078.6015625,55123.6015625,0.0,45.29189481025207,-46.926967024977785,-49.8648873743774,55242.40093049081,55385.66978975728,128.2947917397275,55214.19921875,0.0007766287219094262,1
2025-08-08 07:00:00+00:00,55214.19921875,55272.25,55152.1015625,55173.94921875,0.0,47.4503877360204,-43.78822946084984,-48.64955579167189,55239.71505318216,55378.94545363935,127.71290929403268,55085.80078125,-0.002325460466995193,0
2025-08-08 07:30:00+00:00,55085.80078125,55225.6484375,55068.1484375,55212.3984375,0.0,42.091105381544274,-51.07270382557908,-49.13418539845334,55225.05655109338,55367.44958413388,129.8405586301732,55133.44921875,0.0008649858370801516,2
2025-08-08 08:00:00+00:00,55133.44921875,55198.6015625,55060.69921875,55086.05078125,0.0,44.59209677335824,-52.396873013611184,-49.78672292148492,55216.332043251154,55358.27309921687,130.41640042444655,55108.0,-0.00046159308206940785,1
2025-08-08 08:30:00+00:00,55108.0,55200.30078125,55070.0,55133.44921875,0.0,43.51121399610864,-54.86734925193741,-50.80284818757541,55206.01470579866,55348.45846787503,130.4081419119861,55127.30078125,0.0003502355601727517,1
2025-08-08 09:00:00+00:00,55127.30078125,55183.69921875,55079.5,55109.69921875,0.0,44.60782905817451,-54.63797515943588,-51.56987358194751,55198.518141555935,55339.78561741915,128.53607597184424,54920.1484375,-0.0037577088087805857,0
