Price,Close,High,Low,Open,Volume,rsi,macd,macd_signal,ema_20,ema_50,atr,future_close,return_pct,target
2025-07-31 04:34:00+00:00,55572.25,55607.6015625,55565.94921875,55593.8515625,0.0,18.699812037292432,-62.89300083686248,-42.10691001848432,55714.56660326317,55782.20672916542,35.40376814922128,55584.3984375,0.00021860618384175555,1
2025-07-31 04:35:00+00:00,55584.3984375,55596.25,55564.5,55578.5,0.0,22.25905293008543,-65.265737452959,-46.73867550537925,55702.16963509525,55774.44954125697,35.14278470999118,55599.94921875,0.0002797688144000614,1
2025-07-31 04:36:00+00:00,55599.94921875,55601.44921875,55580.3984375,55587.80078125,0.0,26.68374044370215,-65.14043188206415,-50.41902678071623,55692.43435734808,55767.60639135473,34.136213034277525,55627.55078125,0.0004964314336224593,1
2025-07-31 04:37:00+00:00,55627.55078125,55634.6015625,55604.05078125,55604.05078125,0.0,33.87738443259846,-62.098082852076914,-52.75483799498837,55686.25496914826,55762.11401448788,34.173079513971985,55603.8515625,-0.0004260338342630777,1
2025-07-31 04:38:00+00:00,55603.8515625,55636.0,55599.8515625,55626.8515625,0.0,31.05947044422884,-60.89734157100611,-54.38333871019192,55678.40702565795,55755.907643821694,34.31417651297399,55607.94921875,7.369374845183415e-05,1
2025-07-31 04:39:00+00:00,55607.94921875,55622.1484375,55602.25,55607.3515625,0.0,32.110956999048966,-58.935724495284376,-55.29381586721042,55671.69675833338,55750.105352642415,33.284480869190126,55607.8515625,-1.7561562936953638e-06,1
2025-07-31 04:40:00+00:00,55607.8515625,55612.0,55596.6015625,55605.1015625,0.0,32.098392025187,-56.73500307419454,-55.58205330860724,55665.616263492106,55744.52677263683,32.0069063428194,55616.94921875,0.00016360380763451654,1
2025-07-31 04:41:00+00:00,55616.94921875,55630.6484375,55605.80078125,55610.6484375,0.0,34.66334495949161,-53.63849943288369,-55.19334253346253,55660.98130685,55739.52373130794,31.49553133618944,55599.30078125,-0.00031732120779559455,1
2025-07-31 04:42:00+00:00,55599.30078125,55620.6015625,55595.44921875,55618.8984375,0.0,32.12795998002238,-52.00905142978445,-54.55648431272692,55655.106971078574,55734.02479208999,31.04244650860448,55596.75,-4.5877937566801405e-05,1
2025-07-31 04:43:00+00:00,55596.75,55608.6484375,55593.1484375,55598.3515625,0.0,31.76630719537836,-50.34320376149117,-53.713828202479775,55649.54916430919,55728.64146690998,29.932271757989877,55607.19921875,0.00018794657511455256,1
2025-07-31 04:44:00+00:00,55607.19921875,55611.75,55598.1484375,55598.1484375,0.0,34.994461686558324,-47.63078481896082,-52.49721952577599,55645.515836160695,55723.87902580567,28.865680918133453,55634.8984375,0.0004981228894668048,1
2025-07-31 04:45:00+00:00,55634.8984375,55636.80078125,55599.44921875,55606.75,0.0,42.72937953519434,-42.7532450084982,-50.54842462232043,55644.50465533587,55720.38959097015,29.471815316838207,55612.1015625,-0.00040975854437138784,1
2025-07-31 04:46:00+00:00,55612.1015625,55642.6484375,55612.1015625,55636.8984375,0.0,38.65294547389442,-40.26314834778168,-48.49136936741269,55641.41864649436,55716.14300161838,29.548605294206908,55606.3984375,-0.00010255186982262319,1
2025-07-31 04:47:00+00:00,55606.3984375,55613.30078125,55596.55078125,55613.30078125,0.0,37.684361557810405,-38.30832876063505,-46.45476124605716,55638.08338849489,55711.83929322158,28.63441920176356,55604.5,-3.414063045521262e-05,1
2025-07-31 04:48:00+00:00,55604.5,55620.5,55597.05078125,55605.8984375,0.0,37.34885573906242,-36.49165510962485,-44.4621400187707,55634.88497054299,55707.62990917367,28.264047740923303,55591.8515625,-0.00022747147263261068,1
2025-07-31 04:49:00+00:00,55591.8515625,55608.19921875,55587.05078125,55603.69921875,0.0,35.10627103972,-35.6614681453284,-42.70200564408224,55630.78655072937,55703.08958185314,27.75578986657164,55565.75,-0.00046952137348141597,1
2025-07-31 04:50:00+00:00,55565.75,55597.6015625,55552.3515625,55597.6015625,0.0,30.973207800432988,-36.68681419159111,-41.49896735358401,55624.592593517045,55697.703715898126,29.005376304673664,55575.8984375,0.00018263836086078203,1
2025-07-31 04:51:00+00:00,55575.8984375,55582.80078125,55559.19921875,55566.1015625,0.0,34.21604173780075,-36.26250267009891,-40.45167441688699,55619.95505484876,55692.92703831389,28.61938960433983,55597.3515625,0.0003860149021994837,1
2025-07-31 04:52:00+00:00,55597.3515625,55600.5,55570.94921875,55576.94921875,0.0,40.57190958452111,-33.805456575821154,-39.12243084867382,55617.80234129173,55689.17898043884,28.685917579029844,55596.1484375,-2.1639969642214016e-05,1
2025-07-31 04:53:00+00:00,55596.1484375,55600.8984375,55586.3984375,55597.3515625,0.0,40.33653567330614,-31.591148877159867,-37.61617445437104,55615.74006474014,55685.530723853,27.672637751956284,55614.5,0.0003300869397568149,1
2025-07-31 04:54:00+00:00,55614.5,55614.5,55595.94921875,55599.19921875,0.0,45.52759949898257,-28.03233701778663,-35.69940696705415,55615.62196333632,55682.74520527053,27.02107657324512,55629.1484375,0.0002633924156469985,1
2025-07-31 04:55:00+00:00,55629.1484375,55629.1484375,55605.80078125,55614.6484375,0.0,49.31815822358138,-23.75610095111915,-33.31074576386715,55616.91019897095,55680.64337124032,26.75868940729904,55620.6484375,-0.00015279759332555395,1
2025-07-31 04:56:00+00:00,55620.6484375,55642.3515625,55611.8515625,55629.1484375,0.0,47.262931777799686,-20.813111429357377,-30.8112188969652,55617.266221688005,55678.2906287407,27.02592587820625,55638.19921875,0.00031554434806206047,1
2025-07-31 04:57:00+00:00,55638.19921875,55648.3515625,55617.80078125,55618.69921875,0.0,51.73536690675474,-16.870101631066063,-28.022995443785373,55619.259840455816,55676.718416584205,27.277701261905808,55641.69921875,6.290642129230711e-05,1
2025-07-31 04:58:00+00:00,55641.69921875,55647.5,55625.94921875,55640.0,0.0,52.598692592309895,-13.30939479045628,-25.08027531311956,55621.39692410288,55675.345114708354,26.86863554676968,55628.6484375,-0.0002345503719915545,1
2025-07-31 04:59:00+00:00,55628.6484375,55641.75,55618.75,55640.5,0.0,49.07378028856386,-11.409081157042236,-22.346036481904097,55622.08754442642,55673.51387246489,26.592304436286128,55649.1015625,0.00036767251361462667,1
2025-07-31 05:00:00+00:00,55649.1015625,55649.1015625,55616.3984375,55628.6484375,0.0,54.24849699244873,-8.158625106276304,-19.508554206778538,55624.66030805247,55672.55652697608,27.028791619408544,55614.1484375,-0.0006280986398449548,1
2025-07-31 05:01:00+00:00,55614.1484375,55653.55078125,55612.8984375,55648.6484375,0.0,45.701946580327,-8.307279196349555,-17.26829920469274,55623.65917752367,55670.26601366329,28.001902485879363,55600.80078125,-0.0002400046863074833,1
2025-07-31 05:02:00+00:00,55600.80078125,55617.5,55593.5,55617.5,0.0,42.921096093856576,-9.393846526785635,-15.693408669111324,55621.48218740236,55667.54188690199,27.716052308316552,55594.30078125,-0.00011690479109415929,1
2025-07-31 05:03:00+00:00,55594.30078125,55613.05078125,55594.30078125,55601.80078125,0.0,41.593809623760016,-10.656611853744836,-14.686049306038026,55618.89348205452,55664.66968668035,27.07562000057965,55587.1015625,-0.00012949562542979303,1
2025-07-31 05:04:00+00:00,55587.1015625,55606.30078125,55582.25,55602.8515625,0.0,40.11419491414795,-12.098811689917056,-14.168601782813834,55615.86568019218,55661.6277994576,26.859560089823965,55595.75,0.0001555835302957113,1
2025-07-31 05:05:00+00:00,55595.75,55603.8984375,55587.05078125,55588.0,0.0,42.74895063718924,-12.400958294441809,-13.81507308513943,55613.94990112626,55659.04435634161,26.144424101265116,55602.0,0.00011241866509580319,1
2025-07-31 05:06:00+00:00,55602.0,55610.19921875,55591.8515625,55596.1484375,0.0,44.6443699936803,-11.997785881532764,-13.451615644418098,55612.81181530471,55656.80732275959,25.587512111889037,55612.69921875,0.00019242507014136182,1
2025-07-31 05:07:00+00:00,55612.69921875,55613.6015625,55582.1015625,55603.0,0.0,47.82864597742597,-10.691684223194898,-12.899629360173458,55612.801091823305,55655.07759319059,26.00983267532553,55603.3515625,-0.00016808492271219247,1
2025-07-31 05:08:00+00:00,55603.3515625,55628.75,55596.05078125,55613.0,0.0,45.37291421584259,-10.292224627934049,-12.378148413725576,55611.901136649656,55653.0491213988,26.48764596637371,55613.8984375,0.00018968056247733493,1
2025-07-31 05:09:00+00:00,55613.8984375,55618.6015625,55596.55078125,55605.30078125,0.0,48.58083482227519,-9.020621245574148,-11.70664298009529,55612.09135577826,55651.51380046159,26.1707270580613,55620.19921875,0.00011329508319005801,1
2025-07-31 05:10:00+00:00,55620.19921875,55624.5,55607.69921875,55614.5,0.0,50.45276767113411,-7.418925262296398,-10.849099436535514,55612.86353320415,55650.28577764937,25.501445214628347,55621.94921875,3.146338964226618e-05,1
2025-07-31 05:11:00+00:00,55621.94921875,55623.0,55610.05078125,55620.1015625,0.0,50.98648271361226,-5.939887950473349,-9.86725713932308,55613.72883658946,55649.17454004548,24.60485761001204,55619.69921875,-4.045165679381713e-05,1
2025-07-31 05:12:00+00:00,55619.69921875,55631.80078125,55612.55078125,55621.25,0.0,50.23720185555009,-4.892894182514283,-8.872384547961323,55614.29744441428,55648.01864509272,24.22236778072546,55615.44921875,-7.641177603792721e-05,1
2025-07-31 05:13:00+00:00,55615.44921875,55624.30078125,55609.19921875,55619.69921875,0.0,48.77901328193684,-4.355871781037422,-7.969081994576543,55614.40713720816,55646.74141268712,23.570881689245063,55636.6484375,0.0003811749980948274,1
2025-07-31 05:14:00+00:00,55636.6484375,55636.6484375,55605.6015625,55615.25,0.0,55.68814936686624,-2.194382400601171,-6.814142075781469,55616.52535628357,55646.34560973861,24.10488121144185,55643.6015625,0.0001249738292163818,1
2025-07-31 05:15:00+00:00,55643.6015625,55659.44921875,55617.6484375,55635.75,0.0,57.7033869883743,0.078764634214167,-5.435560733782341,55619.1040425899,55646.23800004298,25.36887407133886,55647.75,7.455372016745524e-05,1
2025-07-31 05:16:00+00:00,55647.75,55652.69921875,55628.3515625,55639.8984375,0.0,58.904247352208415,2.1897521727878484,-3.910498152468304,55621.8322290099,55646.29729415894,25.295929941243227,55668.3984375,0.00037105610738978666,1
2025-07-31 05:17:00+00:00,55668.3984375,55672.3515625,55648.25,55652.30078125,0.0,64.33235747182542,5.465874151181197,-2.035223691738404,55626.26710600896,55647.16400566251,25.24633226686871,55696.75,0.0005092936620375535,1
2025-07-31 05:18:00+00:00,55696.75,55714.75,55665.6015625,55666.75,0.0,70.16036052846522,10.23201032626821,0.4182231118629191,55632.97976257953,55649.10855446007,26.95362549780666,55691.25,-9.874902934192749e-05,1
2025-07-31 05:19:00+00:00,55691.25,55706.3515625,55684.1484375,55701.5,0.0,67.84440725787397,13.410812055168208,3.016740900523977,55638.52930900053,55650.76116016752,26.61430403367761,55699.44921875,0.00014722633717145872,1
2025-07-31 05:20:00+00:00,55699.44921875,55712.19921875,55691.6015625,55691.6015625,0.0,69.46272122072817,16.402565195399802,5.693905759499143,55644.331205167146,55652.6704957982,26.209655084843494,55700.69921875,2.2441873618728978e-05,1
2025-07-31 05:21:00+00:00,55700.69921875,55702.19921875,55677.3984375,55699.1015625,0.0,69.71297754665169,18.6593226107434,8.286989129747994,55649.69958741313,55654.553975129646,26.10902123949753,55707.1484375,0.00011578344330422804,1
2025-07-31 05:22:00+00:00,55707.1484375,55714.30078125,55697.5,55700.94921875,0.0,71.03200822693647,20.72926313431526,10.77544393066145,55655.17090646903,55656.61650306574,25.44414695453342,55696.25,-0.00019563804297445555,1
2025-07-31 05:23:00+00:00,55696.25,55720.30078125,55694.55078125,55708.44921875,0.0,65.81562888270432,21.245389463227184,12.869433037174598,55659.08320109103,55658.170757847474,25.46599360063817,55702.30078125,0.00010863893439863545,1
2025-07-31 05:24:00+00:00,55702.30078125,55715.44921875,55695.8515625,55698.3515625,0.0,67.25347430972965,21.89033264725731,14.673612959191145,55663.19916110617,55659.90134700052,25.046826647021163,55706.69921875,7.896330022835541e-05,1
2025-07-31 05:25:00+00:00,55706.69921875,55711.94921875,55682.3515625,55699.3984375,0.0,68.29735708375092,22.49704004047817,16.23829837544855,55667.34202373892,55661.73655765736,25.371885904376796,55712.80078125,0.00010953013884452716,1
2025-07-31 05:26:00+00:00,55712.80078125,55714.44921875,55693.75,55696.8984375,0.0,69.73849120675649,23.202738396532368,17.631186379665316,55671.67142921616,55663.73907622962,25.038123964778453,55705.94921875,-0.00012298004056378146,1
2025-07-31 05:27:00+00:00,55705.94921875,55716.55078125,55670.69921875,55713.55078125,0.0,66.10458464562313,22.944653907426986,18.693879885217648,55674.93598060034,55665.3943759363,26.524798145865702,55674.8515625,-0.0005582465910038362,1
2025-07-31 05:28:00+00:00,55674.8515625,55706.19921875,55654.80078125,55706.19921875,0.0,52.68569354211581,20.00024870763445,18.95515364970101,55674.92794078127,55665.76524599762,28.30148667116101,55708.80078125,0.0006097765471702959,1
2025-07-31 05:29:00+00:00,55708.80078125,55711.80078125,55675.25,55675.25,0.0,61.80189095464416,20.173655260980013,19.19885397195681,55678.153925587816,55667.452914046735,28.91918181964951,55727.8984375,0.00034281219452183447,1
2025-07-31 05:30:00+00:00,55727.8984375,55731.6484375,55710.05078125,55711.6484375,0.0,65.79446188668763,21.60307564879622,19.679698307324696,55682.891498150886,55669.82332673118,28.4855014218174,55751.3984375,0.0004216918394357853,1
2025-07-31 05:31:00+00:00,55751.3984375,55764.8984375,55729.44921875,55729.44921875,0.0,69.95589165506709,24.351446885419136,20.614048022943585,55689.41596856509,55673.0223506829,29.093679891687582,55769.30078125,0.0003211102187879536,1
2025-07-31 05:32:00+00:00,55769.30078125,55772.6015625,55746.25,55753.6484375,0.0,72.68244889657399,27.65532702083874,22.022303822522616,55697.02404596365,55676.79797541102,28.897814363709895,55769.94921875,1.1627140575841841e-05,1
2025-07-31 05:33:00+00:00,55769.94921875,55788.8984375,55764.5,55769.8984375,0.0,72.7788107864152,29.98040388453228,23.61392383492455,55703.96930051473,55680.45096534589,28.576430302016337,55790.6484375,0.0003711536237698576,1
2025-07-31 05:34:00+00:00,55790.6484375,55791.6015625,55767.3984375,55772.19921875,0.0,75.7227784840362,33.111608006976894,25.513460669335014,55712.22445641809,55684.772434842125,28.264051351872315,55846.1484375,0.0009947903735547077,2
2025-07-31 05:35:00+00:00,55846.1484375,55855.5,55786.80078125,55788.30078125,0.0,81.50002399213251,39.614840775189805,28.333736690505976,55724.97912128303,55691.10090553459,31.15227759459572,55843.55078125,-4.651451035888638e-05,1
2025-07-31 05:36:00+00:00,55843.55078125,55861.55078125,55831.1015625,55848.6015625,0.0,80.53402949546557,44.051294544879056,31.477248261380595,55736.271660327504,55697.07933203324,31.102059105696025,55851.75,0.00014682481030115594,1
2025-07-31 05:37:00+00:00,55851.75,55860.94921875,55819.44921875,55843.3984375,0.0,81.28793032002415,47.67920831547963,34.7176402722004,55747.26959743917,55703.14484842409,31.84476916957488,55851.8984375,2.657705443428362e-06,1
2025-07-31 05:38:00+00:00,55851.8984375,55865.0,55834.8984375,55852.05078125,0.0,81.30204880255003,49.99007926606282,37.77212807097288,55757.23424887353,55708.9783225055,31.720254407462388,55846.80078125,-9.127095752536389e-05,1
2025-07-31 05:39:00+00:00,55846.80078125,55877.55078125,55831.05078125,55850.69921875,0.0,79.0949263980724,50.82425254055852,40.38255296489001,55765.76439481415,55714.3831248092,32.77595052121507,55819.6015625,-0.0004870327103702575,1
2025-07-31 05:40:00+00:00,55819.6015625,55848.69921875,55815.6484375,55848.69921875,0.0,68.42183531669657,48.728875091335794,42.05181739017917,55770.89174411756,55718.50933805198,32.79558128755686,55816.75,-5.108532522947458e-05,1
2025-07-31 05:41:00+00:00,55816.75,55832.8515625,55816.55078125,55824.0,0.0,67.3950474663003,46.30440771555004,42.90233545525334,55775.259197058745,55722.36191303034,31.617381284874224,55800.55078125,-0.00029022146129969946,1
2025-07-31 05:42:00+00:00,55800.55078125,55818.69921875,55800.55078125,55814.25,0.0,61.72791375417381,42.58496531040146,42.838861426282975,55777.66791936267,55725.4281431566,30.65531387166892,55801.69921875,2.0581114055703834e-05,1
2025-07-31 05:43:00+00:00,55801.69921875,55803.80078125,55788.6484375,55803.30078125,0.0,61.97205229388639,39.2771867558331,42.126526492193,55779.95661454241,55728.41916572889,29.54795886297828,55809.3515625,0.00013713460086585904,1
2025-07-31 05:44:00+00:00,55809.3515625,55812.25,55798.3515625,55801.3984375,0.0,63.63657885864083,36.8484624694247,41.07091368763934,55782.75613339551,55731.59298521011,28.43013590847983,55796.3515625,-0.0002329358725023262,1
2025-07-31 05:45:00+00:00,55796.3515625,55817.1015625,55790.0,55808.8515625,0.0,58.91842060135774,33.488653271022486,39.554461604315975,55784.05093616737,55734.132537260695,28.33523780787413,55809.5,0.00023565048846019697,1
2025-07-31 05:46:00+00:00,55809.5,55813.44921875,55792.5,55797.3984375,0.0,61.98815046482572,31.523565257783048,37.94828233500939,55786.47465653238,55737.08812403478,27.807665018025972,55805.1015625,-7.881162705274191e-05,1
2025-07-31 05:47:00+00:00,55805.1015625,55818.3515625,55801.05078125,55809.5,0.0,60.363221431494345,29.273850970967032,36.213396062200914,55788.24864757692,55739.75531770008,27.057173320309836,55794.5,-0.00018997479089123375,1
2025-07-31 05:48:00+00:00,55794.5,55808.6484375,55789.55078125,55805.1015625,0.0,56.51760797489476,26.331940478776232,34.23710494551598,55788.84401447435,55741.90216798636,26.488636386716276,55817.1484375,0.0004059259873285001,1
2025-07-31 05:49:00+00:00,55817.1484375,55817.3515625,55793.05078125,55794.1015625,0.0,62.0761254153492,25.53365872017457,32.4964157004477,55791.53967381013,55744.853002084936,26.33236101980797,55852.5,0.0006333459069408413,1
2025-07-31 05:50:00+00:00,55852.5,55852.75,55815.05078125,55818.05078125,0.0,68.78390992448794,27.437310091983814,31.484594578754923,55797.345419161546,55749.074452983565,27.1442794291074,55857.3984375,8.770310192023634e-05,1
2025-07-31 05:51:00+00:00,55857.3984375,55859.05078125,55842.0,55853.05078125,0.0,69.58663083224315,29.00685749050172,30.989047161104285,55803.06475424139,55753.32245237637,26.42331527345687,55862.1015625,8.419878353737552e-05,1
2025-07-31 05:52:00+00:00,55862.1015625,55869.5,55848.1484375,55858.1015625,0.0,70.37434324678195,30.28117545241548,30.847472819366526,55808.68730740888,55757.5882998322,26.06104721820995,55855.0,-0.00012712666192936877,1
2025-07-31 05:53:00+00:00,55855.0,55864.1484375,55845.6015625,55863.3984375,0.0,67.53018867759343,30.36798168522364,30.75157459253795,55813.0980400366,55761.40836650545,25.52432063119496,55899.55078125,0.0007976149180914869,1
2025-07-31 05:54:00+00:00,55899.55078125,55900.19921875,55853.1015625,55853.8515625,0.0,74.49425561836821,33.64382687690522,31.330025049411404,55821.33163443788,55766.82571610328,27.06527317539532,55923.44921875,0.00042752467892847695,1
2025-07-31 05:55:00+00:00,55923.44921875,55944.94921875,55900.44921875,55900.44921875,0.0,77.30609938815593,37.73339488318743,32.61069901616661,55831.05711865808,55772.96781424629,28.37478491286708,55932.69921875,0.0001654046760209251,1
2025-07-31 05:56:00+00:00,55932.69921875,55937.3984375,55920.75,55923.44921875,0.0,78.30312711824484,41.24535392078542,34.337629997090374,55840.737318666834,55779.23179089349,27.537188669090856,55939.3515625,0.00011893478846752979,1
2025-07-31 05:57:00+00:00,55939.3515625,55956.25,55918.0,55930.1015625,0.0,79.01709923112753,44.05752755227877,36.28160950812806,55850.129151412846,55785.51099762316,28.30238947844151,55936.30078125,-5.4537300930122845e-05,1
2025-07-31 05:58:00+00:00,55936.30078125,55939.1015625,55923.30078125,55935.6015625,0.0,77.75345485453329,45.51535024018085,38.12835765453862,55858.3359733021,55791.42432247128,27.4272746049814,55922.3515625,-0.00024937685465742875,1
2025-07-31 05:59:00+00:00,55922.3515625,55946.3515625,55915.8515625,55933.8515625,0.0,72.07764455113505,45.02606737183669,39.50789959799823,55864.43269608285,55796.55872404104,27.646754990339872,55943.30078125,0.00037461262204946285,1
2025-07-31 06:00:00+00:00,55943.30078125,55948.44921875,55919.5,55922.3515625,0.0,75.02611581980788,45.800771265618096,40.766473931522206,55871.94394228924,55802.31331451982,27.73978811602988,55955.55078125,0.00021897170579726892,1
2025-07-31 06:01:00+00:00,55955.55078125,55955.80078125,55918.05078125,55943.30078125,0.0,76.58324452273658,46.862994871677074,41.98577811955318,55879.90649838074,55808.322626940615,28.454803250599177,55959.6484375,7.323055877010637e-05,1
2025-07-31 06:02:00+00:00,55959.6484375,55976.8515625,55948.5,55954.19921875,0.0,77.09764652200353,47.48804868131265,43.08623223190508,55887.500968773056,55814.25697245275,28.447428911270663,55972.0,0.00022072266079003634,1
2025-07-31 06:03:00+00:00,55972.0,55992.19921875,55955.5,55956.69921875,0.0,78.6220929666324,48.42189868964488,44.15336552345304,55895.54849555657,55820.44297353304,29.036842471179902,56009.30078125,0.0006664185887586651,1
2025-07-31 06:04:00+00:00,56009.30078125,56018.1484375,55968.75,55970.3515625,0.0,82.42638521197954,51.57729194472631,45.6381508077077,55906.38204657499,55827.84916207096,30.491242116095624,55988.5,-0.00037138084139346,1
2025-07-31 06:05:00+00:00,55988.5,56044.19921875,55981.44921875,56008.94921875,0.0,74.46800292181581,51.802369159442605,46.87099447805468,55914.20280404404,55834.14919493092,32.795439107803084,55983.55078125,-8.839705921751788e-05,1
2025-07-31 06:06:00+00:00,55983.55078125,55986.75,55958.8515625,55986.75,0.0,72.67014141420512,50.99356184437784,47.695507951319314,55920.80737330175,55840.00808066892,32.57065327867429,55977.75,-0.00010361581516445714,1
2025-07-31 06:07:00+00:00,55977.75,55994.80078125,55975.30078125,55982.75,0.0,70.52112236640629,49.31601730300463,48.01960982165638,55926.23048060634,55845.40972456426,31.637035187340416,55952.3515625,-0.0004537238009744943,1
2025-07-31 06:08:00+00:00,55952.3515625,55990.3515625,55952.30078125,55974.5,0.0,61.890999988663246,45.41360970160167,47.49840979764544,55928.71820269145,55849.60352213037,32.09515990610181,55983.1484375,0.0005504125231555142,1
2025-07-31 06:09:00+00:00,55983.1484375,55983.1484375,55946.8515625,55954.6015625,0.0,67.14180379045385,44.295364604200586,46.85780075895648,55933.90203457798,55854.84057763506,32.395282412808825,55982.75,-7.117097039385317e-06,1
2025-07-31 06:10:00+00:00,55982.75,55987.30078125,55966.3984375,55985.05078125,0.0,67.01315770955755,42.88267198253743,46.06277500367267,55938.55422176103,55859.856633414085,31.574358222608197,55988.19921875,9.733746109292595e-05,1
2025-07-31 06:11:00+00:00,55988.19921875,55994.6015625,55973.69921875,55981.6015625,0.0,67.91850837981414,41.72186561818671,45.19459312657549,55943.28231671236,55864.88967597628,30.812071474564757,56018.3984375,0.0005393854271327685,1
2025-07-31 06:12:00+00:00,56018.3984375,56020.3984375,55987.8984375,55988.69921875,0.0,72.43391909119673,42.745993573546,44.70487321596959,55950.436232977845,55870.90962740858,30.932637797810127,56041.6015625,0.0004142054333432585,1
2025-07-31 06:13:00+00:00,56041.6015625,56044.1015625,56017.19921875,56017.6015625,0.0,75.30939594766505,44.91220073431032,44.74633871963773,55959.11864531329,55877.60342878472,30.64475965153797,56035.5,-0.00010887559116588193,1
2025-07-31 06:14:00+00:00,56035.5,56054.1015625,56022.6484375,56050.05078125,0.0,73.14856916872206,45.61081730488513,44.91923443668722,55966.39306004535,55883.79545118532,30.70250003357097,56065.5,0.0005353748962711139,1
2025-07-31 06:15:00+00:00,56065.5,56084.6015625,56022.1015625,56039.30078125,0.0,76.68999414372982,48.03154746923974,45.54169704319773,55975.83181623151,55890.92111976629,32.97375003117305,56092.69921875,0.0004851329025871525,1
2025-07-31 06:16:00+00:00,56092.69921875,56121.19921875,56057.19921875,56057.19921875,0.0,79.34928350333458,51.5505011168716,46.743457857932505,55986.9620450428,55898.8339863931,35.18991074323212,56100.8515625,0.0001453369843766572,1
2025-07-31 06:17:00+00:00,56100.8515625,56112.75,56076.55078125,56093.30078125,0.0,80.08272238152234,54.37037540073652,48.26884136649331,55997.80866575301,55906.756244279655,35.26200417228697,56108.30078125,0.00013278263239375405,1
2025-07-31 06:18:00+00:00,56108.30078125,56114.3515625,56090.94921875,56099.55078125,0.0,80.75531565891191,56.55431286928069,49.9259356670508,56008.33172437177,55914.65995161183,34.41488557069504,56080.69921875,-0.0004919336731941053,1
2025-07-31 06:19:00+00:00,56080.69921875,56110.8984375,56067.6015625,56109.0,0.0,71.16570597760051,55.419047348972526,51.024558003435146,56015.2238666935,55921.17129542117,35.049313387073965,56090.6015625,0.00017657311495662047,1
2025-07-31 06:20:00+00:00,56090.6015625,56093.5,56071.80078125,56077.3515625,0.0,72.43057772208967,54.68796876640408,51.757240156028935,56022.402694865545,55927.81561962034,34.095735198711544,56095.6484375,8.997719509883354e-05,1
2025-07-31 06:21:00+00:00,56095.6484375,56111.3515625,56088.19921875,56091.94921875,0.0,73.07876627982404,53.89456140095717,52.184704405014585,56029.37847987835,55934.39729875288,33.314064380946434,56064.05078125,-0.0005632817719400305,1
2025-07-31 06:22:00+00:00,56064.05078125,56097.6484375,56064.05078125,56097.6484375,0.0,63.0792851938862,50.13815215280192,51.77539395457206,56032.68060381851,55939.481749046885,33.33432094302169,56077.80078125,0.00024525520022892344,1
2025-07-31 06:23:00+00:00,56077.80078125,56095.6484375,56057.30078125,56068.44921875,0.0,65.30411472682931,47.720587617608544,50.96443268717936,56036.97776357389,55944.90602481955,33.69241632209157,56085.80078125,0.0001426589468300771,1
2025-07-31 06:24:00+00:00,56085.80078125,56087.1015625,56066.25,56083.69921875,0.0,66.56646789042037,45.92083662715595,49.95571347517468,56041.62757478114,55950.43130938545,32.77521247765646,56060.3515625,-0.0004537551108391753,1
2025-07-31 06:25:00+00:00,56060.3515625,56086.3515625,56054.1015625,56084.55078125,0.0,59.18891351899512,41.95732382406277,48.3560355449523,56043.41081170674,55954.741907546806,32.737697300681,56046.55078125,-0.00024617721554268037,1
2025-07-31 06:26:00+00:00,56046.55078125,56063.19921875,56034.1015625,56061.44921875,0.0,55.59080879868606,37.272944362113776,46.139417308384594,56043.70985642515,55958.342255535164,32.4776943684895,56053.0,0.00011506896785087341,1
2025-07-31 06:27:00+00:00,56053.0,56058.1484375,56036.1484375,56047.1484375,0.0,56.90908751635349,33.69255118694127,43.65004408409593,56044.59463200371,55962.05432394555,31.72928762788311,56018.5,-0.0006154889122794498,1
2025-07-31 06:28:00+00:00,56018.5,56054.6484375,56007.05078125,56052.6015625,0.0,48.59813745523291,27.751302389457123,40.47029574516817,56042.10942895574,55964.26787986926,32.862742529462885,56015.8515625,-4.727790819104403e-05,1
2025-07-31 06:29:00+00:00,56015.8515625,56024.6015625,56011.5,56017.3984375,0.0,48.01839908647473,22.568952307214204,36.89002705757738,56039.60867976948,55966.29076938419,31.451229670215536,55993.3515625,-0.0004016720155525173,1
2025-07-31 06:30:00+00:00,55993.3515625,56021.25,55990.1484375,56016.0,0.0,43.29330330862249,16.456638683717756,32.80334938280546,56035.203240029536,55967.35197695736,31.426253443771568,55977.80078125,-0.00027772549447486024,1
2025-07-31 06:31:00+00:00,55977.80078125,55998.3984375,55972.94921875,55996.69921875,0.0,40.33882655369937,10.239730774330384,28.290625661110443,56029.73633919339,55967.761733988445,30.999322394216456,55965.6484375,-0.00021709219691371797,1
2025-07-31 06:32:00+00:00,55965.6484375,55981.1484375,55961.8515625,55978.25,0.0,38.14792296268024,4.282824155583512,23.48906536000506,56023.63272950831,55967.67885961635,30.163433294629566,55957.6015625,-0.00014378239553476094,1
2025-07-31 06:33:00+00:00,55957.6015625,55966.05078125,55931.19921875,55965.05078125,0.0,36.72552881347316,-1.0749909919250058,18.57625408961905,56017.344046936094,55967.283671494144,30.49829966644174,55959.44921875,3.301886068037282e-05,1
2025-07-31 06:34:00+00:00,55959.44921875,55966.19921875,55947.55078125,55956.5,0.0,37.30358542070674,-5.113067420985317,13.838389787498176,56011.83025377551,55966.9764380532,29.65188094026733,55961.05078125,2.8620054742486173e-05,1
2025-07-31 06:35:00+00:00,55961.05078125,55964.19921875,55945.1484375,55958.6484375,0.0,37.83374177697741,-8.090773968870053,9.452557036224531,56006.99411353499,55966.74405935504,28.894659533819663,55960.80078125,-4.467392883261649e-06,1
2025-07-31 06:36:00+00:00,55960.80078125,55967.6484375,55955.8984375,55959.6015625,0.0,37.78003804598537,-10.351475407020189,5.491750547575587,56002.59474855546,55966.51098962543,27.67004099568969,55920.6015625,-0.0007183460241596291,1
2025-07-31 06:37:00+00:00,55920.6015625,55952.8984375,55920.6015625,55951.8515625,0.0,30.32584877355208,-15.211489990681002,1.3511024399242697,55994.78587369304,55964.71061993424,28.56498226385471,55918.1484375,-4.386800090586025e-05,1
2025-07-31 06:38:00+00:00,55918.1484375,55928.25,55905.5,55924.1484375,0.0,29.937660305043977,-19.04153429422149,-2.727424906904883,55987.48707024609,55962.88465199564,28.149626387865087,55923.8515625,0.00010199059087899544,1
2025-07-31 06:39:00+00:00,55923.8515625,55928.8984375,55912.0,55918.1015625,0.0,32.11332565161115,-21.370333571423544,-6.456006639808615,55981.42654569884,55961.35394260365,27.345970038731867,55952.8984375,0.0005194004738306959,1
2025-07-31 06:40:00+00:00,55952.8984375,55957.8984375,55914.44921875,55921.3515625,0.0,41.99331961432077,-20.6342252151444,-9.291650354875772,55978.70958301324,55961.02235416821,28.49620208953673,55996.6015625,0.0007810699038016211,1
2025-07-31 06:41:00+00:00,55996.6015625,56000.80078125,55948.5,55952.25,0.0,53.06197192803231,-16.336065104485897,-10.700533304797798,55980.4135810596,55962.417617240055,30.196529172426967,56007.55078125,0.00019553362962177533,1
2025-07-31 06:42:00+00:00,56007.55078125,56026.3984375,55992.6484375,55997.80078125,0.0,55.36020589781965,-11.908952808618778,-10.942217205561995,55982.99807631583,55964.18754524044,30.45034851725361,56046.30078125,0.0006918709970258614,1
2025-07-31 06:43:00+00:00,56046.30078125,56056.5,56005.30078125,56005.6484375,0.0,62.38050503454264,-5.213534880997031,-9.796480740649002,55989.02690535718,55967.40767214278,31.932410676735497,56090.30078125,0.0007850651940746814,1
2025-07-31 06:44:00+00:00,56090.30078125,56095.69921875,56043.1484375,56043.8984375,0.0,68.44819400828722,3.601547938429576,-7.116875004833287,55998.67203639459,55972.22700975482,33.40515143196868,56121.55078125,0.0005571373225804902,1
2025-07-31 06:45:00+00:00,56121.55078125,56125.3515625,56088.3515625,56091.55078125,0.0,71.91313359746044,12.959786068313406,-3.1015427902039487,56010.374773999865,55978.08284393111,33.661926329685194,56104.8984375,-0.00029671923740859075,1
2025-07-31 06:46:00+00:00,56104.8984375,56139.75,56103.3984375,56124.30078125,0.0,67.64981224850908,18.815657055340125,1.2818971789048663,56019.37702766655,55983.05600446322,33.854043198993395,56093.80078125,-0.00019780191318522072,1
2025-07-31 06:47:00+00:00,56093.80078125,56106.80078125,56089.05078125,56105.44921875,0.0,64.88891068007649,22.303883602951828,5.486294463714259,56026.465004198304,55987.39893688623,32.703754399065296,56115.1484375,0.0003805706861128886,1
2025-07-31 06:48:00+00:00,56115.1484375,56118.6015625,56089.6015625,56094.05078125,0.0,67.62597289788738,26.485596255886776,9.686154822148763,56034.91104546513,55992.40872122403,32.439200513417774,56123.3515625,0.00014618378866334972,1
2025-07-31 06:49:00+00:00,56123.3515625,56129.3984375,56102.5,56119.75,0.0,68.63769706323606,30.114417038035757,13.771807265326162,56043.3339518494,55997.5437346074,32.04343172674508,56140.1484375,0.00029928495951092105,1
2025-07-31 06:50:00+00:00,56140.1484375,56145.05078125,56113.55078125,56124.94921875,0.0,70.65962164193377,33.95424765609641,17.808295343480214,56052.55437905422,56003.13607589731,32.00461517483471,56133.1484375,-0.00012468794961938864,1
2025-07-31 06:51:00+00:00,56133.1484375,56142.30078125,56123.30078125,56140.3515625,0.0,68.67263498397833,36.01731440635194,21.450099156054563,56060.2300036681,56008.23459988173,31.07571409091795,56153.0,0.00035365132818272624,1
2025-07-31 06:52:00+00:00,56153.0,56166.19921875,56125.6484375,56133.3515625,0.0,71.15031941172515,38.80682394679752,24.921444114203155,56069.065241414,56013.91167439618,31.752504602280958,56153.3515625,6.260796395562125e-06,1
2025-07-31 06:53:00+00:00,56153.3515625,56169.30078125,56145.0,56156.05078125,0.0,71.1937705413767,40.578138983364624,28.05278308803545,56077.092510088856,56019.37990530221,31.2202386485466,56151.8984375,-2.5877796419375567e-05,1
2025-07-31 06:54:00+00:00,56151.8984375,56161.44921875,56127.19921875,56155.19921875,0.0,70.71965378743198,41.3875736817281,30.719741206773985,56084.21688412801,56024.57671048644,31.436650173650413,56150.6015625,-2.3095835333928908e-05,1
2025-07-31 06:55:00+00:00,56150.6015625,56162.19921875,56146.30078125,56153.6484375,0.0,70.26988184662623,41.446638488901954,32.865120663199576,56090.53923444916,56029.5188615458,30.32677783981824,56129.1015625,-0.00038289883637433205,1
2025-07-31 06:56:00+00:00,56129.1015625,56150.05078125,56127.6015625,56149.44921875,0.0,63.104525955232816,39.30548825533333,34.153194181626326,56094.21183712066,56033.42406550479,29.803436565545507,56111.3515625,-0.0003162352417174413,1
2025-07-31 06:57:00+00:00,56111.3515625,56128.75,56108.19921875,56128.75,0.0,57.85905529906472,35.76406869051425,34.47536908340391,56095.844191918695,56036.48004577911,29.16764422157797,56094.5,-0.00030032358926927245,1
2025-07-31 06:58:00+00:00,56094.5,56120.44921875,56092.1015625,56110.3515625,0.0,53.32697685229977,31.237600299959013,33.82781532671493,56095.71617364073,56038.7553381015,29.109073652179543,56091.8984375,-4.637820998493613e-05,1
2025-07-31 06:59:00+00:00,56091.8984375,56105.3515625,56087.3515625,56092.5,0.0,52.64143718469882,27.12770583100064,32.48779342757208,56095.35257972257,56040.83938121517,28.315568391309576,56099.6484375,0.00013816612052514824,1
2025-07-31 07:00:00+00:00,56099.6484375,56110.75,56091.69921875,56092.0,0.0,54.51722911198706,24.216789015372346,30.83359254513213,56095.7617090347,56043.14561871654,27.65379788121604,56087.1484375,-0.00022281779562176958,1
2025-07-31 07:01:00+00:00,56087.1484375,56102.75,56076.6015625,56100.55078125,0.0,51.007956802643776,20.66303038186743,28.799480112479195,56094.94139745997,56044.87121945315,27.54627213970061,56098.55078125,0.0002032969061122096,1
2025-07-31 07:02:00+00:00,56098.55078125,56105.6484375,56082.5,56087.8984375,0.0,53.92168277733209,18.552859097697365,26.75015590952283,56095.28514829711,56046.97630030792,27.23214109400771,56149.3984375,0.000906398749020714,2
2025-07-31 07:03:00+00:00,56149.3984375,56149.80078125,56089.80078125,56104.6484375,0.0,64.1586077113401,20.7443856944592,25.549001866510107,56100.438794887865,56050.99285470761,29.572702444435727,56193.69921875,0.0007889805141779263,1
2025-07-31 07:04:00+00:00,56193.69921875,56203.30078125,56141.30078125,56151.1484375,0.0,70.34097623581256,25.758955911922385,25.590992675592567,56109.3207400176,56056.58918270927,31.88893798411889,56207.30078125,0.00024204782189284315,1
2025-07-31 07:05:00+00:00,56207.30078125,56210.1015625,56191.3515625,56198.1015625,0.0,71.94127144414094,30.479225815499376,26.56863930357393,56118.652172515925,56062.49944147558,30.95044241382468,56236.3515625,0.0005168506732436963,1
2025-07-31 07:06:00+00:00,56236.3515625,56236.3515625,56191.94921875,56204.69921875,0.0,75.03909881047996,36.147542611011886,28.484419965061523,56129.86163822869,56069.31717171183,31.91129250926577,56250.44921875,0.00025068582613031244,1
2025-07-31 07:07:00+00:00,56250.44921875,56260.5,56227.8984375,56234.3984375,0.0,76.40073618514793,41.30119310480222,31.047774593009663,56141.346169706914,56076.42038924275,31.96059750860393,56259.25,0.0001564570838496776,1
2025-07-31 07:08:00+00:00,56259.25,56270.05078125,56232.94921875,56250.19921875,0.0,77.23560141971126,45.570341219819966,33.952287918371724,56152.5751059253,56083.590177899896,32.32780929370365,56240.6484375,-0.0003306400725214076,1
2025-07-31 07:09:00+00:00,56240.6484375,56265.55078125,56231.8984375,56264.6015625,0.0,71.47969781822863,46.91190992851625,36.54421232040063,56160.96304226575,56089.74932533519,32.42241889772482,56227.8984375,-0.00022670435626589587,1
2025-07-31 07:10:00+00:00,56227.8984375,56241.05078125,56206.8984375,56240.1015625,0.0,67.75262768615649,46.41129384639498,38.5176286255995,56167.337841811874,56095.16693757695,32.545984958601615,56241.94921875,0.0002498898525545662,1
2025-07-31 07:11:00+00:00,56241.94921875,56248.6015625,56223.05078125,56233.0,0.0,69.63185001418856,46.61102967839543,40.13630883615868,56174.44368723456,56100.92310546609,32.04632755084436,56216.75,-0.000448050238301468,1
2025-07-31 07:12:00+00:00,56216.75,56251.8515625,56210.3515625,56242.6015625,0.0,62.58747379788242,44.22614395214623,40.954275859356194,56178.472859878886,56105.465336624286,32.7215898686412,56181.75,-0.0006225902422320749,1
2025-07-31 07:13:00+00:00,56181.75,56215.6015625,56178.25,56214.55078125,0.0,54.36142811816648,39.06161930676899,40.57574454883876,56178.78496846185,56108.45689205079,33.13433344945254,56216.3984375,0.0006167205097740814,1
2025-07-31 07:14:00+00:00,56216.3984375,56226.25,56168.8984375,56177.6484375,0.0,59.9704223762018,37.33417057541374,39.92742975415376,56182.36720360834,56112.68989383312,34.864135524491644,56198.55078125,-0.00031748131765934066,1
2025-07-31 07:15:00+00:00,56198.55078125,56246.6484375,56192.6484375,56217.1484375,0.0,56.14279872525385,34.131551035738084,38.76825401047063,56183.90849671707,56116.056987457305,36.23098298702796,56223.8984375,0.00045103754274135045,1
2025-07-31 07:16:00+00:00,56223.8984375,56239.55078125,56194.6015625,56197.69921875,0.0,60.04332135655838,33.255447894567624,37.66569278729003,56187.71706250592,56120.28606392957,36.853714112954535,56216.6015625,-0.00012978244488171526,1
2025-07-31 07:17:00+00:00,56216.6015625,56237.6015625,56214.3515625,56226.6484375,0.0,58.43223735549606,31.60797594185715,36.45414941820346,56190.46796726727,56124.06314230488,35.8820202477435,56219.94921875,5.954924625385212e-05,1
2025-07-31 07:18:00+00:00,56219.94921875,56221.6015625,56197.44921875,56219.1015625,0.0,58.97608742529784,30.22406621033588,35.208132776629945,56193.27570550372,56127.82338059685,35.04418621219039,56258.44921875,0.0006848102948332049,1
2025-07-31 07:19:00+00:00,56258.44921875,56261.69921875,56218.94921875,56222.6484375,0.0,64.69669843780721,31.866597717438708,34.5398257647917,56199.48270676527,56132.94596248521,35.59460148274822,56290.75,0.0005741498690162027,1
2025-07-31 07:20:00+00:00,56290.75,56293.8515625,56256.6484375,56270.75,0.0,68.6469286890598,35.36702976468223,34.70526656476981,56208.17482993048,56139.13435611324,35.709496019694775,56291.8515625,1.9569156566576214e-05,1
2025-07-31 07:21:00+00:00,56291.8515625,56299.5,56277.8984375,56290.6015625,0.0,68.77524648950262,37.79436436278047,35.32308612437194,56216.14404255615,56145.12326616762,34.70178648257372,56287.1015625,-8.438166214387435e-05,1
2025-07-31 07:22:00+00:00,56287.1015625,56294.69921875,56283.1484375,56292.05078125,0.0,67.49252711062499,38.88649985288066,36.03576887007369,56222.90190159842,56150.69104249438,33.0481432516756,56292.1015625,8.883029790489578e-05,1
2025-07-31 07:23:00+00:00,56292.1015625,56308.05078125,56269.1015625,56289.1015625,0.0,68.16559263812543,39.69787096503569,36.76818928906609,56229.49234549381,56156.23655308284,33.469648644413056,56298.5,0.0001136649249610257,1
2025-07-31 07:24:00+00:00,56298.5,56302.3984375,56281.5,56292.80078125,0.0,69.04875563401507,40.39157985958445,37.49286740316977,56236.06450306584,56161.81551178548,32.57170499124069,56270.1484375,-0.000503593568212297,1
2025-07-31 07:25:00+00:00,56270.1484375,56299.19921875,56267.25,56298.44921875,0.0,60.976509350467374,38.213117969440646,37.63691751642395,56239.31059205956,56166.0638618135,32.52724168829493,56292.19921875,0.0003918735219703942,1
2025-07-31 07:26:00+00:00,56292.19921875,56292.19921875,56274.80078125,56275.75,0.0,64.45688192294656,37.82990538634476,37.67551509040811,56244.34760412532,56171.01034639924,31.778923085559576,56311.6015625,0.00034467197976407007,1
2025-07-31 07:27:00+00:00,56311.6015625,56317.55078125,56279.55078125,56284.94921875,0.0,67.22660266528106,38.64632288806024,37.86967664993854,56250.75274301815,56176.523727422806,32.22328572230532,56317.8984375,0.00011182198384130713,1
2025-07-31 07:28:00+00:00,56317.8984375,56321.05078125,56304.8515625,56313.8515625,0.0,68.09553797593787,39.34786710863409,38.165314741677655,56257.14757106405,56182.06783370035,31.0787095099978,56299.1015625,-0.00033376378596336004,1
2025-07-31 07:29:00+00:00,56299.1015625,56319.94921875,56292.0,56318.0,0.0,62.74735030693046,37.94963546254439,38.12217888585101,56261.14318929604,56186.65739169249,30.85517445571224,56305.75,0.00011809136052765052,1
2025-07-31 07:30:00+00:00,56305.75,56308.25,56282.05078125,56299.25,0.0,63.82943655443805,36.95204003654362,37.88815111598953,56265.39145698213,56191.32769005749,30.522606191018507,56312.8515625,0.00012612499611496162,1
2025-07-31 07:31:00+00:00,56312.8515625,56314.0,56282.80078125,56308.94921875,0.0,64.99894887782648,36.31584871945961,37.57369063668355,56269.911467031445,56196.09333211407,30.570935659517183,56318.8984375,0.00010738001774406237,1
2025-07-31 07:32:00+00:00,56318.8984375,56333.55078125,56301.55078125,56310.6015625,0.0,66.00681567554341,35.88592419787892,37.23613734892263,56274.57689279036,56200.909218599794,30.673011683837384,56314.5,-7.809878428075389e-05,1
2025-07-31 07:33:00+00:00,56314.5,56322.75,56305.6015625,56314.69921875,0.0,64.55076804137437,34.78925983826048,36.7467618467902,56278.37909347699,56205.363759046864,29.70697067070614,56291.94921875,-0.0004004436024469719,1
2025-07-31 07:34:00+00:00,56291.94921875,56314.69921875,56286.5,56314.25,0.0,57.54231767793927,31.734668347526167,35.7443431469374,56279.67148636014,56208.75926727052,29.59927410494142,56307.1484375,0.00027000697188395406,1
2025-07-31 07:35:00+00:00,56307.1484375,56308.94921875,56273.44921875,56286.0,0.0,60.64385821025813,30.19229453457956,34.63393342446583,56282.28833884965,56212.61766610305,30.020754526017036,56290.0,-0.00030455169504871093,1
2025-07-31 07:36:00+00:00,56290.0,56306.80078125,56285.25,56305.0,0.0,55.70001736528193,27.27184374626813,33.16151548882629,56283.022782768734,56215.652267432335,29.440589024158676,56317.8984375,0.0004956197814887191,1
2025-07-31 07:37:00+00:00,56317.8984375,56319.5,56283.19921875,56283.19921875,0.0,61.23657482332223,26.898467416445783,31.90890587435019,56286.34427369552,56219.66192116048,29.93060275457591,56296.69921875,-0.00037642062893249276,1
2025-07-31 07:38:00+00:00,56296.69921875,56317.3515625,56282.80078125,56313.80078125,0.0,55.5548179826903,24.60829509345785,30.448783718171725,56287.3304589388,56222.68299165419,30.299678004249063,56292.3984375,-7.63949096427237e-05,1
2025-07-31 07:39:00+00:00,56292.3984375,56295.30078125,56285.8984375,56294.1015625,0.0,54.45101911137935,22.190481862126035,28.79712334696259,56287.81312356368,56225.41693070697,28.906899664659846,56302.69921875,0.00018298707349335438,1
2025-07-31 07:40:00+00:00,56302.69921875,56304.75,56288.6015625,56292.69921875,0.0,56.67151131052362,20.865015505820335,27.21070177873414,56289.230846914754,56228.44760866944,27.99558093861271,56336.8984375,0.0006074170372743148,1
2025-07-31 07:41:00+00:00,56336.8984375,56337.8515625,56301.80078125,56301.8984375,0.0,63.10275834518465,22.316909565619422,26.2319433361112,56293.77061744669,56232.70058234908,28.57095238942609,56360.75,0.00042337372417583226,1
2025-07-31 07:42:00+00:00,56360.75,56362.1015625,56336.3984375,56337.6484375,0.0,66.80358059633423,25.102798392355908,26.006114347360143,56300.149606261286,56237.72212813931,28.36610757589565,56308.0,-0.0009359350257049454,0
2025-07-31 07:43:00+00:00,56308.0,56360.8515625,56303.8515625,56359.6015625,0.0,53.92220408398574,22.79142583902285,25.36317664569269,56300.89726280783,56240.47812311424,30.41138560618882,56306.55078125,-2.573735082048732e-05,1
2025-07-31 07:44:00+00:00,56306.55078125,56318.0,56301.0,56303.1484375,0.0,53.61632082644267,20.605182874576712,24.4115778914695,56301.43569313565,56243.069207747016,29.453429491461044,56304.05078125,-4.439980722158702e-05,1
2025-07-31 07:45:00+00:00,56304.05078125,56327.6015625,56292.25,56304.55078125,0.0,53.05717773480261,18.458067356848915,23.220875784545385,56301.68474914655,56245.46064200204,29.874724706356684,56311.30078125,0.00012876515809079846,1
2025-07-31 07:46:00+00:00,56311.30078125,56311.30078125,56295.75,56304.3984375,0.0,54.53784889217154,17.143853576795664,22.00547134299544,56302.60056172783,56248.04260824705,28.85158588804549,56327.3984375,0.00028586901788210943,1
2025-07-31 07:47:00+00:00,56327.3984375,56331.69921875,56301.1015625,56306.1484375,0.0,57.72622658207009,17.202970873593586,21.044971249115072,56304.96226418232,56251.15460155109,28.976305199613677,56329.19921875,3.1969899195648433e-05,1
2025-07-31 07:48:00+00:00,56329.19921875,56342.1484375,56318.3984375,56326.1484375,0.0,58.08040318781159,17.19689465741976,20.27535593077601,56307.27054556972,56254.215174774574,28.602997685355557,56348.69921875,0.00034617925108917826,1
2025-07-31 07:49:00+00:00,56348.69921875,56358.44921875,56330.19921875,56330.19921875,0.0,61.81152561648795,18.551713637258217,19.93062747207245,56311.21613349165,56257.92043140106,28.649212136401587,56333.6015625,-0.0002679326490109334,1
2025-07-31 07:50:00+00:00,56333.6015625,56350.1015625,56323.1015625,56344.94921875,0.0,57.54120063352238,18.19739452018257,19.58398088169448,56313.34807911149,56260.88831889514,28.53141126951576,56343.19921875,0.00017037178493464088,1
2025-07-31 07:51:00+00:00,56343.19921875,56363.6015625,56331.3984375,56331.3984375,0.0,59.458675748803216,18.47804135701153,19.362792976757888,56316.19104479135,56264.11619732083,28.79367653597892,56331.69921875,-0.0002041062658751725,1
2025-07-31 07:52:00+00:00,56331.69921875,56348.44921875,56331.25,56343.1484375,0.0,56.18454350771221,17.569966470109648,19.00422767542824,56317.668013739785,56266.766511886686,27.96550097983757,56332.3984375,1.2412527221747024e-05,1
2025-07-31 07:53:00+00:00,56332.3984375,56343.8515625,56322.30078125,56329.44921875,0.0,56.34195815675046,16.714062382423435,18.54619461682728,56319.07091124076,56269.34031289113,27.5073067134206,56318.0,-0.0002555978069347582,1
2025-07-31 07:54:00+00:00,56318.0,56339.80078125,56314.44921875,56331.6015625,0.0,52.18433660726944,14.704415306521696,17.777838754766165,56318.968919694016,56271.248535915016,27.35332498389056,56303.1484375,-0.0002637089829184275,1
2025-07-31 07:55:00+00:00,56303.1484375,56326.5,56298.5,56318.69921875,0.0,48.230857345329376,11.777593776321735,16.57778975907728,56317.46220710411,56272.49951244776,27.399516056469803,56322.75,0.0003481432751804094,1
2025-07-31 07:56:00+00:00,56322.75,56322.75,56289.8984375,56301.6484375,0.0,53.26352738477712,10.913939799371292,15.445019767136085,56317.96580642753,56274.47011980275,27.788947945293387,56344.30078125,0.0003826301316963394,1
2025-07-31 07:57:00+00:00,56344.30078125,56360.1484375,56323.1484375,56323.1484375,0.0,58.087731378874295,11.832063081827071,14.722428430074284,56320.47389926777,56277.208577114405,28.47534005634386,56377.8984375,0.0005962920079608207,1
2025-07-31 07:58:00+00:00,56377.8984375,56383.44921875,56345.94921875,56345.94921875,0.0,64.27832376824225,15.096707028686067,14.79728414979664,56325.94290290893,56281.15719909031,29.23770415946216,56383.69921875,0.00010289105147171619,1
2025-07-31 07:59:00+00:00,56383.69921875,56383.69921875,56364.1015625,56380.69921875,0.0,65.23313765765246,17.94517464198725,15.426862248234762,56331.4435044176,56285.17845476324,28.54912930878629,56367.5,-0.00028730322725283453,1
2025-07-31 08:00:00+00:00,56367.5,56380.8515625,56345.94921875,56380.8515625,0.0,60.37948630404594,18.680131251931016,16.07751604897401,56334.87745637783,56288.40675065488,29.2063343581587,56382.30078125,0.0002625765068523529,1
2025-07-31 08:01:00+00:00,56382.30078125,56393.80078125,56367.94921875,56368.3515625,0.0,63.08226571364365,20.223762071669626,16.906765253513136,56339.39396350851,56292.08886950175,28.99879485043308,56377.1015625,-9.221366772831317e-05,1
2025-07-31 08:02:00+00:00,56377.1015625,56403.55078125,56369.3984375,56388.6484375,0.0,61.49528926412433,20.787936721644652,17.68299954713944,56342.985163412464,56295.42270059972,29.36690548611643,56383.3515625,0.00011086061231919153,1
2025-07-31 08:03:00+00:00,56383.3515625,56387.8515625,56373.1015625,56375.44921875,0.0,62.70975440253253,21.491629832344188,18.44472560418039,56346.82958237318,56298.87089126247,28.32284080853669,56368.8515625,-0.0002571681107662958,1
2025-07-31 08:04:00+00:00,56368.8515625,56388.75,56364.8984375,56381.8515625,0.0,58.12900293286761,20.64134232839569,18.88404894902345,56348.92691381383,56301.61523131101,28.00346378649835,56371.1015625,3.991566153348487e-05,1
2025-07-31 08:05:00+00:00,56371.1015625,56371.3515625,56358.69921875,56368.1484375,0.0,58.63394888289361,19.919420867146982,19.09112333264816,56351.03878511727,56304.34018547529,26.906955212462755,56360.05078125,-0.00019603628355120456,1
2025-07-31 08:06:00+00:00,56360.05078125,56390.55078125,56357.55078125,56371.80078125,0.0,55.11817019378099,18.245267134065216,18.921952092931573,56351.897070463245,56306.52491472136,27.342172697286845,56370.5,0.00018540115924587264,1
2025-07-31 08:07:00+00:00,56370.5,56381.75,56355.5,56360.1484375,0.0,57.700900335918256,17.559240865877655,18.64940984752079,56353.66877803817,56309.03374159504,27.26416036176636,56372.6484375,3.811279836084477e-05,1
2025-07-31 08:08:00+00:00,56372.6484375,56385.19921875,56363.69921875,56371.94921875,0.0,58.23308754838161,16.993035916544613,18.31813506132556,56355.47636465358,56311.52843555209,26.85243462164019,56357.8515625,-0.0002624832327401683,1
2025-07-31 08:09:00+00:00,56357.8515625,56373.3984375,56351.55078125,56372.44921875,0.0,53.2627188313724,15.175397726416122,17.68958759434367,56355.70257397229,56313.34502876574,26.494950452237315,56346.6015625,-0.00019961726162545285,1
2025-07-31 08:10:00+00:00,56346.6015625,56367.30078125,56340.3984375,56359.19921875,0.0,49.78357733681012,12.680947318469409,16.68785953916882,56354.83581097493,56314.64920655924,26.52404997350608,56324.8515625,-0.0003860037588225222,1
2025-07-31 08:11:00+00:00,56324.8515625,56352.94921875,56321.3515625,56346.69921875,0.0,43.8235562097321,8.847050875563582,15.119697806447771,56351.98016826304,56315.049298949074,26.88645042182707,56297.8984375,-0.0004785298896010739,1
2025-07-31 08:12:00+00:00,56297.8984375,56322.44921875,56293.3984375,56319.19921875,0.0,37.78640778752381,3.5923579259906546,12.81422983035635,56346.829527237984,56314.37671614716,27.21264146312513,56311.3515625,0.00023896318287857935,1
2025-07-31 08:13:00+00:00,56311.3515625,56311.3515625,56285.5,56285.55078125,0.0,42.07568281967573,0.5076784592238255,10.352919556129846,56343.450673453415,56314.2580826708,27.115421537187625,56304.8984375,-0.0001145972316583038,1
2025-07-31 08:14:00+00:00,56304.8984375,56311.3984375,56299.1484375,56311.3984375,0.0,40.62870079935704,-2.429657914559357,7.796404061992006,56339.77903193404,56313.89103776214,26.053605713102797,56290.5,-0.00025572264402506055,1
2025-07-31 08:15:00+00:00,56290.5,56317.6015625,56283.6484375,56305.3984375,0.0,37.52762083259181,-5.851894726903993,5.066744304212806,56335.08579079746,56312.97374216363,26.61785709073831,56302.69921875,0.0002167189623471101,1
2025-07-31 08:16:00+00:00,56302.69921875,56331.19921875,56296.3984375,56296.3984375,0.0,41.59514653462911,-7.493289084413846,2.5547376264874755,56332.00135536437,56312.570819676825,27.623668637828427,56304.69921875,3.552227562358071e-05,1
2025-07-31 08:17:00+00:00,56304.69921875,56313.05078125,56285.6484375,56303.55078125,0.0,42.258904792748034,-8.534344047315244,0.3369212917269315,56329.40115187729,56312.2621294444,27.607859717269253,56291.3984375,-0.00023622861740766948,1
2025-07-31 08:18:00+00:00,56291.3984375,56305.6015625,56274.69921875,56304.69921875,0.0,39.07817273780252,-10.313758900898392,-1.7932147467981334,56325.78184574612,56311.44394544659,27.84318000532145,56295.1015625,6.578491746144052e-05,1
2025-07-31 08:19:00+00:00,56295.1015625,56296.8984375,56284.05078125,56290.6015625,0.0,40.42268776119363,-11.294945650559384,-3.693560927550384,56322.85991400839,56310.80306768398,26.772071165655632,56297.25,3.8163844461933506e-05,1
2025-07-31 08:20:00+00:00,56297.25,56310.05078125,56293.6484375,56295.1015625,0.0,41.233023735433335,-11.763579051003036,-5.307564552240914,56320.42087457902,56310.27157483362,26.03137635025166,56315.44921875,0.0003232701197660632,1
2025-07-31 08:21:00+00:00,56315.44921875,56318.25,56294.1484375,56296.6484375,0.0,47.7198961844885,-10.54489456074225,-6.355030553941182,56319.94738354768,56310.47461969309,25.893532503805112,56309.69921875,-0.00010210342063800072,1
2025-07-31 08:22:00+00:00,56309.69921875,56318.80078125,56303.5,56314.80078125,0.0,45.99251204891501,-9.92860449503496,-7.069745342159938,56318.97136785267,56310.44421181297,25.13690741424761,56284.25,-0.00045195089128669897,1
2025-07-31 08:23:00+00:00,56284.25,56315.0,56284.25,56308.8984375,0.0,39.22480537403996,-11.36274677124311,-7.928345627976573,56315.66457091432,56309.4169878203,25.53784259894421,56269.44921875,-0.00026296488360420545,1
2025-07-31 08:24:00+00:00,56269.44921875,56287.55078125,56261.80078125,56284.1484375,0.0,35.91484174105504,-13.537561625576927,-9.050188827496644,56311.26310880343,56307.84962432735,25.55299669901962,56285.3515625,0.0002826106167874316,1
2025-07-31 08:25:00+00:00,56285.3515625,56291.25,56262.94921875,56269.19921875,0.0,41.615454123270375,-13.818639156750578,-10.003878893347432,56308.79534248882,56306.96734739294,25.749267024089647,56293.1015625,0.0001376912426565249,1
2025-07-31 08:26:00+00:00,56293.1015625,56294.1015625,56276.5,56285.75,0.0,44.219632168741896,-13.263145608158084,-10.655732236309564,56307.3006967756,56306.42359112264,25.16728812951181,56337.5,0.000788701213250902,1
2025-07-31 08:27:00+00:00,56337.5,56344.3984375,56291.44921875,56294.1015625,0.0,56.25701015037439,-9.135027208452811,-10.351591230738215,56310.17682089221,56307.64227382371,27.151711745260968,56300.6015625,-0.0006549534058131795,1
2025-07-31 08:28:00+00:00,56300.6015625,56336.1015625,56281.30078125,56336.1015625,0.0,47.15032735818873,-8.740108636513469,-10.029294711893266,56309.26489152152,56307.36616749729,29.2265336741709,56292.94921875,-0.00013591939584348912,1
2025-07-31 08:29:00+00:00,56292.94921875,56307.94921875,56281.3515625,56301.3515625,0.0,45.50514061682133,-8.941540497391543,-9.811743868992922,56307.71101792423,56306.80079695818,29.03875671530155,56287.94921875,-8.882107030083627e-05,1
2025-07-31 08:30:00+00:00,56287.94921875,56301.75,56282.5,56293.1484375,0.0,44.41466221307748,-9.396319983861758,-9.72865909196669,56305.8289418124,56306.061519381394,28.33955980706572,56299.25,0.00020076732954121576,1
2025-07-31 08:31:00+00:00,56299.25,56301.6015625,56283.19921875,56285.3515625,0.0,47.47817411100292,-8.744061305362266,-9.531739534645808,56305.2023759255,56305.79440097428,27.629758660132456,56311.6015625,0.00021939124411071196,1
2025-07-31 08:32:00+00:00,56311.6015625,56315.6484375,56294.05078125,56299.25,0.0,50.67780467216833,-7.148075174853148,-9.055006662687274,56305.81182226593,56306.02213279882,27.19889420226585,56306.3515625,-9.323123218530817e-05,1
2025-07-31 08:33:00+00:00,56306.3515625,56328.94921875,56302.1015625,56315.3515625,0.0,49.30295548534493,-6.235002563487797,-8.491005842847379,56305.86322609775,56306.03505161063,27.173805777104004,56308.44921875,3.725434505682016e-05,1
2025-07-31 08:34:00+00:00,56308.44921875,56309.05078125,56298.30078125,56305.5,0.0,49.88793314897781,-5.2812437219545245,-7.849053418668808,56306.10951111225,56306.12972483178,26.000676793025143,56332.6484375,0.0004297617690728724,1
2025-07-31 08:35:00+00:00,56332.6484375,56334.80078125,56306.25,56308.19921875,0.0,56.17097762045978,-2.543389644146373,-6.787920663764321,56308.637027911085,56307.16967434818,26.18282711138049,56346.8984375,0.00025296165536775893,1
2025-07-31 08:36:00+00:00,56346.8984375,56346.8984375,56325.8984375,56332.6484375,0.0,59.39918049738794,0.7673893586324994,-5.276858659284957,56312.28097168145,56308.72766506002,25.81262517485332,56365.55078125,0.0003310269822692936,1
2025-07-31 08:37:00+00:00,56365.55078125,56372.44921875,56343.44921875,56343.44921875,0.0,63.21806750832536,4.840495607437333,-3.2533878059404997,56317.35428687846,56310.95602255767,26.04029480522093,56370.44921875,8.690481033371656e-05,1
2025-07-31 08:38:00+00:00,56370.44921875,56380.75,56360.0,56364.69921875,0.0,64.17117828359086,8.367271920804342,-0.9292558605915312,56322.41094705671,56313.28908907502,25.66241660484801,56357.3984375,-0.0002315181346055166,1
2025-07-31 08:39:00+00:00,56357.3984375,56369.44921875,56343.8515625,56368.5,0.0,59.730316324085486,9.993974266937585,1.255390164914292,56325.74308900369,56315.01886744463,25.729219436644577,56342.8515625,-0.00025811828443664573,1
2025-07-31 08:40:00+00:00,56342.8515625,56365.5,56340.94921875,56356.25,0.0,55.14907302221792,9.994130244478583,3.0031381808271504,56327.37246743191,56316.11034568209,25.64504528045568,56359.3515625,0.00029284992758481313,1
2025-07-31 08:41:00+00:00,56359.3515625,56364.8984375,56344.75,56349.5,0.0,58.9911418434655,11.196598543181608,4.641830253298043,56330.41809553363,56317.80607967496,25.38803311756599,56327.1015625,-0.0005722209199698863,1
2025-07-31 08:42:00+00:00,56327.1015625,56366.3515625,56318.0,56359.0,0.0,49.97928624382028,9.438457198368267,5.601155642312088,56330.10223524471,56318.17060841319,27.028285216311275,56320.25,-0.00012163882589267572,1
2025-07-31 08:43:00+00:00,56320.25,56330.5,56298.05078125,56329.1015625,0.0,48.29140513650448,7.406871874671197,5.962298888783911,56329.16392712617,56318.252153181296,27.415494754431897,56308.0,-0.00021750613678028774,1
2025-07-31 08:44:00+00:00,56308.0,56322.8984375,56297.80078125,56316.19921875,0.0,45.34296148305136,4.753557197989721,5.720550550625074,56327.14831501891,56317.8501079585,27.24993486125819,56291.44921875,-0.0002939330334943525,1
2025-07-31 08:45:00+00:00,56291.44921875,56312.19921875,56287.05078125,56307.19921875,0.0,41.64350941115615,1.3002875687088815,4.836497954241835,56323.74840108854,56316.814778969936,27.09982790688261,56285.5,-0.00010568601150915808,1
2025-07-31 08:46:00+00:00,56285.5,56308.0,56284.80078125,56290.30078125,0.0,40.36854875542371,-1.8946652042941423,3.49026532253464,56320.10569622296,56315.5867484221,26.82121296710528,56271.6484375,-0.0002460946869087065,1
2025-07-31 08:47:00+00:00,56271.6484375,56289.75,56265.75,56285.1484375,0.0,37.49052425805834,-5.481209653757105,1.6959703272762912,56315.49071920173,56313.86367740555,26.619697755169188,56291.6484375,0.0003554187686933265,1
2025-07-31 08:48:00+00:00,56291.6484375,56309.44921875,56261.05078125,56269.5,0.0,43.72865610710458,-6.633274853156763,0.0301212911896804,56313.22002570632,56312.9924915269,28.175322022657102,56253.25,-0.0006821338256354913,1
2025-07-31 08:49:00+00:00,56253.25,56288.6484375,56253.25,56284.30078125,0.0,36.249123736372745,-10.52342038142524,-2.080587043333304,56307.50859468668,56310.64964872193,28.905544556753025,56276.1015625,0.0004062265291338723,1
2025-07-31 08:50:00+00:00,56276.1015625,56292.6484375,56253.25,56254.80078125,0.0,42.54718210959959,-11.6284135117603,-3.990152337018703,56304.51744876413,56309.29482181126,29.655036909842096,56272.8984375,-5.691803289612417e-05,1
2025-07-31 08:51:00+00:00,56272.8984375,56293.19921875,56270.25,56270.80078125,0.0,41.92200192238044,-12.617151280399412,-5.715552125694845,56301.50611435802,56307.86751262258,29.176049898424804,56281.25,0.00014841180624942818,1
2025-07-31 08:52:00+00:00,56281.25,56283.8984375,56255.1484375,56276.30078125,0.0,44.22326375214462,-12.581796668593595,-7.088801034274597,56299.57696060964,56306.82368859816,29.145617762823036,56272.30078125,-0.00015900888395335925,1
2025-07-31 08:53:00+00:00,56272.30078125,56278.5,56260.55078125,56270.8984375,0.0,42.28956130142348,-13.124612680221617,-8.295963363464,56296.97922924205,56305.46984909431,28.54230354762139,56255.19921875,-0.0003039072911996209,1
2025-07-31 08:54:00+00:00,56255.19921875,56278.0,56249.6015625,56270.1484375,0.0,38.79826644077899,-14.764554852517904,-9.58968166127478,56293.00018062376,56303.49845182592,28.53202740136272,56203.44921875,-0.0009199149717480974,0
2025-07-31 08:55:00+00:00,56203.44921875,56258.44921875,56185.25,56258.25,0.0,30.57298990920292,-20.009357923656356,-11.673616913751095,56284.47151758817,56299.57495248961,31.722541069122524,56214.19921875,0.00019126939982206108,1
2025-07-31 08:56:00+00:00,56214.19921875,56221.80078125,56198.1015625,56206.5,0.0,33.716579843754786,-23.03295739051828,-13.945485009104534,56277.77891769882,56296.22688449983,31.14944661775663,56238.94921875,0.0004402802200150304,1
2025-07-31 08:57:00+00:00,56238.94921875,56245.0,56205.80078125,56212.30078125,0.0,40.40687127915729,-23.165031532465942,-15.789394313776818,56274.08085113227,56293.980701529246,31.7244303414883,56211.80078125,-0.00048273372595213326,1
2025-07-31 08:58:00+00:00,56211.80078125,56239.94921875,56203.8515625,56237.6015625,0.0,36.10230519435824,-25.1702067829101,-17.665556807603476,56268.14941590539,56290.75795955752,32.036803620667705,56183.05078125,-0.0005114584411177563,1
2025-07-31 08:59:00+00:00,56183.05078125,56209.94921875,56170.3984375,56209.3515625,0.0,32.191284171264655,-28.74782036337274,-19.88200951875733,56260.044784033445,56286.53414864349,32.70577077276287,56104.0,-0.0014070218713787195,0
2025-07-31 09:00:00+00:00,56104.0,56181.6484375,56100.44921875,56180.0,0.0,24.37292156255788,-37.52922870574548,-23.41145335615496,56245.183376030254,56279.37594673591,36.26975589613695,56122.5,0.00032974475973192644,1
2025-07-31 09:01:00+00:00,56122.5,56143.80078125,56094.19921875,56107.25,0.0,28.735100053846597,-42.50578249300452,-27.23031918352487,56233.49924497976,56273.22394882469,37.22202779641288,56128.25,0.00010245445231413426,1
2025-07-31 09:02:00+00:00,56128.25,56129.6015625,56092.19921875,56118.6484375,0.0,30.084925872252867,-45.46170603011706,-30.87659655284331,56223.47550736264,56267.5386959296,37.23490750738339,56166.1015625,0.0006743763167388971,1
2025-07-31 09:03:00+00:00,56166.1015625,56178.8515625,56115.80078125,56129.75,0.0,38.36156978933696,-44.24002055599704,-33.54928135347406,56218.01132213762,56263.56076912844,39.07889848899886,56178.94921875,0.00022874395574176538,1
2025-07-31 09:04:00+00:00,56178.94921875,56193.44921875,56166.3515625,56167.1015625,0.0,40.91816631411454,-41.75381553432817,-35.19018818964488,56214.29112181499,56260.2426691136,38.24095261478465,56140.80078125,-0.0006790521722194792,1
2025-07-31 09:05:00+00:00,56140.80078125,56183.19921875,56121.05078125,56176.30078125,0.0,36.12662199667287,-42.373287348862505,-36.62680802148841,56207.29204176118,56255.55867351111,39.94863010658575,56149.1015625,0.00014785648110620306,1
2025-07-31 09:06:00+00:00,56149.1015625,56171.3984375,56123.05078125,56137.3515625,0.0,37.83250641420632,-41.71357146454102,-37.64416071009893,56201.75009135535,56251.38388484401,40.54856054540106,56200.3515625,0.0009127483534701482,2
2025-07-31 09:07:00+00:00,56200.3515625,56207.44921875,56154.1015625,56154.1015625,0.0,47.20732678170175,-36.63301262109599,-37.44193109229835,56201.61689813103,56249.382617301104,41.81992452430098,56231.1484375,0.0005479836716991178,1
2025-07-31 09:08:00+00:00,56231.1484375,56234.44921875,56201.3984375,56201.3984375,0.0,51.90119947760784,-29.778316802206973,-35.90920823428007,56204.42942568998,56248.66755142655,41.268333933279486,56220.25,-0.00019381495492864484,1
2025-07-31 09:09:00+00:00,56220.25,56240.8984375,56194.80078125,56234.44921875,0.0,50.20019548652995,-24.93786561302113,-33.71493971002828,56205.936147052846,56247.55313764512,41.61328552733095,56235.19921875,0.0002659045228365224,1
2025-07-31 09:10:00+00:00,56235.19921875,56238.69921875,56200.25,56220.6484375,0.0,52.49984629321559,-19.66876685383613,-30.905705138789852,56208.7231062621,56247.068670237466,41.3872807575216,56165.6484375,-0.0012367837620607255,0
2025-07-31 09:11:00+00:00,56165.6484375,56237.05078125,56163.5,56235.19921875,0.0,42.635398424211765,-20.86462055413722,-28.89748822185933,56204.62075685619,56243.87571993404,43.684673649841486,56165.05078125,-1.0640957001770573e-05,1
2025-07-31 09:12:00+00:00,56165.05078125,56194.1015625,56161.6015625,56170.3515625,0.0,42.56139280139724,-21.611445797345368,-27.44027973695654,56200.85218775084,56240.784545868,42.885768389138526,56185.55078125,0.0003649956639377538,1
2025-07-31 09:13:00+00:00,56185.55078125,56190.30078125,56146.30078125,56157.6484375,0.0,46.02234412529906,-20.31495337196975,-26.015214463959182,56199.39491094124,56238.61851588299,42.96535636134292,56196.6015625,0.00019668368639874255,1
2025-07-31 09:14:00+00:00,56196.6015625,56216.6484375,56181.3515625,56181.3515625,0.0,47.846649791665904,-18.186129709676607,-24.449397513102674,56199.12887775635,56236.97079222091,42.41760769267557,56183.3515625,-0.0002357793822329948,1
2025-07-31 09:15:00+00:00,56183.3515625,56203.44921875,56165.94921875,56197.05078125,0.0,45.84590490519744,-17.36797863854008,-23.03311373819016,56197.62627630337,56234.8680773299,42.06635000034159,56147.19921875,-0.0006434707568092138,1
2025-07-31 09:16:00+00:00,56147.19921875,56183.3515625,56132.8984375,56183.3515625,0.0,40.82922304922638,-19.41299905416236,-22.309090801384595,56192.82369939352,56231.43008287578,42.665405357460045,56108.8515625,-0.0006829843123714361,1
2025-07-31 09:17:00+00:00,56108.8515625,56155.6484375,56097.5,56143.69921875,0.0,36.29270724987304,-23.85306456151011,-22.6178855534097,56184.82635302271,56226.62308207674,43.77133622478433,56137.0,0.0005016755238457391,1
2025-07-31 09:18:00+00:00,56137.0,56137.0,56089.1015625,56112.44921875,0.0,41.4364458261602,-24.81445916628581,-23.057200275984925,56180.27146225865,56223.10845140706,44.06612917301402,56109.55078125,-0.0004889683942854089,1
2025-07-31 09:19:00+00:00,56109.55078125,56144.75,56097.19921875,56135.55078125,0.0,38.19762806157132,-27.474583965857164,-23.940677013959377,56173.53615930545,56218.65520944012,44.31503289279873,56117.44921875,0.00014076814713404197,1
2025-07-31 09:20:00+00:00,56117.44921875,56118.3515625,56081.94921875,56108.3984375,0.0,39.65916965346069,-28.615551869028423,-24.87565198497319,56168.194545919214,56214.68634706012,43.74984081117025,56112.3515625,-9.083905845629149e-05,1
2025-07-31 09:21:00+00:00,56112.3515625,56130.8984375,56087.69921875,56122.19921875,0.0,39.01783712094976,-29.590020076720972,-25.818525603322747,56162.87616654595,56210.67321825384,43.71051066394381,56110.5,-3.299741408872629e-05,1
2025-07-31 09:22:00+00:00,56110.5,56121.05078125,56100.05078125,56114.0,0.0,38.77258267013543,-30.16398710466456,-26.68761790359111,56157.887960208245,56206.74485675369,42.08833133080496,56133.3984375,0.00040809540995000935,1
2025-07-31 09:23:00+00:00,56133.3984375,56133.3984375,56098.44921875,56113.3984375,0.0,43.50231451246277,-28.44327124787378,-27.03874857244765,56155.55562471222,56203.86852658688,41.57839471789032,56077.75,-0.000991360563390083,0
2025-07-31 09:24:00+00:00,56077.75,56133.94921875,56077.75,56133.94921875,0.0,36.18641198392345,-31.210183795992634,-27.87303561715665,56148.14556521582,56198.92270201485,42.62273929161244,56104.94921875,0.00048502692690059783,1
2025-07-31 09:25:00+00:00,56104.94921875,56109.55078125,56067.19921875,56077.5,0.0,41.37584906825799,-30.852582914369123,-28.46894507659914,56144.03162745717,56195.23746737701,42.60336952078298,56107.94921875,5.3471218524825165e-05,1
2025-07-31 09:26:00+00:00,56107.94921875,56115.05078125,56077.3515625,56105.30078125,0.0,41.93671389641562,-29.981498657660268,-28.77145579281137,56140.5952075803,56191.814398803406,42.25307303715562,56105.3515625,-4.629747274976007e-05,1
2025-07-31 09:27:00+00:00,56105.3515625,56115.6015625,56087.8984375,56107.3984375,0.0,41.5658932835124,-29.164576178387502,-28.8500798699266,56137.23866995361,56188.42369934053,41.21379103450165,56145.94921875,0.0007235968605378971,1
2025-07-31 09:28:00+00:00,56145.94921875,56155.05078125,56095.5,56104.3515625,0.0,49.13572605782296,-24.95361788347509,-28.070787472636297,56138.068246029456,56186.75803343501,42.52357604989438,56123.19921875,-0.00040519396887144643,1
2025-07-31 09:29:00+00:00,56123.19921875,56150.05078125,56111.69921875,56148.25,0.0,45.57292249096643,-23.18487713522336,-27.09360540515371,56136.65214819332,56184.26553089835,42.22557508204478,56047.0,-0.0013577133843172447,0
2025-07-31 09:30:00+00:00,56047.0,56124.6015625,56039.0,56124.6015625,0.0,36.12465793742357,-27.61346662437427,-27.197577648997825,56128.113848365385,56178.882568902336,45.32385989761301,56024.94921875,-0.0003934337475690046,1
2025-07-31 09:31:00+00:00,56024.94921875,56048.5,56024.1484375,56044.6015625,0.0,33.932275590143405,-32.527512544664205,-28.263564628131103,56118.28864554488,56172.84596693558,43.82583865492637,56024.0,-1.694278644133644e-05,1
2025-07-31 09:32:00+00:00,56024.0,56034.30078125,56013.30078125,56026.30078125,0.0,33.83707658757746,-36.08258577229572,-29.82736885696403,56109.3087745406,56167.00887019301,42.19542160814592,56012.69921875,-0.00020171321665714693,1
2025-07-31 09:33:00+00:00,56012.69921875,56028.3515625,56008.1015625,56023.80078125,0.0,32.66220146151325,-39.35818881932937,-31.733532849437097,56100.1078644653,56160.957511312896,40.62789149327836,56006.1484375,-0.00011695171526044142,1
2025-07-31 09:34:00+00:00,56006.1484375,56016.8515625,55998.1484375,56016.8515625,0.0,31.96925340469573,-41.998587559086445,-33.78654379136697,56091.159347611465,56154.8865672418,39.06183674375848,55996.05078125,-0.00018029549490032276,1
2025-07-31 09:35:00+00:00,55996.05078125,56011.30078125,55984.3984375,56008.44921875,0.0,30.881656448569075,-44.39417068786861,-35.9080691706673,56082.10138891038,56148.65771288919,38.193301529918585,55986.0,-0.00017949089462154452,1
2025-07-31 09:36:00+00:00,55986.0,55996.30078125,55968.19921875,55996.1484375,0.0,29.79511939455638,-46.566907305124914,-38.03983679755882,56072.94887568082,56142.2789790504,37.47246302778154,55980.3515625,-0.00010089017790161826,1
2025-07-31 09:37:00+00:00,55980.3515625,55988.1484375,55973.44921875,55985.69921875,0.0,29.173890716205577,-48.18910442914057,-40.06969032387517,56064.13008394931,56135.92888428371,35.84580272222572,55980.5,2.651599996371495e-06,1
2025-07-31 09:38:00+00:00,55980.5,55987.0,55975.8515625,55985.80078125,0.0,29.21565870350939,-48.89905184048985,-41.83556262719811,56056.16531404938,56129.83363391965,34.08170520635245,55956.1015625,-0.0004358381489983119,1
2025-07-31 09:39:00+00:00,55956.1015625,55982.25,55944.75,55981.3515625,0.0,26.454146401211005,-50.84433839537087,-43.63731778083266,56046.63543294944,56123.02061151104,34.32586912018442,56009.25,0.0009498238085910258,2
2025-07-31 09:40:00+00:00,56009.25,56009.25,55937.8984375,55954.0,0.0,39.80237981693031,-47.549239247251535,-44.41970207411644,56043.07491552568,56118.55901890276,36.97056150445696,56003.5,-0.00010266161392984194,1
2025-07-31 09:41:00+00:00,56003.5,56020.0,55986.0,56009.25,0.0,38.9781490195686,-44.88442664690229,-44.51264698867361,56039.3058759518,56114.04690051442,36.75837853985289,55993.8515625,-0.0001722827591132697,1
2025-07-31 09:42:00+00:00,55993.8515625,56024.3984375,55984.80078125,56008.1484375,0.0,37.572166681300985,-43.05478299538663,-44.22107419001622,56034.9768937183,56109.33335784719,36.96118409057768,55953.1015625,-0.0007277584745981457,1
2025-07-31 09:43:00+00:00,55953.1015625,55994.19921875,55947.1484375,55992.1015625,0.0,32.27671206853914,-44.38136095507798,-44.25313154302857,56027.17924312608,56103.20662077475,37.68186960196499,55967.6484375,0.0002599833538048117,1
2025-07-31 09:44:00+00:00,55967.6484375,55969.05078125,55946.75,55954.5,0.0,35.75756580881858,-43.754497693233134,-44.15340477306949,56021.50964259027,56097.8906135875,36.58322043396749,55964.19921875,-6.162879531827748e-05,1
2025-07-31 09:45:00+00:00,55964.19921875,55973.80078125,55956.8984375,55968.19921875,0.0,35.29434445120857,-43.03989010696387,-43.93070183984837,56016.05150698643,56092.647813789954,35.177443527969814,55948.3984375,-0.0002823373061810232,1
2025-07-31 09:46:00+00:00,55948.3984375,55966.1015625,55936.8984375,55965.6015625,0.0,33.174208529152494,-43.24999047262827,-43.79455956640435,56009.60835751153,56086.99097550407,34.750706490257684,55937.80078125,-0.00018941840242019887,1
2025-07-31 09:47:00+00:00,55937.80078125,55950.69921875,55927.6484375,55948.6015625,0.0,31.794685151385156,-43.767118716692494,-43.78907139646199,56002.76954072472,56081.14037965098,33.914997544524994,55945.30078125,0.00013407749134309823,1
2025-07-31 09:48:00+00:00,55945.30078125,55952.3984375,55931.0,55938.80078125,0.0,33.889918066397655,-43.07521499091672,-43.64630011535293,55997.29632553665,56075.81333657643,33.02095754134464,55932.3515625,-0.0002314621347846952,1
2025-07-31 09:49:00+00:00,55932.3515625,55955.19921875,55925.19921875,55943.75,0.0,32.058752169503634,-43.07522564745887,-43.53208522177412,55991.11111000935,56070.187384651865,32.80517485982002,55932.44921875,1.7459707534534254e-06,1
2025-07-31 09:50:00+00:00,55932.44921875,55942.44921875,55921.8984375,55935.5,0.0,32.08855388816215,-42.576557992069866,-43.34097977583327,55985.524263222746,56064.78588794984,31.92986103054716,55929.30078125,-5.6289998810646796e-05,1
2025-07-31 09:51:00+00:00,55929.30078125,55935.8515625,55924.69921875,55928.5,0.0,31.607190121592595,-41.95181842740567,-43.06314750614775,55980.16964589201,56059.47274651063,30.445752653365226,55917.6484375,-0.0002083405940577463,1
2025-07-31 09:52:00+00:00,55917.6484375,55931.94921875,55906.44921875,55931.94921875,0.0,29.8240217453109,-41.91379840178706,-42.83327768527562,55974.215245092775,56053.91100890237,30.09248460669628,55936.69921875,0.00034069353383651935,1
2025-07-31 09:53:00+00:00,55936.69921875,55943.80078125,55914.94921875,55919.19921875,0.0,36.16491034078471,-39.88664006659383,-42.24395016153927,55970.64229020299,56049.31446811209,30.00384731336083,55918.8515625,-0.00031906881348510923,1
2025-07-31 09:54:00+00:00,55918.8515625,55943.6015625,55907.8984375,55935.19921875,0.0,33.14347838073941,-39.26760665507027,-41.64868146024547,55965.70983994556,56044.19827573514,30.4109385766922,55921.30078125,4.379951807956088e-05,1
2025-07-31 09:55:00+00:00,55921.30078125,55923.30078125,55907.75,55917.75,0.0,33.95887879917592,-38.13973560154409,-40.9468922885052,55961.48040578408,56039.37876614749,29.349498767642757,55935.05078125,0.00024588126184307705,1
2025-07-31 09:56:00+00:00,55935.05078125,55942.25,55915.19921875,55925.80078125,0.0,38.49415117683631,-35.724568985795486,-39.902427627963256,55958.9632986856,56035.2874726221,29.1853046592397,55939.6015625,8.135831087017567e-05,1
2025-07-31 09:57:00+00:00,55939.6015625,55945.69921875,55916.30078125,55936.05078125,0.0,39.96365634305408,-33.06220154912444,-38.5343824121955,55957.11932381077,56031.53508398986,29.200528433579723,55943.1484375,6.340543909733001e-05,1
2025-07-31 09:58:00+00:00,55943.1484375,55952.1015625,55926.55078125,55939.6015625,0.0,41.14395092217155,-30.31658231469919,-36.89082239269624,55955.78876320975,56028.06894099026,28.939832206181173,55992.6484375,0.0008848268533777944,2
2025-07-31 09:59:00+00:00,55992.6484375,56005.55078125,55923.6484375,55943.3515625,0.0,54.56796423647074,-23.87125006761198,-34.28690792767939,55959.299208380246,56026.6799016377,32.72286874502537,55886.1015625,-0.0019028725729758886,0
2025-08-01 03:45:00+00:00,55886.1015625,55975.55078125,55838.94921875,55896.55078125,0.0,35.695604365228974,-27.04891710972879,-32.83930976408927,55952.3280040107,56021.16702559309,41.36403660252356,55861.55078125,-0.00043930030121252476,1
2025-08-01 03:46:00+00:00,55861.55078125,55918.94921875,55857.8984375,55886.6484375,0.0,32.874274187760804,-31.18875939788268,-32.50919969084795,55943.68255422397,56014.90756503062,42.77023264877188,55840.44921875,-0.00037774752409993543,1
2025-08-01 03:47:00+00:00,55840.44921875,55875.5,55840.44921875,55865.8515625,0.0,30.633155334499463,-35.760113647607795,-33.15938248219992,55933.850807988354,56008.06606125491,42.21884326314533,55840.19921875,-4.477041347225686e-06,1
2025-08-01 03:48:00+00:00,55840.19921875,55861.8984375,55831.69921875,55840.6015625,0.0,30.6065338087726,-38.95407935723779,-34.3183218572075,55924.93160901328,56001.48304782335,41.36029865506352,55848.6484375,0.00015131068420620757,1
2025-08-01 03:49:00+00:00,55848.6484375,55865.69921875,55828.44921875,55840.8515625,0.0,32.73416797703031,-40.33854125957441,-35.522365737680886,55917.666545059634,55995.48953369302,41.06670589398755,55855.55078125,0.00012359016633543756,1
2025-08-01 03:50:00+00:00,55855.55078125,55860.05078125,55834.55078125,55850.1484375,0.0,34.50093066095445,-40.41292084107408,-36.500476758359525,55911.75075803015,55990.00173947957,39.9547983301313,55877.0,0.00038401230405913804,1
2025-08-01 03:51:00+00:00,55877.0,55887.6015625,55839.3984375,55857.69921875,0.0,39.79305307946305,-38.29960054632829,-36.86030151595328,55908.44116202727,55985.57029871567,40.54396452083621,55863.6015625,-0.00023978448198722194,1
2025-08-01 03:52:00+00:00,55863.6015625,55882.6484375,55862.55078125,55880.0,0.0,37.74168587567877,-37.276223813452816,-36.94348597545319,55904.170723977055,55980.78721102094,39.0835139300622,55866.44921875,5.097516397710327e-05,1
2025-08-01 03:53:00+00:00,55866.44921875,55877.3515625,55855.6484375,55859.44921875,0.0,38.467720351207774,-35.822469192957215,-36.719282618954,55900.57819966972,55976.30336818679,37.8420575779149,55838.25,-0.0005047612501661503,1
2025-08-01 03:54:00+00:00,55838.25,55868.6484375,55838.25,55865.75,0.0,34.21287608857929,-36.52476471316186,-36.680379037795575,55894.64218065356,55970.88951061084,37.31037042949241,55808.1015625,-0.0005399244693377747,1
2025-08-01 03:55:00+00:00,55808.1015625,55849.3984375,55807.5,55849.3984375,0.0,30.34804629834713,-39.06376317242393,-37.15705586472125,55886.40021701989,55964.50566950846,37.63808950595723,55805.30078125,-5.018592590653491e-05,1
2025-08-01 03:56:00+00:00,55805.30078125,55812.80078125,55789.69921875,55808.19921875,0.0,30.00889780125404,-40.83126003455982,-37.89189669868897,55878.67646123228,55958.26234055714,36.59976614838887,55800.25,-9.050719518202131e-05,1
2025-08-01 03:57:00+00:00,55800.25,55806.94921875,55798.25,55805.19921875,0.0,29.37144429492916,-42.15364884353767,-38.74424712765871,55871.20727444826,55952.065778182354,34.6068699056468,55803.6484375,6.090362498375903e-05,1
2025-08-01 03:58:00+00:00,55803.6484375,55809.80078125,55793.3515625,55808.3515625,0.0,30.44210123168523,-42.43822456175258,-39.48304261447748,55864.7730995008,55946.24549031246,33.309894823100606,55821.05078125,0.0003118495696475939,1
2025-08-01 03:59:00+00:00,55821.05078125,55821.8515625,55801.69921875,55802.30078125,0.0,35.80824607543474,-40.78933510096249,-39.74430111177449,55860.6090691912,55941.33589387864,32.37006974645056,55808.0,-0.00023379676783840997,1
2025-08-01 04:00:00+00:00,55808.0,55821.1015625,55796.44921875,55819.5,0.0,33.70803554960212,-40.07372237411619,-39.810185364242834,55855.59868164919,55936.10703529517,31.818803603846952,55791.1015625,-0.0003027959701118119,1
2025-08-01 04:01:00+00:00,55791.1015625,55813.5,55778.6015625,55812.5,0.0,31.159639470010035,-40.40440003970434,-39.92902829933514,55849.456098873074,55930.42054616595,32.038777453572166,55802.75,0.00020878665546603044,1
2025-08-01 04:02:00+00:00,55802.75,55803.55078125,55774.69921875,55786.8984375,0.0,34.81784424358936,-39.273808894060494,-39.79798441828021,55845.0078989804,55925.41385808101,31.811119242602725,55895.94921875,0.0016701545846754865,2
2025-08-01 04:03:00+00:00,55895.94921875,55907.3515625,55799.8984375,55802.05078125,0.0,55.289846420870006,-30.50575782389205,-37.93953909940258,55849.85945324417,55924.25838202882,37.21411965384539,55855.3515625,-0.000726307663031541,1
2025-08-01 04:04:00+00:00,55855.3515625,55901.19921875,55854.25,55901.19921875,0.0,48.18981555240335,-26.527117651261506,-35.657054809774365,55850.38251126854,55921.55615381201,37.90948387499929,55871.25,0.0002846358863610456,1
2025-08-01 04:05:00+00:00,55871.25,55881.44921875,55854.25,55857.3515625,0.0,50.85153906625901,-21.839394665286815,-32.89352278087686,55852.369891147726,55919.583363466445,37.144464937499336,55879.3515625,0.00014500413898024475,1
2025-08-01 04:06:00+00:00,55879.3515625,55883.94921875,55869.8515625,55871.0,0.0,52.19920408923501,-17.27151674561901,-29.769121573825288,55854.939574133656,55918.00564578149,35.49826431696367,55863.94921875,-0.00027563569224264833,1
2025-08-01 04:07:00+00:00,55863.94921875,55877.80078125,55836.75,55877.80078125,0.0,49.42449786461616,-14.724545606324682,-26.760206380325165,55855.79763552569,55915.8857858979,36.00564275860912,55859.94921875,-7.160252821254987e-05,1
2025-08-01 04:08:00+00:00,55859.94921875,55865.8984375,55853.55078125,55863.55078125,0.0,48.70048829597059,-12.880342627031496,-23.984233629666434,55856.193024404194,55913.69219502936,34.31578657942276,55844.5,-0.0002765705835051905,1
2025-08-01 04:09:00+00:00,55844.5,55861.8515625,55839.6484375,55861.8515625,0.0,45.90357037881931,-12.521086032124003,-21.69160411015795,55855.07940303237,55910.97877561645,33.45059646660685,55880.5,0.0006446471899649921,1
2025-08-01 04:10:00+00:00,55880.5,55882.5,55843.05078125,55849.30078125,0.0,52.71790941909723,-9.225131879058608,-19.19830966393808,55857.50041226738,55909.78352951384,33.87906948684922,55898.94921875,0.0003301548617138358,1
2025-08-01 04:11:00+00:00,55898.94921875,55900.44921875,55880.3515625,55880.3515625,0.0,55.79133497828372,-5.065969358794973,-16.37184160290946,55861.44791764668,55909.35865458193,32.89468282707428,55903.05078125,7.337459035140908e-05,1
2025-08-01 04:12:00+00:00,55903.05078125,55904.19921875,55882.8515625,55897.1015625,0.0,56.46879359037952,-1.422444229145185,-13.381962128156603,55865.41009513271,55909.11128700028,32.06989521442612,55911.55078125,0.00015204894690382296,1
2025-08-01 04:13:00+00:00,55911.55078125,55935.05078125,55902.19921875,55905.1484375,0.0,57.90834008253425,2.126442345128453,-10.280281233499592,55869.8044461915,55909.206953441455,32.12572859196711,55875.3984375,-0.0006465988377150098,1
2025-08-01 04:14:00+00:00,55875.3984375,55911.0,55865.55078125,55911.0,0.0,50.2907847077941,1.9987284235976404,-7.824479302080146,55870.3372072685,55907.88112928689,33.11674797825517,55872.05078125,-5.991288373083469e-05,1
2025-08-01 04:15:00+00:00,55872.05078125,55879.44921875,55861.19921875,55876.05078125,0.0,49.63961825399623,1.608840625558514,-5.937815316552414,55870.50040479055,55906.47601759917,32.054837408379804,55849.80078125,-0.0003982313104473845,1
2025-08-01 04:16:00+00:00,55849.80078125,55878.19921875,55847.5,55872.19921875,0.0,45.42931269787156,-0.489890163516975,-4.848230285945326,55868.52901207241,55904.25345931097,31.95800750420982,55862.19921875,0.0002219960917776886,1
2025-08-01 04:17:00+00:00,55862.19921875,55867.94921875,55838.1015625,55848.80078125,0.0,48.07236264651766,-1.1395629736143746,-4.106496823479136,55867.92617461313,55902.60427340661,31.80726812890912,55885.3515625,0.0004144545698843338,1
2025-08-01 04:18:00+00:00,55885.3515625,55885.3515625,55857.8984375,55860.3515625,0.0,52.68120943307889,0.2113311976572731,-3.2429312192518545,55869.58573536426,55901.92769650832,31.49625790541561,55884.0,-2.418455753093841e-05,1
2025-08-01 04:19:00+00:00,55884.0,55908.25,55880.6015625,55883.05078125,0.0,52.38888928255808,1.1594987825883436,-2.3624452188838148,55870.95852247243,55901.22464958642,31.221413590743065,55859.3515625,-0.00044106430284160045,1
2025-08-01 04:20:00+00:00,55859.3515625,55881.19921875,55856.94921875,55881.19921875,0.0,47.24067029666104,-0.0771056597950519,-1.9053773070660625,55869.85309771315,55899.5825677399,30.923511280689983,55860.3515625,1.79021054134708e-05,1
2025-08-01 04:21:00+00:00,55860.3515625,55883.94921875,55851.0,55858.75,0.0,47.46622491339775,-0.965304517376353,-1.7173627491281205,55868.94818959761,55898.04409694618,31.068204671354987,55861.6484375,2.321637733606056e-05,1
2025-08-01 04:22:00+00:00,55861.6484375,55863.0,55853.1015625,55861.1484375,0.0,47.778033788691246,-1.546731775975786,-1.6832365544976535,55868.252975112126,55896.61681618358,29.55607844482963,55866.55078125,8.775866604589939e-05,1
2025-08-01 04:23:00+00:00,55866.55078125,55874.25,55852.8515625,55862.0,0.0,49.01007313287712,-1.593569223296072,-1.6653030882573374,55868.09086141097,55895.4377559901,28.97338980591323,55857.44921875,-0.00016291613447978745,1
2025-08-01 04:24:00+00:00,55857.44921875,55866.25,55845.0,55865.75,0.0,46.802392292737046,-2.338155465804448,-1.7998735637667596,55867.077371633735,55893.94800943167,28.44320348049086,55857.44921875,0.0,1
2025-08-01 04:25:00+00:00,55857.44921875,55867.8515625,55850.8515625,55855.94921875,0.0,46.802392292737046,-2.8948751091884333,-2.018873872851094,55866.160404692426,55892.516684306895,27.625831803312938,55858.5,1.8811837359148115e-05,1
2025-08-01 04:26:00+00:00,55858.5,55868.30078125,55856.3515625,55857.8515625,0.0,47.12132366316527,-3.214238432527054,-2.257946784786286,55865.43084234077,55891.18269668702,26.5060737280763,55855.05078125,-6.174921900874531e-05,1
2025-08-01 04:27:00+00:00,55855.05078125,55863.25,55853.8515625,55857.80078125,0.0,46.143393649483365,-3.702973717969144,-2.546952171422858,55864.44226509403,55889.76575882675,25.28409971178513,55844.5,-0.000188895741789242,1
2025-08-01 04:28:00+00:00,55844.5,55860.8984375,55836.8515625,55856.3984375,0.0,43.19063183972511,-4.885344611480832,-3.0146306594344527,55862.54300175174,55887.99063102962,25.1957265180862,55867.05078125,0.0004038138267868814,1
2025-08-01 04:29:00+00:00,55867.05078125,55872.1484375,55837.80078125,55844.5,0.0,50.48397010262999,-3.957107409973105,-3.203126009542183,55862.97231408491,55887.16946045003,25.84943578465147,55849.1015625,-0.000321284522791099,1
2025-08-01 04:30:00+00:00,55849.1015625,55866.6484375,55837.69921875,55866.6484375,0.0,45.47916134951792,-4.616607310104882,-3.485822269654723,55861.65129012444,55885.676601706895,26.09958769289065,55859.05078125,0.00017814465177861384,1
2025-08-01 04:31:00+00:00,55859.05078125,55859.05078125,55840.8984375,55848.75,0.0,48.52534142411749,-4.287028729740996,-3.646063561671978,55861.40362261259,55884.63245188506,25.5319274112556,55854.30078125,-8.503545859741703e-05,1
2025-08-01 04:32:00+00:00,55854.30078125,55865.19921875,55852.30078125,55858.05078125,0.0,47.17030477650478,-4.358874243938772,-3.788625698125337,55860.727161530434,55883.442974605256,24.629535274737343,55888.75,0.0006167693135201583,1
2025-08-01 04:33:00+00:00,55888.75,55899.69921875,55831.55078125,55843.1484375,0.0,56.62937720577453,-1.6174038576937164,-3.354381330039013,55863.39600328944,55883.65109324819,27.738028290827536,55896.5,0.00013866833665093602,1
2025-08-01 04:34:00+00:00,55896.5,55900.75,55885.3984375,55886.6015625,0.0,58.43252409908586,1.1671373720673728,-2.4500775896177363,55866.54876488092,55884.15497194434,26.85328073433985,55886.44921875,-0.0001798105650622132,1
2025-08-01 04:35:00+00:00,55886.44921875,55900.55078125,55879.3515625,55898.1015625,0.0,55.22580927235546,2.533685559239529,-1.4533249598462832,55868.44404620178,55884.24494240731,26.449419164029862,55882.1484375,-7.695570769160765e-05,1
2025-08-01 04:36:00+00:00,55882.1484375,55889.19921875,55879.3984375,55886.5,0.0,53.86363226447826,3.232386796371429,-0.5161826086027408,55869.749226325424,55884.16272652859,25.26023074159916,55884.3984375,4.026330523989171e-05,1
2025-08-01 04:37:00+00:00,55884.3984375,55898.44921875,55878.6484375,55886.8515625,0.0,54.49598732783196,3.922453158265853,0.3715445447709779,55871.14438929443,55884.1719700961,24.8702700636278,55898.55078125,0.0002532431974878946,1
2025-08-01 04:38:00+00:00,55898.55078125,55902.44921875,55882.3984375,55885.1484375,0.0,58.3617941019057,5.547365015503601,1.4067086389175023,55873.75452186163,55884.73584504332,24.52602086265438,55923.6015625,0.00044814723995318246,1
2025-08-01 04:39:00+00:00,55923.6015625,55924.05078125,55897.0,55897.0,0.0,64.16508585421609,8.75557919122366,2.8764827493787344,55878.50185906528,55886.25999082593,24.706360890321925,55925.30078125,3.0384644452860565e-05,1
2025-08-01 04:40:00+00:00,55925.30078125,55925.30078125,55899.5,55923.94921875,0.0,64.52624799795332,11.304908839541897,4.562167967411367,55882.95889927336,55887.79100221511,24.784533773156078,55942.05078125,0.0002995066591687559,1
2025-08-01 04:41:00+00:00,55942.05078125,55950.94921875,55927.69921875,55928.8984375,0.0,67.9547878940208,14.509598349308362,6.551654043790766,55888.58669755684,55889.91883668707,24.846241182216357,55965.6484375,0.0004218232245770508,1
2025-08-01 04:42:00+00:00,55965.6484375,55971.1015625,55941.25,55944.8515625,0.0,72.05284847297457,18.73747754243232,8.988818743519076,55895.92591088476,55892.88862495425,25.20376413348661,55977.6015625,0.0002135796749205672,1
2025-08-01 04:43:00+00:00,55977.6015625,55978.1484375,55944.3515625,55963.6015625,0.0,73.8753306902039,22.78991163913452,11.749037322642163,55903.70454437193,55896.21070093643,25.817557766809,55982.0,7.857495457516281e-05,1
2025-08-01 04:44:00+00:00,55982.0,55982.44921875,55968.19921875,55975.75,0.0,74.53343947928592,26.05605403239315,14.61044066459236,55911.16125443175,55899.57498717422,24.991303640608358,55995.94921875,0.00024917328337679967,1
2025-08-01 04:45:00+00:00,55995.94921875,56000.8515625,55983.94921875,55984.25,0.0,76.55091781953999,29.43082060510642,17.574516652695173,55919.23629865253,55903.35436880465,24.55275070199347,55984.1015625,-0.00021158059494119378,1
2025-08-01 04:46:00+00:00,55984.1015625,56007.05078125,55983.69921875,56001.75,0.0,71.37872600277893,30.794362343207467,20.218485790797637,55925.41394282848,55906.52092542016,24.466951544708223,55966.8984375,-0.00030728589938689343,1
2025-08-01 04:47:00+00:00,55966.8984375,55995.44921875,55966.8984375,55983.55078125,0.0,64.55795358108679,30.139402310742295,22.202669094786568,55929.364847082914,55908.88867099191,24.75865366651478,55976.0,0.0001626240287402026,1
2025-08-01 04:48:00+00:00,55976.0,55976.0,55958.1484375,55967.6484375,0.0,66.38796127818586,30.00883858375164,23.763902992579585,55933.80629021787,55911.52048781575,24.26529001176372,56013.8984375,0.0006770479759182507,1
2025-08-01 04:49:00+00:00,56013.8984375,56013.8984375,55977.3984375,55979.19921875,0.0,72.70728849136813,32.5878011784589,25.52868262975545,55941.43411376855,55915.535309372,25.23908626092345,56048.1015625,0.0006106185420777962,1
2025-08-01 04:50:00+00:00,56048.1015625,56057.75,56003.1484375,56014.6484375,0.0,76.92393264705551,36.9654393802557,27.816033979855504,55951.59291840964,55920.73398596525,27.336405992286064,56053.19921875,9.09514525539377e-05,1
2025-08-01 04:51:00+00:00,56053.19921875,56054.6484375,56040.8984375,56043.44921875,0.0,77.4823172142219,40.38060497277911,30.32894817844023,55961.26970891824,55925.928700976416,26.36594842140849,56054.05078125,1.5192040987290325e-05,1
2025-08-01 04:52:00+00:00,56054.05078125,56067.6484375,56038.1015625,56056.69921875,0.0,77.57991490243214,42.66405758832116,32.795970060416415,55970.10600152127,55930.953096281264,26.593157462736453,56021.44921875,-0.0005816093938906762,1
2025-08-01 04:53:00+00:00,56021.44921875,56048.1484375,56014.3515625,56045.1015625,0.0,65.81825153796001,41.36619288438669,34.510014625210474,55974.99583173353,55934.50196382906,27.529304697540997,56019.19921875,-4.0163188053459714e-05,1
2025-08-01 04:54:00+00:00,56019.19921875,56034.75,56011.30078125,56020.8515625,0.0,65.08487283627271,39.69845053362224,35.547701806892825,55979.20567811606,55937.82342480635,27.237869987002348,56055.6015625,0.0006498190666355668,1
2025-08-01 04:55:00+00:00,56055.6015625,56055.6015625,56017.5,56019.80078125,0.0,70.76126118249347,40.843301463544776,36.60682173822322,55986.48147662881,55942.44217530415,28.01384802364504,56052.3515625,-5.797814864900461e-05,1
2025-08-01 04:56:00+00:00,56052.3515625,56057.6015625,56038.94921875,56057.6015625,0.0,69.67218909884681,41.01555445464328,37.48856828150723,55992.754818140354,55946.752347351045,27.345169146956103,56069.19921875,0.00030057001678536845,1
2025-08-01 04:57:00+00:00,56069.19921875,56069.3515625,56048.6484375,56051.69921875,0.0,72.07182033218291,42.02706935416791,38.39626849603937,56000.03523724603,55951.55418544512,26.870737422173526,56042.55078125,-0.00047527765460022024,1
2025-08-01 04:58:00+00:00,56042.55078125,56071.19921875,56037.25,56071.19921875,0.0,63.51179986281415,40.21482453921635,38.75997970467476,56004.08433667498,55955.12267939826,27.376343231303988,56053.3515625,0.0001927246547388344,1
2025-08-01 04:59:00+00:00,56053.3515625,56057.25,56025.55078125,56042.3515625,0.0,65.31017198870714,39.198286797705805,38.84764112328097,56008.77645342022,55958.97479246107,27.68512005406799,56040.1484375,-0.00023554568338841246,1
2025-08-01 05:00:00+00:00,56040.1484375,56059.19921875,56034.80078125,56055.1484375,0.0,61.330821852828464,36.901909230451565,38.4584947447151,56011.764261427816,55962.15807265868,27.450357014491708,56070.05078125,0.0005335878755451414,1
2025-08-01 05:01:00+00:00,56070.05078125,56074.1484375,56037.69921875,56040.55078125,0.0,66.33390026944971,37.06759058966418,38.180313913704914,56017.315358553744,55966.3891592701,28.093132852742297,56079.6484375,0.00017117259778208523,1
2025-08-01 05:02:00+00:00,56079.6484375,56092.19921875,56076.1484375,56076.3984375,0.0,67.77505050860448,37.54060023759666,38.05237117848326,56023.25184226292,55970.83069959284,27.668511756117848,56082.30078125,4.729601243766713e-05,1
2025-08-01 05:03:00+00:00,56082.30078125,56085.8515625,56070.94921875,56084.8984375,0.0,68.18042842085332,37.694961711189535,37.98088928502452,56028.875550737874,55975.2020753441,26.75664261282372,56074.5,-0.0001390952429078665,1
2025-08-01 05:04:00+00:00,56074.5,56086.25,56074.5,56084.55078125,0.0,65.56795171228825,36.76404343026661,37.737520114072936,56033.22073638189,55979.09611160512,25.6847395690506,56071.19921875,-5.886421189667318e-05,1
2025-08-01 05:05:00+00:00,56071.19921875,56084.94921875,56068.44921875,56080.1484375,0.0,64.4427507398856,35.352417857684486,37.26049966279525,56036.83773470266,55982.70799815982,25.02868674268984,56066.5,-8.38080657356192e-05,1
2025-08-01 05:06:00+00:00,56066.5,56085.05078125,56064.5,56077.3515625,0.0,62.7906850756159,33.46870039645728,36.502139809527655,56039.66271235002,55985.9939590163,24.70883635035485,56082.94921875,0.0002933876512712582,1
2025-08-01 05:07:00+00:00,56082.94921875,56087.6484375,56066.8984375,56071.55078125,0.0,66.06971265960445,32.92363208185998,35.78643826399412,56043.78523676907,55989.79612606468,24.45452214675808,56079.80078125,-5.6138943187877054e-05,1
2025-08-01 05:08:00+00:00,56079.80078125,56092.55078125,56078.30078125,56082.75,0.0,64.89098827466361,31.870228763225896,35.00319636384048,56047.21528862439,55993.32572038567,23.72562770770393,56086.8984375,0.00012656350684421593,1
2025-08-01 05:09:00+00:00,56086.8984375,56093.1484375,56077.3984375,56079.8515625,0.0,66.34852183905028,31.247914083236537,34.252139907719695,56050.99463613636,55996.99523870388,23.155940014296505,56078.6015625,-0.00014792893226651778,1
2025-08-01 05:10:00+00:00,56078.6015625,56096.69921875,56078.6015625,56087.30078125,0.0,63.05324669785045,29.742385042409296,33.350188934657616,56053.62386721861,56000.19548669589,22.794634031132468,56051.3515625,-0.0004859250987139842,1
2025-08-01 05:11:00+00:00,56051.3515625,56081.0,56051.3515625,56081.0,0.0,53.63176584666285,26.0501057649235,31.890172300710795,56053.40745724541,56002.201607315656,23.28419142176586,56044.8984375,-0.00011512880278728783,1
2025-08-01 05:12:00+00:00,56044.8984375,56061.05078125,56041.1015625,56051.8984375,0.0,51.66306320919641,22.345647860740428,29.98126741271673,56052.59707441252,56003.87599281308,23.0459790880683,56056.25,0.00020254408191423533,1
2025-08-01 05:13:00+00:00,56056.25,56058.80078125,56047.25,56047.8984375,0.0,54.80582009788709,20.0941812935198,28.00385018887734,56052.94497208751,56005.929875447866,22.39286227820628,56062.1015625,0.00010438733415096443,1
2025-08-01 05:14:00+00:00,56062.1015625,56067.55078125,56053.3515625,56056.5,0.0,56.38022337893923,18.56800955232029,26.11668206156593,56053.81702831727,56008.13268670481,21.807602026191542,56066.8984375,8.556359583937957e-05,1
2025-08-01 05:15:00+00:00,56066.8984375,56070.44921875,56058.6484375,56061.69921875,0.0,57.68168998369388,17.543346398371796,24.40201492892711,56055.06287681087,56010.43722595168,21.092829113606435,56040.1484375,-0.0004771086103473209,1
2025-08-01 05:16:00+00:00,56040.1484375,56066.69921875,56035.94921875,56066.3984375,0.0,48.91660780324777,14.4067203216473,22.40295600747115,56053.64245401936,56011.6023715026,21.796856944777403,56066.3515625,0.0004675777229466765,1
2025-08-01 05:17:00+00:00,56066.3515625,56066.3515625,56034.25,56039.55078125,0.0,55.97395768002284,13.875348377521732,20.69743448148127,56054.85284530322,56013.74939860053,22.532907341579016,56050.69921875,-0.0002791753576572847,1
2025-08-01 05:18:00+00:00,56050.69921875,56077.94921875,56050.69921875,56064.69921875,0.0,51.405375634775325,12.052287684811745,18.968405122147367,56054.45726182196,56015.19841115541,22.869842531466222,56045.19921875,-9.812544850752099e-05,1
2025-08-01 05:19:00+00:00,56045.19921875,56056.30078125,56044.25,56052.6015625,0.0,49.86523190395665,10.047869333713606,17.184297964460615,56053.57554343416,56016.37491341402,22.097052439932924,56008.1484375,-0.0006610875109103833,1
2025-08-01 05:20:00+00:00,56008.1484375,56052.8984375,56008.1484375,56044.8515625,0.0,40.96190659170256,5.407332584742107,14.828904888516911,56049.24915239281,56016.05230651544,23.71512012279485,56018.3515625,0.00018217215324276896,1
2025-08-01 05:21:00+00:00,56018.3515625,56024.55078125,55989.6484375,56006.94921875,0.0,43.9308303441014,2.523886897266493,12.367901290266827,56046.30652478397,56016.14247341679,24.51420752473808,56029.6484375,0.00020166382417369084,1
2025-08-01 05:22:00+00:00,56029.6484375,56036.1484375,56017.75,56017.75,0.0,47.10266343180702,1.1371899979931186,10.121759031812088,56044.720040280736,56016.67211906711,24.07736680868536,56027.30078125,-4.190024951912318e-05,1
2025-08-01 05:23:00+00:00,56027.30078125,56042.3984375,56023.6484375,56028.8515625,0.0,46.51378084863949,-0.1494902934355195,8.067509166762566,56043.06106323018,56017.08892934879,23.69684060806497,56000.1015625,-0.00048546366451232727,1
2025-08-01 05:24:00+00:00,56000.1015625,56029.75,55999.30078125,56025.69921875,0.0,40.23726906694701,-3.3256077976257075,5.788885773884911,56038.96968220826,56016.42275809982,24.179153332488905,55998.75,-2.4135000871231678e-05,1
2025-08-01 05:25:00+00:00,55998.75,56018.55078125,55994.8984375,56000.3515625,0.0,39.948796319175294,-5.883937234837504,3.4543211721404288,56035.13923628366,56015.72970876257,24.14152407659684,55984.0,-0.0002633987365789415,1
2025-08-01 05:26:00+00:00,55984.0,56000.19921875,55979.25,55995.75,0.0,36.84432620696009,-8.99791115590051,0.9638747065322408,56030.26883282808,56014.48540645815,23.91350226755421,55984.8515625,1.521081916261789e-05,1
2025-08-01 05:27:00+00:00,55984.8515625,55991.05078125,55982.75,55984.94921875,0.0,37.14800331511307,-11.267163103679197,-1.4823328555100466,56025.94337851112,56013.32329493039,22.79830790915748,55979.0,-0.000104520461101294,1
2025-08-01 05:28:00+00:00,55979.0,55985.3515625,55967.25,55984.55078125,0.0,35.87159287645137,-13.383457642776191,-3.862557812963276,56021.47258055768,56011.97728336449,22.46282609421766,55975.6484375,-5.987178227549617e-05,1
2025-08-01 05:29:00+00:00,55975.6484375,55982.5,55967.25,55978.75,0.0,35.12710540547012,-15.156366240160423,-6.1213194984027055,56017.10837645695,56010.552622742354,21.94762423034497,56000.55078125,0.00044487816479347954,1
2025-08-01 05:30:00+00:00,56000.55078125,56005.55078125,55978.30078125,55978.30078125,0.0,44.36608373770308,-14.386163317991304,-7.774288262320426,56015.53146262771,56010.16039366422,22.515818481748905,56028.30078125,0.0004955308405518612,1
2025-08-01 05:31:00+00:00,56028.30078125,56031.3515625,56003.55078125,56003.55078125,0.0,52.48660938893871,-11.40510788532265,-8.500452186920871,56016.74758821079,56010.87178141268,23.10760153662398,56038.80078125,0.00018740529078322234,1
2025-08-01 05:32:00+00:00,56038.80078125,56047.80078125,56024.6484375,56029.1015625,0.0,55.15395709870396,-8.101943567584385,-8.420750463053574,56018.847892309765,56011.96703630826,23.110797409007983,56041.1015625,4.105693230269513e-05,1
2025-08-01 05:33:00+00:00,56041.1015625,56045.1015625,56035.0,56037.0,0.0,55.74028816504086,-5.2381263691568165,-7.784225644274223,56020.96728947074,56013.10956674716,22.18156634407884,56048.69921875,0.00013557292840731713,1
2025-08-01 05:34:00+00:00,56048.69921875,56059.05078125,56035.1015625,56042.8515625,0.0,57.70672105091376,-2.328620357635373,-6.693104586946453,56023.608425592574,56014.505239374725,22.30782723021607,56028.1015625,-0.0003674957052903282,1
2025-08-01 05:35:00+00:00,56028.1015625,56049.30078125,56027.30078125,56046.75,0.0,51.08073478337516,-1.6656737490993692,-5.687618419377037,56024.03634339328,56015.03842851689,22.285839570914924,56012.80078125,-0.00027309119572669797,1
2025-08-01 05:36:00+00:00,56012.80078125,56032.0,55998.05078125,56028.8515625,0.0,46.78342528878496,-2.3478642409900203,-5.019667583699634,56022.96628985582,56014.95067764368,23.11893808370672,56002.80078125,-0.0001785306190821197,1
2025-08-01 05:37:00+00:00,56002.80078125,56014.80078125,55999.6484375,56012.8984375,0.0,44.16813650880877,-3.653308481174463,-4.7463957631946,56021.0457652267,56014.47421111844,22.54989563129909,55923.55078125,-0.0014151077962967394,0
2025-08-01 05:38:00+00:00,55923.55078125,56004.44921875,55923.55078125,56002.94921875,0.0,29.90187878013592,-10.956396606896304,-5.9883959319349405,56011.76052865749,56010.90858641772,26.71764862192058,55921.8515625,-3.038467204356617e-05,1
2025-08-01 05:39:00+00:00,55921.8515625,55930.69921875,55916.55078125,55924.1484375,0.0,29.6805147150896,-16.68888029106165,-8.128492803760283,56003.19776997583,56007.41615410722,25.81984782749768,55907.5,-0.00025663603938364324,1
2025-08-01 05:40:00+00:00,55907.5,55924.8984375,55901.55078125,55921.6484375,0.0,27.808049530035746,-22.13480975540733,-10.929756194089691,55994.0836966448,56003.497873554,25.64326271481928,55918.3515625,0.00019409851093323794,1
2025-08-01 05:41:00+00:00,55918.3515625,55925.6015625,55903.0,55907.3515625,0.0,31.335433823286024,-25.283663355614408,-13.800537626394636,55986.87111244053,56000.15880253228,25.42599841376076,55907.8984375,-0.0001869354998477831,1
2025-08-01 05:42:00+00:00,55907.8984375,55921.30078125,55907.55078125,55918.8515625,0.0,29.82373728960809,-28.296448502718704,-16.69971980165945,55979.34990530334,55996.5407490016,24.591998527063563,55894.69921875,-0.0002360886228759884,1
2025-08-01 05:43:00+00:00,55894.69921875,55908.44921875,55890.8984375,55905.1484375,0.0,27.987694508022926,-31.387355187733192,-19.6372468788742,55971.2879351554,55992.54696350154,24.089054435844737,55896.94921875,4.0254264383718746e-05,1
2025-08-01 05:44:00+00:00,55896.94921875,55899.5,55883.3984375,55895.5,0.0,28.792453299477515,-33.27182788753271,-22.364163080605906,55964.2080574025,55988.79803233482,23.51851929757012,55879.75,-0.00030769512451729147,1
2025-08-01 05:45:00+00:00,55879.75,55899.8984375,55879.75,55897.6484375,0.0,26.36680717077195,-35.74111793281918,-25.03955405104856,55956.16443288798,55984.52163890993,23.27779916917225,55902.05078125,0.00039908520081066934,1
2025-08-01 05:46:00+00:00,55902.05078125,55902.25,55878.6484375,55881.5,0.0,34.117090556553194,-35.48946099755267,-27.129535440349382,55951.0107517796,55981.28748762915,23.300925121374235,55903.3515625,2.3268936144938222e-05,1
2025-08-01 05:47:00+00:00,55903.3515625,55906.8515625,55894.75,55902.1015625,0.0,34.54982714990781,-34.78408955542545,-28.6604462633646,55946.47178137201,55978.23117683978,22.50097064841893,55804.8515625,-0.0017619694928286528,0
2025-08-01 05:48:00+00:00,55804.8515625,55904.19921875,55804.8515625,55902.55078125,0.0,22.498749620660448,-41.69259808873903,-31.266876628439487,55932.98414147944,55971.43197627743,27.990019619960435,55847.55078125,0.0007651524474028566,1
2025-08-01 05:49:00+00:00,55847.55078125,55850.6484375,55803.5,55803.5,0.0,33.35147741076598,-43.22391241724836,-33.65828378620127,55924.8476309814,55966.57389019792,29.358478039963263,55861.0,0.00024082020718651424,1
2025-08-01 05:50:00+00:00,55861.0,55861.0,55840.3984375,55850.55078125,0.0,36.37371484178085,-42.85820776104083,-35.498268581169185,55918.76690422127,55962.43373764114,28.73298407282303,55869.94921875,0.0001602051296969263,1
2025-08-01 05:51:00+00:00,55869.94921875,55869.94921875,55855.6015625,55861.25,0.0,38.37615522047875,-41.36937660291733,-36.67249018551882,55914.11760084305,55958.80689376306,27.705460656907096,55884.69921875,0.00026400596754166884,1
2025-08-01 05:52:00+00:00,55884.69921875,55891.55078125,55867.8984375,55867.8984375,0.0,41.63644600473674,-38.55482938099158,-37.04895802461337,55911.31585016752,55955.90071042922,27.41595230641373,55878.80078125,-0.00010554655536234866,1
2025-08-01 05:53:00+00:00,55878.80078125,55886.30078125,55872.1484375,55886.30078125,0.0,40.70891858710207,-36.38085914294061,-36.915338248278815,55908.21917693728,55952.87718379474,26.468551695241324,55884.0,9.304456569054692e-05,1
2025-08-01 05:54:00+00:00,55884.0,55888.69921875,55876.3515625,55878.30078125,0.0,41.93675414375853,-33.84825692916638,-36.30192198445633,55905.912588657535,55950.17611776358,25.459916306295515,55886.30078125,4.1170661548922766e-05,1
2025-08-01 05:55:00+00:00,55886.30078125,55892.3984375,55879.8515625,55884.25,0.0,42.5041798804218,-31.29475119839481,-35.30048782724403,55904.04479747586,55947.67120260619,24.537556212988694,55861.5,-0.00044377210341896035,1
2025-08-01 05:56:00+00:00,55861.5,55885.3984375,55858.25,55885.3984375,0.0,38.17360447535439,-30.915915854355266,-34.423573432666274,55899.99291200197,55944.29193975889,24.788500858489503,55862.55078125,1.8810473223955676e-05,1
2025-08-01 05:57:00+00:00,55862.55078125,55867.30078125,55854.1484375,55862.5,0.0,38.45969616101524,-30.1829664012912,-33.57545202639126,55896.4269947875,55941.08640413109,23.95734677931168,55862.5,-9.090392273502212e-07,1
2025-08-01 05:58:00+00:00,55862.5,55869.19921875,55850.3515625,55865.69921875,0.0,38.450436217541295,-29.268803751154337,-32.71412237134388,55893.19585242678,55938.004584361246,23.592368884360845,55863.19921875,1.2516782277914523e-05,1
2025-08-01 05:59:00+00:00,55863.19921875,55868.6484375,55854.0,55862.6015625,0.0,38.66940089201486,-28.163253697610344,-31.803948636597173,55890.339030171854,55935.07104061179,22.953516642620787,55846.3984375,-0.00030074864105457394,1
2025-08-01 06:00:00+00:00,55846.3984375,55868.1484375,55844.75,55864.6015625,0.0,35.409736650443435,-28.31636650524888,-31.10643221032752,55886.15421182216,55931.59368362701,22.98529670386216,55859.1484375,0.00022830478520954309,1
2025-08-01 06:01:00+00:00,55859.1484375,55861.80078125,55844.94921875,55845.69921875,0.0,39.57271271505738,-27.096539029691485,-30.30445357420032,55883.58223331528,55928.752693582814,22.54717283215772,55840.6015625,-0.00033202931872031367,1
2025-08-01 06:02:00+00:00,55840.6015625,55861.75,55838.25,55859.3984375,0.0,35.94357557715264,-27.311564067029398,-29.705875672766133,55879.48883609478,55925.295786481525,22.615231915575027,55832.6484375,-0.0001424254892938144,1
2025-08-01 06:03:00+00:00,55832.6484375,55851.0,55832.6484375,55840.8984375,0.0,34.483192567710816,-27.80322540321504,-29.325345618855916,55875.027845752425,55921.6625571097,22.31068410017681,55836.6015625,7.080310733289312e-05,1
2025-08-01 06:04:00+00:00,55836.6015625,55850.0,55832.1484375,55836.19921875,0.0,35.8777665458537,-27.556235277399537,-28.97152355056464,55871.36819972839,55918.32683183089,21.992175414449896,55820.69921875,-0.00028480142603592935,1
2025-08-01 06:05:00+00:00,55820.69921875,55837.44921875,55813.94921875,55836.75,0.0,32.84867780044506,-28.317256358001032,-28.84067011205192,55866.54258249235,55914.49829798458,22.09987717056062,55824.3515625,6.542991759539245e-05,1
2025-08-01 06:06:00+00:00,55824.3515625,55840.5,55819.94921875,55822.05078125,0.0,34.22227884694841,-28.299439112226537,-28.732423912086844,55862.52439011212,55910.963131887154,21.98922746194915,55843.1015625,0.0003358749268947229,1
2025-08-01 06:07:00+00:00,55843.1015625,55846.1015625,55821.1015625,55826.6015625,0.0,40.9052454078086,-26.467252505288343,-28.279389630727145,55860.67459700621,55908.301893871976,22.204282643238493,55837.1015625,-0.00010744388889798245,1
2025-08-01 06:08:00+00:00,55837.1015625,55862.6484375,55832.94921875,55844.0,0.0,39.52149275590414,-25.20879003539449,-27.665269711660613,55858.42954610085,55905.50972401426,22.73963522229289,55833.5,-6.450124378266075e-05,1
2025-08-01 06:09:00+00:00,55833.5,55843.5,55821.19921875,55836.05078125,0.0,38.675741786095095,-24.222839638350703,-26.976783696998638,55856.05530361506,55902.6858132686,22.708288509986254,55837.30078125,6.807349082540052e-05,1
2025-08-01 06:10:00+00:00,55837.30078125,55841.1484375,55823.44921875,55833.8984375,0.0,40.13177783934867,-22.871131396925197,-26.155653236983945,55854.26915862791,55900.12169436592,22.350497812844377,55828.25,-0.00016209202671629188,1
2025-08-01 06:11:00+00:00,55828.25,55836.3984375,55826.94921875,55833.30078125,0.0,37.82844754057552,-22.273460693286324,-25.37921472824442,55851.79114352049,55897.30319654765,21.493431004784064,55831.19921875,5.2826637947634035e-05,1
2025-08-01 06:12:00+00:00,55831.19921875,55833.75,55812.3515625,55829.6015625,0.0,39.05590113530815,-21.316106245205447,-24.56659303163663,55849.83000782806,55894.71088369284,21.486645754442343,55825.8515625,-9.578257900296142e-05,1
2025-08-01 06:13:00+00:00,55825.8515625,55840.69921875,55824.1015625,55831.25,0.0,37.6060858214737,-20.749717290214903,-23.80321788335229,55847.546346368246,55892.01051815586,21.137432218410748,55808.94921875,-0.0003027691164025851,1
2025-08-01 06:14:00+00:00,55808.94921875,55827.25,55797.55078125,55825.75,0.0,33.38740373114162,-21.41783635921456,-23.32614157852474,55843.87042945223,55888.75321229681,21.748988399238552,55823.3984375,0.00025890504932039697,1
2025-08-01 06:15:00+00:00,55823.3984375,55838.30078125,55810.25,55810.55078125,0.0,39.62292617851845,-20.544569332261744,-22.769827129272144,55841.92071593297,55886.19027995184,22.2920294064358,55834.5,0.00019886934172288586,1
2025-08-01 06:16:00+00:00,55834.5,55835.8515625,55817.30078125,55821.25,0.0,43.963173186281935,-18.74066488855169,-21.963994681128053,55841.213981082205,55884.1632101498,22.02479739526181,55826.8984375,-0.00013614454324835002,1
2025-08-01 06:17:00+00:00,55826.8984375,55838.3515625,55817.44921875,55835.19921875,0.0,41.750063343492016,-17.720173060704838,-21.11523035704341,55839.85059597914,55881.91753279099,21.944622134885968,55830.94921875,7.255966860732877e-05,1
2025-08-01 06:18:00+00:00,55830.94921875,55832.75,55813.55078125,55822.44921875,0.0,43.385604278186,-16.39556388719211,-20.171297063073155,55839.00284576684,55879.91877537762,21.7485218931084,55851.8984375,0.00037522591041609074,1
2025-08-01 06:19:00+00:00,55851.8984375,55857.05078125,55827.1015625,55831.30078125,0.0,51.04167956112469,-13.499757894984214,-18.83698922945537,55840.23099736047,55878.819938598106,22.334285954314943,55841.1484375,-0.00019247331426038423,1
2025-08-01 06:20:00+00:00,55841.1484375,55854.69921875,55837.19921875,55853.30078125,0.0,47.492487114463465,-11.934670489179553,-17.456525481400206,55840.31837261185,55877.34262482956,21.988979814721016,55854.69921875,0.00024266659316949152,1
2025-08-01 06:21:00+00:00,55854.69921875,55854.69921875,55836.5,55843.44921875,0.0,52.021388086701336,-9.491480763965228,-15.863516537913211,55841.68797700596,55876.45464812056,21.71828259581237,55871.1484375,0.0002945001759937528,1
2025-08-01 06:22:00+00:00,55871.1484375,55875.6015625,55848.69921875,55854.3515625,0.0,56.88305281721,-6.156947366558597,-13.922202703642288,55844.49373514825,55876.24656142956,22.088572678254344,55886.19921875,0.000269383781628124,1
2025-08-01 06:23:00+00:00,55886.19921875,55888.75,55868.05078125,55876.8515625,0.0,60.79732875622072,-2.2736244356274256,-11.592487050039315,55848.465685967465,55876.63686171663,21.98933311195046,55868.3515625,-0.000319357131089567,1
2025-08-01 06:24:00+00:00,55868.3515625,55889.5,55861.8515625,55889.5,0.0,54.4811223659398,-0.6289693679718766,-9.399783513625827,55850.359578970565,55876.31194802187,22.393554853954,55858.55078125,-0.0001754263545620431,1
2025-08-01 06:25:00+00:00,55858.55078125,55869.05078125,55855.30078125,55868.6484375,0.0,51.327661270729486,-0.1150829119069385,-7.54284339328205,55851.13969347336,55875.61543167787,21.776158078671568,55839.75,-0.0003365783928699927,1
2025-08-01 06:26:00+00:00,55839.75,55864.44921875,55833.30078125,55858.3984375,0.0,45.84565534778363,-1.21093125360494,-6.276460965346629,55850.05496076161,55874.20894416109,22.445606608766457,55841.25,2.6862584449249862e-05,1
2025-08-01 06:27:00+00:00,55841.25,55843.1015625,55834.25,55836.0,0.0,46.33809628136954,-1.9360439856682208,-5.408377569410947,55849.216393070026,55872.916436546926,21.474603458140283,55853.05078125,0.00021132731179907327,1
2025-08-01 06:28:00+00:00,55853.05078125,55862.05078125,55838.55078125,55840.8515625,0.0,50.17657062917357,-1.5407162089541089,-4.634845297319579,55849.58157289669,55872.137391241165,21.619274639701693,55834.30078125,-0.0003357023428037062,1
2025-08-01 06:29:00+00:00,55834.30078125,55857.1484375,55829.69921875,55853.25,0.0,44.70486696163701,-2.7091549456163198,-4.249707226978927,55848.12625940653,55870.65360261406,22.035699219008716,55821.0,-0.00023821882004236726,1
2025-08-01 06:30:00+00:00,55821.0,55838.30078125,55817.94921875,55834.5,0.0,41.26702932141668,-4.6547558225356624,-4.330716946090274,55845.54280612973,55868.70640251155,21.91540373907952,55811.80078125,-0.00016479853012307195,1
2025-08-01 06:31:00+00:00,55811.80078125,55821.94921875,55808.19921875,55821.8515625,0.0,39.03138361051339,-6.859882155484229,-4.836549987969065,55842.3292799507,55866.4748095209,21.332160614859557,55784.55078125,-0.00048824799806772496,1
2025-08-01 06:32:00+00:00,55784.55078125,55813.80078125,55779.8515625,55808.69921875,0.0,33.279875788643906,-10.683159115418675,-6.005871813458988,55836.82656578873,55863.26210252988,22.23337905308387,55774.80078125,-0.0001747795736176676,1
2025-08-01 06:33:00+00:00,55774.80078125,55784.55078125,55766.5,55784.55078125,0.0,31.49179173092385,-14.334636401799798,-7.67162473112715,55830.91934821361,55859.79303110714,21.93462206714931,55760.5,-0.00025640219327878873,1
2025-08-01 06:34:00+00:00,55760.5,55788.05078125,55756.0,55772.6484375,0.0,29.02821341416967,-18.1729258124833,-9.77188494739838,55824.21274362184,55855.89918675,22.65720486592436,55773.25,0.00022865648622232584,1
2025-08-01 06:35:00+00:00,55773.25,55778.44921875,55757.6015625,55766.19921875,0.0,33.98655565871266,-19.955939728970407,-11.808695903712785,55819.35914899119,55852.65804217157,22.527951393358336,55793.69921875,0.0003666492225215493,1
2025-08-01 06:36:00+00:00,55793.69921875,55794.6015625,55772.6484375,55776.30078125,0.0,41.09470168707822,-19.4941931281719,-13.345795348604607,55816.91534611108,55850.34593144916,22.48689236526131,55806.3515625,0.00022677011790155795,1
2025-08-01 06:37:00+00:00,55806.3515625,55809.55078125,55791.80078125,55794.30078125,0.0,45.0380490378938,-17.900966026369133,-14.256829484157514,55815.90927148145,55848.6206620786,22.148542910599787,55823.69921875,0.00031085451322815095,1
2025-08-01 06:38:00+00:00,55823.69921875,55829.55078125,55805.30078125,55807.6015625,0.0,49.982179749644494,-15.064852943447477,-14.418434176015506,55816.6511712213,55847.64335057552,22.298646988414085,55857.3515625,0.0006028325643223746,1
2025-08-01 06:39:00+00:00,55857.3515625,55862.25,55820.6484375,55826.55078125,0.0,57.89483691850184,-9.98663033781486,-13.532073408375377,55820.527398962135,55848.02406476864,23.67742666781308,55837.8515625,-0.00034910355493996217,1
2025-08-01 06:40:00+00:00,55837.8515625,55857.6015625,55832.0,55857.6015625,0.0,52.69302443174801,-7.449713705616887,-12.31560146782368,55822.17731929907,55847.62514311104,23.81486494154072,55837.30078125,-9.863940581300907e-06,1
2025-08-01 06:41:00+00:00,55837.30078125,55839.5,55825.8515625,55837.94921875,0.0,52.54940543656897,-5.421140903126798,-10.936709354884304,55823.61764900868,55847.22026617532,23.08869155285924,55831.1484375,-0.00011018340184642197,1
2025-08-01 06:42:00+00:00,55831.1484375,55837.75,55817.69921875,55837.75,0.0,50.88115276764575,-4.260809110259288,-9.601529305959302,55824.33486696024,55846.58999838413,22.871697959797864,55833.5,4.21191855408894e-05,1
2025-08-01 06:43:00+00:00,55833.5,55836.75,55823.1484375,55831.8984375,0.0,51.51473704785429,-3.115571989234013,-8.304337842614244,55825.20773677355,55846.07666511417,22.20954542695516,55807.19921875,-0.00047105736251533577,1
2025-08-01 06:44:00+00:00,55807.19921875,55834.3515625,55803.8515625,55834.05078125,0.0,44.58741568448996,-4.280869364622049,-7.499644147015806,55823.49263981892,55844.55205937439,22.801720753601217,55825.25,0.0003234489725822924,1
2025-08-01 06:45:00+00:00,55825.25,55829.3984375,55797.0,55808.69921875,0.0,49.59700610013597,-3.705118440891965,-6.740739005791038,55823.66000745521,55843.79511586952,23.487200521201128,55800.75,-0.00043886950797354245,1
2025-08-01 06:46:00+00:00,55800.75,55827.5,55800.44921875,55825.19921875,0.0,43.80802357077136,-5.166223917280149,-6.425835988088861,55821.47810198329,55842.10707210992,23.741742001829618,55807.69921875,0.00012453629655515382,1
2025-08-01 06:47:00+00:00,55807.69921875,55815.0,55796.8515625,55803.3984375,0.0,45.742490090939576,-5.6977366960200015,-6.28021612967509,55820.16582738964,55840.75774452718,23.34222025169893,55811.1015625,6.096549038267639e-05,1
2025-08-01 06:48:00+00:00,55811.1015625,55812.8984375,55796.3515625,55810.25,0.0,46.70979018612005,-5.777820577415696,-6.179737019223212,55819.30256406682,55839.5947569967,22.85683844800615,55813.55078125,4.3884078282476566e-05,1
2025-08-01 06:49:00+00:00,55813.55078125,55821.3515625,55792.6484375,55812.94921875,0.0,47.43626680849399,-5.579340976488311,-6.059657810676232,55818.75477522713,55838.573424614486,23.274430344577137,55818.30078125,8.510478071206526e-05,1
2025-08-01 06:50:00+00:00,55818.30078125,55825.55078125,55805.6484375,55813.94921875,0.0,48.89145267458957,-4.9813374033765285,-5.843993729216292,55818.7115377055,55837.77841899236,23.033567016393054,55832.30078125,0.0002508137976980976,1
2025-08-01 06:51:00+00:00,55832.30078125,55834.3984375,55814.3984375,55816.8515625,0.0,53.01971269260733,-3.3392395907867467,-5.343042901530383,55820.0057513764,55837.56360966912,22.816883658079263,55844.55078125,0.00021940704267222106,1
2025-08-01 06:52:00+00:00,55844.55078125,55850.30078125,55831.80078125,55833.25,0.0,56.34266042102781,-1.037433730882185,-4.481921067400744,55822.343373269134,55837.83761639779,22.50853482535932,55857.55078125,0.00023278905136013369,1
2025-08-01 06:53:00+00:00,55857.55078125,55857.55078125,55827.94921875,55844.44921875,0.0,59.60776901144664,1.8148350622723228,-3.2225698414661315,55825.6964597435,55838.610681686114,23.015179659262223,55857.1484375,-7.2030324346955945e-06,1
2025-08-01 06:54:00+00:00,55857.1484375,55863.6015625,55852.30078125,55856.69921875,0.0,59.459551137457744,3.9967409109012806,-1.7787076909926494,55828.691886196495,55839.33765250235,22.178436915743493,55843.44921875,-0.00024525453112466723,1
2025-08-01 06:55:00+00:00,55843.44921875,55860.3515625,55831.25,55860.3515625,0.0,54.49125214060756,4.567849229213607,-0.509396306951398,55830.09734643968,55839.49889039442,22.67294588604753,55842.75,-1.2521052330793891e-05,1
2025-08-01 06:56:00+00:00,55842.75,55847.5,55835.75,55841.80078125,0.0,54.24212288831168,4.907465370575665,0.5739760285540145,55831.30236106448,55839.626384888754,21.89273546561556,55838.1015625,-8.324155776712286e-05,1
2025-08-01 06:57:00+00:00,55838.1015625,55844.0,55832.55078125,55839.05078125,0.0,52.52292658804952,4.746805334660166,1.408541889775245,55831.94990405833,55839.566587932335,21.14676998592873,55835.55078125,-4.5681733057218855e-05,1
2025-08-01 06:58:00+00:00,55835.55078125,55841.3515625,55826.3515625,55838.8984375,0.0,51.55725494384588,4.363356314097473,1.9995047746396908,55832.29284474326,55839.40910531734,20.707714986933823,55827.94921875,-0.0001361419811148825,1
2025-08-01 06:59:00+00:00,55827.94921875,55836.55078125,55824.94921875,55832.8515625,0.0,48.68458099098133,3.4068159838716383,2.2809670164860805,55831.87916607723,55838.959698000974,20.05727552358141,55841.0,0.00023376787850227628,1
2025-08-01 07:00:00+00:00,55841.0,55841.3984375,55816.5,55825.1484375,0.0,53.47727816334269,3.6596536484066746,2.5567043428702,55832.74781692702,55839.03970984407,20.403072807611316,55879.3515625,0.0006867993499400083,1
2025-08-01 07:01:00+00:00,55879.3515625,55895.55078125,55836.30078125,55840.69921875,0.0,64.09098027684378,6.8754242841750965,3.420448331131179,55837.18626888635,55840.620566810976,23.17785332135336,55849.05078125,-0.0005422536304149691,1
2025-08-01 07:03:00+00:00,55849.05078125,55854.44921875,55844.6015625,55851.94921875,0.0,53.67240604289719,6.899393949985097,4.116237454901963,55838.31622244479,55840.95116345564,24.004435226970976,55819.80078125,-0.0005237331627097232,1
2025-08-01 07:04:00+00:00,55819.80078125,55853.05078125,55817.3515625,55851.3515625,0.0,45.91337755887454,4.506214697263204,4.194232903374211,55836.552847092906,55840.12173670248,24.839776907187336,55790.19921875,-0.0005303057711725699,1
2025-08-01 07:05:00+00:00,55790.19921875,55825.8515625,55784.25,55825.8515625,0.0,39.6641308207287,0.2184856280728127,3.399083448313932,55832.13821582215,55838.16399090042,26.03704730667395,55791.75,2.779666091385479e-05,1
2025-08-01 07:06:00+00:00,55791.75,55800.55078125,55787.80078125,55791.44921875,0.0,40.123923816749205,-3.0196270828600973,2.1153413420791263,55828.291719077184,55836.34383439452,25.087972499054384,55815.44921875,0.00042477998539210544,1
2025-08-01 07:07:00+00:00,55815.44921875,55817.1015625,55788.1015625,55791.8984375,0.0,46.796522006013554,-3.6316623027450983,0.9659406131142814,55827.06862380793,55835.52443770259,25.36740303483621,55811.30078125,-7.432418009826608e-05,1
2025-08-01 07:08:00+00:00,55811.30078125,55817.3515625,55806.6015625,55817.1015625,0.0,45.833665787120346,-4.4007200983323855,-0.107391529175052,55825.56692451669,55834.574490390725,24.3233028180622,55807.0,-7.705932651268472e-05,1
2025-08-01 07:09:00+00:00,55807.0,55818.80078125,55806.8984375,55813.05078125,0.0,44.8044266947377,-5.296189865854103,-1.1451511965108625,55823.79864599129,55833.49313782638,23.43609145605776,55781.8984375,-0.0004497923647571093,1
2025-08-01 07:10:00+00:00,55781.8984375,55809.6015625,55778.19921875,55809.6015625,0.0,39.262646066068456,-7.939817149621376,-2.504084387132965,55819.8081499445,55831.46981624495,24.00510947705363,55801.8984375,0.0003585392494737106,1
2025-08-01 07:11:00+00:00,55801.8984375,55804.44921875,55776.44921875,55784.30078125,0.0,45.09027144046348,-8.325111264828593,-3.668289762672091,55818.10246304503,55830.31015433338,24.29045880012123,55791.69921875,-0.00018277547960887866,1
2025-08-01 07:12:00+00:00,55791.69921875,55802.0,55788.1015625,55801.19921875,0.0,42.83323669243888,-9.345719702498172,-4.803775750637308,55815.58786835026,55828.79599999679,23.54817156439828,55736.80078125,-0.0009839893437328792,0
2025-08-01 07:13:00+00:00,55736.80078125,55793.1015625,55729.8515625,55793.0,0.0,33.20001704159182,-14.418200305197388,-6.7266606615493245,55808.08433624547,55825.18834435965,26.384016452655548,55777.80078125,0.0007356001676686205,1
2025-08-01 07:14:00+00:00,55777.80078125,55781.5,55737.55078125,55737.55078125,0.0,43.43220234963658,-14.957400773913832,-8.372808684022226,55805.200188150666,55823.33000855144,27.692245188180152,55766.1484375,-0.0002089064750992656,1
2025-08-01 07:15:00+00:00,55766.1484375,55778.69921875,55763.75,55778.69921875,0.0,41.48719933928763,-16.13892826907977,-9.926032601033736,55801.48097380299,55821.0875940004,26.782029014024427,55767.25,1.9753246922451133e-05,1
2025-08-01 07:16:00+00:00,55767.25,55772.55078125,55757.80078125,55768.8515625,0.0,41.752760350080585,-16.79283310696337,-11.299392702219665,55798.220881059846,55818.97631580431,25.922598370165534,55793.3515625,0.0004680446408958663,1
2025-08-01 07:17:00+00:00,55793.3515625,55793.3515625,55769.3984375,55772.0,0.0,47.7983629553166,-15.031604468756996,-12.04583505552713,55797.7571364351,55817.97142351787,25.935381522296574,55792.30078125,-1.8833449157878775e-05,1
2025-08-01 07:18:00+00:00,55792.30078125,55797.6015625,55786.25,55793.75,0.0,47.58424262690021,-13.5642471514293,-12.349517474707564,55797.23748356033,55816.96473166423,24.893680163561104,55788.6015625,-6.630339129594005e-05,1
2025-08-01 07:19:00+00:00,55788.6015625,55797.69921875,55787.69921875,55793.0,0.0,46.78959148121952,-12.555124285696364,-12.390638836905325,55796.41501488793,55815.852450520535,23.829845866163883,55768.05078125,-0.0003683688186192828,1
2025-08-01 07:20:00+00:00,55768.05078125,55788.8984375,55768.05078125,55788.8984375,0.0,42.53940691911736,-13.26080117966194,-12.564671305456647,55793.713659303365,55813.97787525503,23.61683232215217,55780.44921875,0.00022232151431350597,1
2025-08-01 07:21:00+00:00,55780.44921875,55780.75,55757.8515625,55769.5,0.0,45.74160910823615,-12.673512550383748,-12.58643955444207,55792.45037925066,55812.66302598032,23.56551840628416,55783.44921875,5.378228468966116e-05,1
2025-08-01 07:22:00+00:00,55783.44921875,55798.44921875,55780.75,55780.75,0.0,46.51825525819292,-11.829642398668511,-12.435080123287358,55791.59312586965,55811.51738648109,23.16798137726386,55779.8515625,-6.449325562304512e-05,1
2025-08-01 07:23:00+00:00,55779.8515625,55790.25,55767.25,55789.8515625,0.0,45.673933860308274,-11.32067235217255,-12.212198569064398,55790.4748817392,55810.27558946223,23.155982707459295,55788.30078125,0.00015147438570238666,1
2025-08-01 07:24:00+00:00,55788.30078125,55792.55078125,55767.75,55780.6015625,0.0,48.05834810860487,-10.11888438295864,-11.793535731843248,55790.26782454976,55809.41383227744,23.273468317640777,55790.5,3.9420787498498966e-05,1
2025-08-01 07:25:00+00:00,55790.5,55795.6484375,55779.94921875,55792.5,0.0,48.68961825991052,-8.88656143690605,-11.212140872855809,55790.2899364974,55808.6721133646,22.73245049138072,55777.6015625,-0.0002311941549188482,1
2025-08-01 07:26:00+00:00,55777.6015625,55797.80078125,55774.30078125,55789.8515625,0.0,45.218502995182725,-8.848730081030226,-10.739458714490691,55789.08151992621,55807.45366038952,22.787275456282096,55797.6015625,0.00035856686984989073,1
2025-08-01 07:27:00+00:00,55797.6015625,55800.30078125,55776.75,55783.3984375,0.0,51.0461962441743,-7.122808305561193,-10.016128632704794,55789.89295255228,55807.06730360954,22.841811584404805,55791.19921875,-0.00011474227512859325,1
2025-08-01 07:28:00+00:00,55791.19921875,55799.3984375,55776.6015625,55799.1015625,0.0,49.24036273571555,-6.200147062030737,-9.252932318569984,55790.01735885683,55806.44502577191,22.83860182837589,55804.05078125,0.00023035107113598155,1
2025-08-01 07:29:00+00:00,55804.05078125,55811.0,55787.55078125,55791.25,0.0,52.84640458263956,-4.3814115058557945,-8.278628156027146,55791.35387527523,55806.35113382988,22.882217322777613,55795.94921875,-0.00014517875291451246,1
2025-08-01 07:30:00+00:00,55795.94921875,55809.80078125,55785.44921875,55809.44921875,0.0,50.41493414303128,-3.5528241156207514,-7.333467347945868,55791.79152703473,55805.943215591455,22.98717054972207,55807.3515625,0.00020435791324737045,1
2025-08-01 07:31:00+00:00,55807.3515625,55807.3515625,55782.44921875,55797.0,0.0,53.64742594030058,-1.953569261560915,-6.257487730668879,55793.27343517428,55805.99844488199,23.123968635456208,55804.19921875,-5.648617362659853e-05,1
2025-08-01 07:32:00+00:00,55804.19921875,55810.55078125,55792.5,55808.3515625,0.0,52.62599045177514,-0.9297979313269024,-5.191949770800484,55794.313985991015,55805.92788699446,22.76159810792362,55796.1015625,-0.00014510836753086527,1
2025-08-01 07:33:00+00:00,55796.1015625,55804.6484375,55785.1484375,55802.8984375,0.0,49.99281327935336,-0.7630687787896022,-4.306173572398309,55794.48423137282,55805.54254093586,22.528626814500505,55779.05078125,-0.00030559090639873055,1
2025-08-01 07:34:00+00:00,55779.05078125,55798.80078125,55772.94921875,55798.80078125,0.0,44.89854623246938,-1.983920866929111,-3.841723031304469,55793.01437898017,55804.50364839916,22.765979363464755,55798.8984375,0.0003558263536580609,1
2025-08-01 07:35:00+00:00,55798.8984375,55801.0,55776.8984375,55778.44921875,0.0,51.13989124181118,-1.3345313107201946,-3.3402846871876144,55793.57476550587,55804.28383620704,22.86137815893156,55818.55078125,0.0003521994931855594,1
2025-08-01 07:36:00+00:00,55818.55078125,55825.80078125,55786.30078125,55801.25,0.0,56.40537075426377,0.7571663479611743,-2.520794480157857,55795.95343367198,55804.84332424794,24.0498511475793,55818.25,-5.388553550570421e-06,1
2025-08-01 07:37:00+00:00,55818.25,55831.05078125,55812.69921875,55819.6484375,0.0,56.30535824693779,2.3633381877079955,-1.5439679465846865,55798.07691617941,55805.36907623822,23.642830529895065,55820.3515625,3.765009651861175e-05,1
2025-08-01 07:38:00+00:00,55820.3515625,55831.1015625,55816.3515625,55822.5,0.0,56.88064235023448,3.762448310713808,-0.4826846951249878,55800.198311067084,55805.956624719074,23.007628349188277,55807.30078125,-0.00023379969643128311,1
2025-08-01 07:39:00+00:00,55807.30078125,55820.3515625,55802.05078125,55820.3515625,0.0,52.27756352296879,3.7746523437308497,0.3687827126461797,55800.8747367988,55806.009336739895,22.671424984960534,55780.1484375,-0.0004865374846998975,1
2025-08-01 07:40:00+00:00,55780.1484375,55813.94921875,55780.1484375,55812.05078125,0.0,44.253614442706215,1.575198995305982,0.6100659691781403,55798.90080353225,55804.99518382853,23.466379003891927,55790.05078125,0.00017752451413956494,1
2025-08-01 07:41:00+00:00,55790.05078125,55801.30078125,55780.25,55784.30078125,0.0,47.42306133782203,0.6239601297857007,0.6128448012996524,55798.05794426727,55804.40912882545,23.301090771471078,55807.75,0.0003172468657431009,1
2025-08-01 07:42:00+00:00,55807.75,55812.6484375,55781.1015625,55785.3984375,0.0,52.609387966734445,1.283480347621662,0.7469719105640543,55798.980997194194,55804.54014338132,23.89007535922314,55822.25,0.0002598205446376175,1
2025-08-01 07:43:00+00:00,55822.25,55822.8515625,55805.3984375,55808.75,0.0,56.403537228213416,2.942267067039211,1.1860309418590855,55801.19709269951,55805.23464756244,23.4302931907072,55809.44921875,-0.00022931324427087765,1
2025-08-01 07:44:00+00:00,55809.44921875,55824.19921875,55801.44921875,55824.19921875,0.0,52.41399970946148,3.1872112396085868,1.586267001408986,55801.98300946623,55805.39992486391,23.3817008199424,55808.8515625,-1.0708872034508605e-05,1
2025-08-01 07:45:00+00:00,55808.8515625,55816.44921875,55800.69921875,55809.69921875,0.0,52.22825289085482,3.2951212894622586,1.9280378590196403,55802.6371573742,55805.53528320258,22.83657933280366,55808.69921875,-2.729741711839226e-06,1
2025-08-01 07:46:00+00:00,55808.69921875,55815.05078125,55803.5,55804.19921875,0.0,52.17749364563827,3.329962182768213,2.2084227237693552,55803.21449655285,55805.6593591064,22.030450898317685,55812.6015625,6.992357472271873e-05,1
2025-08-01 07:47:00+00:00,55812.6015625,55821.6015625,55802.1484375,55809.75,0.0,53.42613440462594,3.6306089688878274,2.49285997279305,55804.10850283353,55805.93160237674,21.846356191294998,55800.5,-0.00021682491339251482,1
2025-08-01 07:48:00+00:00,55800.5,55816.80078125,55798.25,55811.55078125,0.0,49.14113318927356,2.859417174884584,2.566171413211357,55803.76483589701,55805.71859836197,21.610957981202493,55805.0,8.064443866990439e-05,1
2025-08-01 07:49:00+00:00,55805.0,55809.25,55793.55078125,55797.3515625,0.0,50.7238023312548,2.5815954881472862,2.569256228198543,55803.88247057347,55805.69041803405,21.18869089325946,55802.69921875,-4.12289445390198e-05,1
2025-08-01 07:50:00+00:00,55802.69921875,55808.1484375,55794.6484375,55802.6484375,0.0,49.86931745839353,2.15097092743963,2.4855991680467606,55803.76977992361,55805.57311610135,20.63949868659807,55812.6015625,0.00017745277358685116,1
2025-08-01 07:51:00+00:00,55812.6015625,55812.8984375,55800.69921875,55801.8515625,0.0,53.500035713669206,2.5790050787036307,2.5042803501781346,55804.61090207374,55805.84874145032,20.03662154826964,55828.1015625,0.0002777150601489667,1
2025-08-01 07:52:00+00:00,55828.1015625,55828.8984375,55809.8515625,55810.6484375,0.0,58.55937298915155,4.121436335924955,2.8277115473274987,55806.84810782862,55806.72140109933,19.965925366250374,55848.69921875,0.00036894781791819954,1
2025-08-01 07:53:00+00:00,55848.69921875,55848.69921875,55826.6015625,55828.1015625,0.0,64.14265910762913,6.92604381567071,3.647378000996141,55810.83392791637,55808.367590026806,20.11819185794678,55841.1484375,-0.0001352006645745652,1
2025-08-01 07:54:00+00:00,55841.1484375,55849.5,55835.19921875,55847.55078125,0.0,60.90327123198941,8.4421150597409,4.606325412745093,55813.72102406719,55809.653113457134,19.702662528807725,55873.55078125,0.0005802592650161235,1
2025-08-01 07:55:00+00:00,55873.55078125,55874.19921875,55834.05078125,55842.1484375,0.0,68.3014470608863,12.118516076494416,6.108763545494958,55819.41909617984,55812.158904350974,21.16307502675003,55885.8984375,0.000220992868313349,1
2025-08-01 07:56:00+00:00,55885.8984375,55891.25,55872.44921875,55874.3515625,0.0,70.58565774047025,15.845782715528912,8.05616737950175,55825.75046201985,55815.05065074898,20.994339756982168,55879.25,-0.00011896449168541651,1
2025-08-01 07:57:00+00:00,55879.25,55888.19921875,55874.8515625,55883.55078125,0.0,67.7545591846204,18.05506745875755,10.05594739535291,55830.8456561132,55817.56827228824,20.448148077912013,55886.5,0.0001297440463141506,1
2025-08-01 07:58:00+00:00,55886.5,55890.3984375,55877.1015625,55879.1484375,0.0,69.20506959057897,20.15858037770522,12.07647399182337,55836.14606981671,55820.27147729654,19.937342858061157,55887.80078125,2.3275410877403308e-05,1
2025-08-01 07:59:00+00:00,55887.80078125,55887.80078125,55875.80078125,55886.55078125,0.0,69.47042275183756,21.68067042385519,13.997313278229736,55841.06556614369,55822.91968529472,19.37038979677107,55883.5,-7.695384663342997e-05,1
2025-08-01 08:00:00+00:00,55883.5,55891.44921875,55877.94921875,55887.55078125,0.0,67.4024330050739,22.283035683103662,15.654457759204522,55845.10694079667,55825.29538391061,18.951076239858853,55914.8984375,0.0005618552434976335,1
2025-08-01 08:01:00+00:00,55914.8984375,55919.80078125,55883.55078125,55885.5,0.0,73.58471841008105,25.00575520892744,17.524717249149106,55851.75375000651,55828.80922914941,20.190340883440367,55903.55078125,-0.00020294512852749022,1
2025-08-01 08:02:00+00:00,55903.55078125,55923.05078125,55893.8515625,55917.94921875,0.0,68.52641697188818,25.94874801167316,19.20952340165392,55856.68680060113,55831.74027040826,20.8338321596232,55888.5,-0.0002692276436767594,1
2025-08-01 08:03:00+00:00,55888.5,55910.25,55883.94921875,55905.19921875,0.0,62.39958035846247,25.19121568605624,20.405861858534383,55859.7166291153,55833.96614215696,21.22432852322154,55870.3515625,-0.00032472579332062945,1
2025-08-01 08:04:00+00:00,55870.3515625,55891.8984375,55870.3515625,55888.5,0.0,55.90844631174891,22.862889468713547,20.897267380570216,55860.72947991385,55835.3930213861,21.247367557277148,55850.8515625,-0.000349022324983692,1
2025-08-01 08:05:00+00:00,55850.8515625,55878.0,55844.1484375,55870.1484375,0.0,49.901761553870514,19.222600956905808,20.562334095837336,55859.78872587443,55835.999238684686,22.147667196043063,55823.8515625,-0.0004834304087518809,1
2025-08-01 08:06:00+00:00,55823.8515625,55851.19921875,55822.75,55848.0,0.0,43.0112246778278,13.997615929634776,19.249390462596825,55856.366138886384,55835.52285922647,22.597778021325706,55814.3515625,-0.0001701781538553259,1
2025-08-01 08:07:00+00:00,55814.3515625,55829.6015625,55803.55078125,55829.6015625,0.0,40.872696394674975,8.986614943256427,17.196835358728745,55852.36475065911,55834.69261229602,22.844421109088152,55749.6015625,-0.001160095892675453,0
2025-08-01 08:08:00+00:00,55749.6015625,55818.5,55748.25,55815.3984375,0.0,29.944451788265937,-0.2070367121050367,13.71606094456199,55842.57778035824,55831.355708382456,26.230533887010427,55776.3984375,0.0004806648702225871,1
2025-08-01 08:09:00+00:00,55776.3984375,55792.80078125,55751.3984375,55751.3984375,0.0,37.40369667571437,-5.270038302915054,9.918841095066584,55836.27498580032,55829.20052128902,27.4425828057954,55788.25,0.00021248346669927454,1
2025-08-01 08:10:00+00:00,55788.25,55796.6484375,55778.25,55778.25,0.0,40.42498805539715,-8.231296235280752,6.288813628997116,55831.70117762886,55827.59461849338,26.928826891095728,55794.1015625,0.00010488879826845259,1
2025-08-01 08:11:00+00:00,55794.1015625,55794.5,55786.0,55790.05078125,0.0,41.9156661126822,-9.99077485766611,3.032895931664471,55828.1202619023,55826.28116531717,25.61248211316032,55810.19921875,0.000288518961667795,1
2025-08-01 08:12:00+00:00,55810.19921875,55814.44921875,55794.3515625,55796.0,0.0,45.9243082638251,-9.97128524720756,0.4320596958900644,55826.4134958878,55825.65050074591,25.236423122934585,55812.19921875,3.583574378871021e-05,1
2025-08-01 08:13:00+00:00,55812.19921875,55822.55078125,55806.3515625,55812.05078125,0.0,46.41907502086188,-9.682838569526211,-1.590919957193191,55825.05975520801,55825.12299949118,24.590908524867825,55826.8515625,0.0002625294103278692,1
2025-08-01 08:14:00+00:00,55826.8515625,55843.69921875,55809.5,55815.8984375,0.0,50.02652071622831,-8.177653909573564,-2.9082667476692654,55825.230403521535,55825.19078627584,25.27721639809155,55817.8515625,-0.00016121274526692954,1
2025-08-01 08:15:00+00:00,55817.8515625,55830.6484375,55815.0,55827.25,0.0,47.89354141522976,-7.623134259643848,-3.851240250064182,55824.52765675758,55824.90297357875,24.5894464767993,55824.55078125,0.00012001928706444022,1
2025-08-01 08:16:00+00:00,55824.55078125,55829.05078125,55809.0,55823.75,0.0,49.61560323479903,-6.567397605031147,-4.394471721057576,55824.5298590902,55824.88916211488,24.26525610345649,55818.55078125,-0.00010747959304699398,1
2025-08-01 08:17:00+00:00,55818.55078125,55826.05078125,55814.25,55824.0,0.0,48.0828947518474,-6.1440438431018265,-4.744386145466426,55823.96042310542,55824.64059815939,23.374936471066743,55824.80078125,0.00011196994390795679,1
2025-08-01 08:18:00+00:00,55824.80078125,55834.30078125,55811.19921875,55823.75,0.0,49.82177637619202,-5.243763330552611,-4.844261582483663,55824.040457214425,55824.64687984922,23.35540975884769,55818.80078125,-0.00010747911172152777,1
2025-08-01 08:19:00+00:00,55818.80078125,55828.1484375,55815.05078125,55828.1484375,0.0,48.15433395778537,-4.957289842604951,-4.86686723450792,55823.54144045591,55824.41762108063,22.622713079644285,55804.5,-0.0002562000804360482,1
2025-08-01 08:20:00+00:00,55804.5,55819.30078125,55801.5,55816.75,0.0,44.344834853877686,-5.81715453331708,-5.056924694269752,55821.7279699363,55823.636537901,22.27828937752684,55796.5,-0.00014335761452929422,1
2025-08-01 08:21:00+00:00,55796.5,55804.3515625,55790.8515625,55803.5,0.0,42.32753534297736,-7.062721974383749,-5.458084150292551,55819.32530613284,55822.5723599441,21.66187138627492,55814.8515625,0.00032890167842068946,1
2025-08-01 08:22:00+00:00,55814.8515625,55817.1484375,55794.69921875,55797.19921875,0.0,48.1540630046242,-6.494164733347134,-5.665300266903468,55818.89923531067,55822.26958357375,21.71811048368385,55807.1015625,-0.00013885193247037045,1
2025-08-01 08:23:00+00:00,55807.1015625,55817.3515625,55804.6484375,55815.5,0.0,46.03873358964969,-6.592939946393017,-5.850828202801379,55817.77564742394,55821.67475921792,21.074182949135007,55797.55078125,-0.00017113917373586947,1
2025-08-01 08:24:00+00:00,55797.55078125,55809.8984375,55792.0,55809.8984375,0.0,43.502544605189776,-7.357080398818653,-6.152078642004834,55815.84946969309,55820.72872086624,20.847343988482503,55795.55078125,-3.584386719483165e-05,1
2025-08-01 08:25:00+00:00,55795.55078125,55814.05078125,55793.8515625,55801.55078125,0.0,42.968734747215045,-8.031468725952436,-6.527956658794355,55813.91626126994,55819.74135068521,20.801049328590896,55778.8515625,-0.0002992930173853888,1
2025-08-01 08:26:00+00:00,55778.8515625,55799.8984375,55778.8515625,55796.44921875,0.0,38.69880858666759,-9.800440350045392,-7.182453397044562,55810.576766149,55818.13782957991,20.818608305120115,55790.55078125,0.00020974291191512017,1
2025-08-01 08:27:00+00:00,55790.55078125,55797.0,55778.55078125,55780.1484375,0.0,42.974279638794926,-10.141429837865871,-7.774248685208825,55808.66952949195,55817.05598454736,20.64936619404011,55790.5,-9.102123798545914e-07,1
2025-08-01 08:28:00+00:00,55790.5,55797.3515625,55780.3515625,55793.8984375,0.0,42.96027366520119,-10.297065919919987,-8.278812132151058,55806.93909811176,55816.014573388646,20.3886971801801,55774.8515625,-0.00028048570097059534,1
2025-08-01 08:29:00+00:00,55774.8515625,55792.25,55759.05078125,55792.25,0.0,38.7672965670598,-11.549965945225267,-8.9330428947659,55803.88314233921,55814.40033766752,21.303734435167232,55785.6484375,0.00019357962769118756,1
2025-08-01 08:30:00+00:00,55785.6484375,55789.94921875,55776.69921875,55776.69921875,0.0,42.90771873251446,-11.538670056848789,-9.45416832718248,55802.1465037831,55813.27281217076,20.860443136226717,55778.5,-0.00012814115637660504,1
2025-08-01 08:31:00+00:00,55778.5,55787.44921875,55769.30078125,55784.05078125,0.0,40.93418274865683,-11.968570912875292,-9.957048844321042,55799.89445580376,55811.90917247779,20.666728447924807,55761.80078125,-0.0002993845074715168,1
2025-08-01 08:32:00+00:00,55761.80078125,55779.75,55752.3515625,55776.55078125,0.0,36.68883510301545,-13.501125262620915,-10.665864127981015,55796.26648679864,55809.94413752768,21.14756480878732,55750.1484375,-0.00020896641763259053,1
2025-08-01 08:33:00+00:00,55750.1484375,55765.6015625,55750.1484375,55762.19921875,0.0,34.0362424525385,-15.477517200306464,-11.628194742446109,55791.87429162734,55807.59920811483,20.74081910815965,55767.1484375,0.00030493192352766996,1
2025-08-01 08:34:00+00:00,55767.1484375,55770.80078125,55743.80078125,55755.8515625,0.0,40.76500652125996,-15.493465103616472,-12.40124881468018,55789.51944837712,55806.01290338484,21.18790345757682,55779.30078125,0.00021791223131337824,1
2025-08-01 08:35:00+00:00,55779.30078125,55783.05078125,55765.19921875,55772.30078125,0.0,45.07793797774262,-14.359978459731792,-12.792994743690503,55788.54624198406,55804.96536918348,20.94959338917848,55780.55078125,2.240974667111967e-05,1
2025-08-01 08:36:00+00:00,55780.55078125,55783.3515625,55758.1484375,55779.69921875,0.0,45.5173652061217,-13.208557545469375,-12.87610730404628,55787.7847695332,55804.00793436256,21.25341707566573,55763.80078125,-0.0003002838761074106,1
2025-08-01 08:37:00+00:00,55763.80078125,55781.05078125,55759.3515625,55779.30078125,0.0,40.805933223080295,-13.49210460641916,-12.999306764520856,55785.50058017289,55802.4311832601,21.28526005240389,55767.19921875,6.094343377581769e-05,1
2025-08-01 08:38:00+00:00,55767.19921875,55774.1015625,55757.25,55763.75,0.0,42.115086092625546,-13.289400256959198,-13.057325463008524,55783.75759337071,55801.04953759304,20.96856737008933,55768.25,1.8842281210470173e-05,1
2025-08-01 08:39:00+00:00,55768.25,55771.0,55760.55078125,55765.1015625,0.0,42.5382501202798,-12.895317145470472,-13.024923799500916,55782.280679716365,55799.763281216845,20.21718532579723,55773.30078125,9.05673254943449e-05,1
2025-08-01 08:40:00+00:00,55773.30078125,55777.8984375,55752.5,55769.3984375,0.0,44.63343271120482,-12.036696065020806,-12.827278252604897,55781.425451291,55798.7255361201,20.587274766811717,55798.0,0.0004428502241040652,1
2025-08-01 08:41:00+00:00,55798.0,55800.55078125,55772.6484375,55772.6484375,0.0,53.55241855590837,-9.25650886733638,-12.113124375551193,55783.00397973947,55798.69708372324,21.109779694182304,55797.69921875,-5.3905381913330225e-06,1
2025-08-01 08:42:00+00:00,55797.69921875,55806.69921875,55795.75,55799.25,0.0,53.43952148773538,-6.996806189752533,-11.089860738391462,55784.4035263119,55798.657951763504,20.384025341026422,55779.3984375,-0.00032798451381038825,1
2025-08-01 08:43:00+00:00,55779.3984375,55798.69921875,55779.3984375,55798.69921875,0.0,46.95354309660184,-6.606539562701073,-10.193196503253384,55783.92685118695,55797.90267669435,20.306650763095966,55792.8515625,0.00024118447629143994,1
2025-08-01 08:44:00+00:00,55792.8515625,55804.69921875,55776.1015625,55778.6015625,0.0,51.603658199191656,-5.152303150483931,-9.185017832699495,55784.77682369296,55797.704593784765,20.89886544073197,55779.5,-0.00023930597067696704,1
2025-08-01 08:45:00+00:00,55779.5,55794.8984375,55768.30078125,55793.19921875,0.0,47.18300433605901,-5.019310341478558,-8.351876334455309,55784.27426905553,55796.99068814615,21.305921927108265,55792.69921875,0.00023663207361127297,1
2025-08-01 08:46:00+00:00,55792.69921875,55799.25,55775.80078125,55787.1015625,0.0,51.59743979491692,-3.804984447335301,-7.442497957031308,55785.076645216905,55796.82239522866,21.459014557314816,55805.05078125,0.0002213831320756223,1
2025-08-01 08:47:00+00:00,55805.05078125,55808.05078125,55786.3984375,55796.5,0.0,55.35760814836197,-1.824918040838384,-6.318981973792724,55786.97894388672,55797.14507703342,21.47282378536376,55795.5,-0.00017114546293377762,1
2025-08-01 08:48:00+00:00,55795.5,55814.6484375,55793.3984375,55806.55078125,0.0,51.99408386317952,-1.0146728586478275,-5.258120150763745,55787.79047304037,55797.08056420858,21.45690780069492,55782.8515625,-0.00022669278884497853,1
2025-08-01 08:49:00+00:00,55782.8515625,55801.69921875,55778.05078125,55795.5,0.0,47.84777489460007,-1.3772943215008129,-4.481954984911159,55787.32010060795,55796.522564141575,21.613445636359568,55772.5,-0.00018556890173321354,1
2025-08-01 08:50:00+00:00,55772.5,55787.6015625,55771.19921875,55782.8515625,0.0,44.705647202954125,-2.4714694639551453,-4.079857880719956,55785.90866245481,55795.58050280269,21.24122407304817,55757.94921875,-0.0002608952664843785,1
2025-08-01 08:51:00+00:00,55757.94921875,55780.69921875,55739.05078125,55772.5,0.0,40.66333235689018,-4.461310379396309,-4.156148380455227,55783.245858292445,55794.10476617317,22.6988821749733,55764.94921875,0.00012554263738319264,1
2025-08-01 08:52:00+00:00,55764.94921875,55775.75,55741.94921875,55760.6015625,0.0,43.318579132621565,-5.4110568472751766,-4.407130073819217,55781.503321193166,55792.96141137226,23.491874966046637,55757.05078125,-0.00014163802909631786,1
2025-08-01 08:53:00+00:00,55757.05078125,55764.05078125,55748.75,55764.05078125,0.0,41.08455356567723,-6.723570526133699,-4.870418164282114,55779.174507865246,55791.55315136747,22.97097095061473,55736.1015625,-0.00037572322166374,1
2025-08-01 08:54:00+00:00,55736.1015625,55758.75,55736.1015625,55758.30078125,0.0,35.80953548661432,-9.34643407195108,-5.765621345815908,55775.072322592365,55789.37857925503,22.9479328469994,55745.1015625,0.00016147523324550782,1
2025-08-01 08:55:00+00:00,55745.1015625,55754.05078125,55734.0,55743.25,0.0,39.40880415066705,-10.57692335631873,-6.727881747916472,55772.21796448833,55787.64222565679,22.740993447213725,55749.6484375,8.156546266046638e-05,1
2025-08-01 08:56:00+00:00,55749.6484375,55759.6015625,55739.69921875,55743.55078125,0.0,41.202536044962045,-11.057733498120797,-7.593852097957336,55770.06848572754,55786.15227318006,22.5382327545556,55736.30078125,-0.0002394213528532621,1
2025-08-01 08:57:00+00:00,55736.30078125,55754.30078125,55730.69921875,55752.1015625,0.0,37.67643695005994,-12.37319284286059,-8.549720246937987,55766.85251387254,55784.19731271222,22.6141848792302,55728.19921875,-0.00014535522426930441,1
2025-08-01 08:58:00+00:00,55728.19921875,55736.6015625,55715.5,55736.0,0.0,35.68048635396012,-13.90909682700294,-9.62159556295098,55763.17124767039,55782.00130902742,22.5061404235709,55739.6015625,0.00020460635566640795,1
2025-08-01 08:59:00+00:00,55739.6015625,55743.94921875,55720.44921875,55726.30078125,0.0,40.46117284179832,-14.044343503155687,-10.50614515099192,55760.9265157494,55780.338573869485,22.57713039331584,55749.25,0.0001730984296538494,1
2025-08-01 09:00:00+00:00,55749.25,55749.25,55721.5,55743.0,0.0,44.2380511957256,-13.220580574175983,-11.049032235628731,55759.814466630414,55779.1194141099,22.94662107950756,55763.8984375,0.0002627557769835469,1
2025-08-01 09:01:00+00:00,55763.8984375,55768.3515625,55736.75,55745.30078125,0.0,49.47805695906069,-11.25598405632627,-11.09042259976824,55760.20341623704,55778.522513066375,23.564831180971307,55758.1015625,-0.00010395390498921303,1
2025-08-01 09:02:00+00:00,55758.1015625,55763.94921875,55746.3515625,55763.05078125,0.0,47.57285780882236,-10.050925712646858,-10.882523222343965,55760.00323969065,55777.72169147553,23.13860440018764,55782.05078125,0.00042951998147130246,1
2025-08-01 09:03:00+00:00,55782.05078125,55784.05078125,55749.0,55756.44921875,0.0,55.2410008898944,-7.081772230128991,-10.12237302390097,55762.10300555345,55777.89145970198,23.98947417517424,55754.30078125,-0.0004974718500189598,1
2025-08-01 09:04:00+00:00,55754.30078125,55784.75,55748.94921875,55783.5,0.0,46.71497804430815,-6.88848363579018,-9.475595146278811,55761.35993657217,55776.96633505681,24.833138966233225,55772.6015625,0.000328239812777896,1
2025-08-01 09:05:00+00:00,55772.6015625,55785.75,55750.6484375,55750.8515625,0.0,51.97888843667957,-5.198654083120346,-8.62020693364712,55762.43056761292,55776.79516750557,25.566597790073708,55772.55078125,-9.10505312238186e-07,1
2025-08-01 09:06:00+00:00,55772.55078125,55773.75,55747.8984375,55772.75,0.0,51.96354860548245,-3.819520555152849,-7.660069657948266,55763.39439748311,55776.62872098574,25.5869524122113,55754.69921875,-0.00032007792811946235,1
2025-08-01 09:07:00+00:00,55754.69921875,55772.1484375,55749.44921875,55764.6015625,0.0,46.74136091339797,-4.11953180184355,-6.951962086727324,55762.56628522281,55775.768740505904,25.409424561339065,55705.3984375,-0.000884244412413948,0
2025-08-01 09:08:00+00:00,55705.3984375,55756.30078125,55697.80078125,55756.19921875,0.0,35.985532621330975,-8.24046297174209,-7.209662263730278,55757.12172829683,55773.00912078018,27.773037092671984,55740.05078125,0.0006220643729687891,1
2025-08-01 09:09:00+00:00,55740.05078125,55750.6015625,55702.5,55702.6484375,0.0,45.48169902267332,-8.610914808879897,-7.489912772760203,55755.49592381618,55771.71663687704,29.225074621766844,55729.1484375,-0.00019559264114749178,1
2025-08-01 09:10:00+00:00,55729.1484375,55746.05078125,55724.55078125,55741.3984375,0.0,43.30508694208184,-9.672727404256875,-7.926475699059537,55752.98663940512,55770.047295725,28.67328357735493,55718.3515625,-0.000193738381129377,1
2025-08-01 09:11:00+00:00,55718.3515625,55732.1015625,55710.8984375,55731.8984375,0.0,41.202145994058185,-11.25569052137871,-8.592318663523372,55749.68806065225,55768.02001206912,28.13970082182957,55720.94921875,4.6621197094931555e-05,1
2025-08-01 09:12:00+00:00,55720.94921875,55727.25,55711.5,55715.5,0.0,41.93275940738421,-12.160413370729655,-9.30593760496463,55746.95102809014,55766.17409860563,27.25472219169889,55707.25,-0.0002458540089871663,1
2025-08-01 09:13:00+00:00,55707.25,55720.0,55704.05078125,55720.0,0.0,39.16860039534925,-13.823476775542076,-10.20944543908012,55743.16997779584,55763.86334964071,26.51498757086326,55709.05078125,3.232579691153306e-05,1
2025-08-01 09:14:00+00:00,55709.05078125,55716.25,55695.55078125,55708.3984375,0.0,39.73101078018192,-14.825262115205987,-11.132608774305291,55739.92053050576,55761.7138371548,26.099575512230167,55701.0,-0.00014451478058049504,1
2025-08-01 09:15:00+00:00,55701.0,55713.05078125,55695.8515625,55711.0,0.0,38.03783121173973,-16.083415377164783,-12.122770094877191,55736.21381331474,55759.33290236441,25.46383574349944,55698.25,-4.937074738335039e-05,1
2025-08-01 09:16:00+00:00,55698.25,55713.8515625,55696.69921875,55703.80078125,0.0,37.450729911068656,-17.10523442426347,-13.11926296075445,55732.598212046665,55756.93749442855,24.87015774396377,55722.1484375,0.00042906980919508244,1
2025-08-01 09:17:00+00:00,55722.1484375,55723.1015625,55693.75,55698.25,0.0,45.34558308882983,-15.804445393645436,-13.656299447332648,55731.60299542318,55755.57321768626,25.19025808368064,55733.3515625,0.0002010533569531303,1
2025-08-01 09:18:00+00:00,55733.3515625,55733.94921875,55718.05078125,55723.3515625,0.0,48.61954849121829,-13.711504467733905,-13.6673404514129,55731.76952562097,55754.70178022797,24.526556613417736,55731.1484375,-3.952974185536628e-05,1
2025-08-01 09:19:00+00:00,55731.1484375,55737.3515625,55724.3984375,55729.69921875,0.0,48.01047532485564,-12.091227338110912,-13.352117828752505,55731.71037437135,55753.77811972884,23.69988292674504,55734.0,5.1166404783456067e-05,1
2025-08-01 09:20:00+00:00,55734.0,55738.25,55721.3515625,55732.8984375,0.0,48.90272161979475,-10.456512608769115,-12.772996784755827,55731.92843395504,55753.00250719046,23.21406539626325,55727.0,-0.00012559658377292137,1
2025-08-01 09:21:00+00:00,55727.0,55738.3984375,55722.30078125,55732.25,0.0,46.78029964153068,-9.614995226991596,-12.14139647320298,55731.459059292654,55751.98280102613,22.70575045724445,55719.94921875,-0.00012652361063757246,1
2025-08-01 09:22:00+00:00,55719.94921875,55726.69921875,55711.0,55723.6484375,0.0,44.67697482014821,-9.408569626146344,-11.594831103791654,55730.36288400288,55750.72658211335,22.226768281726997,55722.6484375,4.844259170810051e-05,1
2025-08-01 09:23:00+00:00,55722.6484375,55725.05078125,55706.8984375,55720.8984375,0.0,45.6838095202172,-8.924297706675134,-11.06072442436835,55729.62817481213,55749.625478403024,21.93573795803221,55709.05078125,-0.00024402386877306258,1
2025-08-01 09:24:00+00:00,55709.05078125,55724.55078125,55705.44921875,55722.30078125,0.0,41.57862195016585,-9.527894305872906,-10.754158400669262,55727.66842304431,55748.03431380879,21.73329685388705,55687.94921875,-0.0003787815840348541,1
2025-08-01 09:25:00+00:00,55687.94921875,55713.19921875,55687.94921875,55711.8984375,0.0,36.14973225018437,-11.575533159302722,-10.918433352395954,55723.88564168295,55745.6780355712,21.98448993575226,55694.05078125,0.00010956701738166394,1
2025-08-01 09:26:00+00:00,55694.05078125,55700.6015625,55682.8984375,55693.1484375,0.0,38.64436442329263,-12.561159375982244,-11.246978557113213,55721.044226403625,55743.653437362525,21.6786781546271,55682.8515625,-0.0002010846507464014,1
2025-08-01 09:27:00+00:00,55682.8515625,55700.3984375,55681.6015625,55696.55078125,0.0,35.873893138099135,-14.083611504429427,-11.814305146576457,55717.40682984137,55741.26905011301,21.47283507215373,55709.94921875,0.00048664275427031295,1
2025-08-01 09:28:00+00:00,55709.94921875,55715.80078125,55682.8515625,55685.1484375,0.0,45.96759490154759,-12.954282485363365,-12.04230061433384,55716.696581166005,55740.04082143211,22.292576763428468,55699.6015625,-0.00018574162057425364,1
2025-08-01 09:29:00+00:00,55699.6015625,55709.44921875,55693.3515625,55709.44921875,0.0,43.172976388544456,-12.74730745634588,-12.183301982736248,55715.0684841502,55738.45496814065,21.885796726755007,55703.80078125,7.539046298721e-05,1
2025-08-01 09:30:00+00:00,55703.80078125,55703.80078125,55678.5,55693.6484375,0.0,44.6437591464152,-12.10489865917043,-12.167621318023086,55713.99536958828,55737.09598041945,22.12972419270108,55702.3984375,-2.5175010148895107e-05,1
2025-08-01 09:31:00+00:00,55702.3984375,55727.6015625,55701.94921875,55704.55078125,0.0,44.23203981806486,-11.575507237925194,-12.04919850200351,55712.89089986559,55735.73529246183,22.38133987536529,55691.3515625,-0.00019831955732381923,1
2025-08-01 09:32:00+00:00,55691.3515625,55714.1484375,55685.05078125,55703.3515625,0.0,41.02257200178244,-11.910059460737102,-12.02137069375023,55710.8395344022,55733.99475403196,22.861076759267767,55671.75,-0.00035196780020686,1
2025-08-01 09:33:00+00:00,55671.75,55700.1015625,55669.8984375,55691.1484375,0.0,36.02725386667231,-13.60010325967596,-12.337117206935377,55707.11672160199,55731.55378328561,23.385508776462927,55670.3515625,-2.5119337904772168e-05,1
2025-08-01 09:34:00+00:00,55670.3515625,55679.19921875,55662.55078125,55669.94921875,0.0,35.69331710627843,-14.880780985236925,-12.845849962595686,55703.61527787799,55729.15369619598,22.90428939957272,55656.44921875,-0.00024972617128871756,1
2025-08-01 09:35:00+00:00,55656.44921875,55676.8515625,55652.80078125,55674.55078125,0.0,32.47106681328523,-16.823598294598924,-13.641399628996336,55699.123272246754,55726.30254021771,22.98618167460324,55631.69921875,-0.0004446924003851474,1
2025-08-01 09:36:00+00:00,55631.69921875,55660.05078125,55631.05078125,55657.3984375,0.0,27.68020609739328,-20.128385664662343,-14.938796836129535,55692.70193381849,55722.5926060425,23.41574012641729,55641.94921875,0.00018424747300448016,1
2025-08-01 09:37:00+00:00,55641.94921875,55642.8984375,55630.44921875,55630.6484375,0.0,32.14529682713554,-21.670559408572444,-16.28514935061812,55687.8683419072,55719.43012026633,22.632417170958917,55606.25,-0.0006415882126927757,1
2025-08-01 09:38:00+00:00,55606.25,55645.5,55605.8984375,55642.3515625,0.0,26.1009547847558,-25.47965817478689,-18.124051115451877,55680.095166487474,55714.99168417745,23.84449898017613,55593.8515625,-0.0002229684163201079,1
2025-08-01 09:39:00+00:00,55593.8515625,55607.94921875,55592.3984375,55607.94921875,0.0,24.385954192467903,-29.162677485350287,-20.33177638943156,55671.88148991724,55710.24109117049,23.25209057087784,55586.3515625,-0.0001349070048073268,1
2025-08-01 09:40:00+00:00,55586.3515625,55608.80078125,55585.75,55603.3984375,0.0,23.384977807335915,-32.31418631858105,-22.728258375261458,55663.73578254417,55705.38267828145,23.23771133367228,55567.44921875,-0.00034005368617774173,1
2025-08-01 09:41:00+00:00,55567.44921875,55593.55078125,55563.5,55586.94921875,0.0,21.04082499642047,-35.92294360879896,-25.36719542196896,55654.5656336114,55699.973523005705,23.724359184838544,55568.1484375,1.2583243604496141e-05,1
2025-08-01 09:42:00+00:00,55568.1484375,55574.6484375,55562.30078125,55568.55078125,0.0,21.354877919632276,-38.285161145475286,-27.950788566670223,55646.33542445793,55694.8039118094,22.911737546635788,55593.80078125,0.00046163754725159407,1
2025-08-01 09:43:00+00:00,55593.80078125,55597.3515625,55568.8515625,55570.69921875,0.0,32.03517025557724,-37.65326243608433,-29.89128334055305,55641.3321251048,55690.843004728646,23.36112236473323,55591.55078125,-4.0472138410778574e-05,1
2025-08-01 09:44:00+00:00,55591.55078125,55598.6484375,55579.6484375,55596.44921875,0.0,31.629434827177437,-36.90857527134358,-31.29474172671116,55636.59104473767,55686.94919204321,23.049613624395143,55589.80078125,-3.1479603921937044e-05,1
2025-08-01 09:45:00+00:00,55589.80078125,55601.1484375,55583.6484375,55594.5,0.0,31.297414577554814,-36.04412150669668,-32.24461768270827,55632.134829167415,55683.13945044348,22.653212651224063,55582.1015625,-0.00013850056380480653,1
2025-08-01 09:46:00+00:00,55582.1015625,55601.69921875,55579.44921875,55590.44921875,0.0,29.814572112999656,-35.5702663890188,-32.90974742397037,55627.36975615147,55679.17718032805,22.6244117475652,55577.94921875,-7.470649063765328e-05,1
2025-08-01 09:47:00+00:00,55577.94921875,55591.80078125,55577.94921875,55580.30078125,0.0,29.01610507821158,-35.12489431518043,-33.35277680221239,55622.66303830371,55675.2074563446,21.9977796584534,55586.30078125,0.00015026755426201448,1
2025-08-01 09:48:00+00:00,55586.30078125,55590.55078125,55570.05078125,55581.94921875,0.0,32.907975959565974,-33.70945087482687,-33.42411161673529,55619.19996620336,55671.72092006639,21.8907953971353,55599.75,0.00024195203783980893,1
2025-08-01 09:49:00+00:00,55599.75,55608.8984375,55585.44921875,55588.75,0.0,38.73350826965705,-31.14345977910125,-32.967981249208485,55617.3475884697,55668.89853104417,22.00211135091135,55604.3984375,8.36053669306067e-05,1
2025-08-01 09:50:00+00:00,55604.3984375,55627.6484375,55597.05078125,55601.5,0.0,40.651595660302384,-28.407341145364622,-32.05585322843972,55616.1143359964,55666.36911561107,22.6160788437034,55628.80078125,0.00043885635733346745,1
2025-08-01 09:51:00+00:00,55628.80078125,55630.94921875,55604.8515625,55605.05078125,0.0,49.57622105909327,-23.993302359449444,-30.443343054641662,55617.32256887769,55664.89584759691,22.89712901558173,55615.69921875,-0.00023551761526406938,1
2025-08-01 09:52:00+00:00,55615.69921875,55631.30078125,55614.6015625,55629.80078125,0.0,45.61050122146453,-21.306720805136138,-28.61601860474056,55617.16796410362,55662.96656803429,22.454421139468742,55625.44921875,0.00017531021163018901,1
2025-08-01 09:53:00+00:00,55625.44921875,55632.19921875,55616.25,55616.25,0.0,48.88725650749829,-18.18125980610785,-26.52906684501402,55617.95665502233,55661.4952994349,22.02910534379241,55620.6484375,-8.630548278577807e-05,1
2025-08-01 09:54:00+00:00,55620.6484375,55629.25,55614.80078125,55629.25,0.0,47.37383642200187,-15.908311262071948,-24.40491572842561,55618.2130152583,55659.89346171197,21.487684872807232,55622.3515625,3.062037297018882e-05,1
2025-08-01 09:55:00+00:00,55622.3515625,55631.5,55607.94921875,55620.1015625,0.0,47.98898279109932,-13.81035800094105,-22.2860041829287,55618.60716261465,55658.42123037032,21.63504889974957,55603.19921875,-0.00034432819203049136,1
2025-08-01 09:56:00+00:00,55603.19921875,55628.25,55602.3984375,55620.3515625,0.0,42.03811772334201,-13.537101722264197,-20.5362236907958,55617.13973938944,55656.25566128717,21.936228442624603,55598.19921875,-8.992288339973693e-05,1
2025-08-01 09:57:00+00:00,55598.19921875,55613.8515625,55591.80078125,55603.3984375,0.0,40.62189519141587,-13.567603478608362,-19.142499648358317,55615.33588028092,55653.97893805042,21.94441078600856,55629.75,0.000567478474003521,1
2025-08-01 09:58:00+00:00,55629.75,55636.19921875,55595.19921875,55595.19921875,0.0,51.68330026010197,-10.920012863440206,-17.498002291374693,55616.7086535875,55653.02878361708,23.305524301293666,55639.55078125,0.00017617877574499255,1
2025-08-01 09:59:00+00:00,55639.55078125,55658.8984375,55608.69921875,55633.19921875,0.0,54.51770335023713,-7.939416437162436,-15.586285120532242,55618.88409431726,55652.50023450464,25.226502476201254,55694.3515625,0.0009849249406317518,2
2025-08-04 03:45:00+00:00,55694.3515625,55743.0,55554.30078125,55554.30078125,0.0,66.3901789961131,-1.1421413432180998,-12.697456365069415,55626.07147223943,55654.14146305347,36.903125067186885,55736.25,0.0007522924017345228,1
2025-08-04 03:46:00+00:00,55736.25,55747.94921875,55674.25,55693.19921875,0.0,72.33597528516133,7.538700440847606,-8.650225003886012,55636.56466535948,55657.36140567882,39.53141747310211,55691.30078125,-0.0008064629168629034,1
2025-08-04 03:47:00+00:00,55691.30078125,55742.80078125,55682.1015625,55736.5,0.0,60.06041886850527,10.668325978891517,-4.786514807330507,55641.77762877762,55658.69236158357,41.043403278594816,55716.30078125,0.0004489031437458709,1
2025-08-04 03:48:00+00:00,55716.30078125,55717.94921875,55656.25,55684.8515625,0.0,63.74553277897933,14.993037429172546,-0.8306043600298962,55648.87507187023,55660.95151529598,42.51881866940948,55718.19921875,3.40732868726072e-05,1
2025-08-04 03:49:00+00:00,55718.19921875,55727.6484375,55707.19921875,55714.25,0.0,64.01704241438387,18.361925603276177,3.0079016326313184,55655.47737157306,55663.19652327457,40.94241867516594,55664.69921875,-0.0009601889642907996,0
2025-08-04 03:50:00+00:00,55664.69921875,55721.80078125,55657.3984375,55719.19921875,0.0,52.16162180338919,16.52430892369739,5.711183090844533,55656.35564273277,55663.25545250891,42.618127609082656,55678.6015625,0.00024975152915794716,1
2025-08-04 03:51:00+00:00,55678.6015625,55707.69921875,55662.94921875,55663.1484375,0.0,54.51869568595784,16.005288417771226,7.770004156229872,55658.47430175822,55663.857260743855,42.770404208433895,55695.55078125,0.0003044117178656915,1
2025-08-04 03:52:00+00:00,55695.55078125,55698.19921875,55672.69921875,55680.94921875,0.0,57.28215113909105,16.76832640124485,9.569668605232868,55662.005395043154,55665.10014390096,41.53680390783148,55695.8515625,5.400453820473906e-06,1
2025-08-04 03:53:00+00:00,55695.8515625,55721.8984375,55682.5,55704.30078125,0.0,57.33169737684174,17.199050090275705,11.095544902241436,55665.22883956286,55666.30608188524,41.38406345012923,55696.3515625,8.977329297836787e-06,1
2025-08-04 03:54:00+00:00,55696.3515625,55716.8984375,55692.1484375,55698.55078125,0.0,57.4201090846685,17.380397139044362,12.352515349602022,55668.192908414014,55667.484336027,40.195916060834286,55679.1015625,-0.00030971508036110423,1
2025-08-04 03:55:00+00:00,55679.1015625,55708.3515625,55677.55078125,55696.25,0.0,53.31558884317639,15.948342580239114,13.07168079572944,55669.23182785077,55667.93991353574,39.52483500291755,55687.25,0.00014634642570252949,1
2025-08-04 03:56:00+00:00,55687.25,55701.05078125,55676.3515625,55677.25,0.0,54.95364201538023,15.294632825280132,13.51627120163958,55670.94784424594,55668.697171828455,38.46586241342344,55692.6484375,9.694207381402386e-05,1
2025-08-04 03:57:00+00:00,55692.6484375,55701.1015625,55685.8515625,55689.19921875,0.0,56.05380198920939,15.038813839761133,13.82077972926389,55673.01456741299,55669.6364371489,36.80758652675034,55708.6484375,0.00028729105993146817,1
2025-08-04 03:58:00+00:00,55708.6484375,55710.25,55686.44921875,55692.05078125,0.0,59.23180448463978,15.943356642099388,14.24529511183099,55676.40826932604,55671.166319515614,35.87852900698246,55720.8515625,0.00021905261287555357,1
2025-08-04 03:59:00+00:00,55720.8515625,55721.19921875,55706.0,55708.8984375,0.0,61.517567505971776,17.443822009838186,14.88500049143243,55680.64096391403,55673.11476041697,34.401435417198,55746.6015625,0.00046212502641165105,1
2025-08-04 04:00:00+00:00,55746.6015625,55751.6015625,55718.94921875,55720.05078125,0.0,65.86648868708198,20.47474134912773,16.00294866297149,55686.92292568413,55675.99659579277,34.27650029811243,55708.5,-0.0006834777624476828,1
2025-08-04 04:01:00+00:00,55708.5,55747.1015625,55708.5,55743.94921875,0.0,55.81520009876429,19.57662198418984,16.717683327215163,55688.97788514278,55677.27123909502,34.58543331253297,55689.6484375,-0.00033839651938214095,1
2025-08-04 04:02:00+00:00,55689.6484375,55714.44921875,55676.1484375,55707.3984375,0.0,51.61810743846083,17.146043456283223,16.803355353028774,55689.04174727205,55677.75661942463,34.85081530806633,55691.1484375,2.6934987777547863e-05,1
2025-08-04 04:03:00+00:00,55691.1484375,55704.94921875,55682.0,55688.55078125,0.0,51.927862275362976,15.166005652870808,16.475885412997183,55689.24238443661,55678.28178876092,34.00070126820445,55698.69921875,0.00013558314852267676,1
2025-08-04 04:04:00+00:00,55698.69921875,55716.1015625,55690.30078125,55691.3515625,0.0,53.54035026416658,14.044203534496772,15.989549037297104,55690.14303532361,55679.08247228991,33.41499269547556,55703.44921875,8.528026806056891e-05,1
2025-08-04 04:05:00+00:00,55703.44921875,55718.69921875,55697.80078125,55706.3515625,0.0,54.572652426830686,13.384168216289254,15.468472873095534,55691.41029088803,55680.03803097462,32.52095303865588,55691.30078125,-0.00021809129722456734,1
2025-08-04 04:06:00+00:00,55691.30078125,55705.5,55685.05078125,55702.75,0.0,51.4254784992028,11.74541426936048,14.723861152348524,55691.39986139869,55680.479707456005,31.65868630375189,55672.30078125,-0.00034116638924686185,1
2025-08-04 04:07:00+00:00,55672.30078125,55690.75,55656.94921875,55690.75,0.0,46.87263319067397,8.811969846326974,13.541482891144216,55689.58090138453,55680.158965251845,31.8510346034839,55678.30078125,0.00010777352320277651,1
2025-08-04 04:08:00+00:00,55678.30078125,55691.1484375,55671.94921875,55674.8984375,0.0,48.42545732273878,6.891898348549148,12.211565982625205,55688.50660422886,55680.086095290986,30.94733347109219,55659.0,-0.0003466481731514991,1
2025-08-04 04:09:00+00:00,55659.0,55685.3515625,55654.1484375,55673.80078125,0.0,43.97301273097112,3.769365213840501,10.523125828868263,55685.69645144516,55679.25918959331,30.965604294585603,55657.6484375,-2.4282910221168185e-05,1
2025-08-04 04:10:00+00:00,55657.6484375,55664.6015625,55634.8515625,55662.25,0.0,43.67021262174547,1.1721634392015403,8.652933350934918,55683.02521202181,55678.41170911906,30.87877541640092,55636.30078125,-0.00038355296799813705,1
2025-08-04 04:11:00+00:00,55636.30078125,55656.30078125,55635.8984375,55653.3984375,0.0,39.09142916392278,-2.578986181259097,6.406549444496116,55678.57526623402,55676.76030018301,30.22672002951514,55616.30078125,-0.00035947753030230584,1
2025-08-04 04:12:00+00:00,55616.30078125,55642.80078125,55613.05078125,55641.3515625,0.0,35.35170444893282,-7.083972508626175,3.7084450538716576,55672.64436290221,55674.38933865623,30.19266859883549,55575.05078125,-0.000741689026788108,1
2025-08-04 04:13:00+00:00,55575.05078125,55614.80078125,55572.1484375,55614.19921875,0.0,29.156306192230872,-13.823389460165345,0.2020781510642573,55663.34973607819,55670.49370895402,31.189788252490096,55536.3984375,-0.0006954981274266436,1
2025-08-04 04:14:00+00:00,55536.3984375,55581.25,55536.3984375,55574.3984375,0.0,24.774952911942293,-22.02940578162088,-4.2442186354727705,55651.2591362136,55665.23507085778,32.165629270169376,55513.1484375,-0.00041864436034982124,1
2025-08-04 04:15:00+00:00,55513.1484375,55540.8984375,55503.69921875,55536.3984375,0.0,22.577205562048576,-30.06227434366156,-9.407829777110528,55638.10573633612,55659.27088915747,32.52517137587156,55499.3515625,-0.00024853346258199246,1
2025-08-04 04:16:00+00:00,55499.3515625,55515.3984375,55494.69921875,55506.1015625,0.0,21.365966347055974,-37.11384772595193,-14.949033366878808,55624.89105311364,55652.99954301405,31.68046047402359,55486.44921875,-0.00023247737832522537,1
2025-08-04 04:17:00+00:00,55486.44921875,55499.3515625,55474.19921875,55499.3515625,0.0,20.27074474078252,-43.244881669619645,-20.608203027426978,55611.70611650757,55646.46815774879,31.214166422307617,55447.6484375,-0.0006992839115913084,1
2025-08-04 04:18:00+00:00,55447.6484375,55489.5,55440.8515625,55487.1484375,0.0,17.38469914953056,-50.65079814491765,-26.616722050925112,55596.0815756497,55638.671305974334,32.45947149928564,55532.6015625,0.0015321321533727126,2
2025-08-04 04:19:00+00:00,55532.6015625,55536.94921875,55451.1484375,55451.1484375,0.0,38.14851562195685,-49.09904982049193,-31.11318760483848,55590.03586011164,55634.51170819103,36.5195650529081,55556.25,0.00042584782334363554,1
2025-08-04 04:20:00+00:00,55556.25,55609.75,55534.05078125,55534.05078125,0.0,42.4821949553973,-45.43727421224321,-33.97800492631942,55586.81815914863,55631.442621595306,39.42162737055752,55556.1484375,-1.828102148723141e-06,1
2025-08-04 04:21:00+00:00,55556.1484375,55577.1015625,55550.6484375,55557.25,0.0,42.468432735435215,-42.05865985577111,-35.594135912209765,55583.89723327733,55628.48990849353,38.49530577266056,55537.3984375,-0.0003374963982806246,1
2025-08-04 04:22:00+00:00,55537.3984375,55555.94921875,55527.19921875,55555.94921875,0.0,39.89867271297531,-40.42802285448124,-36.56091330066406,55579.46877653663,55624.91769394477,37.8134424138991,55518.80078125,-0.00033486725653757805,1
2025-08-04 04:23:00+00:00,55518.80078125,55532.94921875,55489.19921875,55532.94921875,0.0,37.47638537891551,-40.17331376111542,-37.283393392754334,55573.690872223626,55620.75624638811,38.55528358076344,55513.55078125,-9.456256126074409e-05,1
2025-08-04 04:24:00+00:00,55513.55078125,55522.6484375,55503.3515625,55515.19921875,0.0,36.7972315921315,-39.93474323199189,-37.81366336060185,55567.963244511855,55616.55211050034,37.17968296785177,55517.3984375,6.931021698038394e-05,1
2025-08-04 04:25:00+00:00,55517.3984375,55525.5,55509.25,55513.8515625,0.0,37.68848334599503,-38.985796669498086,-38.0480900223811,55563.147548605964,55612.66373116699,35.684705613005214,55519.8984375,4.503092850819429e-05,1
2025-08-04 04:26:00+00:00,55519.8984375,55521.3984375,55500.05078125,55518.5,0.0,38.29731439139449,-37.59860723542079,-37.95819346498904,55559.02858564349,55609.02587651339,34.66063065850484,55526.6015625,0.00012073374031016751,1
2025-08-04 04:27:00+00:00,55526.6015625,55545.6015625,55519.30078125,55520.19921875,0.0,39.99037070860916,-35.548581527968054,-37.47627107758485,55555.940297725065,55605.79355047365,34.063498557897354,55534.69921875,0.00014583381698383586,1
2025-08-04 04:28:00+00:00,55534.69921875,55541.3984375,55516.8515625,55525.25,0.0,42.05871191906996,-32.891357110122044,-36.55928828409229,55553.91733782268,55603.00553746488,33.38373973233326,55514.19921875,-0.00036913857981387343,1
2025-08-04 04:29:00+00:00,55514.19921875,55541.8515625,55514.19921875,55539.44921875,0.0,38.44601309024687,-32.069983482353564,-35.66142732374455,55550.13465981576,55599.522936730966,32.974354305023745,55522.55078125,0.00015044011473697432,1
2025-08-04 04:30:00+00:00,55522.55078125,55545.05078125,55511.80078125,55511.80078125,0.0,40.68146218915092,-30.394765728611677,-34.608095004717974,55547.50762376187,55596.50442082976,32.99404328323634,55509.3515625,-0.00023772716786739172,1
2025-08-04 04:31:00+00:00,55509.3515625,55525.25,55492.44921875,55525.25,0.0,38.31323894179224,-29.78882322092977,-33.64424064796034,55543.8737131655,55593.08666167957,32.98023885229089,55518.3984375,0.00016297929529610509,1
2025-08-04 04:32:00+00:00,55518.3984375,55522.25,55494.75,55510.8515625,0.0,40.85468828432835,-28.252920136896137,-32.5659765457475,55541.44749643545,55590.15771171175,32.5887932199844,55539.6484375,0.0003827559979764591,1
2025-08-04 04:33:00+00:00,55539.6484375,55539.8515625,55506.0,55516.44921875,0.0,46.43682920551317,-25.032449969789013,-31.059271230555808,55541.27615748922,55588.17695586031,32.678991025699794,55567.0,0.0004924691327634045,1
2025-08-04 04:34:00+00:00,55567.0,55567.80078125,55537.05078125,55540.1484375,0.0,52.6335155433664,-20.042128471694014,-28.855842678783453,55543.72604725215,55587.34648700304,32.541205952435526,55569.8984375,5.2161129807259706e-05,1
2025-08-04 04:35:00+00:00,55569.8984375,55582.5,55560.5,55565.19921875,0.0,53.25072784229082,-15.672717714245664,-26.219217685875897,55546.21865584719,55586.66224976762,31.788262670118705,55550.1015625,-0.0003562517758110668,1
2025-08-04 04:36:00+00:00,55550.1015625,55569.44921875,55535.6015625,55567.25,0.0,48.59319175012106,-13.650021619789186,-23.70537847265856,55546.58845648079,55585.22849732576,31.967449265110226,55548.3515625,-3.1503092717680396e-05,1
2025-08-04 04:37:00+00:00,55548.3515625,55559.1015625,55544.25,55552.69921875,0.0,48.19192695019929,-12.049333550115987,-21.374169488150045,55546.75637133976,55583.78234301887,30.74488592474521,55544.55078125,-6.842293503027837e-05,1
2025-08-04 04:38:00+00:00,55544.55078125,55554.75,55542.8984375,55549.05078125,0.0,47.278778481667736,-10.961115093246915,-19.29155860916942,55546.54631514073,55582.24385040048,29.39536282297769,55542.8984375,-2.9748080176350558e-05,1
2025-08-04 04:39:00+00:00,55542.8984375,55554.6015625,55540.5,55544.25,0.0,46.863049919339815,-10.11542019007902,-17.45633092535134,55546.19889822257,55580.70089303183,28.30294851419357,55523.69921875,-0.00034566468963811894,1
2025-08-04 04:40:00+00:00,55523.69921875,55549.6484375,55521.30078125,55543.05078125,0.0,42.21781958078898,-10.869124879158337,-16.13888971611274,55544.05607160613,55578.46553325608,28.306141923894028,55534.05078125,0.00018643502946763933,1
2025-08-04 04:41:00+00:00,55534.05078125,55538.44921875,55509.94921875,55523.3515625,0.0,45.36248659550049,-10.51000391044363,-15.01311255497892,55543.1031868103,55576.72377827545,28.31998892933017,55522.19921875,-0.00021341073329376957,1
2025-08-04 04:42:00+00:00,55522.19921875,55532.05078125,55506.05078125,55531.75,0.0,42.50998388669836,-11.05429299295065,-14.221348642573266,55541.11233270932,55574.58556025485,28.29713257723516,55532.6484375,0.00018819893478699362,1
2025-08-04 04:43:00+00:00,55532.6484375,55532.6484375,55518.1015625,55522.05078125,0.0,45.749117853764986,-10.52119954770751,-13.481318823600116,55540.30624745129,55572.94096720564,27.31497132171836,55528.05078125,-8.279194994948777e-05,1
2025-08-04 04:44:00+00:00,55528.05078125,55541.25,55519.6015625,55533.5,0.0,44.55948219020158,-10.350398634225712,-12.855134785725236,55539.13906019402,55571.1805677564,26.910218905881333,55554.69921875,0.0004799094714305783,1
2025-08-04 04:45:00+00:00,55554.69921875,55562.80078125,55528.1484375,55528.1484375,0.0,52.30152672140387,-7.972825711869518,-11.878672970954094,55540.6209800565,55570.53424034438,27.47020326974695,55565.1015625,0.00018724507370726894,1
2025-08-04 04:46:00+00:00,55565.1015625,55570.80078125,55550.19921875,55557.1015625,0.0,54.94638361647044,-5.189379895644379,-10.54081435589215,55542.95246409874,55570.32119415441,26.97958607190788,55574.25,0.00016464358460156463,1
2025-08-04 04:47:00+00:00,55574.25,55592.0,55558.44921875,55565.3984375,0.0,57.19439618720171,-2.219689385543461,-8.876589361822413,55545.933181803615,55570.47526497188,27.44895715605732,55595.69921875,0.0003859560632847047,1
2025-08-04 04:48:00+00:00,55595.69921875,55600.6015625,55573.75,55578.1484375,0.0,61.98385448585962,1.843335608238704,-6.73260436781019,55550.67280436994,55571.464439629846,27.406286109196085,55583.25,-0.00022392413307037646,1
2025-08-04 04:49:00+00:00,55583.25,55597.75,55572.44921875,55595.3515625,0.0,57.93229861288082,4.012510553700849,-4.5835813835079815,55553.77539442995,55571.9266184679,27.255892904967794,55575.75,-0.0001349327360310885,1
2025-08-04 04:50:00+00:00,55575.75,55587.55078125,55547.8515625,55583.3984375,0.0,55.575458319251226,5.0679893793058,-2.653267230945225,55555.86821400805,55572.07655499857,28.144701893898667,55577.8984375,3.8657822881382615e-05,1
2025-08-04 04:51:00+00:00,55577.8984375,55580.25,55563.55078125,55575.94921875,0.0,56.12609085526472,6.0085619420642615,-0.920901396343328,55557.96633053109,55572.30486411628,27.32716738362019,55585.1484375,0.00013044753766918644,1
2025-08-04 04:52:00+00:00,55585.1484375,55591.80078125,55574.8515625,55577.55078125,0.0,58.01717368588561,7.255351705556677,0.7143492240366731,55560.555102623366,55572.80853366073,26.585885338361603,55611.1484375,0.00046775084228180893,1
2025-08-04 04:53:00+00:00,55611.1484375,55614.05078125,55583.69921875,55585.0,0.0,64.00851440406312,10.22357329569786,2.616194038368911,55565.37351546876,55574.31205930149,26.85486227847863,55633.55078125,0.0004028390777647299,1
2025-08-04 04:54:00+00:00,55633.55078125,55643.0,55608.1484375,55610.25,0.0,68.21722404232689,14.219676626489672,4.936890555993063,55571.86658840031,55576.635146436725,27.426055151444444,55615.94921875,-0.0003163839491246746,1
2025-08-04 04:55:00+00:00,55615.94921875,55652.0,55610.5,55630.55078125,0.0,62.07522245280658,15.784365969688224,7.106385638732096,55576.0649341479,55578.176874762736,28.431336926341267,55596.8515625,-0.0003433845240127906,1
2025-08-04 04:56:00+00:00,55596.8515625,55618.25,55596.8515625,55616.69921875,0.0,56.16633767176042,15.306923606432974,8.746493232272272,55578.044613038575,55578.90921545831,27.92898696731689,55538.3984375,-0.0010513747335906076,0
2025-08-04 04:57:00+00:00,55538.3984375,55600.1015625,55533.6484375,55595.25,0.0,42.75231069678983,10.095493850531057,9.016293355924027,55574.268786796805,55577.320557499166,30.68071111250854,55568.94921875,0.0005500839438929851,1
2025-08-04 04:58:00+00:00,55568.94921875,55573.3515625,55533.8515625,55536.3984375,0.0,49.53597330659324,8.334515835507773,8.87993785184078,55573.76216126854,55576.99226970508,31.31066031875793,55557.75,-0.00020153734967911136,1
2025-08-04 04:59:00+00:00,55557.75,55575.05078125,55554.3515625,55568.19921875,0.0,47.3222577107224,5.9664669965495705,8.297243680782538,55572.23719352868,55576.23767089311,30.552700206703797,55578.1015625,0.0003663136556106034,1
2025-08-04 05:00:00+00:00,55578.1015625,55581.25,55555.75,55557.8984375,0.0,51.55879268896789,5.666650618491985,7.7711250683244275,55572.79570485928,55576.31076468162,30.191793049082094,55582.5,7.913975786045454e-05,1
2025-08-04 05:01:00+00:00,55582.5,55601.69921875,55569.1015625,55578.6484375,0.0,52.448874235045366,5.718047038892109,7.360509462437965,55573.71992344411,55576.55347979215,30.36364042057623,55595.05078125,0.00022580454729456215,1
2025-08-04 05:02:00+00:00,55595.05078125,55595.05078125,55568.6484375,55582.0,0.0,54.99030302737044,6.694353883489384,7.227278346648249,55575.75143371133,55577.278864163054,30.08069065839221,55581.80078125,-0.00023833056744807754,1
2025-08-04 05:03:00+00:00,55581.80078125,55595.8515625,55577.6484375,55593.55078125,0.0,51.84027621211314,6.325997663348971,7.047022209988394,55576.32756204835,55577.4561942449,29.232293111364196,55578.1484375,-6.571114463121324e-05,1
2025-08-04 05:04:00+00:00,55578.1484375,55585.55078125,55575.44921875,55582.44921875,0.0,50.97348810895153,5.673953286728647,6.772408425336445,55576.50097875803,55577.48334103922,27.86581235340961,55575.6484375,-4.498170720479033e-05,1
2025-08-04 05:05:00+00:00,55575.6484375,55585.75,55573.75,55578.44921875,0.0,50.35287216362767,4.899001672150916,6.397727074699339,55576.4197843525,55577.41138403768,26.73254004245178,55579.19921875,6.389095493853184e-05,1
2025-08-04 05:06:00+00:00,55579.19921875,55583.69921875,55565.1484375,55574.1484375,0.0,51.26054192003563,4.519269975004136,6.022035654760299,55576.68449239036,55577.48149520287,26.1481287001338,55573.8984375,-9.5373472891127e-05,1
2025-08-04 05:07:00+00:00,55573.8984375,55578.6484375,55563.25,55575.55078125,0.0,49.79689393738198,3.747403389206738,5.567109201649587,55576.419153829374,55577.34098313609,25.4196351322671,55580.75,0.0001232874189617175,1
2025-08-04 05:08:00+00:00,55580.75,55589.6015625,55570.3515625,55572.3984375,0.0,51.715966569434045,3.6465225497522624,5.182991871270122,55576.83161536943,55577.474670071926,24.978946908533736,55594.69921875,0.000250972121642835,1
2025-08-04 05:09:00+00:00,55594.69921875,55600.30078125,55568.75,55578.6015625,0.0,55.4498038635301,4.638687233367818,5.074130943689662,55578.53329188187,55578.15014256911,25.4483636472099,55585.69921875,-0.00016188593744499724,1
2025-08-04 05:10:00+00:00,55585.69921875,55596.6015625,55582.80078125,55593.44921875,0.0,52.622326108544094,4.645212985677063,4.988347352087143,55579.2157611074,55578.44618477228,24.616393475980622,55590.8984375,9.353518662307687e-05,1
2025-08-04 05:11:00+00:00,55590.8984375,55594.80078125,55567.8984375,55584.5,0.0,54.07909248463095,5.012141347338911,4.993106151137496,55580.32839695431,55578.93450840866,24.779675638410577,55621.0,0.0005414836483321587,1
2025-08-04 05:12:00+00:00,55621.0,55624.5,55590.55078125,55594.25,0.0,61.4664744223766,7.6437666580677615,5.52323825252355,55584.20188295866,55580.58413552989,25.43464300352411,55604.6015625,-0.0002948245716545909,1
2025-08-04 05:13:00+00:00,55604.6015625,55621.19921875,55604.6015625,55621.19921875,0.0,56.1655878356483,8.310335443879012,6.080657690794642,55586.14470958164,55581.52599541107,24.80342966398667,55588.5,-0.0002895724822684274,1
2025-08-04 05:14:00+00:00,55588.5,55607.8515625,55588.5,55604.1484375,0.0,51.47173714141616,7.453416139949695,6.355209380625654,55586.369022954816,55581.79948578711,24.414010580844767,55577.69921875,-0.00019429884328593143,1
2025-08-04 05:15:00+00:00,55577.69921875,55591.69921875,55573.75,55590.3984375,0.0,48.541237720081256,5.835500618195511,6.251267628139626,55585.54332731626,55581.63869100134,23.952239735784424,55567.30078125,-0.0001870973006470179,1
2025-08-04 05:16:00+00:00,55567.30078125,55578.6484375,55567.30078125,55577.30078125,0.0,45.83557829875128,3.671896569889213,5.735393416489544,55583.80594197662,55581.0764200307,23.05191234394268,55553.5,-0.0002483615553746094,1
2025-08-04 05:17:00+00:00,55553.5,55575.69921875,55549.69921875,55569.69921875,0.0,42.453410595536944,0.8340031950647244,4.75511537220458,55580.91966178837,55579.99499179421,23.262490033661063,55512.94921875,-0.0007299410703196018,1
2025-08-04 05:18:00+00:00,55512.94921875,55555.6484375,55508.5,55555.6484375,0.0,34.417246710961095,-4.633742006808461,2.877343896401972,55574.44628626091,55577.36574579247,24.96862913839956,55485.75,-0.0004899616960147601,1
2025-08-04 05:19:00+00:00,55485.75,55513.3515625,55485.75,55512.80078125,0.0,30.277295979600424,-11.03452003384882,0.0949711103518131,55565.99902090273,55573.77297144767,25.156695807085303,55483.8515625,-3.4214865979102745e-05,1
2025-08-04 05:20:00+00:00,55483.8515625,55494.8984375,55467.75,55484.05078125,0.0,30.00599482921024,-16.075067405072332,-3.139036592733016,55558.17545343581,55570.246641685015,25.298963070864925,55476.3515625,-0.00013517446588133118,1
2025-08-04 05:21:00+00:00,55476.3515625,55480.55078125,55462.75,55478.94921875,0.0,28.90409145133744,-20.439313152834075,-6.599091904753228,55550.3827019181,55566.564481716974,24.999148744374573,55500.8984375,0.00044247457355491986,1
2025-08-04 05:22:00+00:00,55500.8984375,55505.8984375,55475.3515625,55478.6015625,0.0,37.051848933089296,-21.66751209307404,-9.612775942417391,55545.669914830665,55563.98934272808,25.395414905490675,55509.05078125,0.00014688669876543382,1
2025-08-04 05:23:00+00:00,55509.05078125,55531.3984375,55497.1015625,55502.80078125,0.0,39.53042009702647,-21.73252358935133,-12.03672547180418,55542.18237829918,55561.83488933678,26.031233483669915,55515.3515625,0.00011350907935410589,1
2025-08-04 05:24:00+00:00,55515.3515625,55515.3515625,55497.30078125,55510.5,0.0,41.449297062142,-21.03316801134497,-13.83601397971234,55539.62706250878,55560.01201377456,25.46120118126492,55503.30078125,-0.00021707115078669823,1
2025-08-04 05:25:00+00:00,55503.30078125,55516.44921875,55495.19921875,55513.44921875,0.0,38.9063564173736,-21.20686151277914,-15.310183486325702,55536.16741667461,55557.78804387163,25.16040109688885,55525.05078125,0.00039186858608141617,1
2025-08-04 05:26:00+00:00,55525.05078125,55528.30078125,55499.8515625,55503.5,0.0,45.41541001432108,-19.36622979438107,-16.121392747936778,55535.10868949132,55556.50422965118,25.39531664353965,55495.44921875,-0.0005331208541640095,1
2025-08-04 05:27:00+00:00,55495.44921875,55530.0,55492.1484375,55524.5,0.0,39.28134679111293,-20.06481984640413,-16.91007816763025,55531.33159703977,55554.10991549819,26.28504849042968,55498.5,5.497353914506644e-05,1
2025-08-04 05:28:00+00:00,55498.5,55509.25,55491.1484375,55493.3984375,0.0,40.17812723621461,-20.14012215386901,-17.556086964878006,55528.20477827408,55551.92913449826,25.70051377682756,55499.05078125,9.924254709586746e-06,1
2025-08-04 05:29:00+00:00,55499.05078125,55505.8984375,55489.3984375,55498.05078125,0.0,40.34941701729023,-19.925665660819504,-18.030002704066305,55525.42820712893,55549.85547358657,25.04333422133988,55500.8515625,3.244706395245921e-05,1
2025-08-04 05:30:00+00:00,55500.8515625,55507.6484375,55488.8984375,55498.75,0.0,40.94479955595092,-19.38691901344282,-18.30138596594161,55523.08757430712,55547.93375158318,24.593810348387027,55519.19921875,0.00033058332860602224,1
2025-08-04 05:31:00+00:00,55519.19921875,55519.75,55495.19921875,55499.75,0.0,46.77400676852742,-17.280259813778684,-18.097160735509025,55522.717254730254,55546.80690715835,24.590736841359384,55530.75,0.00020805021348541098,1
2025-08-04 05:32:00+00:00,55530.75,55535.80078125,55509.44921875,55518.80078125,0.0,50.112557886186046,-14.511387465732696,-17.38000608155376,55523.48227808928,55546.1772245247,24.71651010269085,55534.44921875,6.661568140174588e-05,1
2025-08-04 05:33:00+00:00,55534.44921875,55536.75,55526.1484375,55528.44921875,0.0,51.168922634326925,-11.881576723353646,-16.28032020991374,55524.52674862839,55545.717302729616,23.70829955964151,55570.30078125,0.0006455733874082522,1
2025-08-04 05:34:00+00:00,55570.30078125,55578.19921875,55536.30078125,55536.55078125,0.0,60.00752677829023,-6.825827404129086,-14.38942164875681,55528.88618030664,55546.681360710805,25.13984959109569,55577.25,0.0001250527467424603,1
2025-08-04 05:35:00+00:00,55577.25,55586.19921875,55565.25,55565.25,0.0,61.4635608500678,-2.232629405829357,-11.95806320017132,55533.49225837267,55547.88013087901,24.84051881673171,55588.69921875,0.0002060054923552353,1
2025-08-04 05:36:00+00:00,55588.69921875,55595.80078125,55573.80078125,55578.3515625,0.0,63.80188029258998,2.304801056154247,-9.105490348906208,55538.7500641229,55549.480879422976,24.637624615536588,55535.94921875,-0.0009489338793919374,0
2025-08-04 05:37:00+00:00,55535.94921875,55587.05078125,55535.94921875,55587.05078125,0.0,49.03811009009212,1.6255251952534309,-6.959287240074279,55538.48331694453,55548.95022606325,26.645651428712544,55527.6015625,-0.00015031085931599907,1
2025-08-04 05:38:00+00:00,55527.6015625,55552.1484375,55527.3984375,55540.44921875,0.0,47.17762312397591,0.4088946039992152,-5.485650871259581,55537.44695937838,55548.11302357057,26.51024775523308,55535.44921875,0.0001413289252403049,1
2025-08-04 05:39:00+00:00,55535.44921875,55538.6015625,55525.8984375,55529.0,0.0,49.13152055319553,0.0770580911485012,-4.373109078777964,55537.25669836615,55547.61640377369,25.524024701287857,55547.0,0.0002079893367658256,1
2025-08-04 05:40:00+00:00,55547.0,55551.30078125,55532.05078125,55535.94921875,0.0,51.94888704080205,0.7376239076766069,-3.35096248148705,55538.18463185509,55547.59223107669,25.0758800797673,55554.30078125,0.00013143430338272095,1
2025-08-04 05:41:00+00:00,55554.30078125,55554.30078125,55536.55078125,55549.0,0.0,53.69458471048596,1.829153762133501,-2.3149392327629394,55539.71950322603,55547.85531147564,24.55260293121249,55555.94921875,2.9672545182250954e-05,1
2025-08-04 05:42:00+00:00,55555.94921875,55562.05078125,55550.55078125,55554.30078125,0.0,54.1000610542479,2.794995200674748,-1.292952346075402,55541.26519041878,55548.172719604045,23.620274150411603,55582.75,0.0004824106441683261,1
2025-08-04 05:43:00+00:00,55582.75,55587.0,55556.6015625,55556.6015625,0.0,60.20183894737939,5.657810841119499,0.0972002913635783,55545.21612466461,55549.52869138428,24.15102465752506,55578.6484375,-7.379200381413298e-05,1
2025-08-04 05:44:00+00:00,55578.6484375,55597.25,55577.5,55582.6484375,0.0,58.91113034046813,7.509090920204471,1.579578417131757,55548.40015445845,55550.670642212346,23.836665753416128,55578.05078125,-1.0753342637903185e-05,1
2025-08-04 05:45:00+00:00,55578.05078125,55586.44921875,55563.19921875,55578.75,0.0,58.713595393855584,8.826274062841549,3.028917546273716,55551.224023676696,55551.744373155,23.794761056743543,55561.1484375,-0.00030411904542183464,1
2025-08-04 05:46:00+00:00,55561.1484375,55581.05078125,55561.1484375,55575.94921875,0.0,53.27314257996114,8.409335723736149,4.105001181766203,55552.16920594558,55552.11315999206,23.516731249119008,55571.0,0.00017731027484217487,1
2025-08-04 05:47:00+00:00,55571.0,55575.55078125,55557.55078125,55559.3515625,0.0,55.84148934762207,8.772721375731635,5.038545220559289,55553.96261490315,55552.85382038453,23.12267901703908,55613.3984375,0.000762959772183333,1
2025-08-04 05:48:00+00:00,55613.3984375,55613.3984375,55562.0,55568.25,0.0,64.80696319827777,12.339662739817868,6.498768724411006,55559.623169436185,55555.22811909494,25.142376051536285,55594.30078125,-0.00034340027379305935,1
2025-08-04 05:49:00+00:00,55594.30078125,55613.55078125,55590.8984375,55612.94921875,0.0,58.996631208784734,13.470192224624045,7.893053424453614,55562.92579913274,55556.76038035593,24.96451660142655,55600.19921875,0.00010609788084589663,1
2025-08-04 05:50:00+00:00,55600.19921875,55607.19921875,55588.69921875,55593.80078125,0.0,60.18398106542962,14.672958861156076,9.249034511794108,55566.4756486201,55558.46386421453,24.50276541561037,55601.44921875,2.2481933834123094e-05,1
2025-08-04 05:51:00+00:00,55601.44921875,55616.1015625,55597.94921875,55599.44921875,0.0,60.44538614853071,15.547799287371165,10.50878746690952,55569.80646482295,55560.14956439239,24.049163868066767,55637.1484375,0.0006420555444436412,1
2025-08-04 05:52:00+00:00,55637.1484375,55637.8984375,55600.1015625,55600.1015625,0.0,67.09060737274302,18.903833603784733,12.187796694284565,55576.219986030286,55563.16912804367,25.031143234633426,55613.3515625,-0.0004277155761627903,1
2025-08-04 05:53:00+00:00,55613.3515625,55641.55078125,55610.8515625,55640.69921875,0.0,59.87009313271075,19.419450705208877,13.634127496469423,55579.75632664645,55565.13706664981,25.436005771445327,55619.80078125,0.00011596529554152421,1
2025-08-04 05:54:00+00:00,55619.80078125,55620.55078125,55609.19921875,55614.19921875,0.0,61.09221570833199,20.11658752876974,14.930619502929488,55583.570084227744,55567.28074173217,24.429974109199232,55627.19921875,0.00013301805105519343,1
2025-08-04 05:55:00+00:00,55627.19921875,55629.5,55614.8515625,55619.0,0.0,62.50300033498843,21.023717233503703,16.149239049044333,55587.72523989653,55569.63048592895,23.73129292282786,55617.8984375,-0.00016719844573560752,1
2025-08-04 05:56:00+00:00,55617.8984375,55637.6484375,55615.30078125,55626.80078125,0.0,59.578331741288814,20.752902204636484,17.069971680162762,55590.59887776353,55571.52334677488,23.632461731911583,55602.30078125,-0.00028044310713263817,1
2025-08-04 05:57:00+00:00,55602.30078125,55620.69921875,55598.6015625,55617.19921875,0.0,54.93579047902207,19.0599673990655,17.46797082394331,55591.71334476225,55572.73030498959,23.5228327689179,55596.44921875,-0.00010523957494171252,1
2025-08-04 05:58:00+00:00,55596.44921875,55607.1484375,55593.55078125,55600.94921875,0.0,53.25907924333185,17.049595059674175,17.384295671089486,55592.16438038013,55573.6604584704,22.813891588995197,55592.6015625,-6.920687029599673e-05,1
2025-08-04 05:59:00+00:00,55592.6015625,55598.19921875,55587.69921875,55595.1484375,0.0,52.132350677694106,14.973284095081908,16.90209335588797,55592.20601677249,55574.40324686372,21.93432790406697,55622.05078125,0.0005297326968390156,1
2025-08-04 06:00:00+00:00,55622.05078125,55623.44921875,55592.3515625,55592.3515625,0.0,59.23994467678509,15.525134446521406,16.626701574014657,55595.04837529416,55576.27177762396,22.5888513573479,55617.44921875,-8.272910537040412e-05,1
2025-08-04 06:01:00+00:00,55617.44921875,55626.3984375,55615.30078125,55620.5,0.0,57.79585736422428,15.41349501307559,16.384060261826843,55597.181788956615,55577.88657923674,21.76805170682305,55622.8515625,9.713397190784395e-05,1
2025-08-04 06:02:00+00:00,55622.8515625,55622.8515625,55607.8984375,55616.8984375,0.0,59.05772091405168,15.581332052250218,16.22351461991152,55599.62652929408,55579.64991191374,21.28127122776426,55603.25,-0.00035240125145283,1
2025-08-04 06:03:00+00:00,55603.25,55627.30078125,55599.55078125,55624.0,0.0,52.87982632639,13.971605862978322,15.77313286852488,55599.97162174226,55580.57540556418,21.74332328292396,55599.25,-7.193824102008426e-05,1
2025-08-04 06:04:00+00:00,55599.25,55601.80078125,55588.8515625,55597.6015625,0.0,51.6914967641713,12.232115476923354,15.064929390204576,55599.90289586204,55581.30774260088,21.218688584143678,55581.8515625,-0.0003129257588906325,1
2025-08-04 06:05:00+00:00,55581.8515625,55607.19921875,55580.3515625,55598.8515625,0.0,46.768441424316805,9.341960012330674,13.920335514629794,55598.18372125613,55581.32906887143,21.62075770313341,55576.1484375,-0.00010260768289784336,1
2025-08-04 06:06:00+00:00,55576.1484375,55586.19921875,55558.75,55586.19921875,0.0,45.24721185169886,6.516181970131584,12.439504805730154,55596.08512280317,55581.12590685687,22.03707634933817,55585.8515625,0.00017459153382879655,1
2025-08-04 06:07:00+00:00,55585.8515625,55591.6484375,55577.75,55577.75,0.0,48.3267866094753,5.002033282136836,10.952010501011491,55595.11049801239,55581.31122668601,21.570142324385444,55550.6015625,-0.0006341541778912096,1
2025-08-04 06:08:00+00:00,55550.6015625,55585.55078125,55541.30078125,55585.55078125,0.0,39.61057382014111,0.9467654122563544,8.950961483260464,55590.87155177312,55580.1069261297,23.21161653335791,55568.05078125,0.00031411394762967377,1
2025-08-04 06:09:00+00:00,55568.05078125,55572.69921875,55547.69921875,55548.25,0.0,44.90761143224246,-0.8492676386376843,6.9909156588808345,55588.69814505663,55579.63413613442,23.339358209546628,55564.1015625,-7.106995286817874e-05,1
2025-08-04 06:10:00+00:00,55564.1015625,55576.6015625,55561.55078125,55569.3515625,0.0,43.96761766336864,-2.561775169808243,5.080377493143019,55586.35561338457,55579.02501559974,22.74731699815044,55582.1484375,0.00032479378758064483,1
2025-08-04 06:11:00+00:00,55582.1484375,55584.1015625,55562.30078125,55564.1015625,0.0,49.200488966648805,-2.4346525783403195,3.5773714788463518,55585.954929967,55579.14750273309,22.679707301853977,55600.30078125,0.000326585860034029,1
2025-08-04 06:12:00+00:00,55600.30078125,55601.3984375,55579.1015625,55582.44921875,0.0,53.86734882822967,-0.859259564182139,2.690045270240653,55587.32120151776,55579.97704306708,22.652362137435837,55602.6484375,4.2223804853798496e-05,1
2025-08-04 06:13:00+00:00,55602.6484375,55612.0,55598.5,55600.0,0.0,54.450174175868746,0.5720922653054004,2.2664546692536027,55588.78093827797,55580.86611735857,21.998621984761847,55616.0,0.00024012457814860717,1
2025-08-04 06:14:00+00:00,55616.0,55616.75,55604.1015625,55604.1484375,0.0,57.72155632519856,2.752084100196953,2.363580555442273,55591.37322987054,55582.24391667785,21.434546307278858,55623.44921875,0.0001339402105509206,1
2025-08-04 06:15:00+00:00,55623.44921875,55623.94921875,55608.75,55614.3515625,0.0,59.47051273914181,5.022931801606319,2.8954508046750824,55594.4280859543,55583.85981087676,20.989165767473224,55637.05078125,0.0002445292891943687,1
2025-08-04 06:16:00+00:00,55637.05078125,55638.44921875,55623.05078125,55624.3984375,0.0,62.51932157828143,7.829869524342939,3.882334548608654,55598.48739026817,55585.94573128356,20.58982803408228,55631.8984375,-9.260634195470995e-05,1
2025-08-04 06:17:00+00:00,55631.8984375,55637.25,55624.55078125,55637.25,0.0,60.65788991906149,9.528794796860891,5.011626598259102,55601.66939476644,55587.74779819401,20.026213085219258,55609.8515625,-0.0003962991668308551,1
2025-08-04 06:18:00+00:00,55609.8515625,55633.30078125,55608.0,55632.55078125,0.0,53.33960182959512,8.992546280496754,5.807810534706633,55602.4486488363,55588.61461248052,20.40296795413217,55613.25,6.111214837861042e-05,1
2025-08-04 06:19:00+00:00,55613.25,55614.6015625,55598.94921875,55610.94921875,0.0,54.2557705300845,8.74102982145996,6.394454392057299,55603.47734894713,55589.58070610873,20.063637653837016,55616.5,5.8439310775759376e-05,1
2025-08-04 06:20:00+00:00,55616.5,55624.3984375,55603.0,55605.6015625,0.0,55.16245789721066,8.703619150466693,6.8562873437391785,55604.71760142836,55590.63636469271,20.158980499991515,55609.55078125,-0.0001249488685911555,1
2025-08-04 06:21:00+00:00,55609.55078125,55620.1484375,55601.8515625,55618.1015625,0.0,52.75466344184796,8.020768620197487,7.089183599030841,55605.17790426852,55591.37810651849,20.025972964277837,55611.5,3.5051870094538194e-05,1
2025-08-04 06:22:00+00:00,55611.5,55616.0,55605.1484375,55608.80078125,0.0,53.36949367237913,7.549860229002661,7.181318925025206,55605.7800086239,55592.16720038051,19.37065793111513,55620.25,0.00015734155705204858,1
2025-08-04 06:23:00+00:00,55620.25,55622.8984375,55609.5,55610.25,0.0,56.12944576241946,7.792882313071459,7.303631602634457,55607.15810304067,55593.268486640096,18.94407075746405,55617.05078125,-5.751895667495202e-05,1
2025-08-04 06:24:00+00:00,55617.05078125,55621.1015625,55615.3515625,55619.75,0.0,54.851131686233344,7.639268121798523,7.3707589064672705,55608.100262870124,55594.20112564441,18.001637131930902,55607.0,-0.00018071402760155681,1
2025-08-04 06:25:00+00:00,55607.0,55620.69921875,55599.1484375,55620.69921875,0.0,50.927067904692976,6.630086212724564,7.22262436771873,55607.99547593011,55594.7030422858,18.255147426078697,55615.25,0.0001483626162173827,1
2025-08-04 06:26:00+00:00,55615.25,55622.8515625,55601.55078125,55606.3515625,0.0,53.84583963431867,6.421979745922727,7.06249544335953,55608.68638298439,55595.50880533342,18.472692699215933,55627.3984375,0.00021843716426699512,1
2025-08-04 06:27:00+00:00,55627.3984375,55629.44921875,55614.1015625,55614.3515625,0.0,57.82393625318788,7.154854539789085,7.080967262645441,55610.46848341444,55596.75937914387,18.249475809986222,55662.1015625,0.0006238495053654288,1
2025-08-04 06:28:00+00:00,55662.1015625,55665.75,55622.3515625,55628.1015625,0.0,66.66328258392795,10.415847845069948,7.7479433791303425,55615.38591951782,55599.321817706856,20.045830216415784,55659.5,-4.6738488612019875e-05,1
2025-08-04 06:29:00+00:00,55659.5,55666.6484375,55654.8515625,55661.1484375,0.0,65.5540967719389,12.6445259578104,8.727259894866355,55619.58726051613,55601.68174642424,19.456619129528946,55661.19921875,3.052881808136976e-05,1
2025-08-04 06:30:00+00:00,55661.19921875,55670.6015625,55656.19921875,55657.55078125,0.0,65.9525722757954,14.382094340064214,9.858226783905929,55623.550304157456,55604.01576494682,19.09559945956259,55647.6015625,-0.0002442932678572168,1
2025-08-04 06:31:00+00:00,55647.6015625,55660.1015625,55643.55078125,55660.1015625,0.0,59.97363655374132,14.494825259615029,10.785546479047747,55625.84090019008,55605.725011909686,18.992230748165262,55611.80078125,-0.000643348145198868,1
2025-08-04 06:32:00+00:00,55611.80078125,55647.75,55611.80078125,55647.1015625,0.0,47.71010286978926,11.56206123350421,10.94084942993904,55624.503746005306,55605.963277374016,20.203444176867745,55616.1015625,7.733576668227664e-05,1
2025-08-04 06:33:00+00:00,55616.1015625,55618.55078125,55611.8984375,55612.75,0.0,49.05774005366095,9.475632523783132,10.647806048707858,55623.703538052425,55606.36085718288,19.24248387852005,55631.1484375,0.0002705488982015522,1
2025-08-04 06:34:00+00:00,55631.1484375,55635.3984375,55616.0,55619.3984375,0.0,53.56662442081179,8.933302252356953,10.30490528943768,55624.41257609505,55607.3329191561,19.25362342291148,55645.19921875,0.0002525703970642571,1
2025-08-04 06:35:00+00:00,55645.19921875,55657.75,55628.69921875,55632.30078125,0.0,57.3617736992336,9.527455646515593,10.149415360853263,55626.3922563479,55608.81787208135,19.953420410560657,55645.80078125,1.0810681037103732e-05,1
2025-08-04 06:36:00+00:00,55645.80078125,55659.44921875,55639.05078125,55645.8515625,0.0,57.5218507811555,9.932373341122002,10.106006956907011,55628.24068729096,55610.26818224483,19.98520734552061,55631.75,-0.00025250389162760417,1
2025-08-04 06:37:00+00:00,55631.75,55646.55078125,55628.6015625,55645.75,0.0,52.55847471522216,9.015567066628137,9.88791897885124,55628.57490754896,55611.11060647052,19.839779588697716,55631.6015625,-2.6682155423836208e-06,1
2025-08-04 06:38:00+00:00,55631.6015625,55644.55078125,55626.94921875,55631.25,0.0,52.50692944804109,8.182688879307534,9.5468729589425,55628.86316040144,55611.91417337365,19.67990693950502,55613.6015625,-0.00032355710593335484,1
2025-08-04 06:39:00+00:00,55613.6015625,55631.1015625,55613.3515625,55627.44921875,0.0,46.545659518110256,6.00100153733365,8.837698674620729,55627.40967488702,55611.98034549625,19.57777072954038,55643.05078125,0.0005295326668765412,1
2025-08-04 06:40:00+00:00,55643.05078125,55645.6015625,55610.94921875,55617.19921875,0.0,55.4560519012904,6.572540283217677,8.384666996340119,55628.89930406445,55613.19879395719,20.654525945287496,55644.94921875,3.411814185860052e-05,1
2025-08-04 06:41:00+00:00,55644.94921875,55657.30078125,55637.55078125,55641.6015625,0.0,55.96563243145769,7.096868613662082,8.127107319804512,55630.42786736784,55614.44390865495,20.58991694919553,55627.75,-0.000309088587400572,1
2025-08-04 06:42:00+00:00,55627.75,55644.8984375,55625.80078125,55638.6015625,0.0,50.34625282876441,6.054773717420176,7.712640599327646,55630.17283238043,55614.96571615867,20.48695413139585,55629.44921875,3.054624265766636e-05,1
2025-08-04 06:43:00+00:00,55629.44921875,55639.6484375,55614.6015625,55626.1015625,0.0,50.8710956826078,5.304867545528396,7.231085988567796,55630.10391679657,55615.53369665245,20.81266276486758,55635.6484375,0.0001114377157613587,1
2025-08-04 06:44:00+00:00,55635.6484375,55646.75,55625.19921875,55629.94921875,0.0,52.83000981235916,5.151404461612401,6.815149683176717,55630.63196638737,55616.32251001903,20.86538551380561,55638.3984375,4.942873997576026e-05,1
2025-08-04 06:45:00+00:00,55638.3984375,55641.30078125,55630.55078125,55637.69921875,0.0,53.71172781093591,5.191837607133493,6.4904872679680725,55631.37163030286,55617.188232665336,20.14285797710521,55625.75,-0.00022733288259920537,1
2025-08-04 06:46:00+00:00,55625.75,55643.1015625,55617.80078125,55638.80078125,0.0,49.16011147043059,4.155357591713255,6.023461332717109,55630.83623694068,55617.52398824709,20.51128106802627,55643.8984375,0.00032625964593735815,1
2025-08-04 06:47:00+00:00,55643.8984375,55647.55078125,55624.30078125,55626.5,0.0,55.04647789810019,4.743684701097664,5.76750600639322,55632.080256041576,55618.55828037466,20.70690384888153,55634.19921875,-0.00017430875661766037,1
2025-08-04 06:48:00+00:00,55634.19921875,55647.8984375,55629.44921875,55645.0,0.0,51.60743810023444,4.3768388072930975,5.489372566573196,55632.2820620138,55619.17165050702,20.54564062753285,55641.6484375,0.00013389639564524266,1
2025-08-04 06:49:00+00:00,55641.6484375,55646.6015625,55630.75,55634.6015625,0.0,53.98517655864932,4.633785100675596,5.318255073393676,55633.17409777439,55620.0530931342,20.21034933270908,55632.30078125,-0.00016799747154327827,1
2025-08-04 06:50:00+00:00,55632.30078125,55641.80078125,55621.19921875,55640.69921875,0.0,50.62380194807084,4.036607651316444,5.06192558897823,55633.09092477206,55620.53339462894,20.238293130372718,55614.05078125,-0.0003280468314938159,1
2025-08-04 06:51:00+00:00,55614.05078125,55634.8984375,55608.30078125,55631.1484375,0.0,44.76360439060765,2.066891898677568,4.462918850918098,55631.277577769964,55620.27917449643,20.692533353203235,55612.3515625,-3.055376700905382e-05,1
2025-08-04 06:52:00+00:00,55612.3515625,55619.1015625,55610.55078125,55615.1484375,0.0,44.24998462418059,0.3645627688383683,3.643247634502152,55629.47510012521,55619.96828775147,19.82526534583157,55644.69921875,0.0005816631618903231,1
2025-08-04 06:53:00+00:00,55644.69921875,55644.69921875,55608.3515625,55612.05078125,0.0,54.866735733169925,1.6071143734443467,3.2360209822905914,55630.92501618471,55620.93812818279,21.005436124700747,55621.25,-0.00042140974934228,1
2025-08-04 06:54:00+00:00,55621.25,55651.3515625,55621.25,55645.80078125,0.0,47.76553864414539,0.6917158229480265,2.7271599504220787,55630.00358607188,55620.95035845013,21.65515943722212,55635.1015625,0.00024903364271748656,1
2025-08-04 06:55:00+00:00,55635.1015625,55642.1484375,55615.8984375,55620.1484375,0.0,51.739040894701816,1.0716083737206643,2.396049635081796,55630.48910763646,55621.50530762856,21.9833623345634,55629.3984375,-0.00010250947405197342,1
2025-08-04 06:56:00+00:00,55629.3984375,55638.6015625,55622.1015625,55634.3515625,0.0,50.05083099332343,0.9020827838903642,2.0972562648435096,55630.38523429013,55621.81484213332,21.5916935963803,55638.3984375,0.00016178495998139472,1
2025-08-04 06:57:00+00:00,55638.3984375,55652.05078125,55628.5,55630.69921875,0.0,52.67512132768831,1.4769321618514368,1.9731914442450955,55631.14839650059,55622.46517920652,21.731628428781708,55650.6015625,0.00021932919247681212,1
2025-08-04 06:58:00+00:00,55650.6015625,55653.3515625,55635.44921875,55637.75,0.0,56.04709685064551,2.88395025383943,2.1553432061639626,55633.001078976726,55623.56856678666,21.45810809458301,55658.94921875,0.0001500011862517771,1
2025-08-04 06:59:00+00:00,55658.94921875,55662.55078125,55648.3515625,55651.30078125,0.0,58.23910844232141,4.619359226147935,2.648146410160757,55635.4723303837,55624.95604333425,20.93961599854137,55664.3984375,9.790373024441333e-05,1
2025-08-04 07:00:00+00:00,55664.3984375,55665.3984375,55647.3984375,55658.55078125,0.0,59.65364430349373,6.361063372816716,3.3907298026919497,55638.227197728105,55626.50280388977,20.72964342721699,55666.25,3.326295714987264e-05,1
2025-08-04 07:01:00+00:00,55666.25,55673.5,55655.75,55663.1015625,0.0,60.14759943838776,7.800858634473116,4.272755569048183,55640.89603603971,55628.06151746272,20.516811753844344,55665.05078125,-2.154301304650484e-05,1
2025-08-04 07:02:00+00:00,55665.05078125,55672.3984375,55662.3984375,55666.05078125,0.0,59.63832329366867,8.744340507466404,5.167072556731828,55643.196487964495,55629.512076826926,19.765610914284032,55665.1484375,1.7543548174197328e-06,1
2025-08-04 07:03:00+00:00,55665.1484375,55673.05078125,55653.80078125,55664.6484375,0.0,59.668271318760496,9.391675345192198,6.011993114423902,55645.287149825024,55630.90958116705,19.728781563263745,55660.8515625,-7.71914765452295e-05,1
2025-08-04 07:04:00+00:00,55660.8515625,55667.5,55651.69921875,55665.1484375,0.0,57.64164934189823,9.449048219816175,6.699404135502357,55646.76947484168,55632.08377651344,19.448210112316332,55669.6015625,0.00015720205053231843,1
2025-08-04 07:05:00+00:00,55669.6015625,55670.6015625,55654.30078125,55660.1484375,0.0,60.57800028010388,10.084322714523296,7.376387851306546,55648.94395938057,55633.5550622384,19.223393765008023,55693.3984375,0.0004274662352897094,1
2025-08-04 07:06:00+00:00,55693.3984375,55698.5,55669.94921875,55671.0,0.0,67.23114211940685,12.365450051234802,8.374200291292198,55653.17771920147,55635.90186126826,19.91446831750745,55695.44921875,3.682269905474378e-05,1
2025-08-04 07:07:00+00:00,55695.44921875,55695.44921875,55681.94921875,55692.3984375,0.0,67.73648242554466,14.175336354346657,9.534427503903087,55657.20357630133,55638.237051757744,19.456292009114065,55689.30078125,-0.00011039389368871657,1
2025-08-04 07:08:00+00:00,55689.30078125,55701.8984375,55687.80078125,55695.69921875,0.0,64.52376560463597,14.941322502316323,10.615806503585736,55660.26045296311,55640.23955095352,19.073532312034484,55707.05078125,0.00031873267846767864,1
2025-08-04 07:09:00+00:00,55707.05078125,55721.19921875,55688.0,55689.5,0.0,69.08275766062509,16.787137034181796,11.850072609704949,55664.71667470472,55642.85959920044,20.082509914746307,55706.0,-1.886262574061225e-05,1
2025-08-04 07:10:00+00:00,55706.0,55720.1015625,55695.75,55707.3984375,0.0,68.52137880122238,17.958158610032115,13.071689809770383,55668.64841997094,55645.33569334945,20.387442242264427,55682.8515625,-0.00041554657487523784,1
2025-08-04 07:11:00+00:00,55682.8515625,55705.19921875,55671.3984375,55705.19921875,0.0,57.44639245104198,16.824375273623446,13.822226902540995,55670.0011002118,55646.80690390438,21.4027365463884,55664.0,-0.0003385523903861223,1
2025-08-04 07:12:00+00:00,55664.0,55686.0,55664.0,55681.05078125,0.0,50.31427222773893,14.240524365915917,13.90588639521598,55669.42956685829,55647.48114296695,21.44539822164637,55649.55078125,-0.000259579238825812,1
2025-08-04 07:13:00+00:00,55649.55078125,55663.6015625,55644.80078125,55661.30078125,0.0,45.63737088391961,10.901210342883132,13.304951184749411,55667.53634918132,55647.56230525256,21.284956830814487,55648.69921875,-1.5302234933528286e-05,1
2025-08-04 07:14:00+00:00,55648.69921875,55653.6484375,55640.30078125,55650.69921875,0.0,45.36970696421443,8.092777443438536,12.26251643648724,55665.742336759286,55647.6068900956,20.718006789327735,55661.5,0.00023002840011913464,1
2025-08-04 07:15:00+00:00,55661.5,55661.8984375,55647.69921875,55649.1015625,0.0,50.10683279723697,6.821357836255629,11.17428471644092,55665.33830468697,55648.15171793498,20.252379072232905,55614.0,-0.0008533726184166794,0
2025-08-04 07:16:00+00:00,55614.0,55666.19921875,55612.30078125,55661.69921875,0.0,37.21220936591741,1.9583213025762236,9.33109203366798,55660.44894233583,55646.81243487871,22.65566895993055,55629.8515625,0.00028502827525443236,1
2025-08-04 07:17:00+00:00,55629.8515625,55637.0,55609.3515625,55613.5,0.0,42.52758889814719,-0.6095549993406166,7.342962627066261,55657.53490616099,55646.14730262857,23.012295284221228,55620.19921875,-0.00017351014749977564,1
2025-08-04 07:18:00+00:00,55620.19921875,55643.1484375,55620.19921875,55630.6015625,0.0,40.29087145190971,-3.384464936745644,5.19747711430388,55653.97912640756,55645.12973071176,23.00778981749114,55630.55078125,0.00018611156819644056,1
2025-08-04 07:19:00+00:00,55630.55078125,55634.1484375,55619.6015625,55621.8984375,0.0,43.71010387660897,-4.694204603525577,3.2191407707379884,55651.747855440175,55644.55800720346,22.403438759098915,55628.69921875,-3.328319554628713e-05,1
2025-08-04 07:20:00+00:00,55628.69921875,55640.55078125,55623.05078125,55629.25,0.0,43.23320915497406,-5.814561697399768,1.4124002771104374,55649.55274718397,55643.93609393077,22.053193133448996,55649.8515625,0.00038024156680029774,1
2025-08-04 07:21:00+00:00,55649.8515625,55655.44921875,55624.25,55629.25,0.0,49.951196468289154,-4.938705084940011,0.1421792047003476,55649.58120578549,55644.16807309035,22.70648067748835,55642.30078125,-0.0001356837626335762,1
2025-08-04 07:22:00+00:00,55642.30078125,55651.75,55635.3515625,55647.75,0.0,47.777560156934456,-4.798552624059084,-0.8459671610515389,55648.887832020206,55644.09484595936,22.25590616481061,55641.6015625,-1.256631627705119e-05,1
2025-08-04 07:23:00+00:00,55641.6015625,55645.19921875,55634.44921875,55645.19921875,0.0,47.57112187352105,-4.689840338483919,-1.614741796538015,55648.19390158972,55643.99707013743,21.434055724467,55614.5,-0.0004870737315056953,1
2025-08-04 07:24:00+00:00,55614.5,55643.44921875,55610.44921875,55641.3515625,0.0,40.302328016668746,-6.713169427130197,-2.6344273226564514,55644.98495858117,55642.8403222889,22.26019460129078,55612.80078125,-3.055352021505183e-05,1
2025-08-04 07:25:00+00:00,55612.80078125,55618.3515625,55604.44921875,55614.5,0.0,39.89077003985849,-8.357445628462301,-3.779030983817621,55641.91979883534,55641.662301071694,21.663205254770013,55623.1484375,0.00018606608738700207,1
2025-08-04 07:26:00+00:00,55623.1484375,55625.8515625,55609.6484375,55613.05078125,0.0,43.66360109165221,-8.725000608093978,-4.768224908672893,55640.13205013674,55640.93626720614,21.27319952228644,55627.8515625,8.455337628513759e-05,1
2025-08-04 07:27:00+00:00,55627.8515625,55630.94921875,55623.80078125,55624.94921875,0.0,45.34280240798695,-8.538362764695194,-5.522252479877354,55638.96247988562,55640.42314153139,20.310883931408835,55636.05078125,0.00014739412937398575,1
2025-08-04 07:28:00+00:00,55636.05078125,55642.75,55627.8984375,55627.8984375,0.0,48.23937129174324,-7.640764522555401,-5.945954888412963,55638.68517525365,55640.25167642232,19.92428061487963,55621.6484375,-0.0002588671113021156,1
2025-08-04 07:29:00+00:00,55621.6484375,55635.05078125,55619.55078125,55634.44921875,0.0,43.84403233653573,-7.999348711498897,-6.3566336530301495,55637.06262880092,55639.52213764105,19.67968914238823,55635.94921875,0.0002571081881197617,1
2025-08-04 07:30:00+00:00,55635.94921875,55637.3515625,55619.0,55620.5,0.0,48.829664906929935,-7.0483270081240335,-6.494972324048927,55636.95658974846,55639.38202317473,19.584822953646214,55646.3984375,0.00018781415427848014,1
2025-08-04 07:31:00+00:00,55646.3984375,55651.0,55636.75,55637.1484375,0.0,52.17103137758376,-5.389345807387144,-6.273847020716572,55637.85581334384,55639.65717667768,19.2609628319572,55671.1484375,0.00044477272015723166,1
2025-08-04 07:32:00+00:00,55671.1484375,55674.5,55645.3515625,55646.1484375,0.0,59.000143613880695,-2.0537981907618814,-5.4298372547256335,55641.02653945395,55640.89212808248,19.96721102253168,55655.3984375,-0.0002829113543019857,1
2025-08-04 07:33:00+00:00,55655.3984375,55672.8984375,55655.19921875,55670.30078125,0.0,53.74150752499927,-0.6734825573294074,-4.478566315246388,55642.39529164882,55641.4610029616,19.805211574493704,55655.05078125,-6.246586310767529e-06,1
2025-08-04 07:34:00+00:00,55655.05078125,55661.0,55653.0,55655.6484375,0.0,53.62788488290168,0.3879030678144772,-3.505272438634216,55643.60057637274,55641.99393544351,18.961982176315583,55650.6015625,-7.99427668746091e-05,1
2025-08-04 07:35:00+00:00,55650.6015625,55664.6484375,55649.0,55654.25,0.0,52.10947120967787,0.8601290212027379,-2.6321921466668248,55644.26733695629,55642.33148944572,18.72530041372161,55655.5,8.802128570881071e-05,1
2025-08-04 07:36:00+00:00,55655.5,55655.5,55634.44921875,55650.69921875,0.0,53.6649620438478,1.6110631269039004,-1.7835410919526795,55645.33711438903,55642.84790162432,18.89140618774149,55647.80078125,-0.00013833706911266631,1
2025-08-04 07:37:00+00:00,55647.80078125,55654.55078125,55643.6015625,55654.19921875,0.0,50.86830713684012,1.5668594276503427,-1.1134609880320752,55645.57174932816,55643.04213219788,18.391908424331387,55647.19921875,-1.0810175632361932e-05,1
2025-08-04 07:38:00+00:00,55647.19921875,55664.25,55643.05078125,55647.6015625,0.0,50.646224854447794,1.466383060098451,-0.5974921784059699,55645.72674641596,55643.20515519992,18.59243059045057,55650.94921875,6.738883632325667e-05,1
2025-08-04 07:39:00+00:00,55650.94921875,55658.1015625,55643.6015625,55646.19921875,0.0,52.05154867415388,1.6700966404023347,-0.143974414644309,55646.22412473349,55643.508843966585,18.3001141197041,55640.44921875,-0.00018867602704721387,1
2025-08-04 07:40:00+00:00,55640.44921875,55654.94921875,55632.69921875,55651.0,0.0,47.93571379931362,0.9730620193731738,0.0794328721591875,55645.67413368744,55643.38885866397,18.582248825439525,55642.8515625,4.317621053983953e-05,1
2025-08-04 07:41:00+00:00,55642.8515625,55644.30078125,55633.69921875,55638.3984375,0.0,48.93069476282792,0.6075032049557194,0.1850469387184939,55645.40531738388,55643.367788226176,18.012199802193845,55643.75,1.614650354485955e-05,1
2025-08-04 07:42:00+00:00,55643.75,55647.6015625,55637.8984375,55641.8515625,0.0,49.32076454802907,0.385843840893358,0.2252063191534667,55645.24766810922,55643.38277692319,17.41869445918,55638.8515625,-8.8032124003145e-05,1
2025-08-04 07:43:00+00:00,55638.8515625,55648.8515625,55638.8515625,55644.19921875,0.0,47.203799431333564,-0.1829765308357309,0.1435697491556272,55644.638515194056,55643.205082239925,16.888787712095713,55631.30078125,-0.0001357105877988529,1
2025-08-04 07:44:00+00:00,55631.30078125,55640.1015625,55615.0,55637.1484375,0.0,44.06410180642259,-1.2288898388287637,-0.1309221684412509,55643.36825481843,55642.738246906985,17.475414482660305,55629.5,-3.236992888375776e-05,1
2025-08-04 07:45:00+00:00,55629.5,55636.5,55627.6484375,55631.0,0.0,43.32399714197836,-2.177985210168117,-0.5403347767866242,55642.04746864524,55642.21909996946,16.859425055327428,55650.19921875,0.00037209068479853314,1
2025-08-04 07:46:00+00:00,55650.19921875,55651.8984375,55628.80078125,55629.69921875,0.0,53.07947894514849,-1.245538376206241,-0.6813754966705476,55642.82382579808,55642.53204580399,17.305012997804038,55626.1015625,-0.0004330201255035377,1
2025-08-04 07:47:00+00:00,55626.1015625,55652.3984375,55624.25,55652.3984375,0.0,43.65800359780343,-2.423114849574631,-1.0297233672513644,55641.2312292935,55641.887713125405,18.079543319389465,55623.44921875,-4.7681640012466045e-05,1
2025-08-04 07:48:00+00:00,55623.44921875,55628.8984375,55617.05078125,55626.1015625,0.0,42.75839550715761,-3.529686632420635,-1.5297160202852185,55639.53770447983,55641.16463491461,17.63440852871879,55619.75,-6.650466308646386e-05,1
2025-08-04 07:49:00+00:00,55619.75,55624.55078125,55612.8984375,55623.75,0.0,41.47476995342871,-4.651528851092735,-2.154078586446722,55637.65316119604,55640.32484531011,17.207118187381734,55613.30078125,-0.00011595195501597903,1
2025-08-04 07:50:00+00:00,55613.30078125,55643.6484375,55611.6484375,55619.44921875,0.0,39.26183173555414,-5.991923779096396,-2.921647624976657,55635.33388691547,55639.26507809207,18.263752602568758,55606.30078125,-0.00012586916981485925,1
2025-08-04 07:51:00+00:00,55606.30078125,55616.69921875,55604.0,55613.30078125,0.0,36.95690806271272,-7.532211272213317,-3.843760354423989,55632.56882923304,55637.97236056885,17.866285898813842,55617.44921875,0.0002004887457602496,1
2025-08-04 07:52:00+00:00,55617.44921875,55617.75,55605.5,55607.8984375,0.0,42.72402947697075,-7.763818011582771,-4.627771885855746,55631.12886632989,55637.16753147791,17.46512262032714,55615.30078125,-3.862883915351712e-05,1
2025-08-04 07:53:00+00:00,55615.30078125,55618.8515625,55609.6015625,55614.94921875,0.0,41.928018004529065,-8.028185052266053,-5.307854519137808,55629.62142965561,55636.31001186113,16.87832814744663,55601.19921875,-0.00025355544790569873,1
2025-08-04 07:54:00+00:00,55601.19921875,55622.55078125,55601.19921875,55613.3984375,0.0,37.0487976202534,-9.268731906915493,-6.100029996693345,55626.9145524265,55634.93311801364,17.19784488691473,55589.69921875,-0.00020683007132194975,1
2025-08-04 07:55:00+00:00,55589.69921875,55605.44921875,55586.30078125,55605.44921875,0.0,33.61342280893436,-11.0524226687412,-7.090508531102917,55623.37023493351,55633.159239611145,17.337172930706537,55592.30078125,4.6799362769757746e-05,1
2025-08-04 07:56:00+00:00,55592.30078125,55598.44921875,55586.30078125,55586.55078125,0.0,35.07998250020876,-12.11641559987038,-8.09568994485641,55620.411239344605,55631.5569471264,16.966548971370354,55567.3515625,-0.0004487891020767897,1
2025-08-04 07:57:00+00:00,55567.3515625,55594.6484375,55560.1484375,55592.69921875,0.0,28.56319424210558,-14.80220055332029,-9.436992066549186,55615.35793678797,55629.03908890575,18.218938330558185,55523.6484375,-0.0007864892562108961,1
2025-08-04 07:58:00+00:00,55523.6484375,55568.55078125,55511.8984375,55568.44921875,0.0,21.15101793948756,-20.22405115157017,-11.594403883553383,55606.62369876055,55624.90612218396,20.964181574804027,55555.1484375,0.0005673258311808862,1
2025-08-04 07:59:00+00:00,55555.1484375,55555.69921875,55525.1015625,55525.30078125,0.0,34.37066133762913,-21.728645766706904,-13.621252260184088,55601.72129292622,55622.17052670616,21.75608155160374,55575.5,0.0003663308095179635,1
2025-08-04 08:00:00+00:00,55575.5,55587.1484375,55551.19921875,55560.19921875,0.0,41.22673329253274,-21.036352849601823,-15.104272378067638,55599.22402693325,55620.34030997259,22.7698770657749,55566.75,-0.00015744347779147287,1
2025-08-04 08:01:00+00:00,55566.75,55576.3515625,55563.94921875,55573.5,0.0,39.324618030469104,-20.952233295174665,-16.27386456148904,55596.131262463416,55618.23872918936,22.02933897179098,55574.75,0.00014397098984554612,1
2025-08-04 08:02:00+00:00,55574.75,55580.55078125,55563.19921875,55566.30078125,0.0,41.96120970110537,-20.00937913377857,-17.020967475946946,55594.09495175262,55616.53328882899,21.69521208094877,55585.8984375,0.00020060256681316604,1
2025-08-04 08:03:00+00:00,55585.8984375,55603.75,55572.8984375,55572.8984375,0.0,45.51441786989789,-18.15331457276625,-17.247436895310805,55593.3143313476,55615.33192211021,22.349237110881003,55584.19921875,-3.0569241440085344e-05,1
2025-08-04 08:04:00+00:00,55584.19921875,55588.3984375,55581.3984375,55581.3984375,0.0,45.06159450589782,-16.627807770571962,-17.123511070363037,55592.44622538593,55614.11103178236,21.25286303153236,55577.44921875,-0.0001214373885901562,1
2025-08-04 08:05:00+00:00,55577.44921875,55585.1484375,55571.0,55583.6484375,0.0,43.22199287372639,-15.78158098513086,-16.855125053316602,55591.01793903965,55612.67331362423,20.745404064994336,55570.1484375,-0.0001313622944670328,1
2025-08-04 08:06:00+00:00,55570.1484375,55578.69921875,55556.75,55577.94921875,0.0,41.260003123738976,-15.521134218935911,-16.588326886440463,55589.03036746445,55611.00567142328,20.831390828209027,55577.1484375,0.0001259669120350278,1
2025-08-04 08:07:00+00:00,55577.1484375,55588.19921875,55569.3515625,55570.3515625,0.0,43.88994429509339,-14.58179690389079,-16.18702088993053,55587.89875508688,55609.67793675962,20.689695501194095,55576.19921875,-1.70792992567342e-05,1
2025-08-04 08:08:00+00:00,55576.19921875,55584.80078125,55567.19921875,55573.69921875,0.0,43.60484260638244,-13.755395695203331,-15.700695850985092,55586.78451353099,55608.36504585728,20.46911457253737,55582.30078125,0.00010978732957221529,1
2025-08-04 08:09:00+00:00,55582.30078125,55582.30078125,55571.19921875,55575.0,0.0,46.031639467435205,-12.464439384173602,-15.053444557622797,55586.35749140899,55607.34291783347,19.800003710213275,55584.8984375,4.673531346288362e-05,1
2025-08-04 08:10:00+00:00,55584.8984375,55589.80078125,55579.19921875,55581.80078125,0.0,47.0758092870925,-11.10374104209768,-14.263503854517772,55586.21853389384,55606.46274213412,19.14297219519804,55573.3515625,-0.00020773403072748935,1
2025-08-04 08:11:00+00:00,55573.3515625,55587.1015625,55565.25,55585.80078125,0.0,43.08529853349101,-10.832246716614463,-13.577252426937113,55584.993108046816,55605.16426450141,19.336442931255323,55594.05078125,0.00037246662596407984,1
2025-08-04 08:12:00+00:00,55594.05078125,55595.8984375,55572.80078125,55573.3515625,0.0,51.08932506748437,-8.844873350877606,-12.63077661172521,55585.85574358998,55604.72844162881,19.60510102545137,55584.8515625,-0.00016547128012306286,1
2025-08-04 08:13:00+00:00,55584.8515625,55593.30078125,55584.8515625,55593.25,0.0,47.86746856504876,-7.920858980571211,-11.688793085494412,55585.7601072957,55603.94895617278,18.861823720061984,55609.3984375,0.00044161087616469244,1
2025-08-04 08:14:00+00:00,55609.3984375,55609.80078125,55584.80078125,55584.80078125,0.0,55.86551684766,-5.148494627981563,-10.380733393991845,55588.01137683896,55604.16266132287,19.300264882914696,55627.55078125,0.0003264258247713579,1
2025-08-04 08:15:00+00:00,55627.55078125,55636.55078125,55605.8515625,55608.69921875,0.0,60.67072620985156,-1.469691777630942,-8.598525070719663,55591.77703440192,55605.07984249648,20.11447587342079,55674.8984375,0.0008511547890395195,2
2025-08-04 08:16:00+00:00,55674.8984375,55676.1484375,55625.3984375,55627.55078125,0.0,69.88185657217394,5.206330803441233,-5.837553895887484,55599.6933585065,55607.81782661427,22.302727596747875,55677.94921875,5.4796350520958235e-05,1
2025-08-04 08:17:00+00:00,55677.94921875,55682.8515625,55667.1484375,55673.8984375,0.0,70.36349513518897,10.620868585727294,-2.5458693995645283,55607.14629757731,55610.56807728626,21.83132741126588,55668.3984375,-0.0001715361536122041,1
2025-08-04 08:18:00+00:00,55668.3984375,55689.8515625,55662.75,55676.80078125,0.0,66.76395025631733,13.98010659366264,0.7593257990809055,55612.9798347128,55612.83593454955,22.207772774746893,55651.8515625,-0.00029724000446281027,1
2025-08-04 08:19:00+00:00,55651.8515625,55671.44921875,55648.6484375,55667.94921875,0.0,60.94676837396872,15.132692137281992,3.633999066721123,55616.68190402587,55614.365959175055,22.25013052297925,55649.30078125,-4.583461607086579e-05,1
2025-08-04 08:20:00+00:00,55649.30078125,55652.75,55645.3515625,55648.8515625,0.0,60.07775546072471,15.65978154167533,6.039155561711965,55619.7884637615,55615.7359521976,21.189295307052166,55637.75,-0.00020756381639734495,1
2025-08-04 08:21:00+00:00,55637.75,55658.75,55637.75,55649.69921875,0.0,56.17188889917307,14.9728544335303,7.825895336075632,55621.49908626041,55616.59924818986,21.17577421369129,55626.55078125,-0.00020128813170913634,1
2025-08-04 08:22:00+00:00,55626.55078125,55648.3515625,55624.25,55638.19921875,0.0,52.60113537528517,13.370647888026724,8.934845846465851,55621.98020006895,55616.98950438829,21.38475909128477,55619.3984375,-0.0001285778760241024,1
2025-08-04 08:23:00+00:00,55619.3984375,55638.3515625,55619.3984375,55626.55078125,0.0,50.39771662765173,11.392428467610443,9.42636237069477,55621.73431791952,55617.08397235346,21.211070941907288,55633.1015625,0.0002463731249340699,1
2025-08-04 08:24:00+00:00,55633.1015625,55636.75,55621.6015625,55623.19921875,0.0,54.34372766581515,10.805839993292466,9.70225789521431,55622.81691264147,55617.71211314353,20.93539176748534,55627.8984375,-9.352570419167883e-05,1
2025-08-04 08:25:00+00:00,55627.8984375,55633.25,55624.25,55630.8984375,0.0,52.63161382924942,9.808054550521774,9.723417226275805,55623.3008673899,55618.11157684378,20.08286378409353,55625.8984375,-3.5953182776571614e-05,1
2025-08-04 08:26:00+00:00,55625.8984375,55628.0,55614.05078125,55627.75,0.0,51.95404564838368,8.754996958035917,9.529733172627829,55623.54825501944,55618.41694392834,19.644746281658275,55623.25,-4.7611590543130275e-05,1
2025-08-04 08:27:00+00:00,55623.25,55631.69921875,55615.0,55625.8984375,0.0,51.01741326910702,7.6189084230863955,9.147568222719542,55623.51984977949,55618.606475539,19.4343514579684,55624.44921875,2.155966704570481e-05,1
2025-08-04 08:28:00+00:00,55624.44921875,55626.80078125,55616.05078125,55623.05078125,0.0,51.44427147550423,6.737649574650277,8.665584493105689,55623.60836111002,55618.83560272375,18.81404063954208,55615.25,-0.00016538085103230305,1
2025-08-04 08:29:00+00:00,55615.25,55627.30078125,55611.75,55624.44921875,0.0,47.98945519122809,5.236581464632764,7.979783887411104,55622.81232671859,55618.69499085224,18.58095068314622,55626.05078125,0.00019420538880972395,1
2025-08-04 08:30:00+00:00,55626.05078125,55632.94921875,55609.6015625,55614.8984375,0.0,52.060192952753546,4.862455592505285,7.356318228429941,55623.12075095967,55618.983453220775,18.921429652207205,55633.05078125,0.00012584031944902165,1
2025-08-04 08:31:00+00:00,55633.05078125,55636.05078125,55621.8515625,55624.8515625,0.0,54.54336363556434,5.072328990783717,6.899520380900697,55624.06646813018,55619.53511314349,18.58412887347812,55577.44921875,-0.0009994340004582203,0
2025-08-04 08:32:00+00:00,55577.44921875,55636.1015625,55576.44921875,55635.1015625,0.0,37.796445715152544,0.7435031177519704,5.668316928270952,55619.626730093965,55617.88468591237,21.51757279322968,55547.75,-0.0005343753476901287,1
2025-08-04 08:33:00+00:00,55547.75,55576.05078125,55542.19921875,55576.05078125,0.0,32.12294580634253,-5.025668541951745,3.529519834226413,55612.78132722787,55615.13430607267,22.49846045085613,55566.5,0.0003375474254132706,1
2025-08-04 08:34:00+00:00,55566.5,55591.6015625,55546.8984375,55546.8984375,0.0,38.40873936939425,-7.992675756351673,1.225080716110796,55608.3735817776,55613.22707838356,24.08450791865212,55571.80078125,9.539526963188251e-05,1
2025-08-04 08:35:00+00:00,55571.80078125,55574.94921875,55560.30078125,55566.30078125,0.0,40.097640970014346,-9.803315089491662,-0.9805984450096956,55604.89045791783,55611.60251771165,23.4105028887484,55587.5,0.0002825033295537354,1
2025-08-04 08:36:00+00:00,55587.5,55587.5,55565.69921875,55570.8984375,0.0,44.91533085790707,-9.85782913865114,-2.7560445837379848,55603.23422383041,55610.65732093865,23.29552277169494,55590.94921875,6.205025860130425e-05,1
2025-08-04 08:37:00+00:00,55590.94921875,55594.75,55581.19921875,55587.6015625,0.0,45.94397789559343,-9.513048289540166,-4.107445324898421,55602.06422334656,55609.88445418616,22.599469805859588,55593.69921875,4.946848432428756e-05,1
2025-08-04 08:38:00+00:00,55593.69921875,55595.05078125,55586.8984375,55591.25,0.0,46.79701567828579,-8.915136817566236,-5.0689836234319845,55601.26755624213,55609.24973907101,21.56753223044105,55613.5,0.0003561695215151616,1
2025-08-04 08:39:00+00:00,55613.5,55615.8515625,55593.8984375,55594.55078125,0.0,52.5974463185155,-6.765541156419204,-5.408295130029429,55602.43255088574,55609.41641597019,21.60930448183812,55611.55078125,-3.504938099562157e-05,1
2025-08-04 08:40:00+00:00,55611.55078125,55619.80078125,55600.6484375,55613.94921875,0.0,51.996464960830245,-5.159778061148245,-5.358591716253192,55603.30095377757,55609.5001165694,21.43380728670682,55591.30078125,-0.0003641329852435529,1
2025-08-04 08:41:00+00:00,55591.30078125,55617.0,55587.5,55610.3515625,0.0,46.102952438963385,-5.458285287801118,-5.378530430562778,55602.15808020352,55608.78641714511,22.009963909084902,55612.1484375,0.00037501652159633507,1
2025-08-04 08:42:00+00:00,55612.1484375,55615.25,55591.5,55591.5,0.0,52.11985209225582,-3.966894892291748,-5.096203322908572,55603.109542803184,55608.9182610806,22.14848211200741,55609.94921875,-3.954565345504685e-05,1
2025-08-04 08:43:00+00:00,55609.94921875,55614.5,55595.3984375,55612.75,0.0,51.46712212320863,-2.92865610786248,-4.662693879899354,55603.76094051241,55608.95869079312,21.93084499686402,55614.80078125,8.724270689253209e-05,1
2025-08-04 08:44:00+00:00,55614.80078125,55614.80078125,55602.25,55609.94921875,0.0,52.86939106079699,-1.6948269336571684,-4.069120490650917,55604.81235391599,55609.187792379664,21.260840443516592,55610.55078125,-7.641850623032074e-05,1
2025-08-04 08:45:00+00:00,55610.55078125,55622.55078125,55607.30078125,55611.19921875,0.0,51.46653792581462,-1.0478687267022906,-3.464870137861192,55605.35887080494,55609.2412429236,20.83149469755112,55603.0,-0.00013577965231277423,1
2025-08-04 08:46:00+00:00,55603.0,55613.1015625,55598.75,55611.6484375,0.0,48.97989519558673,-1.1313926388975233,-2.998174638068458,55605.134216442566,55608.99648829914,20.36864239772604,55606.80078125,6.835568674352104e-05,1
2025-08-04 08:47:00+00:00,55606.80078125,55614.6015625,55598.8984375,55603.44921875,0.0,50.2820637399731,-0.8807420129596721,-2.574688113046701,55605.29293690041,55608.91038214035,20.035391155031324,55603.1484375,-6.568160186679055e-05,1
2025-08-04 08:48:00+00:00,55603.1484375,55609.8984375,55591.6484375,55606.6015625,0.0,48.98816444917852,-0.9656814283880522,-2.252886776114971,55605.08869886228,55608.68442352701,19.907863215386232,55601.55078125,-2.8733197577756318e-05,1
2025-08-04 08:49:00+00:00,55601.55078125,55607.6484375,55598.6484375,55603.75,0.0,48.40142951132661,-1.148672848699789,-2.032043990631935,55604.75175432777,55608.40467284948,19.12873012857293,55599.25,-4.1379803578713694e-05,1
2025-08-04 08:50:00+00:00,55599.25,55608.19921875,55591.6484375,55601.6015625,0.0,47.5187711216427,-1.462490011639602,-1.9181331948334688,55604.22777772512,55608.04566607107,18.94459092296058,55621.8984375,0.0004073514930507156,1
2025-08-04 08:51:00+00:00,55621.8984375,55622.94921875,55591.1015625,55599.75,0.0,56.02091178514498,0.1150213565560989,-1.5115022845555552,55605.91069770368,55608.588912009465,19.866238446320533,55597.69921875,-0.0004350663934491853,1
2025-08-04 08:52:00+00:00,55597.69921875,55621.0,55594.80078125,55621.0,0.0,47.21879761924392,-0.5807694815448485,-1.325355723953414,55605.12865208904,55608.16186521498,20.38276828944049,55594.3515625,-6.0212136420044924e-05,1
2025-08-04 08:53:00+00:00,55594.3515625,55605.94921875,55591.3984375,55598.6484375,0.0,46.13878902745153,-1.3863357993468526,-1.3375517390321017,55604.10226260438,55607.62028471635,19.96619778662332,55586.6484375,-0.00013855949001113956,1
2025-08-04 08:54:00+00:00,55586.6484375,55600.80078125,55584.3984375,55592.5,0.0,43.66395472727853,-2.616173104761401,-1.5932760121779617,55602.43999354682,55606.79785933532,19.711636784007368,55602.0,0.0002761735584267299,1
2025-08-04 08:55:00+00:00,55602.0,55603.0,55583.8984375,55583.8984375,0.0,49.4798297258868,-2.32528084427031,-1.7396769785964314,55602.3980893995,55606.60970798884,19.66806004943541,55589.80078125,-0.00021940251699579153,1
2025-08-04 08:56:00+00:00,55589.80078125,55603.0,55584.94921875,55599.30078125,0.0,45.46327625017479,-3.0440319268673197,-2.000547968250609,55601.19834576621,55605.95053439124,19.552540135190025,55587.30078125,-4.4972278455137585e-05,1
2025-08-04 08:57:00+00:00,55587.30078125,55597.8515625,55581.30078125,55589.3984375,0.0,44.663133961849645,-3.771896371319599,-2.3548176488644077,55599.87476819325,55605.21917152296,19.33812878624788,55596.1015625,0.00015832359417186466,1
2025-08-04 08:58:00+00:00,55596.1015625,55602.30078125,55583.80078125,55585.94921875,0.0,48.12440408987958,-3.5971193392397254,-2.603277986939471,55599.51541527008,55604.86161822794,19.278262444373038,55597.44921875,2.4240121377665167e-05,1
2025-08-04 08:59:00+00:00,55597.44921875,55606.1015625,55591.80078125,55596.55078125,0.0,48.65403079768796,-3.3116876122367103,-2.744959911998919,55599.31863464911,55604.57093589547,18.922728073346388,55592.3984375,-9.084555714287421e-05,1
2025-08-04 09:00:00+00:00,55592.3984375,55605.80078125,55590.0,55594.8515625,0.0,46.7284903638414,-3.453230061320937,-2.886613941863323,55598.65956825396,55604.09358301722,18.69973187167879,55621.1015625,0.0005163138451792041,1
2025-08-04 09:01:00+00:00,55621.1015625,55630.3984375,55587.80078125,55593.8515625,0.0,57.11547958113303,-1.2350641161610838,-2.5563039767228752,55600.7969010393,55604.76056260479,20.406726470130305,55623.69921875,4.670271132766187e-05,1
2025-08-04 09:02:00+00:00,55623.69921875,55634.05078125,55602.8984375,55620.94921875,0.0,57.91523422767778,0.724110431940062,-1.900221094990288,55602.9780741546,55605.50325500264,21.17427056154957,55633.94921875,0.00018427397213712933,1
2025-08-04 09:03:00+00:00,55633.94921875,55657.25,55622.1484375,55622.80078125,0.0,61.00543807446324,3.0684880929038627,-0.9064792574114576,55605.927706973205,55606.61878299273,22.16907712858174,55633.6015625,-6.248994631551904e-06,1
2025-08-04 09:04:00+00:00,55633.6015625,55639.55078125,55624.3515625,55633.19921875,0.0,60.84225377667992,4.842549430213694,0.2433264801135726,55608.563312261474,55607.6769312087,21.671230101540186,55603.30078125,-0.0005446489243727901,1
2025-08-04 09:05:00+00:00,55603.30078125,55635.3984375,55603.30078125,55634.75,0.0,48.63209607028858,3.7601414388700505,0.9466894718648682,55608.06211883181,55607.50531748483,22.41597482643017,55612.25,0.00016094761685474915,1
2025-08-04 09:06:00+00:00,55612.25,55615.6484375,55586.25,55602.5,0.0,51.71422743933056,3.5831481671411893,1.473981210920133,55608.46096465735,55607.69138346582,22.914722160256584,55605.05078125,-0.0001294538298666211,1
2025-08-04 09:07:00+00:00,55605.05078125,55614.3515625,55588.75,55612.69921875,0.0,49.15890096067525,2.8293479751373525,1.7450545637635768,55608.13618528522,55607.58783043775,23.106639327381117,55614.80078125,0.00017534378375727867,1
2025-08-04 09:08:00+00:00,55614.80078125,55624.25,55602.3515625,55604.69921875,0.0,52.57659379147161,2.984298275136098,1.9929033060380807,55608.77090871044,55607.87069125391,23.02033919685389,55609.6484375,-9.264339128473626e-05,1
2025-08-04 09:09:00+00:00,55609.6484375,55619.1015625,55604.5,55613.0,0.0,50.63932061348128,2.6606758090420044,2.126457806638866,55608.85448288087,55607.94040679298,22.418998004221468,55600.55078125,-0.00016359852122109543,1
2025-08-04 09:10:00+00:00,55600.55078125,55630.6015625,55593.6015625,55607.05078125,0.0,47.32354548292281,1.6510653919103788,2.0313793236931685,55608.063654154124,55607.650617556006,23.46049814677708,55584.5,-0.00028868025630085584,1
2025-08-04 09:11:00+00:00,55584.5,55602.19921875,55580.6484375,55598.19921875,0.0,42.087518716116925,-0.4391596829591435,1.5372715223627065,55605.81949661563,55606.74275020087,23.32408979700729,55589.80078125,9.536437765923954e-05,1
2025-08-04 09:12:00+00:00,55589.80078125,55592.5,55577.6015625,55585.05078125,0.0,44.28013691201062,-1.6489413976596552,0.900028938358234,55604.29390467605,55606.07835926162,22.722257490078192,55587.0,-5.038300570677133e-05,1
2025-08-04 09:13:00+00:00,55587.0,55595.8515625,55582.80078125,55586.3515625,0.0,43.346308780706735,-2.801408864754194,0.1597413777357484,55602.64686613547,55605.33018831018,22.031437758644035,55584.94921875,-3.689318095957688e-05,1
2025-08-04 09:14:00+00:00,55584.94921875,55592.80078125,55576.6484375,55588.5,0.0,42.63726642025058,-3.836009414597356,-0.6394087807308726,55600.96137590828,55604.530934601935,21.61150247231232,55570.44921875,-0.0002608619815939103,1
2025-08-04 09:15:00+00:00,55570.44921875,55584.3515625,55568.80078125,55578.6484375,0.0,37.914864783777126,-5.7595738406525925,-1.6634417927152167,55598.05545617892,55603.19439672539,21.22128354571858,55597.75,0.0004912823566088513,1
2025-08-04 09:16:00+00:00,55597.75,55600.1015625,55568.69921875,55568.69921875,0.0,49.30075122718838,-5.023163717589341,-2.335386177690042,55598.02636511426,55602.980890971456,21.94850213173868,55598.0,4.496584843811125e-06,1
2025-08-04 09:17:00+00:00,55598.0,55609.44921875,55588.3984375,55597.80078125,0.0,49.3922774683858,-4.369017168552091,-2.742112375862452,55598.023854151,55602.78556191376,21.88437921161449,55615.25,0.00031026295909924816,1
2025-08-04 09:18:00+00:00,55615.25,55618.05078125,55590.25,55599.6015625,0.0,55.37812550642949,-2.4306514430136303,-2.679820189292688,55599.66443946995,55603.27436340733,22.306979357213457,55618.30078125,5.4855120672837034e-05,1
2025-08-04 09:19:00+00:00,55618.30078125,55621.19921875,55607.94921875,55614.1015625,0.0,56.36120424542055,-0.6409219407578348,-2.272040539585717,55601.43932916329,55603.86363469528,21.66005226026964,55625.69921875,0.00013302163849087162,1
2025-08-04 09:20:00+00:00,55625.69921875,55627.6484375,55614.19921875,55620.8515625,0.0,58.73547874664147,1.358780483416922,-1.5458763349851892,55603.749794838215,55604.7199321092,21.07356415239324,55639.75,0.000252595139429076,1
2025-08-04 09:21:00+00:00,55639.75,55645.6484375,55621.94921875,55626.0,0.0,62.867456854375845,4.030874271775247,-0.430526213633102,55607.178385806,55606.09366026177,21.26111090936515,55635.8984375,-6.922321721431171e-05,1
2025-08-04 09:22:00+00:00,55635.8984375,55649.44921875,55632.1484375,55640.30078125,0.0,61.06245915752443,5.771212005995039,0.8098214302925264,55609.91362882448,55607.26247505543,20.9782302194105,55629.8515625,-0.00010868657053849702,1
2025-08-04 09:23:00+00:00,55629.8515625,55641.75,55628.69921875,55634.69921875,0.0,58.23551391206133,6.586583883159619,1.9651739208659451,55611.81247965072,55608.14832162189,20.411983864452605,55630.8515625,1.7975960242793432e-05,1
2025-08-04 09:24:00+00:00,55630.8515625,55636.94921875,55620.5,55630.19921875,0.0,58.57705095440241,7.230119298226782,3.0181629963381127,55613.62572563636,55609.03864479358,20.128929213420275,55629.3984375,-2.612084768048979e-05,1
2025-08-04 09:25:00+00:00,55629.3984375,55632.8984375,55614.80078125,55632.8984375,0.0,57.8368948962519,7.536000386411615,3.921730474352813,55615.12788867099,55609.83706803697,19.983838287461683,55624.1484375,-9.437455998914692e-05,1
2025-08-04 09:26:00+00:00,55624.1484375,55637.05078125,55616.80078125,55629.3984375,0.0,55.12671023473856,7.270967046541045,4.59157778879046,55615.98698855947,55610.39829821199,20.002849838357275,55624.1484375,0.0,1
2025-08-04 09:27:00+00:00,55624.1484375,55633.30078125,55619.3984375,55619.75,0.0,55.12671023473856,6.98045981960604,5.069354194953576,55616.76426941095,55610.93751936054,19.56709940347461,55627.0,5.126482975652296e-05,1
2025-08-04 09:28:00+00:00,55627.0,55636.3515625,55620.44921875,55624.75,0.0,56.41330221388514,6.900780113952351,5.435639378753331,55617.73910089562,55611.56742056208,19.305331142512134,55627.3515625,6.319997483236558e-06,1
2025-08-04 09:29:00+00:00,55627.3515625,55634.6484375,55623.05078125,55624.6484375,0.0,56.578597742983774,6.7877564971204265,5.70606280242675,55618.65457342937,55612.18640652043,18.754782935904128,55603.1015625,-0.0004359366268364217,1
2025-08-04 09:30:00+00:00,55603.1015625,55628.44921875,55579.69921875,55624.8984375,0.0,44.14308486225677,4.687378945498494,5.502326031041099,55617.17333429324,55611.83013812747,20.897298440482405,55610.69921875,0.00013664087139923203,1
2025-08-04 09:31:00+00:00,55610.69921875,55620.1484375,55600.8515625,55604.55078125,0.0,47.99939950709777,3.594447414223396,5.120750307677559,55616.55675186055,55611.78578834797,20.78298248044795,55609.0,-3.0555608432757886e-05,1
2025-08-04 09:32:00+00:00,55609.0,55615.3984375,55608.19921875,55611.3515625,0.0,47.21430231161339,2.561649449104152,4.608930135962878,55615.83706120716,55611.676541746085,19.81271364255881,55588.69921875,-0.0003650628720171195,1
2025-08-04 09:33:00+00:00,55588.69921875,55607.1484375,55584.8984375,55607.1484375,0.0,39.00578391986817,0.103849126586283,3.70791393408756,55613.25250478267,55610.77547025604,20.11905998951889,55609.30078125,0.00037060702605991395,1
2025-08-04 09:34:00+00:00,55609.30078125,55612.6484375,55586.1015625,55588.75,0.0,48.74453883426918,-0.1795318853692151,2.930424770196205,55612.87615016051,55610.71763931463,20.578189633124683,55603.8515625,-9.799113949365344e-05,1
2025-08-04 09:35:00+00:00,55603.8515625,55614.75,55602.80078125,55610.94921875,0.0,46.62401472131474,-0.8342036111498601,2.177499093926992,55612.01666562141,55610.44838140033,19.96183457004435,55610.6484375,0.00012223748551591174,1
2025-08-04 09:36:00+00:00,55610.6484375,55615.6484375,55604.55078125,55608.0,0.0,49.57086769983519,-0.7954156058622175,1.5829161539691503,55611.88635818128,55610.45622673757,19.37862317218404,55617.8515625,0.00012952780092279425,1
2025-08-04 09:37:00+00:00,55617.8515625,55619.30078125,55610.6015625,55613.44921875,0.0,52.56005476928825,-0.1813533156164339,1.2300622600520337,55612.4544728783,55610.74623990473,18.615808570599462,55618.5,1.1658801657797315e-05,1
2025-08-04 09:38:00+00:00,55618.5,55621.3515625,55616.0,55618.75,0.0,52.83111081779292,0.353543530764,1.0547585141944271,55613.03023736608,55611.05030892808,17.668362422699506,55623.75,9.439305267132339e-05,1
2025-08-04 09:39:00+00:00,55623.75,55627.44921875,55618.1484375,55620.1015625,0.0,55.069482528235135,1.1873966892671888,1.0812861492089794,55614.05116714074,55611.548336028936,17.07067805322097,55628.6015625,8.722106114744152e-05,1
2025-08-04 09:40:00+00:00,55628.6015625,55630.8515625,55618.6015625,55623.25,0.0,57.09569258150444,2.214188090481912,1.3078665374635658,55615.43691907972,55612.2170900082,16.726343906562327,55615.3515625,-0.00023818682526313958,1
2025-08-04 09:41:00+00:00,55615.3515625,55631.30078125,55611.6484375,55627.3515625,0.0,50.40956137166333,1.9364413183211584,1.4335814936350844,55615.428789881655,55612.34001049808,16.935343895379305,55615.80078125,8.077243735395115e-06,1
2025-08-04 09:42:00+00:00,55615.80078125,55621.3984375,55615.1015625,55616.0,0.0,50.6206881221069,1.7326008550298866,1.4933853659140448,55615.46421763102,55612.47572699816,16.17545325999507,55605.75,-0.00018071808926265544,1
2025-08-04 09:43:00+00:00,55605.75,55618.44921875,55604.3515625,55615.80078125,0.0,45.91103396816338,0.7513803256078972,1.3449843578528151,55614.53905404711,55612.21197299823,16.027039187852566,55613.6484375,0.00014204353866281814,1
2025-08-04 09:44:00+00:00,55613.6484375,55623.19921875,55602.80078125,55606.6015625,0.0,49.85905565458247,0.6041298501295387,1.19681345630816,55614.45423342358,55612.26830493948,16.339281924434523,55620.8515625,0.00012952081372785766,1
2025-08-04 09:45:00+00:00,55620.8515625,55624.5,55612.8984375,55613.3984375,0.0,53.21303348074543,1.0564862599421758,1.1687480170349631,55615.06350285943,55612.60490327518,16.00087339411777,55618.25,-4.677315119989988e-05,1
2025-08-04 09:46:00+00:00,55618.25,55624.1484375,55613.3515625,55620.75,0.0,51.86367010046448,1.1913247717893682,1.1732633679858442,55615.36697877758,55612.82627961733,15.629159223109358,55619.30078125,1.8892742040607174e-05,1
2025-08-04 09:47:00+00:00,55619.30078125,55624.3515625,55615.6484375,55620.8515625,0.0,52.388819157253614,1.3672141355273195,1.2120535214941397,55615.7416266321,55613.080181642144,15.134442492887262,55617.75,-2.7882070220537344e-05,1
2025-08-04 09:48:00+00:00,55617.75,55621.1015625,55612.94921875,55617.55078125,0.0,51.495914071788654,1.3657293591240889,1.2427886890201294,55615.932900286185,55613.26331177383,14.6357211541096,55626.19921875,0.0001519158676861254,1
2025-08-04 09:49:00+00:00,55626.19921875,55628.0,55615.3984375,55616.6015625,0.0,55.90553687858491,2.0230139575724024,1.398833742730584,55616.910644901785,55613.77060224349,14.490424107387485,55639.6015625,0.00024093581690338558,1
2025-08-04 09:50:00+00:00,55639.6015625,55643.8984375,55626.5,55626.55078125,0.0,61.832895611269535,3.584059067950875,1.8358788077746424,55619.07168467304,55614.78358107708,14.71962372471695,55638.94921875,-1.1724450421651957e-05,1
2025-08-04 09:51:00+00:00,55638.94921875,55642.05078125,55636.0,55639.05078125,0.0,61.40025452441189,4.71421731319424,2.411546508858562,55620.96478315656,55615.73125314268,14.100420690808596,55641.3515625,4.317737455024446e-05,1
2025-08-04 09:52:00+00:00,55641.3515625,55644.30078125,55638.25,55638.80078125,0.0,62.44244900704546,5.73758561287832,3.076754329662513,55622.90638118927,55616.7359711567,13.525446445036552,55642.55078125,2.15526531316005e-05,1
2025-08-04 09:53:00+00:00,55642.55078125,55642.55078125,55634.19921875,55639.6015625,0.0,62.97979143453866,6.569648476019211,3.7753331589338535,55624.777276433146,55617.74831665056,13.15588330610537,55638.44921875,-7.371269725079019e-05,1
2025-08-04 09:54:00+00:00,55638.44921875,55648.3515625,55633.8515625,55642.6015625,0.0,59.82705890473469,6.819491619782639,4.384164851103611,55626.0793661776,55618.56011673289,13.251891641383557,55631.25,-0.00012939287221495533,1
2025-08-04 09:55:00+00:00,55631.25,55639.94921875,55625.1015625,55636.94921875,0.0,54.65529302841348,6.363226015942928,4.779977084071475,55626.57180749402,55619.05775921396,13.365874827713302,55640.3515625,0.00016360521289742724,1
2025-08-04 09:56:00+00:00,55640.3515625,55643.8515625,55630.8984375,55631.1484375,0.0,59.43014515012688,6.659288138114789,5.155839294880138,55627.88416511364,55619.89281032322,13.336392697162353,55643.8515625,6.290398787413305e-05,1
2025-08-04 09:57:00+00:00,55643.8515625,55645.1015625,55631.8515625,55637.8515625,0.0,61.12540387535471,7.094558596931165,5.543583155290344,55629.40486962663,55620.832369232114,13.330221790222184,55643.69921875,-2.7378361799575508e-06,1
2025-08-04 09:58:00+00:00,55643.69921875,55649.25,55635.1015625,55641.80078125,0.0,61.00590997838826,7.342580012278631,5.903382526688002,55630.766236209805,55621.729108428895,13.388665769492029,55643.94921875,4.492871672984651e-06,1
2025-08-04 09:59:00+00:00,55643.94921875,55656.94921875,55627.55078125,55647.69921875,0.0,61.1401632892306,7.473165679439262,6.217339157238254,55632.02175835649,55622.60048530423,14.53222089309974,55644.55078125,1.0810923891025607e-05,1
2025-08-05 03:45:00+00:00,55644.55078125,55644.55078125,55545.05078125,55545.05078125,0.0,61.483796490272745,7.538299997817376,6.481531325354079,55633.21499863206,55623.46128122368,20.60134797216404,55538.55078125,-0.0019049484363115351,0
2025-08-05 03:46:00+00:00,55538.55078125,55643.19921875,55533.1015625,55643.19921875,0.0,22.958451650867445,-0.952415849584213,4.994741890366421,55624.199358881386,55620.13145769531,27.090481599152326,55581.75,0.0007778240184939107,1
2025-08-05 03:47:00+00:00,55581.75,55598.05078125,55540.44921875,55546.05078125,0.0,39.575492531680354,-4.147740834305296,3.1662453454320776,55620.15656279744,55618.626302491575,29.40544719921288,55588.3515625,0.00011877212394356061,1
2025-08-05 03:48:00+00:00,55588.3515625,55593.94921875,55561.6015625,55583.94921875,0.0,41.64681990557182,-6.077312507979514,1.3175337747497593,55617.12751515006,55617.439057786025,29.61560498855481,55561.5,-0.00048304297114854747,1
2025-08-05 03:49:00+00:00,55561.5,55591.8515625,55468.55078125,55584.25,0.0,36.20970927209543,-9.66183304994047,-0.8783395901882864,55611.82965656434,55615.24536924539,36.30740329294376,55553.1015625,-0.00015115570133995664,1
2025-08-05 03:50:00+00:00,55553.1015625,55579.94921875,55526.69921875,55558.75,0.0,34.68448001062694,-13.03007255661214,-3.308686183473057,55606.23650474869,55612.80835721616,37.5175887720192,55548.6015625,-8.10035780799255e-05,1
2025-08-05 03:51:00+00:00,55548.6015625,55556.75,55525.80078125,55542.55078125,0.0,33.86145245480019,-15.879490146660828,-5.822846976110611,55600.74746262977,55610.290443697886,37.04841948473212,55578.8984375,0.0005454120202452216,1
2025-08-05 03:52:00+00:00,55578.8984375,55585.1484375,55527.69921875,55546.75,0.0,43.57009501014034,-15.51413224546559,-7.761104029981608,55598.6666030936,55609.059384631306,38.50561943225125,55590.05078125,0.00020065787670371188,1
2025-08-05 03:53:00+00:00,55590.05078125,55605.05078125,55577.6484375,55577.6484375,0.0,46.67323989347021,-14.16143829443172,-9.04117088287163,55597.84604863231,55608.31394920459,37.71252831209045,55573.55078125,-0.00029681570295606377,1
2025-08-05 03:54:00+00:00,55573.55078125,55595.19921875,55561.94921875,55592.05078125,0.0,42.91325045126976,-14.256490745392512,-10.084234855375806,55595.53221364352,55606.95068771618,37.39377628979828,55545.75,-0.0005002520238346858,1
2025-08-05 03:55:00+00:00,55545.75,55574.5,55541.0,55574.5,0.0,37.440363553221616,-16.386221047476283,-11.344632093795902,55590.79105043937,55604.550660746914,37.11564941195554,55553.3515625,0.00013685227942731893,1
2025-08-05 03:56:00+00:00,55553.3515625,55568.0,55544.19921875,55544.44921875,0.0,39.70469054613332,-17.26168315255927,-12.528042305548576,55587.22538492134,55602.54285297253,36.16458740038728,55549.6015625,-6.750267795780211e-05,1
2025-08-05 03:57:00+00:00,55549.6015625,55563.0,55526.8515625,55556.75,0.0,38.955610848053226,-18.050017472472973,-13.632437338933457,55583.642163738354,55600.4667239344,36.16343383607391,55564.94921875,0.0002762874227411341,1
2025-08-05 03:58:00+00:00,55564.94921875,55564.94921875,55523.75,55549.19921875,0.0,43.64198918157995,-17.23764565790043,-14.353479002726854,55581.86188326327,55599.07388059383,36.5231327584972,55591.6484375,0.0004805046909138637,1
2025-08-05 03:59:00+00:00,55591.6484375,55598.05078125,55554.80078125,55564.05078125,0.0,50.72844432389672,-14.274879399679776,-14.337759082117438,55582.793936047725,55598.78268674702,37.003623275747394,55576.3515625,-0.00027516498304952785,1
2025-08-05 04:00:00+00:00,55576.3515625,55595.69921875,55574.25,55591.8984375,0.0,47.07617026355813,-13.011210628705156,-14.072449391434985,55582.18037666223,55597.90303481576,35.892594381051154,55538.05078125,-0.0006891560919922523,1
2025-08-05 04:01:00+00:00,55538.05078125,55575.44921875,55523.1484375,55575.44921875,0.0,39.42285674219696,-14.928213820916426,-14.243602277331274,55577.977558051534,55595.55588761711,37.12906085383322,55533.55078125,-8.102553000508308e-05,1
2025-08-05 04:02:00+00:00,55533.55078125,55545.80078125,55526.5,55539.44921875,0.0,38.62826661511965,-16.618991663010092,-14.71868015446704,55573.74643645139,55593.12431481839,35.85561231070228,55542.0,0.0001521462004704504,1
2025-08-05 04:03:00+00:00,55542.0,55549.3515625,55525.30078125,55535.3984375,0.0,41.03154215663962,-17.08027318700624,-15.190998760974882,55570.72296631316,55591.11943972748,35.012410092080685,55585.25,0.0007786900003600879,1
2025-08-05 04:04:00+00:00,55585.25,55587.3515625,55536.80078125,55548.55078125,0.0,51.50096053383184,-13.796886652402463,-14.9121763392604,55572.10649333095,55590.88926562052,36.12229374621778,55581.94921875,-5.938232264854435e-05,1
2025-08-05 04:05:00+00:00,55581.94921875,55588.3984375,55570.6015625,55586.19921875,0.0,50.76026120915611,-11.330513522414549,-14.19584377589123,55573.04389575181,55590.53867554717,34.81333526434508,55542.25,-0.0007142466089801665,1
2025-08-05 04:06:00+00:00,55542.25,55581.44921875,55534.0,55580.3515625,0.0,42.78928443822707,-12.435936485831917,-13.843862317879369,55570.11114377544,55588.6450019963,35.75161265617757,55540.94921875,-2.3419671511326962e-05,1
2025-08-05 04:07:00+00:00,55540.94921875,55547.0,55514.05078125,55539.8515625,0.0,42.55349199033177,-13.26405455989152,-13.7279007662818,55567.33381758255,55586.7745791239,35.55144166287918,55519.3515625,-0.00038886004927529894,1
2025-08-05 04:08:00+00:00,55519.3515625,55546.0,55509.05078125,55541.3984375,0.0,38.73665171783081,-15.484597657123231,-14.079240144450086,55562.76407900325,55584.1305392563,35.65128288338781,55506.19921875,-0.00023689656632956105,1
2025-08-05 04:09:00+00:00,55506.19921875,55518.80078125,55502.1484375,55518.80078125,0.0,36.58462060061433,-18.09706656342314,-14.882805428244698,55557.37694945533,55581.074409040375,34.33355732028868,55492.6015625,-0.0002449754521366455,1
2025-08-05 04:10:00+00:00,55492.6015625,55508.19921875,55488.69921875,55505.80078125,0.0,34.45351211835069,-21.02235162888246,-16.110714668372253,55551.20786498339,55577.60488564664,33.27401751169663,55500.69921875,0.00014592316853048965,1
2025-08-05 04:11:00+00:00,55500.69921875,55532.1015625,55490.30078125,55494.5,0.0,36.814031710972976,-22.42870379836677,-17.374312494371157,55546.39751772307,55574.58897714089,33.88307206443258,55504.1015625,6.130271866648077e-05,1
2025-08-05 04:12:00+00:00,55504.1015625,55516.69921875,55497.80078125,55503.6484375,0.0,37.82715537118781,-23.00353686507151,-18.50015736851123,55542.36933151134,55571.82476480203,32.812741024115965,55493.44921875,-0.00019191993834915072,1
2025-08-05 04:13:00+00:00,55493.44921875,55519.8515625,55482.1015625,55504.25,0.0,35.887024906940226,-24.04151569950045,-19.60842903470908,55537.71027315312,55568.75121397647,33.16540237953625,55487.1015625,-0.00011438568586677918,1
2025-08-05 04:14:00+00:00,55487.1015625,55500.3984375,55475.6015625,55498.0,0.0,34.74347935007572,-25.087135333888,-20.70417029454486,55532.89039594806,55565.54926685974,32.56765042385509,55496.69921875,0.00017297094243045504,1
2025-08-05 04:15:00+00:00,55496.69921875,55500.8515625,55471.0,55486.6015625,0.0,37.96238031677037,-24.854834716003097,-21.534303178836502,55529.44361716729,55562.84926497309,32.37364414357973,55523.44921875,0.0004820106488596767,1
2025-08-05 04:16:00+00:00,55523.44921875,55533.44921875,55496.30078125,55496.30078125,0.0,45.96291308204561,-22.255683693831088,-21.678579281835425,55528.872722079934,55561.3041651212,32.71470081189547,55507.1484375,-0.00029358372866531687,1
2025-08-05 04:17:00+00:00,55507.1484375,55527.3515625,55504.5,55525.8515625,0.0,42.37651619655597,-21.266033007581427,-21.596070026984627,55526.80374259614,55559.18041109685,32.010190932474366,55508.44921875,2.3434481622932856e-05,1
2025-08-05 04:18:00+00:00,55508.44921875,55508.44921875,55480.3984375,55507.30078125,0.0,42.76033690590827,-20.14455168065615,-21.30576635771893,55525.05569270602,55557.190952573445,31.72737595515477,55494.69921875,-0.00024771003682364515,1
2025-08-05 04:19:00+00:00,55494.69921875,55508.44921875,55488.5,55507.05078125,0.0,39.74655708277004,-20.133196775736,-21.071252441322343,55522.16459994831,55554.74029634507,30.886079011929432,55490.5,-7.56688261963083e-05,1
2025-08-05 04:20:00+00:00,55490.5,55496.05078125,55481.05078125,55491.6015625,0.0,38.846089275854304,-20.229842755928985,-20.902970504243672,55519.14892376276,55552.22106903743,29.7513590825059,55505.8984375,0.0002774968237806471,1
2025-08-05 04:21:00+00:00,55505.8984375,55510.8984375,55488.05078125,55488.05078125,0.0,43.86803230012899,-18.846657637768654,-20.49170793094867,55517.88697269012,55550.40449525165,29.258237451612622,55497.94921875,-0.00014321394615296376,1
2025-08-05 04:22:00+00:00,55497.94921875,55510.6015625,55485.05078125,55505.25,0.0,41.952717684257976,-18.18231458067021,-20.02982926089298,55515.988138981535,55548.347425584914,28.99341915149744,55494.8515625,-5.581568857238883e-05,1
2025-08-05 04:23:00+00:00,55494.8515625,55501.30078125,55476.0,55498.25,0.0,41.197868530140745,-17.701718500822608,-19.56420710887891,55513.97513169758,55546.24954860119,28.72965930139048,55477.6015625,-0.0003108396457385335,1
2025-08-05 04:24:00+00:00,55477.6015625,55506.3984375,55463.0,55495.0,0.0,37.18538788962626,-18.499522500926105,-19.35127018728835,55510.51098225019,55543.55747071487,29.77742917271973,55462.1015625,-0.0002793920350456751,1
2025-08-05 04:25:00+00:00,55462.1015625,55479.1015625,55459.0,55474.75,0.0,33.98264103876194,-20.150229082202717,-19.51106196627122,55505.9005613216,55540.36312137311,29.08629583895404,55485.05078125,0.0004137819899258348,1
2025-08-05 04:26:00+00:00,55485.05078125,55492.55078125,55458.1015625,55458.1015625,0.0,41.95417943962072,-19.383178565170965,-19.48548528605117,55503.914867981446,55538.19400999574,29.469361761171605,55495.69921875,0.00019191543217616402,1
2025-08-05 04:27:00+00:00,55495.69921875,55500.44921875,55477.30078125,55481.94921875,0.0,45.25721714400731,-17.71187413084408,-19.13076305500975,55503.1324251975,55536.52754759395,29.01786717108792,55448.69921875,-0.0008469124754107142,1
2025-08-05 04:28:00+00:00,55448.69921875,55494.3984375,55443.30078125,55494.3984375,0.0,35.622069428706254,-19.94989060959051,-19.294588565925903,55497.94831029774,55533.08329940399,30.687907908867352,55452.55078125,6.94617286657212e-05,1
2025-08-05 04:29:00+00:00,55452.55078125,55468.1015625,55431.80078125,55441.6484375,0.0,36.80933327742678,-21.16872599197086,-19.669416051134892,55493.62473610272,55529.92516143717,31.08882743323397,55438.44921875,-0.00025429961834628746,1
2025-08-05 04:30:00+00:00,55438.44921875,55459.69921875,55438.25,55454.1484375,0.0,34.31417144240015,-23.0073259241326,-20.33699802573444,55488.36992492627,55526.33786956709,30.400283955860115,55428.5,-0.00017946423267978148,1
2025-08-05 04:31:00+00:00,55428.5,55457.55078125,55424.75,55437.6015625,0.0,32.6333968417908,-24.97930256985273,-21.2654589345581,55482.66802731425,55522.50109036838,30.57174804829868,55465.80078125,0.0006729531062540029,1
2025-08-05 04:32:00+00:00,55465.80078125,55465.80078125,55421.1015625,55424.3984375,0.0,43.75641372474124,-23.264073203165022,-21.66518178827949,55481.06162292718,55520.277548834325,31.5808530984202,55467.44921875,2.9719890036406864e-05,1
2025-08-05 04:33:00+00:00,55467.44921875,55475.1015625,55460.69921875,55467.19921875,0.0,44.19493513820457,-21.523615600162884,-21.63686855065617,55479.765203481744,55518.20584961533,30.353816716390185,55459.75,-0.00013880607200154765,1
2025-08-05 04:34:00+00:00,55459.75,55469.19921875,55450.05078125,55468.8515625,0.0,42.52713951802755,-20.528908539694385,-21.41527654846381,55477.858993626345,55515.91346335592,29.553432486648028,55445.5,-0.00025694309837314447,1
2025-08-05 04:35:00+00:00,55445.5,55460.94921875,55440.69921875,55459.25,0.0,39.55209984024012,-20.652384107255784,-21.26269806022221,55474.77718470955,55513.15215106745,28.8889015947446,55456.30078125,0.00019479996122318314,1
2025-08-05 04:36:00+00:00,55456.30078125,55459.19921875,55435.3515625,55446.6484375,0.0,42.81734571934774,-19.652168636173883,-20.940592175412547,55473.017527237214,55510.92268558441,28.52881264154855,55460.3515625,7.304456288886809e-05,1
2025-08-05 04:37:00+00:00,55460.3515625,55469.19921875,55447.1484375,55455.44921875,0.0,44.03828479177251,-18.32142845357157,-20.416759431044355,55471.81124488129,55508.93950428699,28.066096113580794,55468.55078125,0.00014783928552562537,1
2025-08-05 04:38:00+00:00,55468.55078125,55479.8984375,55462.5,55462.5,0.0,46.52704049656544,-16.4159658067656,-19.616600706188606,55471.50072453545,55507.35563279534,27.457580319753596,55505.8984375,0.0006733122773891653,1
2025-08-05 04:39:00+00:00,55505.8984375,55515.1015625,55466.05078125,55468.80078125,0.0,56.10335033806227,-11.756705219588184,-18.04462160886852,55474.77669719874,55507.2984878818,28.99995181477119,55487.3984375,-0.00033329791104689746,1
2025-08-05 04:40:00+00:00,55487.3984375,55510.25,55471.05078125,55503.30078125,0.0,51.21097188328585,-9.448091309757729,-16.325315549046366,55475.97876770362,55506.51809374919,29.728470881573248,55483.1484375,-7.659396763369836e-05,1
2025-08-05 04:41:00+00:00,55483.1484375,55486.3515625,55468.8984375,55486.3515625,0.0,50.12947252048132,-7.870709000795614,-14.634394239396215,55476.66159339852,55505.601636641375,28.92643724717516,55487.69921875,8.202096272756242e-05,1
2025-08-05 04:42:00+00:00,55487.69921875,55497.6015625,55481.44921875,55484.5,0.0,51.31507598528866,-6.18214818607521,-12.943945028732015,55477.71279581294,55504.89958103779,28.014001997376933,55466.8515625,-0.00037571671818310517,1
2025-08-05 04:43:00+00:00,55466.8515625,55489.3515625,55462.80078125,55486.44921875,0.0,45.928267648265006,-6.451810745071271,-11.645518171999868,55476.67839264028,55503.40750187945,27.909486229707152,55481.30078125,0.0002605018735148259,1
2025-08-05 04:44:00+00:00,55481.30078125,55484.55078125,55452.6015625,55466.05078125,0.0,49.857136153105806,-5.436915690217575,-10.40379767564341,55477.11862012692,55502.54057165869,28.198038552585214,55467.30078125,-0.00025233727044718683,1
2025-08-05 04:45:00+00:00,55467.30078125,55480.94921875,55452.8984375,55480.94921875,0.0,46.343518004888296,-5.696619955611823,-9.462362131637091,55476.18358785293,55501.15861909364,28.212631780971986,55458.3515625,-0.00016134224351917927,1
2025-08-05 04:46:00+00:00,55458.3515625,55473.0,55455.8515625,55465.3984375,0.0,44.1992272122838,-6.549071004497819,-8.879703906209238,55474.48529972408,55499.47991099193,27.422332189473984,55473.6484375,0.00027582635561680647,1
2025-08-05 04:47:00+00:00,55473.6484375,55482.19921875,55451.5,55454.55078125,0.0,48.57886893699841,-5.922048937340151,-8.28817291243542,55474.40559855988,55498.466912031465,27.65639551522584,55481.44921875,0.00014062138456223655,1
2025-08-05 04:48:00+00:00,55481.44921875,55486.44921875,55469.5,55474.1484375,0.0,50.70373918154596,-4.741020050678344,-7.578742340084005,55475.07641953036,55497.79955151063,26.891597174852567,55483.3515625,3.4287924644857716e-05,1
2025-08-05 04:49:00+00:00,55483.3515625,55504.94921875,55394.1484375,55482.0,0.0,51.23297910201661,-3.609929882491997,-6.784979848565604,55475.86452838461,55497.23296370629,32.885110323077384,55477.55078125,-0.00010454994312060671,1
2025-08-05 04:50:00+00:00,55477.55078125,55487.30078125,55464.1484375,55487.30078125,0.0,49.488269852911024,-3.145349709324364,-6.057053820717356,55476.0251238956,55496.46111341389,32.189912710714715,55485.94921875,0.0001513844317517791,1
2025-08-05 04:51:00+00:00,55485.94921875,55488.8984375,55469.0,55479.94921875,0.0,52.03506494210887,-2.0755571268164204,-5.260754481937169,55476.9702757865,55496.0488822506,31.311950195663663,55481.6015625,-7.835598581651055e-05,1
2025-08-05 04:52:00+00:00,55481.6015625,55492.3515625,55477.19921875,55487.1484375,0.0,50.61240812715028,-1.5605690536103791,-4.520717396271811,55477.4113507116,55495.48232069175,30.157692592401972,55489.5,0.00014236138246842808,1
2025-08-05 04:53:00+00:00,55489.5,55492.6484375,55480.55078125,55480.55078125,0.0,53.12002996569066,-0.509229320428858,-3.718419781103221,55478.56265064383,55495.24771988031,28.867689996516123,55499.6015625,0.00018204457600086503,1
2025-08-05 04:54:00+00:00,55499.6015625,55506.19921875,55485.3515625,55487.5,0.0,56.184161290773694,1.1260957334379782,-2.749516678194982,55480.566356534895,55495.41845880658,28.294830443193543,55478.75,-0.00037570652604628776,1
2025-08-05 04:55:00+00:00,55478.75,55499.94921875,55464.1015625,55498.44921875,0.0,49.05643855894455,0.7311278043198399,-2.0533877816920176,55480.39337019824,55494.76479375533,28.834318000822577,55484.8515625,0.00010998017258860374,1
2025-08-05 04:56:00+00:00,55484.8515625,55484.8515625,55469.75,55480.30078125,0.0,51.01478297980532,0.9000823863025289,-1.4626937480931084,55480.81795994127,55494.37603958846,27.853406893620964,55461.25,-0.0004253694807746653,1
2025-08-05 04:57:00+00:00,55461.25,55483.25,55455.8515625,55481.3515625,0.0,43.97317321659227,-0.8605488658431568,-1.3422647716431182,55478.95434470876,55493.07697921244,27.935306401219467,55461.75,9.015303477653317e-06,1
2025-08-05 04:58:00+00:00,55461.75,55475.94921875,55442.05078125,55461.05078125,0.0,44.149054801025,-2.190267950958514,-1.5118654075061977,55477.31583568888,55491.84847022372,28.36124433684665,55450.6015625,-0.00020101128255058668,1
2025-08-05 04:59:00+00:00,55450.6015625,55467.8515625,55442.1015625,55462.44921875,0.0,41.05439653109477,-4.096444380018511,-2.0287812020086604,55474.771619194704,55490.23094443064,28.174726884214746,55414.6484375,-0.0006483811534393577,1
2025-08-05 05:00:00+00:00,55414.6484375,55454.6015625,55411.6484375,55450.94921875,0.0,33.016690001753986,-8.41125987994019,-3.305276937594966,55469.04560189045,55487.26692455101,29.230326749627977,55399.94921875,-0.0002652587206535952,1
2025-08-05 05:01:00+00:00,55399.94921875,55413.55078125,55383.1015625,55413.3515625,0.0,30.396469123394112,-12.868545771561912,-5.217930704388356,55462.46499397231,55483.8427007941,29.39579448179741,55397.44921875,-4.512639515477895e-05,1
2025-08-05 05:02:00+00:00,55397.44921875,55409.05078125,55386.30078125,55403.05078125,0.0,29.960966644980616,-16.413501432842168,-7.457044850079118,55456.27301537971,55480.45472110609,28.921094875954733,55404.44921875,0.00012635960858700977,1
2025-08-05 05:03:00+00:00,55404.44921875,55412.19921875,55398.25,55400.55078125,0.0,32.86152546174273,-18.445435339170217,-9.65472294789734,55451.33741570069,55477.47411317056,27.90887381338654,55414.3515625,0.00017872831315230987,1
2025-08-05 05:04:00+00:00,55414.3515625,55418.75,55398.25,55405.75,0.0,36.84596531951886,-19.0372714015175,-11.531232638621372,55447.8149534911,55474.99871902662,27.379668541001788,55436.6015625,0.00040152053344709747,1
2025-08-05 05:05:00+00:00,55436.6015625,55440.44921875,55399.75,55416.05078125,0.0,44.7764036583203,-17.509082887387194,-12.726802688374535,55446.74701149194,55473.49294818244,28.331064984501666,55437.25,1.1696920116377309e-05,1
2025-08-05 05:06:00+00:00,55437.25,55444.1015625,55422.1484375,55442.0,0.0,44.9931917031216,-16.0605232778762,-13.393546806274871,55445.84253420699,55472.07165609685,27.875497842751543,55417.1015625,-0.000363445832901163,1
2025-08-05 05:07:00+00:00,55417.1015625,55440.80078125,55411.8984375,55438.3515625,0.0,39.769062291660624,-16.34986876014591,-13.98481119704908,55443.10529880632,55469.91596615188,27.94884397898357,55461.25,0.0007966572818718951,1
2025-08-05 05:08:00+00:00,55461.25,55468.5,55417.3984375,55420.6015625,0.0,52.72238845545371,-12.868427969784534,-13.76153455159617,55444.83336558667,55469.576124342,29.623814944770466,55470.30078125,0.00016319107935720885,1
2025-08-05 05:09:00+00:00,55470.30078125,55479.94921875,55455.3515625,55456.8515625,0.0,54.86541026068221,-9.272155023259984,-12.863658645928933,55447.25883374508,55469.60454225996,29.26480360942972,55438.3984375,-0.0005751247658780244,1
2025-08-05 05:10:00+00:00,55438.3984375,55471.0,55432.8984375,55470.6484375,0.0,46.81089811385032,-8.893812985123077,-12.06968951376776,55446.41498648364,55468.380773445846,29.89600067304188,55429.8984375,-0.00015332333255591263,1
2025-08-05 05:11:00+00:00,55429.8984375,55441.25,55426.0,55441.25,0.0,44.91877440848376,-9.174099844298324,-11.490571579873876,55444.841981818536,55466.87166223229,28.8498577678246,55407.05078125,-0.0004121901156965294,1
2025-08-05 05:12:00+00:00,55407.05078125,55438.5,55391.8515625,55438.5,0.0,40.2135302193113,-11.111754721496254,-11.414808208198352,55441.24281985962,55464.52574533103,30.12118489155141,55413.44921875,0.0001154805644729472,1
2025-08-05 05:13:00+00:00,55413.44921875,55424.19921875,55402.05078125,55406.6015625,0.0,42.04443750785709,-11.992814044409895,-11.530409375440662,55438.59581023014,55462.52274428863,29.551702935012027,55436.6015625,0.00041781091190703297,1
2025-08-05 05:14:00+00:00,55436.6015625,55438.6484375,55411.8515625,55414.80078125,0.0,48.22323636145703,-10.699521829657897,-11.36423186628411,55438.40588187489,55461.50622735575,29.354929511082595,55422.94921875,-0.00024626949281167886,1
2025-08-05 05:15:00+00:00,55422.94921875,55437.80078125,55411.1015625,55437.80078125,0.0,45.165416562358416,-10.653402680451109,-11.22206602911751,55436.933818720136,55459.994187802586,29.16523588529098,55445.94921875,0.00041499054677189437,1
2025-08-05 05:16:00+00:00,55445.94921875,55448.1484375,55427.25,55428.25,0.0,50.822905407940695,-8.661105310777202,-10.709873885449449,55437.79242824679,55459.44340470248,28.88194894705591,55421.8515625,-0.00043461527108009117,1
2025-08-05 05:17:00+00:00,55421.8515625,55449.30078125,55415.69921875,55449.30078125,0.0,45.523398239588914,-8.923806670027261,-10.352660442365012,55436.27425055662,55457.9692148122,29.219064200837632,55432.69921875,0.00019572886766092514,1
2025-08-05 05:18:00+00:00,55432.69921875,55436.1484375,55418.94921875,55428.44921875,0.0,48.14468804928478,-8.162590921063384,-9.914646538104687,55435.93377133695,55456.97823457446,28.360503811492087,55436.80078125,7.399175139955398e-05,1
2025-08-05 05:19:00+00:00,55436.80078125,55440.5,55425.5,55436.80078125,0.0,49.14117013878363,-7.1459856656438205,-9.360914363612515,55436.01634370962,55456.18696189507,27.40618211067122,55436.0,-1.444493980018491e-05,1
2025-08-05 05:20:00+00:00,55436.0,55448.6015625,55431.6484375,55442.0,0.0,48.94341863609174,-6.331944318357273,-8.755120354561468,55436.01478716585,55455.39531633056,26.659535174194705,55432.19921875,-6.856160707843278e-05,1
2025-08-05 05:21:00+00:00,55432.19921875,55438.55078125,55421.69921875,55436.0,0.0,47.956980637177885,-5.925199951467221,-8.18913627394262,55435.65139969767,55454.485665445056,25.95896569746651,55432.8515625,1.176831803886547e-05,1
2025-08-05 05:22:00+00:00,55432.8515625,55440.1484375,55428.55078125,55433.19921875,0.0,48.15013806392399,-5.486963126109913,-7.648701644376079,55435.38474853599,55453.63726925113,24.933157879790333,55435.0,3.875747755061198e-05,1
2025-08-05 05:23:00+00:00,55435.0,55445.8515625,55422.1015625,55438.3515625,0.0,48.82380896215055,-4.90970036406361,-7.100901388313585,55435.34810581827,55452.90639594717,24.84864660266245,55436.94921875,3.516223955984486e-05,1
2025-08-05 05:24:00+00:00,55436.94921875,55447.6015625,55431.80078125,55435.8515625,0.0,49.465331827556575,-4.245984734385274,-6.529918057527923,55435.50059276416,55452.28062429238,24.202370506043707,55424.6484375,-0.0002218877738286436,1
2025-08-05 05:25:00+00:00,55424.6484375,55442.19921875,55416.94921875,55437.05078125,0.0,45.58208359695143,-4.658851224121463,-6.155704690846632,55434.467054167566,55451.19700912406,24.277201184183443,55428.30078125,6.589746354672131e-05,1
2025-08-05 05:26:00+00:00,55428.30078125,55431.1484375,55420.1484375,55424.1015625,0.0,46.91466103115134,-4.637874742023996,-5.852138701082104,55433.87979008017,55450.29911783488,23.32882967102748,55429.30078125,1.8041325205810295e-05,1
2025-08-05 05:27:00+00:00,55429.30078125,55439.25,55418.30078125,55434.1484375,0.0,47.29521271524424,-4.488814823089342,-5.579473925483552,55433.44369400111,55449.475653655085,23.15885746238266,55415.8984375,-0.00024179167987148042,1
2025-08-05 05:28:00+00:00,55415.8984375,55433.05078125,55409.55078125,55429.80078125,0.0,42.86053487273314,-5.390008236201538,-5.54158078762715,55431.772717191474,55448.15890008038,23.183224786498183,55426.19921875,0.0001858813362309299,1
2025-08-05 05:29:00+00:00,55426.19921875,55432.8515625,55411.0,55419.1015625,0.0,46.97575860846865,-5.212932112721319,-5.475851052645984,55431.2419078161,55447.29773610664,23.08810605174832,55420.25,-0.00010733585982542806,1
2025-08-05 05:30:00+00:00,55420.25,55426.55078125,55411.5,55426.55078125,0.0,44.961689536461954,-5.489372177085897,-5.478555277533967,55430.19505945266,55446.23704057305,22.514011423052008,55415.94921875,-7.760306476423329e-05,1
2025-08-05 05:31:00+00:00,55415.94921875,55432.69921875,55411.05078125,55418.3515625,0.0,43.50939176984927,-5.986481590174662,-5.580140540062106,55428.83831271908,55445.049282854496,22.45218471426258,55431.6484375,0.000283297840627589,1
2025-08-05 05:32:00+00:00,55431.6484375,55432.80078125,55409.6015625,55417.19921875,0.0,49.87425736937181,-5.055373434159264,-5.4751871188815375,55429.10594365059,55444.52375950726,22.505544288243826,55438.75,0.00012811386094727304,1
2025-08-05 05:33:00+00:00,55438.75,55445.19921875,55430.1015625,55432.05078125,0.0,52.48238122651119,-3.701755238595069,-5.120500742824245,55430.02442520768,55444.2973375658,21.976409428369266,55427.1484375,-0.000209268111203806,1
2025-08-05 05:34:00+00:00,55427.1484375,55437.25,55415.3984375,55436.3515625,0.0,48.08100788632037,-3.5245236866467167,-4.801305331588739,55429.75052161647,55443.62483168086,22.074634647771457,55428.3984375,2.2552125361626855e-05,1
2025-08-05 05:35:00+00:00,55428.3984375,55428.80078125,55415.6484375,55426.1015625,0.0,48.58135741692989,-3.245786445811973,-4.490201554433385,55429.621751700615,55443.02771818358,21.43732815507349,55412.8515625,-0.0002804857336358069,1
2025-08-05 05:36:00+00:00,55412.8515625,55427.6015625,55409.1484375,55427.6015625,0.0,43.02731415544025,-4.230620101043314,-4.438285263755372,55428.02459082437,55441.84433952932,21.281090429711103,55404.6015625,-0.00014888243011090753,1
2025-08-05 05:37:00+00:00,55404.6015625,55416.6484375,55400.3515625,55413.30078125,0.0,40.38859092839458,-5.612120883910393,-4.6730523877863765,55425.79382622204,55440.38383846935,20.9250750418746,55377.94921875,-0.0004810492810770315,1
2025-08-05 05:38:00+00:00,55377.94921875,55405.30078125,55370.19921875,55405.30078125,0.0,33.2865317069996,-8.756650390329014,-5.489771988294905,55421.23719693899,55437.935422009774,21.93768128888356,55379.3984375,2.6169599460525347e-05,1
2025-08-05 05:39:00+00:00,55379.3984375,55393.75,55372.25,55376.0,0.0,33.966475924280445,-11.0049150276609,-6.592800596168104,55417.252553182894,55435.639853989785,21.90641833967759,55405.55078125,0.000472239578035774,1
2025-08-05 05:40:00+00:00,55405.55078125,55410.19921875,55370.8515625,55379.80078125,0.0,44.88346818348127,-10.554736936930569,-7.385187864320597,55416.1380987131,55434.45989035293,23.152221047557763,55410.8984375,9.651842052998272e-05,1
2025-08-05 05:41:00+00:00,55410.8984375,55415.25,55401.69921875,55413.69921875,0.0,46.81956883585472,-9.655157741217408,-7.83918183969996,55415.63908335947,55433.53591180968,22.46640391916078,55440.80078125,0.0005396473364121312,1
2025-08-05 05:42:00+00:00,55440.80078125,55440.80078125,55404.8515625,55410.30078125,0.0,56.104743377286105,-6.454956787412812,-7.562336829242531,55418.035435539525,55433.82080865048,23.429462121363574,55444.1484375,6.0382537820993604e-05,1
2025-08-05 05:43:00+00:00,55444.1484375,55449.0,55427.44921875,55440.5,0.0,57.00970253310922,-3.607066575314093,-6.771282778456843,55420.52238810719,55434.2258137034,23.295270630551894,55456.8515625,0.00022911570216142344,1
2025-08-05 05:44:00+00:00,55456.8515625,55462.30078125,55440.5,55443.94921875,0.0,60.35016905971697,-0.321352687482431,-5.481296760261961,55423.98230947793,55435.11309796993,23.1885213890839,55424.30078125,-0.0005869568923023911,1
2025-08-05 05:45:00+00:00,55424.30078125,55460.1484375,55423.6484375,55460.1484375,0.0,49.694503964323694,-0.3400568045617547,-4.45304876912192,55424.01264012289,55434.68908554954,24.13934128986362,55437.05078125,0.0002300434975322831,1
2025-08-05 05:46:00+00:00,55437.05078125,55441.44921875,55416.6484375,55425.6015625,0.0,53.18151169187657,0.6662582809731248,-3.429187359102911,55425.25436784928,55434.7817010672,24.18658700130193,55423.30078125,-0.0002480290673155821,1
2025-08-05 05:47:00+00:00,55423.30078125,55437.05078125,55413.6015625,55437.05078125,0.0,49.21919505692176,0.350222997200035,-2.673305287842322,55425.06831198268,55434.33146891751,24.133917840494654,55428.94921875,0.00010191449120458912,1
2025-08-05 05:48:00+00:00,55428.94921875,55431.6015625,55419.3984375,55424.8515625,0.0,50.83956626776715,0.5492134672167595,-2.028801536830505,55425.437922151,55434.12040028349,23.281718351887893,55456.1484375,0.0004907042102252102,1
2025-08-05 05:49:00+00:00,55456.1484375,55457.1015625,55422.3515625,55430.1015625,0.0,57.81933655424972,2.8685970865553827,-1.049321812153328,55428.362733136615,55434.98424488022,24.100881326753044,55446.8515625,-0.00016764371962250016,1
2025-08-05 05:50:00+00:00,55446.8515625,55458.30078125,55437.8515625,55449.8515625,0.0,54.94763267210669,3.911456365662161,-0.0571661765902302,55430.12357402836,55435.44962988492,23.8400482855564,55439.94921875,-0.00012448576529579212,1
2025-08-05 05:51:00+00:00,55439.94921875,55456.69921875,55439.94921875,55446.3984375,0.0,52.848948078255845,4.133322038862389,0.7809314665002935,55431.05934971613,55435.62608435022,23.333616265159517,55442.30078125,4.241638986214462e-05,1
2025-08-05 05:52:00+00:00,55442.30078125,55448.8515625,55429.19921875,55440.5,0.0,53.50056224085325,4.447634067277249,1.5142719866556849,55432.12996224317,55435.887837169816,23.070668228362404,55442.8515625,9.934314453744105e-06,1
2025-08-05 05:53:00+00:00,55442.8515625,55446.44921875,55432.1484375,55439.8984375,0.0,53.66208840889935,4.687141607289959,2.14884591078254,55433.15106702954,55436.16092443767,22.444247729907943,55464.1484375,0.00038412300954600634,1
2025-08-05 05:54:00+00:00,55464.1484375,55464.30078125,55439.55078125,55444.8515625,0.0,59.517812181113385,6.520271257075365,3.023130980041105,55436.10319755053,55437.25847396953,22.608944320628808,55461.69921875,-4.415859287481736e-05,1
2025-08-05 05:55:00+00:00,55461.69921875,55476.0,55460.30078125,55466.8515625,0.0,58.60065665975173,7.686799586605048,3.9558647013538937,55438.54091385525,55438.21693454916,22.11539249415532,55449.94921875,-0.00021185791574210666,1
2025-08-05 05:56:00+00:00,55449.94921875,55465.69921875,55441.94921875,55465.69921875,0.0,54.27925274575382,7.575825490515854,4.679856859186286,55439.62741908332,55438.67702412566,22.232150173144223,55452.3515625,4.3324543734436186e-05,1
2025-08-05 05:57:00+00:00,55452.3515625,55458.6015625,55444.25,55453.25,0.0,55.00975689233868,7.594185737281805,5.26272263480539,55440.839242265865,55439.2132805325,21.66925105363392,55457.80078125,9.826848810655432e-05,1
2025-08-05 05:58:00+00:00,55457.80078125,55466.44921875,55448.44921875,55452.3515625,0.0,56.699744798861325,7.956722631613957,5.801522634167103,55442.45462693102,55439.94220212926,21.407161692660072,55454.05078125,-6.761898140879499e-05,1
2025-08-05 05:59:00+00:00,55454.05078125,55463.30078125,55443.0,55463.30078125,0.0,55.16405620706658,7.8509413080100785,6.211406368935698,55443.55902258045,55440.49547974185,21.328134518184356,55437.1015625,-0.0003056443760413411,1
2025-08-05 06:00:00+00:00,55437.1015625,55457.8515625,55436.30078125,55457.8515625,0.0,48.738675340469726,6.32652035580395,6.234429166309349,55442.94402638231,55440.36238494805,21.344037856171184,55430.55078125,-0.00011816601274896423,1
2025-08-05 06:01:00+00:00,55430.55078125,55441.6484375,55421.6484375,55438.8984375,0.0,46.485038298319765,4.537506913417019,5.895044715730884,55441.763717322094,55439.97761617558,21.24803515215896,55432.94921875,4.3269234496065986e-05,1
2025-08-05 06:02:00+00:00,55432.94921875,55447.44921875,55429.6015625,55431.6015625,0.0,47.44324409366054,3.275477072071226,5.371131186998952,55440.92424126761,55439.70199274713,21.00515094486189,55417.3515625,-0.00028137879131143444,1
2025-08-05 06:03:00+00:00,55417.3515625,55438.25,55417.0,55436.94921875,0.0,42.15676549245553,1.005122400682012,4.4979294297355645,55438.67922424212,55438.825505286455,21.02264016308604,55412.6484375,-8.486737217486456e-05,1
2025-08-05 06:04:00+00:00,55412.6484375,55426.75,55409.05078125,55422.30078125,0.0,40.6846740047688,-1.1602779532695422,3.3662879531345435,55436.200101695256,55437.79895360856,20.78525291929418,55429.19921875,0.0002986823715648179,1
2025-08-05 06:05:00+00:00,55429.19921875,55434.55078125,55411.1015625,55411.1015625,0.0,47.61693754627198,-1.5233039091690443,2.388369580673826,55435.53335093856,55437.461709104304,20.975536192916024,55437.05078125,0.00014165029642614893,1
2025-08-05 06:06:00+00:00,55437.05078125,55443.8984375,55423.6484375,55431.8515625,0.0,50.56838605187502,-1.1640308955902583,1.6778894854210091,55435.67786811108,55437.44559428649,20.92371217913631,55445.6015625,0.00015424307623687763,1
2025-08-05 06:07:00+00:00,55445.6015625,55447.80078125,55421.5,55438.5,0.0,53.632417156036496,-0.187170276461984,1.3048775330444105,55436.622981862405,55437.765436177215,21.30778854134086,55440.6015625,-9.017847870879072e-05,1
2025-08-05 06:08:00+00:00,55440.6015625,55450.69921875,55434.80078125,55442.3984375,0.0,51.6176025080054,0.1814489582029637,1.080191818076121,55437.00189430408,55437.87665681732,20.92140632410223,55432.5,-0.00014613049410848914,1
2025-08-05 06:09:00+00:00,55432.5,55443.6015625,55424.5,55438.1484375,0.0,48.44208835819325,-0.1780930825407267,0.8285348379527515,55436.5731424656,55437.66580753037,20.791417479523496,55443.94921875,0.00020654343120010823,1
2025-08-05 06:10:00+00:00,55443.94921875,55446.8984375,55432.0,55432.55078125,0.0,52.85610005301786,0.455571977647196,0.7539422658916405,55437.275625921255,55437.91221581349,20.370490338128963,55451.5,0.0001361876517888174,1
2025-08-05 06:11:00+00:00,55451.5,55458.5,55442.25,55447.44921875,0.0,55.55837075410502,1.5491830279061105,0.9129904182945344,55438.63032821447,55438.44507009532,20.07616959969118,55458.69921875,0.00012982910741819427,1
2025-08-05 06:12:00+00:00,55458.69921875,55464.80078125,55447.1484375,55452.8515625,0.0,58.02858768416908,2.962642947306449,1.3229209240969175,55440.54165112261,55439.23935043472,19.90303918185609,55453.05078125,-0.00010184944074725653,1
2025-08-05 06:13:00+00:00,55453.05078125,55463.0,55438.94921875,55463.0,0.0,55.4255367238194,3.5857046454475494,1.775477668367044,55441.73299684903,55439.78097517257,20.1993064724378,55463.80078125,0.00019385768408678486,1
2025-08-05 06:14:00+00:00,55463.80078125,55467.05078125,55444.0,55453.05078125,0.0,59.17865934191977,4.890545524096524,2.39849123951294,55443.8346906015,55440.72292835208,20.402983242263677,55447.5,-0.0002938994627196666,1
2025-08-05 06:15:00+00:00,55447.5,55467.6015625,55447.1015625,55465.25,0.0,52.02536051639755,4.556776819066727,2.830148355423697,55444.18376768707,55440.98869586769,20.40991301067341,55456.6484375,0.00016499278596870915,1
2025-08-05 06:16:00+00:00,55456.6484375,55464.25,55432.75,55446.75,0.0,55.29163881774569,4.97313792687055,3.258746269713068,55445.37087909783,55441.60280338268,21.202062081339594,55459.19921875,4.5995950384104926e-05,1
2025-08-05 06:17:00+00:00,55459.19921875,55463.3984375,55446.6015625,55462.8984375,0.0,56.18731759376086,5.446153960874653,3.6962278079453856,55446.687863826606,55442.29285888729,20.88740586124391,55450.0,-0.00016587363105830547,1
2025-08-05 06:18:00+00:00,55450.0,55461.55078125,55442.8515625,55455.1484375,0.0,52.13108621703837,5.020845324143011,3.961151311184911,55447.00330536693,55442.59509971524,20.731106781869347,55452.3515625,4.2408701532912536e-05,1
2025-08-05 06:19:00+00:00,55452.3515625,55457.44921875,55445.75,55457.44921875,0.0,53.063872053838544,4.817997727579495,4.132520594463828,55447.51266318913,55442.97770609896,20.08597192245011,55451.80078125,-9.932513851630221e-06,1
2025-08-05 06:20:00+00:00,55451.80078125,55456.55078125,55446.0,55452.75,0.0,52.80433150178155,4.560228625108721,4.218062200592807,55447.921055385406,55443.32370904606,19.40488687441796,55451.30078125,-9.016839723067492e-06,1
2025-08-05 06:21:00+00:00,55451.30078125,55457.19921875,55436.75,55456.75,0.0,52.55303892374315,4.26641831832967,4.22773342414018,55448.24293403918,55443.636535407,19.47948200838811,55439.94921875,-0.0002047122851956316,1
2025-08-05 06:22:00+00:00,55439.94921875,55459.05078125,55429.44921875,55456.19921875,0.0,47.07561404297053,3.0820671569672413,3.998600170705592,55447.4530563926,55443.49193475378,20.20248775778896,55429.19921875,-0.0001939034965126611,1
2025-08-05 06:23:00+00:00,55429.19921875,55441.3984375,55424.1015625,55439.3515625,0.0,42.5524657216943,1.2614835729182232,3.4511768511481185,55445.71459566473,55442.93143608697,19.99494398937546,55435.5,0.00011367260106237722,1
2025-08-05 06:24:00+00:00,55435.5,55449.8515625,55428.3515625,55429.55078125,0.0,45.83731639084419,0.3233509663405129,2.825611674186597,55444.74177703,55442.64000722081,20.102447990134355,55431.55078125,-7.123988689558135e-05,1
2025-08-05 06:25:00+00:00,55431.55078125,55442.3984375,55420.55078125,55435.69921875,0.0,44.13391059487427,-0.730375517050561,2.114414235939166,55443.48549171761,55442.20513561411,20.2271057229819,55439.25,0.00013889596523076708,1
2025-08-05 06:26:00+00:00,55439.25,55439.25,55423.80078125,55432.1015625,0.0,48.177244354940456,-0.9334386391710724,1.5048436609171183,55443.08211155403,55442.08924794297,19.88582808205462,55429.8984375,-0.00016868125921616904,1
2025-08-05 06:27:00+00:00,55429.8984375,55440.1015625,55409.8984375,55440.1015625,0.0,44.01073688107263,-1.8278897902491733,0.83829697068386,55441.82652354889,55441.61117694521,20.62277786190786,55422.6484375,-0.00013079583770435265,1
2025-08-05 06:28:00+00:00,55422.6484375,55432.8984375,55414.19921875,55424.94921875,0.0,41.04693319808512,-3.0861875320842955,0.0534000701302288,55440.00003916328,55440.86754010423,20.48538078248587,55421.1015625,-2.7910521124669955e-05,1
2025-08-05 06:29:00+00:00,55421.1015625,55431.3515625,55416.30078125,55422.19921875,0.0,40.42146569857883,-4.160260548822407,-0.7893320536602985,55438.20018424297,55440.0924037276,20.09719510159402,55426.25,9.289670098299933e-05,1
2025-08-05 06:30:00+00:00,55426.25,55435.69921875,55421.0,55421.05078125,0.0,43.50695419243397,-4.543658803544531,-1.540197403637145,55437.06207145792,55439.54956436573,19.711625362194447,55422.6484375,-6.49793644708058e-05,1
2025-08-05 06:31:00+00:00,55422.6484375,55436.94921875,55422.6484375,55429.19921875,0.0,41.873258844791685,-5.079566595100914,-2.2480712419298987,55435.68934441431,55438.88677507688,19.3251364970377,55438.8515625,0.00029235566066952267,1
2025-08-05 06:32:00+00:00,55438.8515625,55442.05078125,55420.6015625,55425.3984375,0.0,50.82049769484197,-4.148993593094929,-2.628255712162905,55435.99050804151,55438.88539419152,19.476856657963577,55431.6484375,-0.00012992918859221724,1
2025-08-05 06:33:00+00:00,55431.6484375,55447.44921875,55427.80078125,55447.44921875,0.0,47.332476342301895,-3.947238465108967,-2.892052262752117,55435.57697751375,55438.60159196833,19.48911243239475,55433.44921875,3.248651809499058e-05,1
2025-08-05 06:34:00+00:00,55433.44921875,55438.19921875,55427.25,55435.94921875,0.0,48.2880319802179,-3.600533368073229,-3.03374848381634,55435.37433382196,55438.399538116624,18.87912002650941,55436.6484375,5.771278524227003e-05,1
2025-08-05 06:35:00+00:00,55436.6484375,55438.19921875,55419.5,55434.25,0.0,50.02284344396988,-3.0326582679263083,-3.033530440638334,55435.49567702939,55438.330867504206,18.86626993533017,55445.80078125,0.0001650955461407172,1
2025-08-05 06:36:00+00:00,55445.80078125,55445.80078125,55430.8515625,55433.05078125,0.0,54.704400292188026,-1.8230801750105456,-2.7914403875127767,55436.47711552659,55438.62380529816,18.586480564949447,55435.25,-0.00019028999674160964,1
2025-08-05 06:37:00+00:00,55435.25,55447.0,55428.55078125,55439.8515625,0.0,49.00538828963149,-1.6962869520721142,-2.5724097004246445,55436.3602473812,55438.49149920804,18.57667614959592,55437.5,4.058789308247009e-05,1
2025-08-05 06:38:00+00:00,55437.5,55438.94921875,55425.8984375,55435.19921875,0.0,50.1969481083168,-1.3981294474651804,-2.3375536498327514,55436.46879524966,55438.45261688616,18.181969371053352,55434.0,-6.313416009019165e-05,1
2025-08-05 06:39:00+00:00,55434.0,55438.6015625,55424.80078125,55436.8515625,0.0,48.306070240676966,-1.427799443023105,-2.1556028084708223,55436.23367189255,55438.27800445925,17.869027362406683,55459.6015625,0.0004618386279178843,1
2025-08-05 06:40:00+00:00,55459.6015625,55459.6015625,55432.5,55437.55078125,0.0,60.1353274898587,0.6075159387255553,-1.6029790590315467,55438.45918528374,55439.11422242164,18.528494157949066,55494.94921875,0.0006373586404180183,1
2025-08-05 06:41:00+00:00,55494.94921875,55499.3984375,55461.3515625,55464.1015625,0.0,70.25576984491302,5.014969047631894,-0.2793894376988586,55443.83918847101,55441.30383012079,20.04766421809556,55505.1015625,0.00018294176123995518,1
2025-08-05 06:42:00+00:00,55505.1015625,55520.30078125,55494.05078125,55500.0,0.0,72.42135189437047,9.2208247563467,1.6206534011102534,55449.673700283296,55443.8057019788,20.490688202517305,55495.69921875,-0.0001693960282085557,1
2025-08-05 06:43:00+00:00,55495.69921875,55507.75,55491.94921875,55507.75,0.0,67.5184956294998,11.66088571324508,3.6286998635372183,55454.05708299441,55445.840741852175,20.155694848766068,55492.55078125,-5.673299993193448e-05,1
2025-08-05 06:44:00+00:00,55492.55078125,55499.6484375,55489.6015625,55495.44921875,0.0,65.90943012176602,13.188569389298207,5.540673768689418,55457.72314949495,55447.67250810308,19.43363628813992,55487.19921875,-9.643749340511849e-05,1
2025-08-05 06:45:00+00:00,55487.19921875,55496.05078125,55481.3515625,55496.05078125,0.0,63.154409490284856,13.808270196575904,7.194193054266716,55460.5303941859,55449.22257518727,19.09546360684421,55486.1484375,-1.8937363298108663e-05,1
2025-08-05 06:46:00+00:00,55486.1484375,55497.19921875,55484.0,55491.25,0.0,62.60109047728085,14.052608561862144,8.565876155785801,55462.970207834864,55450.67064821914,18.674303259926766,55486.80078125,1.1756875695468477e-05,1
2025-08-05 06:47:00+00:00,55486.80078125,55492.1015625,55481.75,55488.94921875,0.0,62.818883127988045,14.135936884391413,9.679888301506924,55465.23978625535,55452.08751618114,18.07982177707485,55483.19921875,-6.490845479087404e-05,1
2025-08-05 06:48:00+00:00,55483.19921875,55491.0,55479.3515625,55486.8515625,0.0,60.71660161961479,13.752825178286002,10.49447567686274,55466.9502083977,55453.30758294855,17.620437185855224,55506.8984375,0.0004271422535777476,1
2025-08-05 06:49:00+00:00,55506.8984375,55518.94921875,55483.55078125,55485.5,0.0,68.2469331174404,15.186475050388252,11.432875551567845,55470.75480164554,55455.40918508783,18.915405958294137,55494.0,-0.00023237539590729363,1
2025-08-05 06:50:00+00:00,55494.0,55510.55078125,55487.3984375,55506.8984375,0.0,61.35354883633577,15.107704579240815,12.16784135710244,55472.96863006025,55456.9225503785,19.21804437198741,55506.75,0.00022975456806141205,1
2025-08-05 06:51:00+00:00,55506.75,55509.6484375,55476.8984375,55498.05078125,0.0,65.1055539569352,15.89091626618756,12.912456338919464,55476.18590338784,55458.87656801072,20.18461263113117,55505.94921875,-1.4426736387916786e-05,1
2025-08-05 06:52:00+00:00,55505.94921875,55509.55078125,55497.0,55508.3515625,0.0,64.68081929012988,16.25957060763176,13.581879192661924,55479.02050485091,55460.72255431422,19.63933896105037,55494.6484375,-0.00020359585610298109,1
2025-08-05 06:53:00+00:00,55494.6484375,55507.8984375,55483.6484375,55507.8984375,0.0,58.84638545483612,15.461621281312546,13.957827610392048,55480.50887938892,55462.05298110582,19.96867189240392,55502.30078125,0.0001378933638730649,1
2025-08-05 06:54:00+00:00,55502.30078125,55504.1484375,55494.19921875,55500.30078125,0.0,61.38638892790731,15.270689871453214,14.220400062604282,55482.58429861378,55463.63132620952,19.252996667946498,55488.19921875,-0.00025407167453432567,1
2025-08-05 06:55:00+00:00,55488.19921875,55505.1015625,55483.0,55504.5,0.0,54.68792504613958,13.82216381105536,14.1407528122945,55483.11905291247,55464.59477297581,19.45646565595032,55489.3515625,2.0767366146757414e-05,1
2025-08-05 06:56:00+00:00,55489.3515625,55496.19921875,55472.30078125,55494.25,0.0,55.11891385105925,12.621686042250076,13.836939458285617,55483.71262525414,55465.56562746696,19.77374935909673,55497.80078125,0.0001522673902664602,1
2025-08-05 06:57:00+00:00,55497.80078125,55505.8515625,55484.3984375,55496.75,0.0,58.25424586606192,12.2113156559426,13.511814697817012,55485.054354396605,55466.82975114473,19.89370476201839,55489.3515625,-0.00015224420843815812,1
2025-08-05 06:58:00+00:00,55489.3515625,55504.05078125,55481.8515625,55500.19921875,0.0,54.17828404248563,11.076628351511316,13.024777428555874,55485.463612311214,55467.71295943317,20.058384332588503,55492.25,5.2234120932831005e-05,1
2025-08-05 06:59:00+00:00,55492.25,55496.05078125,55479.6015625,55491.94921875,0.0,55.332860592423046,10.292613331206669,12.478344609086031,55486.10993494824,55468.67519631815,19.800586790975043,55482.6484375,-0.00017302528731489534,1
2025-08-05 07:00:00+00:00,55482.6484375,55496.3984375,55481.5,55495.25,0.0,50.769190140415375,8.795125200420443,11.741700727352915,55485.7802685246,55469.22316656057,19.45043327019111,55472.5,-0.00018291191545104403,1
2025-08-05 07:01:00+00:00,55472.5,55496.25,55472.5,55489.69921875,0.0,46.412028652803,6.71208820107131,10.735778222096595,55484.51548104607,55469.35166983272,19.75754517946317,55457.8984375,-0.00026322164135382395,1
2025-08-05 07:02:00+00:00,55457.8984375,55477.19921875,55453.1015625,55477.19921875,0.0,40.96453997284742,3.838791113827028,9.35638080044268,55481.980524517865,55468.90252346673,20.067553113072943,55453.69921875,-7.571903855557094e-05,1
2025-08-05 07:03:00+00:00,55453.69921875,55463.69921875,55431.80078125,55463.69921875,0.0,39.52765920517434,1.2089051068542176,7.726885661724988,55479.28706682569,55468.30631543863,20.912616283567733,55464.44921875,0.00019385541724807444,1
2025-08-05 07:04:00+00:00,55464.44921875,55481.05078125,55452.0,55454.19921875,0.0,44.859845083188056,-0.007773731740599,6.179953783031871,55477.87393843753,55468.15505674495,21.49391378117004,55466.44921875,3.6059133880732585e-05,1
2025-08-05 07:05:00+00:00,55466.44921875,55481.94921875,55463.8984375,55469.1484375,0.0,45.81707694516909,-0.8013793889549561,4.783687148634505,55476.78586989586,55468.08816113731,21.24797574322932,55465.3984375,-1.894444776617847e-05,1
2025-08-05 07:06:00+00:00,55465.3984375,55470.30078125,55449.75,55466.5,0.0,45.37142217556968,-1.4978406800728408,3.527381582893036,55475.701352524826,55467.98268177899,21.198176136570083,55455.8515625,-0.00017212307616896853,1
2025-08-05 07:07:00+00:00,55455.8515625,55481.1015625,55449.8984375,55472.94921875,0.0,41.42861780387841,-2.788005900401913,2.2643040862340467,55473.81089633198,55467.50695161118,21.91281534110079,55466.94921875,0.00020011695677403296,1
2025-08-05 07:08:00+00:00,55466.94921875,55481.3984375,55456.25,55457.8515625,0.0,47.17526910719127,-2.881763840545318,1.2350905008781738,55473.157403228935,55467.48507973427,22.17239103102216,55466.25,-1.2606043055341445e-05,1
2025-08-05 07:09:00+00:00,55466.25,55475.05078125,55458.44921875,55472.1484375,0.0,46.863287775511154,-2.978158436490048,0.3924407134045294,55472.49955530237,55467.43664523489,21.77447470737772,55455.25,-0.00019831879746692809,1
2025-08-05 07:10:00+00:00,55455.25,55476.19921875,55455.25,55473.0,0.0,42.14167548544165,-3.897235018084757,-0.4654944328933278,55470.85674051167,55466.95873757862,21.715527853279315,55444.3515625,-0.00019652670396400702,1
2025-08-05 07:11:00+00:00,55444.3515625,55463.6015625,55441.0,55457.30078125,0.0,38.051128834678686,-5.442287353878783,-1.4608530170904188,55468.33243784389,55466.07218169319,21.778816042330792,55446.0,2.9731387482127704e-05,1
2025-08-05 07:12:00+00:00,55446.0,55459.80078125,55442.3984375,55447.0,0.0,39.01536389621919,-6.459278786729556,-2.4605381710182463,55466.20553900162,55465.28503731306,21.46621087859288,55453.8515625,0.00014160737474299318,1
2025-08-05 07:13:00+00:00,55453.8515625,55463.69921875,55435.80078125,55449.8515625,0.0,43.5243514735733,-6.556121461617295,-3.279654829138056,55465.02896981099,55464.83666575177,21.92565563726481,55448.3515625,-9.918156890871957e-05,1
2025-08-05 07:14:00+00:00,55448.3515625,55463.3984375,55446.1015625,55459.5,0.0,41.22497399563876,-6.996028156056127,-4.02292949452167,55463.44064530519,55464.190191114445,21.59502844888876,55438.25,-0.00018217967198923436,1
2025-08-05 07:15:00+00:00,55438.25,55453.69921875,55432.8984375,55453.69921875,0.0,37.324783571066256,-8.066780231114535,-4.831699641840244,55461.041536228506,55463.1729287178,21.53829650611099,55447.44921875,0.00016593631202283622,1
2025-08-05 07:16:00+00:00,55447.44921875,55454.6015625,55438.05078125,55442.8515625,0.0,42.64628350264174,-8.079918620620447,-5.481343437596284,55459.74702980198,55462.55631264064,21.18204541638877,55440.1484375,-0.0001316702815524863,1
2025-08-05 07:17:00+00:00,55440.1484375,55452.0,55432.94921875,55449.1015625,0.0,39.76093745240887,-8.580531890227576,-6.101181128122542,55457.8804972018,55461.67757243904,21.02981226164672,55439.05078125,-1.97989413978109e-05,1
2025-08-05 07:18:00+00:00,55439.05078125,55448.05078125,55433.55078125,55442.6015625,0.0,39.330090166543016,-8.962528746582393,-6.6734506518145125,55456.08719092067,55460.790247294375,20.563397100100524,55432.55078125,-0.00011724587467501085,1
2025-08-05 07:19:00+00:00,55432.55078125,55446.8984375,55422.75,55446.8984375,0.0,36.78792521698519,-9.678195471686196,-7.27439961578885,55453.84562809489,55459.68281725342,20.819471414379056,55418.19921875,-0.0002589013548489708,1
2025-08-05 07:20:00+00:00,55418.19921875,55434.8984375,55412.1484375,55433.6015625,0.0,31.88714785459362,-11.27346418255911,-8.074212529142901,55450.450731966805,55458.05600946897,20.95736631335198,55417.44921875,-1.3533460317603529e-05,1
2025-08-05 07:21:00+00:00,55417.44921875,55427.6484375,55414.75,55419.69921875,0.0,31.649858523789845,-12.4546751191956,-8.95030504715344,55447.30773070806,55456.46358630352,20.381728540969696,55413.05078125,-7.936917996059313e-05,1
2025-08-05 07:22:00+00:00,55413.05078125,55421.5,55405.1484375,55417.44921875,0.0,30.22913334422391,-13.58906417075923,-9.878056871874598,55444.04516409301,55454.76112336024,20.09385953804329,55411.44921875,-2.890226178526733e-05,1
2025-08-05 07:23:00+00:00,55411.44921875,55416.6015625,55406.30078125,55414.75,0.0,29.70623642006288,-14.450729363059509,-10.79259137011158,55440.94078834605,55453.0626172971,19.394353946040194,55414.8515625,6.140145760433789e-05,1
2025-08-05 07:24:00+00:00,55414.8515625,55423.94921875,55407.6015625,55414.19921875,0.0,32.382141978712085,-14.689730461155705,-11.572019188320407,55438.45610017023,55451.56414455996,19.17673268203732,55424.6015625,0.00017594561250431934,1
2025-08-05 07:25:00+00:00,55424.6015625,55428.5,55403.3984375,55416.94921875,0.0,39.4907836509613,-13.9317999202176,-12.043975334699846,55437.13662039211,55450.50678840075,19.599934811891803,55423.5,-1.9874973729090577e-05,1
2025-08-05 07:26:00+00:00,55423.5,55430.5,55419.30078125,55426.25,0.0,38.992025257022455,-13.267086676802135,-12.288597603120303,55435.837894640485,55449.44769865955,18.99988366461381,55425.3515625,3.3407534710005684e-05,1
2025-08-05 07:27:00+00:00,55425.3515625,55438.05078125,55423.69921875,55425.94921875,0.0,40.35559726304358,-12.44740508520772,-12.32035909953779,55434.83919634139,55448.50275214349,18.68209063499854,55426.3515625,1.8042285196375475e-05,1
2025-08-05 07:28:00+00:00,55426.3515625,55432.0,55418.3984375,55423.30078125,0.0,41.121014248981744,-11.583581558064909,-12.173003591243214,55434.03085026126,55447.634078039824,18.31919576821293,55421.75,-8.302120508168708e-05,1
2025-08-05 07:29:00+00:00,55421.75,55433.8515625,55417.75,55429.6015625,0.0,38.66231044062774,-11.141866326739546,-11.966776138342482,55432.86124547447,55446.61901615591,18.160793391912005,55428.6015625,0.00012362587792698714,1
2025-08-05 07:30:00+00:00,55428.6015625,55443.8515625,55420.8984375,55420.8984375,0.0,44.028638841232905,-10.12225691385538,-11.597872293445064,55432.45556138166,55445.91244934588,18.50310279248972,55403.05078125,-0.0004609674523574176,1
2025-08-05 07:31:00+00:00,55403.05078125,55430.80078125,55403.05078125,55430.80078125,0.0,32.581047454625704,-11.246303235231608,-11.527558481802371,55429.65510613103,55444.23159961664,19.163595450169023,55407.6015625,8.213954260331304e-05,1
2025-08-05 07:32:00+00:00,55407.6015625,55419.80078125,55394.80078125,55405.3515625,0.0,35.78356495506908,-11.63577802279906,-11.54920239000171,55427.55476864236,55442.79512757285,19.58048148944267,55398.1484375,-0.00017061061539248973,1
2025-08-05 07:33:00+00:00,55398.1484375,55410.69921875,55393.1484375,55410.69921875,0.0,32.3463340917986,-12.5624160697771,-11.75184512595679,55424.75416567642,55441.04427698176,19.435502900911047,55402.1484375,7.220457926518584e-05,1
2025-08-05 07:34:00+00:00,55402.1484375,55402.8515625,55383.25,55394.8984375,0.0,35.18347005114089,-12.82616478385171,-11.966709057535772,55422.60123918342,55439.51894994326,19.44736430084597,55401.0,-2.0729114887946444e-05,1
2025-08-05 07:35:00+00:00,55401.0,55402.30078125,55389.05078125,55402.25,0.0,34.73310520594667,-12.978251642067336,-12.169017574442089,55420.54397830881,55438.00840288666,19.00469542221412,55396.1484375,-8.757174960740781e-05,1
2025-08-05 07:36:00+00:00,55396.1484375,55407.8515625,55389.0,55400.5,0.0,32.82172882932133,-13.336526939623582,-12.402519447478388,55418.22059346987,55436.366835616594,18.99375735634168,55394.0,-3.878315660201444e-05,1
2025-08-05 07:37:00+00:00,55394.0,55407.6015625,55387.6015625,55394.0,0.0,31.98238627240707,-13.636629073720542,-12.64934137272682,55415.91387028227,55434.70539108261,19.0656318308887,55401.3515625,0.00013271405747914937,1
2025-08-05 07:38:00+00:00,55401.3515625,55403.30078125,55386.19921875,55393.0,0.0,37.8401193171869,-13.129899217834463,-12.74545294174835,55414.526983826814,55433.39739780487,18.92534116439665,55399.1484375,-3.976662911399527e-05,1
2025-08-05 07:39:00+00:00,55399.1484375,55402.55078125,55384.6015625,55399.55078125,0.0,36.8168293021905,-12.75900802911201,-12.748163959221085,55413.06236036712,55432.05430132232,18.85561813479689,55402.69921875,6.409450957546589e-05,1
2025-08-05 07:40:00+00:00,55402.69921875,55405.1484375,55392.30078125,55400.30078125,0.0,39.64950301754061,-12.039768758419086,-12.606484919060687,55412.07539449882,55430.903121613606,18.42647800016854,55388.19921875,-0.000261720100364582,1
2025-08-05 07:41:00+00:00,55388.19921875,55412.75,55381.8515625,55402.75,0.0,33.11957166498512,-12.49575202203414,-12.584338339655378,55409.80147299894,55429.22845875622,19.3173322501565,55398.5,0.00018597429407874632,1
2025-08-05 07:42:00+00:00,55398.5,55398.5,55374.1015625,55385.80078125,0.0,40.60333085490655,-11.888887390698072,-12.445248149863918,55408.725142237134,55428.02342115794,19.680268339431034,55388.1484375,-0.00018685636795220088,1
2025-08-05 07:43:00+00:00,55388.1484375,55397.55078125,55376.55078125,55397.55078125,0.0,36.21742995086755,-12.103703421533282,-12.376939204197791,55406.76545607169,55426.45969630861,19.842336225900247,55394.3515625,0.00011199372383786411,1
2025-08-05 07:44:00+00:00,55394.3515625,55394.3515625,55374.94921875,55385.30078125,0.0,40.37388397780664,-11.639236455121136,-12.22939865438246,55405.58318049343,55425.20055380631,19.810908191907373,55388.0,-0.00011466083311461274,1
2025-08-05 07:45:00+00:00,55388.0,55396.1484375,55376.8515625,55391.80078125,0.0,37.667191400161606,-11.649374313870794,-12.113393786280128,55403.908591875006,55423.741708559,19.774191535342563,55370.05078125,-0.00032406331245035024,1
2025-08-05 07:46:00+00:00,55370.05078125,55387.6015625,55367.19921875,55387.6015625,0.0,31.284336061225176,-12.9564071882196,-12.281996466668025,55400.68403848215,55421.63618199786,19.84751937210381,55356.0,-0.000253761393600853,1
2025-08-05 07:47:00+00:00,55356.0,55371.0,55346.75,55370.6015625,0.0,27.37387750279194,-14.953644472247106,-12.81632606778384,55396.428415769566,55419.06221407637,20.161982274096395,55360.6015625,8.312671616446275e-05,1
2025-08-05 07:48:00+00:00,55360.6015625,55377.75,55346.6015625,55355.1015625,0.0,30.44040812899817,-15.980943404501886,-13.44924953512745,55393.0163345058,55416.76963950475,20.946729075946653,55352.6015625,-0.0001445071002519419,1
2025-08-05 07:49:00+00:00,55352.6015625,55362.30078125,55345.44921875,55360.80078125,0.0,28.210273456447112,-17.2418648653329,-14.20777260116854,55389.16730860049,55414.2532443281,20.654217177664748,55337.80078125,-0.00026739088736936907,1
2025-08-05 07:50:00+00:00,55337.80078125,55356.25,55333.80078125,55354.19921875,0.0,24.61696526007914,-19.21396690882102,-15.209011462699037,55384.27525837664,55411.25510852112,20.78243157568869,55323.19921875,-0.0002638623561807216,1
2025-08-05 07:51:00+00:00,55323.19921875,55337.75,55309.6015625,55335.8984375,0.0,21.682696808565808,-21.704895525137545,-16.50818827518674,55378.45849269791,55407.80193637324,21.312202088139504,55324.8984375,3.0714397829402916e-05,1
2025-08-05 07:52:00+00:00,55324.8984375,55328.75,55313.80078125,55323.1015625,0.0,22.835401538844,-23.273578323955007,-17.861266284940395,55373.357535060015,55404.55081877037,20.8577032782724,55300.80078125,-0.0004355662085348948,1
2025-08-05 07:53:00+00:00,55300.80078125,55324.8984375,55292.94921875,55324.8984375,0.0,18.644391024893977,-26.15969750167278,-19.520952528286877,55366.44736803049,55400.482189848,21.6499543833958,55303.55078125,4.9728032164995353e-05,1
2025-08-05 07:54:00+00:00,55303.55078125,55303.55078125,55286.80078125,55300.6015625,0.0,20.438931576286592,-27.90341255542444,-21.19744453371439,55360.45721690854,55396.68095813828,21.299957641724667,55301.75,-3.2561765466432456e-05,1
2025-08-05 07:55:00+00:00,55301.75,55302.80078125,55286.80078125,55301.69921875,0.0,20.12586742947954,-29.09523553137842,-22.777002733247198,55354.86605339344,55392.958175466185,20.974960667315763,55319.0,0.0003119250294972582,1
2025-08-05 07:56:00+00:00,55319.0,55322.3984375,55294.6015625,55301.25,0.0,31.02473431898754,-28.32136195946805,-23.885874578491368,55351.45023878454,55390.05785485967,21.462240262507493,55313.6484375,-9.674004410781106e-05,1
2025-08-05 07:57:00+00:00,55313.6484375,55319.8984375,55308.55078125,55319.75,0.0,29.67204262382222,-27.81920546342008,-24.67254075547711,55347.85006723364,55387.06140712008,20.73976997589981,55309.80078125,-6.95607026238297e-05,1
2025-08-05 07:58:00+00:00,55309.80078125,55314.0,55294.19921875,55311.05078125,0.0,28.70305285823987,-27.41568556807033,-25.22116971799576,55344.22632571139,55384.03157865459,20.672699352621255,55304.6484375,-9.315426338954818e-05,1
2025-08-05 07:59:00+00:00,55304.6484375,55311.19921875,55295.5,55306.25,0.0,27.412108748218145,-27.19812121339055,-25.61656001707472,55340.45700302459,55380.91851429558,20.317450738148317,55291.55078125,-0.00023682740275985504,1
2025-08-05 08:00:00+00:00,55291.55078125,55304.25,55287.69921875,55302.8515625,0.0,24.4069568777946,-27.76254199005052,-26.04575641166988,55335.79926761748,55377.41389731341,20.076862738994866,55294.05078125,4.521486492377021e-05,1
2025-08-05 08:01:00+00:00,55294.05078125,55297.55078125,55274.25,55290.1015625,0.0,26.07289468347379,-27.68893955593376,-26.37439304052266,55331.82322129677,55374.144755507004,20.307142632638087,55286.80078125,-0.00013111717983335826,1
2025-08-05 08:02:00+00:00,55286.80078125,55296.94921875,55279.75,55294.05078125,0.0,24.393930547978243,-27.89407793882856,-26.678330020183843,55327.53536986374,55370.71950161458,20.08514806959251,55294.94921875,0.00014738486193549956,1
2025-08-05 08:03:00+00:00,55294.94921875,55294.94921875,55280.0,55280.0,0.0,29.860744990462905,-27.08689985773526,-26.76004398769413,55324.43192690053,55367.74811797284,19.718295975335906,55304.80078125,0.0001781638764333909,1
2025-08-05 08:04:00+00:00,55304.80078125,55308.94921875,55283.8984375,55294.8984375,0.0,35.89577949328766,-25.35993312915525,-26.480021815986355,55322.56229398144,55365.27959496409,20.09918778066905,55301.94921875,-5.156084932443633e-05,1
2025-08-05 08:05:00+00:00,55301.94921875,55307.55078125,55287.6484375,55306.19921875,0.0,34.95815367581332,-23.94536950273323,-25.97309135333573,55320.59914395939,55362.79605079883,20.08512749276412,55308.6484375,0.00012113892628812883,1
2025-08-05 08:06:00+00:00,55308.6484375,55308.6484375,55287.6484375,55303.1484375,0.0,38.9900798605368,-22.029800840980897,-25.184433250864767,55319.46098143945,55360.67261498319,20.15047552899525,55296.3515625,-0.00022233186576409912,1
2025-08-05 08:07:00+00:00,55296.3515625,55310.8984375,55285.8515625,55310.69921875,0.0,34.733825166425405,-21.25889461491897,-24.39932552367561,55317.2600843976,55358.15022076816,20.50021834835274,55293.3984375,-5.340542217622009e-05,1
2025-08-05 08:08:00+00:00,55293.3984375,55302.94921875,55283.69921875,55299.94921875,0.0,33.78013646304038,-20.64821857323841,-23.64910413358817,55314.98754659783,55355.6109351498,20.410917037756118,55278.3984375,-0.00027128012428020694,1
2025-08-05 08:09:00+00:00,55278.3984375,55293.80078125,55278.05078125,55293.80078125,0.0,29.369116540556533,-21.131042545450327,-23.145491815960604,55311.50286954089,55352.582994065495,20.077994392202104,55276.3984375,-3.6180498287432856e-05,1
2025-08-05 08:10:00+00:00,55276.3984375,55283.94921875,55267.0,55281.6484375,0.0,28.828580937327345,-21.42805799325288,-22.80200505141906,55308.15959029891,55349.59536439626,19.85451041775909,55263.8984375,-0.00022613629602032627,1
2025-08-05 08:11:00+00:00,55263.8984375,55284.55078125,55261.19921875,55277.0,0.0,25.65096222725039,-22.413719007992768,-22.7243478427338,55303.944242413294,55346.23470059641,20.10429985220487,55276.30078125,0.00022442035579567867,1
2025-08-05 08:12:00+00:00,55276.30078125,55278.1015625,55261.8515625,55265.8984375,0.0,33.484852948770765,-21.94117279152124,-22.56771283249129,55301.31153182631,55343.49219395538,19.828992719904523,55243.94921875,-0.0005852700351282156,1
2025-08-05 08:13:00+00:00,55243.94921875,55278.94921875,55243.94921875,55278.94921875,0.0,25.837259617074537,-23.90165384366992,-22.83450103472702,55295.84845439047,55339.5885478689,20.9126360970542,55251.1484375,0.00013031687364516942,1
2025-08-05 08:14:00+00:00,55251.1484375,55260.8515625,55227.8984375,55244.25,0.0,29.685784659945185,-24.59096309998131,-23.18579344777788,55291.59130992471,55336.1203082466,21.772671018693185,55248.80078125,-4.249063261835479e-05,1
2025-08-05 08:15:00+00:00,55248.80078125,55259.6015625,55241.6484375,55255.25,0.0,29.154475142674784,-25.03805873555393,-23.55624650533309,55287.5160214795,55332.69601307026,21.499846303072243,55272.05078125,0.000420823613747838,1
2025-08-05 08:16:00+00:00,55272.05078125,55276.0,55248.30078125,55250.69921875,0.0,40.51019657842547,-23.24831248154078,-23.49465970057463,55286.04314145765,55330.31776868515,21.942658620709945,55265.1484375,-0.00012487945810654613,1
2025-08-05 08:17:00+00:00,55265.1484375,55275.94921875,55254.1484375,55272.3984375,0.0,38.53540811489045,-22.131765915211872,-23.22208094350208,55284.05316965216,55327.76210863867,21.932524522802087,55270.80078125,0.00010227682200821918,1
2025-08-05 08:18:00+00:00,55270.80078125,55277.1484375,55262.25,55266.3984375,0.0,41.06888839933514,-20.55386564625951,-22.688437884053567,55282.791037423376,55325.52833109402,21.43008973545908,55271.3515625,9.965139679808048e-06,1
2025-08-05 08:19:00+00:00,55271.3515625,55278.19921875,55264.19921875,55274.44921875,0.0,41.322692112614575,-19.03944994385529,-21.958640296013915,55281.70156362115,55323.403751933474,20.89936904006915,55276.55078125,9.406715419507704e-05,1
2025-08-05 08:20:00+00:00,55276.55078125,55277.6484375,55266.8984375,55274.75,0.0,43.78395092687949,-17.221215633493557,-21.011155363509843,55281.211012919135,55321.566380534125,20.17441410863564,55280.8984375,7.865281368957522e-05,1
2025-08-05 08:21:00+00:00,55280.8984375,55284.5,55271.30078125,55280.30078125,0.0,45.83014385212109,-15.253598331837566,-19.85964395717539,55281.1812438316,55319.97155923867,19.676185868733093,55293.1484375,0.00022159553021464947,1
2025-08-05 08:22:00+00:00,55293.1484375,55295.25,55281.94921875,55282.25,0.0,51.217949079994845,-12.56097966721427,-18.399911099183164,55282.320976561925,55318.91967211167,19.2958556281093,55295.6015625,4.4365804251007025e-05,1
2025-08-05 08:23:00+00:00,55295.6015625,55300.1484375,55290.8515625,55297.8515625,0.0,52.24233953168501,-10.112542198723531,-16.742437319091238,55283.58579427032,55318.00523644062,18.581642726101496,55282.30078125,-0.00024053958857769684,1
2025-08-05 08:24:00+00:00,55282.30078125,55299.19921875,55281.75,55299.19921875,0.0,46.53624502989348,-9.140039071571664,-15.221957669587324,55283.46341207791,55316.60506172726,18.500755299237102,55276.05078125,-0.00011305607602568889,1
2025-08-05 08:25:00+00:00,55276.05078125,55292.1484375,55265.6015625,55287.30078125,0.0,44.098822156638725,-8.7725219312415,-13.93207052191816,55282.75744723716,55315.01469778698,19.07547813500588,55260.6484375,-0.00027864406976094207,1
2025-08-05 08:26:00+00:00,55260.6484375,55278.05078125,55259.1484375,55278.05078125,0.0,38.716963239747,-9.613286386185791,-13.068313694771687,55280.65182726219,55312.88268757965,19.063111393219742,55271.80078125,0.0002018134796701371,1
2025-08-05 08:27:00+00:00,55271.80078125,55275.3515625,55254.3515625,55261.75,0.0,44.04209977225559,-9.272806199762272,-12.309212195769804,55279.80887049912,55311.271632429474,19.20146057941833,55278.55078125,0.00012212375758688545,1
2025-08-05 08:28:00+00:00,55278.55078125,55287.1484375,55265.05078125,55271.75,0.0,47.04159172958579,-8.361913675362302,-11.519752491688305,55279.6890524754,55309.98846179499,19.4083316987456,55269.8515625,-0.00015737060083982336,1
2025-08-05 08:29:00+00:00,55269.8515625,55283.1484375,55266.30078125,55279.1015625,0.0,43.78423571489128,-8.24691374968097,-10.865184743286838,55278.752148668216,55308.41446574421,19.225426309549484,55260.5,-0.00016919825611301143,1
2025-08-05 08:30:00+00:00,55260.5,55290.1015625,55260.5,55270.75,0.0,40.53485599140381,-8.808825759486353,-10.45391294652674,55277.01384879505,55306.53546708757,19.966578894581662,55261.25,1.3572081323911292e-05,1
2025-08-05 08:31:00+00:00,55261.25,55264.55078125,55249.69921875,55258.80078125,0.0,40.91358805734714,-9.088855673042415,-10.180901491829877,55275.51252986219,55304.759566417466,19.60122058068297,55238.8984375,-0.00040447080911126695,1
2025-08-05 08:32:00+00:00,55238.8984375,55265.1484375,55237.8515625,55265.0,0.0,33.96983393847232,-10.987706252912176,-10.342262444046336,55272.025473446745,55302.17677704815,20.15091018206276,55236.05078125,-5.1551648033350595e-05,1
2025-08-05 08:33:00+00:00,55236.05078125,55251.80078125,55235.3515625,55243.8515625,0.0,33.196819508203234,-12.577357134541671,-10.789281382145402,55268.59931228515,55299.58360074234,19.88650365120113,55253.44921875,0.00031498337143802353,1
2025-08-05 08:34:00+00:00,55253.44921875,55257.75,55235.6484375,55237.3984375,0.0,41.89650934255991,-12.291568855078369,-11.089738876731996,55267.156446234185,55297.77440929166,20.044722140401053,55244.25,-0.00016649130289730923,1
2025-08-05 08:35:00+00:00,55244.25,55254.8515625,55232.30078125,55254.8515625,0.0,39.00420839519394,-12.66142661213962,-11.40407642381352,55264.97487992617,55295.67541284885,20.223726362515265,55225.1484375,-0.0003457656226666124,1
2025-08-05 08:36:00+00:00,55225.1484375,55245.19921875,55222.30078125,55244.6484375,0.0,33.78825155629204,-14.330682813691965,-11.98939770178921,55261.181885409394,55292.909649109686,20.41477715804989,55219.30078125,-0.00010588756056704805,1
2025-08-05 08:37:00+00:00,55219.30078125,55237.1015625,55217.80078125,55227.55078125,0.0,32.3614986342094,-15.941671700224106,-12.77985250147619,55257.19320882279,55290.02302684068,20.335206021760616,55214.5,-8.694027599187076e-05,1
2025-08-05 08:38:00+00:00,55214.5,55223.05078125,55203.05078125,55219.80078125,0.0,31.196814735500723,-17.405139312744723,-13.7049098637299,55253.12718893491,55287.0613395136,20.311262734492,55232.8515625,0.00033236853543906037,1
2025-08-05 08:39:00+00:00,55232.8515625,55242.55078125,55208.25,55213.44921875,0.0,40.07516200085342,-16.889439273400058,-14.341815745663933,55251.19617689349,55284.935465905226,21.31051405702829,55228.1015625,-8.599954312742713e-05,1
2025-08-05 08:40:00+00:00,55228.1015625,55241.25,55225.19921875,55232.30078125,0.0,38.68374488977962,-16.671845917531755,-14.807821780037496,55248.9966898084,55282.70668537953,20.934818856526267,55237.55078125,0.00017109439728444406,1
2025-08-05 08:41:00+00:00,55237.55078125,55242.8984375,55220.3984375,55228.6015625,0.0,42.9288245784703,-15.557590414580773,-14.957775506946152,55247.90660327903,55280.93586560975,21.04661750963153,55244.30078125,0.00012219948032690908,1
2025-08-05 08:42:00+00:00,55244.30078125,55253.6484375,55234.94921875,55243.5,0.0,45.81474214888683,-13.96884219529602,-14.759988844616128,55247.56319165722,55279.49919563485,20.87894616965785,55258.3984375,0.0002551875225251247,1
2025-08-05 08:43:00+00:00,55258.3984375,55266.94921875,55235.94921875,55247.80078125,0.0,51.34816841258751,-11.440307995617331,-14.09605267481637,55248.59511983272,55278.67171492368,21.601878586110868,55250.3515625,-0.00014562266058256134,1
2025-08-05 08:44:00+00:00,55250.3515625,55260.19921875,55237.69921875,55258.3515625,0.0,48.315240092281584,-9.97080475660914,-13.271003091174926,55248.76240008674,55277.56112071098,21.666030115674378,55237.05078125,-0.00024073659033561014,1
2025-08-05 08:45:00+00:00,55237.05078125,55252.1015625,55219.25,55249.80078125,0.0,43.718623807834966,-9.766888133381144,-12.57018009961617,55247.64700781658,55275.972479947806,22.46499671455478,55245.69921875,0.00015656950140675646,1
2025-08-05 08:46:00+00:00,55245.69921875,55252.1015625,55229.1484375,55234.1484375,0.0,47.23386081464832,-8.805916982601047,-11.817327476213146,55247.461504095954,55274.78529323417,22.499863020658008,55266.69921875,0.0003801200871193381,1
2025-08-05 08:47:00+00:00,55266.69921875,55268.6484375,55231.75,55249.6484375,0.0,54.64201456914366,-6.2774533518604585,-10.70935265134261,55249.293667396334,55274.468192274006,23.52833262632529,55257.44921875,-0.00016737022711249251,1
2025-08-05 08:48:00+00:00,55257.44921875,55274.94921875,55248.3515625,55271.5,0.0,51.230182160258416,-4.962817135725345,-9.560045548219156,55250.07038657288,55273.80078154757,23.747570028016348,55253.69921875,-6.786415321407104e-05,1
2025-08-05 08:49:00+00:00,55253.69921875,55270.44921875,55251.30078125,55254.19921875,0.0,49.87067819052696,-4.175420474814018,-8.483120533538129,55250.41598963737,55273.01248496728,23.419060561729463,55253.1484375,-9.968223988396705e-06,1
2025-08-05 08:50:00+00:00,55253.1484375,55266.3984375,55242.05078125,55261.25,0.0,49.662222720316414,-3.554868085491762,-7.497470043928855,55250.67622276714,55272.23350271367,23.48538882517736,55229.75,-0.00042347699926036455,1
2025-08-05 08:51:00+00:00,55229.75,55254.44921875,55223.8984375,55251.1484375,0.0,41.68980140838731,-4.894711021654075,-6.9769182394739,55248.68324917027,55270.5674829994,23.990059712664685,55242.30078125,0.00022724675107165974,1
2025-08-05 08:52:00+00:00,55242.30078125,55253.80078125,55226.3984375,55237.1015625,0.0,46.638184055368576,-4.887463410144846,-6.5590272736080895,55248.07539508263,55269.45898489159,24.233794286760062,55241.3515625,-1.7182824331642933e-05,1
2025-08-05 08:53:00+00:00,55241.3515625,55241.55078125,55226.8515625,55241.3515625,0.0,46.31803727834775,-4.901808647169673,-6.227583548320407,55247.435030074754,55268.35673303309,23.606324605562914,55227.6484375,-0.0002480591913920915,1
2025-08-05 08:54:00+00:00,55227.6484375,55243.30078125,55225.1484375,55240.3984375,0.0,41.851634171223935,-5.950313506407838,-6.1721295399378935,55245.55059268668,55266.7603292867,23.21675454445128,55231.19921875,6.429354409355934e-05,1
2025-08-05 08:55:00+00:00,55231.19921875,55240.3984375,55222.55078125,55233.0,0.0,43.37534420016842,-6.420728626821074,-6.22184935731453,55244.18379516891,55265.365775932325,22.833247523419043,55233.5,4.1657274919696584e-05,1
2025-08-05 08:56:00+00:00,55233.5,55240.1015625,55219.6484375,55232.1484375,0.0,44.39214769200462,-6.532578679834842,-6.283995221818593,55243.16629086711,55264.11613766047,22.66323877174625,55230.69921875,-5.070801687381752e-05,1
2025-08-05 08:57:00+00:00,55230.69921875,55238.6015625,55219.8984375,55226.1015625,0.0,43.37115878427981,-6.76918929196836,-6.381034035848547,55241.97895066548,55262.80567025222,22.380373502335807,55253.8984375,0.0004200420975681621,1
2025-08-05 08:58:00+00:00,55253.8984375,55260.25,55230.1015625,55230.1015625,0.0,53.01136914709039,-5.026776289596455,-6.110182486598129,55243.11413988781,55262.45636700704,22.93523521645468,55279.75,0.0004678685709252133,1
2025-08-05 08:59:00+00:00,55279.75,55279.75,55251.25,55254.30078125,0.0,60.98229360679934,-1.5421197915638911,-5.196569947591281,55246.6032694223,55263.13454869304,23.332718415279345,55294.0,0.0002577797475567455,1
2025-08-05 09:00:00+00:00,55294.0,55296.6484375,55264.69921875,55276.25,0.0,64.55190958932239,2.3423503398444154,-3.688785890104143,55251.11724376304,55264.34495854822,23.94818272490225,55319.6015625,0.0004630079665063117,1
2025-08-05 09:01:00+00:00,55319.6015625,55322.94921875,55290.8515625,55294.0,0.0,69.88291357344218,7.401335054317315,-1.470761701219851,55257.63955983322,55266.5118841934,24.530287976694947,55305.6484375,-0.0002522275035592182,1
2025-08-05 09:02:00+00:00,55305.6484375,55321.6015625,55289.69921875,55319.94921875,0.0,64.21477062409602,10.16751156788814,0.8568929526017472,55262.21183389673,55268.04665098974,25.05686338907388,55257.0,-0.000879628733672236,0
2025-08-05 09:03:00+00:00,55257.0,55306.30078125,55241.8984375,55305.0,0.0,49.22387223336087,8.338087764357624,2.3531319149529226,55261.7154687637,55267.61344899014,27.867254843425744,55294.1015625,0.000671436424344427,1
2025-08-05 09:04:00+00:00,55294.1015625,55294.1015625,55256.8984375,55260.3984375,0.0,57.393094384141605,9.7694263768135,3.836390807325038,55264.79985864335,55268.652198539545,28.534102711752475,55286.6484375,-0.00013479059772000433,1
2025-08-05 09:05:00+00:00,55286.6484375,55292.3984375,55275.19921875,55289.5,0.0,55.46267002227109,10.184961741251756,5.106104994110382,55266.88067567731,55269.357933400745,27.846119928770158,55292.3984375,0.00010400341063358567,1
2025-08-05 09:06:00+00:00,55292.3984375,55294.94921875,55275.19921875,55288.19921875,0.0,56.67343955833704,10.853145155087986,6.255513026305903,55269.31093870805,55270.26148258111,27.267825648143717,55304.1484375,0.0002125066072740842,1
2025-08-05 09:07:00+00:00,55304.1484375,55305.3984375,55284.25,55292.5,0.0,59.11918662396009,12.190290050195472,7.442468431083817,55272.62879573585,55271.59038277401,26.830726494704876,55316.80078125,0.00022877748066763189,1
2025-08-05 09:08:00+00:00,55316.80078125,55316.80078125,55292.1484375,55302.1015625,0.0,61.63082759765203,14.108293785109709,8.775633501888995,55276.8356514991,55273.36333957699,26.675127727225952,55321.0,7.591217660265257e-05,1
2025-08-05 09:09:00+00:00,55321.0,55326.8984375,55306.8984375,55314.3515625,0.0,62.45528652543488,15.785205400381528,10.177547881587502,55281.04177992776,55275.2314439073,26.19833288956696,55322.3984375,2.5278601254496485e-05,1
2025-08-05 09:10:00+00:00,55322.3984375,55328.69921875,55303.80078125,55319.30078125,0.0,62.742404684197176,17.030692929147335,11.54817689109947,55284.980509220346,55277.08112993055,26.1054832188836,55306.30078125,-0.00029097900135667814,1
2025-08-05 09:11:00+00:00,55306.30078125,55329.75,55295.8515625,55318.3984375,0.0,57.30937806781315,16.528276757329877,12.544196864345553,55287.011011318406,55278.22699860975,26.662122810391917,55312.25,0.00010756855305746484,1
2025-08-05 09:12:00+00:00,55312.25,55323.3515625,55299.69921875,55306.30078125,0.0,58.731640853648805,16.42087097591866,13.319531686660175,55289.41472452618,55279.56123395838,26.44713859179249,55316.19921875,7.139862779040809e-05,1
2025-08-05 09:13:00+00:00,55316.19921875,55320.80078125,55300.6015625,55309.30078125,0.0,59.69165637074424,16.464626107561344,13.948550570840409,55291.96562873797,55280.9980176757,26.00085860309303,55311.44921875,-8.586996335767658e-05,1
2025-08-05 09:14:00+00:00,55311.44921875,55313.8984375,55296.75,55309.1484375,0.0,57.94563763244116,15.932358747937542,14.345312206259836,55293.82120873912,55282.192182423714,25.532884327872097,55310.1015625,-2.4364869643356926e-05,1
2025-08-05 09:15:00+00:00,55310.1015625,55319.19921875,55297.3984375,55313.3984375,0.0,57.43234852356022,15.2262694776,14.521503660527872,55295.3717186211,55283.2866679169,25.26630553659552,55315.94921875,0.0001057249233829772,1
2025-08-05 09:16:00+00:00,55315.94921875,55315.94921875,55297.69921875,55299.69921875,0.0,59.1243224131206,14.966026593683637,14.610408247159024,55297.33148053814,55284.5675522633,24.765140855410127,55297.69921875,-0.00032992292924106497,1
2025-08-05 09:17:00+00:00,55297.69921875,55315.8515625,55283.6015625,55315.75,0.0,52.15662666464701,13.13573913086293,14.315474423899808,55297.36650322498,55285.08251957651,25.306749097880832,55261.8515625,-0.0006482666866155075,1
2025-08-05 09:18:00+00:00,55261.8515625,55296.6015625,55243.3515625,55296.6015625,0.0,41.74900085947253,8.692416100093396,13.190862759138524,55293.98412791784,55284.171501651945,27.38109960874649,55289.3984375,0.0004984790451482622,1
2025-08-05 09:19:00+00:00,55289.3984375,55293.75,55264.6484375,55265.44921875,0.0,50.00492435093047,7.309592744364636,12.014608756183748,55293.54739549709,55284.376479528335,27.703766600978884,55277.3515625,-0.00021788761210013842,1
2025-08-05 09:20:00+00:00,55277.3515625,55290.3984375,55267.30078125,55289.8984375,0.0,46.87596952504869,5.181879656607634,10.648062936268524,55292.00493521165,55284.10099258605,27.37475871876611,55269.25,-0.00014656205970432342,1
2025-08-05 09:21:00+00:00,55269.25,55280.1484375,55253.69921875,55276.5,0.0,44.84376393238836,2.80953672852047,9.080357694718916,55289.83779852482,55283.51860071994,27.308648720997105,55266.55078125,-4.883762218593522e-05,1
2025-08-05 09:22:00+00:00,55266.55078125,55275.80078125,55259.30078125,55262.80078125,0.0,44.15690121124975,0.7035236882293248,7.404990893420996,55287.61998735579,55282.85319603484,26.536602383783023,55283.55078125,0.0003076001624796079,1
2025-08-05 09:23:00+00:00,55283.55078125,55283.55078125,55256.19921875,55269.30078125,0.0,49.41232925643553,0.4016214636430959,6.004317007465417,55287.23244391715,55282.880552317794,26.594813820655663,55274.8515625,-0.0001573563677995595,1
2025-08-05 09:24:00+00:00,55274.8515625,55283.94921875,55254.69921875,55282.75,0.0,46.97602852323131,-0.533443273154262,4.696764951341481,55286.053312353615,55282.565689972,26.78446997632312,55272.3515625,-4.522852489568818e-05,1
2025-08-05 09:25:00+00:00,55272.3515625,55279.75,55249.19921875,55267.1015625,0.0,46.26997235796948,-1.459394924226217,3.4655329762279417,55284.748383796126,55282.16513595349,27.05349221015718,55288.8515625,0.0002985217660106679,1
2025-08-05 09:26:00+00:00,55288.8515625,55288.8515625,55260.30078125,55268.5,0.0,51.45591695757651,-0.8519850220836815,2.6020293765656173,55285.13916272031,55282.42734875924,27.160441427288813,55289.19921875,6.287999120527943e-06,1
2025-08-05 09:27:00+00:00,55289.19921875,55294.3515625,55270.5,55284.05078125,0.0,51.56200044497916,-0.3386515799866174,2.0138931852551702,55285.525834723136,55282.69291228829,26.92409293248247,55296.30078125,0.0001284439384246259,1
2025-08-05 09:28:00+00:00,55296.30078125,55296.30078125,55269.6484375,55291.30078125,0.0,53.783748261629846,0.6338984282629099,1.7378942338567185,55286.55202010665,55283.22655420836,26.904682276590865,55297.94921875,2.9810990549280218e-05,1
2025-08-05 09:29:00+00:00,55297.94921875,55297.94921875,55278.8515625,55294.1484375,0.0,54.307656528539546,1.5201431819878053,1.6943440234829357,55287.63746759649,55283.80391360215,26.3470375604058,55289.0,-0.00016183635878788734,1
2025-08-05 09:30:00+00:00,55289.0,55317.6015625,55278.19921875,55299.5,0.0,50.93207047294223,1.4832731237111147,1.6521298435285716,55287.7672325873,55284.00768169618,27.279559431091105,55299.05078125,0.00018178627303803649,1
2025-08-05 09:31:00+00:00,55299.05078125,55299.05078125,55283.55078125,55295.1484375,0.0,54.36294704054038,2.2392546521368786,1.769554805250233,55288.84185626946,55284.59760716888,26.438162328870312,55312.1015625,0.00023600371191950133,1
2025-08-05 09:32:00+00:00,55312.1015625,55318.8515625,55295.94921875,55298.6484375,0.0,58.42768832315213,3.847117263845576,2.1850672969693017,55291.05706638666,55285.676193652456,26.185603858951005,55307.05078125,-9.13142170939367e-05,1
2025-08-05 09:33:00+00:00,55307.05078125,55315.05078125,55305.05078125,55311.8515625,0.0,56.3364128709161,4.660085566305497,2.680070950836541,55292.58027732602,55286.514412773926,25.02948929759736,55326.3984375,0.0003498225990484232,1
2025-08-05 09:34:00+00:00,55326.3984375,55332.1015625,55307.05078125,55313.5,0.0,61.95406997780197,6.7873229335818905,3.5015213473856117,55295.80105448545,55288.07849217495,25.031010151340407,55323.3984375,-5.4223663291384836e-05,1
2025-08-05 09:35:00+00:00,55323.3984375,55333.75,55323.3984375,55328.1484375,0.0,60.651048119713,8.137297247725655,4.428676527453621,55298.4293766773,55289.46358807005,23.982478176244665,55356.1015625,0.0005911264659011396,1
2025-08-05 09:36:00+00:00,55356.1015625,55357.5,55319.30078125,55324.6015625,0.0,68.44276963850442,11.711032995306596,5.885147821024216,55303.92196580328,55292.07684196927,24.997959645798613,55347.1015625,-0.00016258370343942157,1
2025-08-05 09:37:00+00:00,55347.1015625,55361.6484375,55338.30078125,55358.1484375,0.0,64.6487603192709,13.65956062664918,7.440030382149209,55308.03430834581,55294.23467414695,24.880080831813,55341.8984375,-9.400898788032176e-05,1
2025-08-05 09:38:00+00:00,55341.8984375,55354.19921875,55334.69921875,55345.75,0.0,62.49200100514224,14.615456228108089,8.875115551340986,55311.25946350335,55296.10384133726,24.495789343826356,55391.5,0.000896275044774931,2
2025-08-05 09:39:00+00:00,55391.5,55398.25,55345.55078125,55346.8984375,0.0,72.06102643708239,19.154639178224897,10.931020276717769,55318.901419360176,55299.84486716717,26.771201712124476,55368.1015625,-0.0004224192791312747,1
2025-08-05 09:40:00+00:00,55368.1015625,55391.1015625,55363.6484375,55391.1015625,0.0,63.79314888649027,20.62615058724623,12.87004633882346,55323.58714727826,55302.52160031748,26.848370339829867,55361.8984375,-0.00011203427289263039,1
2025-08-05 09:41:00+00:00,55361.8984375,55381.3515625,55361.8984375,55368.25,0.0,61.769766745279234,21.04915211183834,14.505867493426438,55327.23584158509,55304.8501037364,26.32013852984202,55370.3515625,0.00015268849585320905,1
2025-08-05 09:42:00+00:00,55370.3515625,55372.19921875,55343.80078125,55362.1015625,0.0,63.47013647161771,21.81501054721593,15.967696104184338,55331.34210071984,55307.4187883938,26.468588456281875,55380.8984375,0.0001904787436304261,1
2025-08-05 09:43:00+00:00,55380.8984375,55385.19921875,55367.6015625,55367.6015625,0.0,65.53013625237637,23.00778412994987,17.375713709337447,55336.06175184176,55310.30034326071,25.834950441547456,55398.8984375,0.0003250218127160552,1
2025-08-05 09:44:00+00:00,55398.8984375,55403.80078125,55377.69921875,55377.69921875,0.0,68.76728227495617,25.11599381294945,18.92376973005985,55342.046198094926,55313.77477832892,25.85399416000835,55350.30078125,-0.0008772314544273288,0
2025-08-05 09:45:00+00:00,55350.30078125,55401.1484375,55346.30078125,55399.55078125,0.0,54.01752407796155,22.604766783246305,19.65996914069714,55342.8323488716,55315.207170600326,27.924970023579185,55356.80078125,0.00011743386952292561,1
2025-08-05 09:46:00+00:00,55356.80078125,55357.05078125,55332.3984375,55354.3984375,0.0,55.395570179954575,20.898195557318104,19.90761442402133,55344.16267576478,55316.8382925866,27.69121100403781,55373.8984375,0.00030886279569449355,1
2025-08-05 09:47:00+00:00,55373.8984375,55380.55078125,55353.55078125,55354.25,0.0,58.88592683913095,20.68689785258175,20.063471109733417,55346.9946530729,55319.075945328295,27.641838789463687,55378.69921875,8.669754858272435e-05,1
2025-08-05 09:48:00+00:00,55378.69921875,55387.6484375,55370.6015625,55378.6015625,0.0,59.8362815861262,20.668571398986387,20.184491167584014,55350.01413551834,55321.414112913466,26.88505566164485,55379.05078125,6.348334376928968e-06,1
2025-08-05 09:49:00+00:00,55379.05078125,55380.25,55357.3984375,55378.8515625,0.0,59.909364103547176,20.44671866299177,20.236936666665567,55352.77953034992,55323.67437441686,26.596949007241648,55398.80078125,0.00035663305386026713,1
2025-08-05 09:50:00+00:00,55398.80078125,55401.6484375,55374.0,55377.5,0.0,63.88508114855713,21.615389953447448,20.512627324021945,55357.162506626126,55326.62050801816,26.67205532815296,55363.19921875,-0.0006426413929171103,1
2025-08-05 09:51:00+00:00,55363.19921875,55397.30078125,55354.75,55395.8984375,0.0,53.57182893639325,19.444675694365287,20.299036998090617,55357.73743159031,55328.05496726255,27.913392893999173,55386.6484375,0.0004235524514641558,1
2025-08-05 09:52:00+00:00,55386.6484375,55388.44921875,55360.8515625,55361.25,0.0,58.34204585021202,19.392974842441618,20.11782456696082,55360.49086072457,55330.35275040912,27.89084027657066,55380.3515625,-0.00011368940308972816,1
2025-08-05 09:53:00+00:00,55380.3515625,55388.55078125,55374.94921875,55386.55078125,0.0,56.65858261854215,18.62915109984897,19.82008987353845,55362.38235613176,55332.31348813817,26.870177578244185,55357.8515625,-0.00040628127783926075,1
2025-08-05 09:54:00+00:00,55357.8515625,55386.75,55354.3515625,55384.3984375,0.0,50.99616815000632,16.023543881579826,19.060780675146727,55361.95085197635,55333.3149812504,27.26505328694103,55369.44921875,0.00020950336623714596,1
2025-08-05 09:55:00+00:00,55369.44921875,55369.6484375,55343.1015625,55368.55078125,0.0,53.57183599667712,14.724678395679804,18.193560219253342,55362.66498214527,55334.73201017195,27.21375483787381,55369.94921875,9.030250563350065e-06,1
2025-08-05 09:56:00+00:00,55369.94921875,55372.8984375,55349.8515625,55371.05078125,0.0,53.68485910851811,13.579132178565487,17.270674611115773,55363.358718964766,55336.11307717502,26.91612056373997,55389.19921875,0.00034766150721845607,1
2025-08-05 09:57:00+00:00,55389.19921875,55389.19921875,55368.44921875,55370.05078125,0.0,57.93099069118543,14.062489049167198,16.629037498726056,55365.81971894432,55338.19488664855,26.47568338061569,55390.3984375,2.1650768866758558e-05,1
2025-08-05 09:58:00+00:00,55390.3984375,55410.3984375,55376.1484375,55388.3515625,0.0,58.1881617424726,14.376595340385393,16.178549067057926,55368.16054928295,55340.242084721154,27.03099171057171,55392.5,3.7940916824624526e-05,1
2025-08-05 09:59:00+00:00,55392.5,55410.44921875,55384.8515625,55385.19921875,0.0,58.665038240003234,14.626500180063886,15.868139289659116,55370.47859220838,55342.29141473209,26.928610606245154,55321.8984375,-0.0012745689849708896,0
2025-08-06 03:45:00+00:00,55321.8984375,55402.1015625,55319.69921875,55322.0,0.0,41.52887726734596,9.023577331594424,14.49922689804618,55365.85191080759,55341.49169013475,30.89102011651336,55342.6484375,0.0003750775115471199,1
2025-08-06 03:46:00+00:00,55342.6484375,55351.6484375,55307.19921875,55323.44921875,0.0,46.47723603587178,6.186260828304512,12.836633684097848,55363.64205620686,55341.537052776526,31.85946287604812,55364.1484375,0.0003884888166181738,1
2025-08-06 03:47:00+00:00,55364.1484375,55371.05078125,55343.94921875,55343.94921875,0.0,51.09545005538674,5.607893074120511,11.39088556210238,55363.69028299668,55342.42377374607,31.612525795616108,55380.30078125,0.00029174735286020354,1
2025-08-06 03:48:00+00:00,55380.30078125,55405.94921875,55367.75,55367.75,0.0,54.28669346190309,6.379354385520855,10.388579326786076,55365.27223521128,55343.909146589365,32.340258328072096,55394.19921875,0.0002509635611207364,1
2025-08-06 03:49:00+00:00,55394.19921875,55409.19921875,55374.3984375,55374.3984375,0.0,56.89327212028572,8.019783710573392,9.914820203543542,55368.02718602449,55345.88130628194,32.51600996535266,55384.94921875,-0.0001669849935635324,1
2025-08-06 03:50:00+00:00,55384.94921875,55394.30078125,55368.5,55392.6484375,0.0,54.65942377414403,8.475735076804995,9.627003178195832,55369.63880818883,55347.41338128068,32.036350771398894,55385.75,1.4458463197956744e-05,1
2025-08-06 03:51:00+00:00,55385.75,55397.05078125,55375.3515625,55386.8984375,0.0,54.82479113267064,8.800252342931344,9.461653011142936,55371.17320740895,55348.91677809321,31.29798419844183,55401.25,0.0002798553779627431,1
2025-08-06 03:52:00+00:00,55401.25,55406.25,55386.75,55386.75,0.0,58.01664077430525,10.190683222739608,9.607459053462271,55374.03766384619,55350.969061305244,30.526699612838843,55429.1015625,0.0005027244421380384,1
2025-08-06 03:53:00+00:00,55429.1015625,55438.6484375,55401.19921875,55406.6015625,0.0,63.06635678770348,13.38569606904639,10.363106456579096,55379.28184467036,55354.03308095995,31.021165265493213,55435.3515625,0.00011275665352346924,1
2025-08-06 03:54:00+00:00,55435.3515625,55439.5,55414.80078125,55423.05078125,0.0,64.1095944840113,16.23494321565522,11.53747380839432,55384.62181779699,55357.22204102034,30.569597657243698,55437.19921875,3.332992752678549e-05,1
2025-08-06 03:55:00+00:00,55437.19921875,55440.1015625,55417.8984375,55433.05078125,0.0,64.42946729922791,18.429637140026895,12.915906474720837,55389.62918931633,55360.358400931305,29.97199246744057,55452.5,0.00027600206117240066,1
2025-08-06 03:56:00+00:00,55452.5,55457.3984375,55434.05078125,55438.1484375,0.0,67.04855781861934,21.15967746949173,14.564660673675014,55395.61688557192,55363.971796973216,29.49882559476625,55446.1484375,-0.00011454059780893557,1
2025-08-06 03:57:00+00:00,55446.1484375,55458.30078125,55416.1484375,55450.75,0.0,64.911894582744,22.550784679537173,16.16188547484745,55400.42941432697,55367.19441032721,30.402648320140088,55448.6015625,4.424337973205138e-05,1
2025-08-06 03:58:00+00:00,55448.6015625,55464.1015625,55438.0,55445.0,0.0,65.37089354948833,23.57938537481823,17.645385454841605,55405.0172379625,55370.38684766732,30.0954279044158,55454.1484375,0.00010003633714274523,1
2025-08-06 03:59:00+00:00,55454.1484375,55484.25,55444.55078125,55448.0,0.0,66.43991930652346,24.559043920977278,19.02811714806874,55409.69639982321,55373.671615896055,30.78141296481467,55455.8984375,3.155760298027749e-05,1
2025-08-06 04:00:00+00:00,55455.8984375,55479.6015625,55453.6484375,55457.05078125,0.0,66.78826686928797,25.18630866317108,20.25975545108921,55414.09659388767,55376.89619713543,30.436535253042194,55452.19921875,-6.670559587397362e-05,1
2025-08-06 04:01:00+00:00,55452.19921875,55478.30078125,55439.3515625,55453.8515625,0.0,65.24655223141227,25.09563756473653,21.226931873818675,55417.72541530313,55379.84925680659,31.044584074253464,55430.05078125,-0.00039941495219383415,1
2025-08-06 04:02:00+00:00,55430.05078125,55446.30078125,55424.44921875,55446.30078125,0.0,56.79338705460183,22.971781860098417,21.575901871074628,55418.89925967903,55381.81794403966,30.809256640378216,55434.80078125,8.569358918225554e-05,1
2025-08-06 04:03:00+00:00,55434.80078125,55439.44921875,55422.69921875,55425.0,0.0,58.04867306657894,21.424923038975976,21.545706104654897,55420.41369030484,55383.89570236164,29.805024023208343,55442.44921875,0.00013797176849577442,1
2025-08-06 04:04:00+00:00,55442.44921875,55447.8515625,55430.94921875,55437.44921875,0.0,60.06080110275504,20.57896971143782,21.35235882601148,55422.51231206152,55386.1919186906,28.883404003693464,55430.55078125,-0.0002146088000740069,1
2025-08-06 04:05:00+00:00,55430.55078125,55445.05078125,55422.44921875,55440.80078125,0.0,55.59358953447676,18.7325044866011,20.828387958129408,55423.27788055566,55387.93148192822,28.43470103914393,55434.69921875,7.484027204368416e-05,1
2025-08-06 04:06:00+00:00,55434.69921875,55437.75,55420.0,55430.94921875,0.0,56.8000360844355,17.403297350487264,20.143369836600986,55424.36562705036,55389.7655108232,27.671508107776507,55412.80078125,-0.0003950312314961234,1
2025-08-06 04:07:00+00:00,55412.80078125,55447.75,55411.44921875,55433.05078125,0.0,49.20113489318351,14.416683670053317,18.99803260329145,55423.264213164606,55390.66885476151,28.287884760792476,55413.19921875,7.190351225394459e-06,1
2025-08-06 04:08:00+00:00,55413.19921875,55413.6015625,55389.8984375,55411.75,0.0,49.33395107335838,11.9442356734653,17.58727321732622,55422.30564226797,55391.55239844733,27.96040192073587,55431.3515625,0.0003275815871655691,1
2025-08-06 04:09:00+00:00,55431.3515625,55437.3984375,55413.6484375,55413.6484375,0.0,55.09438040296903,11.31906611006707,16.333631795874393,55423.167158480544,55393.11314997881,27.69174597996902,55422.19921875,-0.00016511132223937463,1
2025-08-06 04:10:00+00:00,55422.19921875,55431.1015625,55416.8515625,55431.1015625,0.0,51.89096081758532,9.970167194464011,15.060938875592315,55423.074973744304,55394.2537801267,26.749478409971232,55423.3984375,2.163787736510986e-05,1
2025-08-06 04:11:00+00:00,55423.3984375,55428.8515625,55409.6484375,55424.25,0.0,52.28246400589272,8.895381594556966,13.827827419385248,55423.10577981628,55395.39670786683,26.21045316640186,55426.25,5.14505169367349e-05,1
2025-08-06 04:12:00+00:00,55426.25,55431.30078125,55421.30078125,55423.6484375,0.0,53.25655275122305,8.17941630580026,12.69814519666825,55423.40522935759,55396.60664089167,25.05256365451601,55417.6484375,-0.00015518932816129541,1
2025-08-06 04:13:00+00:00,55417.6484375,55433.6015625,55417.25,55426.25,0.0,49.94457096038303,6.839097588905133,11.526335675115629,55422.85696346639,55397.43180938612,24.431063572050583,55410.25,-0.00013350327393166014,1
2025-08-06 04:14:00+00:00,55410.25,55418.1015625,55408.6015625,55418.1015625,0.0,47.224207630745006,5.1208631515692105,10.245241170406343,55421.65630027911,55397.93448352783,23.364559031189827,55420.25,0.00018047202458028975,1
2025-08-06 04:15:00+00:00,55420.25,55427.3515625,55407.0,55408.44921875,0.0,51.1010887891528,4.514031462487765,9.09899922882263,55421.52236691919,55398.80960182086,23.1493449932477,55394.1484375,-0.00047097518506322147,1
2025-08-06 04:16:00+00:00,55394.1484375,55422.80078125,55393.3515625,55415.94921875,0.0,42.355171600442354,1.9049756495223849,7.660194512962581,55418.91532602213,55398.62681106318,23.59933597587286,55385.8515625,-0.0001497789068706631,1
2025-08-06 04:17:00+00:00,55385.8515625,55398.30078125,55383.80078125,55394.94921875,0.0,40.01101051642374,-0.8227244962399709,5.963610711122071,55415.76639616288,55398.12582092344,22.94938340616766,55385.3984375,-8.181241006806087e-06,1
2025-08-06 04:18:00+00:00,55385.3984375,55388.3515625,55367.6015625,55385.5,0.0,39.88119180481,-2.98658245093975,4.173572078709706,55412.87420962355,55397.626707848016,22.7922845914414,55380.05078125,-9.655353939603045e-05,1
2025-08-06 04:19:00+00:00,55380.05078125,55389.44921875,55375.44921875,55384.80078125,0.0,38.30173985215013,-5.074471290652582,2.3239634048372486,55409.74816882607,55396.93745582457,22.164264263481297,55371.94921875,-0.00014629026853010655,1
2025-08-06 04:20:00+00:00,55371.94921875,55383.25,55365.25,55381.3515625,0.0,35.97710627137778,-7.298731392525951,0.3994244453646085,55406.14826881882,55395.9575249589,21.866816816089774,55366.75,-9.389625655871702e-05,1
2025-08-06 04:21:00+00:00,55366.75,55374.8984375,55355.1484375,55369.5,0.0,34.52876458226511,-9.37296138524107,-1.5550527207565272,55402.396052740834,55394.81213182327,21.715615614940504,55429.25,0.001128836350336619,2
2025-08-06 04:22:00+00:00,55429.25,55433.80078125,55361.19921875,55366.5,0.0,56.95967684232934,-5.90550099338725,-2.425142375282672,55404.95357152743,55396.16263645765,25.350326106730467,55420.8515625,-0.00015151634741584994,1
2025-08-06 04:23:00+00:00,55420.8515625,55435.05078125,55414.3984375,55423.6015625,0.0,54.26905997614412,-3.791491415802738,-2.698412183386685,55406.46766590576,55397.130829635775,25.01475593839257,55399.80078125,-0.00037983503783337415,1
2025-08-06 04:24:00+00:00,55399.80078125,55421.75,55393.80078125,55421.75,0.0,48.131845953367126,-3.771272827478242,-2.9129843122049968,55405.83272450997,55397.23553362065,25.224360424935963,55393.44921875,-0.00011464955487980165,1
2025-08-06 04:25:00+00:00,55393.44921875,55404.75,55383.8984375,55400.75,0.0,46.42585804049431,-4.219131935460609,-3.1742138368561195,55404.65334300902,55397.08705068455,24.912017716011967,55399.8984375,0.00011642565756344017,1
2025-08-06 04:26:00+00:00,55399.8984375,55401.0,55378.94921875,55392.5,0.0,48.42477954482852,-4.007469832766219,-3.34086503603814,55404.200494865305,55397.19730114791,24.7076436827254,55432.1015625,0.0005812849104106266,1
2025-08-06 04:27:00+00:00,55432.1015625,55434.6015625,55397.8515625,55400.3515625,0.0,57.043536417371016,-1.227058272728755,-2.9181036833762626,55406.857739401945,55398.56609571073,25.567811991102158,55410.05078125,-0.00039779803811222316,1
2025-08-06 04:28:00+00:00,55410.05078125,55432.75,55410.05078125,55432.25,0.0,50.78529691916603,-0.7937262581981486,-2.49322819834064,55407.16183862557,55399.0164755358,25.362912473880574,55425.3984375,0.00027698325544927015,1
2025-08-06 04:29:00+00:00,55425.3984375,55429.0,55409.30078125,55410.25,0.0,54.5248734035759,0.779138653560949,-1.838754827960322,55408.898657566,55400.0510622795,24.958362922174818,55447.19921875,0.00039333558015976146,1
2025-08-06 04:30:00+00:00,55447.19921875,55447.19921875,55425.0,55425.75,0.0,59.26030923601901,3.741654810604814,-0.7226729002472949,55412.54633005971,55401.90000959207,24.7612811955909,55479.94921875,0.0005906520159980465,1
2025-08-06 04:31:00+00:00,55479.94921875,55506.80078125,55444.44921875,55445.1484375,0.0,65.13401177657644,8.632610149477841,1.1483837096977323,55418.96565279212,55404.960762892384,27.446301288762974,55454.1484375,-0.00046504695143593193,1
2025-08-06 04:32:00+00:00,55454.1484375,55480.6015625,55440.0,55479.30078125,0.0,58.03510852474076,10.307995911847684,2.9803061501277237,55422.31639419287,55406.88969130837,28.38596280385133,55345.1015625,-0.001966433135708541,0
2025-08-06 04:33:00+00:00,55345.1015625,55458.55078125,55331.3984375,55450.75,0.0,38.79154324025841,2.8042540343667497,2.945095726975529,55414.96260069831,55404.46662743353,35.44070430000481,55344.1015625,-1.8068446380403188e-05,1
2025-08-06 04:34:00+00:00,55344.1015625,55344.1015625,55277.44921875,55343.3515625,0.0,38.66492875028796,-3.1864754027919844,1.7187815010220264,55408.21393039371,55402.09936998516,37.74153568929018,55343.5,-1.0869496170620034e-05,1
2025-08-06 04:35:00+00:00,55343.5,55349.6484375,55319.80078125,55343.55078125,0.0,38.58334349989546,-7.89174162389827,-0.2033231239620327,55402.05069892764,55399.801355475945,37.17768715791231,55337.1484375,-0.00011476618753783191,1
2025-08-06 04:36:00+00:00,55337.1484375,55371.44921875,55330.3515625,55344.05078125,0.0,37.679315371695935,-11.99494673589652,-2.56164784634893,55395.86953117263,55397.34437830042,37.45768495020429,55347.5,0.00018706353312895172,1
2025-08-06 04:37:00+00:00,55347.5,55347.6484375,55326.5,55336.69921875,0.0,40.14094089478601,-14.247248356565253,-4.898767948392194,55391.26290915618,55395.38969679845,36.29273870376112,55351.6015625,7.410565066172817e-05,1
2025-08-06 04:38:00+00:00,55351.6015625,55363.80078125,55346.6484375,55346.6484375,0.0,41.13311735038656,-15.522320157877402,-7.023478390289236,55387.48563804607,55393.672515061255,34.925567635635325,55357.6015625,0.00010839794749615562,1
2025-08-06 04:39:00+00:00,55357.6015625,55362.55078125,55345.05078125,55354.94921875,0.0,42.63115166801369,-15.86578302034468,-8.791939316300326,55384.63953561311,55392.25796790199,33.68088423308994,55332.6015625,-0.00045160916106118555,1
2025-08-06 04:40:00+00:00,55332.6015625,55357.55078125,55328.80078125,55355.1484375,0.0,38.26204773974517,-17.948373205807002,-10.62322609420166,55379.68353817377,55389.91850102348,33.33230544858352,55322.1015625,-0.00018976154569815234,1
2025-08-06 04:41:00+00:00,55322.1015625,55333.94921875,55318.69921875,55329.1015625,0.0,36.566975077122194,-20.213099155036616,-12.541200706368652,55374.19954049056,55387.25901323825,32.040712202256124,55321.19921875,-1.631072798238837e-05,1
2025-08-06 04:42:00+00:00,55321.19921875,55330.6484375,55311.19921875,55320.8515625,0.0,36.417661409507794,-21.82909022174863,-14.398778609444648,55369.15189080098,55384.66843306224,31.141319812809257,55324.5,5.966575736993906e-05,1
2025-08-06 04:43:00+00:00,55324.5,55328.8984375,55313.8515625,55321.1484375,0.0,37.42423631371663,-22.58310534271732,-16.035643956099182,55364.89932977232,55382.30888666764,29.991716611894308,55354.19921875,0.0005368185659156431,1
2025-08-06 04:44:00+00:00,55354.19921875,55354.80078125,55316.55078125,55324.30078125,0.0,45.74664711051072,-20.54733215723536,-16.93798159632642,55363.88027157972,55381.2065467493,30.581593996759,55340.55078125,-0.00024656553057634867,1
2025-08-06 04:45:00+00:00,55340.55078125,55354.6015625,55330.80078125,55354.55078125,0.0,42.92150361481604,-19.80695977935102,-17.51177723293134,55361.65841535784,55379.61220300423,30.09725022913336,55393.8984375,0.0009639885309575702,2
2025-08-06 04:46:00+00:00,55393.8984375,55395.3984375,55339.8515625,55340.69921875,0.0,54.6979915486733,-14.745522121134854,-16.958526210572042,55364.7288936571,55380.17244749426,31.91508056990955,55421.19921875,0.0004928481659546495,1
2025-08-06 04:47:00+00:00,55421.19921875,55423.8984375,55389.6015625,55394.8984375,0.0,59.32323013625048,-8.43412804849504,-15.253646578156642,55370.10701985643,55381.78134048468,32.085208743487435,55418.1015625,-5.589298488063042e-05,1
2025-08-06 04:48:00+00:00,55418.1015625,55437.30078125,55407.94921875,55420.3515625,0.0,58.59225978516828,-3.640294694734621,-12.93097620147224,55374.67792867962,55383.20566291666,31.889948297524047,55440.6015625,0.0004060045249768204,1
2025-08-06 04:49:00+00:00,55440.6015625,55445.3515625,55404.5,55411.3984375,0.0,62.23247817996166,1.9519142826466125,-9.954398104648469,55380.956369995845,55385.45648250817,32.5300635977009,55445.80078125,9.377998440617119e-05,1
2025-08-06 04:50:00+00:00,55445.80078125,55449.6015625,55433.5,55440.75,0.0,63.04102665827635,6.725783048037556,-6.618361874111264,55387.13202821053,55387.82292559608,31.35659923357941,55483.3515625,0.0006772520320907418,1
2025-08-06 04:51:00+00:00,55483.3515625,55499.6484375,55445.5,55447.55078125,0.0,68.31675892047393,13.384850436326817,-2.6177194120236487,55396.29579338095,55391.56914665114,32.984587681180884,55451.6484375,-0.0005713988810551138,1
2025-08-06 04:52:00+00:00,55451.6484375,55491.0,55450.6484375,55483.19921875,0.0,60.46871591264723,15.9205103509521,1.089926540571501,55401.56747377324,55393.92519727267,33.51080016823939,55433.44921875,-0.00032819977877686515,1
2025-08-06 04:53:00+00:00,55433.44921875,55454.0,55416.8515625,55454.0,0.0,56.459094367283534,16.273918641883938,4.126724960833989,55404.60383043769,55395.47515889923,33.77063140622229,55444.19921875,0.000193926233195027,1
2025-08-06 04:54:00+00:00,55444.19921875,55446.8984375,55428.75,55431.69921875,0.0,58.22134429328997,17.22289757476392,6.745959483619975,55408.37481980077,55397.38590634436,32.6547604129207,55403.44921875,-0.0007349731905987967,1
2025-08-06 04:55:00+00:00,55403.44921875,55446.5,55399.30078125,55443.19921875,0.0,49.96578354481487,14.51941499995155,8.300650586886292,55407.90571493879,55397.62368330145,33.69365029414065,55370.6015625,-0.0005928810699187205,1
2025-08-06 04:56:00+00:00,55370.6015625,55412.30078125,55370.6015625,55401.44921875,0.0,44.489529139730685,9.61551259803673,8.56362298911638,55404.35293851605,55396.56399228963,34.26547661241632,55379.6015625,0.00016254112734970342,1
2025-08-06 04:57:00+00:00,55379.6015625,55384.3515625,55352.19921875,55370.80078125,0.0,46.22847504441555,6.381794048407755,8.127257200974656,55401.99566460976,55395.89879896455,34.114538550815155,55375.05078125,-8.217432270371438e-05,1
2025-08-06 04:58:00+00:00,55375.05078125,55389.30078125,55375.05078125,55381.30078125,0.0,45.45311582625633,3.412501591592445,7.184306079098214,55399.42948524216,55395.08122964241,32.695642940042646,55369.55078125,-9.932270801388233e-05,1
2025-08-06 04:59:00+00:00,55369.55078125,55378.3984375,55354.19921875,55376.8984375,0.0,44.48206986172652,0.6084975118501461,5.869144365648601,55396.58389438576,55394.08003558781,32.08875549789674,55362.3515625,-0.00013002125985168546,1
2025-08-06 05:00:00+00:00,55362.3515625,55373.5,55357.30078125,55369.6015625,0.0,43.18165252618032,-2.1696028784062946,4.261394916837622,55393.3236723014,55392.83578174123,30.95378858733269,55400.6015625,0.0006909027330029249,1
2025-08-06 05:01:00+00:00,55400.6015625,55400.6015625,55358.1484375,55362.8515625,0.0,51.32389987123806,-1.2701703878192347,3.155081855906251,55394.01680470127,55393.14032216315,31.775169759666067,55383.3984375,-0.0003105223502057528,1
2025-08-06 05:02:00+00:00,55383.3984375,55411.94921875,55379.30078125,55402.3515625,0.0,47.99276617254828,-1.9233409961962025,2.13939728548576,55393.00553163448,55392.75828747048,31.837546026832776,55375.75,-0.00013809982261437493,1
2025-08-06 05:03:00+00:00,55375.75,55392.8984375,55374.1015625,55386.44921875,0.0,46.5463020733033,-3.023297700805415,1.106858288227525,55391.36214766929,55392.09129580497,30.90606952491615,55337.55078125,-0.0006898185351891397,1
2025-08-06 05:04:00+00:00,55337.55078125,55377.25,55336.1484375,55374.3984375,0.0,40.0534147450773,-6.897864732040034,-0.4940863158259867,55386.23725562936,55389.95245209693,31.63431902313642,55289.30078125,-0.0008719214948766494,0
2025-08-06 05:05:00+00:00,55289.30078125,55339.1484375,55285.8984375,55337.05078125,0.0,33.665423833335595,-13.703888876378189,-3.136046827936427,55377.00521045038,55386.00532774999,33.17829623576954,55264.3515625,-0.00045124858512337907,1
2025-08-06 05:06:00+00:00,55264.3515625,55290.3984375,55242.25,55288.44921875,0.0,30.919424309351456,-20.87032536979677,-6.682902536308497,55366.27629159796,55381.23459185784,34.247592040357425,55308.1484375,0.0007924977632365575,1
2025-08-06 05:07:00+00:00,55308.1484375,55310.75,55261.94921875,55262.80078125,0.0,40.148574731073545,-22.75344854418654,-9.897011737884108,55360.7403054934,55378.36846815753,35.2871055553319,55297.5,-0.000192529271017508,1
2025-08-06 05:08:00+00:00,55297.5,55310.69921875,55294.80078125,55306.8515625,0.0,38.79160255273313,-24.818979395400675,-12.881405269387422,55354.71741925593,55375.19715568077,33.90220069423676,55295.94921875,-2.8044328405443283e-05,1
2025-08-06 05:09:00+00:00,55295.94921875,55309.30078125,55294.75,55296.0,0.0,38.58705617317895,-26.27814447091077,-15.560753109692094,55349.120447779176,55372.089393448194,32.51995644821985,55304.30078125,0.00015103389340440356,1
2025-08-06 05:10:00+00:00,55304.30078125,55309.05078125,55293.8984375,55293.8984375,0.0,40.40941380772523,-26.455677427838964,-17.739737973321468,55344.85190810973,55369.43101649925,31.27941268406129,55310.6484375,0.0001147769008979509,1
2025-08-06 05:11:00+00:00,55310.6484375,55311.94921875,55301.1015625,55302.94921875,0.0,41.82246964683252,-25.78691525816248,-19.34917343028967,55341.59443471833,55367.12581732281,29.82000151019977,55317.05078125,0.00011575246233525049,1
2025-08-06 05:12:00+00:00,55317.05078125,55326.5,55307.75,55309.3984375,0.0,43.283310191634925,-24.458360036813247,-20.371010751594387,55339.25694391182,55365.162090418,29.029287116614075,55291.0,-0.0004709358304913473,1
2025-08-06 05:13:00+00:00,55291.0,55317.0,55284.8515625,55316.1015625,0.0,38.9928937691208,-25.216866444163315,-21.340181890108177,55334.66104449165,55362.25377314671,29.25571080471307,55279.8984375,-0.00020078425964442675,1
2025-08-06 05:14:00+00:00,55279.8984375,55296.05078125,55276.5,55294.3515625,0.0,37.296244321720366,-26.40936087791488,-22.35401768766952,55329.44555811149,55359.02415214096,28.562501550804992,55260.0,-0.0003599579243528707,1
2025-08-06 05:15:00+00:00,55260.0,55280.30078125,55257.1484375,55279.44921875,0.0,34.40645530594573,-28.630029754756837,-23.609220101086983,55322.83169543421,55355.140852057,28.176061707890348,55280.5,0.0003709735794426348,1
2025-08-06 05:16:00+00:00,55280.5,55291.3984375,55259.6484375,55259.6484375,0.0,39.59882923431998,-28.40827426219039,-24.569030933307666,55318.80010539286,55352.21375981948,28.431343014469608,55267.80078125,-0.000229723297546151,1
2025-08-06 05:17:00+00:00,55267.80078125,55280.8984375,55264.6015625,55280.8984375,0.0,37.612527575411086,-28.923836277856022,-25.439992002217338,55313.94302690306,55348.9034469344,27.564595299150348,55296.8515625,0.0005256366426625698,1
2025-08-06 05:18:00+00:00,55296.8515625,55299.8515625,55265.5,55265.75,0.0,44.474104354178905,-26.68070902485488,-25.688135406744845,55312.31526838848,55346.86219656443,28.04937867063961,55282.3515625,-0.00026222107751670425,1
2025-08-06 05:19:00+00:00,55282.3515625,55298.3515625,55271.5,55295.94921875,0.0,41.99163340923419,-25.77591463545832,-25.705691252487544,55309.46158211339,55344.332367777584,27.96382037273678,55277.8984375,-8.05523801744482e-05,1
2025-08-06 05:20:00+00:00,55277.8984375,55287.8515625,55271.3515625,55282.6015625,0.0,41.23047186985367,-25.12852256814949,-25.59025751561993,55306.45556834069,55341.72711560984,27.14497606039844,55276.19921875,-3.0739568580401496e-05,1
2025-08-06 05:21:00+00:00,55276.19921875,55285.6015625,55265.1015625,55279.25,0.0,40.92562727358253,-24.470491845124343,-25.366304381520813,55303.57401123681,55339.15739416435,26.670334913227123,55292.05078125,0.0002867701239238435,1
2025-08-06 05:22:00+00:00,55292.05078125,55292.05078125,55277.1484375,55281.19921875,0.0,45.010227769935206,-22.411562596651493,-24.77535602454695,55302.47656076187,55337.31007601084,25.89756545513947,55300.5,0.00015281073193373397,1
2025-08-06 05:23:00+00:00,55300.5,55301.8984375,55290.05078125,55290.80078125,0.0,47.10944671546695,-19.86902721569641,-23.794090262776844,55302.288316879785,55335.86654361826,24.89400051191522,55284.30078125,-0.0002929307827234835,1
2025-08-06 05:24:00+00:00,55284.30078125,55302.1015625,55258.8515625,55300.69921875,0.0,43.66755728714289,-18.942830025873263,-22.82383821539613,55300.57521824838,55333.84435685873,26.205143332492703,55259.05078125,-0.0004567300235904166,1
2025-08-06 05:25:00+00:00,55259.05078125,55282.75,55256.44921875,55282.75,0.0,38.897118411814894,-20.01554926433164,-22.26218042518323,55296.62050996282,55330.91127546231,26.322744701600367,55242.80078125,-0.000294069474054625,1
2025-08-06 05:26:00+00:00,55242.80078125,55258.19921875,55235.6015625,55258.19921875,0.0,36.15934994285547,-21.92419767890533,-22.19458387592765,55291.49482151398,55327.4559619638,26.117492847914622,55241.69921875,-1.994038108896684e-05,1
2025-08-06 05:27:00+00:00,55241.69921875,55259.19921875,55235.1484375,55242.25,0.0,35.97450203455982,-23.257603015932546,-22.40718770392863,55286.75238315551,55324.09295242601,25.969870590920724,55249.1484375,0.00013484774826534672,1
2025-08-06 05:28:00+00:00,55249.1484375,55262.44921875,55228.19921875,55243.55078125,0.0,38.27254715095765,-23.443010225666512,-22.61435220827621,55283.17105499784,55321.15395184068,26.56130840585496,55250.25,1.9938090109137712e-05,1
2025-08-06 05:29:00+00:00,55250.25,55253.8515625,55238.94921875,55249.6015625,0.0,38.62337309419885,-23.233241541260213,-22.738130074873013,55280.03571642662,55318.37340470967,25.728525216151034,55257.19921875,0.00012577714580477013,1
2025-08-06 05:30:00+00:00,55257.19921875,55257.6015625,55231.94921875,55249.94921875,0.0,40.90515669076877,-22.24977293905249,-22.64045864770891,55277.86081188599,55315.97441702498,25.723083682854533,55240.3515625,-0.00030489522610988967,1
2025-08-06 05:31:00+00:00,55240.3515625,55257.0,55236.3984375,55256.5,0.0,37.28601489533485,-22.569663017791758,-22.62629952172548,55274.288502420655,55313.00881488675,25.37149065193635,55255.1015625,0.00026701495524175954,1
2025-08-06 05:32:00+00:00,55255.1015625,55256.75,55235.8984375,55242.44921875,0.0,42.114742619932365,-21.38644683425809,-22.37832898423201,55272.46117480916,55310.73794224413,25.048638641083755,55263.25,0.00014746941494231372,1
2025-08-06 05:33:00+00:00,55263.25,55268.5,55247.3984375,55252.94921875,0.0,44.65017243620471,-19.5656876097346,-21.815800709332525,55271.58392006543,55308.87566999927,24.766704631006345,55271.3515625,0.0001465994580485223,1
2025-08-06 05:34:00+00:00,55271.3515625,55281.6015625,55263.30078125,55263.8984375,0.0,47.129730486263504,-17.269917560777685,-20.90662407962156,55271.561790773485,55307.40413637185,24.30848019307732,55263.69921875,-0.0001384504545966611,1
2025-08-06 05:35:00+00:00,55263.69921875,55272.75,55262.19921875,55270.94921875,0.0,45.07568204219374,-15.884872521732175,-19.902273768043685,55270.8129743903,55305.690218033735,23.325787411428937,55249.1015625,-0.00026414547806903366,1
2025-08-06 05:36:00+00:00,55249.1015625,55265.30078125,55244.94921875,55262.1015625,0.0,41.371515527828855,-15.78318448518985,-19.07845591147292,55268.74522087694,55303.47105507163,23.113342774898296,55241.0,-0.00014663699989465325,1
2025-08-06 05:37:00+00:00,55241.0,55251.30078125,55239.30078125,55248.30078125,0.0,39.43466252708456,-16.16992751086218,-18.496750231350774,55266.102818888656,55301.02120977471,22.319532576691277,55245.55078125,8.238050089607357e-05,1
2025-08-06 05:38:00+00:00,55245.55078125,55252.3515625,55238.80078125,55238.80078125,0.0,41.10265021396271,-15.92563334282022,-17.982526853644664,55264.145481970685,55298.84589885217,21.69319319621332,55239.1484375,-0.00011588885728283691,1
2025-08-06 05:39:00+00:00,55239.1484375,55242.44921875,55232.55078125,55241.94921875,0.0,39.456298023922535,-16.063474355396465,-17.598716353995023,55261.76481106872,55296.5048219364,21.072250825055228,55237.1015625,-3.705478918299988e-05,1
2025-08-06 05:40:00+00:00,55237.1015625,55244.05078125,55228.94921875,55237.3515625,0.0,38.91956549049811,-16.151693389700085,-17.309311761136037,55259.41593025265,55294.17528235066,20.645773087551284,55246.1015625,0.00016293396549448973,1
2025-08-06 05:41:00+00:00,55246.1015625,55250.6484375,55234.80078125,55237.94921875,0.0,42.61588212015884,-15.318797266831098,-16.91120886227505,55258.14789522859,55292.29003843495,20.303050456297623,55273.1015625,0.0004887222670264771,1
2025-08-06 05:42:00+00:00,55273.1015625,55281.80078125,55236.94921875,55238.8515625,0.0,52.000375392538,-12.337823982343252,-15.996531886288691,55259.57205401634,55291.5375491826,22.056515602276363,55258.05078125,-0.00027229847474691363,1
2025-08-06 05:43:00+00:00,55258.05078125,55276.6015625,55245.55078125,55274.8984375,0.0,47.35164703049436,-11.062333742564078,-15.009692257543769,55259.42717089574,55290.22434259701,22.698963148542337,55270.44921875,0.00022437341391359758,1
2025-08-06 05:44:00+00:00,55270.44921875,55273.1484375,55253.25,55258.69921875,0.0,51.22029702064122,-8.94790240094153,-13.797334286223322,55260.476889739,55289.44884754419,22.498925602217884,55272.94921875,4.523212739063278e-05,1
2025-08-06 05:45:00+00:00,55272.94921875,55279.30078125,55262.1015625,55270.05078125,0.0,51.98641650148966,-6.989896051789401,-12.435846639336535,55261.66473059719,55288.80180327776,22.12037511277375,55258.8515625,-0.0002550552566718787,1
2025-08-06 05:46:00+00:00,55258.8515625,55271.05078125,55255.6015625,55271.05078125,0.0,47.45978908555539,-6.500787917255366,-11.248834894920304,55261.39680982603,55287.62728403157,21.779466622575622,55257.69921875,-2.085355951881578e-05,1
2025-08-06 05:47:00+00:00,55257.69921875,55280.25,55253.6015625,55256.1015625,0.0,47.09878312600476,-6.135425342705275,-10.2261529844773,55261.04465829498,55286.45363441269,22.127250256677367,55264.55078125,0.00012399290228998772,1
2025-08-06 05:48:00+00:00,55264.55078125,55267.25,55251.8984375,55257.69921875,0.0,49.55571327456772,-5.232689845906862,-9.227460356763212,55261.37857476689,55285.59469899455,21.64327255977184,55250.8515625,-0.0002478843771701811,1
2025-08-06 05:49:00+00:00,55250.8515625,55264.30078125,55247.44921875,55264.30078125,0.0,45.05047861201502,-5.558601823126082,-8.493688650035786,55260.37600217005,55284.2322230536,21.318864698359565,55247.19921875,-6.610475036513154e-05,1
2025-08-06 05:50:00+00:00,55247.19921875,55263.69921875,55245.1015625,55249.30078125,0.0,43.9044569582622,-6.041955132081057,-8.003341946444841,55259.12107041576,55282.77994837503,21.12449266633388,55259.6015625,0.0002244881899061201,1
2025-08-06 05:51:00+00:00,55259.6015625,55266.19921875,55242.25,55245.19921875,0.0,48.678733606676985,-5.362435799979721,-7.475160717151818,55259.16683156664,55281.87099206621,21.326258815167176,55258.6484375,-1.724813377313247e-05,1
2025-08-06 05:52:00+00:00,55258.6484375,55261.1015625,55243.5,55259.6015625,0.0,48.33824632455484,-4.844971242913744,-6.949122822304203,55259.11746070315,55280.96030365185,21.06020907836952,55251.6015625,-0.0001275252869778444,1
2025-08-06 05:53:00+00:00,55251.6015625,55265.1484375,55251.6015625,55255.19921875,0.0,45.78820826064393,-4.946480820792203,-6.548594422001804,55258.40166087428,55279.80898046943,20.523542358485987,55256.8515625,9.501987004053191e-05,1
2025-08-06 05:54:00+00:00,55256.8515625,55262.05078125,55244.55078125,55251.94921875,0.0,47.98958080506993,-4.55083754624502,-6.149043046850448,55258.25403245768,55278.90868956867,20.30757504716556,55259.3515625,4.524325815364808e-05,1
2025-08-06 05:55:00+00:00,55259.3515625,55271.5,55255.55078125,55255.55078125,0.0,49.05055454397918,-3.989569025776291,-5.717148242635617,55258.35855912838,55278.14174340912,19.996263883082303,55256.25,-5.612737776142811e-05,1
2025-08-06 05:56:00+00:00,55256.25,55260.55078125,55247.69921875,55256.8515625,0.0,47.74917094952058,-3.751781649043551,-5.3240749239172045,55258.157743973294,55277.28324366759,19.485928070004995,55286.8515625,0.0005538117859970592,1
2025-08-06 05:57:00+00:00,55286.8515625,55295.55078125,55252.1484375,55253.94921875,0.0,59.23983417436767,-1.0815753664355725,-4.475575012420879,55260.89048859489,55277.658471857096,21.194243475718924,55281.6484375,-9.411143613627619e-05,1
2025-08-06 05:58:00+00:00,55281.6484375,55297.25,55278.6015625,55284.05078125,0.0,56.94671854055805,0.607728135510115,-3.45891438283468,55262.867436109664,55277.814941098,21.012400191739,55285.5,6.96716289919335e-05,1
2025-08-06 05:59:00+00:00,55285.5,55287.3515625,55274.55078125,55280.8515625,0.0,58.23549280716938,2.231577994469262,-2.320815907373892,55265.02291838493,55278.1163159569,20.425855981614784,55271.25,-0.0002577529370268877,1
2025-08-06 06:00:00+00:00,55271.25,55295.55078125,55266.8515625,55284.69921875,0.0,52.02986282871703,2.341641809958673,-1.3883243639073788,55265.61597377684,55277.84704866448,21.016810465070872,55264.80078125,-0.00011668306307528778,1
2025-08-06 06:01:00+00:00,55264.80078125,55278.6484375,55263.55078125,55271.0,0.0,49.4610167195861,1.886721174683771,-0.733315256189149,55265.53833639333,55277.3354303345,20.59401373542295,55256.44921875,-0.00015111901937468815,1
2025-08-06 06:02:00+00:00,55256.44921875,55267.0,55252.80078125,55265.25,0.0,46.27480030096955,0.8425792675625416,-0.4181363514388109,55264.67270614158,55276.516363213545,20.1372426650356,55263.6484375,0.00013028739363073498,1
2025-08-06 06:03:00+00:00,55263.6484375,55270.8984375,55255.25,55257.75,0.0,49.30637251997414,0.5892139783099992,-0.2166662854890488,55264.575156747145,55276.01173867576,19.81661372467591,55264.3515625,1.2723101349256624e-05,1
2025-08-06 06:04:00+00:00,55264.3515625,55270.55078125,55255.3515625,55266.80078125,0.0,49.605464782126376,0.4400834641855908,-0.0853163355541209,55264.55386205694,55275.55447686495,19.486799797913346,55246.30078125,-0.00032662612949662257,1
2025-08-06 06:05:00+00:00,55246.30078125,55268.3984375,55246.30078125,55264.75,0.0,42.64872157548549,-1.121720240211289,-0.2925971164855545,55262.81547340866,55274.40727311534,19.673289544490963,55251.05078125,8.597860730635741e-05,1
2025-08-06 06:06:00+00:00,55251.05078125,55255.3515625,55246.1484375,55247.5,0.0,44.84090005617597,-1.953655105586222,-0.624808714305688,55261.695026536414,55273.49133225788,18.92542064845589,55250.94921875,-1.8382003340010007e-06,1
2025-08-06 06:07:00+00:00,55250.94921875,55260.55078125,55247.25,55253.5,0.0,44.80146799236335,-2.591293902041798,-1.01810575185291,55260.67161627104,55272.60732780659,18.523660691423327,55288.1015625,0.0006724290582394547,1
2025-08-06 06:08:00+00:00,55288.1015625,55305.1015625,55250.69921875,55251.75,0.0,59.00371853877141,-0.0976183134844177,-0.8340082641792116,55263.28399210236,55273.2149448534,21.086423767035942,55256.3515625,-0.0005742646085271794,1
2025-08-06 06:09:00+00:00,55256.3515625,55288.1015625,55253.8984375,55288.1015625,0.0,47.70696555828851,-0.6755349513550755,-0.8023136016143845,55262.623760711656,55272.553635741504,22.02333099796195,55266.1015625,0.00017645030343655345,1
2025-08-06 06:10:00+00:00,55266.1015625,55276.3984375,55255.69921875,55256.5,0.0,50.820838845898855,-0.3428424602170707,-0.7104193733349218,55262.95497992959,55272.30061326145,21.92875155167895,55265.6015625,-9.047137139473353e-06,1
2025-08-06 06:11:00+00:00,55265.6015625,55269.94921875,55261.8984375,55268.19921875,0.0,50.65425874197764,-0.1181649533682502,-0.5919684893415875,55263.20703541249,55272.037905388446,20.937467958701884,55276.3515625,0.0001945152083044423,1
2025-08-06 06:12:00+00:00,55276.3515625,55281.80078125,55263.25,55264.3515625,0.0,54.13510503399527,0.9167608990464942,-0.2902226116639712,55264.45889513511,55272.207068412434,20.76699033665175,55277.05078125,1.2649509785561836e-05,1
2025-08-06 06:13:00+00:00,55277.05078125,55286.8515625,55271.80078125,55276.1484375,0.0,54.36061422375704,1.7729309583519353,0.1224081023392101,55265.65812238415,55272.39701793548,20.3586896876052,55297.3984375,0.00036810314520075544,1
2025-08-06 06:14:00+00:00,55297.3984375,55298.05078125,55273.6484375,55275.55078125,0.0,60.454167027272014,4.046689982504176,0.9072644783722036,55268.68100953804,55273.377465761536,20.6475221206334,55289.1484375,-0.00014919327550869468,1
2025-08-06 06:15:00+00:00,55289.1484375,55299.80078125,55283.1015625,55297.55078125,0.0,57.1239447756879,5.123889332106046,1.750589449118972,55270.63028839156,55273.99593524148,20.36550045130244,55301.30078125,0.0002197961823148219,1
2025-08-06 06:16:00+00:00,55301.30078125,55301.30078125,55276.5,55285.1484375,0.0,60.56957899234551,6.878874770322,2.776246513359577,55273.551287711416,55275.06671351632,20.68230622263798,55299.19921875,-3.8002044623017954e-05,1
2025-08-06 06:17:00+00:00,55299.19921875,55304.80078125,55294.80078125,55302.3515625,0.0,59.6764295545578,8.007825614848116,3.822562333657285,55275.99394781033,55276.01308627059,19.91928434959241,55331.8515625,0.0005904668460177041,1
2025-08-06 06:18:00+00:00,55331.8515625,55343.0,55295.5,55301.3984375,0.0,67.65659722329889,11.405819360676103,5.33921373906105,55281.313720637925,55278.20283043646,21.889335467478663,55326.6015625,-9.488205891808756e-05,1
2025-08-06 06:19:00+00:00,55326.6015625,55337.8984375,55320.30078125,55329.05078125,0.0,65.4149878771908,13.51928090671572,6.975227172591984,55285.62684843432,55280.10081992915,21.58278695194448,55333.55078125,0.00012560357140587746,1
2025-08-06 06:20:00+00:00,55333.55078125,55337.5,55323.44921875,55327.6484375,0.0,66.97474617380053,15.57541460054199,8.695264658181985,55290.191032512,55282.196896843685,21.04478654466273,55352.3984375,0.0003406189551165873,1
2025-08-06 06:21:00+00:00,55352.3984375,55365.8515625,55333.1484375,55333.1484375,0.0,70.81871484601412,18.512364692855044,10.658684665116596,55296.11554727276,55284.94989843805,21.87752500575825,55342.44921875,-0.00017974322758992914,1
2025-08-06 06:22:00+00:00,55342.44921875,55353.19921875,55336.3515625,55352.80078125,0.0,66.42357942304241,19.80875697665033,12.488699127423343,55300.52827788964,55287.2047737444,21.518248666061236,55320.80078125,-0.0003911723786280409,1
2025-08-06 06:23:00+00:00,55320.80078125,55342.25,55320.05078125,55342.25,0.0,57.99020938744992,18.871767233453284,13.765312748629334,55302.45899249539,55288.522264234816,21.58111929705686,55332.6015625,0.00021331544524568171,1
2025-08-06 06:24:00+00:00,55332.6015625,55335.94921875,55320.19921875,55320.19921875,0.0,60.90413583812768,18.86396844909177,14.785043888721823,55305.32971344821,55290.25086416678,21.164610775838508,55343.8984375,0.00020416309157703,1
2025-08-06 06:25:00+00:00,55343.8984375,55347.55078125,55325.6015625,55330.5,0.0,63.51326353715847,19.544059504652974,15.736847011908056,55309.00292526266,55292.35469057201,21.22065420256433,55325.6015625,-0.00033060329171900866,1
2025-08-06 06:26:00+00:00,55325.6015625,55342.05078125,55317.5,55342.05078125,0.0,56.89093297352279,18.39459028031706,16.268395665589857,55310.58374785669,55293.65848947115,21.59049586666688,55319.8984375,-0.00010308292795618891,1
2025-08-06 06:27:00+00:00,55319.8984375,55324.0,55312.25,55321.6015625,0.0,54.96708912912632,16.82943387629348,16.38060330773058,55311.470861156056,55294.68750704092,21.00200062619067,55276.3515625,-0.0007871828443285905,1
2025-08-06 06:28:00+00:00,55276.3515625,55314.05078125,55264.44921875,55314.05078125,0.0,43.00785576919287,11.937558529825765,15.491994352149618,55308.12616604596,55293.968450392254,23.46251620646277,55316.3515625,0.000723636760917057,1
2025-08-06 06:29:00+00:00,55316.3515625,55320.1484375,55276.0,55276.0,0.0,53.101485480485735,11.159735297929728,14.62554254130564,55308.90953713682,55294.84621949452,24.940082013144,55309.3984375,-0.00012569746202700858,1
2025-08-06 06:30:00+00:00,55309.3984375,55318.3984375,55306.25,55315.3515625,0.0,51.39744984745069,9.868487919105974,13.67413161686571,55308.956099076175,55295.41689471042,24.026393119348,55313.80078125,7.95948586382598e-05,1
2025-08-06 06:31:00+00:00,55313.80078125,55315.5,55304.69921875,55309.8515625,0.0,52.43813527232617,9.095549583340471,12.758415210160663,55309.41749737844,55296.13783143747,23.081706557251717,55339.30078125,0.0004610061076953487,1
2025-08-06 06:32:00+00:00,55339.30078125,55339.3515625,55309.25,55313.80078125,0.0,58.04232401033346,10.420506162641686,12.290833400656869,55312.26352441382,55297.830496136005,23.58312483887659,55352.1015625,0.00023131447396851004,1
2025-08-06 06:33:00+00:00,55352.1015625,55355.25,55337.1015625,55339.94921875,0.0,60.55494739970827,12.360970292720594,12.304860779069614,55316.05762327917,55299.95877324832,23.19493288609969,55334.6015625,-0.000316157824292184,1
2025-08-06 06:34:00+00:00,55334.6015625,55352.1015625,55327.94921875,55352.1015625,0.0,55.6486189314776,12.344399793000775,12.312768581855847,55317.82371272877,55301.31731400329,23.263319376378284,55342.6484375,0.00014542211876073812,1
2025-08-06 06:35:00+00:00,55342.6484375,55348.44921875,55328.69921875,55333.30078125,0.0,57.35943692550868,12.832656241451332,12.416746113774945,55320.18797223079,55302.93814237571,23.012367992351265,55346.1015625,6.239536952951775e-05,1
2025-08-06 06:36:00+00:00,55346.1015625,55351.30078125,55336.1015625,55341.69921875,0.0,58.10625627416519,13.344415211118758,12.602279933243707,55322.65593320881,55304.63082551784,22.45428590361189,55358.94921875,0.0002321329937844256,1
2025-08-06 06:37:00+00:00,55358.94921875,55361.19921875,55345.55078125,55347.0,0.0,60.85340939052789,14.618177122283669,13.0054593710517,55326.112436593685,55306.76095858577,21.96815387478247,55333.80078125,-0.0004542795312213451,1
2025-08-06 06:38:00+00:00,55333.80078125,55359.3515625,55326.3515625,55357.19921875,0.0,53.46314494545143,13.443406658123422,13.093048828466044,55326.84465989428,55307.821343788295,22.75614288372658,55336.3515625,4.6098066895566274e-05,1
2025-08-06 06:39:00+00:00,55336.3515625,55343.5,55325.6484375,55333.1015625,0.0,54.07239524660252,12.573282358192955,12.989095534411428,55327.75007919006,55308.94017589463,22.40581571346039,55344.8515625,0.0001536060791864751,1
2025-08-06 06:40:00+00:00,55344.8515625,55344.8515625,55328.19921875,55336.3515625,0.0,56.1333279148848,12.42633844960801,12.876544117450743,55329.37879188624,55310.34846556543,21.99485343035608,55342.0,-5.152353686918428e-05,1
2025-08-06 06:41:00+00:00,55342.0,55351.55078125,55326.3515625,55344.75,0.0,55.23780830978758,11.942125689893146,12.689660431939226,55330.5808117066,55311.58970220993,22.2237366674735,55331.19921875,-0.00019516427396913737,1
2025-08-06 06:42:00+00:00,55331.19921875,55346.8984375,55328.25,55339.8984375,0.0,51.8628555985533,10.56506333467405,12.264741012486192,55330.6397076155,55312.35870285856,21.96835815551111,55341.3515625,0.0001834831685079345,1
2025-08-06 06:43:00+00:00,55341.3515625,55347.5,55332.5,55332.5,0.0,54.66664227697589,10.175642320362384,11.846921274061431,55331.65988427116,55313.49567774646,21.563531233688884,55338.6484375,-4.884457866821727e-05,1
2025-08-06 06:44:00+00:00,55338.6484375,55347.5,55331.1015625,55339.55078125,0.0,53.76863846093056,9.538944747095227,11.385325968668193,55332.32546076914,55314.482060481896,21.194595966996825,55343.55078125,8.858806437126404e-05,1
2025-08-06 06:45:00+00:00,55343.55078125,55344.80078125,55335.19921875,55337.80078125,0.0,55.20578171089214,9.322471850697184,10.972755145073991,55333.39453891017,55315.62201031594,20.36652214792562,55366.75,0.00041918558571886445,1
2025-08-06 06:46:00+00:00,55366.75,55366.75,55339.25,55342.3984375,0.0,61.33171872828591,10.89728151190502,10.9576604184402,55336.57124949015,55317.627029519244,20.87605628021665,55372.80078125,0.00010928546916696393,1
2025-08-06 06:47:00+00:00,55372.80078125,55372.80078125,55354.0,55366.44921875,0.0,62.7621212740757,12.489604605318164,11.264049255815792,55340.02168108633,55319.79070605771,20.72782234948689,55383.5,0.000193221556414804,1
2025-08-06 06:48:00+00:00,55383.5,55384.1484375,55367.55078125,55371.6484375,0.0,65.21259861745536,14.448318443683092,11.900903093389251,55344.16247336382,55322.28910974172,20.432810485237827,55399.25,0.00028438072711186544,1
2025-08-06 06:49:00+00:00,55399.25,55399.25,55379.1015625,55381.8984375,0.0,68.49888124330457,17.074680357574834,12.93565854622637,55349.40890447202,55325.3071838695,20.41249812914941,55416.19921875,0.00030594671859276074,1
2025-08-06 06:50:00+00:00,55416.19921875,55418.6015625,55397.25,55397.30078125,0.0,71.60732519443184,20.289862494013505,14.406499335783796,55355.76988678421,55328.87157739423,20.47957415563874,55436.05078125,0.0003582267059066593,1
2025-08-06 06:51:00+00:00,55436.05078125,55454.19921875,55413.30078125,55416.30078125,0.0,74.75005595892101,24.16125676051888,16.35745082073081,55363.41568625715,55333.07468342779,21.93806439452169,55415.55078125,-0.0003697954618176673,1
2025-08-06 06:52:00+00:00,55415.55078125,55438.8984375,55405.6015625,55438.8984375,0.0,66.55712539568084,25.28373082390317,18.142706821365284,55368.38093339933,55336.30904020513,22.74940800919871,55409.55078125,-0.00010827285690409697,1
2025-08-06 06:53:00+00:00,55409.55078125,55421.19921875,55404.80078125,55414.5,0.0,64.33456192189908,25.396395906907856,19.5934446384738,55372.30187128987,55339.18126534415,22.295767258541662,55427.0,0.00031491355739170923,1
2025-08-06 06:54:00+00:00,55427.0,55428.30078125,55406.94921875,55407.75,0.0,67.71145641936761,26.58720912400895,20.99219753558083,55377.51121688131,55342.62513729144,22.22832406150297,55439.0,0.00021650098327529905,1
2025-08-06 06:55:00+00:00,55439.0,55440.8515625,55425.69921875,55426.0,0.0,69.82725669723406,28.174459261339507,22.428649880732564,55383.36729146404,55346.40454367216,21.722896896395618,55406.80078125,-0.0005808044652681326,1
2025-08-06 06:56:00+00:00,55406.80078125,55438.8515625,55396.1484375,55438.30078125,0.0,58.71022744266962,26.528356200709823,23.248591144728017,55385.59905239604,55348.77302357717,23.232087296653077,55391.5,-0.000276153487193902,1
2025-08-06 06:57:00+00:00,55391.5,55424.05078125,55390.1484375,55404.3515625,0.0,54.28725149479585,23.7157817235784,23.34202926049809,55386.16104740594,55350.44859128003,23.994248471892146,55387.94921875,-6.410335972125687e-05,1
2025-08-06 06:58:00+00:00,55387.94921875,55400.69921875,55381.0,55389.44921875,0.0,53.28403896636714,20.958679207600653,22.86535924991861,55386.331349438704,55351.91920412199,23.68746063461413,55412.8515625,0.00044959858780202006,1
2025-08-06 06:59:00+00:00,55412.8515625,55414.8984375,55384.75,55384.75,0.0,59.00567030620288,20.546222558819863,22.40153191169886,55388.85708401597,55354.3087083721,24.148958982141693,55419.69921875,0.00012357523673504778,1
2025-08-06 07:00:00+00:00,55419.69921875,55423.8984375,55406.30078125,55413.25,0.0,60.44047268536861,20.53517955696589,22.028261440752267,55391.79443018112,55356.87304211241,23.68100878698872,55432.3984375,0.00022914629507233967,1
2025-08-06 07:01:00+00:00,55432.3984375,55432.3984375,55415.55078125,55418.0,0.0,63.02508394537384,21.305551583354827,21.88371946927278,55395.6614784972,55359.8348223237,23.192912177203805,55429.3515625,-5.496559928640558e-05,1
2025-08-06 07:02:00+00:00,55429.3515625,55440.3515625,55425.30078125,55432.3984375,0.0,61.97879986512493,21.423265546101906,21.791628684638603,55398.87005792604,55362.56096899728,22.61133139668925,55448.80078125,0.0003508830286075025,1
2025-08-06 07:03:00+00:00,55448.80078125,55448.8984375,55428.3515625,55429.69921875,0.0,65.8733882407429,22.82285643661453,21.997874235033787,55403.62536490928,55365.94292241895,22.46387022549716,55447.69921875,-1.9866299802330316e-05,1
2025-08-06 07:04:00+00:00,55447.69921875,55457.75,55443.6484375,55449.3984375,0.0,65.4643796178811,23.571438542443502,22.31258709651573,55407.82287479887,55369.14905168684,21.866562530818783,55456.19921875,0.00015329761414384656,1
2025-08-06 07:05:00+00:00,55456.19921875,55463.25,55447.80078125,55447.80078125,0.0,67.1588548313516,24.56737679010257,22.7635450352331,55412.43014565136,55372.56278372853,21.415435296474588,55434.3984375,-0.0003931171186832626,1
2025-08-06 07:06:00+00:00,55434.3984375,55454.3984375,55434.05078125,55453.8984375,0.0,59.14366184587799,23.328606522154587,22.8765573326174,55414.52236392266,55374.98771132741,21.467792596726404,55424.75,-0.00017405145130019252,1
2025-08-06 07:07:00+00:00,55424.75,55436.69921875,55418.6015625,55434.19921875,0.0,55.96047793871723,21.32253102422692,22.565752070939304,55415.496424501456,55376.9391736283,21.227068571960235,55407.80078125,-0.00030580595762723335,1
2025-08-06 07:08:00+00:00,55407.80078125,55426.8515625,55405.44921875,55424.5,0.0,50.78915252977024,18.15575321502547,21.68375229975654,55414.76350609656,55378.14943275072,21.239588227534504,55404.55078125,-5.865600067454401e-05,1
2025-08-06 07:09:00+00:00,55404.55078125,55413.55078125,55392.05078125,55408.75,0.0,49.838109060726815,15.20849706006993,20.38870125181922,55413.79086563498,55379.18477975069,21.25818906842489,55415.8515625,0.00020396846631999782,1
2025-08-06 07:10:00+00:00,55415.8515625,55417.75,55401.5,55403.0,0.0,53.124965901022,13.62756385251123,19.036473771957624,55413.98712247927,55380.62269279969,20.90046127782312,55403.8515625,-0.0002165445384605516,1
2025-08-06 07:11:00+00:00,55403.8515625,55424.6015625,55400.69921875,55416.80078125,0.0,49.42172273482505,11.27637613886327,17.484454245338753,55413.02183105268,55381.533628866375,21.11488145440718,55406.05078125,3.969432968968059e-05,1
2025-08-06 07:12:00+00:00,55406.05078125,55407.05078125,55396.6015625,55403.3515625,0.0,50.10813521214029,9.481208045392124,15.883805005349428,55412.35792154766,55382.49508582259,20.35304840409238,55401.69921875,-7.853948149418755e-05,1
2025-08-06 07:13:00+00:00,55401.69921875,55410.25,55399.3515625,55402.19921875,0.0,48.69978816369395,7.619556171070144,14.230955238493571,55411.3428069955,55383.24818907465,19.677719053800068,55395.94921875,-0.00010378743036917514,1
2025-08-06 07:14:00+00:00,55395.94921875,55407.6484375,55394.80078125,55402.3984375,0.0,46.82693187612885,5.615475002632593,12.507859191321378,55409.87675097212,55383.74626866976,19.189857424957207,55410.3515625,0.0002599891138813667,1
2025-08-06 07:15:00+00:00,55410.3515625,55410.5,55391.44921875,55392.6015625,0.0,51.824446829872485,5.130236836441327,11.03233472034537,55409.92197111763,55384.78961352585,19.179923412460266,55413.94921875,6.492751171127349e-05,1
2025-08-06 07:16:00+00:00,55413.94921875,55415.3515625,55404.3984375,55410.75,0.0,53.01244669018432,4.978592767933151,9.821586329862926,55410.30551851118,55385.93312745621,18.592294954427384,55410.30078125,-6.583969472375208e-05,1
2025-08-06 07:17:00+00:00,55410.30078125,55421.19921875,55406.25,55413.94921875,0.0,51.62218052304713,4.512003765339614,8.759669816958265,55410.30506734345,55386.88872172264,18.33207522553971,55410.30078125,0.0,1
2025-08-06 07:18:00+00:00,55410.30078125,55413.8984375,55404.3984375,55409.75,0.0,51.62218052304713,4.095023734633287,7.82674060049327,55410.30465914407,55387.80684170411,17.701212709429733,55405.44921875,-8.755705043279055e-05,1
2025-08-06 07:19:00+00:00,55405.44921875,55412.1015625,55400.55078125,55410.05078125,0.0,49.6154852177041,3.3346438104708795,6.928321242488792,55409.8422362494,55388.49869962748,17.261896176613323,55390.19921875,-0.00027524368478252826,1
2025-08-06 07:20:00+00:00,55390.19921875,55406.3984375,55383.3515625,55404.3515625,0.0,43.84587202745395,1.48437869825284,5.839532733641603,55407.97147267803,55388.56538665189,17.67510894971237,55368.6484375,-0.00038907210217624383,1
2025-08-06 07:21:00+00:00,55368.6484375,55390.05078125,55364.3515625,55386.3515625,0.0,37.25307842099351,-1.7013258477672937,4.331361017359823,55404.22642170869,55387.78432982241,18.258862328304343,55369.05078125,7.266634843979706e-06,1
2025-08-06 07:22:00+00:00,55369.05078125,55376.3515625,55358.0,55367.6015625,0.0,37.442200032213286,-4.145764086402778,2.635935996607303,55400.876360712624,55387.04968085879,18.265483769139745,55356.05078125,-0.00023478820417853865,1
2025-08-06 07:23:00+00:00,55356.05078125,55376.6484375,55356.05078125,55371.6015625,0.0,33.88812159414421,-7.050714112840069,0.6986059747178286,55396.60725790666,55385.83403773687,18.432067517772623,55359.3515625,5.962819246343398e-05,1
2025-08-06 07:24:00+00:00,55359.3515625,55363.75,55351.55078125,55356.69921875,0.0,35.560655152149565,-8.983011907199398,-1.2377176016656168,55393.05909643936,55384.795509296215,17.98686403436029,55381.5,0.00040008484338901074,1
2025-08-06 07:25:00+00:00,55381.5,55383.19921875,55358.5,55359.19921875,0.0,45.520246335348375,-8.627723006407905,-2.7157186826140745,55391.958230111806,55384.66627363754,18.46631794262027,55382.80078125,2.348764930527342e-05,1
2025-08-06 07:26:00+00:00,55382.80078125,55383.1484375,55372.3984375,55381.30078125,0.0,46.04765418104869,-8.147275101146079,-3.8020299663204753,55391.08609212497,55384.59311707332,17.91515237529025,55407.44921875,0.0004450558143015547,1
2025-08-06 07:27:00+00:00,55407.44921875,55412.6484375,55377.5,55382.80078125,0.0,54.94780241685544,-5.711752239752968,-4.183974421006974,55392.64448513688,55385.48943478613,19.14610131276952,55426.94921875,0.0003519382370954041,1
2025-08-06 07:28:00+00:00,55426.94921875,55437.5,55407.3515625,55409.69921875,0.0,60.499428277173735,-2.18293230857671,-3.7837659985209218,55395.91160262385,55387.11530866707,19.931982469000268,55429.94921875,5.412529540747573e-05,1
2025-08-06 07:29:00+00:00,55429.94921875,55433.6484375,55423.5,55425.75,0.0,61.28974570865566,0.8460056125186384,-2.85781167631301,55399.15328035015,55388.79506984679,19.23315782835739,55436.5,0.00011818126017304921,1
2025-08-06 07:30:00+00:00,55436.5,55439.25,55424.25,55429.3984375,0.0,63.02920203727237,3.732033478190715,-1.5398426454122651,55402.710110792985,55390.66585142142,18.93078941204615,55445.75,0.00016685757578490705,1
2025-08-06 07:31:00+00:00,55445.75,55454.25,55428.3515625,55435.05078125,0.0,65.39388881512866,6.6885278632325935,0.1058314563167066,55406.80914786032,55392.82601411078,19.42847856118571,55445.55078125,-3.593039141863894e-06,1
2025-08-06 07:32:00+00:00,55445.55078125,55453.80078125,55439.6484375,55445.44921875,0.0,65.29702059374554,8.912754984128696,1.8672161618791048,55410.49882723077,55394.89365203781,19.05161178895816,55457.19921875,0.00021008786703114775,1
2025-08-06 07:33:00+00:00,55457.19921875,55457.3984375,55442.94921875,55446.1015625,0.0,68.25778303751726,11.483033298398368,3.7903795891829577,55414.94648356594,55397.33700759515,18.722869429032578,55440.75,-0.0002966110618950721,1
2025-08-06 07:34:00+00:00,55440.75,55458.80078125,55437.1484375,55455.6015625,0.0,60.41861694878236,12.053734945780889,5.443050660502545,55417.403961321565,55399.03947788554,18.932117594815963,55435.6484375,-9.201828077722613e-05,1
2025-08-06 07:35:00+00:00,55435.6484375,55440.44921875,55423.94921875,55440.44921875,0.0,58.18667028697706,11.956539114573388,6.745748351316713,55419.141530481415,55400.47512336062,18.779879284471967,55431.1484375,-8.117520272308981e-05,1
2025-08-06 07:36:00+00:00,55431.1484375,55438.1484375,55425.94921875,55434.0,0.0,56.21401314736658,11.385157319593418,7.673630144972055,55420.285045435565,55401.67799842492,18.309832103438257,55426.8984375,-7.66716930787025e-05,1
2025-08-06 07:37:00+00:00,55426.8984375,55434.0,55422.1015625,55430.05078125,0.0,54.34026609143064,10.468716798510286,8.232647475679702,55420.914892298846,55402.66703525139,17.851875346049813,55434.1015625,0.00012995720855862655,1
2025-08-06 07:38:00+00:00,55434.1015625,55436.5,55426.3984375,55427.80078125,0.0,56.958852552535056,10.20601448942034,8.62732087842783,55422.17076565134,55403.89976181016,17.29828157133197,55434.1015625,0.0,1
2025-08-06 07:39:00+00:00,55434.1015625,55435.30078125,55425.80078125,55433.69921875,0.0,56.95885255253506,9.883885734554497,8.878633849653163,55423.30703201788,55405.08414615094,16.741261459093973,55444.80078125,0.00019300788591183367,1
2025-08-06 07:40:00+00:00,55444.80078125,55444.8984375,55431.75,55434.19921875,0.0,60.82876620654755,10.372367713112908,9.177380622345112,55425.35405575427,55406.64166125286,16.484631176301544,55448.80078125,7.214382491482767e-05,1
2025-08-06 07:41:00+00:00,55448.80078125,55460.30078125,55440.25,55442.94921875,0.0,62.19723107825677,10.955966212401108,9.533097740356313,55427.587077230055,55408.29496007628,16.739356181565718,55440.69921875,-0.00014610888578025914,1
2025-08-06 07:42:00+00:00,55440.69921875,55448.05078125,55425.6484375,55448.05078125,0.0,57.79332957445883,10.642068698034564,9.754891931891962,55428.8358526129,55409.56571531839,17.197426722168167,55441.6484375,1.7121334387481444e-05,1
2025-08-06 07:43:00+00:00,55441.6484375,55451.75,55432.6015625,55440.55078125,0.0,58.16706740629906,10.350581614715338,9.874029868456638,55430.05609879262,55410.82386128629,17.33678463487044,55444.1015625,4.424697080869512e-05,1
2025-08-06 07:44:00+00:00,55444.1015625,55453.44921875,55436.3515625,55440.0,0.0,59.17323198272826,10.199944080894056,9.939212710944124,55431.39376200285,55412.128869177024,17.319704035951123,55453.80078125,0.0001749368909705651,1
2025-08-06 07:45:00+00:00,55453.80078125,55459.8515625,55440.1484375,55444.69921875,0.0,62.96597475926029,10.739411393929911,10.099252447541282,55433.52776383591,55413.76306180734,17.489948390526042,55464.6015625,0.00019477080196190902,1
2025-08-06 07:46:00+00:00,55464.6015625,55472.44921875,55451.6484375,55452.80078125,0.0,66.67824324088583,11.901285298517903,10.459659017736609,55436.48717323249,55415.75672850117,17.72643645191704,55463.1484375,-2.6199142499248886e-05,1
2025-08-06 07:47:00+00:00,55463.1484375,55473.5,55453.55078125,55464.05078125,0.0,65.72370575121663,12.56003937991045,10.879735090171376,55439.026341257966,55417.61522689328,17.885206616065823,55468.44921875,9.557303181180409e-05,1
2025-08-06 07:48:00+00:00,55468.44921875,55473.05078125,55454.6015625,55461.1015625,0.0,67.5487041031992,13.355877242764109,11.374963520689922,55441.82852006673,55419.60871677001,17.925493197061122,55463.6484375,-8.654976509379664e-05,1
2025-08-06 07:49:00+00:00,55463.6484375,55472.30078125,55457.25,55467.8984375,0.0,64.21401640466746,13.444224901781126,11.788815796908164,55443.90660744133,55421.33576464178,17.7201566294139,55466.19921875,4.599014529082745e-05,1
2025-08-06 07:50:00+00:00,55466.19921875,55468.25,55456.3515625,55465.6484375,0.0,65.19712005996746,13.56371373830916,12.143795385188366,55446.02971328024,55423.09511578328,17.30431954874148,55477.5,0.0002037417636177213,1
2025-08-06 07:51:00+00:00,55477.5,55480.3984375,55462.5,55465.69921875,0.0,69.23015181540109,14.404244935154566,12.595885295181606,55449.02688344403,55425.228640654524,17.346756545259943,55467.1015625,-0.0001874352214861881,1
2025-08-06 07:52:00+00:00,55467.1015625,55478.1015625,55463.1484375,55476.44921875,0.0,62.099210860608544,14.069124847948842,12.890533205735055,55450.74828144936,55426.87071602101,17.175782863455662,55447.3515625,-0.0003560669197352203,1
2025-08-06 07:53:00+00:00,55447.3515625,55469.55078125,55445.55078125,55468.05078125,0.0,51.29259065413356,12.070735892470111,12.726573743082067,55450.42478440656,55427.673886471166,17.6632269446374,55442.55078125,-8.658269718416724e-05,1
2025-08-06 07:54:00+00:00,55442.55078125,55447.5,55434.44921875,55446.5,0.0,49.05777770410528,9.984519991252457,12.178162992716146,55449.67487934404,55428.25729410955,17.333766537877587,55462.1015625,0.00035263134495990467,1
2025-08-06 07:55:00+00:00,55462.1015625,55464.25,55437.8515625,55441.75,0.0,57.23035556236771,9.7958431314255,11.701699020458015,55450.858372977935,55429.58452032094,17.981243035172046,55474.6484375,0.00022622429815179256,1
2025-08-06 07:56:00+00:00,55474.6484375,55477.69921875,55457.3984375,55463.69921875,0.0,61.49917118213981,10.537276154274878,11.46881444722139,55453.1240934086,55431.351732759336,18.146924336231187,55474.5,-2.675771801730943e-06,1
2025-08-06 07:57:00+00:00,55474.5,55478.1484375,55468.44921875,55474.1484375,0.0,61.42106564064098,10.98624688552809,11.37230093488273,55455.15989403635,55433.04382167073,17.543516794357533,55479.6015625,9.196229799277145e-05,1
2025-08-06 07:58:00+00:00,55479.6015625,55481.30078125,55463.6484375,55474.8984375,0.0,63.15310495595713,11.61976743696141,11.421794235298467,55457.48767198527,55434.869615428746,17.551290148331994,55494.3515625,0.00026586348107391386,1
2025-08-06 07:59:00+00:00,55494.3515625,55510.80078125,55476.94921875,55479.30078125,0.0,67.67225190882611,13.160334621839866,11.769502312606749,55460.99851870096,55437.20224080409,18.71559531630828,55533.44921875,0.0007045339777682892,1
2025-08-06 08:00:00+00:00,55533.44921875,55533.8984375,55494.3515625,55494.6015625,0.0,76.05539144791908,17.33625773395761,12.88285339687692,55467.89858537229,55440.97663209608,20.20354386514341,55516.05078125,-0.000313296540099038,1
2025-08-06 08:01:00+00:00,55516.05078125,55540.8984375,55513.44921875,55538.30078125,0.0,67.64853133308941,19.02251863109996,14.110786443721528,55472.48450878922,55443.92071637663,20.72109207120459,55517.8984375,3.32814784913344e-05,1
2025-08-06 08:02:00+00:00,55517.8984375,55518.6015625,55502.3515625,55512.05078125,0.0,68.0523977077345,20.274273751303557,15.343483905237932,55476.80964485691,55446.82180347951,20.40172835183284,55518.55078125,1.175015208355526e-05,1
2025-08-06 08:03:00+00:00,55518.55078125,55533.30078125,55516.44921875,55517.3984375,0.0,68.20332418226423,21.07598653776949,16.489984431744247,55480.78499118006,55449.63470456855,20.14814507670192,55530.1015625,0.0002080526434400551,1
2025-08-06 08:04:00+00:00,55530.1015625,55543.1484375,55515.8984375,55518.1484375,0.0,70.83098030202635,22.385356751809013,17.669058895757203,55485.48180749624,55452.79026762468,20.655420428366067,55531.8515625,3.151443902961977e-05,1
2025-08-06 08:05:00+00:00,55531.8515625,55541.8984375,55521.80078125,55529.1484375,0.0,71.21904433513652,23.29571396506799,18.79438990961936,55489.897974639454,55455.89071056097,20.615580129911347,55533.1015625,2.250960421503594e-05,1
2025-08-06 08:06:00+00:00,55533.1015625,55533.1015625,55516.8984375,55531.0,0.0,71.51060001707205,23.84319367385615,19.80415066246672,55494.01260205475,55458.9185871076,20.300404763489105,55531.0,-3.784342024611729e-05,1
2025-08-06 08:07:00+00:00,55531.0,55537.5,55525.0,55528.05078125,0.0,70.22261655290097,23.83276744941395,20.609874019856164,55497.53521138286,55461.74530918181,19.743232994668457,55549.3984375,0.00033131831769642184,1
2025-08-06 08:08:00+00:00,55549.3984375,55549.3984375,55526.25,55529.94921875,0.0,74.54511052079442,25.020681889538537,21.492035593792643,55502.47456625116,55465.18268676292,19.986461887906422,55547.5,-3.417566262460932e-05,1
2025-08-06 08:09:00+00:00,55547.5,55559.3984375,55540.5,55547.25,0.0,73.36174862088937,25.514805802580668,22.296589635550248,55506.76270279867,55468.41081669379,19.90874586019882,55540.94921875,-0.0001179311625185652,1
2025-08-06 08:10:00+00:00,55540.94921875,55547.1015625,55526.3515625,55545.80078125,0.0,69.27519099004594,25.08860346034635,22.854992400509467,55510.0185614607,55471.25545991168,19.99729526304176,55526.19921875,-0.00026556982204079015,1
2025-08-06 08:11:00+00:00,55526.19921875,55541.80078125,55521.05078125,55541.19921875,0.0,61.03143478509979,23.292136058757023,22.94242113215898,55511.55957644064,55473.41011712103,20.05105988711021,55458.6015625,-0.0012174011043632486,0
2025-08-06 08:12:00+00:00,55458.6015625,55526.5,55452.3984375,55526.19921875,0.0,38.44945882102194,16.226804279067437,21.599297761540672,55506.51595606534,55472.829389488834,23.91181007374519,55489.5,0.0005571441873661111,1
2025-08-06 08:13:00+00:00,55489.5,55490.6015625,55458.55078125,55466.6015625,0.0,47.93281426496926,12.97119970204949,19.87367814964244,55504.89538882102,55473.483138920645,24.493165157763396,55515.6484375,0.00047123217005018967,1
2025-08-06 08:14:00+00:00,55515.6484375,55516.5,55484.05078125,55487.94921875,0.0,54.3437872129419,12.358607657930406,18.370664051300032,55505.91948869521,55475.1366800414,25.061454700066008,55486.0,-0.0005340555020874604,1
2025-08-06 08:15:00+00:00,55486.0,55517.5,55474.75,55513.8515625,0.0,47.24112981337797,9.37270027113118,16.571071295266265,55504.02239453376,55475.56269258881,26.324922221489864,55504.5,0.0003334174386331687,1
2025-08-06 08:16:00+00:00,55504.5,55504.5,55480.19921875,55485.6484375,0.0,51.50065725079002,8.402286218552035,14.93731427992342,55504.06788076864,55476.69748895788,26.180340723526303,55499.6484375,-8.740845336864578e-05,1
2025-08-06 08:17:00+00:00,55499.6484375,55506.55078125,55494.3984375,55503.30078125,0.0,50.35255121859085,7.159218528147903,13.381695129568318,55503.64698140972,55477.59752615561,25.178340939702995,55489.1015625,-0.00019003498755270831,1
2025-08-06 08:18:00+00:00,55489.1015625,55498.69921875,55483.3984375,55498.69921875,0.0,47.85495083025631,5.262372405712085,11.757830584797071,55502.26170341832,55478.04866483578,24.54060230115278,55487.1015625,-3.60431137589659e-05,1
2025-08-06 08:19:00+00:00,55487.1015625,55491.6015625,55483.6015625,55488.0,0.0,47.375060355498974,3.5567251883621798,10.117609505510092,55500.81788047372,55478.403680430456,23.359130708213296,55481.25,-0.00010545806746472188,1
2025-08-06 08:20:00+00:00,55481.25,55491.0,55480.0,55485.69921875,0.0,45.92401288213579,1.7130681070921128,8.436701225826496,55498.95427280956,55478.51530080574,22.47633565762663,55479.44921875,-3.2457474371972514e-05,1
2025-08-06 08:21:00+00:00,55479.44921875,55484.75,55471.69921875,55481.75,0.0,45.462526165930434,0.1054332216881448,6.770447624998827,55497.096648613406,55478.551925038846,21.803081771367584,55491.8984375,0.00022439333708800817,1
2025-08-06 08:22:00+00:00,55491.8984375,55491.8984375,55473.5,55478.30078125,0.0,49.258705645340704,-0.1622112266704789,5.383915854664966,55496.60158088832,55479.07531768438,21.55989289484133,55483.1484375,-0.00015768067495212912,1
2025-08-06 08:23:00+00:00,55483.1484375,55497.69921875,55479.8515625,55489.94921875,0.0,46.79331269587519,-1.0680613075601286,4.093520422219948,55495.32032913705,55479.235047873226,21.29473313449552,55475.5,-0.00013785154079018643,1
2025-08-06 08:24:00+00:00,55475.5,55484.55078125,55470.1015625,55483.55078125,0.0,44.68787585386751,-2.375733036940801,2.799669730387798,55493.43267874305,55479.08857540761,20.805767821317268,55485.0,0.00017124676659065714,1
2025-08-06 08:25:00+00:00,55485.0,55485.0,55466.80078125,55478.0,0.0,47.82789538423378,-2.615353531051369,1.7166650780999646,55492.6295664818,55479.320395979856,20.61958574479461,55484.0,-1.802288906911778e-05,1
2025-08-06 08:26:00+00:00,55484.0,55488.55078125,55474.0,55483.25,0.0,47.52207356132181,-2.8530578665449866,0.8027204891709745,55491.80770300734,55479.503909863,20.18609970945214,55479.8515625,-7.476817641121765e-05,1
2025-08-06 08:27:00+00:00,55479.8515625,55489.19921875,55476.8515625,55482.30078125,0.0,46.202239110642616,-3.337709464241925,-0.0253655015116054,55490.669022959024,55479.51754329974,19.626210890919847,55496.1015625,0.0002928991254003952,1
2025-08-06 08:28:00+00:00,55496.1015625,55498.55078125,55477.3984375,55479.80078125,0.0,51.844154719090845,-2.383089383074548,-0.4969102778241939,55491.18640767721,55480.16789699387,19.73522038085414,55476.3515625,-0.0003558808536804598,1
2025-08-06 08:29:00+00:00,55476.3515625,55495.94921875,55474.25,55493.5,0.0,45.586684254973,-3.183508528789389,-1.0342299280172331,55489.77356527938,55480.01823681765,19.886387675078847,55470.6015625,-0.00010364776770732687,1
2025-08-06 08:30:00+00:00,55470.6015625,55488.5,55470.30078125,55476.0,0.0,43.92445537426004,-4.233027705304266,-1.6739894834746398,55487.94766025277,55479.64895547186,19.76587560900179,55469.1484375,-2.6196308658429288e-05,1
2025-08-06 08:31:00+00:00,55469.1484375,55474.8984375,55457.94921875,55470.6015625,0.0,43.49284640299142,-5.122979735853733,-2.3637875339504584,55486.15725808584,55479.23717045336,19.5646858333588,55457.6484375,-0.0002073224544443413,1
2025-08-06 08:32:00+00:00,55457.6484375,55473.80078125,55452.80078125,55469.55078125,0.0,40.13195882856873,-6.6792329821691965,-3.2268766235942064,55483.44213231576,55478.39055347479,19.66720827383317,55468.75,0.0002001809094468062,1
2025-08-06 08:33:00+00:00,55468.75,55470.8515625,55452.75,55455.3984375,0.0,44.58383971569309,-6.936808369086066,-3.9688629726925786,55482.04288161902,55478.01249255421,19.55537643284509,55463.8984375,-8.746478873239437e-05,1
2025-08-06 08:34:00+00:00,55463.8984375,55469.30078125,55455.80078125,55469.30078125,0.0,43.07629891490995,-7.446579730698431,-4.66440632429375,55480.31483932197,55477.459000199146,19.12284954478473,55450.1484375,-0.00024790900725260616,1
2025-08-06 08:35:00+00:00,55450.1484375,55463.5,55444.69921875,55463.3984375,0.0,39.04653286250498,-8.857978037020075,-5.503120666839015,55477.44184867226,55476.38799774036,19.12830448801439,55448.30078125,-3.332103343388818e-05,1
2025-08-06 08:36:00+00:00,55448.30078125,55452.75,55436.25,55452.44921875,0.0,38.52499338751139,-10.010220193980786,-6.404540572267369,55474.66650891776,55475.28653827014,18.94056845315622,55451.6015625,5.952898832773914e-05,1
2025-08-06 08:37:00+00:00,55451.6015625,55452.55078125,55444.3984375,55448.6484375,0.0,40.06514826533783,-10.535587252059486,-7.230749908225793,55472.46984735416,55474.35771569092,18.169980974359348,55458.6015625,0.0001262362096450945,1
2025-08-06 08:38:00+00:00,55458.6015625,55460.1015625,55446.94921875,55450.80078125,0.0,43.30889341342328,-10.268731388707238,-7.838346204322082,55471.14905832043,55473.7398273305,17.811578315476538,55447.3515625,-0.0002028540151219216,1
2025-08-06 08:39:00+00:00,55447.3515625,55457.6484375,55444.69921875,55457.3984375,0.0,39.59955262127888,-10.84006959960243,-8.438690883378152,55468.882630147054,55472.70499341558,17.532347275085357,55437.30078125,-0.00018126711135464795,1
2025-08-06 08:40:00+00:00,55437.30078125,55449.3515625,55434.3984375,55445.6484375,0.0,36.58479593448801,-11.96593741896504,-9.14414019049553,55465.874835014,55471.3165929385,17.34811711257926,55450.6484375,0.0002407703128019978,1
2025-08-06 08:41:00+00:00,55450.6484375,55454.6015625,55437.75,55437.75,0.0,42.81153030097073,-11.64689333250135,-9.644690818896697,55464.42470191743,55470.50607703896,17.344735979537884,55430.0,-0.00037237504126346583,1
2025-08-06 08:42:00+00:00,55430.0,55456.44921875,55425.1015625,55449.6484375,0.0,36.79289808365679,-12.911370691166669,-10.29802679335069,55461.14615887767,55468.91760342958,18.34494457028518,55427.1484375,-5.144438931986289e-05,1
2025-08-06 08:43:00+00:00,55427.1484375,55437.44921875,55426.19921875,55430.30078125,0.0,36.039378181728,-13.982395024118889,-11.03490043950433,55457.90828065122,55467.27959692254,17.83816281526481,55420.19921875,-0.0001253757219322943,1
2025-08-06 08:44:00+00:00,55420.19921875,55426.1015625,55408.1015625,55426.1015625,0.0,34.20111067299186,-15.216526751952188,-11.871225701993904,55454.31694142254,55465.43330758245,17.924499399888752,55420.80078125,1.0854571229987148e-05,1
2025-08-06 08:45:00+00:00,55420.80078125,55431.3515625,55413.6015625,55418.44921875,0.0,34.51251110872788,-15.962043470310164,-12.689389255657156,55451.12492616801,55463.68301243216,17.912035157039558,55426.8515625,0.00010917888526877988,1
2025-08-06 08:46:00+00:00,55426.8515625,55426.8515625,55413.8984375,55417.3984375,0.0,37.70597791159705,-15.881550731479363,-13.3278215508216,55448.813177247255,55462.23864184658,17.55782728867959,55426.19921875,-1.1769453461819118e-05,1
2025-08-06 08:47:00+00:00,55426.19921875,55435.8984375,55421.8984375,55426.3515625,0.0,37.493696452577005,-15.689539104394498,-13.80016506153618,55446.659466914185,55460.82533113691,17.30369676805962,55436.5,0.00018584679078112527,1
2025-08-06 08:48:00+00:00,55436.5,55436.5,55409.80078125,55427.3984375,0.0,42.95501682047177,-14.538589734416746,-13.947849996112293,55445.69189863664,55459.87139658252,17.974805481055363,55445.5,0.00016234791157450416,1
2025-08-06 08:49:00+00:00,55445.5,55447.6015625,55431.1015625,55436.6015625,0.0,47.28849193264481,-12.7532181227798,-13.708923621445797,55445.67362257601,55459.30781240282,17.86946223240855,55466.6484375,0.000381427482843513,1
2025-08-06 08:50:00+00:00,55466.6484375,55472.8515625,55445.5,55447.6015625,0.0,55.78776495837617,-9.522032038192265,-12.87154530479509,55447.67122399734,55459.595680053695,18.54675510866508,55465.80078125,-1.5282269145126766e-05,1
2025-08-06 08:51:00+00:00,55465.80078125,55475.55078125,55461.0,55471.1015625,0.0,55.40217182212527,-6.949582105386071,-11.687152664913288,55449.3978484976,55459.83901735551,18.26132840447472,55474.30078125,0.0001532475846427046,1
2025-08-06 08:52:00+00:00,55474.30078125,55476.44921875,55464.0,55464.8515625,0.0,58.49976731980469,-4.176869683898985,-10.185096068710427,55451.76955637878,55460.40614535137,17.84617771486938,55476.1484375,3.330652615678389e-05,1
2025-08-06 08:53:00+00:00,55476.1484375,55480.30078125,55469.8984375,55474.44921875,0.0,59.16373048851126,-1.809525610828132,-8.50998197713397,55454.0913545808,55461.02349014152,17.31447528880728,55469.0,-0.00012885605258002912,1
2025-08-06 08:54:00+00:00,55469.0,55477.8515625,55468.05078125,55476.6484375,0.0,55.46632180698237,-0.5043932104454143,-6.908864223796259,55455.51122557311,55461.33629444969,16.7777828574639,55469.1484375,2.6760442769835403e-06,1
2025-08-06 08:55:00+00:00,55469.1484375,55474.30078125,55460.6015625,55467.0,0.0,55.52847180946853,0.5357356583626824,-5.419944247364471,55456.81000766138,55461.64265300069,16.55788542121648,55472.8984375,6.760514818837216e-05,1
2025-08-06 08:56:00+00:00,55472.8984375,55488.30078125,55465.8515625,55470.25,0.0,57.15522898009634,1.6436914882360725,-4.007217100244362,55458.342239074576,55462.08405631439,16.978694944701015,55455.3515625,-0.0003163143714181376,1
2025-08-06 08:57:00+00:00,55455.3515625,55478.3515625,55448.19921875,55472.94921875,0.0,48.25958389704845,1.0932658109159092,-2.987120518012308,55458.05741273414,55461.82003694912,17.91966985936523,55431.3984375,-0.00043193531958775957,1
2025-08-06 08:58:00+00:00,55431.3984375,55459.25,55427.8984375,55452.8984375,0.0,39.27353876427568,-1.2612288457894465,-2.641942183567736,55455.51846271184,55460.62703304915,18.87909076226771,55405.8984375,-0.00046002808369974204,1
2025-08-06 08:59:00+00:00,55405.8984375,55434.69921875,55402.30078125,55434.69921875,0.0,32.36451339779826,-5.125733447530365,-3.1387004363602617,55450.79274602499,55458.48081361585,19.844758386391447,55392.30078125,-0.00024541892891311354,1
2025-08-06 09:00:00+00:00,55392.30078125,55408.3515625,55389.25,55406.69921875,0.0,29.39491623461213,-9.179779620433692,-4.346916273174948,55445.222082713095,55455.88551822896,19.791672965934914,55387.3984375,-8.850225899371592e-05,1
2025-08-06 09:01:00+00:00,55387.3984375,55396.3515625,55381.8515625,55392.8984375,0.0,28.383749870105447,-12.642483905532572,-6.006029799646473,55439.71506888328,55453.19975035724,19.41369632551099,55390.3984375,5.4163944951941486e-05,1
2025-08-06 09:02:00+00:00,55390.3984375,55390.3984375,55380.69921875,55387.3984375,0.0,29.971304224424827,-14.972038728265034,-7.799231585370186,55435.018246846776,55450.7369537746,18.71980507011735,55382.05078125,-0.00015070583504502345,1
2025-08-06 09:03:00+00:00,55382.05078125,55391.75,55374.55078125,55391.75,0.0,28.10441091894431,-17.292476894472202,-9.69788064719059,55429.97372631375,55448.04337838147,18.611191761537537,55384.75,4.873815093380111e-05,1
2025-08-06 09:04:00+00:00,55384.75,55387.94921875,55377.75,55382.30078125,0.0,29.63076363247606,-18.69809644754423,-11.49792380726132,55425.66670476006,55445.56128511161,18.010336546427713,55361.1015625,-0.00042698463927344623,1
2025-08-06 09:05:00+00:00,55361.1015625,55386.44921875,55360.6484375,55384.05078125,0.0,24.685934572703346,-21.472766650687845,-13.492892375946624,55419.51764359243,55442.24913912684,18.566796882397163,55321.80078125,-0.0007098988304203327,1
2025-08-06 09:06:00+00:00,55321.80078125,55363.0,55310.3984375,55360.8984375,0.0,19.00862518662824,-26.537054725507915,-16.101724845858882,55410.21127575029,55437.52567411207,20.997851569368795,55339.5,0.00031993207921747057,1
2025-08-06 09:07:00+00:00,55339.5,55347.19921875,55316.1484375,55316.1484375,0.0,27.135887282719068,-28.7904817245726,-18.639476221601623,55403.47686853598,55433.68153002925,21.715917975128168,55351.75,0.0002213608724328915,1
2025-08-06 09:08:00+00:00,55351.75,55351.94921875,55325.8515625,55339.6015625,0.0,32.206497656887834,-29.250682573132508,-20.7617174919078,55398.55050010399,55430.46852885163,22.02889928047616,55354.6484375,5.236397223213358e-05,1
2025-08-06 09:09:00+00:00,55354.6484375,55368.69921875,55345.0,55348.94921875,0.0,33.38767120227902,-29.046683294109243,-22.418710652348093,55394.36935128456,55427.49519193588,22.14820781401357,55337.55078125,-0.00030887480514494957,1
2025-08-06 09:10:00+00:00,55337.55078125,55358.80078125,55326.19921875,55352.8515625,0.0,30.060472293076277,-29.91975406360143,-23.91891933459876,55388.95805890032,55423.96796014428,22.894876005869747,55343.8984375,0.0001147079362997535,1
2025-08-06 09:11:00+00:00,55343.8984375,55358.8515625,55329.6015625,55334.0,0.0,32.740313007342266,-29.756452269750294,-25.086425921629072,55384.666666386,55420.82797886412,23.348813434021903,55363.6484375,0.00035685957364033045,1
2025-08-06 09:12:00+00:00,55363.6484375,55365.0,55326.69921875,55341.55078125,0.0,40.39312466732742,-27.713905824195532,-25.611921902142363,55382.66493030161,55418.58564390866,24.4168111351632,55364.1015625,8.184522024619324e-06,1
2025-08-06 09:13:00+00:00,55364.1015625,55373.3984375,55352.5,55363.6484375,0.0,40.56022562653484,-25.7616454372328,-25.64186660916045,55380.89699051098,55416.449013265184,24.16549873265154,55369.5,9.75079039963424e-05,1
2025-08-06 09:14:00+00:00,55369.5,55379.75,55362.0,55364.5,0.0,42.62393292223025,-23.507872109126765,-25.215067709153715,55379.81156284327,55414.60787549008,23.70724882317643,55375.1015625,0.00010116693305881397,1
2025-08-06 09:15:00+00:00,55375.1015625,55375.1015625,55361.94921875,55368.1015625,0.0,44.766808130366606,-21.027351016069588,-24.37752437053689,55379.36299138201,55413.058608314,22.95332703223525,55378.05078125,5.32589316639233e-05,1
2025-08-06 09:16:00+00:00,55378.05078125,55386.8984375,55368.6484375,55372.69921875,0.0,45.91218401184948,-18.609029564053344,-23.22382540924018,55379.238018988486,55411.68575235071,22.617375101361308,55369.19921875,-0.00015983882377812,1
2025-08-06 09:17:00+00:00,55369.19921875,55382.6015625,55366.69921875,55376.3515625,0.0,43.02816353091357,-17.20837210661557,-22.02073474871526,55378.2819427753,55410.01961377813,22.1377300048355,55366.19921875,-5.418174801748067e-05,1
2025-08-06 09:18:00+00:00,55366.19921875,55370.6015625,55358.0,55367.3515625,0.0,42.06374765904579,-16.15420034244744,-20.847427867461697,55377.13120715384,55408.30116691429,21.45657518306154,55353.1015625,-0.00023656412097661965,1
2025-08-06 09:19:00+00:00,55353.1015625,55366.19921875,55347.6484375,55364.6015625,0.0,38.05356708763095,-16.189016121606983,-19.915745518290755,55374.84266956776,55406.1364765451,21.24901847355714,55359.55078125,0.00011651052186692903,1
2025-08-06 09:20:00+00:00,55359.55078125,55359.55078125,55348.19921875,55352.3515625,0.0,41.03449968487735,-15.517335636657664,-19.03606354196414,55373.38629925178,55404.30958653353,20.54205733258877,55357.0,-4.6076624791976034e-05,1
2025-08-06 09:21:00+00:00,55357.0,55358.3984375,55349.69921875,55351.80078125,0.0,40.2103157820622,-15.017735634071869,-18.232397960385686,55371.82569932304,55402.45430863026,19.77845055883243,55360.25,5.870982892859078e-05,1
2025-08-06 09:22:00+00:00,55360.25,55366.0,55350.6484375,55357.30078125,0.0,41.8138902599306,-14.195909584945184,-17.425100285297585,55370.72325176847,55400.799237703584,19.46224426891583,55378.3984375,0.0003278243414724464,1
2025-08-06 09:23:00+00:00,55378.3984375,55378.3984375,55355.94921875,55361.69921875,0.0,49.89521632136181,-11.942513425819923,-16.32858291340205,55371.45422183814,55399.92077495051,19.67559958899327,55403.3515625,0.0004505931139948381,1
2025-08-06 09:24:00+00:00,55403.3515625,55410.1015625,55380.69921875,55380.69921875,0.0,58.4417652850988,-8.050372407415125,-14.672940812204669,55374.492063805934,55400.055315638725,20.534708546922325,55401.25,-3.7932046360575266e-05,1
2025-08-06 09:25:00+00:00,55401.25,55405.3984375,55391.94921875,55403.8984375,0.0,57.55139733658668,-5.076878049323568,-12.753728259628447,55377.040438681564,55400.10216600583,20.02860213285644,55401.3984375,2.679316802418718e-06,1
2025-08-06 09:26:00+00:00,55401.3984375,55406.44921875,55393.94921875,55400.69921875,0.0,57.600532521921615,-2.6775198992472724,-10.738486587552211,55379.36024809284,55400.15300018208,19.49084483765241,55392.55078125,-0.0001597009552020841,1
2025-08-06 09:27:00+00:00,55392.55078125,55405.5,55389.75,55399.8515625,0.0,53.61672133865516,-1.4729637856580666,-8.885382027173385,55380.61648934591,55399.85487394944,19.223641634962952,55378.80078125,-0.00024822832323248567,1
2025-08-06 09:28:00+00:00,55378.80078125,55393.55078125,55372.75,55392.25,0.0,48.054302740258606,-1.609303425604594,-7.430166306859627,55380.443564765344,55399.02922325535,19.336294464608454,55362.25,-0.0002988649269487922,1
2025-08-06 09:29:00+00:00,55362.25,55379.1015625,55356.1484375,55377.75,0.0,42.35792736570105,-3.0180728338164045,-6.547747612250984,55378.7108443115,55397.586900774746,19.594639502850708,55376.5,0.000257395608018099,1
2025-08-06 09:30:00+00:00,55376.5,55381.69921875,55349.94921875,55362.75,0.0,48.06611429855775,-2.9506634205026785,-5.828330773901323,55378.500287710405,55396.759963489465,20.46287953836137,55374.75,-3.160185277148249e-05,1
2025-08-06 09:31:00+00:00,55374.75,55379.6015625,55366.6015625,55376.55078125,0.0,47.44473823248053,-3.003825123225397,-5.2634296437661385,55378.14311745227,55395.89682766635,19.9298167141927,55366.3984375,-0.00015081896532264253,1
2025-08-06 09:32:00+00:00,55366.3984375,55376.8515625,55365.3515625,55374.8515625,0.0,44.48889436950727,-3.677465914552158,-4.946236897923343,55377.02457650444,55394.74002805199,19.32768694889322,55369.8984375,6.321523701692376e-05,1
2025-08-06 09:33:00+00:00,55369.8984375,55376.6015625,55366.1484375,55368.5,0.0,46.00704724182245,-3.884136438646237,-4.733816806067922,55376.34589659925,55393.765848030336,18.69378966682942,55380.30078125,0.00018787001680600654,1
2025-08-06 09:34:00+00:00,55380.30078125,55381.8984375,55363.69921875,55372.8984375,0.0,50.35292158524607,-3.1719775308738463,-4.421448951029107,55376.72255228028,55393.237806195815,18.65846317277018,55400.05078125,0.0003566250042232836,1
2025-08-06 09:35:00+00:00,55400.05078125,55407.8515625,55380.25,55381.30078125,0.0,57.368885614921325,-1.0023718050579191,-3.7376335218348697,55378.94428837263,55393.50498168814,19.297255981858022,55413.80078125,0.00024819471834588373,1
2025-08-06 09:36:00+00:00,55413.80078125,55415.6484375,55400.30078125,55400.94921875,0.0,61.45305633806542,1.8057508781930665,-2.6289566418292827,55382.26395436096,55394.300895396445,19.03299885815388,55396.8984375,-0.0003050204734507064,1
2025-08-06 09:37:00+00:00,55396.8984375,55413.94921875,55392.1484375,55413.30078125,0.0,54.53645107704145,2.6369335259951185,-1.5757786082644023,55383.65771465992,55394.40275979266,19.2306976004286,55411.0,0.0002545550905870604,1
2025-08-06 09:38:00+00:00,55411.0,55415.80078125,55396.69921875,55399.80078125,0.0,58.71169233903421,4.383005446346942,-0.3840217973421334,55386.26174183516,55395.05363195766,19.221473664683703,55418.25,0.00013084044684268467,1
2025-08-06 09:39:00+00:00,55418.25,55420.30078125,55411.5,55413.75,0.0,60.709533166335945,6.279409310482151,0.9486644242227236,55389.308242612766,55395.96329344951,18.512852777920585,55412.3515625,-0.00010643492892684269,1
2025-08-06 09:40:00+00:00,55412.3515625,55417.8984375,55399.8515625,55417.8984375,0.0,58.24041474516107,7.223104966877145,2.203552532753608,55391.50284450679,55396.60597066718,18.50468025806911,55401.8984375,-0.0001886425084885604,1
2025-08-06 09:41:00+00:00,55401.8984375,55416.1015625,55401.05078125,55411.55078125,0.0,54.04536311234384,7.046285552751215,3.172099136753129,55392.49290098232,55396.81351838612,18.257973186064174,55405.75,6.952040649554682e-05,1
2025-08-06 09:42:00+00:00,55405.75,55407.55078125,55393.3515625,55403.5,0.0,55.32232777236427,7.134699424277642,3.964619194258032,55393.755481841145,55397.16396864549,17.968062154916733,55409.19921875,6.225380488487205e-05,1
2025-08-06 09:43:00+00:00,55409.19921875,55417.25,55398.8515625,55408.30078125,0.0,56.48839375821139,7.39781378886255,4.651258113178936,55395.226313927706,55397.63593923782,17.998803250994108,55397.25,-0.00021565405958721176,1
2025-08-06 09:44:00+00:00,55397.25,55410.75,55393.75,55409.75,0.0,51.476045666196455,6.566437920220778,5.034294074587304,55395.41904593459,55397.62080436575,17.927460161637388,55397.3515625,1.8333491283412084e-06,1
2025-08-06 09:45:00+00:00,55397.3515625,55413.25,55392.94921875,55396.8984375,0.0,51.5154246177297,5.848345710655849,5.197104401801013,55395.6030951313,55397.610245861215,18.096983096520432,55417.3515625,0.0003610280895366585,1
2025-08-06 09:46:00+00:00,55417.3515625,55418.30078125,55392.1484375,55398.5,0.0,58.63455519265772,6.8145316352456575,5.520589848489943,55397.67437773784,55398.38441514117,18.6723660003404,55425.5,0.00014703765644249792,1
2025-08-06 09:47:00+00:00,55425.5,55426.30078125,55414.05078125,55418.44921875,0.0,61.13821400288104,8.143874235582189,6.045246725908392,55400.324437000905,55399.44777141015,18.213625571744657,55419.8984375,-0.00010106471750367611,1
2025-08-06 09:48:00+00:00,55419.8984375,55433.05078125,55417.0,55428.3515625,0.0,58.516211064368,8.645725996691908,6.565342580065096,55402.18862752463,55400.24975831563,18.05913669162004,55433.6484375,0.000248105831798061,1
2025-08-06 09:49:00+00:00,55433.6484375,55433.6484375,55418.8984375,55425.94921875,0.0,62.74034300028434,10.03725400329131,7.259724864710339,55405.18479990323,55401.55951044051,17.822769785075753,55451.05078125,0.00031393105524383244,1
2025-08-06 09:50:00+00:00,55451.05078125,55453.55078125,55432.44921875,55436.19921875,0.0,67.2812764676596,12.401318991338483,8.28804369003597,55409.552988602925,55403.5003445899,18.0569692647132,55464.1015625,0.00023535678884579298,1
2025-08-06 09:51:00+00:00,55464.1015625,55468.1484375,55446.44921875,55452.19921875,0.0,70.21314436002334,15.153269050446395,9.661088762118055,55414.74809087884,55405.87686293932,18.317129942233684,55467.6015625,6.310387983218312e-05,1
2025-08-06 09:52:00+00:00,55467.6015625,55469.6015625,55455.94921875,55464.19921875,0.0,70.9645809881424,17.41587073150731,11.212045155995906,55419.78175484276,55408.29743939268,17.98393092850271,55459.3984375,-0.00014789038589953904,1
2025-08-06 09:53:00+00:00,55459.3984375,55470.80078125,55456.44921875,55469.25,0.0,66.71646197128882,18.335712553060148,12.636778635408756,55423.55477223869,55410.30140010278,17.724476040752513,55462.55078125,5.6840568755042227e-05,1
2025-08-06 09:54:00+00:00,55462.55078125,55470.30078125,55455.69921875,55461.25,0.0,67.52109044304962,19.09890137275943,13.92920318287889,55427.26867785881,55412.350395441885,17.501410787841618,55448.6015625,-0.00025150698180141683,1
2025-08-06 09:55:00+00:00,55448.6015625,55467.6015625,55444.6015625,55467.6015625,0.0,60.545963669153394,18.36643184263812,14.816648914830736,55429.30038115797,55413.77200983632,17.894167160138643,55453.69921875,9.193480279667784e-05,1
2025-08-06 09:56:00+00:00,55453.69921875,55457.80078125,55444.3515625,55449.8984375,0.0,62.08731808177477,17.989906278096896,15.451300387483968,55431.62407997626,55415.3377827349,17.57667084512874,55441.44921875,-0.0002209050103524569,1
2025-08-06 09:57:00+00:00,55441.44921875,55462.30078125,55438.05078125,55452.8984375,0.0,56.38650892675568,16.51268646225799,15.663577602438773,55432.55980747852,55416.361760617845,18.05333721333383,55439.6484375,-3.2480775220987285e-05,1
2025-08-06 09:58:00+00:00,55439.6484375,55453.25,55432.05078125,55453.25,0.0,55.578621356284366,15.023489681036152,15.53556001815825,55433.234915099616,55417.27496363284,18.27804303738141,55422.25,-0.0003138266203043146,1
2025-08-06 09:59:00+00:00,55422.25,55447.69921875,55406.6015625,55428.1015625,0.0,48.36807037173394,12.297622662350475,14.887972546996696,55432.18873270918,55417.47006309821,19.90801540971131,55305.5,-0.0021065546779497402,0
2025-08-07 03:45:00+00:00,55305.5,55324.25,55216.1484375,55216.1484375,0.0,24.963588740409406,0.708437702844094,12.052065578166175,55420.12313911783,55413.07908023162,33.20755448758907,55253.69921875,-0.0009366298333800436,0
2025-08-07 03:46:00+00:00,55253.69921875,55302.94921875,55251.0,55302.94921875,0.0,20.27567431375384,-12.511737481421733,7.139304966248595,55404.27324193994,55406.82888958528,34.72844345276128,55326.44921875,0.0013166539259567391,2
2025-08-07 03:47:00+00:00,55326.44921875,55326.44921875,55250.30078125,55251.25,0.0,37.91053222006928,-16.92342188525072,2.326759595948732,55396.861430207566,55403.67674563096,37.68701445613548,55338.05078125,0.00020969288041836341,1
2025-08-07 03:48:00+00:00,55338.05078125,55361.1015625,55312.0,55332.25,0.0,40.18287989282134,-19.26152950210235,-1.9908982236614845,55391.26041602113,55401.103178400335,38.50233931641152,55344.8984375,0.0001237422741373494,1
2025-08-07 03:49:00+00:00,55344.8984375,55363.69921875,55317.5,55336.94921875,0.0,41.542774317335095,-20.327623808727367,-5.6582433406746615,55386.84498949531,55398.89907091405,39.05211641881069,55305.19921875,-0.0007173058379505677,1
2025-08-07 03:50:00+00:00,55305.19921875,55346.3984375,55305.19921875,55343.55078125,0.0,36.37912609324459,-24.098118293302832,-9.346218331200296,55379.06920180528,55395.224566907615,39.2054808710385,55290.8515625,-0.0002594268975191711,1
2025-08-07 03:51:00+00:00,55290.8515625,55330.69921875,55287.5,55307.3515625,0.0,34.70040192450182,-27.92212936191936,-13.06140053734411,55370.66752187144,55391.13150791124,39.490747862392894,55284.44921875,-0.00011579390747423885,1
2025-08-07 03:52:00+00:00,55284.44921875,55290.80078125,55270.6015625,55287.75,0.0,33.94760314545151,-31.11067680187261,-16.67125579024981,55362.4562549075,55386.94788872844,38.11640872936483,55277.80078125,-0.00012025872725426645,1
2025-08-07 03:53:00+00:00,55277.80078125,55301.05078125,55261.0,55285.55078125,0.0,33.143506698961644,-33.78464856476785,-20.093934345153414,55354.39382884488,55382.6676100038,38.25457819512449,55264.05078125,-0.00024874361507999686,1
2025-08-07 03:54:00+00:00,55264.05078125,55275.0,55235.05078125,55275.0,0.0,31.482628436116684,-36.59149654351495,-23.393446784825723,55345.78972907394,55378.01596966051,38.57567975261559,55272.1015625,0.00014567844984558154,1
2025-08-07 03:55:00+00:00,55272.1015625,55280.6015625,55250.19921875,55263.3984375,0.0,33.58132459026386,-37.73136928705208,-26.261031285270995,55338.77180844785,55373.86246349736,37.991870038143055,55279.6484375,0.0001365404026019569,1
2025-08-07 03:56:00+00:00,55279.6484375,55285.1015625,55258.55078125,55270.69921875,0.0,35.57349844081607,-37.592414948936494,-28.527308018004096,55333.14101121472,55370.16779581119,37.17464941041855,55289.94921875,0.0001863394855277746,1
2025-08-07 03:57:00+00:00,55289.94921875,55299.5,55276.75,55281.44921875,0.0,38.29401878974801,-36.23342925727047,-30.06853226585737,55329.02750717046,55367.021969259775,36.14431730967437,55293.8984375,7.142742588486112e-05,1
2025-08-07 03:58:00+00:00,55293.8984375,55302.6015625,55282.5,55288.05078125,0.0,39.35140557585599,-34.44074291185825,-30.942974395057558,55325.68188148756,55364.154379779,34.998406251840485,55308.3515625,0.00026138733944282673,1
2025-08-07 03:59:00+00:00,55308.3515625,55314.8984375,55290.6484375,55293.05078125,0.0,43.18829837637711,-31.490773633697245,-31.05253424278549,55324.03137491732,55361.96603400335,34.23066294813759,55290.1015625,-0.00032996825044364204,1
2025-08-07 04:00:00+00:00,55290.1015625,55309.5,55287.6484375,55308.3515625,0.0,39.76716975783241,-30.27651538290229,-30.897330470808853,55320.799964210906,55359.14781943459,33.34644148755633,55282.19921875,-0.00014292510823238732,1
2025-08-07 04:01:00+00:00,55282.19921875,55295.3984375,55263.1484375,55290.0,0.0,38.35055206708896,-29.61052833019494,-30.639970042686077,55317.123702738434,55356.13022725088,33.26812423844517,55296.19921875,0.00025324607555141614,1
2025-08-07 04:02:00+00:00,55296.19921875,55310.69921875,55278.80078125,55282.30078125,0.0,42.27390145914827,-27.634492567194684,-30.038874547587795,55315.13089473954,55353.77999162339,33.17028947141337,55286.44921875,-0.00017632314947053253,1
2025-08-07 04:03:00+00:00,55286.44921875,55306.8515625,55279.44921875,55300.8515625,0.0,40.34809731515461,-26.54917118515732,-29.3409338751017,55312.39930655005,55351.13956915777,32.75829334845527,55283.55078125,-5.2425821172415175e-05,1
2025-08-07 04:04:00+00:00,55283.55078125,55288.3515625,55266.80078125,55286.3984375,0.0,39.76810967097945,-25.627507895129384,-28.59824867910724,55309.65182795005,55348.48902845551,31.957756769994177,55265.3984375,-0.00032834981641874855,1
2025-08-07 04:05:00+00:00,55265.3984375,55285.55078125,55263.5,55282.75,0.0,36.25333788686793,-26.06140586852416,-28.090880116990625,55305.43721933576,55345.23057390824,31.250115661423163,55231.19921875,-0.0006188179171217977,1
2025-08-07 04:06:00+00:00,55231.19921875,55268.44921875,55226.6015625,55264.55078125,0.0,30.74086540774056,-28.83250115116971,-28.23920432382644,55298.36693356569,55340.7587560589,32.00708284632151,55254.80078125,0.0004273230136923714,1
2025-08-07 04:07:00+00:00,55254.80078125,55258.3515625,55228.0,55230.6015625,0.0,37.77299096496965,-28.792265960633813,-28.34981665118792,55294.21777620229,55337.38785508601,31.88883139301283,55263.69921875,0.0001610436989037081,1
2025-08-07 04:08:00+00:00,55263.69921875,55265.94921875,55248.30078125,55254.30078125,0.0,40.23676751619451,-27.72277880611364,-28.224409082173064,55291.31124692112,55334.49810464146,30.87166040065477,55249.75,-0.00025241196205098187,1
2025-08-07 04:09:00+00:00,55249.75,55263.25,55236.30078125,55261.55078125,0.0,37.71580392372256,-27.68169060748187,-28.115865387234827,55287.35303292864,55331.174649557484,30.623573050608,55247.1484375,-4.708731713718162e-05,1
2025-08-07 04:10:00+00:00,55247.1484375,55269.44921875,55247.1484375,55248.3984375,0.0,37.247093148836704,-27.54157018852129,-28.00100634749212,55283.5240238402,55327.8795039866,30.029087921993145,55243.6484375,-6.335168599623708e-05,1
2025-08-07 04:11:00+00:00,55243.6484375,55260.30078125,55242.5,55247.69921875,0.0,36.58831014859996,-27.39712746497389,-27.88023057098848,55279.72634895065,55324.576324908696,29.155637445422204,55237.05078125,-0.00011942832228874728,1
2025-08-07 04:12:00+00:00,55237.05078125,55264.1484375,55235.0,55244.0,0.0,35.32013658294844,-27.49805087284767,-27.80379463136032,55275.66200916964,55321.14395064757,29.155123163606333,55240.0,5.339203864593547e-05,1
2025-08-07 04:13:00+00:00,55240.0,55249.75,55234.19921875,55238.1484375,0.0,36.38163856420554,-27.02848850440205,-27.648733405968667,55272.26562734396,55317.96183493591,28.183384455491595,55250.55078125,0.0001909989364590876,1
2025-08-07 04:14:00+00:00,55250.55078125,55260.94921875,55237.94921875,55243.1015625,0.0,40.16493030331483,-25.51092303334008,-27.22117133144295,55270.19754676358,55315.31826420312,27.813142708670767,55244.8984375,-0.00010230384439747879,1
2025-08-07 04:15:00+00:00,55244.8984375,55250.8515625,55229.6015625,55250.6015625,0.0,38.83259837846485,-24.482123683839745,-26.67336180192231,55267.788107786095,55312.55670237163,27.344346800908568,55280.94921875,0.0006525630831014232,1
2025-08-07 04:16:00+00:00,55280.94921875,55280.94921875,55233.30078125,55244.8515625,0.0,50.18305442164973,-20.52123994923022,-25.442937431383896,55269.04154692552,55311.31719321,28.79463899370081,55271.30078125,-0.0001745345844518798,1
2025-08-07 04:17:00+00:00,55271.30078125,55288.8984375,55256.30078125,55278.6015625,0.0,47.635346718201134,-17.953799103597703,-23.945109765826658,55269.25671209928,55309.74792215275,29.066283083436467,55271.3515625,9.187634320563488e-07,1
2025-08-07 04:18:00+00:00,55271.3515625,55275.55078125,55260.19921875,55271.05078125,0.0,47.65041059901872,-15.73361875043338,-22.302811562748,55269.45622166125,55308.242182558526,28.08666018461957,55262.6484375,-0.00015746177276230777,1
2025-08-07 04:19:00+00:00,55262.6484375,55273.6484375,55255.1484375,55269.1484375,0.0,45.2479616077592,-14.509127091965638,-20.74407466859153,55268.80786126494,55306.45419255624,27.401898742861032,55244.5,-0.00032840332508720076,1
2025-08-07 04:20:00+00:00,55244.5,55262.6484375,55242.5,55262.6484375,0.0,40.64589479649038,-14.8321599567862,-19.561691726230464,55266.49282685876,55304.02461637756,26.88379436837096,55251.8984375,0.00013392170261292979,1
2025-08-07 04:21:00+00:00,55251.8984375,55255.05078125,55232.75,55242.1015625,0.0,43.182883547153374,-14.326032173303249,-18.514559815645026,55265.10288501507,55301.98045250001,26.55643628848732,55256.6015625,8.512150954089106e-05,1
2025-08-07 04:22:00+00:00,55256.6015625,55260.69921875,55242.0,55249.44921875,0.0,44.79818047788598,-13.391055623018474,-17.489858977119713,55264.29323525173,55300.200888186286,25.99520646430965,55263.75,0.00012936802658618986,1
2025-08-07 04:23:00+00:00,55263.75,55276.8984375,55252.05078125,55252.05078125,0.0,47.25278753514623,-11.935673788771965,-16.379021939450165,55264.24149856108,55298.77144159075,25.913238591858963,55260.55078125,-5.789000474994911e-05,1
2025-08-07 04:24:00+00:00,55260.55078125,55266.3984375,55247.75,55264.6484375,0.0,46.2613521761741,-10.914606624755834,-15.2861388765113,55263.89000167431,55297.27259216562,25.39432422815475,55259.6015625,-1.7177149640753698e-05,1
2025-08-07 04:25:00+00:00,55259.6015625,55264.25,55252.25,55256.8984375,0.0,45.95327431742712,-10.065963400811595,-14.24210378137136,55263.4815788958,55295.79529688462,24.437586783286555,55235.94921875,-0.00042802233605047994,1
2025-08-07 04:26:00+00:00,55235.94921875,55259.8984375,55230.0,55255.0,0.0,38.98626553262838,-11.173156804827158,-13.628314386062522,55260.8594493581,55293.44839185973,24.827647548766087,55228.80078125,-0.0001294163964068068,1
2025-08-07 04:27:00+00:00,55228.80078125,55235.94921875,55220.6484375,55235.94921875,0.0,37.15291939711975,-12.48353232871159,-13.399357974592338,55257.806242871615,55290.91319144367,24.147157098854223,55226.1015625,-4.887339054655657e-05,1
2025-08-07 04:28:00+00:00,55226.1015625,55234.55078125,55211.75,55225.3984375,0.0,36.45579379733175,-13.583239635707288,-13.436134306815328,55254.78674950288,55288.37155893607,24.05098739536464,55219.3984375,-0.0001213760307236968,1
2025-08-07 04:29:00+00:00,55219.3984375,55229.8515625,55214.6484375,55224.94921875,0.0,34.713809327037424,-14.824761148185644,-13.713859675089392,55251.41643407404,55285.66673064446,23.41899722426716,55218.6015625,-1.443106992376858e-05,1
2025-08-07 04:30:00+00:00,55218.6015625,55233.3984375,55211.3515625,55221.19921875,0.0,34.502738189913416,-15.692088416966726,-14.10950542346486,55248.29120820985,55283.03672405056,23.320988493962368,55209.1015625,-0.0001720434732351431,1
2025-08-07 04:31:00+00:00,55209.1015625,55218.6015625,55192.44921875,55218.6015625,0.0,32.004383320749625,-16.950625867801136,-14.677729512332116,55244.55886099939,55280.13730595054,23.523228155107912,55198.1015625,-0.00019924251054053728,1
2025-08-07 04:32:00+00:00,55198.1015625,55210.1484375,55191.8515625,55209.05078125,0.0,29.35392764376435,-18.6209828350693,-15.466380176879554,55240.1343563804,55276.920217972096,23.149917215457343,55196.0,-3.8073093829512085e-05,1
2025-08-07 04:33:00+00:00,55196.0,55198.25,55185.80078125,55197.8984375,0.0,28.862144111430425,-19.88510814748588,-16.35012577100082,55235.93108434416,55273.746876090845,22.385581610781824,55169.30078125,-0.0004837165510181897,1
2025-08-07 04:34:00+00:00,55169.30078125,55197.1015625,55166.25,55194.3984375,0.0,23.48008610197321,-22.778761005960405,-17.63585281799274,55229.58534119234,55269.65095080297,22.990294531440263,55166.8515625,-4.4394594735055965e-05,1
2025-08-07 04:35:00+00:00,55166.8515625,55181.8984375,55163.6484375,55179.94921875,0.0,23.055363413775865,-24.98166019986093,-19.105014294366377,55223.61069560259,55265.61960224208,22.651702064908815,55174.25,0.00013411020006494503,1
2025-08-07 04:36:00+00:00,55174.25,55182.3515625,55158.6015625,55166.55078125,0.0,27.3314769397678,-25.83269834094972,-20.450551103683047,55218.90967697377,55262.03648058553,22.73015191741533,55161.69921875,-0.00022747533949260752,1
2025-08-07 04:37:00+00:00,55161.69921875,55184.3515625,55160.55078125,55179.05078125,0.0,24.81232812279833,-27.20627831370075,-21.80169654568659,55213.46106190484,55258.10168600374,22.806625441171377,55170.1484375,0.00015317183606860371,1
2025-08-07 04:38:00+00:00,55170.1484375,55172.8515625,55151.94921875,55161.6484375,0.0,29.521838588708132,-27.29839014916797,-22.901035266382863,55209.33605005676,55254.6525390036,22.670605320373426,55162.80078125,-0.0001331817379161823,1
2025-08-07 04:39:00+00:00,55162.80078125,55171.30078125,55148.30078125,55171.1484375,0.0,27.886028952102848,-27.64560259690916,-23.849948732488123,55204.90411969421,55251.05050928777,22.694133511775323,55163.5,1.2675548378567219e-05,1
2025-08-07 04:40:00+00:00,55163.5,55171.5,55155.6484375,55163.19921875,0.0,28.293220260256405,-27.5468074052842,-24.589320467047337,55200.96087019952,55247.61715598237,22.205378439505655,55172.3984375,0.00016131024137337188,1
2025-08-07 04:41:00+00:00,55172.3984375,55172.69921875,55155.25,55162.75,0.0,33.443765467755384,-26.44563316791755,-24.96058300722138,55198.24063851386,55244.6674023164,21.865652747398112,55175.0,4.71533334362305e-05,1
2025-08-07 04:42:00+00:00,55175.0,55180.8515625,55168.05078125,55169.94921875,0.0,34.91565333866137,-25.073983031317766,-24.98326301204066,55196.02724436969,55241.9353473236,21.218161926155396,55164.94921875,-0.00018216187131853194,1
2025-08-07 04:43:00+00:00,55164.94921875,55175.0,55158.6015625,55175.0,0.0,31.97374132000013,-24.515356693162172,-24.88968174826497,55193.06743240591,55238.91628345796,20.873895895715723,55173.25,0.00015047201832968696,1
2025-08-07 04:44:00+00:00,55173.25,55176.44921875,55163.6484375,55166.3984375,0.0,36.71622369795609,-23.136138616908283,-24.53897312199363,55191.180057891055,55236.34113508707,20.29724484959317,55178.75,9.968598913422718e-05,1
2025-08-07 04:45:00+00:00,55178.75,55180.75,55166.25,55173.25,0.0,39.7151495713746,-21.353148515954672,-23.90180820078584,55189.99624285381,55234.0826592013,19.88315593176509,55172.0,-0.000122329701198378,1
2025-08-07 04:46:00+00:00,55172.0,55201.19921875,55166.8515625,55179.05078125,0.0,37.374306732693455,-20.25133976430516,-23.171714513489704,55188.28231496298,55231.64804511498,20.916334525924725,55169.1484375,-5.1684957949684626e-05,1
2025-08-07 04:47:00+00:00,55169.1484375,55181.1484375,55161.3515625,55168.75,0.0,36.39828217065277,-19.384789861855097,-22.414329583162782,55186.460040918886,55229.19708011047,20.83637313121582,55169.94921875,1.4515019221425698e-05,1
2025-08-07 04:48:00+00:00,55169.94921875,55174.30078125,55161.3984375,55165.8984375,0.0,36.89665649116587,-18.42107972617669,-21.615679611765565,55184.88758166471,55226.87363456693,20.26965674684326,55179.5,0.0001731156433030408,1
2025-08-07 04:49:00+00:00,55179.5,55179.75,55166.75,55168.44921875,0.0,42.66699391950636,-16.694223654347297,-20.631388420281912,55184.37447864901,55225.015844976064,19.75039555064017,55174.3515625,-9.330344602615102e-05,1
2025-08-07 04:50:00+00:00,55174.3515625,55187.25,55171.44921875,55179.5,0.0,40.51620011526546,-15.561727744447126,-19.617456285114955,55183.41991520625,55223.02901036916,19.468280243451584,55164.94921875,-0.00017041149526423127,1
2025-08-07 04:51:00+00:00,55164.94921875,55174.05078125,55157.6015625,55173.0,0.0,36.86170402278629,-15.247147513109669,-18.7433945307139,55181.66080125803,55220.75137148213,19.274117368919327,55155.0,-0.0001803539909109236,1
2025-08-07 04:52:00+00:00,55155.0,55162.3515625,55142.55078125,55158.1484375,0.0,33.42596414697145,-15.620594724874536,-18.118834569546028,55179.1216773287,55218.17288632597,19.497283092567947,55160.3984375,9.787757229625601e-05,1
2025-08-07 04:53:00+00:00,55160.3984375,55164.6484375,55151.3515625,55153.30078125,0.0,36.86456544823508,-15.304524509308976,-17.55597255749862,55177.33851163073,55215.90722166613,19.054396800241665,55178.25,0.0003236300499211745,1
2025-08-07 04:54:00+00:00,55178.25,55178.25,55155.75,55158.55078125,0.0,46.673328721820006,-13.45842434601218,-16.736462915201333,55177.42532004685,55214.4304678753,19.30051131451012,55203.05078125,0.00044946661501588033,1
2025-08-07 04:55:00+00:00,55203.05078125,55203.25,55174.0,55177.75,0.0,56.73089309504384,-9.88026731669379,-15.365223795499825,55179.86584016144,55213.98420565471,20.011189077759397,55193.1484375,-0.0001793803713718551,1
2025-08-07 04:56:00+00:00,55193.1484375,55205.80078125,55193.1484375,55201.8984375,0.0,52.47529546641753,-7.754202851370792,-13.84301960667402,55181.13084943178,55213.16711670747,19.485557268633723,55161.1484375,-0.0005797821089376045,1
2025-08-07 04:57:00+00:00,55161.1484375,55194.6484375,55161.1484375,55194.6484375,0.0,41.612107132663326,-8.552822397323325,-12.784980164803882,55179.22776258113,55211.127168503255,20.48658889230274,55139.05078125,-0.00040060181624096555,1
2025-08-07 04:58:00+00:00,55139.05078125,55162.3984375,55134.25,55159.3515625,0.0,36.06054038992213,-10.84382940742944,-12.396750013328994,55175.40138340674,55208.30064351293,21.033863792852543,55125.05078125,-0.00025390353663398013,1
2025-08-07 04:59:00+00:00,55125.05078125,55144.75,55125.05078125,55139.3515625,0.0,33.05197294561127,-13.632010632936726,-12.64380213725054,55170.60608796324,55205.03594303203,20.938532004077363,55101.05078125,-0.0004353737485927769,1
2025-08-07 05:00:00+00:00,55101.05078125,55127.1015625,55100.55078125,55123.6484375,0.0,28.64056701942256,-17.57566246906208,-13.63017420361285,55163.98177303817,55200.95809355038,21.33940695021469,55086.94921875,-0.0002559218435957402,1
2025-08-07 05:01:00+00:00,55086.94921875,55103.0,55085.05078125,55100.3515625,0.0,26.41012580281533,-21.5900366999922,-15.22214670288872,55156.64533929644,55196.4871572837,21.09725065019936,55110.55078125,0.0004284419964205735,1
2025-08-07 05:02:00+00:00,55110.55078125,55110.8515625,55076.3984375,55085.6015625,0.0,35.46829653100362,-22.60641566497361,-16.6990004953057,55152.25538138726,55193.1171033216,22.05124167518512,55111.25,1.2687565993949236e-05,1
2025-08-07 05:03:00+00:00,55111.25,55113.30078125,55093.8984375,55104.8984375,0.0,35.72073198901049,-23.0893228664354,-17.97706496953164,55148.35010696943,55189.906628681536,21.86203468052904,55123.05078125,0.00021412653949964844,1
2025-08-07 05:04:00+00:00,55123.05078125,55131.75,55110.05078125,55111.25,0.0,39.98752104319935,-22.263169914680475,-18.83428595856141,55145.94064737709,55187.28483074305,21.85040497120553,55113.6484375,-0.00017057009031144172,1
2025-08-07 05:05:00+00:00,55113.6484375,55123.3515625,55099.44921875,55122.6484375,0.0,37.83271677399976,-22.11223226114089,-19.489875219077305,55142.86519881737,55184.39712904725,21.99697202683371,55127.3515625,0.0002486339661497755,1
2025-08-07 05:06:00+00:00,55127.3515625,55130.05078125,55108.69921875,55113.55078125,0.0,42.680610384965775,-20.64885823331133,-19.72167182192411,55141.387709644296,55182.16004800618,21.95087134634559,55141.75,0.0002611850033041391,1
2025-08-07 05:07:00+00:00,55141.75,55148.75,55127.3515625,55127.3515625,0.0,47.32841643518167,-18.118432191753527,-19.401023895889995,55141.4222134877,55180.57534024124,21.911411785892334,55130.0,-0.0002130871798591811,1
2025-08-07 05:08:00+00:00,55130.0,55149.05078125,55127.8984375,55142.0,0.0,44.18008685598577,-16.866748743901553,-18.894168865492308,55140.33438363173,55178.59199356511,21.857192640471453,55123.1015625,-0.00012513037366225285,1
2025-08-07 05:09:00+00:00,55123.1015625,55134.6484375,55116.69921875,55129.44921875,0.0,42.39692752121111,-16.244174119587115,-18.36416991631127,55138.693162571566,55176.41589822923,21.57805164829492,55125.0,3.4439961580309525e-05,1
2025-08-07 05:10:00+00:00,55125.0,55129.19921875,55119.55078125,55123.55078125,0.0,43.07781508390434,-15.41984087695164,-17.775304108439343,55137.38905185046,55174.39958849474,20.72593635198814,55134.0,0.00016326530612244898,1
2025-08-07 05:11:00+00:00,55134.0,55137.80078125,55122.19921875,55124.05078125,0.0,46.31743387294572,-13.880322343531589,-16.996307755457792,55137.06628500757,55172.81529090672,20.3599096482747,55118.1015625,-0.0002883599503028984,1
2025-08-07 05:12:00+00:00,55118.1015625,55145.8515625,55118.1015625,55136.19921875,0.0,41.792546258782586,-13.78421796726616,-16.353889797819466,55135.26012095923,55170.66965449861,20.88777324482651,55096.94921875,-0.00038376401128429195,1
2025-08-07 05:13:00+00:00,55096.94921875,55123.5,55096.94921875,55117.8984375,0.0,36.66091603546352,-15.239203863726289,-16.130952611000833,55131.61146360597,55167.77865701827,21.29227381662462,55130.8984375,0.0006161723876073843,1
2025-08-07 05:14:00+00:00,55130.8984375,55132.69921875,55094.44921875,55098.80078125,0.0,47.7500656688905,-13.497284151686472,-15.60421891913796,55131.543556357785,55166.33237389991,22.503539972580004,55104.5,-0.0004788319843894254,1
2025-08-07 05:15:00+00:00,55104.5,55135.1484375,55097.0,55130.6015625,0.0,41.64460627808,-14.084575298649725,-15.300290195040311,55128.96797956181,55163.90757492345,23.621032653110003,55102.44921875,-3.721622099828508e-05,1
2025-08-07 05:16:00+00:00,55102.44921875,55106.0,55095.94921875,55103.3984375,0.0,41.203840497198165,-14.547790794997129,-15.149790315031677,55126.442383294016,55161.49744330881,22.65172898145929,55104.19921875,3.175902386938761e-05,1
2025-08-07 05:17:00+00:00,55104.19921875,55116.3984375,55101.75,55106.94921875,0.0,41.77020724624028,-14.605320989627216,-15.040896449950786,55124.32398667077,55159.25045411042,22.080065304212194,55096.5,-0.00013972108948423354,1
2025-08-07 05:18:00+00:00,55096.5,55114.3984375,55096.05078125,55104.75,0.0,39.94703928925468,-15.098134791805933,-15.052344118321816,55121.674083178325,55156.789651988445,21.81346465748275,55104.25,0.00014066229252311852,1
2025-08-07 05:19:00+00:00,55104.25,55104.25,55086.8984375,55097.69921875,0.0,42.66008326992469,-14.693950337205024,-14.980665362098458,55120.01464668515,55154.72927347909,21.494757360519696,55114.05078125,0.00017785889926820526,1
2025-08-07 05:20:00+00:00,55114.05078125,55115.1015625,55097.75,55103.75,0.0,45.9835556973878,-13.428000475767476,-14.670132384832264,55119.446659500856,55153.13403848971,21.198814870482572,55104.19921875,-0.00017874865592988742,1
2025-08-07 05:21:00+00:00,55104.19921875,55113.19921875,55098.75,55113.19921875,0.0,43.26875162656766,-13.06901339941396,-14.349908587748605,55117.99452228648,55151.2150259509,20.77752675473382,55107.3515625,5.7206960534640515e-05,1
2025-08-07 05:22:00+00:00,55107.3515625,55113.55078125,55099.80078125,55106.6015625,0.0,44.399912953957205,-12.387352075784293,-13.957397285355745,55116.980907068726,55149.494890129296,20.27556055796712,55099.94921875,-0.00013432588466177027,1
2025-08-07 05:23:00+00:00,55099.94921875,55113.0,55099.19921875,55106.05078125,0.0,42.268631720017005,-12.302620886897785,-13.626442005664153,55115.35884151456,55147.55192262423,19.813076321683752,55101.8515625,3.452532673755442e-05,1
2025-08-07 05:24:00+00:00,55101.8515625,55106.75,55095.80078125,55100.6015625,0.0,43.02554005869848,-11.944281327087085,-13.29000986994874,55114.07243398937,55145.759751638965,19.179943637992057,55129.8515625,0.0005081498934430657,1
2025-08-07 05:25:00+00:00,55129.8515625,55137.3984375,55102.3984375,55102.3984375,0.0,52.82864233987708,-9.293795559977298,-12.490767007954451,55115.57520813324,55145.1359010845,20.34901016384977,55132.19921875,4.2584120643577144e-05,1
2025-08-07 05:26:00+00:00,55132.19921875,55138.75,55127.25,55129.8515625,0.0,53.55029372163583,-6.9240145252333605,-11.377416511410235,55117.1584472396,55144.62858020864,19.716938009289063,55136.8515625,8.438523795397186e-05,1
2025-08-07 05:27:00+00:00,55136.8515625,55138.3984375,55127.3515625,55132.19921875,0.0,55.01888603548321,-4.617315187184431,-10.025396246565077,55119.0339820263,55144.32359912203,19.09764779433985,55137.05078125,3.6131687674291114e-06,1
2025-08-07 05:28:00+00:00,55137.05078125,55144.05078125,55131.5,55136.05078125,0.0,55.08437359974084,-2.7415610455573187,-8.568629206363523,55120.74986766666,55144.03839057803,18.63001446974414,55129.55078125,-0.00013602468564659725,1
2025-08-07 05:29:00+00:00,55129.55078125,55139.44921875,55127.69921875,55135.25,0.0,52.01417758877162,-1.8390008372007287,-7.222703532530965,55121.58804991269,55143.47024903575,18.13858486476241,55140.94921875,0.00020675730780445067,1
2025-08-07 05:30:00+00:00,55140.94921875,55146.3515625,55131.3984375,55131.3984375,0.0,56.02566734550759,-0.2016324308060575,-5.818489312185983,55123.43197075433,55143.371385102975,18.043027463707958,55118.6015625,-0.0004052824002239148,1
2025-08-07 05:31:00+00:00,55118.6015625,55141.1015625,55117.55078125,55141.1015625,0.0,47.62030793991236,-0.6992151473823469,-4.794634479225256,55122.97193187297,55142.4000195107,18.436438448443106,55115.25,-6.080637761100672e-05,1
2025-08-07 05:32:00+00:00,55115.25,55118.55078125,55098.44921875,55118.3515625,0.0,46.49372387153984,-1.3484520034180605,-4.105397984063817,55122.23650978983,55141.33531286322,18.559003112840024,55108.8515625,-0.00011609196184359138,1
2025-08-07 05:33:00+00:00,55108.8515625,55120.1015625,55108.05078125,55113.30078125,0.0,44.33721566500461,-2.35216305013455,-3.754750997277964,55120.96175290508,55140.06144029996,18.094130122637164,55111.1015625,4.0828286857842285e-05,1
2025-08-07 05:34:00+00:00,55111.1015625,55118.69921875,55094.8515625,55108.05078125,0.0,45.29805945088493,-2.9322538924316177,-3.590251576308695,55120.02268715222,55138.92575881761,18.50509627459165,55113.3984375,4.167717455974231e-05,1
2025-08-07 05:35:00+00:00,55113.3984375,55114.6484375,55097.3515625,55111.0,0.0,46.31680503724661,-3.17009852508636,-3.506220966064228,55119.39180623296,55137.92468739339,18.418794754977966,55098.0,-0.0002793955360503167,1
2025-08-07 05:36:00+00:00,55098.0,55111.19921875,55083.55078125,55110.75,0.0,40.82725034752904,-4.548682940694562,-3.714713360990295,55117.35449135363,55136.359013377965,19.2351420046224,55106.05078125,0.0001461174861156485,1
2025-08-07 05:37:00+00:00,55106.05078125,55115.80078125,55097.19921875,55100.1484375,0.0,44.52902819289337,-4.934706039064622,-3.958711896605161,55116.27794753424,55135.170455255306,19.1898863257208,55103.6484375,-4.359491772575734e-05,1
2025-08-07 05:38:00+00:00,55103.6484375,55111.3984375,55100.0,55106.05078125,0.0,43.65148315856346,-5.372549779509427,-4.241479473186014,55115.07513705479,55133.93429769627,18.633354266740746,55112.19921875,0.0001551763175844612,1
2025-08-07 05:39:00+00:00,55112.19921875,55115.25,55095.55078125,55100.25,0.0,47.60913082963317,-4.972250504593831,-4.387633679467577,55114.80124007338,55133.08194165916,18.709487444116405,55097.19921875,-0.00027217204562028755,1
2025-08-07 05:40:00+00:00,55097.19921875,55114.44921875,55094.69921875,55108.94921875,0.0,42.03206792901055,-5.798543089724262,-4.669815561518915,55113.1248570902,55131.67477605488,18.783809769536663,55118.69921875,0.00039021947222107406,1
2025-08-07 05:41:00+00:00,55118.69921875,55125.6484375,55092.05078125,55096.0,0.0,50.90876037222499,-4.6647433420148445,-4.668801117618101,55113.65574867685,55131.16593067037,19.841941660998334,55126.25,0.0001369912816707295,1
2025-08-07 05:42:00+00:00,55126.25,55133.05078125,55103.3984375,55118.94921875,0.0,53.59629538486927,-3.120937703868549,-4.359228434868191,55114.85520118382,55130.97314907546,20.542684667355594,55110.6484375,-0.000283015124373597,1
2025-08-07 05:43:00+00:00,55110.6484375,55125.8515625,55109.3515625,55125.8515625,0.0,47.77628931150637,-3.120406218666176,-4.111463991627788,55114.454557023455,55130.1761015627,20.28238129825877,55111.44921875,1.4530426926624746e-05,1
2025-08-07 05:44:00+00:00,55111.44921875,55117.5,55107.8984375,55110.6484375,0.0,48.08788245621018,-3.020549642285914,-3.8932811217594137,55114.168334330745,55129.44171400142,19.519465669811712,55113.69921875,4.082636243277206e-05,1
2025-08-07 05:45:00+00:00,55113.69921875,55122.1015625,55105.3984375,55113.3515625,0.0,49.0084833717766,-2.7284050352536724,-3.6603059044582658,55114.12365665639,55128.82436124647,19.318298479110872,55128.8984375,0.0002757793246588888,1
2025-08-07 05:46:00+00:00,55128.8984375,55136.94921875,55110.25,55113.19921875,0.0,54.83522712574987,-1.2559505848912522,-3.179434840544863,55115.53077864149,55128.82726619759,19.845507069888665,55148.44921875,0.0003546376184564045,1
2025-08-07 05:47:00+00:00,55148.44921875,55148.44921875,55123.3515625,55135.75,0.0,61.00739555162131,1.471601127894246,-2.2492276468570416,55118.66586817564,55129.59675453298,20.22066058275376,55134.80078125,-0.00024748542694033994,1
2025-08-07 05:48:00+00:00,55134.80078125,55157.6484375,55127.44921875,55143.8515625,0.0,55.3234406681653,2.50303721481032,-1.298774674523569,55120.20252656367,55129.80083401208,20.933414737557065,55130.69921875,-7.43915356885599e-05,1
2025-08-07 05:49:00+00:00,55130.69921875,55139.05078125,55114.5,55128.3515625,0.0,53.70414184578044,2.9554275995396893,-0.4479342197109175,55121.20221153379,55129.83606478611,21.19179805987442,55130.8984375,3.6135719811847683e-06,1
2025-08-07 05:50:00+00:00,55130.8984375,55136.1015625,55116.3984375,55128.0,0.0,53.774913787044085,3.2920765180679155,0.3000679278448491,55122.12566162581,55129.87772646116,21.085464269883392,55127.05078125,-6.979128508783428e-05,1
2025-08-07 05:51:00+00:00,55127.05078125,55141.05078125,55126.0,55130.3515625,0.0,52.11778723502479,3.2113807104396983,0.882330484363819,55122.59472063764,55129.76686586464,20.654415482748867,55131.25,7.617347002042512e-05,1
2025-08-07 05:52:00+00:00,55131.25,55136.6484375,55109.8984375,55125.25,0.0,53.79140260865984,3.4465409812692087,1.395172583744897,55123.41903295786,55129.8250279876,21.089814376838238,55130.80078125,-8.148169141820655e-06,1
2025-08-07 05:53:00+00:00,55130.80078125,55141.80078125,55121.1015625,55129.6484375,0.0,53.5756663784908,3.5556714244303294,1.8272723518819836,55124.122056604734,55129.86329282142,21.061914689206933,55130.30078125,-9.069340421589707e-06,1
2025-08-07 05:54:00+00:00,55130.30078125,55144.8984375,55128.75,55131.8984375,0.0,53.31934088528212,3.560765971931687,2.173971075891924,55124.71050657096,55129.88044923038,20.710952032835007,55133.94921875,6.617844358362082e-05,1
2025-08-07 05:55:00+00:00,55133.94921875,55139.1015625,55124.0,55130.30078125,0.0,55.01077213363,3.8152223442230015,2.50222132955814,55125.59038392134,55130.040008819386,20.310281351918217,55151.3984375,0.0003164877357282771,1
2025-08-07 05:56:00+00:00,55151.3984375,55151.3984375,55131.1015625,55131.1015625,0.0,62.08641606360093,5.363064902645419,3.074390044175596,55128.04829378598,55130.87759425784,20.30932375535263,55143.3984375,-0.0001450552520271259,1
2025-08-07 05:57:00+00:00,55143.3984375,55151.6015625,55127.1015625,55149.55078125,0.0,57.6126433629973,5.876467876871175,3.634805610714712,55129.51021223493,55131.36860771832,20.60865777282744,55127.1484375,-0.00029468622646494825,1
2025-08-07 05:58:00+00:00,55127.1484375,55142.05078125,55122.30078125,55142.05078125,0.0,49.76796302109316,4.91544208315463,3.890932905202696,55129.28528130779,55131.20311084702,20.64358623548262,55121.55078125,-0.0001015408271361306,1
2025-08-07 05:59:00+00:00,55121.55078125,55132.8515625,55117.30078125,55127.55078125,0.0,47.374956841439314,3.659948531574628,3.8447360304770815,55128.54866225467,55130.82458811772,20.279814450805286,55110.69921875,-0.00019686605957558144,1
2025-08-07 06:00:00+00:00,55110.69921875,55127.1484375,55107.55078125,55125.5,0.0,43.05311139776458,1.768939213026897,3.4295766669870456,55126.84871525422,55130.03535794644,20.23108886503348,55138.6015625,0.0005062963117061477,1
2025-08-07 06:01:00+00:00,55138.6015625,55146.3515625,55111.75,55112.3515625,0.0,54.53747743407581,2.493048345641,3.2422710027178367,55127.968034039535,55130.37128753677,21.33260707110252,55122.1015625,-0.00029924589185123117,1
2025-08-07 06:02:00+00:00,55122.1015625,55141.30078125,55113.6015625,55137.6015625,0.0,48.33042286721216,1.715720192049048,2.9369608405840792,55127.40932246434,55130.04698459416,21.787365048166627,55114.94921875,-0.0001297545548384134,1
2025-08-07 06:03:00+00:00,55114.94921875,55132.1484375,55114.94921875,55122.1015625,0.0,45.892172743989526,0.5165927048437879,2.452887213436021,55126.22264592012,55129.45491534537,21.459640312583296,55131.30078125,0.0002966810771266615,1
2025-08-07 06:04:00+00:00,55131.30078125,55142.1484375,55111.8984375,55114.69921875,0.0,51.87031496195073,0.8756164091173559,2.137433052572288,55126.7062778563,55129.5273022436,22.087523147398773,55144.69921875,0.00024302777750814054,1
2025-08-07 06:05:00+00:00,55144.69921875,55145.75,55128.6015625,55133.75,0.0,56.145903418351374,2.215745477609744,2.15309553757978,55128.419891274745,55130.12227936149,21.73473131544172,55137.55078125,-0.00012963054656701123,1
2025-08-07 06:06:00+00:00,55137.55078125,55144.8515625,55126.8515625,55141.5,0.0,53.41929553676461,2.6702077622830984,2.2565179825204438,55129.28949984382,55130.41359316104,21.467964792910163,55150.3984375,0.00023301100734363697,1
2025-08-07 06:07:00+00:00,55150.3984375,55157.5,55130.69921875,55139.8515625,0.0,57.42144241859804,4.020722497996758,2.6093588856157064,55131.2998748587,55131.19731254689,21.848880254130865,55142.80078125,-0.00013776249066650272,1
2025-08-07 06:08:00+00:00,55142.80078125,55150.8515625,55134.3984375,55149.1484375,0.0,54.44247829174015,4.426917048804171,2.972870518253399,55132.395199276914,55131.652350535245,21.463469164550087,55183.1015625,0.0007308439302869673,1
2025-08-07 06:09:00+00:00,55183.1015625,55184.19921875,55139.5,55142.3515625,0.0,64.85716994353004,7.90958858236263,3.960214131075245,55137.22437672673,55133.66996669073,23.123165563510792,55160.1015625,-0.0004167942603579532,1
2025-08-07 06:10:00+00:00,55160.1015625,55191.69921875,55159.25,55182.6484375,0.0,56.86716645901553,8.713281794312934,4.910827663722784,55139.40315632418,55134.70649985972,23.78931221968859,55158.80078125,-2.3581922678770447e-05,1
2025-08-07 06:11:00+00:00,55158.80078125,55165.55078125,55154.6484375,55160.1015625,0.0,56.44365494859546,9.139893278952512,5.756640786768729,55141.250549174256,55135.65137363973,22.86881447185369,55138.75,-0.0003635101011263431,1
2025-08-07 06:12:00+00:00,55138.75,55162.6015625,55138.75,55157.6015625,0.0,50.23341924474842,7.770482196792727,6.159409068773529,55141.01240163385,55135.77288839896,22.939010759578427,55130.8515625,-0.00014324658248509442,1
2025-08-07 06:13:00+00:00,55130.8515625,55149.6484375,55128.19921875,55139.6015625,0.0,47.99331477597603,5.978954486301518,6.123318152279127,55140.04470266872,55135.57989522645,22.83259704460854,55117.69921875,-0.00023856594587677696,1
2025-08-07 06:14:00+00:00,55117.69921875,55132.80078125,55112.0,55131.3984375,0.0,44.43952609678146,3.458009861431492,5.590256494109601,55137.916561343125,55134.87869222738,22.68746734499365,55117.05078125,-1.1764596657536347e-05,1
2025-08-07 06:15:00+00:00,55117.05078125,55130.80078125,55111.69921875,55119.94921875,0.0,44.26549540878084,1.391776068594481,4.750560409006577,55135.9293441914,55134.17955846356,22.43133128463696,55113.19921875,-6.987969140958181e-05,1
2025-08-07 06:16:00+00:00,55113.19921875,55127.3515625,55105.94921875,55120.6015625,0.0,43.18373731373838,-0.5501759180333465,3.690413143598593,55133.76457033984,55133.356800043424,22.357832175020032,55119.3515625,0.00011163104006321081,1
2025-08-07 06:17:00+00:00,55119.3515625,55121.6015625,55102.8984375,55113.1015625,0.0,45.47588084669887,-1.5745932047793758,2.637411873922999,55132.39190292652,55132.80757504173,22.0967816625186,55117.55078125,-3.267058118341775e-05,1
2025-08-07 06:18:00+00:00,55117.55078125,55130.44921875,55113.55078125,55120.25,0.0,44.90483977155279,-2.5029073245459585,1.6093480342292077,55130.97846276685,55132.20926940283,21.725471365195848,55116.30078125,-2.2678801620938996e-05,1
2025-08-07 06:19:00+00:00,55116.30078125,55120.44921875,55112.3984375,55117.94921875,0.0,44.48724459623409,-3.301410896150628,0.6271962481532405,55129.58058833667,55131.58540712233,20.748707785539004,55117.55078125,2.2679315960646567e-05,1
2025-08-07 06:20:00+00:00,55117.55078125,55123.3515625,55111.19921875,55112.69921875,0.0,45.03768715431354,-3.789681091620878,-0.2561792198015832,55128.434892423655,55131.03502963714,20.134681783000502,55111.94921875,-0.00010162937976383289,1
2025-08-07 06:21:00+00:00,55111.94921875,55132.1484375,55111.94921875,55116.6484375,0.0,42.98094867378936,-4.575890007254202,-1.120121377292107,55126.86482826426,55130.286566465096,20.13929156635761,55111.0,-1.7223465391005624e-05,1
2025-08-07 06:22:00+00:00,55111.0,55116.25,55102.75,55110.0,0.0,42.625713094535406,-5.215439912593865,-1.9391850843524587,55125.35389223909,55129.53023052529,19.66505645447492,55104.69921875,-0.00011432892253815028,1
2025-08-07 06:23:00+00:00,55104.69921875,55113.5,55096.69921875,55110.6015625,0.0,40.24780307722716,-6.159702987562923,-2.783288664994552,55123.38678047824,55128.55646535764,19.460465368441,55118.8984375,0.0002576770938106954,1
2025-08-07 06:24:00+00:00,55118.8984375,55120.8515625,55104.6484375,55104.69921875,0.0,47.372858857353705,-5.696612983760133,-3.365953528747668,55122.95931924222,55128.17771916714,19.22779819926664,55123.05078125,7.533430216694904e-05,1
2025-08-07 06:25:00+00:00,55123.05078125,55132.19921875,55113.1015625,55116.94921875,0.0,49.27764969235829,-4.937633416870085,-3.680289506372152,55122.96802990962,55127.97666277824,19.218502345747595,55118.8984375,-7.532862733737537e-05,1
2025-08-07 06:26:00+00:00,55118.8984375,55126.0,55111.8984375,55123.3515625,0.0,47.42895270882525,-4.61796307622717,-3.867824220343155,55122.580449680136,55127.6206539438,18.853006642479908,55117.8515625,-1.8993031966831928e-05,1
2025-08-07 06:27:00+00:00,55117.8515625,55126.69921875,55112.8515625,55118.75,0.0,46.95071461526363,-4.3983941418118775,-3.9739382046369,55122.1300794725,55127.23755231856,18.49548161444563,55118.25,7.228828568330502e-06,1
2025-08-07 06:28:00+00:00,55118.25,55120.8984375,55108.3984375,55115.25,0.0,47.16905750360656,-4.144458861097519,-4.008042335929024,55121.76054809417,55126.88509928645,18.067232927699514,55123.75,9.978546125829467e-05,1
2025-08-07 06:29:00+00:00,55123.75,55126.6484375,55111.25,55121.55078125,0.0,50.21515525870266,-3.459529978921637,-3.8983398645275456,55121.95001970425,55126.7621542164,17.876604682863835,55130.1015625,0.00011522370121771469,1
2025-08-07 06:30:00+00:00,55130.1015625,55139.75,55120.30078125,55125.3515625,0.0,53.54619160996808,-2.376802592851164,-3.5940324101922703,55122.726357113366,55126.89311140399,17.98893425908785,55118.0,-0.0002195091639053245,1
2025-08-07 06:31:00+00:00,55118.0,55134.6484375,55113.75,55131.19921875,0.0,47.08241286774297,-2.466792645442183,-3.368584457242253,55122.27622786448,55126.544361937165,18.196755919153,55154.80078125,0.0006676726523095904,1
2025-08-07 06:32:00+00:00,55154.80078125,55160.69921875,55117.8984375,55117.8984375,0.0,62.07517753982457,0.4264887822500895,-2.609569809343785,55125.373804377385,55127.65245681218,19.954186299927787,55147.19921875,-0.00013782231813597935,1
2025-08-07 06:33:00+00:00,55147.19921875,55165.0,55143.55078125,55154.80078125,0.0,58.39484775233022,2.08205199445365,-1.6712454485842982,55127.45241527002,55128.41899649602,20.0609743320758,55148.0,1.4520796365805919e-05,1
2025-08-07 06:34:00+00:00,55148.0,55150.05078125,55138.8984375,55147.3515625,0.0,58.6728192420901,3.4192985767367645,-0.6531366435200858,55129.40932810144,55129.186878986366,19.42464357621325,55157.69921875,0.0001758761650467832,1
2025-08-07 06:35:00+00:00,55157.69921875,55162.8515625,55147.25,55148.69921875,0.0,61.985713151258864,5.201759376803238,0.5178425605445791,55132.10360340131,55130.30500995749,19.151566356483727,55149.75,-0.00014411802636063882,1
2025-08-07 06:36:00+00:00,55149.75,55163.6484375,55144.8984375,55156.8515625,0.0,57.88984020116128,5.904869227255404,1.595247893886744,55133.78421260119,55131.06755858661,19.12288304530632,55136.44921875,-0.00024117573062434552,1
2025-08-07 06:37:00+00:00,55136.44921875,55153.1484375,55132.8984375,55149.75,0.0,51.73043987095369,5.327415828294761,2.341681480768348,55134.03802271059,55131.27860408322,19.203391399213007,55144.0,0.00013694718025897542,1
2025-08-07 06:38:00+00:00,55144.0,55151.3515625,55122.44921875,55135.69921875,0.0,54.67852192768024,5.416625306854257,2.9566702459855296,55134.98678245244,55131.77748235447,19.896173709983508,55145.6484375,2.989332474974612e-05,1
2025-08-07 06:39:00+00:00,55145.6484375,55150.6015625,55137.75,55144.8984375,0.0,55.3200915336899,5.556290136984899,3.476594224185404,55136.00217817126,55132.32144137978,19.392987194984688,55157.75,0.00021944727903082788,1
2025-08-07 06:40:00+00:00,55157.75,55161.3515625,55140.44921875,55140.80078125,0.0,59.81720181909757,6.56776141258888,4.094827661866099,55138.073399297806,55133.31863975705,19.500798377485783,55161.0,5.8921910338982284e-05,1
2025-08-07 06:41:00+00:00,55161.0,55166.0,55154.25,55157.1484375,0.0,60.95385004271268,7.5446376380714355,4.784789657107167,55140.25688507897,55134.404183296,18.947169921951083,55186.8984375,0.00046950630880513404,1
2025-08-07 06:42:00+00:00,55186.8984375,55202.75,55158.6015625,55158.6015625,0.0,68.58087083823793,10.28998994990252,5.885829715666238,55144.6989376905,55136.46278150008,20.74726046324029,55192.1484375,9.513127478881069e-05,1
2025-08-07 06:43:00+00:00,55192.1484375,55192.1484375,55169.8515625,55190.19921875,0.0,69.86587837008886,12.74244557939528,7.257152888412046,55149.21793767235,55138.64653271576,20.857947215865984,55172.3984375,-0.0003578407537870182,1
2025-08-07 06:44:00+00:00,55172.3984375,55195.44921875,55169.25,55194.0,0.0,59.93506166661494,12.94317354461964,8.394357019653565,55151.425604322605,55139.970136824944,21.239466611161276,55190.44921875,0.00032717050121444614,1
2025-08-07 06:45:00+00:00,55190.44921875,55196.25,55164.3515625,55175.0,0.0,64.85239020442252,14.392886853049276,9.594062986332707,55155.14213902998,55141.94970866514,22.000821674649757,55186.80078125,-6.610632005438555e-05,1
2025-08-07 06:46:00+00:00,55186.80078125,55195.80078125,55184.1484375,55190.80078125,0.0,63.164919337395816,15.07363717329281,10.68997782372473,55158.15724781284,55143.7085742567,21.261644680031917,55182.6484375,-7.524161015346953e-05,1
2025-08-07 06:47:00+00:00,55182.6484375,55196.1015625,55180.3984375,55186.5,0.0,61.21272485622311,15.1039681259208,11.572775884163944,55160.48974206876,55145.23562771722,20.86460756002964,55167.05078125,-0.0002826550861846717,1
2025-08-07 06:48:00+00:00,55167.05078125,55183.6015625,55166.1484375,55182.6484375,0.0,54.41008793808781,13.71134922127385,12.000490551585925,55161.11460294316,55146.0911239342,20.62093023431323,55169.94921875,5.253928674731896e-05,1
2025-08-07 06:49:00+00:00,55169.94921875,55181.69921875,55159.0,55165.1015625,0.0,55.40192642716496,12.69522572936694,12.139437587142128,55161.95599492476,55147.0267354956,20.76937941400514,55171.1015625,2.0887163506910853e-05,1
2025-08-07 06:50:00+00:00,55171.1015625,55175.69921875,55164.30078125,55167.3984375,0.0,55.8135160736737,11.846367500897031,12.08082356989311,55162.8270013605,55147.97084635852,20.10002642014763,55173.0,3.4409998101077884e-05,1
2025-08-07 06:51:00+00:00,55173.0,55175.94921875,55167.05078125,55170.80078125,0.0,56.525357563566445,11.197748603932268,11.904208576700942,55163.795858373785,55148.95238179545,19.29991292585137,55152.8984375,-0.0003643369492324144,1
2025-08-07 06:52:00+00:00,55152.8984375,55173.05078125,55150.3984375,55170.8515625,0.0,47.75306170395225,8.958418287460518,11.31505051885286,55162.75800876676,55149.10712907798,19.53937227043341,55163.80078125,0.0001976749012085862,1
2025-08-07 06:53:00+00:00,55163.80078125,55167.75,55145.05078125,55152.6015625,0.0,52.09538399047009,7.971569611734594,10.646354337429203,55162.85732043183,55149.683350731786,19.765075590402457,55155.5,-0.00015047515095844175,1
2025-08-07 06:54:00+00:00,55155.5,55163.3984375,55149.19921875,55162.19921875,0.0,48.771749022500174,6.445382890167821,9.806160047976928,55162.15662324785,55149.91145462466,19.396253226802283,55144.69921875,-0.00019582419251026642,1
2025-08-07 06:55:00+00:00,55144.69921875,55160.19921875,55130.80078125,55154.44921875,0.0,44.76938920323148,4.314600112418702,8.707848060865283,55160.49401329568,55149.70705321782,20.11069496060212,55153.80078125,0.00016504872868914545,1
2025-08-07 06:56:00+00:00,55153.80078125,55156.69921875,55138.6015625,55144.69921875,0.0,48.59744266620697,3.322064743952069,7.63069139748264,55159.85656262466,55149.86759157202,19.9669064812734,55146.3984375,-0.00013421275859770826,1
2025-08-07 06:57:00+00:00,55146.3984375,55154.6015625,55140.75,55146.3984375,0.0,45.81610153903326,1.9160786747088423,6.487768852927881,55158.57483642231,55149.7315463143,19.53009619689673,55152.80078125,0.00011609722359758592,1
2025-08-07 06:58:00+00:00,55152.80078125,55152.8515625,55140.30078125,55146.05078125,0.0,48.55837010052207,1.303415259491885,5.450898134240683,55158.0249264059,55149.85190846865,19.03157370068982,55159.0,0.00011240079673537659,1
2025-08-07 06:59:00+00:00,55159.0,55161.75,55148.05078125,55152.0,0.0,51.13707617325701,1.3030791477431194,4.621334336941171,55158.11779055772,55150.21065715615,18.650691204211974,55163.75,8.61146866331877e-05,1
2025-08-07 07:00:00+00:00,55163.75,55171.44921875,55155.25,55159.3984375,0.0,53.07798488396105,1.666883286437951,4.030444126840528,55158.65419145698,55150.74161177748,18.47558602891112,55157.1484375,-0.00011967211257392763,1
2025-08-07 07:01:00+00:00,55157.1484375,55169.8984375,55155.44921875,55163.1484375,0.0,50.09949052979039,1.406298827721912,3.5056150670168047,55158.51078631822,55150.99285984503,18.187988366131755,55127.80078125,-0.0005320734860551138,1
2025-08-07 07:03:00+00:00,55127.80078125,55144.6015625,55125.3515625,55136.0,0.0,39.49026329058968,-1.1550125581925386,2.5734895419749364,55155.58602393077,55150.08336656679,19.160051697122345,55131.8984375,7.433012367498051e-05,1
2025-08-07 07:04:00+00:00,55131.8984375,55141.6484375,55119.8515625,55127.80078125,0.0,41.35754302071251,-2.821696905462886,1.4944522524873718,55153.33006331832,55149.370232093584,19.34839621875646,55132.8984375,1.8138319708573883e-05,1
2025-08-07 07:05:00+00:00,55132.8984375,55153.0,55121.8515625,55131.75,0.0,41.829320727761846,-4.015575560391881,0.3924466899115213,55151.38419419276,55148.724279364425,20.19125631027385,55158.3984375,0.0004625187632554349,1
2025-08-07 07:06:00+00:00,55158.3984375,55158.3984375,55127.8515625,55128.8984375,0.0,52.35534381998928,-2.8710009958958835,-0.2602428472499596,55152.05221736488,55149.10365811485,20.93094335954001,55151.25,-0.0001295983513390059,1
2025-08-07 07:07:00+00:00,55151.25,55160.1484375,55143.1484375,55157.3984375,0.0,49.64341989408352,-2.511782308654801,-0.7105507395309281,55151.975815711085,55149.18782838485,20.65016169100144,55156.25,9.065977652365087e-05,1
2025-08-07 07:08:00+00:00,55156.25,55157.05078125,55141.1015625,55150.3515625,0.0,51.534428009376455,-1.8028584675630557,-0.9290122851373536,55152.38288088146,55149.46477629133,20.31438005235848,55158.0,3.172804532577904e-05,1
2025-08-07 07:09:00+00:00,55158.0,55161.6484375,55146.94921875,55156.75,0.0,52.21085227335895,-1.0872872705003829,-0.9606672822099594,55152.91784460703,55149.79949094658,19.91329710219001,55154.25,-6.798651147612314e-05,1
2025-08-07 07:10:00+00:00,55154.25,55167.1484375,55151.30078125,55158.3984375,0.0,50.58171642580319,-0.8134091272659134,-0.9312156512211502,55153.04471654922,55149.97402071338,19.62289418417644,55158.75,8.158936074735855e-05,1
2025-08-07 07:11:00+00:00,55158.75,55158.94921875,55145.0,55157.05078125,0.0,52.497213669080494,-0.2305882557629957,-0.7910901721295194,55153.588076877866,55150.31817676384,19.217631653163835,55157.80078125,-1.720885172343463e-05,1
2025-08-07 07:12:00+00:00,55157.80078125,55160.30078125,55149.6015625,55159.55078125,0.0,52.03900705551652,0.1529444157058606,-0.6022832545624434,55153.98928681807,55150.611612233886,18.609173588652133,55115.6015625,-0.0007650634751983248,1
2025-08-07 07:13:00+00:00,55115.6015625,55159.30078125,55110.75,55156.5,0.0,36.702074739827616,-2.914629424762097,-1.0647524886023745,55150.33331307349,55149.23866910706,20.747859850176983,55136.80078125,0.00038463190365364163,1
2025-08-07 07:14:00+00:00,55136.80078125,55144.94921875,55115.55078125,55115.8984375,0.0,45.40668091931343,-3.593678323435597,-1.570537655569019,55149.04450051888,55148.75090879895,21.36575825373577,55124.75,-0.00021856148850221335,1
2025-08-07 07:15:00+00:00,55124.75,55151.5,55123.3984375,55137.80078125,0.0,41.88089726763194,-5.0460589754075045,-2.265641919536716,55146.73073856469,55147.80969668918,21.84688712846893,55139.5,0.0002675749096367784,1
2025-08-07 07:16:00+00:00,55139.5,55144.8515625,55119.8984375,55124.94921875,0.0,47.27719508425172,-4.94982092238206,-2.802477720105785,55146.04209679663,55147.48382623079,22.06876126214972,55142.55078125,5.532841701502553e-05,1
2025-08-07 07:17:00+00:00,55142.55078125,55146.69921875,55135.3515625,55139.5,0.0,48.34548475918192,-4.574645357504778,-3.156911247585584,55145.70959055409,55147.290373486445,21.302968046996167,55143.94921875,2.5360406440891517e-05,1
2025-08-07 07:18:00+00:00,55143.94921875,55150.6484375,55137.6015625,55142.8515625,0.0,48.85704060836358,-4.117015409443411,-3.3489320799571494,55145.54193609656,55147.159347810506,20.71324711506787,55130.75,-0.00023935933020756542,1
2025-08-07 07:19:00+00:00,55130.75,55145.1015625,55124.69921875,55143.5,0.0,44.38869281571484,-4.764485003870504,-3.6320426647398207,55144.13318027784,55146.515843974805,20.691039731848736,55140.19921875,0.00017139652099780976,1
2025-08-07 07:20:00+00:00,55140.19921875,55142.8515625,55126.1015625,55130.75,0.0,48.05158765913246,-4.463681794331933,-3.798370490658243,55143.75851727519,55146.26813318167,20.409536893859546,55139.75,-8.146846699227133e-06,1
2025-08-07 07:21:00+00:00,55139.75,55146.5,55132.94921875,55140.30078125,0.0,47.8900946607144,-4.212976709430222,-3.881291734412639,55143.37675372517,55146.01252011573,19.919625776441,55132.3515625,-0.00013417611614125925,1
2025-08-07 07:22:00+00:00,55132.3515625,55148.6484375,55131.0,55138.8515625,0.0,45.1960004512655,-4.558732962461363,-4.016779980022385,55142.32673551325,55145.47679628766,19.757398042409505,55140.30078125,0.00014418428608089538,1
2025-08-07 07:23:00+00:00,55140.30078125,55140.5,55125.8984375,55132.5,0.0,48.54535260238291,-4.1435475286562,-4.042133489749148,55142.13378748817,55145.273815305794,19.38912407509454,55142.30078125,3.627111154025629e-05,1
2025-08-07 07:24:00+00:00,55142.30078125,55144.6484375,55134.25,55138.69921875,0.0,49.38351993230083,-3.6114957212121226,-3.956005936041743,55142.14969165596,55145.157225734976,18.746932176873504,55129.3984375,-0.0002339826878313205,1
2025-08-07 07:25:00+00:00,55129.3984375,55143.8515625,55120.69921875,55142.44921875,0.0,44.36298307203848,-4.182736163005757,-4.001351981434546,55140.93528649826,55144.53923403949,19.061604432096825,55125.69921875,-6.710065509228785e-05,1
2025-08-07 07:26:00+00:00,55125.69921875,55134.44921875,55116.44921875,55125.3984375,0.0,43.01280222293062,-4.877717079929425,-4.176625001133522,55139.484232427,55143.800409910495,18.985775544089908,55145.80078125,0.00036464956970854747,1
2025-08-07 07:27:00+00:00,55145.80078125,55146.05078125,55124.94921875,55126.6484375,0.0,51.62807544900942,-3.763087831597659,-4.09391756722635,55140.08580850538,55143.87885584538,19.136903183797774,55143.6015625,-3.9880076430910243e-05,1
2025-08-07 07:28:00+00:00,55143.6015625,55147.6015625,55138.25,55143.75,0.0,50.72456458821113,-3.02235486972495,-3.87960502772607,55140.42064221915,55143.867981596544,18.437950277812217,55146.5,5.2561628509427304e-05,1
2025-08-07 07:29:00+00:00,55146.5,55149.55078125,55141.8515625,55141.8515625,0.0,51.91883485097273,-2.176351354071812,-3.5389542929952187,55140.999628674464,55143.97119800452,17.67089802582563,55130.3984375,-0.0002919779587099816,1
2025-08-07 07:30:00+00:00,55130.3984375,55148.6484375,55128.69921875,55146.75,0.0,45.34405429458221,-2.7731814901926555,-3.385799732434706,55139.98999141975,55143.4389328867,17.833635220409512,55127.30078125,-5.618780813840368e-05,1
2025-08-07 07:31:00+00:00,55127.30078125,55135.1015625,55120.6484375,55130.3984375,0.0,44.18479899111932,-3.456286722313962,-3.3998971304105576,55138.78149521311,55142.806064195065,17.592170204665976,55145.3515625,0.0003274381475999903,1
2025-08-07 07:32:00+00:00,55145.3515625,55145.3515625,55122.6484375,55125.69921875,0.0,51.90159289212401,-2.5121468845463824,-3.222347081237723,55139.4072159071,55142.90588765801,17.957238404332692,55143.3515625,-3.626778945698194e-05,1
2025-08-07 07:33:00+00:00,55143.3515625,55148.30078125,55140.3984375,55145.3515625,0.0,51.05927175241304,-1.903351890461636,-2.958548043082505,55139.78286796357,55142.9233651028,17.239031643308927,55146.5,5.7095504911984376e-05,1
2025-08-07 07:34:00+00:00,55146.5,55148.6015625,55139.94921875,55143.25,0.0,52.36974947771915,-1.1535277282528114,-2.597543980116567,55140.42259482418,55143.063625294846,16.62569679378686,55138.6484375,-0.00014237644274795318,1
2025-08-07 07:35:00+00:00,55138.6484375,55147.19921875,55132.8984375,55146.5,0.0,48.85636206915059,-1.1792485102414505,-2.313884886141544,55140.25362745997,55142.89048067544,16.459631397802088,55130.30078125,-0.00015139392216807998,1
2025-08-07 07:36:00+00:00,55130.30078125,55139.69921875,55119.30078125,55138.55078125,0.0,45.37122996316551,-1.8518712908917223,-2.22148216709158,55139.30573734474,55142.39676697248,16.740974690816223,55121.19921875,-0.00016509183463579927,1
2025-08-07 07:37:00+00:00,55121.19921875,55129.0,55110.6015625,55129.0,0.0,41.86466549999835,-3.08380157440115,-2.393946048553494,55137.58130700239,55141.5654905716,16.952277837900777,55113.19921875,-0.00014513472336209122,1
2025-08-07 07:38:00+00:00,55113.19921875,55121.8515625,55110.55078125,55120.0,0.0,39.01073053422015,-4.652022718757507,-2.8455613825942967,55135.2592033593,55140.45308775506,16.54859951019358,55111.3515625,-3.352475044438013e-05,1
2025-08-07 07:39:00+00:00,55111.3515625,55115.6484375,55106.8984375,55111.0,0.0,38.36030973044018,-5.975062886347587,-3.4714616833449545,55132.98228518223,55139.31185147056,15.991556688036894,55123.1015625,0.00021320471494288624,1
2025-08-07 07:40:00+00:00,55123.1015625,55127.8515625,55108.94921875,55108.94921875,0.0,44.67736363826996,-6.0062189961536205,-3.978413145906688,55132.0412639744,55138.67615386388,16.199470049605686,55104.19921875,-0.0003429114693150572,1
2025-08-07 07:41:00+00:00,55104.19921875,55121.3515625,55093.75,55121.05078125,0.0,37.94100185523029,-7.47006138706638,-4.676742794138626,55129.389640619695,55137.32411719274,17.138905224633852,55118.1484375,0.0002531425725764576,1
2025-08-07 07:42:00+00:00,55118.1484375,55119.75,55092.25,55101.69921875,0.0,44.581648610847154,-7.41905935559771,-5.225206106430443,55128.31904984639,55136.57212975381,17.878983422874292,55110.30078125,-0.0001423788075700452,1
2025-08-07 07:43:00+00:00,55110.30078125,55118.75,55102.5,55116.80078125,0.0,41.86736034669397,-7.920576674463518,-5.764280220037058,55126.60302426578,55135.54188079288,17.762627464097555,55115.80078125,9.979985451052459e-05,1
2025-08-07 07:44:00+00:00,55115.80078125,55119.5,55106.8515625,55107.05078125,0.0,44.42132810619056,-7.784493927996664,-6.168322961628979,55125.57423921666,55134.767720026495,17.39732818094773,55120.55078125,8.618218247163553e-05,1
2025-08-07 07:45:00+00:00,55120.55078125,55123.94921875,55110.8984375,55115.3984375,0.0,46.6031852963982,-7.210246831156837,-6.376707735534551,55125.0958146484,55134.21019301565,17.086860543022894,55110.1484375,-0.0001887198803815019,1
2025-08-07 07:46:00+00:00,55110.1484375,55122.0,55106.55078125,55120.94921875,0.0,42.654060883934456,-7.507986677439476,-6.602963523915537,55123.672254919984,55133.26659476013,16.969886129235544,55086.75,-0.0004245758388137167,1
2025-08-07 07:47:00+00:00,55086.75,55109.6484375,55086.75,55109.05078125,0.0,35.38963028102475,-9.5222395578312,-7.186818730698669,55120.15584968951,55131.44241457346,17.429068370004433,55091.19921875,8.0767493998103e-05,1
2025-08-07 07:48:00+00:00,55091.19921875,55096.6015625,55083.6015625,55088.3984375,0.0,37.56702327835231,-10.636918927863007,-7.876838770131537,55117.39807531432,55129.864250031365,17.112706343575546,55111.25,0.0003639561587756438,1
2025-08-07 07:49:00+00:00,55111.25,55115.55078125,55072.94921875,55088.1484375,0.0,46.34296081885445,-9.789532249931652,-8.25937746609156,55116.812544332,55129.1342794419,18.933338926177296,55091.94921875,-0.00035021490621243393,1
2025-08-07 07:50:00+00:00,55091.94921875,55109.05078125,55090.3515625,55106.19921875,0.0,40.448901690193104,-10.5537271489884,-8.71824740267093,55114.44460856229,55127.676041767714,19.07370311002177,55079.8515625,-0.000219590274469408,1
2025-08-07 07:51:00+00:00,55079.8515625,55101.94921875,55079.69921875,55092.25,0.0,37.25090117246581,-11.99724015082029,-9.374045952300802,55111.15003274683,55125.800571992506,19.30058145930593,55072.8515625,-0.00012708821468149722,1
2025-08-07 07:52:00+00:00,55072.8515625,55087.69921875,55068.19921875,55079.8515625,0.0,35.501843290225395,-13.549881503808136,-10.20921306260227,55107.50255938999,55123.72414024771,19.31482564078408,55056.3515625,-0.0002996031534934196,1
2025-08-07 07:53:00+00:00,55056.3515625,55073.25,55052.1484375,55073.25,0.0,31.721029722578848,-15.928163116506768,-11.35300307338317,55102.63103587666,55121.08207837525,19.442449702156644,55034.05078125,-0.0004050537425220438,1
2025-08-07 07:54:00+00:00,55034.05078125,55057.5,55026.05078125,55055.05078125,0.0,27.46389573992505,-19.388951338805786,-12.960192726467694,55096.09958305507,55117.66908633112,20.300076062716887,55036.55078125,4.542642172456158e-05,1
2025-08-07 07:55:00+00:00,55036.55078125,55038.1484375,55016.30078125,55030.44921875,0.0,28.620404007390743,-21.680008192874084,-14.704155819748973,55090.42826859745,55114.487976327946,20.41061750466568,55044.69921875,0.00014805501769882045,1
2025-08-07 07:56:00+00:00,55044.69921875,55056.1484375,55037.3515625,55037.3515625,0.0,32.403420615970944,-22.57791232989985,-16.27890712177915,55086.07312099293,55111.75116230528,20.35254884361813,55030.1484375,-0.0002643448225990766,1
2025-08-07 07:57:00+00:00,55030.1484375,55045.19921875,55024.94921875,55045.19921875,0.0,29.40631890523639,-24.184846413547348,-17.86009498013279,55080.74696066027,55108.551055450174,20.34522392621684,55013.1015625,-0.0003097733784847198,1
2025-08-07 07:58:00+00:00,55013.1015625,55032.94921875,55008.05078125,55029.25,0.0,26.333339118956857,-26.52809424075531,-19.59369483225729,55074.30454178786,55104.80793807958,20.670453467201348,55011.30078125,-3.273367977542849e-05,1
2025-08-07 07:59:00+00:00,55011.30078125,55020.30078125,55002.75,55012.8984375,0.0,26.023958386413824,-28.205309769298765,-21.31601781966559,55068.3041836414,55101.14099075293,20.44761973740125,55020.6015625,0.00016907037495775902,1
2025-08-07 08:00:00+00:00,55020.6015625,55020.6015625,54997.3984375,55013.5,0.0,30.561599981434824,-28.455996824202884,-22.74401362057305,55063.76107686602,55097.98258180184,20.64444154187259,55030.30078125,0.00017628340066370025,1
2025-08-07 08:01:00+00:00,55030.30078125,55034.8984375,55020.80078125,55020.80078125,0.0,35.03676208927351,-27.554392345009543,-23.70608936546035,55060.57438204545,55095.32839354491,20.19104393173884,55015.25,-0.00027349989072071584,1
2025-08-07 08:02:00+00:00,55015.25,55030.1015625,55012.05078125,55029.05078125,0.0,31.630188186598986,-27.73462902261963,-24.511797296892208,55056.2577742316,55092.18806438629,20.052397936614632,54997.94921875,-0.00031447246445303803,1
2025-08-07 08:03:00+00:00,54997.94921875,55015.1484375,54995.5,55014.30078125,0.0,28.23214369225936,-28.939895248418907,-25.397416887197547,55050.70457847144,55088.49242338095,20.030798083999304,55008.1015625,0.0001845949511611761,1
2025-08-07 08:04:00+00:00,55008.1015625,55020.5,54982.8515625,54999.05078125,0.0,32.79477727554543,-28.74451919742569,-26.066837349243176,55046.64714837893,55085.33984060131,21.289200899427925,55010.1015625,3.6358280747566016e-05,1
2025-08-07 08:05:00+00:00,55010.1015625,55014.5,54998.8515625,55008.55078125,0.0,33.68915006558588,-28.10432976490847,-26.47433583237624,55043.16661639046,55082.38931989145,20.886289228040216,54989.1015625,-0.0003817480681460067,1
2025-08-07 08:06:00+00:00,54989.1015625,55015.80078125,54987.8515625,55009.1484375,0.0,29.28259592553876,-28.95769326062145,-26.971007318025283,55038.01756363898,55078.730976464336,21.390784193894486,54989.94921875,1.5414986350278216e-05,1
2025-08-07 08:07:00+00:00,54989.94921875,55000.1015625,54986.3984375,54989.3515625,0.0,29.682410102982686,-29.228661389621266,-27.42253813234448,55033.43962603052,55075.24933890691,20.84166568004488,54988.3984375,-2.8201176251881826e-05,1
2025-08-07 08:08:00+00:00,54988.3984375,54993.3984375,54983.30078125,54989.44921875,0.0,29.35541923544193,-29.2315772440852,-27.78434595469263,55029.14998902761,55071.843421204685,20.07423643504168,54996.25,0.00014278580069801655,1
2025-08-07 08:09:00+00:00,54996.25,55000.8515625,54973.8984375,54986.8515625,0.0,33.35830095456322,-28.27440288796788,-27.88235734134768,55026.01665673927,55068.87897331431,20.565585618252985,54988.94921875,-0.00013275052844512127,1
2025-08-07 08:10:00+00:00,54988.94921875,54998.94921875,54984.6484375,54996.1015625,0.0,31.56716944537051,-27.78466304612084,-27.86281848230232,55022.48642454981,55065.74447313532,20.1180995919492,54995.19921875,0.00011365920041747025,1
2025-08-07 08:11:00+00:00,54995.19921875,55002.55078125,54984.1484375,54990.5,0.0,34.794922717640745,-26.58575390454644,-27.60740556675114,55019.88764304507,55062.97799257119,19.995545603238543,54993.44921875,-3.182095937209292e-05,1
2025-08-07 08:12:00+00:00,54993.44921875,55000.1015625,54980.6484375,54986.1015625,0.0,34.30698865213682,-25.483067210683657,-27.18253789553765,55017.369697874106,55060.25137398996,19.956801274435797,54988.30078125,-9.361910505960121e-05,1
2025-08-07 08:13:00+00:00,54988.30078125,54996.5,54985.5,54991.25,0.0,32.84759993021844,-24.739435131879876,-26.693917342806092,55014.6012296242,55057.42978211781,19.31702975483324,55025.0,0.0006674004875326818,1
2025-08-07 08:14:00+00:00,55025.0,55040.30078125,54985.8984375,54986.69921875,0.0,49.37829781766448,-20.947313515935093,-25.544596577431896,55015.5915887076,55056.15802595633,21.823123611630862,55040.44921875,0.0002807672648796002,1
2025-08-07 08:15:00+00:00,55040.44921875,55050.55078125,55014.94921875,55021.8515625,0.0,54.46050374786549,-16.505145927767444,-23.736706447499007,55017.95898204498,55055.54199430118,22.80729781794295,55016.8515625,-0.00042873298791975075,1
2025-08-07 08:16:00+00:00,55016.8515625,55054.1484375,55016.30078125,55037.55078125,0.0,46.74143991192523,-14.719156482024118,-21.93319645440403,55017.853513516886,55054.02472246584,23.88160913451845,55024.69921875,0.00014264095503692972,1
2025-08-07 08:17:00+00:00,55024.69921875,55036.1015625,55009.30078125,55014.55078125,0.0,49.314345338899344,-12.526113466330573,-20.051779856789334,55018.50548544385,55052.87470271227,24.090121428481417,55014.8984375,-0.0001781160349652638,1
2025-08-07 08:18:00+00:00,55014.8984375,55028.6015625,55009.6015625,55019.75,0.0,46.30567873936474,-11.446998343300947,-18.33082355409166,55018.161957068245,55051.38543740984,23.72654132644703,55022.8515625,0.0001445631133725566,1
2025-08-07 08:19:00+00:00,55022.8515625,55027.8984375,55012.75,55013.3515625,0.0,49.02356957653019,-9.83665033133002,-16.63198890953933,55018.60858615699,55050.26646192318,23.113819624557955,55022.94921875,1.7748307698860914e-06,1
2025-08-07 08:20:00+00:00,55022.94921875,55032.80078125,55015.1484375,55024.05078125,0.0,49.05766761497945,-8.455092839532881,-14.996609695538044,55019.02197973728,55049.195197485016,22.723714204946678,55009.0,-0.0002535163772218623,1
2025-08-07 08:21:00+00:00,55009.0,55025.80078125,55006.3515625,55025.80078125,0.0,44.4808120519424,-8.38907985775586,-13.675103727981607,55018.06750547659,55047.61891523071,22.48982167245048,55038.6484375,0.0005389743042047665,1
2025-08-07 08:22:00+00:00,55038.6484375,55042.25,55002.25,55009.0,0.0,54.2505478181082,-5.876640714115638,-12.115411125208414,55020.02759424072,55047.26713179029,23.74054869584688,55020.44921875,-0.00033066253017943216,1
2025-08-07 08:23:00+00:00,55020.44921875,55039.94921875,55008.1484375,55036.5,0.0,48.5974230434045,-5.293024752980273,-10.750933850762786,55020.06774895589,55046.21544892597,24.316279592572094,55026.6015625,0.00011181922062358207,1
2025-08-07 08:24:00+00:00,55026.6015625,55028.69921875,55011.8515625,55018.8515625,0.0,50.4761821214958,-4.284671153764066,-9.457681311363045,55020.690016912464,55045.446276909264,23.78280649667409,55028.30078125,3.0879950819241545e-05,1
2025-08-07 08:25:00+00:00,55028.30078125,55033.80078125,55019.80078125,55023.6015625,0.0,51.00877806468717,-3.310272152630205,-8.228199479616475,55021.41485161128,55044.77390453047,23.08403460405452,55038.55078125,0.00018626779047287102,1
2025-08-07 08:26:00+00:00,55038.55078125,55040.3515625,55023.44921875,55026.94921875,0.0,54.20791900474344,-1.6914664149589953,-6.920852866684979,55023.046844910205,55044.52986048025,22.642485257336336,55060.1015625,0.00039155793428597525,1
2025-08-07 08:27:00+00:00,55060.1015625,55066.6484375,55035.8515625,55038.75,0.0,60.10642346181421,1.3152552902247407,-5.273631235303035,55026.57586563304,55045.14051546142,23.2249416675266,55052.19921875,-0.0001435221426358952,1
2025-08-07 08:28:00+00:00,55052.19921875,55067.6015625,55043.94921875,55060.80078125,0.0,57.19702914808908,3.025573873601388,-3.61379021352215,55029.01618497752,55045.41732735509,23.25547038770327,55043.6015625,-0.00015617280275829126,1
2025-08-07 08:29:00+00:00,55043.6015625,55053.1015625,55034.69921875,55052.8984375,0.0,54.12725419298183,3.645234671123035,-2.161985236593113,55030.40526855109,55045.346120890186,22.90881848501018,55058.3984375,0.0002688209815485763,1
2025-08-07 08:30:00+00:00,55058.3984375,55065.8984375,55043.6015625,55043.6015625,0.0,58.277536346533935,5.269560256980185,-0.6756761378784537,55033.07128464146,55045.85797644351,22.86510823608088,55060.69921875,4.178801627533265e-05,1
2025-08-07 08:31:00+00:00,55060.69921875,55066.6015625,55048.8984375,55057.75,0.0,58.90019871079565,6.665666154658538,0.7925923206289447,55035.70251646132,55046.43998594573,22.496395147789396,55073.1484375,0.00022609990295511224,1
2025-08-07 08:32:00+00:00,55073.1484375,55083.1484375,55051.80078125,55059.69921875,0.0,62.18840545459712,8.67661938042147,2.36939773258745,55039.26879465548,55047.48737620277,23.128628083661575,55074.55078125,2.5463293633765208e-05,1
2025-08-07 08:33:00+00:00,55074.55078125,55079.05078125,55054.1015625,55072.55078125,0.0,62.55185718958683,10.265141558658796,3.9485464978017193,55042.62898385496,55048.54868620462,23.25867027411432,55077.44921875,5.2627528665867325e-05,1
2025-08-07 08:34:00+00:00,55077.44921875,55077.44921875,55062.6484375,55074.5,0.0,63.336283903790495,11.623942934107616,5.483625785062899,55045.9451967021,55049.682040422085,22.65453534382044,55097.19921875,0.0003585859599553952,1
2025-08-07 08:35:00+00:00,55097.19921875,55102.6484375,55074.3515625,55076.6484375,0.0,68.22110562389527,14.131562895679965,7.213213207186312,55050.82653213524,55051.545459180044,23.05755960497612,55082.55078125,-0.00026586537442387857,1
2025-08-07 08:36:00+00:00,55082.55078125,55109.6484375,55079.1015625,55098.75,0.0,61.65934982835346,14.7666426331416,8.723899092377371,55053.847889193785,55052.76135416318,23.592510704620683,55084.1484375,2.900476153228255e-05,1
2025-08-07 08:37:00+00:00,55084.1484375,55093.6015625,55067.6015625,55082.25,0.0,62.08766022999824,15.223379762115655,10.023795226325028,55056.733655699136,55053.99222017639,23.764474225719205,55082.3984375,-3.176957527056261e-05,1
2025-08-07 08:38:00+00:00,55082.3984375,55095.25,55075.44921875,55083.1015625,0.0,61.2801310527707,15.26813529321953,11.072663239703928,55059.17792063255,55055.1061894832,23.48135329888212,55079.3984375,-5.4463859328928663e-05,1
2025-08-07 08:39:00+00:00,55079.3984375,55089.55078125,55075.1015625,55082.8984375,0.0,59.84320097917833,14.889888084901033,11.83610820874335,55061.10368414374,55056.05882666033,22.836200831104826,55088.6484375,0.00016793937955760738,1
2025-08-07 08:40:00+00:00,55088.6484375,55096.44921875,55073.55078125,55078.3984375,0.0,62.74399811003008,15.161746960606251,12.501235959115933,55063.72699398719,55057.336850614825,22.84064630745448,55086.6015625,-3.715602139562838e-05,1
2025-08-07 08:41:00+00:00,55086.6015625,55098.05078125,55076.30078125,55087.75,0.0,61.68217488387844,15.038674889321555,13.008723745157058,55065.905524321744,55058.48448637503,22.76274299977916,55127.3984375,0.0007405952417252097,1
2025-08-07 08:42:00+00:00,55127.3984375,55142.44921875,55084.30078125,55084.30078125,0.0,71.89220578845686,18.025321558372525,14.012043307800152,55071.76199224348,55061.18699426229,25.29029260693779,55109.1015625,-0.0003319016590406285,1
2025-08-07 08:43:00+00:00,55109.1015625,55136.69921875,55103.25,55127.1484375,0.0,63.69499304003359,18.700290355402103,14.949692717320543,55075.31814179172,55063.06599693828,25.87307304572795,55124.30078125,0.00027580233244707054,1
2025-08-07 08:44:00+00:00,55124.30078125,55131.69921875,55102.6484375,55108.3984375,0.0,67.05544064825261,20.228476631069498,16.005449500070334,55079.98315507346,55065.46736102893,26.100052203175952,55156.1484375,0.0005777425889968418,1
2025-08-07 08:45:00+00:00,55156.1484375,55162.6015625,55122.3984375,55122.3984375,0.0,72.74759137455675,23.73580339541513,17.551520279139293,55087.23699149504,55069.023481674856,27.107414545806243,55177.3515625,0.0003844199713115619,1
2025-08-07 08:46:00+00:00,55177.3515625,55180.5,55155.5,55155.5,0.0,75.75148725525662,27.904632872945516,19.622142797900537,55095.81933159075,55073.271641707215,26.95688493539151,55185.8515625,0.0001540487130914929,1
2025-08-07 08:47:00+00:00,55185.8515625,55200.8515625,55168.3515625,55176.8984375,0.0,76.85297313520367,31.5308709778692,22.003888433894268,55104.39382977258,55077.68654056183,27.35282172572069,55193.3515625,0.00013590439918293143,1
2025-08-07 08:48:00+00:00,55193.3515625,55213.55078125,55185.1484375,55185.8984375,0.0,77.81074815940545,34.61090515150136,24.52529177741569,55112.86599479424,55082.22242377509,27.427787584597784,55194.25,1.6278002233341908e-05,1
2025-08-07 08:49:00+00:00,55194.25,55208.75,55186.0,55192.3515625,0.0,77.92856575033467,36.70128129720251,26.96048968137305,55120.61685243288,55086.61566205842,27.093659899983656,55216.94921875,0.0004112605706210339,1
2025-08-07 08:50:00+00:00,55216.94921875,55236.05078125,55189.30078125,55191.8515625,0.0,80.71469754384724,39.73155605469219,29.514702956036885,55129.7913635107,55091.726781928686,28.49768419284197,55222.30078125,9.691883698244545e-05,1
2025-08-07 08:51:00+00:00,55222.30078125,55229.30078125,55213.94921875,55216.55078125,0.0,81.31359334940004,42.07982694953535,32.02772775473658,55138.60178424778,55096.84733092168,27.55867550049611,55250.1015625,0.0005034339543389576,1
2025-08-07 08:52:00+00:00,55250.1015625,55295.94921875,55219.1015625,55219.1015625,0.0,84.07952758405492,45.657824280831846,34.75374705995564,55149.22081074799,55102.857300787495,31.079316982603533,55228.69921875,-0.0003873720254756319,1
2025-08-07 08:53:00+00:00,55228.69921875,55260.0,55222.44921875,55250.3515625,0.0,74.88932682148786,46.23347198448028,37.04969204486056,55156.790182938654,55107.79227796249,31.54156443027471,55186.3984375,-0.0007659202886972756,1
2025-08-07 08:54:00+00:00,55186.3984375,55227.94921875,55178.1484375,55226.8984375,0.0,60.75464702369384,42.78317955019884,38.19638954592822,55159.6100167064,55110.87487245416,32.89936563168366,55195.25,0.00016039391499745394,1
2025-08-07 08:55:00+00:00,55195.25,55215.1015625,55177.1015625,55185.0,0.0,62.355755895472015,40.29850893017283,38.61681342277714,55163.0043008296,55114.18370098537,33.263696657991964,55191.6015625,-6.610057024834565e-05,1
2025-08-07 08:56:00+00:00,55191.6015625,55200.0,55176.75,55194.3515625,0.0,61.24661587575155,37.6015439551702,38.41375952925576,55165.72784956011,55117.21969555457,32.54843261099254,55184.5,-0.00012867107130344927,1
2025-08-07 08:57:00+00:00,55184.5,55201.5,55176.3984375,55190.75,0.0,59.045082630142936,34.493523174700385,37.62971225834468,55167.51567341153,55119.85813886616,32.01651331735022,55179.94921875,-8.246484520109813e-05,1
2025-08-07 08:58:00+00:00,55179.94921875,55183.3984375,55154.25,55177.1015625,0.0,57.61585343154463,31.30235029056348,36.364239864788445,55168.69982058663,55122.21465180278,31.890333794682345,55231.94921875,0.0009423712913155515,2
2025-08-07 08:59:00+00:00,55231.94921875,55231.94921875,55178.75,55180.1015625,0.0,67.34319050013607,32.59356982248573,35.610105856327905,55174.72357279266,55126.51796815365,33.41239700577646,55230.80078125,-2.0792992393796077e-05,1
2025-08-07 09:00:00+00:00,55230.80078125,55256.8984375,55227.5,55228.0,0.0,66.97758835673915,33.142159115894174,35.11651650824116,55180.06425931241,55130.60749023585,33.125685612506715,55255.8984375,0.00045441412934429633,1
2025-08-07 09:01:00+00:00,55255.8984375,55257.5,55226.30078125,55229.8515625,0.0,70.71881622314228,35.19636935584276,35.13248707776148,55187.28656199695,55135.5208607168,32.98808083661338,55249.19921875,-0.00012123988459942413,1
2025-08-07 09:02:00+00:00,55249.19921875,55266.69921875,55243.30078125,55255.6015625,0.0,68.48833954518315,35.87028449420177,35.28004656104954,55193.18300549724,55139.97883554163,32.30310631256957,55262.30078125,0.00023713578993473817,1
2025-08-07 09:03:00+00:00,55262.30078125,55264.5,55246.3984375,55247.0,0.0,70.45118620308679,37.03464140323922,35.63096552948748,55199.76565080703,55144.77577458902,31.288710325957457,55255.3984375,-0.00012490149075265977,1
2025-08-07 09:04:00+00:00,55255.3984375,55269.0,55247.5,55261.69921875,0.0,68.04638961682662,36.974225333069626,35.89961749020391,55205.06401144445,55149.11391823259,30.58951673124621,55240.5,-0.0002696286321571238,1
2025-08-07 09:05:00+00:00,55240.5,55273.19921875,55239.5,55260.5,0.0,63.0441589454076,35.31705276718276,35.783104545599684,55208.43886749737,55152.69768614504,30.811638304014338,55267.80078125,0.0004942167657787312,1
2025-08-07 09:06:00+00:00,55267.80078125,55297.19921875,55238.6484375,55239.44921875,0.0,67.72612984296839,35.79406475667929,35.78529658781561,55214.09238309286,55157.21153301191,32.79300565729903,55278.1484375,0.00018722757380841028,1
2025-08-07 09:07:00+00:00,55278.1484375,55286.8984375,55262.05078125,55265.5,0.0,69.31303564969608,36.58533658883243,35.94530458801897,55220.19295970306,55161.95415671732,32.22548069963481,55292.05078125,0.00025149799953445666,1
2025-08-07 09:08:00+00:00,55292.05078125,55307.3515625,55257.0,55275.94921875,0.0,71.35119145409645,37.897370869410224,36.33571784429722,55227.03656175515,55167.05598513037,33.52020082823232,55274.30078125,-0.0003210226379597259,1
2025-08-07 09:09:00+00:00,55274.30078125,55303.19921875,55258.69921875,55284.3984375,0.0,65.38047382163718,37.07748466906924,36.48407120925162,55231.537915992754,55171.26166340957,34.304472197644294,55254.30078125,-0.00036183180460573725,1
2025-08-07 09:10:00+00:00,55254.30078125,55284.25,55245.05078125,55275.0,0.0,59.35364294158274,34.417146652631345,36.070686297927566,55233.705807922015,55174.518099403314,34.654096951383984,55258.1015625,6.87870662782825e-05,1
2025-08-07 09:11:00+00:00,55258.1015625,55264.1484375,55240.3984375,55254.3515625,0.0,60.10625863788549,32.24381427048502,35.30531189243906,55236.02921311992,55177.79588226985,33.875232883427984,55270.30078125,0.00022076796714056495,1
2025-08-07 09:12:00+00:00,55270.30078125,55274.44921875,55252.5,55254.5,0.0,62.50596265556022,31.146767156045826,34.47360294516041,55239.293171989455,55181.42352536712,33.02337473104027,55288.5,0.000329276636688287,1
2025-08-07 09:13:00+00:00,55288.5,55288.5,55263.8515625,55270.25,0.0,65.81008653764849,31.384097925008973,33.85570194113012,55243.979536561885,55185.622602803705,32.42516492882311,55311.30078125,0.00041239645224594624,1
2025-08-07 09:14:00+00:00,55311.30078125,55320.3984375,55286.1015625,55286.1015625,0.0,69.44323507437123,33.03125303830166,33.690812160564434,55250.39108367504,55190.55115882121,32.55885850533574,55299.25,-0.00021787195527473653,1
2025-08-07 09:15:00+00:00,55299.25,55325.75,55284.1484375,55309.5,0.0,65.48263098961488,32.98401876194839,33.54945348084122,55255.04431380122,55194.81385847528,33.20476593352605,55299.6484375,7.20511580175138e-06,1
2025-08-07 09:16:00+00:00,55299.6484375,55309.55078125,55288.30078125,55304.3984375,0.0,65.5525858348039,32.602909784611256,33.36014474159523,55259.29232558206,55198.92501843703,32.35085408113133,55292.05078125,-0.00013739067904901633,1
2025-08-07 09:17:00+00:00,55292.05078125,55306.3984375,55286.55078125,55293.80078125,0.0,62.93340513178739,31.32669615809573,32.95345502489533,55262.41217850281,55202.57700913558,31.45776852176481,55281.8984375,-0.00018361308011824993,1
2025-08-07 09:18:00+00:00,55281.8984375,55295.75,55272.3984375,55292.44921875,0.0,59.511649582693735,29.159940725265187,32.1947521649693,55264.26801269302,55205.68765338517,30.878753805924468,55288.75,0.00012393862536660467,1
2025-08-07 09:19:00+00:00,55288.75,55308.75,55277.94921875,55281.1015625,0.0,61.05077688469058,27.676596688434078,31.291121069662257,55266.59963053178,55208.94500031124,30.873184337644147,55322.8515625,0.0006167902602247292,1
2025-08-07 09:20:00+00:00,55322.8515625,55336.25,55288.30078125,55290.05078125,0.0,67.64363239611535,28.91938230986125,30.816773317702054,55271.9569573859,55213.41192431864,32.09290108138385,55338.69921875,0.00028645768976851086,1
2025-08-07 09:21:00+00:00,55338.69921875,55345.8515625,55318.69921875,55323.8984375,0.0,70.17057344378304,30.827709636498184,30.818960581461283,55278.313363230096,55218.325151551246,31.740004129142147,55357.3515625,0.0003370578639058463,1
2025-08-07 09:22:00+00:00,55357.3515625,55361.1484375,55334.0,55338.6015625,0.0,72.85740121202772,33.45946120710141,31.34706070658931,55285.840810779606,55223.777167666885,31.41203508420342,55345.75,-0.0002095758227685714,1
2025-08-07 09:23:00+00:00,55345.75,55368.80078125,55342.3984375,55355.05078125,0.0,68.71174163377727,34.21458966033242,31.920566497337933,55291.54644784822,55228.56041599368,31.05419998890317,55349.75,7.227293875320146e-05,1
2025-08-07 09:24:00+00:00,55349.75,55362.25,55340.55078125,55348.05078125,0.0,69.35910715875605,34.73539298227115,32.48353179432458,55297.08964329125,55233.31294869981,30.38598704326723,55308.1484375,-0.0007516124734077389,1
2025-08-07 09:25:00+00:00,55308.1484375,55361.30078125,55304.8515625,55348.69921875,0.0,56.30982332200367,31.428941676291288,32.272613770717925,55298.142861787324,55236.2476737508,32.247646450891,55343.3984375,0.0006373382764717506,1
2025-08-07 09:26:00+00:00,55343.3984375,55348.69921875,55310.55078125,55313.8515625,0.0,62.71148142305363,31.29221838327794,32.07653469322993,55302.4529166171,55240.44966448606,32.840727507970215,55342.19921875,-2.166868648939752e-05,1
2025-08-07 09:27:00+00:00,55342.19921875,55351.94921875,55331.6484375,55345.5,0.0,62.376628155138704,30.73282834306883,31.807793423197715,55306.238278725,55244.43984308465,31.94501706097234,55331.69921875,-0.0001897286365237648,1
2025-08-07 09:28:00+00:00,55331.69921875,55343.05078125,55319.0,55341.3515625,0.0,59.38662466056955,29.106721293406736,31.26757899723952,55308.663130155954,55247.86177938525,31.38114307447432,55357.44921875,0.0004653751893322339,1
2025-08-07 09:29:00+00:00,55357.44921875,55357.8515625,55323.6015625,55323.6015625,0.0,63.95038705121471,29.555136325230706,30.92509046283776,55313.30942430777,55252.15932602701,31.58606142629758,55377.3984375,0.0003603709894791006,1
2025-08-07 09:30:00+00:00,55377.3984375,55382.69921875,55356.8515625,55356.8515625,0.0,67.04045799970115,31.16103864274919,30.972280098820047,55319.41313984989,55257.07066373184,31.176175342276327,55383.55078125,0.00011109846116992393,1
2025-08-07 09:31:00+00:00,55383.55078125,55394.0,55369.3515625,55371.80078125,0.0,67.95279928665349,32.5548979240848,31.288803663873,55325.52148664991,55262.03066834039,30.709908353542307,55405.1015625,0.0003891188077687496,1
2025-08-07 09:32:00+00:00,55405.1015625,55405.1015625,55377.8984375,55383.6484375,0.0,70.9827749977155,34.995107569870015,32.0300644450724,55333.10054149278,55267.641291640764,30.459423828289285,55391.69921875,-0.0002418972869291002,1
2025-08-07 09:33:00+00:00,55391.69921875,55403.6015625,55388.69921875,55402.6484375,0.0,66.75570123359554,35.43901525452384,32.71185460696269,55338.68136789823,55272.50630839015,29.45534667984005,55417.19921875,0.0004603577857270046,1
2025-08-07 09:34:00+00:00,55417.19921875,55420.6015625,55389.5,55391.8984375,0.0,70.37102793301429,37.417130788024224,33.652909843175,55346.15925845554,55278.18054016897,29.57293352413719,55457.19921875,0.0007217975748306366,1
2025-08-07 09:35:00+00:00,55457.19921875,55457.19921875,55406.5,55411.5,0.0,74.9694180491758,41.73141354745894,35.26861058403179,55356.7344927693,55285.20088050548,31.081953897413108,55476.8984375,0.00035521481480333615,1
2025-08-07 09:36:00+00:00,55476.8984375,55487.0,55451.69921875,55453.6015625,0.0,76.87304311245876,46.207425597764086,37.456373586778255,55368.17867798175,55292.71843176017,31.38329870831217,55477.69921875,1.443449927003681e-05,1
2025-08-07 09:37:00+00:00,55477.69921875,55481.05078125,55464.1484375,55471.19921875,0.0,76.94978544861273,49.25157228277385,39.815413325977374,55378.60920567396,55299.972580269576,30.348944782718444,55444.0,-0.0006074372085461423,1
2025-08-07 09:38:00+00:00,55444.0,55475.94921875,55429.75,55475.1484375,0.0,66.89041029368872,48.38705924645183,41.52974251007227,55384.83690037168,55305.62071437665,31.60610720895284,55474.5,0.0005501046100569944,1
2025-08-07 09:39:00+00:00,55474.5,55474.5,55443.6015625,55453.80078125,0.0,70.63235528837802,49.59136317244702,43.14206664254722,55393.37624319343,55312.24343145992,31.555559372599067,55475.0,9.013150186121552e-06,1
2025-08-07 09:40:00+00:00,55475.0,55481.19921875,55459.6015625,55466.75,0.0,70.6908345527734,50.00964843443944,44.51558300092567,55401.149934317866,55318.62604199091,30.844280578127705,55511.3984375,0.000656123253717891,1
2025-08-07 09:41:00+00:00,55511.3984375,55515.75,55472.55078125,55474.19921875,0.0,74.64845889348169,52.67103334415151,46.14667306957084,55411.64979176378,55326.18574377558,31.72677616183287,55540.6484375,0.0005269188098896919,1
2025-08-07 09:42:00+00:00,55540.6484375,55550.6484375,55507.0,55507.0,0.0,77.30101930934089,56.48925760851853,48.21518997736037,55423.935377072,55334.59604549027,32.57832340027338,55549.80078125,0.00016478640432689853,1
2025-08-07 09:43:00+00:00,55549.80078125,55551.80078125,55537.30078125,55539.8515625,0.0,78.07407362165893,59.56709312780004,50.48557060744831,55435.92255842229,55343.03544689261,31.28701458596814,55513.3984375,-0.0006553100684077892,1
2025-08-07 09:44:00+00:00,55513.3984375,55550.1015625,55508.05078125,55547.44921875,0.0,68.13480605044337,58.3957847810525,52.06761344216915,55443.30121357255,55349.71634848505,32.05585506197041,55571.6015625,0.0010484518447475026,2
2025-08-07 09:45:00+00:00,55571.6015625,55572.5,55507.19921875,55514.1484375,0.0,73.86394351145793,61.455598358035786,53.94521042534248,55455.52029442279,55358.417729426816,34.43049264682967,55584.75,0.00023660353724396947,1
2025-08-07 09:46:00+00:00,55584.75,55588.69921875,55558.6484375,55572.3984375,0.0,74.95924244871705,64.20141770344344,55.99645188096267,55467.82788543015,55367.29350474341,34.117656118484696,55580.94921875,-6.837812979279389e-05,1
2025-08-07 09:47:00+00:00,55580.94921875,55594.94921875,55577.0,55586.0,0.0,73.99392077240361,65.3178643535066,57.86073437547146,55478.60134574632,55375.67216019465,32.9627677350215,55583.0,3.6897197309976445e-05,1
2025-08-07 09:48:00+00:00,55583.0,55589.80078125,55576.8515625,55584.8515625,0.0,74.18707986376644,65.61180522630457,59.410948545638085,55488.54407472286,55383.80266371643,31.53322852180568,55575.3515625,-0.00013760389867405502,1
2025-08-07 09:49:00+00:00,55575.3515625,55590.6484375,55568.6015625,55583.5,0.0,72.03806039012818,64.48425613545987,60.42561006360245,55496.81145451115,55391.31438523736,30.855631841676704,55568.05078125,-0.0001313672526531757,1
2025-08-07 09:50:00+00:00,55568.05078125,55578.69921875,55560.19921875,55577.44921875,0.0,69.95495215739959,62.28358690605819,60.7972054320936,55503.5961522958,55398.24522429668,29.973086710128367,55578.1015625,0.0001808733815329613,1
2025-08-07 09:51:00+00:00,55578.1015625,55587.05078125,55567.8984375,55573.55078125,0.0,71.19006672742509,60.65140311486175,60.76804496864723,55510.69190564858,55405.29841403014,29.200176498690627,55590.80078125,0.0002284932085296072,1
2025-08-07 09:52:00+00:00,55590.80078125,55606.25,55571.25,55579.69921875,0.0,72.71622864718448,59.69448565036146,60.55333310499008,55518.32132237252,55412.57301666621,29.61444960592701,55587.5,-5.9376393281121925e-05,1
2025-08-07 09:53:00+00:00,55587.5,55594.94921875,55581.1015625,55592.19921875,0.0,71.65374639157095,58.00117476620653,60.042901437233375,55524.90976786085,55419.43289836558,28.48825008050365,55611.80078125,0.00043716269395097817,1
2025-08-07 09:54:00+00:00,55611.80078125,55614.05078125,55582.55078125,55588.55078125,0.0,74.59661034037906,57.95204850634764,59.62473085105624,55533.18510246934,55426.97673691008,28.703375074753392,55602.0,-0.00017623563906070129,1
2025-08-07 09:55:00+00:00,55602.0,55613.69921875,55597.30078125,55611.25,0.0,71.37803097161057,56.47130836251745,58.99404635334848,55539.73890223417,55433.84039428615,27.82445096227101,55596.30078125,-0.00010250024729326284,1
2025-08-07 09:56:00+00:00,55596.30078125,55609.69921875,55591.1484375,55605.5,0.0,69.5001410573194,54.21299811179051,58.03783670503689,55545.12574785472,55440.21138985336,27.16204598282308,55581.80078125,-0.00026080871921770315,1
2025-08-07 09:57:00+00:00,55581.80078125,55597.25,55573.5,55595.0,0.0,64.82710077784671,50.66915961778432,56.564101287586375,55548.61860817808,55445.763915006166,26.91832841262143,55588.80078125,0.00012594050393490282,1
2025-08-07 09:58:00+00:00,55588.80078125,55601.1484375,55583.3515625,55589.94921875,0.0,66.01509577014355,47.87362621516513,54.82600627310213,55552.44548180398,55451.37320387848,26.37756611529133,55591.3515625,4.588660331129816e-05,1
2025-08-07 09:59:00+00:00,55591.3515625,55602.80078125,55565.6484375,55586.55078125,0.0,66.45965923869413,45.34130622774683,52.92906626403107,55556.15082282265,55456.8625512754,27.14719308919909,55478.3515625,-0.0020326902804828706,0
2025-08-08 03:45:00+00:00,55478.3515625,55622.94921875,55453.6015625,55610.3515625,0.0,40.921514963436245,33.82633978487138,49.10852096819914,55548.741369458585,55457.70525759793,37.3043690292563,55446.8515625,-0.0005677890404604611,1
2025-08-08 03:46:00+00:00,55446.8515625,55483.44921875,55438.44921875,55471.75,0.0,36.68912763713715,21.906336562838987,43.66808408712711,55539.03757831967,55457.279622496055,37.85405695573799,55479.8984375,0.0005960099458983596,1
2025-08-08 03:47:00+00:00,55479.8984375,55490.0,55448.05078125,55451.0,0.0,43.31313311689903,14.953875787032302,37.92524242710815,55533.40527919398,55458.16663484915,38.23222699461384,55476.1015625,-6.843694936243096e-05,1
2025-08-08 03:48:00+00:00,55476.1015625,55484.75,55443.6484375,55484.75,0.0,42.75958364802808,9.03349197935313,32.14689233755715,55527.94778236598,55458.869965345264,38.43717953071285,55478.8515625,4.957089489970414e-05,1
2025-08-08 03:49:00+00:00,55478.8515625,55489.5,55454.19921875,55471.3984375,0.0,43.3245503990854,4.511442078983237,26.61980228584237,55523.27195190256,55459.65355739055,38.2131510820905,55483.3515625,8.111198904199559e-05,1
2025-08-08 03:50:00+00:00,55483.3515625,55510.19921875,55466.05078125,55477.19921875,0.0,44.29347652224252,1.2760874040031922,21.55105930947453,55519.4700100547,55460.582890924255,38.63710011194117,55458.8984375,-0.0004407290531548808,1
2025-08-08 03:51:00+00:00,55458.8984375,55491.05078125,55442.44921875,55491.05078125,0.0,40.26509195292032,-3.2239535795742995,16.59605673166477,55513.70128885901,55460.51683392723,39.34884742537395,55448.3515625,-0.0001901746211545459,1
2025-08-08 03:52:00+00:00,55448.3515625,55464.8515625,55431.05078125,55458.3515625,0.0,38.63307542976907,-7.554232656970271,11.765998853937765,55507.47750539625,55460.0397644595,38.95255698427581,55459.6484375,0.00020373689535686996,1
2025-08-08 03:53:00+00:00,55459.6484375,55467.25,55446.75,55446.75,0.0,41.37404970429297,-9.959638114683912,7.420871460213427,55502.9223560728,55460.02441830423,37.63451719968468,55445.1015625,-0.0002622965599284953,1
2025-08-08 03:54:00+00:00,55445.1015625,55458.6015625,55436.5,55457.8515625,0.0,38.96084043838145,-12.89114936371334,3.358467295428074,55497.41561382777,55459.4392082727,36.59979722113577,55431.75,-0.0002408068904869724,1
2025-08-08 03:55:00+00:00,55431.75,55447.6015625,55417.30078125,55447.1484375,0.0,36.83710916263636,-16.106091660090897,-0.5344444956757202,55491.16174584417,55458.35335696789,36.14986750891179,55445.1015625,0.0002408648924127418,1
2025-08-08 03:56:00+00:00,55445.1015625,55450.19921875,55424.94921875,55430.8984375,0.0,40.339334023388666,-17.376293981644267,-3.9028143928694297,55486.77506171615,55457.83367875346,35.37130554398952,55440.1015625,-9.017929193192647e-05,1
2025-08-08 03:57:00+00:00,55440.1015625,55454.3984375,55434.8984375,55442.69921875,0.0,39.45700862796184,-18.572306695314182,-6.83671285335838,55482.32996655271,55457.138301645486,34.23764086227599,55402.80078125,-0.0006728122820617353,1
2025-08-08 03:58:00+00:00,55402.80078125,55442.05078125,55398.30078125,55440.6484375,0.0,33.55973608323926,-22.27326437189185,-9.924023157065076,55474.75575842864,55455.00741849272,34.91709508639913,55392.0,-0.00019495009453845724,1
2025-08-08 03:59:00+00:00,55392.0,55410.1484375,55388.69921875,55400.30078125,0.0,32.06527721312682,-25.780649496024125,-13.095348424856889,55466.87425762592,55452.53653933614,33.95510391951348,55391.55078125,-8.109812788850375e-06,1
2025-08-08 04:00:00+00:00,55391.55078125,55400.05078125,55381.75,55391.8515625,0.0,32.001447566202586,-28.27063934261969,-16.130406608409448,55459.70059320916,55450.14494097982,32.83693801454823,55405.8515625,0.0002581762208910895,1
2025-08-08 04:01:00+00:00,55405.8515625,55412.25,55354.8515625,55386.80078125,0.0,36.34557554240501,-28.758510497718817,-18.65602738627132,55454.57211409401,55448.40794574532,34.591330834937644,55395.44921875,-0.00018774810704363497,1
2025-08-08 04:02:00+00:00,55395.44921875,55411.6015625,55392.1484375,55409.1015625,0.0,34.61335660916333,-29.642830015283835,-20.853387912073828,55448.94136215648,55446.33113292198,33.51003041815638,55388.0,-0.00013447347850874765,1
2025-08-08 04:03:00+00:00,55388.0,55395.75,55375.80078125,55393.8515625,0.0,33.38624785624536,-30.592102585855173,-22.801130846830095,55443.137422903485,55444.04363751327,32.54140101328807,55394.05078125,0.00010924354101971546,1
2025-08-08 04:04:00+00:00,55394.05078125,55405.8515625,55388.3515625,55388.44921875,0.0,35.38991267739601,-30.50452330255939,-24.34180933797596,55438.46250465077,55442.08313334608,31.492126833767497,55383.0,-0.00019949400872738688,1
2025-08-08 04:05:00+00:00,55383.0,55400.1015625,55380.3515625,55394.05078125,0.0,33.41319178270578,-30.969820963189704,-25.66741166301871,55433.1803613507,55439.766147724666,30.653403488498387,55414.3515625,0.0005660863893252442,1
2025-08-08 04:06:00+00:00,55414.3515625,55414.3515625,55379.55078125,55383.8984375,0.0,43.11999793467041,-28.48045863505104,-26.230021057425176,55431.38714241254,55438.7694973237,30.94964475717708,55423.3515625,0.00016241280004601695,1
2025-08-08 04:07:00+00:00,55423.3515625,55429.75,55417.25,55418.80078125,0.0,45.57285215714917,-25.487591185534257,-26.081535083046997,55430.62184908753,55438.16487242865,29.838844238807287,55415.55078125,-0.0001407489989341981,1
2025-08-08 04:08:00+00:00,55415.55078125,55454.3984375,55410.19921875,55423.5,0.0,43.80941548981029,-23.474579680238094,-25.560144002485213,55429.18650929348,55437.278045323605,30.86458527532105,55401.8515625,-0.000247208925236112,1
2025-08-08 04:09:00+00:00,55401.8515625,55416.3984375,55396.3515625,55414.55078125,0.0,40.82203402520186,-22.722732507369077,-24.992661703461987,55426.58318102744,55435.888771487385,30.091891684226688,55382.6015625,-0.00034746131143800616,1
2025-08-08 04:10:00+00:00,55382.6015625,55407.19921875,55376.8515625,55405.1484375,0.0,37.00358783550161,-23.41034247155767,-24.676197857081124,55422.3944554534,55433.79907701729,30.110160581781923,55382.8984375,5.360437964709416e-06,1
2025-08-08 04:11:00+00:00,55382.8984375,55402.0,55373.3984375,55383.94921875,0.0,37.10130284100293,-23.658601361210454,-24.472678557906995,55418.63292993403,55431.80297350681,30.00240357594036,55378.3515625,-8.209889926817719e-05,1
2025-08-08 04:12:00+00:00,55378.3515625,55389.55078125,55377.8984375,55385.19921875,0.0,36.17577941997522,-23.946206173772225,-24.367384081080044,55414.796609226025,55429.70683974184,28.69168501694461,55383.94921875,0.00010108022525160371,1
2025-08-08 04:13:00+00:00,55383.94921875,55394.0,55376.8984375,55376.8984375,0.0,38.21907207240904,-23.452109660269343,-24.184329196917904,55411.85876251403,55427.91242323236,27.863819122877143,55376.75,-0.00012998745758568506,1
2025-08-08 04:14:00+00:00,55376.75,55391.25,55375.05078125,55384.94921875,0.0,36.59634101781651,-23.37203315070656,-24.02186998767564,55408.51507084603,55425.90605369384,27.030633381957347,55381.30078125,8.217855417661745e-05,1
2025-08-08 04:15:00+00:00,55381.30078125,55384.44921875,55364.1484375,55380.3515625,0.0,38.37745340591941,-22.679921903611103,-23.75348037086273,55405.92323374164,55424.15682732349,26.549929658246107,55381.6015625,5.43109760437106e-06,1
2025-08-08 04:16:00+00:00,55381.6015625,55404.55078125,55380.6484375,55381.3515625,0.0,38.50042324733023,-21.855214907693156,-23.373827278228816,55403.60688409958,55422.487993408846,26.36081637908567,55368.25,-0.0002410829973006886,1
2025-08-08 04:17:00+00:00,55368.25,55385.05078125,55368.25,55380.30078125,0.0,35.14752949401192,-22.025096578618104,-23.104081138306675,55400.23956180438,55420.36101327517,25.67795672700812,55379.30078125,0.00019958696996925132,1
2025-08-08 04:18:00+00:00,55379.30078125,55384.94921875,55366.3984375,55366.3984375,0.0,39.81905638660189,-21.02565269881597,-22.68839545040854,55398.24539222777,55418.75080809771,25.16887276436468,55362.25,-0.00030789087275318136,1
2025-08-08 04:19:00+00:00,55362.25,55381.94921875,55357.19921875,55378.8984375,0.0,35.56248069642585,-21.36318032633426,-22.423352425593684,55394.81725963465,55416.5350901331,25.13895328119577,55353.19921875,-0.00016348290125491649,1
2025-08-08 04:20:00+00:00,55353.19921875,55369.5,55346.44921875,55362.3515625,0.0,33.514487773512286,-22.106169646162016,-22.35991586970735,55390.85363669325,55414.05133047102,24.98979813611036,55373.8515625,0.0003731011764719166,1
2025-08-08 04:21:00+00:00,55373.8515625,55376.44921875,55351.69921875,55353.19921875,0.0,41.75680880400032,-20.78888121131604,-22.045708938029087,55389.234391532,55412.47486898196,24.97266969781677,55362.3984375,-0.00020683273199937979,1
2025-08-08 04:22:00+00:00,55362.3984375,55374.8984375,55350.55078125,55373.8515625,0.0,38.87829043301958,-20.433546896696495,-21.72327652976257,55386.67858638609,55410.51108735522,24.92802588011557,55349.80078125,-0.0002275489611278639,1
2025-08-08 04:23:00+00:00,55349.80078125,55368.1015625,55347.5,55362.3984375,0.0,35.943278765536846,-20.927231372181268,-21.56406749824631,55383.16641446837,55408.13029103737,24.618992781535887,55357.44921875,0.00013818365002301767,1
2025-08-08 04:24:00+00:00,55357.44921875,55357.44921875,55339.0,55343.94921875,0.0,38.95635937811208,-20.46540246981749,-21.344334492560545,55380.717157733285,55406.1427980065,24.17829463642618,55371.80078125,0.0002592525974831047,1
2025-08-08 04:25:00+00:00,55371.80078125,55385.3515625,55356.1484375,55357.44921875,0.0,44.25498494388431,-18.725492760335328,-20.820566146115503,55379.86797902059,55404.79605225134,24.537211090967165,55344.8515625,-0.0004866957254372978,1
2025-08-08 04:26:00+00:00,55344.8515625,55375.3515625,55344.8515625,55370.6015625,0.0,37.64679536907106,-19.298714936543547,-20.516195904201112,55376.53308220911,55402.44528794737,24.96312458446951,55349.1484375,7.763820624123659e-05,1
2025-08-08 04:27:00+00:00,55349.1484375,55365.30078125,55343.1015625,55350.1015625,0.0,39.20554194006058,-19.18512159954116,-20.249981043269123,55373.92502080824,55400.355215380805,24.76570273915026,55353.44921875,7.770275372630931e-05,1
2025-08-08 04:28:00+00:00,55353.44921875,55354.5,55341.3984375,55349.1484375,0.0,40.80073182598543,-18.534407841492797,-19.90686640291386,55371.97494442174,55398.51576453254,23.93254986492524,55347.0,-0.00011650979010383768,1
2025-08-08 04:29:00+00:00,55347.0,55359.1484375,55341.80078125,55353.05078125,0.0,39.14214777127015,-18.327838639706897,-19.59106085027247,55369.59637828633,55396.49553847244,23.46220032100201,55328.1484375,-0.0003406067627875043,1
2025-08-08 04:30:00+00:00,55328.1484375,55358.25,55325.75,55346.94921875,0.0,34.70153279788332,-19.460960762073228,-19.565040832632626,55365.6489553543,55393.815260002935,24.10775744093044,55322.30078125,-0.0001056904381429943,1
2025-08-08 04:31:00+00:00,55322.30078125,55330.0,55303.8515625,55326.94921875,0.0,33.43443082447759,-20.59343687490036,-19.77072004108617,55361.52055782056,55391.01077064008,24.25352030229255,55319.05078125,-5.874665287061777e-05,1
2025-08-08 04:32:00+00:00,55319.05078125,55326.25,55314.3515625,55322.05078125,0.0,32.71935216973536,-21.505280702607703,-20.11763217339048,55357.47581719479,55388.18881027184,23.371014387843083,55314.1484375,-8.861944810632243e-05,1
2025-08-08 04:33:00+00:00,55314.1484375,55321.1484375,55306.19921875,55318.0,0.0,31.620758123240805,-22.36568399265525,-20.567242537243438,55353.349400081,55385.28526624157,22.76945755656857,55287.25,-0.00048628494263800896,1
2025-08-08 04:34:00+00:00,55287.25,55314.25,55280.1015625,55314.25,0.0,26.38582438965676,-24.930653846779023,-21.439924799150557,55347.05421912091,55381.4407459968,23.58224183824225,55282.55078125,-8.499642774780804e-05,1
2025-08-08 04:35:00+00:00,55282.55078125,55299.1484375,55279.0,55286.44921875,0.0,25.58879909011713,-27.0310020504694,-22.558140249414325,55340.91103456178,55377.56270816359,23.33697009979638,55268.69921875,-0.00025055939540145076,1
2025-08-08 04:36:00+00:00,55268.69921875,55285.55078125,55268.25,55280.80078125,0.0,23.349854218669847,-29.473496346232423,-23.941211468777944,55334.03371877019,55373.293551716,22.90581375338235,55258.80078125,-0.00017909662503223775,1
2025-08-08 04:37:00+00:00,55258.80078125,55273.8984375,55230.3984375,55273.55078125,0.0,21.87676465322264,-31.840870123865898,-25.52114319979553,55326.8686771016,55368.80363914871,24.376827056712184,55265.75,0.00012575768297088988,1
2025-08-08 04:38:00+00:00,55265.75,55272.75,55242.19921875,55247.94921875,0.0,25.43343127804137,-32.7784375978008,-26.972602079396587,55321.04785071097,55364.76231996641,24.817823784804173,55264.3515625,-2.530387265168753e-05,1
2025-08-08 04:39:00+00:00,55264.3515625,55271.55078125,55255.69921875,55271.55078125,0.0,25.18494879788426,-33.251011828419,-28.22828402920107,55315.64820421469,55360.82464320302,24.177376550175303,55274.5,0.00018363442640818555,1
2025-08-08 04:40:00+00:00,55274.5,55286.0,55263.75,55265.1015625,0.0,30.49214913283639,-32.43277141845465,-29.069181507051788,55311.72932762281,55357.43936307741,24.039706796591357,55266.0,-0.0001537779627133669,1
2025-08-08 04:41:00+00:00,55266.0,55280.75,55258.94921875,55274.8984375,0.0,28.658427975989696,-32.10015831756755,-29.67537686915494,55307.3741535635,55353.85350570183,23.8797835432634,55256.55078125,-0.00017097706998878153,1
2025-08-08 04:42:00+00:00,55256.55078125,55265.8984375,55236.8515625,55265.80078125,0.0,26.73371392137237,-32.22753406965785,-30.185808309255524,55302.53383239079,55350.03771258608,24.25611596874458,55247.75,-0.000159271274185039,1
2025-08-08 04:43:00+00:00,55247.75,55257.19921875,55239.19921875,55256.55078125,0.0,25.046497247272143,-32.662121165238204,-30.68107088045206,55297.316324544045,55346.02642973956,23.80925054240568,55252.3515625,8.328959097881814e-05,1
2025-08-08 04:44:00+00:00,55252.3515625,55253.44921875,55238.3515625,55248.25,0.0,27.618708720879567,-32.26331551458861,-30.99751980727937,55293.03396625413,55342.35290553409,23.186993807233847,55236.1484375,-0.0002932567491117813,1
2025-08-08 04:45:00+00:00,55236.1484375,55246.8515625,55234.6015625,55243.6015625,0.0,24.43842353880181,-32.875744813769415,-31.373164808577386,55287.61629684897,55338.18802443471,22.798637106717145,55239.1015625,5.3463629951343856e-05,1
2025-08-08 04:46:00+00:00,55239.1015625,55242.6484375,55223.05078125,55236.3984375,0.0,26.10845696156356,-32.74533905314456,-31.64759965749082,55282.9958459586,55334.30228082943,22.56999561695164,55261.44921875,0.00040456226871675053,1
2025-08-08 04:47:00+00:00,55261.44921875,55261.8515625,55237.30078125,55242.1015625,0.0,37.38635084278611,-30.487284023562097,-31.41553653070508,55280.943786224445,55331.44529800278,22.71148030502652,55257.3515625,-7.415035812360999e-05,1
2025-08-08 04:48:00+00:00,55257.3515625,55276.94921875,55254.6484375,55259.8984375,0.0,36.29254823489365,-28.697597715210577,-30.871948767606177,55278.696907774494,55328.5396613164,22.68214465823891,55257.94921875,1.0815868533330053e-05,1
2025-08-08 04:49:00+00:00,55257.94921875,55261.25,55247.05078125,55259.1484375,0.0,36.58397238434901,-26.92070739994961,-30.081700494074862,55276.72093739121,55325.77140866673,22.07622137907899,55236.05078125,-0.0003962947921449367,1
2025-08-08 04:50:00+00:00,55236.05078125,55261.80078125,55234.25,55258.44921875,0.0,30.99018649257711,-26.96865208286181,-29.45909081183225,55272.84758918729,55322.25295268961,22.467261369859063,55249.1484375,0.00023712151873185743,1
2025-08-08 04:51:00+00:00,55249.1484375,55252.6484375,55224.25,55235.44921875,0.0,37.17741200383672,-25.654053235193714,-28.69808329650455,55270.59052712183,55319.386108956685,22.890916807726278,55244.3984375,-8.597417578975694e-05,1
2025-08-08 04:52:00+00:00,55244.3984375,55252.44921875,55230.6015625,55249.05078125,0.0,35.91964042489998,-24.71066036896809,-27.90059871099726,55268.09604239595,55316.445415958384,22.816398196460117,55275.30078125,0.0005593751515814032,1
2025-08-08 04:53:00+00:00,55275.30078125,55279.25,55235.69921875,55246.6015625,0.0,48.19825815871209,-21.22478770602902,-26.56543651000361,55268.782208001096,55314.83190087178,24.29742555742725,55282.1484375,0.00012388274967691903,1
2025-08-08 04:54:00+00:00,55282.1484375,55286.80078125,55264.94921875,55274.1015625,0.0,50.46335284935331,-17.70556118714012,-24.79346144543092,55270.05518223909,55313.55019642583,24.122721053325304,55295.25,0.00023699445246438194,1
2025-08-08 04:55:00+00:00,55295.25,55299.30078125,55275.6015625,55282.1484375,0.0,54.55755701157055,-13.701420767072705,-22.57505330975928,55272.45468869251,55312.83254166403,24.09247088880207,55320.69921875,0.00046024240328057113,1
2025-08-08 04:56:00+00:00,55320.69921875,55324.1015625,55292.25,55298.1015625,0.0,61.25612522926003,-8.377995058843226,-19.735641659576068,55277.04940584085,55313.14103880466,24.646691718173347,55297.5,-0.0004193587405369783,1
2025-08-08 04:57:00+00:00,55297.5,55321.80078125,55288.8984375,55321.25,0.0,53.51226920464536,-5.962394132919144,-16.980992154244685,55278.99708147505,55312.52766473389,25.236381149018108,55272.94921875,-0.00044397633256476333,1
2025-08-08 04:58:00+00:00,55272.94921875,55295.75,55271.5,55294.19921875,0.0,46.77345016611944,-5.960348673776025,-14.776863458150952,55278.42109454886,55310.97556881296,25.290925352659677,55275.19921875,4.07070733840405e-05,1
2025-08-08 04:59:00+00:00,55275.19921875,55280.8984375,55269.0,55272.44921875,0.0,47.42687569510765,-5.711334725179768,-12.963757711556717,55278.114249234684,55309.57257469285,24.334319077469697,55259.19921875,-0.00028946073874253195,1
2025-08-08 05:00:00+00:00,55259.19921875,55278.19921875,55250.6484375,55275.3984375,0.0,43.35127347784002,-6.727505167436902,-11.716507202732751,55276.31281775995,55307.5971489696,24.564066375507576,55232.30078125,-0.0004867684997301425,1
2025-08-08 05:01:00+00:00,55232.30078125,55259.8984375,55229.30078125,55259.80078125,0.0,37.51467036481775,-9.592727677270886,-11.29175129764038,55272.1211952352,55304.644350235496,24.995037080828464,55216.8515625,-0.0002797134743886068,1
2025-08-08 05:02:00+00:00,55216.8515625,55240.6015625,55203.6484375,55233.3515625,0.0,34.63074332498843,-12.96065760460624,-11.625532559033552,55266.85742068899,55301.201495814494,25.849186217912145,55239.1015625,0.00040295669474771134,1
2025-08-08 05:03:00+00:00,55239.1015625,55239.55078125,55221.94921875,55221.94921875,0.0,41.59452104427663,-13.67672056642914,-12.03577016051267,55264.21400562337,55298.76620431196,25.62418854163271,55238.19921875,-1.6335235810796954e-05,1
2025-08-08 05:04:00+00:00,55238.19921875,55245.6484375,55231.75,55238.8515625,0.0,41.40189356530377,-14.15386033062532,-12.4593881945352,55261.736406873526,55296.391028407576,24.7866348958018,55227.1484375,-0.00020005687017850745,1
2025-08-08 05:05:00+00:00,55227.1484375,55238.19921875,55221.80078125,55238.19921875,0.0,39.01869357638096,-15.247934031001932,-13.017097361828547,55258.44231455224,55293.67563268571,24.18747793895881,55223.8515625,-5.969663640575323e-05,1
2025-08-08 05:06:00+00:00,55223.8515625,55228.55078125,55218.75,55227.94921875,0.0,38.31017922766228,-16.194347226104583,-13.652547334683756,55255.14795721393,55290.937433854895,23.15985674689033,55227.30078125,6.245885885189159e-05,1
2025-08-08 05:07:00+00:00,55227.30078125,55234.6484375,55217.6484375,55223.6015625,0.0,39.54697196168805,-16.47613672681473,-14.217265213109952,55252.49584521737,55288.44187885078,22.719866979255308,55224.8984375,-4.349920629862849e-05,1
2025-08-08 05:08:00+00:00,55224.8984375,55229.94921875,55224.25,55227.8515625,0.0,38.961085369950005,-16.70078969201859,-14.71397010889168,55249.86752067286,55285.949979189965,21.50410639145136,55213.44921875,-0.00020731986973153953,1
2025-08-08 05:09:00+00:00,55213.44921875,55226.05078125,55207.8984375,55225.69921875,0.0,36.20793774509981,-17.59980545174767,-15.29113717746288,55246.39911096592,55283.10681211389,21.264694774204838,55218.6484375,9.416580241892208e-05,1
2025-08-08 05:10:00+00:00,55218.6484375,55223.1015625,55204.5,55215.3515625,0.0,38.33880933530774,-17.68884245208028,-15.77067823238636,55243.75618968345,55280.57903271727,21.074471040333066,55240.1484375,0.0003893612141618257,1
2025-08-08 05:11:00+00:00,55240.1484375,55241.3515625,55213.8515625,55213.8515625,0.0,46.32352855441445,-15.841918820413412,-15.78492634999177,55243.41259423741,55278.99351917934,21.533437394594987,55251.94921875,0.00021362689246484702,1
2025-08-08 05:12:00+00:00,55251.94921875,55262.69921875,55238.05078125,55241.75,0.0,50.13995904241504,-13.272991330406512,-15.28253934607472,55244.225606095744,55277.9329583782,21.75593740212392,55234.75,-0.0003112870947214178,1
2025-08-08 05:13:00+00:00,55234.75,55262.55078125,55234.75,55252.55078125,0.0,45.10620146041512,-12.481057142169448,-14.722242905293664,55243.32316741996,55276.23950903003,22.187711962686496,55231.19921875,-6.4285277836869e-05,1
2025-08-08 05:14:00+00:00,55231.19921875,55239.1015625,55225.05078125,55235.6484375,0.0,44.12138047293719,-12.001614819280803,-14.178117288091093,55242.16850564187,55274.47322313669,21.606502626066032,55223.1484375,-0.0001457650995067821,1
2025-08-08 05:15:00+00:00,55223.1484375,55232.19921875,55220.6015625,55231.19921875,0.0,41.88826000340699,-12.131440394572564,-13.768781909387387,55240.357070580736,55272.46048644506,20.8915850277756,55231.80078125,0.00015667965327606192,1
2025-08-08 05:16:00+00:00,55231.80078125,55246.19921875,55218.19921875,55223.6484375,0.0,45.10402277356549,-11.404690100069274,-13.295963547523767,55239.54218588257,55270.86598820212,21.399328954363057,55220.30078125,-0.00020821338137329032,1
2025-08-08 05:17:00+00:00,55220.30078125,55235.8984375,55213.25,55235.80078125,0.0,41.79363388230151,-11.622709782721358,-12.961312794563286,55237.70967115567,55268.88303890987,21.488550993337125,55205.8515625,-0.0002616649772923044,1
2025-08-08 05:18:00+00:00,55205.8515625,55223.30078125,55201.5,55220.80078125,0.0,38.018044770796976,-12.81371462203242,-12.931793160057111,55234.67556556941,55266.41121630556,21.51085315452733,55199.1484375,-0.00012142055253710225,1
2025-08-08 05:19:00+00:00,55199.1484375,55211.19921875,55198.0,55206.25,0.0,36.37628152483796,-14.135535055997025,-13.172541539245096,55231.29202956281,55263.77346027397,20.917164982775372,55191.3984375,-0.0001404007166664001,1
2025-08-08 05:20:00+00:00,55191.3984375,55207.8984375,55191.0,55201.5,0.0,34.52017536468004,-15.6282942557591,-13.663692082547898,55227.49263984254,55260.93522408676,20.630113019719992,55185.3515625,-0.00010956190948572573,1
2025-08-08 05:21:00+00:00,55185.3515625,55193.3515625,55184.44921875,55187.94921875,0.0,33.10098893186564,-17.102106514765183,-14.351374968991356,55223.47920390515,55257.9711589265,19.792415214739997,55195.75,0.0001884274939921925,1
2025-08-08 05:22:00+00:00,55195.75,55198.25,55182.80078125,55185.3515625,0.0,37.8340368590058,-17.23240194259415,-14.927580363711916,55220.83832734275,55255.5311134784,19.482186895829997,55215.6484375,0.00036050669662066374,1
2025-08-08 05:23:00+00:00,55215.6484375,55216.5,55190.19921875,55195.75,0.0,45.74447831749938,-15.550764862491633,-15.05221726346786,55220.34405211963,55253.967086969446,19.96922934969928,55206.8515625,-0.00015931851293854508,1
2025-08-08 05:24:00+00:00,55206.8515625,55217.3515625,55200.8984375,55214.8515625,0.0,43.13149467158418,-14.757771254284307,-14.99332806163115,55219.05905310824,55252.1194193432,19.71807903900648,55205.6015625,-2.26421171398421e-05,1
2025-08-08 05:25:00+00:00,55205.6015625,55209.05078125,55198.69921875,55206.8515625,0.0,42.75774648348966,-14.068015336124516,-14.808265516529824,55217.77738733603,55250.29518966307,19.04904214336316,55204.8515625,-1.3585577890151262e-05,1
2025-08-08 05:26:00+00:00,55204.8515625,55212.8984375,55203.8515625,55205.6015625,0.0,42.51967332130189,-13.427118074483587,-14.532036028120576,55216.54635639926,55248.51308663707,18.33460163312293,55195.25,-0.00017392606316728559,1
2025-08-08 05:27:00+00:00,55195.25,55206.25,55195.25,55206.25,0.0,39.48836495886386,-13.537911609382718,-14.333211144373005,55214.51813198028,55246.4243381415,17.81070151647129,55198.6015625,6.07219371232126e-05,1
2025-08-08 05:28:00+00:00,55198.6015625,55207.69921875,55196.19921875,55197.30078125,0.0,41.06773332998858,-13.203076354853692,-14.107184186469144,55213.002268220254,55244.54893517517,17.42773846172334,55181.05078125,-0.00031795699081484314,1
2025-08-08 05:29:00+00:00,55181.05078125,55200.19921875,55170.05078125,55199.1015625,0.0,35.79854482099928,-14.19034095481038,-14.123815540137391,55209.95926946118,55242.05881149183,18.336359821600244,55176.6484375,-7.977999127729324e-05,1
2025-08-08 05:30:00+00:00,55176.6484375,55183.8515625,55162.3984375,55182.3515625,0.0,34.599367668792084,-15.153309690336757,-14.329714370177268,55206.7868092744,55239.49369878627,18.558985905771657,55168.0,-0.00015674089936427193,1
2025-08-08 05:31:00+00:00,55168.0,55178.3515625,55163.25,55175.94921875,0.0,32.3096171414964,-16.424988931095868,-14.748769282360987,55203.09282743875,55236.69002432406,18.31202709107368,55171.3984375,6.16016078161253e-05,1
2025-08-08 05:32:00+00:00,55171.3984375,55183.69921875,55163.55078125,55168.3984375,0.0,34.1536887270797,-16.963039032183588,-15.19162323232551,55200.07431411125,55234.1295699388,18.44319926313985,55168.30078125,-5.614605280504406e-05,1
2025-08-08 05:33:00+00:00,55168.30078125,55174.19921875,55159.8984375,55173.25,0.0,33.26414801769769,-17.438383752050868,-15.640975336270582,55197.048263362565,55231.54804881375,18.14731226220129,55179.1015625,0.00019577875513742218,1
2025-08-08 05:34:00+00:00,55179.1015625,55195.3515625,55168.44921875,55169.5,0.0,39.20941256125784,-16.750476025430544,-15.862875474102577,55195.3390537566,55229.49132386027,18.783274332758342,55174.6484375,-8.070310813154607e-05,1
2025-08-08 05:35:00+00:00,55174.6484375,55182.8984375,55167.8515625,55179.1015625,0.0,37.71748049558374,-16.37586340741109,-15.96547306076428,55193.36851887502,55227.34062243437,18.516388666132748,55171.8515625,-5.069130622858805e-05,1
2025-08-08 05:36:00+00:00,55171.8515625,55183.69921875,55171.8515625,55174.3515625,0.0,36.77111612945685,-16.118856502616836,-15.996149749134792,55191.319284934536,55225.16458086832,18.04005063640898,55182.55078125,0.0001939253160260476,1
2025-08-08 05:37:00+00:00,55182.55078125,55193.1484375,55172.8515625,55176.19921875,0.0,42.69457201628356,-14.880308212501404,-15.772981441808115,55190.48418934553,55223.49345147152,18.272680948094056,55190.8515625,0.00015042402231287303,1
2025-08-08 05:38:00+00:00,55190.8515625,55196.80078125,55181.1484375,55181.8984375,0.0,46.854428166002535,-13.078188874518672,-15.23402292835023,55190.51917726501,55222.21337739421,18.085514005373053,55200.3984375,0.0001729793023611675,1
2025-08-08 05:39:00+00:00,55200.3984375,55205.30078125,55189.1015625,55194.1484375,0.0,51.23858241603091,-10.755658750756991,-14.338350092831584,55191.46005919215,55221.35788955523,17.950778629989262,55192.3515625,-0.00014577566879541603,1
2025-08-08 05:40:00+00:00,55192.3515625,55205.44921875,55189.1484375,55200.05078125,0.0,47.669091212792914,-9.455356987120467,-13.36175147168936,55191.54496426909,55220.22038653346,17.832921674275745,55197.1484375,8.691195182303481e-05,1
2025-08-08 05:41:00+00:00,55197.1484375,55201.05078125,55184.3515625,55187.19921875,0.0,49.90926861944552,-7.946191992959939,-12.278639575943478,55192.07862838631,55219.31560421843,17.751942893970334,55203.19921875,0.00010962126525161584,1
2025-08-08 05:42:00+00:00,55203.19921875,55214.44921875,55196.05078125,55199.69921875,0.0,52.6620475728623,-6.190559467693674,-11.061023554293518,55193.13773223047,55218.68358910202,17.798121080115312,55223.1015625,0.0003605288104976366,1
2025-08-08 05:43:00+00:00,55223.1015625,55227.1015625,55202.75,55208.8984375,0.0,60.3755952971858,-3.1568648599422886,-9.480191815423272,55195.99143035138,55218.85684296076,18.266224038678505,55210.8515625,-0.0002218274536089898,1
2025-08-08 05:44:00+00:00,55210.8515625,55227.75,55205.30078125,55224.75,0.0,54.490150892676986,-1.7212709096056642,-7.928407634259751,55197.4066810322,55218.54291039368,18.56500937520147,55209.3515625,-2.71685720750379e-05,1
2025-08-08 05:45:00+00:00,55209.3515625,55220.3515625,55204.19921875,55213.3515625,0.0,53.79859289801993,-0.69656031136401,-6.482038169680604,55198.54428879103,55218.18246537824,18.39267611625851,55199.1484375,-0.00018480791226916523,1
2025-08-08 05:46:00+00:00,55199.1484375,55217.3515625,55198.69921875,55210.05078125,0.0,49.22244155236751,-0.6997108647483401,-5.325572708694152,55198.60182676332,55217.436032912425,18.411223804382903,55204.6015625,9.879002039631782e-05,1
2025-08-08 05:47:00+00:00,55204.6015625,55209.05078125,55198.5,55200.94921875,0.0,51.59239589641054,-0.2591982115409337,-4.312297809263508,55199.17323016681,55216.93272034724,17.849763621926982,55218.8515625,0.00025813065571837947,1
2025-08-08 05:48:00+00:00,55218.8515625,55219.80078125,55203.1015625,55205.1015625,0.0,57.212440652634285,1.2256387470915795,-3.2047104979924903,55201.047357055686,55217.00796905911,17.76758184536077,55215.1015625,-6.79115898626672e-05,1
2025-08-08 05:49:00+00:00,55215.1015625,55221.25,55205.69921875,55217.55078125,0.0,55.389978697597854,2.0758598543106928,-2.148596427531854,55202.38585281229,55216.93320801757,17.609238945692145,55204.69921875,-0.00018839671494989835,1
2025-08-08 05:50:00+00:00,55204.69921875,55217.3984375,55203.19921875,55215.44921875,0.0,50.577083598453065,1.8885143844163397,-1.3411742651422152,55202.60617337779,55216.45344373257,17.365666074571276,55212.8984375,0.000148523927600989,1
2025-08-08 05:51:00+00:00,55212.8984375,55216.1484375,55202.05078125,55205.80078125,0.0,53.97195758177623,2.374280946365616,-0.598083222840649,55203.58638900847,55216.31403172345,17.132236801387613,55198.05078125,-0.0002689164428997923,1
2025-08-08 05:52:00+00:00,55198.05078125,55211.1015625,55196.6015625,55210.80078125,0.0,47.59612377024705,1.5433815325450269,-0.1697902717635138,55203.05918826957,55215.59782582253,17.0725681012885,55169.30078125,-0.0005208517256150278,1
2025-08-08 05:53:00+00:00,55169.30078125,55200.6015625,55161.3515625,55200.6015625,0.0,38.188741486430345,-1.4186437236639904,-0.4195609621436091,55199.84410188676,55213.782255447135,18.65667037976789,55163.3515625,-0.0001078356742926479,1
2025-08-08 05:54:00+00:00,55163.3515625,55173.30078125,55158.94921875,55169.5,0.0,36.57765150275609,-4.19773345462454,-1.1751954606397954,55196.36862194516,55211.80458121392,18.349162674070183,55159.6484375,-6.713016695159222e-05,1
2025-08-08 05:55:00+00:00,55159.6484375,55165.94921875,55154.1484375,55163.19921875,0.0,35.57168840858321,-6.622651523553941,-2.2646866732226245,55192.87146152181,55209.75924224474,17.88142114377946,55166.3515625,0.0001215222574813025,1
2025-08-08 05:56:00+00:00,55166.3515625,55166.3515625,55152.19921875,55162.19921875,0.0,38.85004364528717,-7.912322073010728,-3.394213753180245,55190.345756853065,55208.05698029397,17.615058472795212,55157.19921875,-0.00016590445970730857,1
2025-08-08 05:57:00+00:00,55157.19921875,55170.44921875,55150.55078125,55167.75,0.0,36.145620559839536,-9.56268030039064,-4.627907062622324,55187.1889437004,55206.06255827264,17.778156974738412,55154.6484375,-4.624566305268259e-05,1
2025-08-08 05:58:00+00:00,55154.6484375,55158.30078125,55147.8515625,55157.25,0.0,35.405872223363886,-10.950200717277768,-5.892365793553413,55184.089847871786,55204.04631824234,17.254661387257098,55155.1484375,9.06541903837151e-06,1
2025-08-08 05:59:00+00:00,55155.1484375,55161.69921875,55147.6015625,55155.1015625,0.0,35.68373514550892,-11.87261471094098,-7.088415577030927,55181.33352307447,55202.12875429166,17.029161020310163,55139.5,-0.00028371671445562866,1
2025-08-08 06:00:00+00:00,55139.5,55162.1015625,55130.1015625,55154.3515625,0.0,31.165241138266865,-13.708311689326363,-8.412394799490016,55177.34937801976,55199.6727247116,18.09850666171658,55143.0,6.347536702364003e-05,1
2025-08-08 06:01:00+00:00,55143.0,55162.19921875,55139.8984375,55139.8984375,0.0,33.20258714995059,-14.711113462253708,-9.672138532042757,55174.07800868454,55197.45026491899,18.427128953736823,55145.1484375,3.896120087771793e-05,1
2025-08-08 06:02:00+00:00,55145.1484375,55151.3515625,55132.3984375,55149.05078125,0.0,34.48444765863877,-15.157751022670707,-10.769261030168346,55171.32281142887,55195.39921286334,18.464700099898483,55133.94921875,-0.00020308620191117788,1
2025-08-08 06:03:00+00:00,55133.94921875,55148.8984375,55121.0,55140.1015625,0.0,31.13077447557147,-16.228327803364664,-11.86107438480761,55167.76342164993,55192.98940917262,19.138538485620018,55136.19921875,4.0809701316204974e-05,1
2025-08-08 06:04:00+00:00,55136.19921875,55148.30078125,55130.44921875,55143.75,0.0,32.55002393554484,-16.702673397317994,-12.829394187309688,55164.75730708803,55190.762342881535,19.0466116295043,55144.8984375,0.00015777690289253167,1
2025-08-08 06:05:00+00:00,55144.8984375,55150.8515625,55133.8515625,55139.30078125,0.0,37.8802502954792,-16.190013054714655,-13.501517960790682,55162.86598617489,55188.96375835677,18.90042508453971,55148.55078125,6.623176129591544e-05,1
2025-08-08 06:06:00+00:00,55148.55078125,55150.75,55141.5,55145.25,0.0,40.02325356132038,-15.312499460880645,-13.863714260808676,55161.5026333249,55187.37893572513,18.211109007072587,55147.25,-2.3586861877107634e-05,1
2025-08-08 06:07:00+00:00,55147.25,55156.25,55141.44921875,55149.1484375,0.0,39.50059973849037,-14.554253417736618,-14.001822092194264,55160.14523967491,55185.8052519712,17.96751416728169,55114.94921875,-0.0005857188028414834,1
2025-08-08 06:08:00+00:00,55114.94921875,55150.80078125,55108.94921875,55147.3984375,0.0,29.27668737808918,-16.371026065775368,-14.475662886910488,55155.84085672968,55183.02658400175,19.67351761961871,55109.1484375,-0.00010524878154158918,1
2025-08-08 06:09:00+00:00,55109.1484375,55115.80078125,55105.05078125,55115.3984375,0.0,27.88102519058026,-18.070599424601824,-15.194650194448757,55151.393959660185,55180.12940178599,19.036123503931663,55097.19921875,-0.00021682822342195622,1
2025-08-08 06:10:00+00:00,55097.19921875,55111.55078125,55091.05078125,55109.1015625,0.0,25.21449581557493,-20.14945526784868,-16.185611209128744,55146.23255576398,55176.87723774536,19.140686110793688,55105.8984375,0.00015788858369119403,1
2025-08-08 06:11:00+00:00,55105.8984375,55116.8984375,55085.55078125,55097.8515625,0.0,30.43099170470636,-20.854610284433875,-17.119411024189773,55142.39121116741,55174.0937553828,20.01261254930842,55106.6484375,1.3610158281887644e-05,1
2025-08-08 06:12:00+00:00,55106.6484375,55112.8984375,55098.0,55110.75,0.0,30.878642537934923,-21.10959372724028,-17.917447564799875,55138.98713748479,55171.44884095603,19.64731433150068,55120.75,0.0002558958474129213,1
2025-08-08 06:13:00+00:00,55120.75,55127.5,55105.69921875,55106.1015625,0.0,38.84640265783964,-19.94389094052167,-18.322736239944238,55137.25026724814,55169.46065111462,19.801133397107773,55122.3515625,2.905552809060109e-05,1
2025-08-08 06:14:00+00:00,55122.3515625,55125.8984375,55109.94921875,55120.69921875,0.0,39.69661425881468,-18.675550256441056,-18.3932990432436,55135.831342986414,55167.61323587484,19.525996636600077,55142.5,0.00036552209637055977,1
2025-08-08 06:15:00+00:00,55142.5,55146.44921875,55116.6015625,55123.30078125,0.0,49.25492379605291,-15.861726498187636,-17.88698453423241,55136.46645317818,55166.62840309543,20.26325803755721,55139.8515625,-4.8028970394885976e-05,1
2025-08-08 06:16:00+00:00,55139.8515625,55148.69921875,55136.6484375,55142.3515625,0.0,48.17402418620768,-13.687674676213646,-17.047122562628658,55136.78884454216,55165.57833091522,19.676652552731696,55129.25,-0.0001922667943344629,1
2025-08-08 06:17:00+00:00,55129.25,55143.80078125,55124.3984375,55141.0,0.0,44.01053720387478,-12.674081514538557,-16.172514353010637,55136.07085934768,55164.153690487175,19.65705906682229,55118.44921875,-0.00019591743493698897,1
2025-08-08 06:18:00+00:00,55118.44921875,55136.1015625,55115.1484375,55126.8515625,0.0,40.19876473994968,-12.597122624181791,-15.457436007244867,55134.39260786218,55162.36135826219,19.74963520490641,55125.44921875,0.0001269992189406295,1
2025-08-08 06:19:00+00:00,55125.44921875,55133.0,55110.94921875,55118.55078125,0.0,43.60769190383476,-11.8348656858725,-14.732921942970396,55133.54085651816,55160.91382337936,19.914002779555958,55136.25,0.0001959309430230692,1
2025-08-08 06:20:00+00:00,55136.25,55142.75,55115.6484375,55125.55078125,0.0,48.48708191894053,-10.241184786216763,-13.83457451161967,55133.79887018309,55159.9466146194,20.42739990244481,55136.75,9.068444081706682e-06,1
2025-08-08 06:21:00+00:00,55136.75,55142.8984375,55129.75,55136.8984375,0.0,48.708336344330434,-8.835979696326831,-12.834855548561103,55134.07993016565,55159.03694345785,19.907474016555906,55153.80078125,0.00030924530825629005,1
2025-08-08 06:22:00+00:00,55153.80078125,55158.19921875,55134.0,55141.0,0.0,55.69663544697438,-6.274164330214262,-11.522717304891737,55135.9581064594,55158.83160376343,20.21402721180191,55143.69921875,-0.00018315260883043462,1
2025-08-08 06:23:00+00:00,55143.69921875,55159.75,55140.0,55154.6015625,0.0,51.24230613508449,-5.001366230499116,-10.218447090013212,55136.69535524899,55158.23817690016,20.18088241095892,55139.30078125,-7.976319257349424e-05,1
2025-08-08 06:24:00+00:00,55139.30078125,55157.25,55137.1015625,55142.55078125,0.0,49.390106161249896,-4.298036622683867,-9.034364996547342,55136.943491058606,55157.49553393349,20.178564917319,55150.55078125,0.00020402870258785614,1
2025-08-08 06:25:00+00:00,55150.55078125,55151.94921875,55134.80078125,55139.8984375,0.0,53.97272034740582,-2.8005785353816464,-7.787607704314204,55138.23942345778,55157.223190691,19.962127244653352,55146.0,-8.251560837624794e-05,1
2025-08-08 06:26:00+00:00,55146.0,55156.3984375,55139.1015625,55151.30078125,0.0,51.92453794488651,-1.9584662472188936,-6.621779412895142,55138.978525985614,55156.78306556587,19.771752084320973,55123.94921875,-0.00039986184401407174,1
2025-08-08 06:27:00+00:00,55123.94921875,55145.94921875,55121.55078125,55145.94921875,0.0,43.3418310459153,-3.035409639705904,-5.904505458257295,55137.54716339175,55155.49546372995,20.105856846155188,55117.69921875,-0.00011338084604929048,1
2025-08-08 06:28:00+00:00,55117.69921875,55131.25,55097.1484375,55125.05078125,0.0,41.26010904505498,-4.343152643625217,-5.59223489533088,55135.65688294968,55154.01325804446,21.1055501071441,55122.19921875,8.164346596073417e-05,1
2025-08-08 06:29:00+00:00,55122.19921875,55129.55078125,55110.3984375,55119.6015625,0.0,43.36915338970691,-4.9592686422111,-5.465641644706924,55134.37520064494,55152.76564866037,20.96603536734809,55110.1015625,-0.0002194697675611778,1
2025-08-08 06:30:00+00:00,55110.1015625,55128.44921875,55109.30078125,55123.6015625,0.0,39.28541996179151,-6.350519924388209,-5.642617300643181,55132.06342558352,55151.09254724231,20.836206948251803,55111.1015625,1.8145493687140217e-05,1
2025-08-08 06:31:00+00:00,55111.1015625,55116.3515625,55105.69921875,55114.05078125,0.0,39.79011344037662,-7.2883889355071005,-5.971771627615965,55130.06705767081,55149.524273330855,20.108788148376675,55094.94921875,-0.00029308693334104504,1
2025-08-08 06:32:00+00:00,55094.94921875,55114.75,55091.6015625,55110.8984375,0.0,34.76347030735094,-9.228634084545774,-6.623144119001927,55126.72250158311,55147.384075112,20.325905959206917,55095.6015625,1.1840354864652336e-05,1
2025-08-08 06:33:00+00:00,55095.6015625,55099.3984375,55085.6015625,55092.94921875,0.0,35.1199539984914,-10.591560735963869,-7.416827442394315,55123.75860262282,55145.353388342905,19.859546604977847,55092.30078125,-5.991006825210213e-05,1
2025-08-08 06:34:00+00:00,55092.30078125,55103.69921875,55087.3984375,55095.3984375,0.0,34.104442849287,-11.80198940034461,-8.293859833984374,55120.76261963493,55143.27289394711,19.60534907962229,55087.3984375,-8.898418981384152e-05,1
2025-08-08 06:35:00+00:00,55087.3984375,55095.1484375,55078.6015625,55094.19921875,0.0,32.59686983153358,-13.006905497502885,-9.236468966688076,55117.58507847923,55141.08173879232,19.386886645363557,55098.75,0.00020606459593257135,1
2025-08-08 06:36:00+00:00,55098.75,55108.94921875,55084.44921875,55087.80078125,0.0,39.2890967531457,-12.897163488189108,-9.968607870988285,55115.79126148121,55139.4216706044,19.752109027837584,55106.30078125,0.00013704088114521655,1
2025-08-08 06:37:00+00:00,55106.30078125,55115.8515625,55096.19921875,55098.80078125,0.0,43.32033785670019,-12.061865535142717,-10.387259403819172,55114.887406221096,55138.12281219834,19.74498293656347,55119.0,0.00023044948708153765,1
2025-08-08 06:38:00+00:00,55119.0,55120.0,55102.8984375,55107.1484375,0.0,49.40516270686668,-10.256929568691705,-10.36119343679368,55115.27908181909,55137.37289799448,19.55616719109465,55118.3984375,-1.0913886318692285e-05,1
2025-08-08 06:39:00+00:00,55118.3984375,55130.5,55116.1015625,55120.19921875,0.0,49.13606522167292,-8.773905753725558,-10.043735900180057,55115.57616331251,55136.62880150451,19.187757927445038,55116.30078125,-3.805727868487652e-05,1
2025-08-08 06:40:00+00:00,55116.30078125,55122.69921875,55102.3984375,55121.3984375,0.0,48.15118696228226,-7.679339380149031,-9.570856596173853,55115.645174544654,55135.831624239625,19.267259593341816,55117.05078125,1.360758957638794e-05,1
2025-08-08 06:41:00+00:00,55117.05078125,55120.6484375,55106.6484375,55113.19921875,0.0,48.54828129433724,-6.674430234124884,-8.99157132376406,55115.77904184993,55135.095120592974,18.89102676524597,55114.80078125,-4.082221323724049e-05,1
2025-08-08 06:42:00+00:00,55114.80078125,55119.19921875,55105.69921875,55116.1484375,0.0,47.37603328791761,-5.990533550088003,-8.39136376902885,55115.68587417375,55134.29926414816,18.505953424871254,55112.1484375,-4.812398325682282e-05,1
2025-08-08 06:43:00+00:00,55112.1484375,55118.8984375,55108.05078125,55113.3515625,0.0,45.96699205167752,-5.59803184834891,-7.832697384892862,55115.34897544291,55133.4306042796,17.95893219809474,55114.1015625,3.5439101094288564e-05,1
2025-08-08 06:44:00+00:00,55114.1015625,55120.5,55107.69921875,55112.1484375,0.0,47.21203642433866,-5.070916192024015,-7.280341146319094,55115.23017421025,55132.67260264119,17.5904928446594,55111.25,-5.1739254005008074e-05,1
2025-08-08 06:45:00+00:00,55111.25,55116.75,55107.5,55114.80078125,0.0,45.56136750196073,-4.827620692718483,-6.789797055598972,55114.85110999975,55131.83250057683,16.99474335575516,55113.8515625,4.720565220349747e-05,1
2025-08-08 06:46:00+00:00,55113.8515625,55117.1484375,55106.3984375,55110.80078125,0.0,47.369300919908845,-4.374456889068824,-6.306729022292942,55114.75591499977,55131.12736575029,16.548690258915503,55101.19921875,-0.00022956740259119865,1
2025-08-08 06:47:00+00:00,55101.19921875,55114.0,55095.6484375,55113.8515625,0.0,40.35073921139236,-4.978866437333636,-6.041156505301082,55113.46480107122,55129.95371292675,16.677466847564396,55093.05078125,-0.00014788130958186523,1
2025-08-08 06:48:00+00:00,55093.05078125,55105.19921875,55087.8984375,55100.94921875,0.0,36.59056236443186,-6.045685269302339,-6.042062258101334,55111.52060870729,55128.50653913551,16.721989304881227,55101.1484375,0.0001469814456663907,1
2025-08-08 06:49:00+00:00,55101.1484375,55110.25,55089.5,55092.80078125,0.0,42.34091168960813,-6.166648410944617,-6.066979488669991,55110.53278287802,55127.43367240471,17.009704354532566,55100.19921875,-1.7226841489096686e-05,1
2025-08-08 06:50:00+00:00,55100.19921875,55106.69921875,55093.1015625,55103.75,0.0,41.86167661066168,-6.266866061392648,-6.106956803214523,55109.54863391345,55126.36565461433,16.76598663278024,55099.6015625,-1.0846716681137226e-05,1
2025-08-08 06:51:00+00:00,55099.6015625,55103.19921875,55093.8984375,55100.94921875,0.0,41.54285002869442,-6.321643168594164,-6.149894076290451,55108.60129377883,55125.31608237456,16.23275767686737,55106.6015625,0.00012704266095390606,1
2025-08-08 06:52:00+00:00,55106.6015625,55111.1484375,55098.6015625,55102.0,0.0,46.66639016041708,-5.734113629579952,-6.066737986948352,55108.41084318085,55124.58217963438,15.969480342805412,55125.6015625,0.0003447862771659192,1
2025-08-08 06:53:00+00:00,55125.6015625,55125.6015625,55103.1484375,55106.5,0.0,57.54356826254664,-3.692782923746563,-5.591946974307995,55110.048054544575,55124.62215543303,16.432597818319312,55137.0,0.00020677211997544812,1
2025-08-08 06:54:00+00:00,55137.0,55140.8984375,55120.80078125,55127.19921875,0.0,62.48644607361625,-1.1420896878480562,-4.701975517016008,55112.61490649271,55125.107561102326,16.694387706296503,55123.3515625,-0.00024753681738215715,1
2025-08-08 06:55:00+00:00,55123.3515625,55136.80078125,55117.6484375,55135.8515625,0.0,54.3300421937105,-0.2194322843715781,-3.8054668704871215,55113.63744516007,55125.03869841204,16.884185905846753,55132.8515625,0.00017234075452086223,1
2025-08-08 06:56:00+00:00,55132.8515625,55137.30078125,55118.75,55122.44921875,0.0,58.400355761842405,1.2637828583465307,-2.791616924720392,55115.46736109721,55125.34508523902,17.00322843042913,55164.44921875,0.0005731184829825117,1
2025-08-08 06:57:00+00:00,55164.44921875,55166.5,55130.30078125,55132.44921875,0.0,68.46689063685787,4.9320546754897805,-1.2468826046783574,55120.132299921286,55126.87858067083,18.37437059611276,55156.30078125,-0.00014771175304747545,1
2025-08-08 06:58:00+00:00,55156.30078125,55166.25,55147.80078125,55166.0,0.0,64.15539713701801,7.09983325387293,0.4224605670319,55123.57691719069,55128.032392458255,18.379716892818998,55171.3515625,0.0002728751028770299,1
2025-08-08 06:59:00+00:00,55171.3515625,55181.6015625,55152.25,55154.8984375,0.0,68.14552628788994,9.91795761580579,2.321559976786678,55128.12688341062,55129.731183440286,19.16342015047478,55185.94921875,0.00026458761361797115,1
2025-08-08 07:00:00+00:00,55185.94921875,55189.8515625,55167.8984375,55173.94921875,0.0,71.46349806432765,13.177350049045344,4.492717991238411,55133.63377249056,55131.935812275966,19.362684782583724,55194.8984375,0.00016216480601840243,1
2025-08-08 07:01:00+00:00,55194.8984375,55203.30078125,55185.55078125,55190.94921875,0.0,73.29963919052017,16.29473365002923,6.853121122996575,55139.46850249146,55134.40493483377,19.24749301239917,55182.8984375,-0.00021741139742449588,1
2025-08-08 07:02:00+00:00,55182.8984375,55199.8515625,55176.5,55196.3984375,0.0,67.068010712003,17.59416828157555,9.00133055471237,55143.60468677799,55136.30664082069,19.54064083294208,55152.1015625,-0.0005580873037120451,1
2025-08-08 07:03:00+00:00,55152.1015625,55183.6484375,55152.1015625,55183.6484375,0.0,54.3074629192278,15.9550097361207,10.392066390994035,55144.41391303723,55136.926049514,20.39822898773193,55171.05078125,0.00034358108237319266,1
2025-08-08 07:04:00+00:00,55171.05078125,55171.05078125,55156.3984375,55159.69921875,0.0,59.42312483085029,16.00056382744515,11.51376587828426,55146.95075762892,55138.264274287954,20.29472825646536,55177.19921875,0.00011144318284562308,1
2025-08-08 07:05:00+00:00,55177.19921875,55182.30078125,55165.3984375,55171.6484375,0.0,60.95078584939146,16.344385393844277,12.479889781396263,55149.83156344997,55139.7911348551,20.052415077432123,55172.30078125,-8.877647958498482e-05,1
2025-08-08 07:06:00+00:00,55172.30078125,55189.6484375,55168.3984375,55176.44921875,0.0,59.04357573738638,16.036741915733728,13.191260208263758,55151.97148895474,55141.06602294902,20.137956857615546,55180.94921875,0.00015675325077142918,1
2025-08-08 07:07:00+00:00,55180.94921875,55200.1015625,55171.8984375,55173.05078125,0.0,61.34346496111358,16.30285965321673,13.813580097254354,55154.73127274477,55142.63006984317,20.71404029635729,55166.3984375,-0.0002636921157756339,1
2025-08-08 07:08:00+00:00,55166.3984375,55189.8515625,55158.1015625,55179.1015625,0.0,55.67839903486126,15.164822799066314,14.083828637616747,55155.84243129288,55143.56216269246,21.50232313233177,55165.69921875,-1.2674721747372545e-05,1
2025-08-08 07:09:00+00:00,55165.69921875,55172.44921875,55154.8515625,55166.0,0.0,55.413570828542746,14.044601855799556,14.075983281253311,55156.78117295547,55144.430282537855,21.22341835502236,55170.25,8.249294968517788e-05,1
2025-08-08 07:10:00+00:00,55170.25,55170.25,55154.44921875,55163.69921875,0.0,56.85202328858603,13.369908716711508,13.934768368344953,55158.06391838828,55145.44282047755,20.836087133235047,55182.05078125,0.00021389754895074792,1
2025-08-08 07:11:00+00:00,55182.05078125,55182.69921875,55165.5,55169.19921875,0.0,60.41816222359376,13.630312212109857,13.873877137097931,55160.34838151797,55146.87842678235,20.57631082014683,55176.0,-0.0001096512573261587,1
2025-08-08 07:12:00+00:00,55176.0,55183.25,55163.94921875,55180.0,0.0,57.78116604122095,13.19631744682556,13.73836519904346,55161.83901184959,55148.02044926147,20.485201565136343,55191.3984375,0.0002790785395824271,1
2025-08-08 07:13:00+00:00,55191.3984375,55201.5,55169.0,55175.6484375,0.0,62.29170809256917,13.934273058679535,13.777546770970677,55164.65419524486,55149.72154683945,21.34340145334089,55179.6015625,-0.0002137448104954081,1
2025-08-08 07:14:00+00:00,55179.6015625,55191.3984375,55170.6015625,55191.1015625,0.0,57.2457807686388,13.412587021710353,13.704554821118611,55166.07775403107,55150.89331215948,21.30436384953083,55177.6484375,-3.539577932232374e-05,1
2025-08-08 07:15:00+00:00,55177.6484375,55187.75,55167.19921875,55179.6015625,0.0,56.43074941886214,12.6952038073141,13.50268461835771,55167.17972388525,55151.942532761066,21.250536520992917,55192.94921875,0.0002773003504730955,1
2025-08-08 07:16:00+00:00,55192.94921875,55195.05078125,55167.8515625,55178.1484375,0.0,61.10289494335698,13.20905188654433,13.443958071995036,55169.63396149142,55153.55063809396,21.67544239449342,55191.3515625,-2.8946745419743733e-05,1
2025-08-08 07:17:00+00:00,55191.3515625,55202.5,55182.8984375,55195.5,0.0,60.37486893864452,13.333660545358724,13.421898566667776,55171.70230444462,55155.03302728636,21.52730811631532,55214.0,0.00041036207410779515,1
2025-08-08 07:18:00+00:00,55214.0,55221.05078125,55189.0,55192.1015625,0.0,66.4732688898343,15.086050827383588,13.754729018810938,55175.73065640227,55157.34545758885,22.278984768721365,55214.0,0.0,1
2025-08-08 07:19:00+00:00,55214.0,55218.19921875,55201.1015625,55216.69921875,0.0,66.4732688898343,16.287085369396664,14.261200288928084,55179.37535579253,55159.56720435008,21.90888987452698,55230.55078125,0.0002997569683413627,1
2025-08-08 07:20:00+00:00,55230.55078125,55231.6484375,55209.1484375,55209.1484375,0.0,70.34174883765765,18.36274927987688,15.081510087117843,55184.2492058361,55162.350874032425,21.951112026346483,55215.8984375,-0.00026529418125908436,1
2025-08-08 07:21:00+00:00,55215.8984375,55238.94921875,55210.1015625,55232.25,0.0,63.37051488187843,18.61087165383651,15.787382400461578,55187.26341837552,55164.45077848213,22.44372232803602,55207.05078125,-0.0001602374768929069,1
2025-08-08 07:22:00+00:00,55207.05078125,55214.1015625,55193.44921875,55214.1015625,0.0,59.53374688701501,17.887383879555273,16.207382696280316,55189.14792912547,55166.12136682597,22.44411492960488,55222.30078125,0.0002762328322957503,1
2025-08-08 07:23:00+00:00,55222.30078125,55229.5,55205.19921875,55213.1484375,0.0,63.62204765645557,18.333228114745,16.632551779973255,55192.30534361352,55168.32448111712,22.57673395249024,55244.80078125,0.00040744408837886697,1
2025-08-08 07:24:00+00:00,55244.80078125,55244.80078125,55215.19921875,55222.8515625,0.0,68.65392824330318,20.26848239457468,17.359737902893542,55197.30490910271,55171.32355171056,23.078507420169508,55262.5,0.00032037799937197146,1
2025-08-08 07:25:00+00:00,55262.5,55267.3984375,55235.1484375,55254.80078125,0.0,71.94175443243688,22.965630891369077,18.48091650058865,55203.51396537864,55174.89909870231,23.733614033014543,55259.75,-4.976249717258539e-05,1
2025-08-08 07:26:00+00:00,55259.75,55272.25,55251.69921875,55263.44921875,0.0,70.70091933698671,24.59769161231088,19.704271522933094,55208.869778199725,55178.22658502771,23.50626883422779,55247.3515625,-0.0002243665145064898,1
2025-08-08 07:27:00+00:00,55247.3515625,55262.30078125,55239.1015625,55258.3515625,0.0,65.23767684525941,24.6070069451016,20.6848186073668,55212.53471003784,55180.93736845799,23.48433668535437,55226.8515625,-0.0003710585108647035,1
2025-08-08 07:28:00+00:00,55226.8515625,55248.0,55216.80078125,55247.94921875,0.0,57.34710461640144,22.69855591587111,21.087566069067663,55213.89821979615,55182.73792508709,24.03539968997192,55214.19921875,-0.00022909768331952427,1
2025-08-08 07:29:00+00:00,55214.19921875,55224.3984375,55210.19921875,55224.3984375,0.0,53.079914138875054,19.935353973691235,20.857123649992374,55213.92688636317,55183.97170130917,23.508038551402496,55189.1015625,-0.0004545507605854614,1
2025-08-08 07:30:00+00:00,55189.1015625,55225.6484375,55188.8515625,55212.3984375,0.0,45.79975958815882,15.541176409606123,19.79393420191513,55211.56256980477,55184.17287233626,24.457241154873746,55169.8984375,-0.0003479513972202109,1
2025-08-08 07:31:00+00:00,55169.8984375,55189.75,55161.6015625,55189.0,0.0,41.14929624861482,10.38946405700699,17.9130401729335,55207.59455720432,55183.61309057798,24.72089803666848,55152.5,-0.00031536105725679496,1
2025-08-08 07:32:00+00:00,55152.5,55169.3984375,55131.75,55169.3984375,0.0,37.43999713712108,4.84691419036244,15.299814976419288,55202.34745651819,55182.392969378845,25.68000799833501,55148.6484375,-6.983477630207153e-05,1
2025-08-08 07:33:00+00:00,55148.6484375,55154.6015625,55140.6015625,55153.19921875,0.0,36.6523305490588,0.1419779507923522,12.268247571293902,55197.233264230745,55181.06965440321,24.845721712739653,55160.25,0.00021036893611541647,1
2025-08-08 07:34:00+00:00,55160.25,55167.25,55139.8984375,55148.8515625,0.0,40.69930635308253,-2.6203628688235767,9.290525483270406,55193.71104858972,55180.2531973678,25.024710340401107,55166.3984375,0.00011146500423765303,1
2025-08-08 07:35:00+00:00,55166.3984375,55174.69921875,55148.3984375,55160.94921875,0.0,42.78542777712858,-4.264254674861149,6.579569451644096,55191.10984753356,55179.709873451415,25.115858262515317,55175.0,0.00015592032004309688,1
2025-08-08 07:36:00+00:00,55175.0,55188.05078125,55160.1484375,55166.1015625,0.0,45.66518119838962,-4.817444070758938,4.300166747163489,55189.57557633989,55179.52517253175,25.314892940192788,55151.94921875,-0.0004177758269143634,1
2025-08-08 07:37:00+00:00,55151.94921875,55177.6484375,55141.25,55176.8515625,0.0,39.87325148470266,-7.03476367926487,2.0331806618778177,55185.99211371229,55178.443762579525,26.106574694464733,55134.75,-0.0003118515119344646,1
2025-08-08 07:38:00+00:00,55134.75,55152.69921875,55111.0,55149.69921875,0.0,36.18535525278568,-10.063829099846773,-0.3862212904670998,55181.11191240636,55176.73028169406,27.220334984145826,55138.69921875,7.162848747840518e-05,1
2025-08-08 07:39:00+00:00,55138.69921875,55142.19921875,55127.0,55135.25,0.0,37.61222294877653,-12.00730359917361,-2.710437752208402,55177.07260824861,55175.23886746096,26.361683824563983,55108.8984375,-0.000540469428409479,1
2025-08-08 07:40:00+00:00,55108.8984375,55138.69921875,55102.1015625,55138.69921875,0.0,31.828802210413144,-15.770403735688888,-5.3224309489045,55170.57983008208,55172.63728197229,27.09282471209513,55123.8515625,0.0002713377589457465,1
2025-08-08 07:41:00+00:00,55123.8515625,55132.80078125,55110.25,55110.44921875,0.0,37.0585586989904,-17.34613998241548,-7.727172755606696,55166.12951888378,55170.7241165028,26.86493321480262,55126.94921875,5.619448137595837e-05,1
2025-08-08 07:42:00+00:00,55126.94921875,55139.1015625,55105.55078125,55116.69921875,0.0,38.11764971501293,-18.135907882468015,-9.80891978097896,55162.398061728185,55169.00745384583,27.342493788745287,55126.0,-1.7218778899470604e-05,1
2025-08-08 07:43:00+00:00,55126.0,55140.94921875,55118.5,55134.05078125,0.0,37.9071577161503,-18.62371604766668,-11.571879034316504,55158.931579658834,55167.32088702835,26.992974143120623,55137.94921875,0.00021676194082647027,1
2025-08-08 07:44:00+00:00,55137.94921875,55137.94921875,55115.75,55128.8984375,0.0,42.23185567463111,-17.84045182041882,-12.825593591536968,55156.93325957228,55166.16905689979,26.650563043612006,55162.1484375,0.00043888499831565926,1
2025-08-08 07:45:00+00:00,55162.1484375,55166.3984375,55127.6484375,55137.44921875,0.0,49.84973350532015,-15.09305126551044,-13.279085126331664,55157.42994318445,55166.01138555078,27.514808540496865,55189.55078125,0.00049675990740367,1
2025-08-08 07:46:00+00:00,55189.55078125,55191.1015625,55156.80078125,55162.55078125,0.0,56.79722850131511,-10.582586927441298,-12.739785486553592,55160.48907061927,55166.934499107614,27.999520876889942,55147.6484375,-0.0007592441532290172,1
2025-08-08 07:47:00+00:00,55147.6484375,55196.75,55140.80078125,55193.8515625,0.0,46.246762911797376,-10.270785173379409,-12.245985423918755,55159.266153179335,55166.17818296614,29.99592786782637,55129.6015625,-0.00032724650118949144,1
2025-08-08 07:48:00+00:00,55129.6015625,55154.6015625,55120.6484375,55140.75,0.0,42.578322985785306,-11.349086817077476,-12.0666057025505,55156.44095406702,55164.74380569296,30.27858480583878,55121.8515625,-0.0001405778344183004,1
2025-08-08 07:49:00+00:00,55121.8515625,55144.6484375,55121.8515625,55133.44921875,0.0,41.07162457748085,-12.682809337718936,-12.189846429584188,55153.146726298735,55163.0617569403,29.74417696256458,55122.1484375,5.385795135408102e-06,1
2025-08-08 07:50:00+00:00,55122.1484375,55140.30078125,55110.94921875,55123.55078125,0.0,41.15752302828069,-13.559532858598686,-12.463783715387088,55150.1945083179,55161.45731304068,29.716133072381396,55126.1484375,7.256611205086431e-05,1
2025-08-08 07:51:00+00:00,55126.1484375,55131.05078125,55104.75,55128.0,0.0,42.37632421644531,-13.772811595939856,-12.725589291497643,55147.90440633524,55160.07265125477,29.47217937078272,55112.55078125,-0.00024666436229290575,1
2025-08-08 07:52:00+00:00,55112.55078125,55127.5,55104.3984375,55127.5,0.0,39.38949055740401,-14.867668522958413,-13.154005137789795,55144.53739442236,55158.20904850949,29.01713530858396,55105.1484375,-0.00013431321259981262,1
2025-08-08 07:53:00+00:00,55105.1484375,55120.94921875,55101.6015625,55113.6015625,0.0,37.82643974814694,-16.146530647863983,-13.752510239804634,55140.78606519166,55156.12824023461,28.32645823297082,55113.25,0.00014702006490716115,1
2025-08-08 07:54:00+00:00,55113.25,55120.30078125,55098.6015625,55110.6015625,0.0,40.604431771316456,-16.31820361582504,-14.265648915008716,55138.16358279246,55154.44674061757,27.853083984187187,55105.80078125,-0.0001351620300018598,1
2025-08-08 07:55:00+00:00,55105.80078125,55118.8515625,55099.6484375,55115.94921875,0.0,38.884055529964336,-16.860982466903806,-14.784715625387731,55135.08141121699,55152.53905593649,27.23522977103096,55111.44921875,0.00010250168620944724,1
2025-08-08 07:56:00+00:00,55111.44921875,55121.80078125,55095.25,55105.1484375,0.0,40.92784017662578,-16.643500997321098,-15.156472699774408,55132.83072622013,55150.92768977231,27.18634059095732,55097.69921875,-0.00024949443708916256,1
2025-08-08 07:57:00+00:00,55097.69921875,55114.3515625,55088.6015625,55113.1484375,0.0,37.628992594758806,-17.38030610237911,-15.601239380295349,55129.48486836584,55148.84029875183,27.083744834460365,55072.94921875,-0.00044920206017563547,1
2025-08-08 07:58:00+00:00,55072.94921875,55103.25,55068.1484375,55102.8984375,0.0,32.544190189263745,-19.73386786728952,-16.427765077694183,55124.10052078337,55145.86417796744,27.656446096284625,55085.80078125,0.00023335526210796405,1
2025-08-08 07:59:00+00:00,55085.80078125,55093.6484375,55070.44921875,55072.3515625,0.0,37.283333775005445,-20.32774326296203,-17.207760714747753,55120.4529265421,55143.5087506452,27.33807271440715,55094.3984375,0.00015607753954856646,1
2025-08-08 08:00:00+00:00,55094.3984375,55094.3984375,55060.69921875,55086.05078125,0.0,40.304872858364575,-19.87552213976596,-17.741312999751393,55117.97154663333,55141.58285601206,27.792440288378067,55130.3984375,0.000653423959984589,1
2025-08-08 08:01:00+00:00,55130.3984375,55137.8515625,55086.19921875,55090.1015625,0.0,50.958875055705306,-16.422921292360115,-17.47763465827314,55119.155060049205,55141.14425136453,29.49671910706535,55151.19921875,0.00037730148592307643,1
2025-08-08 08:02:00+00:00,55151.19921875,55161.94921875,55123.05078125,55128.6484375,0.0,55.86073427402766,-11.871414759007166,-16.356390678419945,55122.20688468737,55141.538563811024,30.1682704208464,55127.1015625,-0.00043693802839027683,1
2025-08-08 08:03:00+00:00,55127.1015625,55154.94921875,55122.05078125,55154.94921875,0.0,49.6670556526016,-10.092452990611491,-15.103603140858256,55122.67304447905,55140.97240689687,30.363282355071654,55155.3984375,0.0005133024265373103,1
2025-08-08 08:04:00+00:00,55155.3984375,55155.8515625,55119.94921875,55127.8515625,0.0,55.85656853679566,-6.326365246248315,-13.348155561936268,55125.78974857628,55141.53813358719,30.75892959756654,55155.1015625,-5.382519361842838e-06,1
2025-08-08 08:05:00+00:00,55155.1015625,55167.05078125,55146.19921875,55154.6015625,0.0,55.77906969079129,-3.3273137058349675,-11.343987190716009,55128.58134990235,55142.070032760246,30.051260519168927,55154.55078125,-9.986043618755235e-06,1
2025-08-08 08:06:00+00:00,55154.55078125,55174.05078125,55149.55078125,55160.69921875,0.0,55.62487117069975,-0.9836483114195288,-9.271919414856711,55131.05462907832,55142.559473877496,29.654741910656863,55145.3515625,-0.00016678984090515535,1
2025-08-08 08:07:00+00:00,55145.3515625,55154.1484375,55139.8984375,55154.1484375,0.0,52.99000026003413,0.129925625064061,-7.391550406872558,55132.41624178514,55142.66896754896,28.583142042038517,55181.1015625,0.0006482867365435521,1
2025-08-08 08:08:00+00:00,55181.1015625,55181.1015625,55132.3984375,55148.8984375,0.0,60.7675909618481,3.8527550553626497,-5.1426893144255175,55137.05293899608,55144.17612813528,30.020283681892906,55170.3515625,-0.00019481307359955804,1
2025-08-08 08:09:00+00:00,55170.3515625,55191.44921875,55163.6015625,55174.30078125,0.0,57.6774520417774,5.868045861934661,-2.9405422791534823,55140.22423647265,55145.20261575742,29.865096008186267,55166.55078125,-6.889173518668386e-05,1
2025-08-08 08:10:00+00:00,55166.55078125,55177.30078125,55153.8515625,55169.8515625,0.0,56.58190100834079,7.076908862967684,-0.937052050729249,55142.73152645145,55146.03979871792,29.406819061172964,55177.6015625,0.0002003166972287116,1
2025-08-08 08:11:00+00:00,55177.6015625,55177.6015625,55145.6484375,55168.6015625,0.0,59.01921567939424,8.824919019185472,1.0153421632536954,55146.05248226559,55147.27751494467,29.58869805680347,55189.94921875,0.0002237802278523059,1
2025-08-08 08:12:00+00:00,55189.94921875,55195.1484375,55165.80078125,55178.25,0.0,61.612257957270174,11.078871987512684,3.0280481281054934,55150.23312383554,55148.9509150939,29.571480784888937,55186.5,-6.249722637592457e-05,1
2025-08-08 08:13:00+00:00,55186.5,55198.6015625,55179.6015625,55193.80078125,0.0,60.46138258431066,12.44338325058925,4.911115152602245,55153.68711204168,55150.42342822748,28.816375014539727,55187.5,1.81203736421045e-05,1
2025-08-08 08:14:00+00:00,55187.5,55191.19921875,55177.8515625,55183.0,0.0,60.69063879161537,13.450411923928186,6.618974506867434,55156.90738708533,55151.877411434245,27.71146653135832,55178.44921875,-0.00016400056625141563,1
2025-08-08 08:15:00+00:00,55178.44921875,55188.94921875,55168.44921875,55187.3984375,0.0,57.44413389531687,13.3641138113162,7.968002367757188,55158.95899010102,55152.91944309368,27.19636177911844,55156.8984375,-0.0003905651854143973,1
2025-08-08 08:16:00+00:00,55156.8984375,55180.19921875,55139.8984375,55180.19921875,0.0,50.515036606239896,11.425053095605108,8.659412513326773,55158.76274699616,55153.07548209001,28.132391741324263,55150.5,-0.0001160043019324277,1
2025-08-08 08:17:00+00:00,55150.5,55171.0,55134.44921875,55153.69921875,0.0,48.63912519410495,9.26522928022314,8.780575866706046,55157.97581871081,55152.97448279237,28.73370527765824,55137.25,-0.00024025167496214903,1
2025-08-08 08:18:00+00:00,55137.25,55149.55078125,55110.0,55149.3515625,0.0,44.919072725106815,6.410492908842571,8.30655927513335,55156.00193121454,55152.35783640835,29.57415490068265,55135.55078125,-3.081798149164131e-05,1
2025-08-08 08:19:00+00:00,55135.55078125,55137.25,55121.19921875,55134.94921875,0.0,44.44955838910494,3.9652718297438696,7.438301786055455,55154.05420264649,55151.69873620607,28.608199639919608,55132.05078125,-6.347991360213723e-05,1
2025-08-08 08:20:00+00:00,55132.05078125,55134.94921875,55118.6484375,55134.05078125,0.0,43.4423148962905,1.72510976686317,6.295663382216999,55151.95863870397,55150.92822816858,27.77206707635392,55155.69921875,0.00042894173470584294,1
2025-08-08 08:21:00+00:00,55155.69921875,55155.69921875,55117.8515625,55132.05078125,0.0,51.44791662228578,1.8368227117098288,5.403895248115565,55152.31488442264,55151.11532583845,28.49175201732864,55139.5,-0.0002936998166908041,1
2025-08-08 08:22:00+00:00,55139.5,55156.69921875,55123.44921875,55156.69921875,0.0,46.58370274105904,0.6111692757694982,4.445350053646352,55151.09441923953,55150.65982286439,28.831626873233738,55136.3984375,-5.6249376581216734e-05,1
2025-08-08 08:23:00+00:00,55136.3984375,55138.5,55122.1484375,55138.5,0.0,45.6929338035066,-0.6034834934253013,3.4355833442320214,55149.69480193101,55150.100552850105,28.01162227514561,55138.19921875,3.266048020966186e-05,1
2025-08-08 08:24:00+00:00,55138.19921875,55138.19921875,55127.25,55137.5,0.0,46.33457280674714,-1.4046051531186097,2.4675456447618958,55148.5999844852,55149.63383386579,26.79287916620664,55131.8984375,-0.00011427252502394728,1
2025-08-08 08:25:00+00:00,55131.8984375,55143.8515625,55126.94921875,55137.5,0.0,44.35969125064762,-2.5188841012786725,1.4702596955537817,55147.0093609628,55148.93832812596,26.086412350763307,55142.75,0.00019682910996257128,1
2025-08-08 08:26:00+00:00,55142.75,55147.25,55127.5,55132.69921875,0.0,48.435982399632,-2.49753773186967,0.6767002100690913,55146.60370753776,55148.69564859161,25.63381146856593,55139.6015625,-5.709612777745035e-05,1
2025-08-08 08:27:00+00:00,55139.6015625,55146.0,55129.75,55142.3984375,0.0,47.35205064392612,-2.703508807331673,0.0006584065889384,55145.936836581786,55148.33901776448,24.96353922081122,55132.19921875,-0.0001342473202605489,1
2025-08-08 08:28:00+00:00,55132.19921875,55137.55078125,55124.6484375,55137.55078125,0.0,44.81285980208324,-3.4245732960043824,-0.6843879339297259,55144.62849202638,55147.7060844698,24.248509633610414,55133.44921875,2.2672775940613766e-05,1
2025-08-08 08:29:00+00:00,55133.44921875,55135.8515625,55117.44921875,55133.1015625,0.0,45.34583288893689,-3.850768285177765,-1.3176640041793335,55143.56379933339,55147.14699169648,23.83092635620968,55165.8515625,0.0005877075388742499,1
2025-08-08 08:30:00+00:00,55165.8515625,55174.1015625,55128.1484375,55133.44921875,0.0,56.951634693580736,-1.555995988550421,-1.3653304010535512,55145.686443444494,55147.88050427701,25.4110834021947,55188.25,0.0004060199718774168,1
2025-08-08 08:31:00+00:00,55188.25,55188.25,55160.6484375,55168.25,0.0,62.82782466860874,2.046404625492869,-0.6829833957442673,55149.7401154974,55149.463621756346,25.56754619489508,55170.6484375,-0.0003189367754911598,1
2025-08-08 08:32:00+00:00,55170.6484375,55200.30078125,55166.6484375,55189.3984375,0.0,56.3215560374191,3.4413641706778435,0.1418861175401549,55151.73138425955,55150.29439884433,26.145031734545427,55147.80078125,-0.0004141270203826395,1
2025-08-08 08:33:00+00:00,55147.80078125,55171.0,55144.69921875,55170.3515625,0.0,49.199351193772,2.672458310975344,0.6480005562271928,55151.35704111578,55150.19660991906,26.156156699935043,55152.8984375,9.243625634720106e-05,1
2025-08-08 08:34:00+00:00,55152.8984375,55161.44921875,55142.3984375,55152.69921875,0.0,50.69739079051984,2.446234465773159,1.007647338136386,55151.50384077142,55150.30256394185,25.64862988208254,55167.80078125,0.0002702005546795974,1
2025-08-08 08:35:00+00:00,55167.80078125,55169.55078125,55151.8984375,55153.6015625,0.0,54.88568441913227,3.429907199992158,1.4920993105075404,55153.05593034081,55150.98876854216,25.077466586933784,55164.1015625,-6.705394628051335e-05,1
2025-08-08 08:36:00+00:00,55164.1015625,55174.05078125,55154.75,55165.94921875,0.0,53.66693579978888,3.866409331341856,1.966961314674404,55154.10789530836,55151.5029957562,24.664846205724228,55146.30078125,-0.00032268777603188214,1
2025-08-08 08:37:00+00:00,55146.30078125,55164.6015625,55139.6015625,55164.1015625,0.0,48.12868314290557,2.74433119402238,2.122435290543999,55153.36436063614,55151.29898734419,24.688785762458213,55150.55078125,7.706772602678401e-05,1
2025-08-08 08:38:00+00:00,55150.55078125,55150.8984375,55131.25,55144.6015625,0.0,49.46945383395578,2.1729670557251666,2.1325416435802325,55153.096400694594,55151.26964592873,24.328760886568343,55156.6015625,0.00010971388615863353,1
2025-08-08 08:39:00+00:00,55156.6015625,55167.1484375,55145.5,55150.55078125,0.0,51.39568867516646,2.183237337048922,2.1426807822739704,55153.43022562844,55151.47874069624,24.137309216099176,55151.8984375,-8.526857831642716e-05,1
2025-08-08 08:40:00+00:00,55151.8984375,55156.94921875,55147.6015625,55156.55078125,0.0,49.806409371045646,1.7912255935152643,2.072389744522229,55153.28434104478,55151.49519939443,23.08090543280638,55129.19921875,-0.00041157638074278667,1
2025-08-08 08:41:00+00:00,55129.19921875,55153.30078125,55122.75,55151.6015625,0.0,42.90975249220343,-0.3470828305435134,1.5884952295090806,55150.99051987385,55150.620847212296,23.614467991177357,55079.0,-0.0009105740598700142,0
2025-08-08 08:42:00+00:00,55079.0,55129.8984375,55077.6015625,55129.44921875,0.0,32.268313032481046,-6.022936421133636,0.0662088993805372,55144.13427988586,55147.81218653731,25.6632113489504,55118.3984375,0.0007153077851812851,1
2025-08-08 08:43:00+00:00,55118.3984375,55122.69921875,55070.0,55078.25,0.0,44.00533111361727,-7.258297508662508,-1.398692382228072,55141.68324727769,55146.65870618291,27.594354734739657,55125.8984375,0.000136070717085592,1
2025-08-08 08:44:00+00:00,55125.8984375,55125.8984375,55103.55078125,55120.1484375,0.0,45.92629395954777,-7.545166765186877,-2.627987258819833,55140.17993206077,55145.84457799927,27.21959055725825,55118.19921875,-0.0001396660910430173,1
2025-08-08 08:45:00+00:00,55118.19921875,55126.6484375,55112.69921875,55122.05078125,0.0,44.24811922331208,-8.298119766550371,-3.762013760365941,55138.08653079307,55144.76044626401,26.271706856739804,55149.5,0.0005678846858870556,1
2025-08-08 08:46:00+00:00,55149.5,55156.3515625,55106.1484375,55118.75,0.0,51.937255312626085,-6.296546322999348,-4.268920272892622,55139.1735278604,55144.9463111164,27.98109386697268,55154.94921875,9.880812609361826e-05,1
2025-08-08 08:47:00+00:00,55154.94921875,55162.8515625,55141.6015625,55151.0,0.0,53.14869953541268,-4.221910974658385,-4.259518413245775,55140.67597461179,55145.338582004,27.5003014479032,55169.1015625,0.000256592453632228,1
2025-08-08 08:48:00+00:00,55169.1015625,55172.05078125,55146.44921875,55152.5,0.0,56.23408664706957,-1.419409579517378,-3.691496646500096,55143.383173458285,55146.27046359208,27.36467723733869,55155.0,-0.000255606165418964,1
2025-08-08 08:49:00+00:00,55155.0,55172.25,55150.69921875,55170.69921875,0.0,52.52252116719473,-0.3324529641831759,-3.0196879100367124,55144.48953789083,55146.61279835317,26.94939895252878,55157.8984375,5.255076602302602e-05,1
2025-08-08 08:50:00+00:00,55157.8984375,55161.6484375,55147.1484375,55155.75,0.0,53.20616128707832,0.7541542468534317,-2.264919478658684,55145.76657594885,55147.05537243736,26.060156170205296,55154.8984375,-5.438930932800734e-05,1
2025-08-08 08:51:00+00:00,55154.8984375,55163.1015625,55150.19921875,55156.1484375,0.0,52.36567887636326,1.357574093141011,-1.5404207642987449,55146.63627704896,55147.36294361629,25.12031242590492,55157.30078125,4.355630810783324e-05,1
2025-08-08 08:52:00+00:00,55157.30078125,55160.25,55148.55078125,55155.3984375,0.0,53.00586890533643,2.006507957397844,-0.8310350199594272,55147.65194411573,55147.75266273918,24.161662877626,55147.1015625,-0.00018491149141705446,1
2025-08-08 08:53:00+00:00,55147.1015625,55161.3984375,55143.3515625,55159.75,0.0,49.93733632891198,1.6784528458374552,-0.3291374468000507,55147.59952681899,55147.72712939647,23.724892314938423,55146.19921875,-1.6362487319072326e-05,1
2025-08-08 08:54:00+00:00,55146.19921875,55152.55078125,55143.1015625,55150.05078125,0.0,49.6634104201666,1.330320104920247,0.0027540635440088,55147.46616414575,55147.6672113319,22.705201346014253,55120.80078125,-0.00046056551239825785,1
2025-08-08 08:55:00+00:00,55120.80078125,55149.30078125,55113.75,55147.69921875,0.0,42.58292691178329,-0.9836799924378284,-0.1945327476523586,55144.92660386997,55146.613625838494,23.62274276772752,55111.8984375,-0.000161506067107578,1
2025-08-08 08:56:00+00:00,55111.8984375,55125.55078125,55107.44921875,55121.3984375,0.0,40.40832736419316,-3.4955914790552924,-0.8547444939329455,55141.78106421568,55145.252245903655,23.228372748604126,55099.55078125,-0.00022404701344126148,1
2025-08-08 08:57:00+00:00,55099.55078125,55116.05078125,55097.3984375,55116.05078125,0.0,37.54445019590026,-6.408775718089601,-1.9655507387642768,55137.75913250467,55143.46003160352,22.90151353441812,55087.75,-0.00021417200472014964,1
2025-08-08 08:58:00+00:00,55087.75,55106.80078125,55086.55078125,55099.69921875,0.0,34.99196759961508,-9.55952340431395,-3.4843452718742114,55132.99635798042,55141.27532448181,22.71211971053111,55108.0,0.0003675953365312615,1
2025-08-08 08:59:00+00:00,55108.0,55110.80078125,55081.44921875,55092.6015625,0.0,42.24775965728918,-10.303732863270852,-4.848222790153541,55130.61575245848,55139.970409796246,23.1863656240646,55119.80078125,0.00021413916763446324,1
2025-08-08 09:00:00+00:00,55119.80078125,55125.05078125,55090.3984375,55109.69921875,0.0,46.02830360432019,-9.828008631819102,-5.844179958486653,55129.58575520053,55139.179443970905,24.00536406163141,55099.8515625,-0.0003619247251848938,1
2025-08-08 09:01:00+00:00,55099.8515625,55125.3515625,55095.69921875,55123.55078125,0.0,41.1269929743504,-10.934680788013791,-6.862280124392082,55126.75392732429,55137.6371741093,24.408719753657746,55092.6015625,-0.00013157930183852298,1
2025-08-08 09:02:00+00:00,55092.6015625,55119.75,55080.94921875,55101.05078125,0.0,39.48156667810777,-12.255467454117024,-7.940917590337071,55123.50132115054,55135.87107169325,25.436724146253617,55130.1484375,0.0006815229982814446,1
2025-08-08 09:03:00+00:00,55130.1484375,55130.1484375,55079.5,55093.80078125,0.0,50.521957754664086,-10.15541606768238,-8.383817285806133,55124.1343798505,55135.64665466606,27.23756081437836,55115.80078125,-0.00026025063702242093,1
2025-08-08 09:04:00+00:00,55115.80078125,55134.44921875,55109.05078125,55130.05078125,0.0,46.993942067778896,-9.538887804032129,-8.614831389451332,55123.34070379331,55134.86838512033,27.10619486335133,55152.19921875,0.0006603993225910361,1
2025-08-08 09:05:00+00:00,55152.19921875,55152.25,55112.30078125,55116.69921875,0.0,55.48633615166448,-6.04356850568729,-8.100578812698524,55126.08913378918,55135.548025654825,28.023553712397668,55139.6484375,-0.00022756628797738191,1
2025-08-08 09:06:00+00:00,55139.6484375,55149.19921875,55131.80078125,55147.25,0.0,52.37057148435912,-4.237399827426998,-7.32794301564422,55127.38049604735,55135.70882611934,27.478902554369263,55131.55078125,-0.0001468572339408108,1
2025-08-08 09:07:00+00:00,55131.55078125,55145.30078125,55129.44921875,55133.1015625,0.0,50.40396894885732,-3.419987830762693,-6.546351978667915,55127.77766606665,55135.54576553623,26.64837826477146,55149.05078125,0.0003174225965352615,1
2025-08-08 09:08:00+00:00,55149.05078125,55149.05078125,55127.1484375,55135.0,0.0,54.39010189231489,-1.344579709941172,-5.505997524922567,55129.80367703649,55136.0753739956,26.309375799430644,55135.1015625,-0.00025293669704905535,1
2025-08-08 09:09:00+00:00,55135.1015625,55154.0,55125.69921875,55144.3515625,0.0,50.87978258954123,-0.8159830516306101,-4.5679946302641765,55130.30823755683,55136.0371853095,26.45161904589989,55147.05078125,0.0002167261583159435,1
2025-08-08 09:10:00+00:00,55147.05078125,55159.19921875,55126.8984375,55130.69921875,0.0,53.6400071761634,0.5606726128607988,-3.5422611816391814,55131.90276552761,55136.46909103265,26.869416346192757,55162.3984375,0.0002783042072526969,1
2025-08-08 09:11:00+00:00,55162.3984375,55162.3984375,55140.30078125,55152.1015625,0.0,56.98354322487743,2.857174015385681,-2.2623741422342087,55134.80711523927,55137.48592814902,26.52857633932184,55181.30078125,0.0003426671842671362,1
2025-08-08 09:12:00+00:00,55181.30078125,55181.30078125,55160.3515625,55163.3984375,0.0,60.739154029750544,6.131746136852598,-0.5835500864168475,55139.235083430765,55139.20415768239,26.130050797227423,55172.19921875,-0.00016493925244858692,1
2025-08-08 09:13:00+00:00,55172.19921875,55183.69921875,55163.6484375,55182.30078125,0.0,58.108460268282286,7.901366076606791,1.1134331461878804,55142.37452488974,55140.49808164583,25.69581725813975,55159.80078125,-0.00022472255366950194,1
2025-08-08 09:14:00+00:00,55159.80078125,55175.94921875,55152.1484375,55175.80078125,0.0,54.63691065862009,8.208727242206805,2.532491965391665,55144.03416835262,55141.25505025775,25.560457543272623,55173.19921875,0.00024290220976567442,1
2025-08-08 09:15:00+00:00,55173.19921875,55175.75,55156.8515625,55163.75,0.0,57.58585519070948,9.42481174810382,3.9109559219340966,55146.8117922,55142.50776274765,25.084598968753152,55156.1484375,-0.00030904101069791654,1
2025-08-08 09:16:00+00:00,55156.1484375,55178.55078125,55156.1484375,55174.44921875,0.0,52.875105396775545,8.910002964999876,4.910765330547253,55147.700996514286,55143.042691169314,24.89300931027078,55140.55078125,-0.0002827908889917219,1
2025-08-08 09:17:00+00:00,55140.55078125,55156.1484375,55134.05078125,55155.75,0.0,48.93176015994296,7.16086677635758,5.360785619709318,55147.02002363198,55142.94496921169,24.69334123453715,55141.25,1.268066314342588e-05,1
2025-08-08 09:18:00+00:00,55141.25,55144.8984375,55126.3984375,55142.5,0.0,49.11496714097428,5.764633745078754,5.441555244783205,55146.47049757179,55142.87849983084,24.250959717784497,55155.3984375,0.00025658536032462087,1
2025-08-08 09:19:00+00:00,55155.3984375,55173.5,55136.5,55136.5,0.0,52.80450343713521,5.7336754300267785,5.499979281831921,55147.32077756495,55143.36947777865,25.16160545222846,55137.3984375,-0.00032635064762331315,1
2025-08-08 09:20:00+00:00,55137.3984375,55154.94921875,55133.94921875,55154.94921875,0.0,48.032851018618125,4.2081818734513945,5.241619800155816,55146.37579279686,55143.13531933635,24.896434973497858,55141.5,7.438803092331699e-05,1
2025-08-08 09:21:00+00:00,55141.5,55151.8515625,55127.3515625,55145.1484375,0.0,49.160212206304784,3.2922282963772886,4.851741499400111,55145.91143157811,55143.07118916629,24.868118189676583,55147.80078125,0.00011426568464767916,1
2025-08-08 09:22:00+00:00,55147.80078125,55149.8984375,55130.44921875,55142.5,0.0,50.92159746683679,3.039709003271128,4.489335000174314,55146.091369642105,55143.25666336565,24.4810539439854,55138.8515625,-0.00016227698336508632,1
2025-08-08 09:23:00+00:00,55138.8515625,55153.19921875,55127.6015625,55146.1015625,0.0,48.3588713763619,2.093327901791781,4.010133580497808,55145.4018642,55143.0839143121,24.56081125155787,55138.94921875,1.7710969168319809e-06,1
2025-08-08 09:24:00+00:00,55138.94921875,55147.0,55131.1484375,55145.94921875,0.0,48.38939518500385,1.3357958803826475,3.475266040474776,55144.7873265381,55142.9217693881,23.938722055018022,55134.44921875,-8.161200138485365e-05,1
2025-08-08 09:25:00+00:00,55134.44921875,55142.6015625,55125.8515625,55139.30078125,0.0,47.01048838347826,0.3680907823509187,2.8538309888500044,55143.80274484399,55142.58951250033,23.42524190823102,55133.55078125,-1.6295392676099525e-05,1
2025-08-08 09:26:00+00:00,55133.55078125,55136.25,55115.1015625,55134.25,0.0,46.72421119822698,-0.4659477221721317,2.189875246645577,55142.826367358844,55142.235052451295,23.262613021928804,55123.25,-0.0001868332640295521,1
2025-08-08 09:27:00+00:00,55123.25,55133.8515625,55115.3984375,55132.5,0.0,43.45670971341446,-1.935801490988524,1.3647398991187571,55140.96195141991,55141.49054059046,22.91907816321961,55124.8515625,2.9054210337743147e-05,1
2025-08-08 09:28:00+00:00,55124.8515625,55131.6015625,55114.1484375,55125.8984375,0.0,44.11113119259722,-2.9375759367540013,0.5042767319442055,55139.42762866563,55140.83803164573,22.52865293727535,55127.30078125,4.4430391748503855e-05,1
2025-08-08 09:29:00+00:00,55127.30078125,55133.75,55117.8515625,55125.69921875,0.0,45.15650109026032,-3.493586033153406,-0.2952958210753168,55138.27269081652,55140.3071590812,22.05506612032711,55105.3515625,-0.00039815515069559524,1
2025-08-08 09:30:00+00:00,55105.3515625,55131.94921875,55103.69921875,55128.69921875,0.0,38.251425063687165,-5.640328361856518,-1.364302329231557,55135.13734526256,55138.936351372126,22.4975613974466,55104.0,-2.4526882810412157e-05,1
2025-08-08 09:31:00+00:00,55104.0,55113.69921875,55096.3515625,55108.25,0.0,37.867438647188585,-7.3657886950459215,-2.5645996023944297,55132.17188380899,55137.56629837714,22.12971102977184,55100.6484375,-6.0822490200348434e-05,1
2025-08-08 09:32:00+00:00,55100.6484375,55111.8515625,55095.8984375,55105.44921875,0.0,36.87879265750851,-8.90106558064872,-3.831892798045288,55129.16965082718,55136.118539127056,21.688526313359567,55089.1484375,-0.0002087089775911496,1
2025-08-08 09:33:00+00:00,55089.1484375,55102.94921875,55083.05078125,55099.94921875,0.0,33.63398876326593,-10.919860114030598,-5.249486261242351,55125.35810670078,55134.27657435737,21.560662826691026,55108.3515625,0.00034858271628189025,1
2025-08-08 09:34:00+00:00,55108.3515625,55110.05078125,55087.75,55088.25,0.0,42.70016006477772,-10.845220673072618,-6.368633143608404,55123.73843582452,55133.25990722571,21.613528428355952,55094.3515625,-0.00025404497872018886,1
2025-08-08 09:35:00+00:00,55094.3515625,55113.94921875,55092.1015625,55109.3984375,0.0,38.56396773127507,-11.779959337014589,-7.450898382289641,55120.939685984085,55131.73408978549,21.630251844187672,55097.25,5.260861445500382e-05,1
2025-08-08 09:36:00+00:00,55097.25,55107.05078125,55092.44921875,55095.3984375,0.0,39.86274714155418,-12.146845505776582,-8.39008780698703,55118.68352541418,55130.381772539,21.128202605317124,55096.5,-1.3612294624504853e-05,1
2025-08-08 09:37:00+00:00,55096.5,55101.3984375,55088.8984375,55099.1015625,0.0,39.62928819910325,-12.355695404316066,-9.183209326452838,55116.57080870807,55129.053075576696,20.511902419223045,55068.69921875,-0.0005045834354269328,1
2025-08-08 09:38:00+00:00,55068.69921875,55098.05078125,55065.44921875,55097.44921875,0.0,32.11999336097614,-14.596244736174413,-10.265816408397152,55112.01160966445,55126.68625766193,21.375449567849973,55045.8984375,-0.00041404248826412633,1
2025-08-08 09:39:00+00:00,55045.8984375,55078.30078125,55042.80078125,55072.1484375,0.0,27.5149926955812,-18.004187648759398,-11.813490656469604,55105.71511707736,55123.51810785166,22.38434602728926,55025.05078125,-0.00037873223694714995,1
2025-08-08 09:40:00+00:00,55025.05078125,55060.3984375,55025.0,55046.6015625,0.0,24.111185118231248,-22.132113362051317,-13.877215197585947,55098.03279937951,55119.65664406336,23.313923989625746,55035.6484375,0.00019259693720466664,1
2025-08-08 09:41:00+00:00,55035.6484375,55038.6484375,55015.94921875,55027.44921875,0.0,28.92458847136045,-24.26862829853053,-15.955497817774866,55092.09143158146,55116.36220459029,23.270016472509617,54948.69921875,-0.001579870887661875,0
2025-08-08 09:42:00+00:00,54948.69921875,55037.1015625,54945.19921875,55036.8515625,0.0,18.536390852176385,-32.60209046188538,-19.28481634659697,55078.43503035942,55109.78718553773,28.17232556375893,54949.3515625,1.1871868839024354e-05,1
2025-08-08 09:43:00+00:00,54949.3515625,54953.69921875,54928.0,54949.8984375,0.0,18.772098542591166,-38.707583647294086,-23.16936980673639,55066.14136675376,55103.49559247743,27.995675077061865,54985.55078125,0.0006587742661317233,1
2025-08-08 09:44:00+00:00,54985.55078125,54987.75,54959.6484375,54959.6484375,0.0,30.74662678476095,-40.16229067405948,-26.56795398020101,55058.46607289626,55098.87030576263,28.73872953584316,55013.3515625,0.0005056015781418712,1
2025-08-08 09:45:00+00:00,55013.3515625,55023.8984375,54963.05078125,54987.6015625,0.0,38.27276962559235,-38.626602339769306,-28.97968365211467,55054.16945285852,55095.51662955626,31.03222430114008,54976.30078125,-0.0006734870753676416,1
2025-08-08 09:46:00+00:00,54976.30078125,55020.3515625,54970.44921875,55015.3515625,0.0,33.10863193487003,-39.93885639592918,-31.17151820087757,55046.753388895806,55090.84149825013,32.38008997605864,54973.55078125,-5.002155403184028e-05,1
2025-08-08 09:47:00+00:00,54973.55078125,54992.8515625,54961.6484375,54979.8984375,0.0,32.75535905901512,-40.73120522743557,-33.083455606189176,55039.78171197716,55086.24186228935,32.29602104919731,54951.5,-0.00040111619017924033,1
2025-08-08 09:48:00+00:00,54951.5,54978.8515625,54948.25,54978.8515625,0.0,29.991923462674663,-42.64685475096485,-34.99613543514431,55031.373929884096,55080.957867689765,32.174988295683214,54942.30078125,-0.00016740614450924907,1
2025-08-08 09:49:00+00:00,54942.30078125,54955.69921875,54936.05078125,54952.8515625,0.0,28.89664133974217,-44.39555653149728,-36.8760196544149,55022.89077287133,55075.520334888206,31.280234667420128,54940.8984375,-2.5523935657215392e-05,1
2025-08-08 09:50:00+00:00,54940.8984375,54951.44921875,54925.1015625,54944.6015625,0.0,28.724430167680097,-45.371557638391096,-38.57512725121015,55015.08197902644,55070.24104479455,30.9279076376044,54943.1015625,4.009990849542157e-05,1
2025-08-08 09:51:00+00:00,54943.1015625,54944.30078125,54929.44921875,54940.1484375,0.0,29.43591720917145,-45.44342821912869,-39.94878744479386,55008.226701262014,55065.255182743786,29.779597270632657,54932.6015625,-0.00019110679414513623,1
2025-08-08 09:52:00+00:00,54932.6015625,54945.05078125,54927.8515625,54944.6015625,0.0,28.001289634585703,-45.81947009043506,-41.1229239739221,55001.02430709421,55060.05307998913,28.88099880487318,54951.1484375,0.00033762964928755736,1
2025-08-08 09:53:00+00:00,54951.1484375,54951.1484375,54928.94921875,54934.30078125,0.0,34.10997044287208,-44.11240779484797,-41.72082073810727,54996.27422427572,55055.78230969544,28.40372880095367,54935.5,-0.0002847699810641469,1
2025-08-08 09:54:00+00:00,54935.5,54954.30078125,54923.94921875,54952.0,0.0,31.668585304430337,-43.52056872799585,-42.08077033608499,54990.48620291612,55051.06535637405,28.54285977945698,54951.19921875,0.00028577547760555563,1
2025-08-08 09:55:00+00:00,54951.19921875,54963.0,54929.8515625,54939.25,0.0,36.57335309135878,-41.30855692373007,-41.92632765361401,54986.74458537649,55047.14903725154,28.871829616638625,54949.1015625,-3.8173075016063614e-05,1
2025-08-08 09:56:00+00:00,54949.1015625,54959.55078125,54940.75,54951.3515625,0.0,36.19946540834111,-39.27208085858001,-41.395478294607216,54983.15953557873,55043.30403824167,28.152469019021577,54954.05078125,9.006914779799773e-05,1
2025-08-08 09:57:00+00:00,54954.05078125,54960.3984375,54943.3984375,54952.8515625,0.0,37.81475625874633,-36.834196623953176,-40.48322196047641,54980.38727326171,55039.80391051651,27.35586408909146,54966.69921875,0.00023016387909871009,1
2025-08-08 09:58:00+00:00,54966.69921875,54973.6015625,54945.8984375,54957.1484375,0.0,41.865591558229376,-33.49541827347275,-39.08566122307569,54979.0836490225,55036.937059859,27.380668439870643,54920.1484375,-0.00084689060670612,1
