Price,Close,High,Low,Open,Volume,rsi,macd,macd_signal,ema_20,ema_50,atr,future_close,return_pct,target
2025-07-31 04:34:00+00:00,24661.900390625,24663.75,24654.05078125,24656.5,0.0,34.14172082904092,-9.916134575618344,-5.140039844675834,24684.933683394534,24693.144480177987,11.367852989626591,24666.44921875,0.00018444759134333364,1
2025-07-31 04:35:00+00:00,24666.44921875,24668.099609375,24659.5,24660.94921875,0.0,37.55710158879336,-10.101151041384584,-6.132262084017585,24683.173258190294,24692.09760718081,11.170121302867551,24666.69921875,1.0135224481761425e-05,1
2025-07-31 04:36:00+00:00,24666.69921875,24668.30078125,24663.599609375,24666.650390625,0.0,37.74817751948628,-10.111051109532127,-6.928019889120494,24681.60430205313,24691.10159194823,10.708053486591298,24682.599609375,0.0006446095800654824,1
2025-07-31 04:37:00+00:00,24682.599609375,24682.599609375,24667.44921875,24667.44921875,0.0,48.53487359715376,-8.735174690165877,-7.289450849329571,24681.69909322664,24690.76818086693,11.078934710763347,24679.44921875,-0.00012763609485458782,1
2025-07-31 04:38:00+00:00,24679.44921875,24687.0,24679.44921875,24682.75,0.0,46.80440240955686,-7.808975896474294,-7.3933558587585155,24681.48481946696,24690.3242999996,10.826923749280253,24678.150390625,-5.262792185869474e-05,1
2025-07-31 04:39:00+00:00,24678.150390625,24682.900390625,24677.69921875,24679.099609375,0.0,46.075032104979336,-7.097940613421088,-7.33427280969103,24681.167254815347,24689.84689178883,10.425084329688806,24672.5,-0.0002289632948807432,1
2025-07-31 04:40:00+00:00,24672.5,24678.75,24667.349609375,24678.099609375,0.0,42.94004781817267,-6.910716887512535,-7.249561625255332,24680.341801975792,24689.166621522603,10.494749065068175,24678.650390625,0.0002492812088357483,1
2025-07-31 04:41:00+00:00,24678.650390625,24683.44921875,24673.150390625,24673.150390625,0.0,47.15490906129709,-6.194647572199756,-7.038578814644216,24680.18071518048,24688.754220310933,10.52721118542045,24672.400390625,-0.00025325534018563143,1
2025-07-31 04:42:00+00:00,24672.400390625,24679.349609375,24671.849609375,24679.349609375,0.0,43.628113287390576,-6.061605828610482,-6.84318421743747,24679.43973188948,24688.112893656584,10.310981815033276,24665.599609375,-0.00027564327517091346,1
2025-07-31 04:43:00+00:00,24665.599609375,24673.599609375,24665.30078125,24672.44921875,0.0,40.112533456504586,-6.43080517960334,-6.760708409870644,24678.12162498334,24687.230019763192,10.16725655145947,24673.599609375,0.0003243383549029689,1
2025-07-31 04:44:00+00:00,24673.599609375,24674.0,24665.94921875,24665.94921875,0.0,45.65966781966422,-6.008601763092884,-6.610287080515093,24677.690956830167,24686.695493865616,10.04105184242665,24674.849609375,5.066143650661531e-05,1
2025-07-31 04:45:00+00:00,24674.849609375,24674.849609375,24667.150390625,24673.19921875,0.0,46.49362354477076,-5.509626416675019,-6.390154947747079,24677.420352310623,24686.23094937579,9.87377805011046,24679.099609375,0.00017224015818865412,1
2025-07-31 04:46:00+00:00,24679.099609375,24682.94921875,24675.150390625,24675.150390625,0.0,49.34035467680816,-4.716872211742157,-6.055498400546095,24677.58028155485,24685.9512889836,9.747051716174,24674.0,-0.00020663676777992257,1
2025-07-31 04:47:00+00:00,24674.0,24679.05078125,24671.44921875,24678.55078125,0.0,46.1664077716877,-4.448821406320349,-5.734163001700946,24677.239302359158,24685.482610984243,9.597290209661567,24674.5,2.0264245764772636e-05,1
2025-07-31 04:48:00+00:00,24674.5,24680.0,24673.30078125,24673.849609375,0.0,46.52959339934807,-4.148225232198456,-5.416975447800448,24676.97841642019,24685.05192035741,9.390285105400029,24675.30078125,3.2453798455895764e-05,1
2025-07-31 04:49:00+00:00,24675.30078125,24677.05078125,24672.80078125,24674.5,0.0,47.14461883481828,-3.801562201391789,-5.093892798518716,24676.81864164208,24684.66952274536,9.02312188358574,24671.150390625,-0.0001682002039932074,1
2025-07-31 04:50:00+00:00,24671.150390625,24676.19921875,24667.349609375,24676.19921875,0.0,44.30049851601923,-3.8177227575833967,-4.838658790331653,24676.27880821188,24684.13936070142,9.010728132972472,24668.05078125,-0.00012563700216337894,1
2025-07-31 04:51:00+00:00,24668.05078125,24672.099609375,24666.69921875,24670.599609375,0.0,42.250514324404335,-4.034139636278269,-4.677754959520977,24675.49518659646,24683.50843601705,8.75284688240301,24683.099609375,0.0006100533949134928,1
2025-07-31 04:52:00+00:00,24683.099609375,24683.900390625,24668.0,24668.44921875,0.0,53.50088820701874,-2.957247600934352,-4.333653487803652,24676.21941733728,24683.49240359972,9.263385721159937,24680.30078125,-0.00011339046429715676,1
2025-07-31 04:53:00+00:00,24680.30078125,24683.650390625,24678.099609375,24683.30078125,0.0,51.4917281602623,-2.303096282925253,-3.927542046827973,24676.608118662298,24683.367241938944,8.998199687505656,24686.25,0.0002410513065756359,1
2025-07-31 04:54:00+00:00,24686.25,24686.900390625,24680.19921875,24680.94921875,0.0,55.3316455961299,-1.2897569023407414,-3.3999850179305264,24677.52639307541,24683.480291274675,8.83412627232668,24686.75,2.0254190085573952e-05,1
2025-07-31 04:55:00+00:00,24686.75,24687.44921875,24683.19921875,24686.400390625,0.0,55.64940635996516,-0.4412459129707713,-2.808237196938576,24678.404831830136,24683.608515146258,8.506688681446203,24684.150390625,-0.00010530383201514983,1
2025-07-31 04:56:00+00:00,24684.150390625,24689.75,24680.19921875,24687.30078125,0.0,53.51773233035304,0.02119409622901,-2.242350938305059,24678.95202790584,24683.629765165035,8.581266722057189,24690.349609375,0.00025114166993385576,1
2025-07-31 04:57:00+00:00,24690.349609375,24691.75,24683.30078125,24683.650390625,0.0,57.68078069148859,0.8777876892345375,-1.6183232127971396,24680.03751185528,24683.89328846739,8.571834724053103,24687.30078125,-0.00012348258219245105,1
2025-07-31 04:58:00+00:00,24687.30078125,24692.80078125,24683.69921875,24690.55078125,0.0,55.06856765042585,1.2956933867280895,-1.035519892892094,24680.729251797635,24684.02691563533,8.609672422335024,24678.400390625,-0.0003605250611990698,1
2025-07-31 04:59:00+00:00,24678.400390625,24688.25,24671.80078125,24687.30078125,0.0,48.20527057949108,0.8983439729527163,-0.6487471197231318,24680.50745549548,24683.806267595715,9.169640017168236,24685.19921875,0.00027549711559031134,1
2025-07-31 05:00:00+00:00,24685.19921875,24685.69921875,24672.150390625,24677.30078125,0.0,53.021808549807,1.119149451067642,-0.2951678055649771,24680.95429009115,24683.860893131176,9.482439167727648,24674.75,-0.00042329894352495826,1
2025-07-31 05:01:00+00:00,24674.75,24685.30078125,24673.30078125,24685.30078125,0.0,45.949451283524375,0.4458354444541328,-0.1469671555611551,24680.363405320564,24683.503603204463,9.662264941461387,24674.75,0.0,1
2025-07-31 05:02:00+00:00,24674.75,24675.5,24671.44921875,24675.349609375,0.0,45.94945128352438,-0.0867705202108481,-0.1349278284910937,24679.828795290035,24683.160324647422,9.261444677785574,24671.80078125,-0.0001195237540400612,1
2025-07-31 05:03:00+00:00,24671.80078125,24677.30078125,24671.80078125,24674.19921875,0.0,44.02714447191784,-0.7383308712087455,-0.2556084370346241,24679.06422252432,24682.71485235733,8.992770057943748,24671.150390625,-2.6361700581429868e-05,1
2025-07-31 05:04:00+00:00,24671.150390625,24674.80078125,24669.0,24674.099609375,0.0,43.59401156516266,-1.2922816134923778,-0.4629430723261749,24678.31052424819,24682.261344054103,8.764770857376337,24672.5,5.470394990226518e-05,1
2025-07-31 05:05:00+00:00,24672.5,24675.849609375,24668.5,24671.099609375,0.0,44.8074004385858,-1.6039006025894196,-0.6911345783788239,24677.757140986458,24681.87854624806,8.663687894349456,24671.099609375,-5.675917012868579e-05,1
2025-07-31 05:06:00+00:00,24671.099609375,24675.69921875,24668.900390625,24672.349609375,0.0,43.75559791457193,-1.941480537327152,-0.9412037701684896,24677.1230903568,24681.45584284127,8.53048362511021,24677.400390625,0.00025539118035929406,1
2025-07-31 05:07:00+00:00,24677.400390625,24677.400390625,24662.599609375,24671.5,0.0,49.49953563716908,-1.6812146823504008,-1.089205952604872,24677.149499906147,24681.29680549946,8.978362026888052,24672.599609375,-0.00019454161192050958,1
2025-07-31 05:08:00+00:00,24672.599609375,24680.94921875,24671.400390625,24677.0,0.0,45.672297578083786,-1.84111185087022,-1.2395871322579417,24676.716176998416,24680.955738984776,9.01910960532462,24680.75,0.00033034178619358154,1
2025-07-31 05:09:00+00:00,24680.75,24681.19921875,24671.099609375,24672.44921875,0.0,52.40102780487649,-1.295232467509777,-1.250716199308309,24677.100350617613,24680.947670789297,9.096288160301432,24679.75,-4.051740729110744e-05,1
2025-07-31 05:10:00+00:00,24679.75,24684.55078125,24679.099609375,24680.849609375,0.0,51.55728883325443,-0.9325607857572322,-1.1870851165980936,24677.35269817784,24680.900703307365,8.83592271135133,24681.650390625,7.700202088756977e-05,1
2025-07-31 05:11:00+00:00,24681.650390625,24683.0,24677.849609375,24679.650390625,0.0,53.102698830385066,-0.4861907198755943,-1.0469062372535938,24677.76200222043,24680.930102810016,8.572670419469093,24679.900390625,-7.090287611661149e-05,1
2025-07-31 05:12:00+00:00,24679.900390625,24683.55078125,24676.94921875,24681.599609375,0.0,51.47420987314763,-0.2705310874043789,-0.8916312072837508,24677.96565825896,24680.889721940017,8.431876996649873,24681.650390625,7.090790369092258e-05,1
2025-07-31 05:13:00+00:00,24681.650390625,24684.05078125,24677.599609375,24680.44921875,0.0,53.02557622977945,0.0411171270643535,-0.70508154041413,24678.31658515096,24680.919552084524,8.290398059389167,24693.099609375,0.0004638757363789917,1
2025-07-31 05:14:00+00:00,24693.099609375,24693.099609375,24679.349609375,24681.75,0.0,61.66134676646404,1.1981453762709862,-0.3244361570771067,24679.72449221992,24681.397201390035,8.680369626575656,24704.400390625,0.0004576493607027583,1
2025-07-31 05:15:00+00:00,24704.400390625,24713.099609375,24693.05078125,24693.5,0.0,67.92857110755662,2.992481735320325,0.3389474214023796,24682.074577782307,24682.299287242386,9.492402376463108,24705.650390625,5.0598273191619696e-05,1
2025-07-31 05:16:00+00:00,24705.650390625,24707.25,24701.0,24703.25,0.0,68.54115751353876,4.463913563806273,1.1639406498831582,24684.319893291133,24683.21501678681,9.26080220671574,24709.75,0.00016593812792541052,1
2025-07-31 05:17:00+00:00,24709.75,24710.30078125,24703.650390625,24705.650390625,0.0,70.52933919185189,5.892908324709424,2.1097341848484112,24686.741808215786,24684.2556043638,9.074344236593188,24720.25,0.0004249334776758162,1
2025-07-31 05:18:00+00:00,24720.25,24722.94921875,24708.349609375,24709.44921875,0.0,74.90404249056198,7.78294230177562,3.244375808233853,24689.933064576187,24685.667149290708,9.469006032193676,24719.150390625,-4.4482130035092684e-05,1
2025-07-31 05:19:00+00:00,24719.150390625,24721.55078125,24714.349609375,24720.599609375,0.0,73.67068980399819,9.087325526805216,4.412965751948126,24692.715667057026,24686.98021757833,9.307017878108413,24723.5,0.0001759611194666964,1
2025-07-31 05:20:00+00:00,24723.5,24728.44921875,24719.0,24719.0,0.0,75.39643462795277,10.352696316767831,5.600911864912067,24695.647508289687,24688.41236590859,9.317175083243528,24718.599609375,-0.0001982078033045483,1
2025-07-31 05:21:00+00:00,24718.599609375,24723.25,24711.349609375,24723.25,0.0,69.84224839149277,10.835189890760375,6.647767470081728,24697.833422678763,24689.596179377862,9.519547621940417,24721.80078125,0.00012950458058254622,1
2025-07-31 05:22:00+00:00,24721.80078125,24724.25,24717.349609375,24718.849609375,0.0,71.32814436395915,11.34509811236785,7.587233598538953,24700.116028256976,24690.859104941475,9.332464979301816,24723.05078125,5.056265969702538e-05,1
2025-07-31 05:23:00+00:00,24723.05078125,24725.75,24720.400390625,24721.94921875,0.0,71.91014655917142,11.71502508813137,8.412791896457437,24702.300290446787,24692.12152362024,9.047975293280256,24725.349609375,9.298318987167372e-05,1
2025-07-31 05:24:00+00:00,24725.349609375,24727.44921875,24719.25,24720.55078125,0.0,72.99577619987859,12.054731656458898,9.141179848457728,24704.49546367805,24693.424585806704,8.987349825903095,24726.599609375,5.0555402441146596e-05,1
2025-07-31 05:25:00+00:00,24726.599609375,24728.69921875,24722.44921875,24724.94921875,0.0,73.5934067492559,12.283222766614928,9.769588432089169,24706.60062041109,24694.72556712311,8.791824838338588,24723.650390625,-0.00011927312273386003,1
2025-07-31 05:26:00+00:00,24723.650390625,24725.75,24721.150390625,24724.599609375,0.0,69.67542529599973,12.086994958142895,10.233069737299914,24708.224408050508,24695.859873927107,8.553067260600118,24720.05078125,-0.00014559376621685856,1
2025-07-31 05:27:00+00:00,24720.05078125,24724.05078125,24711.30078125,24723.650390625,0.0,65.11860768741435,11.508363363660465,10.488128462572025,24709.3507293076,24696.80853695938,8.852848170557253,24699.5,-0.0008313405757882842,1
2025-07-31 05:28:00+00:00,24699.5,24720.25,24695.0,24720.25,0.0,46.44345432636935,9.284491520538722,10.247401074165364,24708.41256461164,24696.9140845296,10.024073301231736,24713.400390625,0.0005627802435271969,1
2025-07-31 05:29:00+00:00,24713.400390625,24715.55078125,24698.099609375,24698.349609375,0.0,55.69818776673845,8.545198684521893,9.90696059623667,24708.88759566053,24697.560606337265,10.554580342215184,24724.44921875,0.00044707842507951115,1
2025-07-31 05:30:00+00:00,24724.44921875,24725.80078125,24713.19921875,24713.19921875,0.0,61.40686297048438,8.749987467592291,9.675565970507796,24710.369655002385,24698.615061726,10.700793353485528,24745.099609375,0.0008352214620554458,1
2025-07-31 05:31:00+00:00,24745.099609375,24749.0,24723.69921875,24724.5,0.0,69.35507061146001,10.458044171220536,9.832061610650344,24713.677269704534,24700.43798516321,11.743649631807989,24754.19921875,0.00036773379451471256,1
2025-07-31 05:32:00+00:00,24754.19921875,24756.599609375,24745.400390625,24745.400390625,0.0,72.0834229323664,12.402980009723253,10.346245290464926,24717.536502946965,24702.54626883329,11.726246086678843,24756.80078125,0.00010509580524137714,1
2025-07-31 05:33:00+00:00,24756.80078125,24764.75,24754.69921875,24754.69921875,0.0,72.82825030620681,13.992977689347754,11.075591770241491,24721.27595802344,24704.6738967712,11.642284312630355,24758.849609375,8.275819412626676e-05,1
2025-07-31 05:34:00+00:00,24758.849609375,24762.400390625,24753.75,24757.900390625,0.0,73.42949223986002,15.242677514528625,11.909008919098918,24724.854401009303,24706.79843452037,11.42857762065676,24770.650390625,0.0004766288190357441,1
2025-07-31 05:35:00+00:00,24770.650390625,24770.650390625,24758.0,24760.349609375,0.0,76.63623681911284,16.98945420076052,12.92509797543124,24729.215923829845,24709.302432798984,11.515849978109848,24773.349609375,0.00010896842462487699,1
2025-07-31 05:36:00+00:00,24773.349609375,24776.19921875,24765.25,24770.30078125,0.0,77.31075938239073,18.379721713328763,14.016022723010744,24733.419131977003,24711.81408678236,11.475376318959144,24771.099609375,-9.082340642173518e-05,1
2025-07-31 05:37:00+00:00,24771.099609375,24773.30078125,24763.80078125,24771.5,0.0,75.35772195080693,19.080019944391097,15.028822167286815,24737.007748872053,24714.13900923697,11.337765733676347,24769.05078125,-8.271042292464844e-05,1
2025-07-31 05:38:00+00:00,24769.05078125,24773.5,24766.5,24770.650390625,0.0,73.53601542494316,19.24781124428773,15.872619982687,24740.059466241382,24716.29241206101,11.027925324128038,24758.80078125,-0.0004138228828598946,1
2025-07-31 05:39:00+00:00,24758.80078125,24770.25,24757.400390625,24768.55078125,0.0,65.06214098380045,18.342259570483293,16.36654790024626,24741.84435338506,24717.959406931168,11.158045613476036,24748.80078125,-0.00040389678354587613,1
2025-07-31 05:40:00+00:00,24748.80078125,24758.5,24746.0,24758.5,0.0,58.03566286605881,16.62603236655559,16.41844479350813,24742.50687032457,24719.16887259073,11.275383873227748,24749.69921875,3.630226401437065e-05,1
2025-07-31 05:41:00+00:00,24749.69921875,24752.80078125,24748.80078125,24750.099609375,0.0,58.46962096358625,15.163609686940616,16.16747777219463,24743.1918558889,24720.366141067563,10.755713596568624,24744.5,-0.0002100719974027462,1
2025-07-31 05:42:00+00:00,24744.5,24750.599609375,24742.75,24749.0,0.0,54.929577527660165,13.430279770574998,15.620038171870704,24743.31644104234,24721.31256690805,10.548134723599436,24744.80078125,1.2155478995332296e-05,1
2025-07-31 05:43:00+00:00,24744.80078125,24745.94921875,24740.69921875,24744.349609375,0.0,55.09894585653958,11.943200080888346,14.884670553674235,24743.457806776405,24722.233673352832,10.16969652905662,24747.150390625,9.495365898360278e-05,1
2025-07-31 05:44:00+00:00,24747.150390625,24749.400390625,24743.150390625,24744.69921875,0.0,56.47491836739524,10.82943753818472,14.073623950576332,24743.80948142865,24723.21079952037,9.889718205552574,24744.75,-9.69966475780316e-05,1
2025-07-31 05:45:00+00:00,24744.75,24749.349609375,24742.05078125,24746.94921875,0.0,54.632963771670845,9.641935011415626,13.187286162744192,24743.899054625923,24724.055474048982,9.704654628370248,24747.55078125,0.00011318688812778468,1
2025-07-31 05:46:00+00:00,24747.55078125,24749.80078125,24743.30078125,24744.099609375,0.0,56.419048150033525,8.8251000829041,12.314848946776172,24744.24683811393,24724.976858645103,9.475750726343804,24752.150390625,0.00018586119554444544,1
2025-07-31 05:47:00+00:00,24752.150390625,24752.25,24746.900390625,24747.5,0.0,59.255998202049085,8.451479162187752,11.54217498985849,24744.999557400697,24726.0424873502,9.18102634410496,24748.150390625,-0.00016160212090158519,1
2025-07-31 05:48:00+00:00,24748.150390625,24752.150390625,24746.400390625,24751.900390625,0.0,55.85105343576908,7.743354746671683,10.782410941221128,24745.299636755397,24726.90946394921,8.93595303381175,24757.150390625,0.00036366354082805906,1
2025-07-31 05:49:00+00:00,24757.150390625,24757.650390625,24747.099609375,24748.25,0.0,61.24681070047045,7.818261774435086,10.18958110786392,24746.42827998107,24728.09538264238,9.051297906396623,24768.69921875,0.00046648454861643904,1
2025-07-31 05:50:00+00:00,24768.69921875,24769.400390625,24756.44921875,24757.5,0.0,66.84625295569158,8.709126654881402,9.893490217267416,24748.549321768587,24729.68768994072,9.329860332725437,24770.05078125,5.456735890986403e-05,1
2025-07-31 05:51:00+00:00,24770.05078125,24771.30078125,24766.349609375,24769.400390625,0.0,67.4391991653276,9.41566536002574,9.797925245819082,24750.597079814437,24731.27055626657,9.017096871459334,24782.25,0.0004924987380015527,1
2025-07-31 05:52:00+00:00,24782.25,24783.44921875,24769.400390625,24770.599609375,0.0,72.26142355789617,10.835077347132028,10.005355666081671,24753.61164364163,24733.26975013848,9.37650624671224,24775.849609375,-0.0002582651141441959,1
2025-07-31 05:53:00+00:00,24775.849609375,24782.94921875,24774.69921875,24782.69921875,0.0,66.68163523060602,11.313103129370576,10.266905158739451,24755.72954514005,24734.939548539907,9.29604151480422,24787.69921875,0.0004782725743748539,1
2025-07-31 05:54:00+00:00,24787.69921875,24787.69921875,24775.44921875,24776.150390625,0.0,71.12680446594582,12.50396848577293,10.71431782414615,24758.774275960044,24737.008555214816,9.507038549461065,24787.849609375,6.0671474053647136e-06,1
2025-07-31 05:55:00+00:00,24787.849609375,24805.25,24786.44921875,24787.849609375,0.0,71.17935893727982,13.3064842594722,11.23275111121136,24761.54335533289,24739.002322044627,10.170877313785272,24783.69921875,-0.00016743649370174824,1
2025-07-31 05:56:00+00:00,24783.69921875,24787.650390625,24781.900390625,24787.650390625,0.0,67.52642777700939,13.45250979573757,11.676702848116603,24763.65343756309,24740.75514152327,9.869330273514896,24788.849609375,0.00020781363506475637,1
2025-07-31 05:57:00+00:00,24788.849609375,24792.849609375,24780.25,24783.150390625,0.0,69.6106530684877,13.824469684026552,12.106256215298597,24766.053072973755,24742.641199086083,10.06435020933526,24786.25,-0.00010487010958414314,1
2025-07-31 05:58:00+00:00,24786.25,24789.94921875,24784.099609375,24787.75,0.0,67.2639947396595,13.750971188423136,12.435199209923503,24767.9765898334,24744.35134814153,9.763297292597027,24781.94921875,-0.00017351480155328056,1
2025-07-31 05:59:00+00:00,24781.94921875,24788.400390625,24779.5,24785.69921875,0.0,63.45290143874982,13.193598407669924,12.58687904947279,24769.30731639688,24745.8257744399,9.701661102054382,24787.650390625,0.00023005340801386594,1
2025-07-31 06:00:00+00:00,24787.650390625,24788.349609375,24780.30078125,24782.19921875,0.0,66.18780346722659,13.061350271378616,12.681773293853954,24771.05427584718,24747.465955466767,9.583601603693356,24792.19921875,0.0001835118719731671,1
2025-07-31 06:01:00+00:00,24792.19921875,24792.349609375,24782.55078125,24787.44921875,0.0,68.23056838530408,13.171759242701228,12.779770483623407,24773.06807993316,24749.22020108572,9.59897492664383,24795.5,0.00013313789635506254,1
2025-07-31 06:02:00+00:00,24795.5,24800.150390625,24790.69921875,24792.0,0.0,69.662828797121,13.3714666647611,12.898109719850948,24775.20445327286,24751.03509516079,9.588417565812128,24804.19921875,0.0003508386098283963,1
2025-07-31 06:03:00+00:00,24804.19921875,24808.75,24794.5,24794.80078125,0.0,73.10429611205726,14.069505979314272,13.132388971743614,24777.96585950878,24753.119962752524,9.92138773968269,24807.400390625,0.00012905765861532707,1
2025-07-31 06:04:00+00:00,24807.400390625,24812.599609375,24802.44921875,24803.0,0.0,74.26138612665912,14.711430765881232,13.44819733057114,24780.769148186515,24755.24860698282,9.937745088633926,24798.69921875,-0.0003507490401246667,1
2025-07-31 06:05:00+00:00,24798.69921875,24814.099609375,24797.650390625,24807.55078125,0.0,65.95545390702662,14.352601081387547,13.62907808073442,24782.476773954462,24756.95255254232,10.402850350160076,24797.099609375,-6.450376130174418e-05,1
2025-07-31 06:06:00+00:00,24797.099609375,24798.55078125,24792.30078125,24798.55078125,0.0,64.52660912963671,13.780300141039334,13.659322492795404,24783.869424946897,24758.526946927912,10.116820860862928,24795.75,-5.4426098062281254e-05,1
2025-07-31 06:07:00+00:00,24795.75,24801.5,24795.650390625,24797.599609375,0.0,63.28098672931838,13.06721460924382,13.540900916085088,24785.00090828529,24759.986674499367,9.812020040444148,24790.55078125,-0.00020968185072038555,1
2025-07-31 06:08:00+00:00,24790.55078125,24798.349609375,24790.55078125,24794.94921875,0.0,58.58878430172695,11.9448627440579,13.22169328167965,24785.52946761526,24761.18526692096,9.668220617912423,24799.05078125,0.00034287257572465315,1
2025-07-31 06:09:00+00:00,24799.05078125,24799.05078125,24788.650390625,24791.5,0.0,63.37065831618477,11.60746612325238,12.898847849994198,24786.817211770947,24762.67018905151,9.720518475561535,24799.75,2.8195383612370497e-05,1
2025-07-31 06:10:00+00:00,24799.75,24800.94921875,24795.0,24798.55078125,0.0,63.74156784770672,11.266623359108053,12.57240295181697,24788.048905888,24764.124299284784,9.451139923735711,24799.30078125,-1.8113841873405984e-05,1
2025-07-31 06:11:00+00:00,24799.30078125,24800.94921875,24796.849609375,24799.599609375,0.0,63.29810313413925,10.83535162527187,12.224992686507951,24789.12051306533,24765.50376916577,9.06888774168316,24810.55078125,0.0004536418223737092,1
2025-07-31 06:12:00+00:00,24810.55078125,24811.150390625,24799.30078125,24799.44921875,0.0,69.09667301199464,11.271416772549856,12.034277503716332,24791.16149098768,24767.270318659277,9.267510715491508,24817.599609375,0.00028410607193480724,1
2025-07-31 06:13:00+00:00,24817.599609375,24819.80078125,24809.349609375,24810.30078125,0.0,72.0737749177448,12.04691374095637,12.03680475116434,24793.67940702457,24769.2440163344,9.352057941170688,24813.900390625,-0.00014905626685195604,1
2025-07-31 06:14:00+00:00,24813.900390625,24818.80078125,24812.44921875,24817.30078125,0.0,68.35226524993733,12.222115696367837,12.07386694020504,24795.605214986517,24770.995246698734,9.137736838229925,24796.349609375,-0.0007072963530002282,1
2025-07-31 06:15:00+00:00,24796.349609375,24815.150390625,24793.25,24814.900390625,0.0,54.08372353008214,10.820036493951193,11.82310085095427,24795.67610969018,24771.98953543114,10.049354965856358,24813.05078125,0.0006735334893280269,1
2025-07-31 06:16:00+00:00,24813.05078125,24821.80078125,24793.0,24793.0,0.0,62.17536449822551,10.93052334825552,11.644585350414522,24797.330840314924,24773.599780365214,11.388742557580905,24817.80078125,0.00019143151891622053,1
2025-07-31 06:17:00+00:00,24817.80078125,24817.80078125,24810.599609375,24813.30078125,0.0,64.11243438387382,11.271440133270517,11.569956306985722,24799.280358499214,24775.33315294893,11.08963036596798,24818.94921875,4.627474892407274e-05,1
2025-07-31 06:18:00+00:00,24818.94921875,24820.25,24816.099609375,24817.44921875,0.0,64.58467164289695,11.501703966165223,11.556305838821622,24801.15358328501,24777.043586901917,10.593970384470268,24809.5,-0.00038072597944079713,1
2025-07-31 06:19:00+00:00,24809.5,24821.099609375,24806.75,24819.94921875,0.0,57.84059881185308,10.797252721669793,11.404495215391258,24801.948480115007,24778.316387415565,10.862230312365249,24810.25,3.0230355307442712e-05,1
2025-07-31 06:20:00+00:00,24810.25,24811.44921875,24806.30078125,24808.75,0.0,58.21357240420553,10.182115675735986,11.160019307460203,24802.73910105643,24779.56868594829,10.454102254339158,24811.69921875,5.8412097822472564e-05,1
2025-07-31 06:21:00+00:00,24811.69921875,24814.599609375,24809.05078125,24810.099609375,0.0,58.96893214481157,9.699742384182173,10.867963922804597,24803.592445598675,24780.828706842472,10.103725530814932,24801.94921875,-0.00039295978538350185,1
2025-07-31 06:22:00+00:00,24801.94921875,24811.5,24801.150390625,24811.5,0.0,52.14010880459414,8.433498439131654,10.381070826070008,24803.43594780356,24781.6569622114,10.13551857325672,24802.349609375,1.6143514425765743e-05,1
2025-07-31 06:23:00+00:00,24802.349609375,24809.349609375,24797.650390625,24802.69921875,0.0,52.38396836148697,7.377258720764075,9.780308405008824,24803.332487000844,24782.468438570755,10.2472114430241,24804.349609375,8.063752150497964e-05,1
2025-07-31 06:24:00+00:00,24804.349609375,24804.900390625,24796.94921875,24803.30078125,0.0,53.65427490034063,6.625193314968783,9.149285387000814,24803.429355798384,24783.326523700336,10.083208616736664,24803.80078125,-2.2126285657277063e-05,1
2025-07-31 06:25:00+00:00,24803.80078125,24808.69921875,24802.05078125,24804.349609375,0.0,53.23457374653764,5.916686342454341,8.50276557809152,24803.46472965092,24784.129435761108,9.837867822684046,24804.599609375,3.2205875706107916e-05,1
2025-07-31 06:26:00+00:00,24804.599609375,24806.80078125,24799.44921875,24802.69921875,0.0,53.80103440940198,5.35788584299371,7.873789631071958,24803.57281343417,24784.93218766753,9.660274585349471,24804.599609375,0.0,1
2025-07-31 06:27:00+00:00,24804.599609375,24806.849609375,24802.80078125,24804.599609375,0.0,53.80103440940198,4.859020655741915,7.27083583600595,24803.67060352377,24785.703459107044,9.259456981038795,24797.849609375,-0.00027212694848131354,1
2025-07-31 06:28:00+00:00,24797.849609375,24805.69921875,24795.69921875,24804.55078125,0.0,48.09229576274088,3.8743368690848,6.59153604262172,24803.116223128647,24786.1797787254,9.312352910964597,24798.650390625,3.229236658074009e-05,1
2025-07-31 06:29:00+00:00,24798.650390625,24799.900390625,24795.80078125,24797.5,0.0,48.78656551270606,3.1225889665001887,5.897746627397415,24802.69090574735,24786.668822329302,8.940014086967123,24791.30078125,-0.00029637134518330406,1
2025-07-31 06:30:00+00:00,24791.30078125,24799.94921875,24790.25,24798.55078125,0.0,43.09005949736074,1.9117340047414475,5.100544102866221,24801.606131985696,24786.85046777717,8.994242991469472,24786.900390625,-0.00017749736747690447,1
2025-07-31 06:31:00+00:00,24786.900390625,24793.349609375,24785.349609375,24791.099609375,0.0,40.07307782901955,0.5902440104364359,4.198484084380264,24800.20558518944,24786.852425535915,8.923225634935937,24781.5,-0.00021787276907937053,1
2025-07-31 06:32:00+00:00,24781.5,24788.75,24781.44921875,24786.900390625,0.0,36.67892921954197,-0.8826382174192986,3.182259624020352,24798.424100885684,24786.64252649529,8.807336750297656,24776.349609375,-0.00020783207735609223,1
2025-07-31 06:33:00+00:00,24776.349609375,24782.19921875,24771.25,24781.650390625,0.0,33.74352272419634,-2.437404591462837,2.0583267809237142,24796.321768360856,24786.23888268665,8.960328321704967,24777.849609375,6.0541606154621846e-05,1
2025-07-31 06:34:00+00:00,24777.849609375,24780.900390625,24774.44921875,24776.150390625,0.0,35.36588989470606,-3.5080915843318508,0.9450431078726012,24794.56251512411,24785.909891576397,8.78110286122604,24775.5,-9.482700928618909e-05,1
2025-07-31 06:35:00+00:00,24775.5,24777.80078125,24772.5,24777.80078125,0.0,33.96302370994654,-4.494403889748355,-0.14284629165159,24792.74703749324,24785.501660534184,8.535996183638465,24773.349609375,-8.679504449960647e-05,1
2025-07-31 06:36:00+00:00,24773.349609375,24776.900390625,24772.5,24774.75,0.0,32.68514836194866,-5.387478550517699,-1.1917727434248118,24790.899663386743,24785.025109508333,8.240595786592861,24762.55078125,-0.00043590504696681753,1
2025-07-31 06:37:00+00:00,24762.55078125,24772.650390625,24762.55078125,24772.650390625,0.0,27.15881673600036,-6.887230131738761,-2.3308642210876016,24788.19976984991,24784.143763302127,8.423326667907656,24761.25,-5.2530180008149276e-05,1
2025-07-31 06:38:00+00:00,24761.25,24764.94921875,24755.599609375,24762.19921875,0.0,26.575925924597414,-8.0875282494344,-3.4821970267569613,24785.6331251023,24783.245968662828,8.489489718414251,24760.55078125,-2.8238426977636427e-05,1
2025-07-31 06:39:00+00:00,24760.55078125,24762.849609375,24758.599609375,24761.349609375,0.0,26.24979219631608,-8.991545327407948,-4.584066686887159,24783.244330449703,24782.355961313307,8.186669024241805,24775.099609375,0.000587580957044669,1
2025-07-31 06:40:00+00:00,24775.099609375,24776.099609375,24759.599609375,24759.80078125,0.0,42.15595998962796,-8.43676278505518,-5.354605906520764,24782.4686427283,24782.0713984922,8.780478379653106,24788.900390625,0.0005570424122443377,1
2025-07-31 06:41:00+00:00,24788.900390625,24789.150390625,24773.349609375,24774.30078125,0.0,52.59945746063946,-6.805041630384949,-5.644693051293601,24783.081190147037,24782.33920210525,9.281928584677884,24800.75,0.0004780207749546424,1
2025-07-31 06:42:00+00:00,24800.75,24804.80078125,24788.599609375,24788.75,0.0,59.38064046226143,-4.503809304012975,-5.416516301837476,24784.763933942555,24783.061194179558,9.77616024827232,24812.30078125,0.00046574322349122505,1
2025-07-31 06:43:00+00:00,24812.30078125,24813.69921875,24800.650390625,24801.599609375,0.0,64.68436734141036,-1.728094198693725,-4.678831881208726,24787.386490828976,24784.207844652905,10.009922239467157,24819.349609375,0.00028408603406607956,1
2025-07-31 06:44:00+00:00,24819.349609375,24819.349609375,24812.150390625,24812.19921875,0.0,67.47531341783258,1.028604428822291,-3.537344619202523,24790.430597357168,24785.58595307338,9.809157704505214,24833.0,0.000549989860324295,1
2025-07-31 06:45:00+00:00,24833.0,24836.900390625,24819.25,24819.69921875,0.0,72.07738513947628,4.265609107886121,-1.9767538737847945,24794.48482618029,24787.44532746266,10.36924577025484,24823.150390625,-0.0003966338893810655,1
2025-07-31 06:46:00+00:00,24823.150390625,24837.0,24822.44921875,24834.099609375,0.0,64.93745240789511,5.967389130142692,-0.3879252729992972,24797.21487993693,24788.84552601805,10.667926875950924,24821.80078125,-5.43689803172489e-05,1
2025-07-31 06:47:00+00:00,24821.80078125,24823.55078125,24819.900390625,24823.19921875,0.0,64.00191357527359,7.125026985126169,1.114665178625796,24799.5563943477,24790.13788896832,10.166674286597289,24836.80078125,0.0006043074848675269,1
2025-07-31 06:48:00+00:00,24836.80078125,24837.05078125,24821.349609375,24822.0,0.0,69.29639884467005,9.14739251840001,2.721210646580639,24803.103478814584,24791.967806312703,10.561995542911763,24840.25,0.0001388753237737411,1
2025-07-31 06:49:00+00:00,24840.25,24842.30078125,24832.0,24838.80078125,0.0,70.3753738159156,10.902774502948889,4.3575234178542885,24806.641242737005,24793.86122567299,10.543337379132351,24841.849609375,6.43958645746319e-05,1
2025-07-31 06:50:00+00:00,24841.849609375,24842.900390625,24836.30078125,24841.5,0.0,70.88634530385816,12.281429802776984,5.942304694838828,24809.99442051205,24795.74312307307,10.261642521694329,24837.900390625,-0.0001589744246945934,1
2025-07-31 06:51:00+00:00,24837.900390625,24843.0,24835.75,24842.400390625,0.0,67.77810119540537,12.90657613680014,7.335158983231091,24812.65213195138,24797.396349251576,10.046525198716164,24844.25,0.00025564195343164524,1
2025-07-31 06:52:00+00:00,24844.25,24847.349609375,24836.150390625,24838.650390625,0.0,70.05185267994105,13.755801207480545,8.619287428080982,24815.66145271792,24799.23374732014,10.128860452379294,24843.44921875,-3.2232055707054955e-05,1
2025-07-31 06:53:00+00:00,24843.44921875,24847.69921875,24841.599609375,24845.650390625,0.0,69.38685422650693,14.200507231998929,9.735531388864572,24818.307906625738,24800.96768737621,9.84105680399506,24846.55078125,0.00012484427877507322,1
2025-07-31 06:54:00+00:00,24846.55078125,24849.75,24840.150390625,24845.150390625,0.0,70.5528464535114,14.634512581898887,10.715327627471437,24820.997704209003,24802.75525968499,9.82381055906684,24841.55078125,-0.00020123517521688199,1
2025-07-31 06:55:00+00:00,24841.55078125,24848.55078125,24841.55078125,24847.80078125,0.0,66.17693528651571,14.40890979242613,11.454044060462376,24822.955140117672,24804.27665268754,9.62210980484778,24834.69921875,-0.000275810578829541,1
2025-07-31 06:56:00+00:00,24834.69921875,24842.55078125,24833.599609375,24842.55078125,0.0,60.62774432520981,13.521387979679275,11.867512844305756,24824.073623796943,24805.46969449391,9.574185667001512,24830.0,-0.0001892198777447696,1
2025-07-31 06:57:00+00:00,24830.0,24835.19921875,24829.0,24835.19921875,0.0,57.09170754568402,12.297079787585972,11.9534262329618,24824.638040578186,24806.43166725885,9.333116601501404,24827.55078125,-9.863949859041482e-05,1
2025-07-31 06:58:00+00:00,24827.55078125,24834.150390625,24826.30078125,24830.55078125,0.0,55.2819705069027,11.002347032670514,11.763210392903542,24824.91544445169,24807.259867807526,9.227151799608448,24826.44921875,-4.4368552891327095e-05,1
2025-07-31 06:59:00+00:00,24826.44921875,24829.400390625,24825.5,24828.05078125,0.0,54.44603086964211,9.77469846932945,11.365508008188725,24825.061518194387,24808.012391373897,8.846668858564987,24832.30078125,0.00023569872793490938,1
2025-07-31 07:00:00+00:00,24832.30078125,24836.650390625,24827.900390625,24827.900390625,0.0,58.072913306111005,9.168264284729958,10.926059263496972,24825.75097181873,24808.964877251397,8.94341907402463,24829.5,-0.00011278782722037467,1
2025-07-31 07:01:00+00:00,24829.5,24833.650390625,24828.5,24832.75,0.0,55.78359703052104,8.365231997249793,10.413893810247536,24826.10802212171,24809.770176182712,8.67248847052287,24830.900390625,5.640027487464508e-05,1
2025-07-31 07:02:00+00:00,24830.900390625,24832.900390625,24828.0,24830.44921875,0.0,56.70266583952934,7.752457440143189,9.881606536226666,24826.56443816964,24810.598812043198,8.403052910128379,24845.75,0.0005980294367660758,1
2025-07-31 07:03:00+00:00,24845.75,24847.650390625,24827.650390625,24831.849609375,0.0,65.00841407400279,8.368600544228684,9.57900533782707,24828.39163453444,24811.977290002284,9.231406273690636,24857.0,0.00045279373735950814,1
2025-07-31 07:04:00+00:00,24857.0,24860.30078125,24843.44921875,24848.650390625,0.0,69.74378854171793,9.653400975701516,9.59388446540196,24831.11624076925,24813.74288647278,9.775703146998447,24862.05078125,0.0002031935169167639,1
2025-07-31 07:05:00+00:00,24862.05078125,24863.150390625,24856.30078125,24857.849609375,0.0,71.60189576295744,10.952912057615322,9.865689983844632,24834.062387481703,24815.637313718944,9.566696448998558,24865.599609375,0.00014274076407551985,1
2025-07-31 07:06:00+00:00,24865.599609375,24865.94921875,24858.55078125,24861.80078125,0.0,72.86293941075556,12.12932541031114,10.318417069137933,24837.06593242392,24817.596619430948,9.411820809784375,24870.30078125,0.00018906328215900057,1
2025-07-31 07:07:00+00:00,24870.30078125,24872.69921875,24864.400390625,24865.30078125,0.0,74.4796533592216,13.28781311073908,10.912296277458164,24840.231156121645,24819.663449306205,9.332321332299776,24872.30078125,8.041720193057828e-05,1
2025-07-31 07:08:00+00:00,24872.30078125,24873.900390625,24867.150390625,24870.599609375,0.0,75.15771696718497,14.203576259384135,11.570552273843358,24843.28540613387,24821.72765840204,9.147869808564078,24867.44921875,-0.00019505885453336723,1
2025-07-31 07:09:00+00:00,24867.44921875,24873.25,24865.849609375,24873.19921875,0.0,70.27962881266178,14.372171162060113,12.130876051486707,24845.58672162112,24823.520660768627,9.02304986688093,24863.30078125,-0.00016682199543297297,1
2025-07-31 07:10:00+00:00,24863.30078125,24867.55078125,24857.150390625,24867.55078125,0.0,66.31609459553886,14.00954627199826,12.50661009558902,24847.273774919107,24825.080665493384,9.12143134960372,24865.849609375,0.00010251366652500665,1
2025-07-31 07:11:00+00:00,24865.849609375,24868.900390625,24862.349609375,24864.849609375,0.0,67.5278228722917,13.769110823690426,12.759110241209305,24849.042902010144,24826.679447606388,8.937813485346313,24857.55078125,-0.00033374400052154865,1
2025-07-31 07:12:00+00:00,24857.55078125,24867.849609375,24854.849609375,24866.80078125,0.0,59.96410900352631,12.761807749393483,12.75964974284614,24849.853176223463,24827.89008814143,9.227969664964434,24847.599609375,-0.00040032793104082274,1
2025-07-31 07:13:00+00:00,24847.599609375,24857.30078125,24846.05078125,24857.25,0.0,52.386779323707096,11.033350800877088,12.414389954452329,24849.638550809323,24828.663010542747,9.390257546038402,24856.349609375,0.0003521466917351093,1
2025-07-31 07:14:00+00:00,24856.349609375,24859.5,24844.349609375,24848.150390625,0.0,57.47522698143824,10.25141614547465,11.981795192656794,24850.27769924415,24829.74875951656,9.801695623107088,24847.55078125,-0.00035398714064117324,1
2025-07-31 07:15:00+00:00,24847.55078125,24861.5,24846.25,24856.75,0.0,51.51339921231394,8.820063204399048,11.349448795005245,24850.01799276852,24830.44687801591,10.190860221456584,24853.55078125,0.0002414724917084226,1
2025-07-31 07:16:00+00:00,24853.55078125,24855.150390625,24846.44921875,24847.75,0.0,54.94541167115207,8.076751775304729,10.694909391065142,24850.35444881437,24831.35291343686,10.084453910995398,24857.650390625,0.0001649506507574292,1
2025-07-31 07:17:00+00:00,24857.650390625,24859.849609375,24853.0,24854.25,0.0,57.17585761466759,7.729376881849021,10.101802889221918,24851.049300415383,24832.38418705208,9.853393586995724,24860.349609375,0.00010858704292574665,1
2025-07-31 07:18:00+00:00,24860.349609375,24861.75,24853.599609375,24858.599609375,0.0,58.62809781153671,7.584455291456834,9.598333369668902,24851.935044125825,24833.48087028043,9.731750518281745,24868.80078125,0.00033994581764904095,1
2025-07-31 07:19:00+00:00,24868.80078125,24870.94921875,24860.849609375,24862.25,0.0,62.87331126321499,8.058647752928664,9.290396246320856,24853.54130480432,24834.865964828256,9.793740436618764,24879.099609375,0.0004141264476558464,1
2025-07-31 07:20:00+00:00,24879.099609375,24879.599609375,24871.25,24873.25,0.0,67.27955756092783,9.159888560316176,9.26429470911992,24855.975429049147,24836.600617555578,9.865532414360285,24876.30078125,-0.000112497163038221,1
2025-07-31 07:21:00+00:00,24876.30078125,24879.400390625,24872.099609375,24879.400390625,0.0,65.02110988444379,9.695029529801104,9.350441673256157,24857.9111768778,24838.157486720065,9.682335902620263,24878.30078125,8.039780583081947e-05,1
2025-07-31 07:22:00+00:00,24878.30078125,24879.55078125,24873.900390625,24877.19921875,0.0,65.90194567829195,10.163359012680305,9.513025141140986,24859.85304396087,24839.73173356437,9.394339811361672,24878.599609375,1.2011597079219231e-05,1
2025-07-31 07:23:00+00:00,24878.599609375,24882.05078125,24875.400390625,24878.900390625,0.0,66.03955203518078,10.4383002070972,9.698080154332228,24861.63843114317,24841.25596398832,9.198343440907268,24876.150390625,-9.844680924391987e-05,1
2025-07-31 07:24:00+00:00,24876.150390625,24880.150390625,24872.69921875,24878.25,0.0,63.76810204787411,10.33937571318529,9.82633926610284,24863.02052252239,24842.62437287604,9.073545471913892,24874.150390625,-8.039829188175893e-05,1
2025-07-31 07:25:00+00:00,24874.150390625,24877.849609375,24872.30078125,24877.05078125,0.0,61.89591954042766,9.984498964811792,9.857971205844631,24864.08050996073,24843.860687297565,8.821779947134328,24879.349609375,0.0002090209582378167,1
2025-07-31 07:26:00+00:00,24879.349609375,24879.69921875,24874.150390625,24875.69921875,0.0,64.78995624344216,10.007430655234202,9.887863095722546,24865.534709904947,24845.252409731977,8.587997674124733,24897.650390625,0.0007355811762500386,1
2025-07-31 07:27:00+00:00,24897.650390625,24899.69921875,24876.75,24879.400390625,0.0,72.66098691992738,11.371243667330418,10.184539210044122,24868.593346164,24847.307232512096,9.613799179544396,24904.349609375,0.00026907031968456484,1
2025-07-31 07:28:00+00:00,24904.349609375,24906.05078125,24897.55078125,24899.69921875,0.0,74.87514121726446,12.844581925612149,10.716547753157728,24871.998704565045,24849.544188467506,9.534242095291225,24897.150390625,-0.0002890747545276157,1
2025-07-31 07:29:00+00:00,24897.150390625,24905.400390625,24896.30078125,24905.400390625,0.0,68.45862743953245,13.278233117416676,11.228884826009518,24874.39410323742,24851.411098356035,9.503196900984708,24898.80078125,6.628833417102437e-05,1
2025-07-31 07:30:00+00:00,24898.80078125,24899.150390625,24892.349609375,24897.650390625,0.0,69.11211261998008,13.598324521339237,11.702772765075462,24876.71854876243,24853.26951729305,9.310167211628656,24899.19921875,1.6002276716075526e-05,1
2025-07-31 07:31:00+00:00,24899.19921875,24901.30078125,24888.19921875,24899.55078125,0.0,69.27760134768133,13.725925911639932,12.107403394388356,24878.859564951723,24855.070682056077,9.580981160798038,24901.44921875,9.036435189070934e-05,1
2025-07-31 07:32:00+00:00,24901.44921875,24902.30078125,24896.349609375,24900.400390625,0.0,70.24703363127392,13.848964882254222,12.45571569196153,24881.01096055156,24856.88944820093,9.32170906895532,24897.650390625,-0.00015255449960477013,1
2025-07-31 07:33:00+00:00,24897.650390625,24902.900390625,24896.25,24901.94921875,0.0,66.43537865147945,13.48449955430624,12.661472464430473,24882.5956681776,24858.48791653129,9.130900608672798,24890.150390625,-0.00030123324419496474,1
2025-07-31 07:34:00+00:00,24890.150390625,24898.30078125,24886.75,24898.30078125,0.0,59.563689775906845,12.446989687057794,12.618575908955938,24883.31516555354,24859.729582182023,9.303749225910456,24896.69921875,0.00026310922281396295,1
2025-07-31 07:35:00+00:00,24896.69921875,24898.25,24886.19921875,24889.30078125,0.0,63.14804932159354,12.014693434237415,12.497799414012231,24884.58983728653,24861.17937185136,9.499965799059709,24890.55078125,-0.0002469579379169082,1
2025-07-31 07:36:00+00:00,24890.55078125,24897.400390625,24888.599609375,24897.099609375,0.0,57.95396434837719,11.04860655884113,12.207960842978013,24885.157546235438,24862.331191827776,9.450024045555445,24900.5,0.00039971870600367455,1
2025-07-31 07:37:00+00:00,24900.5,24900.599609375,24889.900390625,24891.25,0.0,63.22515646125445,10.95946071277649,11.95826081693771,24886.61873230825,24863.82800783453,9.539252238730054,24895.5,-0.0002007991807393426,1
2025-07-31 07:38:00+00:00,24895.5,24902.5,24892.19921875,24901.05078125,0.0,59.20790347950634,10.365862563150586,11.639781166180285,24887.46456732651,24865.07004674298,9.593647168106475,24893.80078125,-6.825405193709707e-05,1
2025-07-31 07:39:00+00:00,24893.80078125,24895.80078125,24892.0,24895.80078125,0.0,57.862355014061045,9.647113086226454,11.24124755018952,24888.06801627161,24866.196742213844,9.179871031098871,24898.25,0.00017872798087751829,1
2025-07-31 07:40:00+00:00,24898.25,24898.80078125,24893.19921875,24894.650390625,0.0,60.40001720881515,9.328975099051604,10.858793059961938,24889.037729007647,24867.453732715265,8.92427756459181,24910.150390625,0.0004779609259686926,1
2025-07-31 07:41:00+00:00,24910.150390625,24910.349609375,24897.349609375,24898.150390625,0.0,66.25396039899056,9.92272749400945,10.67157994677144,24891.04845868549,24869.128111456823,9.215400595692396,24927.25,0.0006864514708604683,1
2025-07-31 07:42:00+00:00,24927.25,24927.44921875,24910.25,24910.44921875,0.0,72.5363094094761,11.638910004374338,10.86504595829202,24894.496224524966,24871.40740120361,9.792788276357223,24901.80078125,-0.001020939684481842,0
2025-07-31 07:43:00+00:00,24901.80078125,24927.94921875,24900.849609375,24927.94921875,0.0,55.86670617071321,10.820723181957874,10.856181403025191,24895.19189659402,24872.599298460336,11.028989783403135,24900.150390625,-6.627595487964366e-05,1
2025-07-31 07:44:00+00:00,24900.150390625,24905.55078125,24898.55078125,24902.5,0.0,54.98422611030867,9.924725442950148,10.669890211010182,24895.66413412078,24873.67973344719,10.74120479887434,24899.650390625,-2.008020000506711e-05,1
2025-07-31 07:45:00+00:00,24899.650390625,24909.0,24896.25,24900.44921875,0.0,54.70230641829125,9.069744588250614,10.349861086458269,24896.043777597373,24874.69819059141,10.884690170383315,24901.400390625,7.02821112965865e-05,1
2025-07-31 07:46:00+00:00,24901.400390625,24901.849609375,24896.349609375,24900.05078125,0.0,55.56112819462028,8.436130020178098,9.967114873202236,24896.55393121905,24875.74533569077,10.500069443927368,24906.69921875,0.00021279237480133562,1
2025-07-31 07:47:00+00:00,24906.69921875,24906.94921875,24899.75,24901.5,0.0,58.14853149094792,8.266268656072498,9.626945629776287,24897.520149079144,24876.9592134578,10.264294394361128,24909.69921875,0.00012044952137782961,1
2025-07-31 07:48:00+00:00,24909.69921875,24911.44921875,24903.80078125,24906.349609375,0.0,59.58331985217291,8.278300138255872,9.357216531472204,24898.680060476367,24878.243135233963,10.077447473335337,24910.5,3.2147367295275766e-05,1
2025-07-31 07:49:00+00:00,24910.5,24913.5,24909.0,24909.25,0.0,59.97773728905544,8.257266896223882,9.13722660442254,24899.80576900243,24879.508110322826,9.679058368097095,24902.0,-0.00034122157323217115,1
2025-07-31 07:50:00+00:00,24902.0,24910.900390625,24897.099609375,24910.75,0.0,53.95845528320335,7.468625274730584,8.80350633848415,24900.01474338315,24880.390145212128,9.973467145375876,24904.400390625,9.639348747088588e-05,1
2025-07-31 07:51:00+00:00,24904.400390625,24909.19921875,24901.650390625,24902.349609375,0.0,55.32208114019952,6.957115276130935,8.434228126013508,24900.432424072853,24881.33172346361,9.800278643920455,24903.05078125,-5.4191602842526024e-05,1
2025-07-31 07:52:00+00:00,24903.05078125,24906.69921875,24902.849609375,24905.099609375,0.0,54.34746085132464,6.369415067525551,8.021265514315917,24900.681791423056,24882.183451219946,9.375230838997568,24902.80078125,-1.0038930659380494e-05,1
2025-07-31 07:53:00+00:00,24902.80078125,24906.099609375,24900.44921875,24902.80078125,0.0,54.157130001990446,5.816437239500374,7.5802998593528095,24900.883599978,24882.991973966225,9.109170823712024,24897.0,-0.00023293690139333914,1
2025-07-31 07:54:00+00:00,24897.0,24904.30078125,24894.099609375,24902.19921875,0.0,49.799170416880415,4.85416793276454,7.035073474035157,24900.513733313437,24883.54130832049,9.187170898804023,24894.05078125,-0.00011845679198296984,1
2025-07-31 07:55:00+00:00,24894.05078125,24901.150390625,24893.150390625,24897.349609375,0.0,47.697668042076295,3.809669767288142,6.389992732685754,24899.898214069297,24883.95344451381,9.10237297746088,24909.849609375,0.0006346427210190939,1
2025-07-31 07:56:00+00:00,24909.849609375,24909.94921875,24890.099609375,24894.099609375,0.0,57.93773893063202,4.208221086159028,5.953638403380409,24900.845966003173,24884.96898039072,9.870032720142246,24912.55078125,0.00010843790377535618,1
2025-07-31 07:57:00+00:00,24912.55078125,24915.94921875,24909.05078125,24909.80078125,0.0,59.401284442330144,4.6879975558003935,5.700510233864407,24901.9607103124,24886.050619640104,9.657775918703516,24922.44921875,0.0003973273386139924,1
2025-07-31 07:58:00+00:00,24922.44921875,24922.44921875,24912.400390625,24912.900390625,0.0,64.30296368235064,5.8000852735494846,5.720425241801422,24903.911996830266,24887.47801568363,9.685708219153266,24926.94921875,0.0001805601030822644,1
2025-07-31 07:59:00+00:00,24926.94921875,24927.44921875,24920.69921875,24922.75,0.0,66.2952608459916,6.964255590606626,5.969191311562463,24906.10601796548,24889.02590599996,9.476014774928034,24925.25,-6.816793884756066e-05,1
2025-07-31 08:00:00+00:00,24925.25,24926.75,24915.150390625,24926.30078125,0.0,64.82403456484144,7.661439892111957,6.3076410276723625,24907.92925434972,24890.446458705846,9.641930014218888,24930.44921875,0.00020859244139978536,1
2025-07-31 08:01:00+00:00,24930.44921875,24932.0,24926.05078125,24926.150390625,0.0,67.22102263641582,8.535109545515297,6.75313473124095,24910.074012864032,24892.01519439385,9.435363584631826,24930.349609375,-3.9954905796516715e-06,1
2025-07-31 08:02:00+00:00,24930.349609375,24935.0,24928.19921875,24929.900390625,0.0,67.12664662750228,9.114396309058066,7.225387046804373,24912.005022055557,24893.518504785272,9.247179132158124,24931.30078125,3.815317032867899e-05,1
2025-07-31 08:03:00+00:00,24931.30078125,24932.400390625,24929.05078125,24929.5,0.0,67.59450947595295,9.54026265446737,7.6883621683369725,24913.842713407405,24895.00016268585,8.825924149503972,24933.0,6.815604066988458e-05,1
2025-07-31 08:04:00+00:00,24933.0,24934.849609375,24930.349609375,24930.75,0.0,68.45815711716818,9.90074789483333,8.130839313636244,24915.66721689241,24896.490352384444,8.516929567396547,24932.599609375,-1.6058662214735492e-05,1
2025-07-31 08:05:00+00:00,24932.599609375,24934.5,24930.55078125,24932.900390625,0.0,67.99828693075733,10.038410322245907,8.512353515358178,24917.27982570028,24897.906401678192,8.19066450901108,24934.80078125,8.828489244949528e-05,1
2025-07-31 08:06:00+00:00,24934.80078125,24943.900390625,24931.19921875,24932.75,0.0,69.2223403795488,10.207459720390034,8.85137475636455,24918.948488133585,24899.35324009277,8.512843606581717,24945.94921875,0.0004471035320395738,1
2025-07-31 08:07:00+00:00,24945.94921875,24946.599609375,24933.25,24934.400390625,0.0,74.53503618797842,11.112915548335875,9.303682914758816,24921.51998628753,24901.18053337345,8.858326875754452,24952.900390625,0.0002786493235452963,1
2025-07-31 08:08:00+00:00,24952.900390625,24955.80078125,24946.25,24946.75,0.0,77.18002166827014,12.250184787630133,9.89298328933308,24924.508596224437,24903.208763069582,8.929272277486277,24944.900390625,-0.0003206040129509619,1
2025-07-31 08:09:00+00:00,24944.900390625,24953.650390625,24940.75,24952.849609375,0.0,68.3774463502136,12.363427812288135,10.38707219392409,24926.45067188163,24904.843728856074,9.212923588022973,24937.44921875,-0.0002987052166301839,1
2025-07-31 08:10:00+00:00,24937.44921875,24948.349609375,24936.05078125,24946.349609375,0.0,61.35810925082196,11.716861738303123,10.653030102799898,24927.49815253576,24906.122375518586,9.433345340664188,24930.44921875,-0.0002807023259915786,1
2025-07-31 08:11:00+00:00,24930.44921875,24938.599609375,24929.69921875,24937.69921875,0.0,55.58513007930115,10.518362828617684,10.626096647963456,24927.779206460928,24907.0763693708,9.395277146688176,24921.25,-0.0003689953064737132,1
2025-07-31 08:12:00+00:00,24921.25,24930.19921875,24919.94921875,24930.19921875,0.0,49.0533137678091,8.72565976173064,10.246009270716891,24927.15737727417,24907.63219802292,9.474185921924734,24920.75,-2.006319907709284e-05,1
2025-07-31 08:13:00+00:00,24920.75,24923.5,24917.900390625,24920.75,0.0,48.71821682769623,7.18179656389475,9.633166729352466,24926.54715086711,24908.146621629865,9.197430454287254,24921.650390625,3.61301575995907e-05,1
2025-07-31 08:14:00+00:00,24921.650390625,24923.599609375,24916.69921875,24920.849609375,0.0,49.3887112213221,5.962199332672753,8.898973250016523,24926.080792748813,24908.676181198305,9.033356180766736,24918.650390625,-0.00012037726045336615,1
2025-07-31 08:15:00+00:00,24918.650390625,24926.5,24916.19921875,24921.5,0.0,47.17549681277295,4.699412905556528,8.059061181124523,24925.373135403686,24909.06732666602,9.123886542854828,24925.30078125,0.0002668840615662732,1
2025-07-31 08:16:00+00:00,24925.30078125,24935.05078125,24922.400390625,24922.650390625,0.0,52.28056632733986,4.187011248632189,7.284651194626057,24925.366244531902,24909.703932728135,9.643636834436624,24924.25,-4.215721443933177e-05,1
2025-07-31 08:17:00+00:00,24924.25,24927.5,24919.69921875,24925.44921875,0.0,51.43475641753652,3.6540187254177,6.558524700784385,24925.25993552887,24910.2743667388,9.51200429269115,24922.150390625,-8.423962105178692e-05,1
2025-07-31 08:18:00+00:00,24922.150390625,24925.0,24917.5,24924.25,0.0,49.7043898916397,3.0273005451199424,5.852279869651498,24924.96378839517,24910.74009316571,9.368289700356067,24919.69921875,-9.835314515725179e-05,1
2025-07-31 08:19:00+00:00,24919.69921875,24922.05078125,24917.55078125,24921.55078125,0.0,47.68739427246123,2.3062477979328837,5.143073455307775,24924.46240080992,24911.09143142392,9.02766967711635,24912.44921875,-0.00029093449067575335,1
2025-07-31 08:20:00+00:00,24912.44921875,24920.94921875,24911.55078125,24920.349609375,0.0,42.228944045242535,1.1366908273703302,4.341796929720286,24923.318288232786,24911.14467798573,9.05415309303661,24917.5,0.00020274125621492893,1
2025-07-31 08:21:00+00:00,24917.5,24920.25,24909.55078125,24912.25,0.0,46.7977333842217,0.610328846702032,3.595503313116636,24922.764165543944,24911.39390630001,9.17165778281971,24912.75,-0.0001906290759506371,1
2025-07-31 08:22:00+00:00,24912.75,24917.75,24908.849609375,24917.150390625,0.0,43.32738526375153,-0.1879357119032647,2.838815508112656,24921.810435492134,24911.44708644511,9.15228155726116,24908.05078125,-0.00018862705843393444,1
2025-07-31 08:23:00+00:00,24908.05078125,24915.30078125,24907.849609375,24912.349609375,0.0,40.15487363423119,-1.1860813978564693,2.033836126918831,24920.499992230983,24911.313898006087,9.030773722813937,24907.349609375,-2.8150411333183094e-05,1
2025-07-31 08:24:00+00:00,24907.349609375,24910.75,24905.099609375,24908.75,0.0,39.68791061665813,-2.010521712800255,1.2249645589750138,24919.247574816127,24911.158435706828,8.789317787255797,24914.25,0.0002770423482714808,1
2025-07-31 08:25:00+00:00,24914.25,24917.69921875,24907.150390625,24907.30078125,0.0,46.30560963948355,-2.0830802947348275,0.5633555882330455,24918.77161530983,24911.279673522247,8.914997097094668,24912.349609375,-7.627725598803897e-05,1
2025-07-31 08:26:00+00:00,24912.349609375,24914.25,24908.69921875,24914.25,0.0,44.84618384944194,-2.267787492321077,-0.0028730278777788,24918.15999569699,24911.321631790983,8.674695965159334,24923.55078125,0.00044962326117905724,1
2025-07-31 08:27:00+00:00,24923.55078125,24924.80078125,24911.900390625,24913.150390625,0.0,54.04066826219472,-1.4931166002024838,-0.3009217423427199,24918.673403844896,24911.80120627957,8.976531298005096,24907.94921875,-0.0006259767172395462,1
2025-07-31 08:28:00+00:00,24907.94921875,24924.150390625,24901.30078125,24923.599609375,0.0,43.23052119035109,-2.1137342305919447,-0.6634842399925649,24917.65205288348,24911.650147945085,9.967465446361874,24907.69921875,-1.0036956387072087e-05,1
2025-07-31 08:29:00+00:00,24907.69921875,24910.05078125,24903.0,24908.099609375,0.0,43.081803932695934,-2.5958279953665624,-1.0499529910673644,24916.704163918384,24911.49520954528,9.759130860907456,24908.69921875,4.014822851430696e-05,1
2025-07-31 08:30:00+00:00,24908.69921875,24913.150390625,24905.900390625,24907.349609375,0.0,43.91295153793187,-2.864182620240172,-1.412798916901926,24915.94178818806,24911.385562847423,9.579907227985496,24913.75,0.0002027717788730625,1
2025-07-31 08:31:00+00:00,24913.75,24915.25,24907.849609375,24907.849609375,0.0,48.039998655293886,-2.6388803876434395,-1.6580152110502286,24915.733046455865,24911.478285873018,9.424227470629388,24921.05078125,0.00029304224574783,1
2025-07-31 08:32:00+00:00,24921.05078125,24922.30078125,24912.599609375,24914.19921875,0.0,53.38003534261868,-1.849890329198388,-1.6963902346798607,24916.23949738864,24911.853677848583,9.44400921379872,24918.5,-0.0001023544822563881,1
2025-07-31 08:33:00+00:00,24918.5,24928.05078125,24916.55078125,24922.80078125,0.0,51.39272674665372,-1.414135479084507,-1.6399392835607902,24916.454783351623,24912.11431793296,9.59086569852738,24918.400390625,-3.997406545337801e-06,1
2025-07-31 08:34:00+00:00,24918.400390625,24918.849609375,24913.75,24918.5,0.0,51.31238886604335,-1.0645626494660974,-1.5248639567418518,24916.640079282424,24912.36083058755,9.27006167541828,24927.0,0.0003451108112957128,1
2025-07-31 08:35:00+00:00,24927.0,24927.0,24916.150390625,24917.150390625,0.0,57.490651320692976,-0.0925403097389789,-1.2383992273412774,24917.626738398383,24912.93491566255,9.382886511102688,24931.94921875,0.00019854851165402977,1
2025-07-31 08:36:00+00:00,24931.94921875,24932.44921875,24925.69921875,24926.80078125,0.0,60.59017528630747,1.0648797177927918,-0.7777434383144637,24918.99078414616,24913.68057460716,9.194823188881069,24936.349609375,0.0001764960527711447,1
2025-07-31 08:37:00+00:00,24936.349609375,24939.94921875,24931.44921875,24932.69921875,0.0,63.16202485751767,2.3105832112378266,-0.1600781084040057,24920.644005596525,24914.56955636276,9.145192961103849,24951.75,0.0006175880137327764,1
2025-07-31 08:38:00+00:00,24951.75,24952.69921875,24937.400390625,24937.400390625,0.0,70.4340864915338,4.488751488595881,0.7696878109959717,24923.606481254,24916.027612975984,9.659794133525,24941.150390625,-0.00042480424719709036,1
2025-07-31 08:39:00+00:00,24941.150390625,24952.05078125,24935.400390625,24951.599609375,0.0,61.4436348853589,5.298586838511255,1.6754676164990283,24925.27732976552,24917.01281994261,10.159122454344644,24941.19921875,1.9577334740082298e-06,1
2025-07-31 08:40:00+00:00,24941.19921875,24947.650390625,24935.69921875,24941.099609375,0.0,61.468034594735066,5.87658558885596,2.515691210970415,24926.793700145,24917.96130617036,10.287125984391457,24949.650390625,0.000338843846315404,1
2025-07-31 08:41:00+00:00,24949.650390625,24951.69921875,24940.55078125,24942.75,0.0,65.53355906064027,6.936631533273612,3.3998792754310543,24928.97052780976,24919.204015364656,10.348648235506351,24935.099609375,-0.0005832058174036601,1
2025-07-31 08:42:00+00:00,24935.099609375,24951.19921875,24932.349609375,24949.55078125,0.0,54.81061266892544,6.527355845471902,4.025374589439224,24929.55424986359,24919.827371992516,10.955859745470182,24931.349609375,-0.00015039041586944733,1
2025-07-31 08:43:00+00:00,24931.349609375,24935.849609375,24929.75,24934.75,0.0,52.42962696833056,5.833167134569521,4.386933098465283,24929.72523648373,24920.279224438887,10.608984719008026,24924.69921875,-0.0002667481195040976,1
2025-07-31 08:44:00+00:00,24924.69921875,24932.0,24921.650390625,24930.55078125,0.0,48.41305809823185,4.692296759814781,4.448005830735183,24929.24656812813,24920.452557549128,10.590457908721737,24917.94921875,-0.00027081570536755786,1
2025-07-31 08:45:00+00:00,24917.94921875,24926.099609375,24917.05078125,24924.44921875,0.0,44.67231240252062,3.2065174433046195,4.199708153249071,24928.17063009212,24920.354387400144,10.480341495598754,24916.150390625,-7.219005501650338e-05,1
2025-07-31 08:46:00+00:00,24916.150390625,24922.75,24915.0,24917.80078125,0.0,43.703188355055794,1.862407559219719,3.732248034443201,24927.02584538097,24920.189524781512,10.285317103055986,24909.69921875,-0.0002589152727793508,1
2025-07-31 08:47:00+00:00,24909.69921875,24917.900390625,24907.599609375,24915.44921875,0.0,40.32453288078101,0.2734825995066785,3.040494947455896,24925.37569046373,24919.778140231258,10.286421684980558,24913.599609375,0.00015658120119186757,1
2025-07-31 08:48:00+00:00,24913.599609375,24918.69921875,24907.5,24909.19921875,0.0,43.18444203046971,-0.6633759669348365,2.2997207645777498,24924.254158931468,24919.535844903563,10.351621475339089,24907.05078125,-0.00026286157872327983,1
2025-07-31 08:49:00+00:00,24907.05078125,24913.69921875,24905.900390625,24911.150390625,0.0,39.7406891757853,-1.9122357658052351,1.4573294585011527,24922.615742009424,24919.046234564208,10.16927909317201,24905.80078125,-5.018659218139944e-05,1
2025-07-31 08:50:00+00:00,24905.80078125,24911.599609375,24903.75,24906.400390625,0.0,39.099760264892375,-2.968610414311115,0.5721414839386992,24921.01431717519,24918.526805022477,10.003588399016866,24905.75,-2.0389326344499626e-06,1
2025-07-31 08:51:00+00:00,24905.75,24914.05078125,24904.650390625,24905.80078125,0.0,39.07219131056688,-3.766474977503094,-0.2955818083496594,24919.56057268232,24918.02575384512,9.960502843729946,24904.400390625,-5.4188666271844855e-05,1
2025-07-31 08:52:00+00:00,24904.400390625,24908.30078125,24898.69921875,24907.150390625,0.0,38.29928605511154,-4.456320896217221,-1.1277296259231715,24918.11674581972,24917.491425875705,9.934864247749235,24904.19921875,-8.077764244254965e-06,1
2025-07-31 08:53:00+00:00,24904.19921875,24905.150390625,24899.75,24905.099609375,0.0,38.178054369286826,-4.96206208300282,-1.8945961173391013,24916.79126705117,24916.97016285117,9.61097327469572,24903.30078125,-3.607574337598375e-05,1
2025-07-31 08:54:00+00:00,24903.30078125,24907.900390625,24900.349609375,24904.55078125,0.0,37.60554494136113,-5.373420567430003,-2.5903610073572816,24915.50645887963,24916.43410867073,9.463816701503168,24886.30078125,-0.0006826404318579129,1
2025-07-31 08:55:00+00:00,24886.30078125,24903.30078125,24883.55078125,24903.30078125,0.0,28.803868422543417,-6.990599772409041,-3.4704087603676337,24912.72496577205,24915.252409556197,10.198544079967226,24884.5,-7.236034257677849e-05,1
2025-07-31 08:56:00+00:00,24884.5,24889.25,24882.0,24886.599609375,0.0,28.0548068433704,-8.321607627905905,-4.440648533875288,24910.03687379376,24914.046432710853,9.987933788540996,24891.599609375,0.0002853024724225924,1
2025-07-31 08:57:00+00:00,24891.599609375,24891.94921875,24883.849609375,24885.5,0.0,35.208687022726494,-8.703236309531349,-5.293166089006501,24908.28094384912,24913.166165129056,9.853053473288067,24881.80078125,-0.0003936600410891005,1
2025-07-31 08:58:00+00:00,24881.80078125,24890.400390625,24879.849609375,24889.75,0.0,30.67502470476576,-9.684723858561483,-6.171477642917498,24905.759023601586,24911.936150074976,9.98854965376749,24867.150390625,-0.0005887994504015155,1
2025-07-31 08:59:00+00:00,24867.150390625,24881.900390625,24863.400390625,24880.94921875,0.0,25.407354929416652,-11.512020491176372,-7.239586212569273,24902.082010937145,24910.179845782823,10.5965103927841,24847.0,-0.0008103216616487254,1
2025-07-31 09:00:00+00:00,24847.0,24862.75,24843.05078125,24862.75,0.0,20.255198197361054,-14.419910603726748,-8.675651090800768,24896.83610513361,24907.702204771733,11.561017462942376,24866.94921875,0.0008028823902281965,1
2025-07-31 09:01:00+00:00,24866.94921875,24867.5,24844.69921875,24846.94921875,0.0,34.43120519818646,-14.942451952832926,-9.9290112632072,24893.98973500184,24906.10404845716,12.363857733446494,24865.849609375,-4.42197136981677e-05,1
2025-07-31 09:02:00+00:00,24865.849609375,24867.099609375,24857.5,24867.099609375,0.0,34.071669371154016,-15.269284219761175,-10.997065854517995,24891.30972303738,24904.52544300296,12.166411422128888,24879.5,0.0005489613602365506,1
2025-07-31 09:03:00+00:00,24879.5,24880.599609375,24866.150390625,24866.19921875,0.0,42.14776445721055,-14.26242039932913,-11.650136763480225,24890.18498751001,24903.544053081278,12.350953463405396,24872.400390625,-0.00028535980928073314,1
2025-07-31 09:04:00+00:00,24872.400390625,24882.5,24868.75,24879.5,0.0,39.44157818466304,-13.877382878767094,-12.0955859865376,24888.491216378105,24902.32273298495,12.450885358876436,24870.0,-9.650820135175873e-05,1
2025-07-31 09:05:00+00:00,24870.0,24876.650390625,24867.19921875,24871.650390625,0.0,38.54056049057755,-13.609052644664189,-12.39827931816292,24886.73014815162,24901.05517482868,12.236620110028122,24865.94921875,-0.0001628782167269803,1
2025-07-31 09:06:00+00:00,24865.94921875,24870.44921875,24861.650390625,24868.80078125,0.0,37.004273101433945,-13.566872730258185,-12.631998000581971,24884.75101201813,24899.67847066873,11.991063539668971,24882.80078125,0.0006776963288935374,1
2025-07-31 09:07:00+00:00,24882.80078125,24883.150390625,24864.55078125,24866.099609375,0.0,46.54961231670874,-12.034933364495371,-12.512585073364654,24884.5652757545,24899.016600495444,12.4631025279069,24887.599609375,0.00019285723368472543,1
2025-07-31 09:08:00+00:00,24887.599609375,24889.69921875,24880.25,24881.80078125,0.0,48.92308708467946,-10.314733231891296,-12.073014705069983,24884.854259908832,24898.568875353467,12.247825115199266,24886.94921875,-2.613311991546995e-05,1
2025-07-31 09:09:00+00:00,24886.94921875,24890.80078125,24881.80078125,24888.19921875,0.0,48.60804708894754,-8.901334280632,-11.438678620182388,24885.053779798465,24898.11320254549,12.015837606970749,24893.150390625,0.00024917364601395153,1
2025-07-31 09:10:00+00:00,24893.150390625,24893.349609375,24883.44921875,24887.0,0.0,51.79536110637527,-7.197850345532061,-10.590512965252325,24885.824885591468,24897.918582470174,11.864734251115694,24855.099609375,-0.0015285643099770244,0
2025-07-31 09:11:00+00:00,24855.099609375,24892.900390625,24853.099609375,24892.80078125,0.0,36.73871639248738,-8.816575107546669,-10.235725393711192,24882.898668808943,24896.23940705468,13.878023322464571,24864.099609375,0.00036209872989627145,1
2025-07-31 09:12:00+00:00,24864.099609375,24867.650390625,24853.650390625,24853.650390625,0.0,41.10001793208233,-9.266384250349802,-10.041857165038914,24881.108282196183,24894.979022831947,13.886735942288531,24872.80078125,0.0003499492043427636,1
2025-07-31 09:13:00+00:00,24872.80078125,24873.80078125,24860.55078125,24863.55078125,0.0,45.04466282609723,-8.819088423479116,-9.797303416726956,24880.317091629884,24894.10928786795,13.84125480355364,24879.0,0.00024923685935172976,1
2025-07-31 09:14:00+00:00,24879.0,24882.44921875,24871.150390625,24872.44921875,0.0,47.7305312532423,-7.873615970249375,-9.41256592743144,24880.1916543318,24893.516766775087,13.659652897942664,24871.69921875,-0.0002934515555287592,1
2025-07-31 09:15:00+00:00,24871.69921875,24881.19921875,24868.75,24878.849609375,0.0,44.94460580198424,-7.625531886151293,-9.05515911917541,24879.382850943057,24892.661176656457,13.573193315946758,24862.099609375,-0.00038596516026388555,1
2025-07-31 09:16:00+00:00,24862.099609375,24871.599609375,24861.400390625,24869.69921875,0.0,41.51351918260671,-8.110044170560286,-8.866136129452386,24877.736827936576,24891.46268382189,13.339310088021987,24855.5,-0.00026544859358987603,1
2025-07-31 09:17:00+00:00,24855.5,24864.5,24852.44921875,24861.900390625,0.0,39.29268968197737,-8.923690221930883,-8.877646947948087,24875.61903479976,24890.05238249554,13.24727231387756,24863.30078125,0.0003138452756935085,1
2025-07-31 09:18:00+00:00,24863.30078125,24864.400390625,24850.05078125,24856.44921875,0.0,43.16312997768004,-8.837183179872227,-8.869554194332915,24874.445867795024,24889.003300093755,13.326010675386303,24858.30078125,-0.00020109960636323146,1
2025-07-31 09:19:00+00:00,24858.30078125,24865.900390625,24856.400390625,24862.150390625,0.0,41.343660017160495,-9.067558765953436,-8.90915510865702,24872.90824050502,24887.79927974694,13.052724198572998,24856.44921875,-7.448467682057285e-05,1
2025-07-31 09:20:00+00:00,24856.44921875,24859.849609375,24851.05078125,24856.80078125,0.0,40.66013590254424,-9.292421447182278,-8.98580837636207,24871.34071462359,24886.5698655902,12.74887447903207,24855.150390625,-5.225316430233539e-05,1
2025-07-31 09:21:00+00:00,24855.150390625,24861.650390625,24849.80078125,24857.099609375,0.0,40.15857781708089,-9.466309592618927,-9.081908619613442,24869.798779004675,24885.337729317056,12.684641257315493,24855.400390625,1.005827750269e-05,1
2025-07-31 09:22:00+00:00,24855.400390625,24858.05078125,24851.55078125,24854.099609375,0.0,40.31120021196026,-9.474725551659503,-9.160472006022657,24868.42750392089,24884.16371603501,12.242881167507244,24857.0,6.435661264194896e-05,1
2025-07-31 09:23:00+00:00,24857.0,24857.099609375,24851.55078125,24855.44921875,0.0,41.34206508800034,-9.245741004735464,-9.177525805765216,24867.33917021414,24883.09847226893,11.764734521613873,24836.75,-0.0008146598543669791,1
2025-07-31 09:24:00+00:00,24836.75,24856.75,24836.75,24856.75,0.0,33.46307560207828,-10.576357202960937,-9.457292085204362,24864.42591590804,24881.28088512113,12.370824912927166,24848.849609375,0.0004871655661469395,1
2025-07-31 09:25:00+00:00,24848.849609375,24849.150390625,24835.099609375,24837.25,0.0,40.73139592262944,-10.533123479883216,-9.672458364140132,24862.942458142985,24880.00907038599,12.490821794146656,24852.0,0.0001267821518711843,1
2025-07-31 09:26:00+00:00,24852.0,24852.0,24843.150390625,24849.5,0.0,42.4928484113131,-10.127902097359764,-9.76354711078406,24861.900319272223,24878.91067546889,12.230735192779036,24847.19921875,-0.00019317484508289071,1
2025-07-31 09:27:00+00:00,24847.19921875,24852.5,24845.150390625,24851.650390625,0.0,40.51673064088659,-10.077971574333787,-9.826432003494006,24860.500214460582,24877.6670889309,11.882083348651962,24861.150390625,0.000561478650055346,1
2025-07-31 09:28:00+00:00,24861.150390625,24861.900390625,24845.099609375,24847.05078125,0.0,48.07400610312019,-8.811089544047718,-9.623363511604747,24860.56213600005,24877.019375271844,12.233418913033963,24851.44921875,-0.00039021411811491466,1
2025-07-31 09:29:00+00:00,24851.44921875,24863.55078125,24848.05078125,24861.55078125,0.0,43.89754142645042,-8.4919895326384,-9.397088715811478,24859.694239119093,24876.016624035696,12.466746133531538,24809.80078125,-0.0016758957247683148,0
2025-07-31 09:30:00+00:00,24809.80078125,24851.900390625,24807.650390625,24851.900390625,0.0,31.31827059136576,-11.467590070333245,-9.81118898671583,24854.9424812268,24873.41992431861,14.736978552565,24800.349609375,-0.0003809450933657928,1
2025-07-31 09:31:00+00:00,24800.349609375,24811.94921875,24799.5,24807.94921875,0.0,29.268578910486795,-14.42215588254112,-10.733382365880887,24849.743160098053,24870.5544217718,14.573567138096072,24795.849609375,-0.00018144905498827788,1
2025-07-31 09:32:00+00:00,24795.849609375,24802.150390625,24794.75,24800.5,0.0,28.318261067526663,-16.93160595327572,-11.973027083359856,24844.61044098157,24867.62482128565,14.061197387160638,24793.400390625,-9.877535106012181e-05,1
2025-07-31 09:33:00+00:00,24793.400390625,24798.349609375,24791.599609375,24795.5,0.0,27.78939454483975,-18.900125812644543,-13.358446829216795,24839.733293328565,24864.71405929896,13.538969002363448,24790.650390625,-0.00011091661315806618,1
2025-07-31 09:34:00+00:00,24790.650390625,24794.25,24786.849609375,24793.94921875,0.0,27.1757030757569,-20.44640062197868,-14.776037587769174,24835.05873116632,24861.809601703902,13.10049911826606,24777.5,-0.0005304576692337624,1
2025-07-31 09:35:00+00:00,24777.5,24790.30078125,24776.099609375,24788.75,0.0,24.400697354827003,-22.4738960851646,-16.31560928724826,24829.57694724572,24858.503342813558,13.204090699104198,24776.400390625,-4.43793512259106e-05,1
2025-07-31 09:36:00+00:00,24776.400390625,24780.099609375,24772.55078125,24777.0,0.0,24.178369149749628,-23.89399503256209,-17.83128643631103,24824.512513281843,24855.283619198315,12.800143372382468,24770.19921875,-0.0002502854239208382,1
2025-07-31 09:37:00+00:00,24770.19921875,24776.900390625,24769.599609375,24776.849609375,0.0,22.91057614160165,-25.2289923057906,-19.310827610206942,24819.339818564524,24851.94697604348,12.407331792212291,24772.849609375,0.00010699916466532758,1
2025-07-31 09:38:00+00:00,24772.849609375,24774.599609375,24770.150390625,24770.94921875,0.0,24.72726211315964,-25.775993284180004,-20.603860745001555,24814.912179594096,24848.84511852707,11.838895146339985,24760.55078125,-0.0004964640047039905,1
2025-07-31 09:39:00+00:00,24760.55078125,24773.80078125,24757.25,24773.099609375,0.0,22.122018483977342,-26.891914889369215,-21.86147157387509,24809.73490356133,24845.3825954966,12.175458439458556,24775.55078125,0.0006058023560347775,1
2025-07-31 09:40:00+00:00,24775.55078125,24775.849609375,24752.5,24758.55078125,0.0,31.58897950732616,-26.263170678172173,-22.741811394734505,24806.479272865006,24842.644092977127,12.973612077711516,24768.900390625,-0.0002684255411198761,1
2025-07-31 09:41:00+00:00,24768.900390625,24780.94921875,24767.05078125,24775.5,0.0,29.856095501789483,-26.001784913809388,-23.393806098549483,24802.90033169929,24839.752183080964,13.039671036446409,24766.349609375,-0.00010298322532579879,1
2025-07-31 09:42:00+00:00,24766.349609375,24774.150390625,24764.849609375,24770.099609375,0.0,29.19456980145165,-25.704159985445585,-23.855876875928708,24799.419310525547,24836.87365077877,12.772607480271663,24759.94921875,-0.00025843092445796735,1
2025-07-31 09:43:00+00:00,24759.94921875,24766.94921875,24757.75,24766.150390625,0.0,27.545344939892672,-25.68862563290168,-24.2224266273233,24795.66025416597,24833.85700638549,12.517365428109402,24762.44921875,0.0001009695124134916,1
2025-07-31 09:44:00+00:00,24762.44921875,24762.849609375,24757.80078125,24760.25,0.0,29.22710095780343,-25.184276773983584,-24.41479665665536,24792.49729841207,24831.05670098801,11.983898477887305,24758.849609375,-0.00014536564389092796,1
2025-07-31 09:45:00+00:00,24758.849609375,24764.55078125,24758.400390625,24762.30078125,0.0,28.21172610120752,-24.7892796776905,-24.48969326086239,24789.29275659901,24828.225050336525,11.56721934553821,24755.0,-0.00015548417780858185,1
2025-07-31 09:46:00+00:00,24755.0,24759.19921875,24749.400390625,24759.19921875,0.0,27.126355421399623,-24.50440145064931,-24.492634898819773,24786.026779780062,24825.35347973509,11.440905686928335,24753.69921875,-5.2546202787315695e-05,1
2025-07-31 09:47:00+00:00,24753.69921875,24756.05078125,24748.849609375,24755.44921875,0.0,26.75183603021931,-24.10571984598209,-24.41525188825224,24782.94796444387,24822.543508716062,11.138067557504884,24756.05078125,9.499842747619634e-05,1
2025-07-31 09:48:00+00:00,24756.05078125,24758.30078125,24751.150390625,24753.849609375,0.0,28.66916704522504,-23.33106437399329,-24.19841438540045,24780.38632794921,24819.93595077622,10.853233490897392,24754.19921875,-7.479232113234943e-05,1
2025-07-31 09:49:00+00:00,24754.19921875,24755.94921875,24750.900390625,24755.400390625,0.0,28.04665471778168,-22.605962487115903,-23.87992400574354,24777.89231754929,24817.35803971637,10.445887571904722,24752.150390625,-8.276689166531878e-05,1
2025-07-31 09:50:00+00:00,24752.150390625,24756.25,24750.75,24754.25,0.0,27.339244665580907,-21.943684192705405,-23.49267604313592,24775.44070546126,24814.800877006903,10.09260988819724,24757.69921875,0.00022417559837959155,1
2025-07-31 09:51:00+00:00,24757.69921875,24757.69921875,24750.25,24751.55078125,0.0,32.31824546793074,-20.7320931521499,-22.940559464938715,24773.751040060182,24812.561596290947,9.903796235468866,24753.400390625,-0.00017363601064126043,1
2025-07-31 09:52:00+00:00,24753.400390625,24758.94921875,24749.30078125,24757.44921875,0.0,30.57049947628279,-19.8895042026852,-22.33034841248801,24771.81288297112,24810.24154900993,9.885556325792518,24754.80078125,5.6573666765006484e-05,1
2025-07-31 09:53:00+00:00,24754.80078125,24758.099609375,24752.80078125,24753.75,0.0,31.86319458020651,-18.890983076154956,-21.642475345221406,24770.192682807206,24808.06740125464,9.557932882878765,24755.30078125,2.019810235672405e-05,1
2025-07-31 09:54:00+00:00,24755.30078125,24755.80078125,24751.5,24754.099609375,0.0,32.34752444459811,-17.85349805592341,-20.88467988736181,24768.774406468427,24805.99812203877,9.182422051958854,24757.0,6.8640602068023e-05,1
2025-07-31 09:55:00+00:00,24757.0,24758.099609375,24753.099609375,24754.400390625,0.0,34.062877199525445,-16.701644785873214,-20.048072867064093,24767.653034423813,24804.076627056857,8.88367761967608,24755.0,-8.07852324595064e-05,1
2025-07-31 09:56:00+00:00,24755.0,24759.400390625,24753.599609375,24756.94921875,0.0,33.00221231080397,-15.768407667907011,-19.19213982723268,24766.447983526305,24802.152053446785,8.663470736127788,24756.05078125,4.244723288224601e-05,1
2025-07-31 09:57:00+00:00,24756.05078125,24756.25,24750.25,24755.05078125,0.0,34.162162719773406,-14.773719026557956,-18.30845566709773,24765.457773785703,24800.34416041946,8.473222826404376,24754.55078125,-6.0591247499624856e-05,1
2025-07-31 09:58:00+00:00,24754.55078125,24763.5,24749.25,24756.69921875,0.0,33.27647643099773,-13.945701213233406,-17.43590477632487,24764.419012591825,24798.548341628502,8.885849767375491,24765.599609375,0.0004463352303435369,1
2025-07-31 09:59:00+00:00,24765.599609375,24766.599609375,24747.55078125,24754.400390625,0.0,44.65797075389671,-12.256655939683696,-16.400055008996635,24764.5314503807,24797.25623448131,9.6117767929201,24723.55078125,-0.0016978724031814858,0
2025-08-01 03:45:00+00:00,24723.55078125,24759.19921875,24701.099609375,24736.400390625,0.0,26.28322524617809,-14.147975351410423,-15.949639077479391,24760.62852951111,24794.36582455067,13.532364164854377,24712.80078125,-0.0004348080943192291,1
2025-08-01 03:46:00+00:00,24712.80078125,24727.44921875,24712.25,24723.05078125,0.0,23.60877207434139,-16.32609767852773,-16.024930797689063,24756.0735058672,24791.167195401627,13.651425206650492,24718.150390625,0.0002164711892574651,1
2025-08-01 03:47:00+00:00,24718.150390625,24724.69921875,24709.05078125,24712.599609375,0.0,27.559145887688143,-17.4198019142641,-16.30390502100407,24752.461780606038,24788.30379129274,13.794068941889742,24722.5,0.00017596823816759777,1
2025-08-01 03:48:00+00:00,24722.5,24724.75,24710.900390625,24716.599609375,0.0,30.69718565013362,-17.731199050074792,-16.589363826818214,24749.60827769117,24785.723250457733,13.798036115683333,24726.0,0.0001415714430174942,1
2025-08-01 03:49:00+00:00,24726.0,24730.099609375,24720.099609375,24722.30078125,0.0,33.20458775602654,-17.493903939383017,-16.770271849331177,24747.359870292014,24783.38116220449,13.526747821705952,24731.19921875,0.00021027334587074334,1
2025-08-01 03:50:00+00:00,24731.19921875,24732.19921875,24713.44921875,24725.900390625,0.0,36.85917310766047,-16.693875745088008,-16.754992628482544,24745.820760621344,24781.334811480785,13.89983726301267,24726.94921875,-0.0001718477119693353,1
2025-08-01 03:51:00+00:00,24726.94921875,24732.599609375,24725.349609375,24731.5,0.0,35.16544715566316,-16.215860769556457,-16.64716625669733,24744.02347091931,24779.2020431384,13.424848887083192,24725.25,-6.871930439002613e-05,1
2025-08-01 03:52:00+00:00,24725.25,24729.05078125,24717.94921875,24726.150390625,0.0,34.48318701973545,-15.792101691637072,-16.47615334368528,24742.235521307943,24777.086276740814,13.258899859434392,24719.0,-0.0002527780305558083,1
2025-08-01 03:53:00+00:00,24719.0,24730.650390625,24718.80078125,24725.30078125,0.0,32.02224681261036,-15.778705243788863,-16.336663723705996,24740.022614516714,24774.80838353529,13.158236253403365,24712.69921875,-0.0002548962842347991,1
2025-08-01 03:54:00+00:00,24712.69921875,24722.30078125,24712.19921875,24719.900390625,0.0,29.719558848404205,-16.09102157104644,-16.287535293174088,24737.42038634845,24772.372730014307,12.93990241387455,24698.05078125,-0.0005927493945657683,1
2025-08-01 03:55:00+00:00,24698.05078125,24714.150390625,24698.05078125,24712.599609375,0.0,25.185249626827144,-17.320876709822187,-16.494203576503708,24733.6709001486,24769.45814378826,13.165595768240651,24695.05078125,-0.00012146707554255689,1
2025-08-01 03:56:00+00:00,24695.05078125,24698.25,24685.94921875,24698.25,0.0,24.3653584443332,-18.32636575917786,-16.860636013038537,24729.99279358683,24766.540208002443,13.103823302652035,24685.30078125,-0.00039481595265245613,1
2025-08-01 03:57:00+00:00,24685.30078125,24696.75,24684.599609375,24695.5,0.0,21.87312440473974,-19.683072384639672,-17.425123287358765,24725.73641145951,24763.3543481298,13.035720968534031,24682.69921875,-0.00010538913513972843,1
2025-08-01 03:58:00+00:00,24682.69921875,24687.0,24679.69921875,24687.0,0.0,21.24858427394008,-20.72924270504518,-18.08594717089605,24721.637631201465,24760.19140187961,12.626082417210172,24686.900390625,0.00017020714945991872,1
2025-08-01 03:59:00+00:00,24686.900390625,24688.30078125,24681.80078125,24682.75,0.0,24.974060842914422,-20.977524912432276,-18.664262719203293,24718.329322575137,24757.31724457551,12.18850510169516,24680.19921875,-0.00027144646630262304,1
2025-08-01 04:00:00+00:00,24680.19921875,24685.5,24673.349609375,24685.5,0.0,23.09713717383049,-21.467554313803703,-19.224921038123377,24714.6978841156,24754.29300826863,12.28581054085979,24692.55078125,0.0005004644569731143,1
2025-08-01 04:01:00+00:00,24692.55078125,24692.55078125,24672.30078125,24681.599609375,0.0,33.08028205743962,-20.62152616030653,-19.504242062560007,24712.58863622364,24751.871744463977,12.85468121651266,24698.80078125,0.0002531127729722384,1
2025-08-01 04:02:00+00:00,24698.80078125,24699.599609375,24690.30078125,24693.19921875,0.0,37.50145566946258,-19.225104944198392,-19.448414638887684,24711.27550717853,24749.790530220293,12.600691709976044,24734.69921875,0.0014534486033529273,2
2025-08-01 04:03:00+00:00,24734.69921875,24738.69921875,24695.94921875,24699.25,0.0,55.6326724214632,-15.048260202864183,-18.568383751682987,24713.50633685201,24749.198714084203,14.75421373069204,24713.94921875,-0.0008389024591117962,1
2025-08-01 04:04:00+00:00,24713.94921875,24736.30078125,24712.849609375,24736.30078125,0.0,47.122927390381975,-13.259584007202648,-17.50662380278692,24713.548516080387,24747.816380933844,15.375425026714035,24716.25,9.309646263473105e-05,1
2025-08-01 04:05:00+00:00,24716.25,24721.150390625,24711.94921875,24713.349609375,0.0,48.07142221488496,-11.523555047559055,-16.310010051741347,24713.80580026321,24746.578483642323,14.93440694444875,24721.900390625,0.00022861035250088506,1
2025-08-01 04:06:00+00:00,24721.900390625,24724.94921875,24715.94921875,24716.25,0.0,50.423394375668,-9.58135242193748,-14.964278525780577,24714.576713631,24745.6107152887,14.51052073413098,24709.5,-0.0005015953639916151,1
2025-08-01 04:07:00+00:00,24709.5,24721.94921875,24697.5,24721.94921875,0.0,45.54772736032986,-8.939699446913437,-13.75936271000715,24714.09321709472,24744.194608806796,15.220427735264485,24712.30078125,0.00011334835791901901,1
2025-08-01 04:08:00+00:00,24712.30078125,24712.30078125,24703.5,24708.900390625,0.0,46.79899525593373,-8.111678817513166,-12.629825931508352,24713.922508919022,24742.943870471237,14.761881557745593,24697.80078125,-0.0005867523274482644,1
2025-08-01 04:09:00+00:00,24697.80078125,24711.69921875,24697.19921875,24711.69921875,0.0,41.48415696147094,-8.527199078609556,-11.809300560928596,24712.38710628388,24741.17355324687,14.786144482192336,24714.25,0.0006660195737949213,1
2025-08-01 04:10:00+00:00,24714.25,24714.25,24695.599609375,24699.25,0.0,48.61371638556155,-7.443384692534892,-10.936117387249856,24712.56452473304,24740.117727629346,15.062162063821456,24717.75,0.00014161870176112971,1
2025-08-01 04:11:00+00:00,24717.75,24719.30078125,24712.44921875,24713.900390625,0.0,50.00939389709356,-6.230215191277239,-9.994936948055331,24713.058379520364,24739.24056183996,14.475690666405638,24717.25,-2.0228378392046202e-05,1
2025-08-01 04:12:00+00:00,24717.25,24718.80078125,24706.599609375,24718.30078125,0.0,49.80129720828053,-5.248612702362152,-9.045672098916697,24713.457581470804,24738.378186865844,14.313225038448094,24722.30078125,0.0002043423621155266,1
2025-08-01 04:13:00+00:00,24722.30078125,24725.30078125,24717.150390625,24717.150390625,0.0,51.97525872178831,-4.016826348335599,-8.039902948800478,24714.299790973582,24737.747700371103,13.873022580344658,24709.0,-0.000538007419604232,1
2025-08-01 04:14:00+00:00,24709.0,24722.400390625,24707.80078125,24722.400390625,0.0,46.2900049054291,-4.067006753604801,-7.245323709761343,24713.7950489761,24736.62033957224,13.924921637105754,24713.349609375,0.00017603340382047028,1
2025-08-01 04:15:00+00:00,24713.349609375,24713.400390625,24701.30078125,24708.349609375,0.0,48.28228464573488,-3.712996844587906,-6.538858336726656,24713.752626156947,24735.707761917445,13.794542189812486,24704.55078125,-0.00035603543283595066,1
2025-08-01 04:16:00+00:00,24704.55078125,24712.650390625,24701.05078125,24712.55078125,0.0,44.67239670327518,-4.095226118493883,-6.050131893080102,24712.87625997533,24734.48591953833,13.687705470897308,24706.0,5.866201587036802e-05,1
2025-08-01 04:17:00+00:00,24706.0,24707.0,24694.599609375,24706.0,0.0,45.396532348579214,-4.232417061088199,-5.686588926681721,24712.22137807292,24733.368824654477,13.595754410476072,24718.5,0.0005059499716668016,1
2025-08-01 04:18:00+00:00,24718.5,24719.69921875,24703.900390625,24706.099609375,0.0,51.31530032848697,-3.2945191721119045,-5.208174975767758,24712.819342065974,24732.785733491557,13.753116818656352,24711.55078125,-0.00028113432247102373,1
2025-08-01 04:19:00+00:00,24711.55078125,24722.69921875,24711.05078125,24717.05078125,0.0,48.18806047864475,-3.0765081431782164,-4.78184160924985,24712.69852675017,24731.9529902664,13.60278258160947,24713.099609375,6.267628198288471e-05,1
2025-08-01 04:20:00+00:00,24713.099609375,24713.099609375,24709.19921875,24710.80078125,0.0,48.93500701900625,-2.747088618878479,-4.374891011175576,24712.73672509539,24731.213641996143,12.909754584708791,24713.25,6.085461855337191e-06,1
2025-08-01 04:21:00+00:00,24713.25,24724.650390625,24711.900390625,24713.44921875,0.0,49.01187243025633,-2.4456935728412645,-3.989051523508714,24712.78560841964,24730.50918544728,12.89834354294388,24713.599609375,1.4146636925535896e-05,1
2025-08-01 04:22:00+00:00,24713.599609375,24714.94921875,24710.75,24712.69921875,0.0,49.20329371240331,-2.1537976342297043,-3.622000745652912,24712.863132320148,24729.846064816997,12.27697748630503,24705.349609375,-0.00033382429635504807,1
2025-08-01 04:23:00+00:00,24705.349609375,24716.0,24703.150390625,24714.349609375,0.0,44.91785104186722,-2.558679190773546,-3.409336434677039,24712.147558706325,24728.885419505543,12.317879764068955,24697.25,-0.00032784840138131143,1
2025-08-01 04:24:00+00:00,24697.25,24705.25,24696.05078125,24704.55078125,0.0,41.13030234753128,-3.4928580334708386,-3.426040754435799,24710.72874359144,24727.64481481905,12.102233218421174,24697.75,2.0245168996548198e-05,1
2025-08-01 04:25:00+00:00,24697.75,24701.44921875,24695.650390625,24697.44921875,0.0,41.45846862193606,-4.145073844316357,-3.5698473724119117,24709.49267277321,24726.472469139877,11.65198999746252,24693.099609375,-0.0001882920762012734,1
2025-08-01 04:26:00+00:00,24693.099609375,24703.650390625,24692.349609375,24697.5,0.0,39.26605005828794,-4.9798031608515885,-3.851838530099847,24707.931428640044,24725.16372954125,11.626903658358057,24692.099609375,-4.04971435671988e-05,1
2025-08-01 04:27:00+00:00,24692.099609375,24696.44921875,24691.349609375,24693.0,0.0,38.791003173567326,-5.65681555232004,-4.212833934543886,24706.423636329087,24723.86709737787,11.160668352403908,24689.400390625,-0.00010931507618635927,1
2025-08-01 04:28:00+00:00,24689.400390625,24692.0,24685.150390625,24690.94921875,0.0,37.47316407440612,-6.338095525097742,-4.637886252654657,24704.80237483346,24722.515461818937,10.859850523660771,24696.900390625,0.00030377408447909823,1
2025-08-01 04:29:00+00:00,24696.900390625,24699.44921875,24686.55078125,24689.05078125,0.0,43.24294224290156,-6.201342278414813,-4.950577457806689,24704.04980490885,24721.5109492231,11.005463879113574,24691.599609375,-0.0002146334627487176,1
2025-08-01 04:30:00+00:00,24691.599609375,24696.55078125,24684.650390625,24696.55078125,0.0,40.405076171148885,-6.446383198777767,-5.249738606000904,24702.864072000863,24720.337955503568,11.094359316319748,24705.44921875,0.0005609036917049929,1
2025-08-01 04:31:00+00:00,24705.44921875,24705.44921875,24691.19921875,24692.400390625,0.0,49.69424140397423,-5.460091625573114,-5.291809209915346,24703.11027645316,24719.754083474018,11.31976222229691,24708.599609375,0.00012751804661009916,1
2025-08-01 04:32:00+00:00,24708.599609375,24711.25,24703.19921875,24704.599609375,0.0,51.544457458284086,-4.373819583881414,-5.108211284708561,24703.633070064763,24719.3166531172,11.08626358141856,24725.69921875,0.0006920509314705161,1
2025-08-01 04:33:00+00:00,24725.69921875,24728.44921875,24704.94921875,24708.05078125,0.0,60.11845221730077,-2.108836243991391,-4.508336276565126,24705.734608034785,24719.56694980868,11.972959039888664,24727.0,5.2608471796566674e-05,1
2025-08-01 04:34:00+00:00,24727.0,24729.349609375,24721.150390625,24725.599609375,0.0,60.6883070843579,-0.2064782997003931,-3.64796468119218,24707.759883460043,24719.858441973047,11.703406162039473,24720.75,-0.00025276014073684637,1
2025-08-01 04:35:00+00:00,24720.75,24728.94921875,24714.400390625,24726.900390625,0.0,56.51020029262921,0.7877506116310542,-2.7608216226275326,24708.99703741623,24719.893405032926,11.906650587965226,24719.0,-7.079073248182195e-05,1
2025-08-01 04:36:00+00:00,24719.0,24722.25,24715.44921875,24721.349609375,0.0,55.36093408460441,1.418126532345923,-1.9250319916328416,24709.949700519446,24719.85836954144,11.541945635253423,24714.25,-0.0001921598770176787,1
2025-08-01 04:37:00+00:00,24714.25,24724.599609375,24713.75,24719.75,0.0,52.25452978211952,1.5169324356720608,-1.2366391061718611,24710.35925285093,24719.638433480995,11.492493045235324,24715.650390625,5.6663286363130585e-05,1
2025-08-01 04:38:00+00:00,24715.650390625,24718.599609375,24712.44921875,24714.150390625,0.0,53.09024441868465,1.6887695615187113,-0.6515573726337468,24710.863170734174,24719.482039643503,11.1109143009328,24727.05078125,0.00046126201191631726,1
2025-08-01 04:39:00+00:00,24727.05078125,24727.05078125,24714.94921875,24714.94921875,0.0,59.33109187389167,2.71358742152006,0.0214715861970145,24712.40484792616,24719.778853039843,11.181674886580456,24737.80078125,0.0004347465492387591,1
2025-08-01 04:40:00+00:00,24737.80078125,24737.80078125,24721.650390625,24727.349609375,0.0,64.17150449130224,4.343133181671874,0.8858039052919865,24714.823508242716,24720.4855953226,11.536583153610424,24738.0,8.053211834052675e-06,1
2025-08-01 04:41:00+00:00,24738.0,24741.55078125,24736.150390625,24738.69921875,0.0,64.25640777718826,5.586240521603031,1.8258912285541955,24717.03079317198,24721.172434721717,11.098283687281109,24746.0,0.0003233891179561808,1
2025-08-01 04:42:00+00:00,24746.0,24746.599609375,24736.099609375,24738.599609375,0.0,67.5789288589663,7.1347007962322095,2.8876531420897984,24719.78976525084,24722.146064732628,11.0555491381896,24746.94921875,3.835847207629516e-05,1
2025-08-01 04:43:00+00:00,24746.94921875,24747.349609375,24739.05078125,24745.0,0.0,67.95949479137832,8.342295945341903,3.978581702740219,24722.37637986981,24723.11873743919,10.858640494390343,24745.650390625,-5.248437346838365e-05,1
2025-08-01 04:44:00+00:00,24745.650390625,24747.30078125,24740.25,24746.599609375,0.0,66.80398147276394,9.089738380454946,5.000813038283165,24724.59295232268,24724.00233168177,10.58665054836246,24748.849609375,0.0001292840842531275,1
2025-08-01 04:45:00+00:00,24748.849609375,24749.44921875,24743.80078125,24745.599609375,0.0,68.2365942232556,9.8269629990682,5.966043030440172,24726.903110137187,24724.976734728567,10.233921044908,24745.650390625,-0.0001292673720393096,1
2025-08-01 04:46:00+00:00,24745.650390625,24752.05078125,24743.650390625,24749.80078125,0.0,65.20608491421478,10.03736411907812,6.780307248167762,24728.68856542174,24725.78746633235,10.102954586343143,24737.94921875,-0.00031121315275340765,1
2025-08-01 04:47:00+00:00,24737.94921875,24746.400390625,24737.19921875,24744.69921875,0.0,58.47387404268538,9.47348388838509,7.318942576211228,24729.570532405385,24726.26439779971,10.038541535532918,24741.599609375,0.00014756237846236687,1
2025-08-01 04:48:00+00:00,24741.599609375,24741.599609375,24735.099609375,24737.400390625,0.0,60.552863450870255,9.214936704636784,7.69814140189634,24730.716158783445,24726.8657786458,9.78578856870914,24751.349609375,0.0003940731461964797,1
2025-08-01 04:49:00+00:00,24751.349609375,24751.69921875,24742.099609375,24742.150390625,0.0,65.51842043992002,9.68513550136413,8.095540221789898,24732.68124931597,24727.82592887048,9.808204340587055,24766.099609375,0.0005959271002504519,1
2025-08-01 04:50:00+00:00,24766.099609375,24766.900390625,24748.5,24752.650390625,0.0,71.38649512966603,11.119791134111438,8.700390404254208,24735.86395027397,24729.326857517717,10.42193193233084,24774.55078125,0.0003412395172553081,1
2025-08-01 04:51:00+00:00,24774.55078125,24775.25,24765.05078125,24765.849609375,0.0,74.10558851383328,12.791255370488216,9.51856339750101,24739.54841036693,24731.1003447229,10.406023847878638,24768.75,-0.0002341427419297619,1
2025-08-01 04:52:00+00:00,24768.75,24777.55078125,24767.349609375,24774.5,0.0,69.24178985716189,13.492297446049632,10.313310207210735,24742.329514141507,24732.576801792595,10.391391564101593,24756.80078125,-0.00048243123896038356,1
2025-08-01 04:53:00+00:00,24756.80078125,24768.150390625,24752.05078125,24768.150390625,0.0,60.44148953643905,12.934574528655505,10.83756307149969,24743.7077300566,24733.52676177132,10.841950648808622,24756.099609375,-2.8322394367330568e-05,1
2025-08-01 04:54:00+00:00,24756.099609375,24761.94921875,24755.5,24757.150390625,0.0,59.95991900389328,12.2942756315133,11.128905583502412,24744.887909039306,24734.41197148127,10.528184084608004,24766.099609375,0.00040394085327613783,1
2025-08-01 04:55:00+00:00,24766.099609375,24767.0,24755.400390625,24756.44921875,0.0,64.3255070415562,12.450232043935102,11.39317087558895,24746.90807097604,24735.65462394769,10.604714462493147,24763.599609375,-0.00010094443773672161,1
2025-08-01 04:56:00+00:00,24763.599609375,24768.05078125,24761.30078125,24768.05078125,0.0,62.49112069732095,12.231106930659736,11.560758086603109,24748.497741299747,24736.75050572916,10.329377715172209,24766.400390625,0.00011310073229174972,1
2025-08-01 04:57:00+00:00,24766.400390625,24766.400390625,24762.05078125,24763.55078125,0.0,63.73871850747562,12.143466022189386,11.677299673720364,24750.2027555212,24737.913246313303,9.902251405159909,24757.349609375,-0.00036544597144710846,1
2025-08-01 04:58:00+00:00,24757.349609375,24766.5,24755.599609375,24766.5,0.0,57.12619300877354,11.214414771708109,11.584722693317914,24750.88340826918,24738.67545662945,9.973547063719916,24764.44921875,0.000286767747235413,1
2025-08-01 04:59:00+00:00,24764.44921875,24764.80078125,24754.69921875,24757.05078125,0.0,60.58084578235099,10.92507662222488,11.452793479099308,24752.17539021973,24739.686192398884,9.982691023454208,24758.25,-0.0002503273420394249,1
2025-08-01 05:00:00+00:00,24758.25,24770.19921875,24756.25,24764.69921875,0.0,56.3139180296675,10.079360318530236,11.178106846985491,24752.75392448452,24740.414184853827,10.266014432493192,24773.0,0.0005957610089566104,1
2025-08-01 05:01:00+00:00,24773.0,24773.05078125,24756.650390625,24758.0,0.0,62.9928281129168,10.478535746478885,11.038192626884172,24754.682122152662,24741.6920599576,10.704184160529392,24779.25,0.0002522908004682517,1
2025-08-01 05:02:00+00:00,24779.25,24780.75,24771.55078125,24773.150390625,0.0,65.40624779919978,11.170442013430147,11.064642504193367,24757.021920042887,24743.164920351417,10.596686631205865,24780.19921875,3.8307000817216016e-05,1
2025-08-01 05:03:00+00:00,24780.19921875,24780.19921875,24775.69921875,24779.0,0.0,65.77134438348708,11.660956487387011,11.183905300832096,24759.22928182452,24744.617245778813,10.161209014691162,24778.099609375,-8.472931780997649e-05,1
2025-08-01 05:04:00+00:00,24778.099609375,24782.349609375,24777.400390625,24779.69921875,0.0,64.15839597749695,11.744884099600313,11.29610106058574,24761.02645587695,24745.93027964533,9.788923995784652,24776.80078125,-5.241839146165098e-05,1
2025-08-01 05:05:00+00:00,24776.80078125,24779.25,24772.400390625,24778.94921875,0.0,63.12706697121289,11.573184297492844,11.351517707967162,24762.528772579142,24747.140887551395,9.578972951442893,24779.05078125,9.081075558805403e-05,1
2025-08-01 05:06:00+00:00,24779.05078125,24781.849609375,24776.75,24777.400390625,0.0,64.20064701396603,11.486260699861305,11.378466306345992,24764.102297214467,24748.392255931733,9.259018410268398,24781.650390625,0.000104911580267921,1
2025-08-01 05:07:00+00:00,24781.650390625,24783.55078125,24778.55078125,24779.25,0.0,65.45222269590536,11.494636854706188,11.40170041601803,24765.773544205946,24749.69649650794,8.954802809534941,24775.80078125,-0.00023604599705001614,1
2025-08-01 05:08:00+00:00,24775.80078125,24784.099609375,24775.80078125,24782.099609375,0.0,60.340206887193496,10.903570850903634,11.30207450299515,24766.728519162523,24750.720193948804,8.907947474925303,24771.30078125,-0.00018162884177715623,1
2025-08-01 05:09:00+00:00,24771.30078125,24775.599609375,24769.30078125,24775.0,0.0,56.67316724739232,9.957253373835556,11.033110277163232,24767.163972694663,24751.527275803757,8.735951226716352,24774.19921875,0.00011700788447064104,1
2025-08-01 05:10:00+00:00,24774.19921875,24776.599609375,24771.099609375,24771.099609375,0.0,58.42571441110816,9.333577961617266,10.69320381405404,24767.833996128506,24752.41637160557,8.50481185337947,24768.349609375,-0.000236116991041745,1
2025-08-01 05:11:00+00:00,24768.349609375,24774.44921875,24767.55078125,24774.19921875,0.0,53.70432678400594,8.271942312880128,10.20895151381926,24767.88310215198,24753.041204459278,8.39007082813808,24758.25,-0.0004077627106481582,1
2025-08-01 05:12:00+00:00,24758.25,24769.19921875,24756.0,24766.900390625,0.0,46.689074615017546,6.540242497623694,9.475209710580147,24766.96566385179,24753.245470951068,8.73358139398536,24761.80078125,0.00014341810305655691,1
2025-08-01 05:13:00+00:00,24761.80078125,24762.150390625,24757.30078125,24758.55078125,0.0,49.20147657258363,5.392218155215232,8.658611399507166,24766.473770270662,24753.580973315733,8.456154821200693,24769.44921875,0.00030888050378757224,1
2025-08-01 05:14:00+00:00,24769.44921875,24770.55078125,24761.05078125,24761.5,0.0,54.20758173440144,5.041450870932749,7.935179293792283,24766.75714631632,24754.20325745041,8.530715191114929,24768.849609375,-2.420761841349735e-05,1
2025-08-01 05:15:00+00:00,24768.849609375,24772.599609375,24768.19921875,24769.349609375,0.0,53.76029001490873,4.661348679590446,7.280413170951915,24766.95642851238,24754.777624192557,8.235692007821005,24757.80078125,-0.0004460775651372207,1
2025-08-01 05:16:00+00:00,24757.80078125,24768.55078125,24756.05078125,24768.55078125,0.0,46.19600728872545,3.429039036178437,6.5101383439972205,24766.084462106443,24754.89617937128,8.561630301905218,24769.75,0.00048264459576108983,1
2025-08-01 05:17:00+00:00,24769.75,24769.75,24756.650390625,24757.75,0.0,53.771695502794095,3.3776909362277365,5.883648862443324,24766.433560953446,24755.47868214103,8.88577166426913,24758.349609375,-0.000460254569585886,1
2025-08-01 05:18:00+00:00,24758.349609375,24772.150390625,24757.69921875,24769.5,0.0,46.97580021991418,2.389535868613166,5.184826263677292,24765.66366080312,24755.59126752276,9.283300250749908,24757.650390625,-2.8241735052292572e-05,1
2025-08-01 05:19:00+00:00,24757.650390625,24759.80078125,24756.5,24758.900390625,0.0,46.58690303003167,1.53233099092904,4.454327209127642,24764.900492214725,24755.67201744833,8.855977464982056,24742.25,-0.0006220457265537475,1
2025-08-01 05:20:00+00:00,24742.25,24758.69921875,24742.25,24757.80078125,0.0,38.94037769152633,-0.3852519231113547,3.486411382679843,24762.74330247999,24755.14566382291,9.398351842483338,24747.05078125,0.00019403171700229364,1
2025-08-01 05:21:00+00:00,24747.05078125,24747.80078125,24735.30078125,24741.599609375,0.0,42.12916048653033,-1.5002730589185376,2.489074494360167,24761.248776648565,24754.828217447503,9.619898139448813,24749.19921875,8.681590056895985e-05,1
2025-08-01 05:22:00+00:00,24749.19921875,24750.900390625,24746.55078125,24747.5,0.0,43.54995287985245,-2.18538266037649,1.5541830634128355,24760.101199705845,24754.60747240054,9.243448941988182,24750.19921875,4.0405347710902894e-05,1
2025-08-01 05:23:00+00:00,24750.19921875,24753.5,24748.25,24748.25,0.0,44.2362072207368,-2.617472716665361,0.7198519073971965,24759.158153900524,24754.43459970837,8.958202588989026,24739.849609375,-0.0004181626694608361,1
2025-08-01 05:24:00+00:00,24739.849609375,24750.05078125,24739.849609375,24749.099609375,0.0,38.95757554818641,-3.751785927812307,-0.1744756596447042,24757.31924489809,24753.862639303137,9.057588787989811,24740.599609375,3.0315463183567314e-05,1
2025-08-01 05:25:00+00:00,24740.599609375,24744.19921875,24735.94921875,24740.400390625,0.0,39.520787151727525,-4.537908404607151,-1.0471622086371937,24755.726898657795,24753.342520482427,8.999903874561967,24740.80078125,8.131244924386132e-06,1
2025-08-01 05:26:00+00:00,24740.80078125,24741.69921875,24738.19921875,24740.19921875,0.0,39.68154814816208,-5.086054373270599,-1.854940641563875,24754.30536366657,24752.850687571357,8.60705359780754,24744.94921875,0.00016767595910411776,1
2025-08-01 05:27:00+00:00,24744.94921875,24744.94921875,24740.05078125,24740.75,0.0,43.043707125647146,-5.126623244748771,-2.5092771622008545,24753.414302245947,24752.540826048946,8.342152447964144,24741.400390625,-0.00014341626218860635,1
2025-08-01 05:28:00+00:00,24741.400390625,24745.400390625,24738.30078125,24744.94921875,0.0,40.94130936711152,-5.383082316482614,-3.0840381930572067,24752.270120186808,24752.1039462284,8.253399371323848,24743.400390625,8.083616805934069e-05,1
2025-08-01 05:29:00+00:00,24743.400390625,24744.75,24739.44921875,24741.5,0.0,42.641633445228926,-5.363121961665456,-3.539854946778857,24751.425384038062,24751.762630322384,8.042498076943573,24751.80078125,0.00033950025026401845,1
2025-08-01 05:30:00+00:00,24751.80078125,24753.25,24743.44921875,24743.44921875,0.0,49.25059216287994,-4.616248676989926,-3.755133692821072,24751.46113615349,24751.7641264372,8.171577455376175,24759.849609375,0.00032518151693824044,1
2025-08-01 05:31:00+00:00,24759.849609375,24759.849609375,24750.55078125,24752.349609375,0.0,54.6431743380778,-3.3364129633337143,-3.6713895469236,24752.260038365064,24752.08120419946,8.252095360349305,24767.0,0.000288789743791198,1
2025-08-01 05:32:00+00:00,24767.0,24771.150390625,24759.849609375,24760.05078125,0.0,58.82863142986227,-1.7252693433656532,-3.282165506212011,24753.66384423506,24752.666255015167,8.469858638181497,24767.19921875,8.043717446602333e-06,1
2025-08-01 05:33:00+00:00,24767.19921875,24768.650390625,24765.25,24766.849609375,0.0,58.9423103332793,-0.4274240503036708,-2.7112172150303437,24754.9529275222,24753.23617516163,8.107753780097104,24767.25,2.0503428567553197e-06,1
2025-08-01 05:34:00+00:00,24767.25,24771.349609375,24765.900390625,24766.849609375,0.0,58.97340657397226,0.5983281627813994,-2.049308139467995,24756.124077281987,24753.78573692,7.917858420804454,24761.19921875,-0.0002443057364059393,1
2025-08-01 05:35:00+00:00,24761.19921875,24767.599609375,24760.19921875,24766.349609375,0.0,53.74966271526336,0.912478222460777,-1.4569508670822404,24756.607424088463,24754.076461697645,7.88089643538985,24756.849609375,-0.00017566230684442504,1
2025-08-01 05:36:00+00:00,24756.849609375,24761.849609375,24753.599609375,24761.099609375,0.0,50.30044229130015,0.8012311883358052,-1.0053144559986311,24756.630489353847,24754.185212586955,7.907260975719146,24748.19921875,-0.00034941403132829324,1
2025-08-01 05:37:00+00:00,24748.19921875,24756.900390625,24746.75,24756.900390625,0.0,44.22247452250066,0.0148813403684471,-0.8012752967252155,24755.8275112011,24753.950467730607,8.06748452209635,24722.650390625,-0.0010323509964976934,0
2025-08-01 05:38:00+00:00,24722.650390625,24748.099609375,24722.650390625,24748.099609375,0.0,31.944992065908963,-2.639457466051681,-1.1689117305905086,24752.66778543195,24752.723013726467,9.316151922303757,24721.349609375,-5.261495953901711e-05,1
2025-08-01 05:39:00+00:00,24721.349609375,24724.30078125,24718.099609375,24722.0,0.0,31.466002751490848,-4.792754380305269,-1.8936802605334608,24749.685101997955,24751.492684144054,9.093653347496344,24719.75,-6.470558445536424e-05,1
2025-08-01 05:40:00+00:00,24719.75,24722.25,24714.55078125,24721.05078125,0.0,30.85334262202436,-6.552796250380197,-2.825503458502808,24746.834139902912,24750.24787300115,8.994050876246606,24723.0,0.00013147382153945732,1
2025-08-01 05:41:00+00:00,24723.0,24725.849609375,24718.69921875,24719.05078125,0.0,33.67877354804858,-7.59781143348664,-3.779965053499575,24744.56422181692,24749.17932896189,8.86236085830042,24723.19921875,8.058033005703191e-06,1
2025-08-01 05:42:00+00:00,24723.19921875,24724.599609375,24720.30078125,24723.150390625,0.0,33.85718704181197,-8.314078683117259,-4.686787779423112,24742.52945962007,24748.160501110444,8.536394234493248,24710.400390625,-0.0005176849489322323,1
2025-08-01 05:43:00+00:00,24710.400390625,24722.5,24708.94921875,24722.5,0.0,28.544417128739013,-9.80149853045441,-5.709729929629371,24739.469548287205,24746.67971246396,8.944508932029445,24710.25,-6.0861265953852146e-06,1
2025-08-01 05:44:00+00:00,24710.25,24712.69921875,24707.099609375,24710.75,0.0,28.48784988114059,-10.867154944688082,-6.741214932641114,24736.68673416461,24745.2510962889,8.70558753509877,24706.349609375,-0.0001578450491192926,1
2025-08-01 05:45:00+00:00,24706.349609375,24711.25,24705.55078125,24710.849609375,0.0,26.99375168941144,-11.889370989232702,-7.770846143959432,24733.797484184648,24743.725547782476,8.490846907591715,24717.94921875,0.00046949911898755154,1
2025-08-01 05:46:00+00:00,24717.94921875,24717.94921875,24706.30078125,24706.75,0.0,37.49320409765692,-11.629436133942365,-8.542564141956019,24732.288125571824,24742.71471134983,8.716389092763736,24713.099609375,-0.0001961978856773963,1
2025-08-01 05:47:00+00:00,24713.099609375,24718.0,24710.5,24717.44921875,0.0,35.213078892263326,-11.680117708758187,-9.170074855316454,24730.460647838798,24741.5533348018,8.629504157566327,24672.150390625,-0.0016569843280389552,0
2025-08-01 05:48:00+00:00,24672.150390625,24713.400390625,24671.099609375,24712.94921875,0.0,22.674145154921572,-14.85332308550278,-10.30672450135372,24724.90729000891,24738.831650716435,11.034595378454446,24689.25,0.0006930733277913855,1
2025-08-01 05:49:00+00:00,24689.25,24689.849609375,24670.25,24670.25,0.0,33.34744397547567,-15.806112611891876,-11.406602123461353,24721.511357627107,24736.887272256965,11.646382092493411,24691.80078125,0.00010331546118249845,1
2025-08-01 05:50:00+00:00,24691.80078125,24691.80078125,24686.05078125,24690.349609375,0.0,34.79334176005787,-16.16899236775862,-12.359080172320809,24718.681778924525,24735.119174570416,11.225211943029596,24695.75,0.00015994049137958718,1
2025-08-01 05:51:00+00:00,24695.75,24695.75,24690.650390625,24692.05078125,0.0,37.06951098889877,-15.954000454345078,-13.078064228725662,24716.497799979334,24733.57528537157,10.787668902456051,24701.900390625,0.00024904652116254823,1
2025-08-01 05:52:00+00:00,24701.900390625,24705.55078125,24694.650390625,24695.25,0.0,40.5500029448042,-15.113118073990336,-13.485074997778598,24715.10757051701,24732.333132636417,10.795720454066336,24700.69921875,-4.8626698999072774e-05,1
2025-08-01 05:53:00+00:00,24700.69921875,24702.94921875,24699.30078125,24702.30078125,0.0,40.08373575432979,-14.377897805057728,-13.663639559234426,24713.7353465392,24731.09258699381,10.285200243061595,24701.099609375,1.6209687889971486e-05,1
2025-08-01 05:54:00+00:00,24701.099609375,24704.69921875,24698.650390625,24700.099609375,0.0,40.33003505463276,-13.606079848716035,-13.652127617130748,24712.53194299975,24729.916391793075,9.982602234628626,24704.5,0.00013766150814231053,1
2025-08-01 05:55:00+00:00,24704.5,24706.650390625,24701.05078125,24701.05078125,0.0,42.49213271044296,-12.575067897469124,-13.436715673198425,24711.766996047398,24728.919670546285,9.669531316083724,24698.25,-0.0002529903458884009,1
2025-08-01 05:56:00+00:00,24698.25,24705.099609375,24696.30078125,24705.099609375,0.0,39.64844700540549,-12.122564882702136,-13.173885515099167,24710.4796630905,24727.716938368,9.607338231006311,24696.25,-8.097739718401102e-05,1
2025-08-01 05:57:00+00:00,24696.25,24700.349609375,24694.69921875,24698.900390625,0.0,38.75466478322415,-11.78943500067544,-12.896995412214425,24709.12445708188,24726.482940784943,9.324699116291574,24690.44921875,-0.00023488510401376727,1
2025-08-01 05:58:00+00:00,24690.44921875,24697.0,24688.75,24696.30078125,0.0,36.205371974744494,-11.856823654346954,-12.688961060640931,24707.34586295504,24725.06985364632,9.24793489369932,24692.69921875,9.112835412858115e-05,1
2025-08-01 05:59:00+00:00,24692.69921875,24694.75,24689.19921875,24691.099609375,0.0,37.91140824071354,-11.59501335560708,-12.470171519634162,24705.95094445932,24723.80041698372,8.98385249057794,24681.599609375,-0.00044950976305464785,1
2025-08-01 06:00:00+00:00,24681.599609375,24694.5,24681.150390625,24692.650390625,0.0,33.1952349289232,-12.143193346844782,-12.404775885076289,24703.631769689386,24722.145483352007,9.295692268036658,24689.0,0.0002998343195790703,1
2025-08-01 06:01:00+00:00,24689.0,24689.0,24681.69921875,24681.69921875,0.0,38.67299756890054,-11.843950573918846,-12.292610822844798,24702.23826781421,24720.84566047546,9.160313579248326,24679.30078125,-0.0003928558771112641,1
2025-08-01 06:02:00+00:00,24679.30078125,24689.400390625,24678.30078125,24689.400390625,0.0,34.66147200352012,-12.24825416409294,-12.283739491094426,24700.053745284284,24719.216449525444,9.298834707516304,24680.94921875,6.679433565040035e-05,1
2025-08-01 06:03:00+00:00,24680.94921875,24683.75,24677.55078125,24679.19921875,0.0,35.87884449319034,-12.29393570438333,-12.285778733752208,24698.23426656673,24717.715773808763,9.07743356769371,24682.150390625,4.866797724649405e-05,1
2025-08-01 06:04:00+00:00,24682.150390625,24685.05078125,24679.75,24680.94921875,0.0,36.80283830665651,-12.093804274929424,-12.247383841987652,24696.702468857995,24716.3210528996,8.807672687858444,24678.900390625,-0.00013167410248154249,1
2025-08-01 06:05:00+00:00,24678.900390625,24682.400390625,24674.0,24682.349609375,0.0,35.31981153665866,-12.058444274356589,-12.20959592846144,24695.007032835805,24714.85357594765,8.778581111939983,24677.05078125,-7.49469930071369e-05,1
2025-08-01 06:06:00+00:00,24677.05078125,24684.30078125,24676.599609375,24679.19921875,0.0,34.46853274427963,-12.040869588447094,-12.175850660458574,24693.29691363716,24713.37111341049,8.701623309301413,24683.099609375,0.00024511957197073127,1
2025-08-01 06:07:00+00:00,24683.099609375,24683.44921875,24675.599609375,24676.900390625,0.0,39.59591456685514,-11.407354760871383,-12.022151480541137,24692.32574180267,24712.183995605177,8.640765171137026,24678.150390625,-0.00020051042325819625,1
2025-08-01 06:08:00+00:00,24678.150390625,24685.30078125,24676.94921875,24683.19921875,0.0,37.04208846957936,-11.175822363074984,-11.852885657047906,24690.97570835718,24710.849344429487,8.620107837484381,24669.44921875,-0.00035258606245893917,1
2025-08-01 06:09:00+00:00,24669.44921875,24679.44921875,24667.75,24677.80078125,0.0,33.010974570157046,-11.561173114223491,-11.794543148483024,24688.92556648983,24709.22581008912,8.840044331235497,24672.94921875,0.00014187588741704972,1
2025-08-01 06:10:00+00:00,24672.94921875,24673.650390625,24667.099609375,24669.55078125,0.0,36.026776532187974,-11.452132556129072,-11.726061030012236,24687.404009562222,24707.803198664053,8.676525539718677,24667.69921875,-0.00021278364225750147,1
2025-08-01 06:11:00+00:00,24667.69921875,24674.349609375,24666.400390625,24672.599609375,0.0,33.5843995926153,-11.654996705136,-11.711848165036988,24685.527362818204,24706.230493569383,8.624575054738772,24666.69921875,-4.053884357564635e-05,1
2025-08-01 06:12:00+00:00,24666.69921875,24669.0,24660.30078125,24667.849609375,0.0,33.12376938262342,-11.76088745771267,-11.721656023572123,24683.73420624028,24704.68024749804,8.629906747257431,24664.05078125,-0.00010736894614528856,1
2025-08-01 06:13:00+00:00,24664.05078125,24669.19921875,24664.05078125,24666.849609375,0.0,31.876777429941328,-11.921094458077278,-11.761543710473155,24681.859594336445,24703.086935096155,8.381230372453329,24646.849609375,-0.0006974187665911149,1
2025-08-01 06:14:00+00:00,24646.849609375,24664.599609375,24644.650390625,24664.400390625,0.0,25.232628213670864,-13.282933089896687,-12.065821586357863,24678.525310054403,24700.88154977376,9.207515256563806,24654.349609375,0.00030429852572911394,1
2025-08-01 06:15:00+00:00,24654.349609375,24660.849609375,24646.900390625,24647.19921875,0.0,31.89783736816108,-13.600237623770226,-12.372704793840336,24676.22286237065,24699.056767797338,9.549835595380676,24658.75,0.00017848333842587836,1
2025-08-01 06:16:00+00:00,24658.75,24659.25,24652.650390625,24653.849609375,0.0,35.52927723632054,-13.342821267131512,-12.566728088498571,24674.55878024012,24697.47611023666,9.33910515106777,24658.19921875,-2.2336138287626095e-05,1
2025-08-01 06:17:00+00:00,24658.19921875,24661.5,24657.099609375,24658.94921875,0.0,35.27572554681154,-13.033023808035068,-12.659987232405872,24673.000726764865,24695.935839982285,8.986339827777215,24659.900390625,6.899010993902731e-05,1
2025-08-01 06:18:00+00:00,24659.900390625,24660.599609375,24656.55078125,24658.44921875,0.0,36.77648977885595,-12.506074494693166,-12.62920468486333,24671.753075703928,24694.52268510553,8.633660420435985,24666.94921875,0.00028584171117251416,1
2025-08-01 06:19:00+00:00,24666.94921875,24668.900390625,24658.5,24660.099609375,0.0,42.70462691822323,-11.388403421617111,-12.381044432214088,24671.29556551784,24693.44137269943,8.759855435047701,24662.599609375,-0.0001763334953352783,1
2025-08-01 06:20:00+00:00,24662.599609375,24667.30078125,24662.05078125,24667.30078125,0.0,40.19977922586928,-10.729930212837644,-12.0508215883388,24670.467379218524,24692.231891784748,8.509151475401437,24669.0,0.00025951808513191034,1
2025-08-01 06:21:00+00:00,24669.0,24669.25,24660.849609375,24663.19921875,0.0,45.2854702366735,-9.581181521196411,-11.556893574910324,24670.32762881676,24691.320837204952,8.501382843229905,24672.400390625,0.0001378406350074993,1
2025-08-01 06:22:00+00:00,24672.400390625,24674.0,24668.150390625,24668.900390625,0.0,47.82423811971342,-8.300721253999654,-10.90565911072819,24670.525034703263,24690.5788589077,8.311970452642054,24674.900390625,0.00010132779788017498,1
2025-08-01 06:23:00+00:00,24674.900390625,24675.19921875,24669.650390625,24673.150390625,0.0,49.673148939507584,-7.003486329511361,-10.125224554484824,24670.94173526724,24689.96401701426,8.114603143524764,24665.55078125,-0.00037891173731150287,1
2025-08-01 06:24:00+00:00,24665.55078125,24675.75,24665.19921875,24675.75,0.0,43.469215769704064,-6.653160155576188,-9.430811674703095,24670.428311075124,24689.006635219583,8.288615865415853,24662.650390625,-0.00011758872326519417,1
2025-08-01 06:25:00+00:00,24662.650390625,24666.849609375,24661.75,24666.0,0.0,41.72812274576183,-6.53423878533431,-8.851497096829341,24669.68755674654,24687.97305700019,8.060829687529006,24657.849609375,-0.00019465796149082656,1
2025-08-01 06:26:00+00:00,24657.849609375,24664.5,24657.849609375,24662.69921875,0.0,38.94739366443481,-6.749570816791675,-8.431111840821808,24668.560133187348,24686.791745328614,7.960084040205506,24656.650390625,-4.863436061934828e-05,1
2025-08-01 06:27:00+00:00,24656.650390625,24658.650390625,24656.19921875,24657.099609375,0.0,38.2614903676473,-6.937024236693105,-8.132294319996069,24667.42587199093,24685.60973141867,7.566590314119398,24667.19921875,0.00042782892071223497,1
2025-08-01 06:28:00+00:00,24667.19921875,24669.0,24656.30078125,24656.94921875,0.0,47.0886994957289,-6.163333085769409,-7.7385020731507375,24667.40428596799,24684.887750529702,7.933206630968011,24659.400390625,-0.00031616188185126283,1
2025-08-01 06:29:00+00:00,24659.400390625,24668.900390625,24658.44921875,24666.55078125,0.0,42.276176746155365,-6.109056130364479,-7.412612884593487,24666.64201022104,24683.888246219714,8.113061291256011,24657.05078125,-9.528250232285752e-05,1
2025-08-01 06:30:00+00:00,24657.05078125,24661.349609375,24656.349609375,24659.099609375,0.0,40.91931543513212,-6.184345803416363,-7.166959468358062,24665.728559842843,24682.83579661306,7.89069977045201,24654.44921875,-0.00010550988125385661,1
2025-08-01 06:31:00+00:00,24654.44921875,24657.05078125,24652.349609375,24656.69921875,0.0,39.41103908732757,-6.3803886150271865,-7.009645297691888,24664.65433688162,24681.722597481177,7.662876349348295,24648.599609375,-0.00023726384325597924,1
2025-08-01 06:32:00+00:00,24648.599609375,24654.75,24646.150390625,24654.349609375,0.0,36.181664737084,-6.927907934776158,-6.993297825108742,24663.12531521432,24680.42365677113,7.729785851180559,24650.599609375,8.114051230883347e-05,1
2025-08-01 06:33:00+00:00,24650.599609375,24652.0,24646.400390625,24648.400390625,0.0,38.05073019401676,-7.118381385469547,-7.018314537180904,24661.932390848677,24679.254086285007,7.5776303885962335,24650.69921875,4.040849982493612e-06,1
2025-08-01 06:34:00+00:00,24650.69921875,24659.19921875,24649.30078125,24650.69921875,0.0,38.147890407308346,-7.178545519087493,-7.050360733562223,24660.862564934512,24678.134287558147,7.743402325125074,24652.5,7.305193390337083e-05,1
2025-08-01 06:35:00+00:00,24652.5,24655.099609375,24649.900390625,24652.849609375,0.0,39.98058236185759,-7.000223808736337,-7.040333348597046,24660.06613017884,24677.1290213794,7.561674926901854,24660.05078125,0.0003062886624074637,1
2025-08-01 06:36:00+00:00,24660.05078125,24660.05078125,24652.05078125,24653.30078125,0.0,47.06340794835322,-6.178396912495373,-6.867946061376712,24660.064668376093,24676.459286472364,7.592983860694579,24663.599609375,0.00014391000880250874,1
2025-08-01 06:37:00+00:00,24663.599609375,24666.30078125,24660.05078125,24660.599609375,0.0,50.04709507324033,-5.181008959174505,-6.53055864093627,24660.401329423607,24675.954985409724,7.4970564420735375,24663.44921875,-6.097675415669426e-06,1
2025-08-01 06:38:00+00:00,24663.44921875,24666.19921875,24661.80078125,24663.75,0.0,49.9186903599398,-4.352533786804997,-6.094953670110016,24660.69160459755,24675.464563187776,7.275726517639713,24670.599609375,0.00028991851713766083,1
2025-08-01 06:39:00+00:00,24670.599609375,24671.05078125,24663.150390625,24664.650390625,0.0,55.7339196838271,-3.08344049606967,-5.492651035301947,24661.63522410017,24675.273780685315,7.320345382451163,24666.55078125,-0.00016411551357111795,1
2025-08-01 06:40:00+00:00,24666.55078125,24671.19921875,24662.55078125,24671.19921875,0.0,52.048526215044426,-2.3769811529455183,-4.86951705883066,24662.10337240015,24674.931702276088,7.415209105133223,24665.150390625,-5.677285962756054e-05,1
2025-08-01 06:41:00+00:00,24665.150390625,24667.69921875,24663.900390625,24666.80078125,0.0,50.79737421364698,-1.9081113339379956,-4.277235913852127,24662.39356461204,24674.548121427026,7.156896177980849,24659.19921875,-0.00024127855621192509,1
2025-08-01 06:42:00+00:00,24659.19921875,24665.849609375,24656.150390625,24665.849609375,0.0,45.76291005318575,-1.993755684186908,-3.820539867919084,24662.08934119661,24673.946203674983,7.338490647410788,24660.44921875,5.069102159041496e-05,1
2025-08-01 06:43:00+00:00,24660.44921875,24661.69921875,24658.94921875,24660.150390625,0.0,46.95215667200089,-1.938419996389712,-3.444115893613209,24661.93313905884,24673.41691014852,7.010741315452875,24654.05078125,-0.00025946151439670844,1
2025-08-01 06:44:00+00:00,24654.05078125,24661.650390625,24653.69921875,24661.099609375,0.0,41.88897114055882,-2.383392235333304,-3.231971161957228,24661.18243831514,24672.65745411328,7.077914926849098,24658.55078125,0.00018252578612445945,1
2025-08-01 06:45:00+00:00,24658.55078125,24659.30078125,24649.900390625,24654.94921875,0.0,46.27683506498021,-2.3458816848142305,-3.0547532665286288,24660.931804308937,24672.1042512559,7.243806048145591,24653.150390625,-0.00021900681321087117,1
2025-08-01 06:46:00+00:00,24653.150390625,24660.05078125,24653.150390625,24658.94921875,0.0,42.16233921662315,-2.7205597741849488,-2.9879145680598933,24660.190717291414,24671.36096260371,7.219276375063763,24654.55078125,5.680371890857952e-05,1
2025-08-01 06:47:00+00:00,24654.55078125,24655.5,24651.849609375,24653.349609375,0.0,43.56360635254303,-2.871395380963804,-2.9646107306406755,24659.653580525566,24670.70173980553,6.964355964344923,24652.900390625,-6.694060823266495e-05,1
2025-08-01 06:48:00+00:00,24652.900390625,24655.400390625,24648.80078125,24655.19921875,0.0,42.26402547355566,-3.0885040642715467,-2.9893893973668497,24659.010419582653,24670.0036476808,6.938302636534572,24653.599609375,2.836253499267367e-05,1
2025-08-01 06:49:00+00:00,24653.599609375,24653.94921875,24647.099609375,24652.650390625,0.0,43.03931812660305,-3.1676286986112245,-3.025037257615725,24658.495104324786,24669.360352060965,6.931967403567817,24658.94921875,0.00021699100576638347,1
2025-08-01 06:50:00+00:00,24658.94921875,24659.19921875,24653.75,24654.400390625,0.0,48.71364901090439,-2.7667731349283717,-2.9733844330782544,24658.53835331766,24668.95207232328,6.836798972955831,24662.849609375,0.00015817343190091199,1
2025-08-01 06:51:00+00:00,24662.849609375,24662.849609375,24655.5,24658.599609375,0.0,52.43418202801111,-2.110040057854349,-2.800715558033473,24658.94894913265,24668.712760050803,6.873428287387557,24669.650390625,0.0002757500190657143,1
2025-08-01 06:52:00+00:00,24669.650390625,24671.05078125,24662.400390625,24663.25,0.0,58.13676408323656,-1.0289470908319345,-2.446361864593165,24659.96813403668,24668.74952987724,7.000354168645588,24671.94921875,9.318446303858463e-05,1
2025-08-01 06:53:00+00:00,24671.94921875,24671.94921875,24662.650390625,24670.80078125,0.0,59.88737656068819,0.0131712618640449,-1.954455239301724,24661.109189723666,24668.87500787225,7.164530879813761,24674.349609375,9.729229756908584e-05,1
2025-08-01 06:54:00+00:00,24674.349609375,24675.94921875,24672.80078125,24672.94921875,0.0,61.688908052912886,1.0209798072864942,-1.35936822998408,24662.37018207141,24669.089698127264,6.938492959827063,24672.69921875,-6.688689473593806e-05,1
2025-08-01 06:55:00+00:00,24672.69921875,24675.25,24666.80078125,24675.25,0.0,59.70349861215756,1.6672832068907155,-0.7540379426091209,24663.353899850325,24669.23124795561,7.046401944839416,24668.44921875,-0.00017225517006952428,1
2025-08-01 06:56:00+00:00,24668.44921875,24673.55078125,24667.400390625,24673.19921875,0.0,54.811342527239184,1.815614551804174,-0.2401074437264619,24663.83916831696,24669.20058014362,6.982401136279457,24665.25,-0.00012968868539852668,1
2025-08-01 06:57:00+00:00,24665.25,24669.0,24663.55078125,24669.0,0.0,51.39721455050645,1.6559294710168615,0.1390999392222027,24663.973533239157,24669.045655432103,6.872888108688067,24662.5,-0.0001114928897943463,1
2025-08-01 06:58:00+00:00,24662.5,24666.94921875,24661.400390625,24666.44921875,0.0,48.59516470949485,1.2925758667443006,0.3697951247266223,24663.833196740183,24668.78896306222,6.77831239556749,24664.75,9.123162696401419e-05,1
2025-08-01 06:59:00+00:00,24664.75,24665.94921875,24660.19921875,24663.5,0.0,50.95128994379692,1.1726540871350153,0.530366917208301,24663.92051133636,24668.630572353897,6.704861510169812,24670.25,0.0002229902999219534,1
2025-08-01 07:00:00+00:00,24670.25,24670.5,24662.5,24665.30078125,0.0,56.23225642290089,1.5040811363032844,0.7251097610272977,24664.52331978052,24668.69407932041,6.7973714023005405,24691.80078125,0.0008735534196045845,2
2025-08-01 07:01:00+00:00,24691.80078125,24697.69921875,24669.19921875,24670.849609375,0.0,69.90520590861806,3.465756318575586,1.2732390725369551,24667.121173253803,24669.600224494123,8.347559159279074,24673.650390625,-0.000735077639164443,1
2025-08-01 07:03:00+00:00,24673.650390625,24676.849609375,24672.75,24676.55078125,0.0,54.4710899647133,3.5152911115947063,1.7216494803485056,24667.74300347963,24669.75905453847,9.112075022901998,24660.400390625,-0.0005370101217383898,1
2025-08-01 07:04:00+00:00,24660.400390625,24674.349609375,24657.69921875,24674.30078125,0.0,46.41467008475146,2.457060067816201,1.868731597842045,24667.043707017285,24669.39204811049,9.650526137337568,24645.349609375,-0.0006103218525081923,1
2025-08-01 07:05:00+00:00,24645.349609375,24660.849609375,24640.5,24660.849609375,0.0,39.30358269645362,0.3993288646524888,1.5748510512041336,24664.977602479925,24668.44920737577,10.41474636859917,24648.849609375,0.000142014621641586,1
2025-08-01 07:06:00+00:00,24648.849609375,24652.400390625,24646.0,24646.44921875,0.0,41.54635920413008,-0.9382021790152066,1.0722404051602656,24663.4416031366,24667.680595689468,10.174463145842086,24657.25,0.00034080254284179557,1
2025-08-01 07:07:00+00:00,24657.25,24660.150390625,24648.44921875,24648.69921875,0.0,46.642426273797575,-1.3053169675986285,0.5967289306084869,24662.8519266474,24667.271552721253,10.283513769353366,24654.30078125,-0.00011960858368228412,1
2025-08-01 07:08:00+00:00,24654.30078125,24658.349609375,24653.30078125,24658.349609375,0.0,45.15405090231836,-1.8133324205628012,0.1147166603742292,24662.037531847644,24666.762895016494,9.909607651899554,24646.25,-0.00032654672794950047,1
2025-08-01 07:09:00+00:00,24646.25,24655.150390625,24645.55078125,24655.0,0.0,41.28145598476439,-2.8329130327656458,-0.4748092782537458,24660.533957385964,24665.95846776095,9.8874649178353,24638.400390625,-0.00031849102297509764,1
2025-08-01 07:10:00+00:00,24638.400390625,24646.69921875,24636.349609375,24646.69921875,0.0,37.871040493100914,-4.225625507766381,-1.2249725241562728,24658.425998646824,24664.877758853658,9.920475236204208,24647.44921875,0.0003672652437470377,1
2025-08-01 07:11:00+00:00,24647.44921875,24647.44921875,24636.30078125,24638.75,0.0,43.6503081543447,-4.546782889799943,-1.8893345972850069,24657.380591037603,24664.19428669273,10.008186826475336,24642.400390625,-0.00020484181061459358,1
2025-08-01 07:12:00+00:00,24642.400390625,24647.05078125,24640.05078125,24647.05078125,0.0,41.33968650605516,-5.14934225162142,-2.541336128152289,24655.953905284023,24663.33962410184,9.821776160298526,24613.25,-0.0011829363277487378,0
2025-08-01 07:13:00+00:00,24613.25,24643.349609375,24611.150390625,24643.349609375,0.0,31.102594297154937,-7.888138243059075,-3.610696551133647,24651.88686668554,24661.375325117457,11.420164916705774,24635.44921875,0.0009019214752216794,2
2025-08-01 07:14:00+00:00,24635.44921875,24637.349609375,24614.30078125,24614.30078125,0.0,42.73293321634642,-8.173147415916901,-4.523186724090298,24650.32137640597,24660.358615063837,12.325839520869648,24634.30078125,-4.6617274554341235e-05,1
2025-08-01 07:15:00+00:00,24634.30078125,24636.650390625,24632.900390625,24636.150390625,0.0,42.3347882302193,-8.394917167690437,-5.297532812810326,24648.79560543873,24659.336739228,11.713279555093246,24635.94921875,6.691635028077118e-05,1
2025-08-01 07:16:00+00:00,24635.94921875,24636.5,24633.0,24635.349609375,0.0,43.15350194686348,-8.341500538252149,-5.90632635789869,24647.572140039807,24658.419581562197,11.126616729729443,24648.30078125,0.0005013633690476775,1
2025-08-01 07:17:00+00:00,24648.30078125,24648.30078125,24636.650390625,24636.75,0.0,48.99669931299732,-7.219280238397914,-6.168917133998535,24647.641534440776,24658.02276586368,11.21411285617734,24645.099609375,-0.00012987393749410654,1
2025-08-01 07:18:00+00:00,24645.099609375,24648.650390625,24642.94921875,24648.650390625,0.0,47.6302256835433,-6.513140948049113,-6.237761896808651,24647.399446339277,24657.51597541314,10.820331357521818,24642.0,-0.0001257698051186171,1
2025-08-01 07:19:00+00:00,24642.0,24647.150390625,24641.599609375,24645.55078125,0.0,46.28421053565717,-6.132936372156109,-6.216796791878143,24646.88521335458,24656.90750578909,10.44393492127026,24640.44921875,-6.293244257771285e-05,1
2025-08-01 07:20:00+00:00,24640.44921875,24643.55078125,24635.150390625,24641.80078125,0.0,45.59004100059328,-5.888873326970497,-6.151212098896614,24646.27226148748,24656.262082767957,10.29796747153667,24643.75,0.00013395783578037574,1
2025-08-01 07:21:00+00:00,24643.75,24643.900390625,24636.650390625,24640.599609375,0.0,47.39839145667816,-5.367235988702305,-5.994416876857753,24646.03204610772,24655.771412855484,10.080255509284047,24644.19921875,1.822850621354299e-05,1
2025-08-01 07:22:00+00:00,24644.19921875,24649.05078125,24643.69921875,24644.55078125,0.0,47.65337882728997,-4.861545569958253,-5.7678426154778535,24645.85749112127,24655.317601321934,9.742491722906616,24645.55078125,5.484302768384104e-05,1
2025-08-01 07:23:00+00:00,24645.55078125,24645.849609375,24640.75,24645.400390625,0.0,48.46285293391404,-4.30213019265284,-5.474700130912851,24645.82828065734,24654.9345887701,9.410857269484715,24649.900390625,0.00017648659644925135,1
2025-08-01 07:24:00+00:00,24649.900390625,24650.0,24644.349609375,24645.650390625,0.0,51.08441626189624,-3.4678372808848508,-5.07332756090725,24646.21610065426,24654.737169235,9.14225250916438,24652.69921875,0.00011354318194585757,1
2025-08-01 07:25:00+00:00,24652.69921875,24653.349609375,24647.5,24650.650390625,0.0,52.74994805229415,-2.551401134562184,-4.568942275638237,24646.8335404729,24654.65724960813,8.907063713866926,24648.849609375,-0.00015615366661643764,1
2025-08-01 07:26:00+00:00,24648.849609375,24655.849609375,24648.400390625,24653.30078125,0.0,50.21724826205689,-2.1114111565620988,-4.0774360518230095,24647.025547035,24654.42949901076,8.802931930733575,24652.30078125,0.00014001350690570863,1
2025-08-01 07:27:00+00:00,24652.30078125,24653.19921875,24647.150390625,24649.900390625,0.0,52.42269281955834,-1.467320840110915,-3.5554130094805907,24647.527950293574,24654.346019882887,8.606210230324034,24647.150390625,-0.0002089212958539462,1
2025-08-01 07:28:00+00:00,24647.150390625,24652.900390625,24643.80078125,24652.900390625,0.0,48.93832038348833,-1.3568274415774797,-3.1156958958999685,24647.4919922299,24654.063838343365,8.641453026372318,24644.80078125,-9.532985914240688e-05,1
2025-08-01 07:29:00+00:00,24644.80078125,24649.69921875,24644.400390625,24647.349609375,0.0,47.39078934945139,-1.4422293450988946,-2.781002585739754,24647.235686422293,24653.70058120245,8.402694104845724,24643.0,-7.306941800763313e-05,1
2025-08-01 07:30:00+00:00,24643.0,24646.55078125,24640.0,24645.69921875,0.0,46.185352274023465,-1.63635607184915,-2.5520732829616333,24646.83228771541,24653.28095056706,8.270414615213886,24644.150390625,4.6682247494217426e-05,1
2025-08-01 07:31:00+00:00,24644.150390625,24644.150390625,24637.25,24643.30078125,0.0,47.11087281005192,-1.6780326760308526,-2.377265161575477,24646.576868944896,24652.92288939286,8.172555758770036,24641.400390625,-0.00011158834678456357,1
2025-08-01 07:32:00+00:00,24641.400390625,24647.19921875,24640.849609375,24644.849609375,0.0,45.113478025161214,-1.9109356260196364,-2.283999254464309,24646.08387100967,24652.47102669608,8.042345302786462,24640.80078125,-2.433341309725748e-05,1
2025-08-01 07:33:00+00:00,24640.80078125,24642.19921875,24635.849609375,24642.19921875,0.0,44.66877791589979,-2.119464489958773,-2.251092301563202,24645.580719603982,24652.01337001192,7.921435593658857,24639.400390625,-5.683218810265304e-05,1
2025-08-01 07:34:00+00:00,24639.400390625,24640.94921875,24634.5,24640.94921875,0.0,43.58810473150018,-2.3704004361825355,-2.274953928487069,24644.99211684408,24651.51874336929,7.816277247683224,24652.44921875,0.0005295919510267354,1
2025-08-01 07:35:00+00:00,24652.44921875,24652.44921875,24639.25,24640.19921875,0.0,54.607982749197895,-1.499057404744235,-2.1197746237385022,24645.7023170256,24651.555232599912,8.200773069277279,24659.400390625,0.00028196678607142706,1
2025-08-01 07:36:00+00:00,24659.400390625,24661.099609375,24649.19921875,24653.0,0.0,59.18229567694637,-0.2447885279252659,-1.744777404575855,24647.00689546364,24651.8628858558,8.465031466114615,24661.75,9.528250232285752e-05,1
2025-08-01 07:37:00+00:00,24661.75,24666.94921875,24660.5,24660.5,0.0,60.62664144172712,0.9281236023816746,-1.210197203184349,24648.411000657576,24652.25061582224,8.399588370320714,24661.25,-2.0274311433697932e-05,1
2025-08-01 07:38:00+00:00,24661.25,24665.5,24659.80078125,24663.05078125,0.0,60.13895854918567,1.796608905584435,-0.6088359814305926,24649.633762499718,24652.603532848814,8.206704826012091,24652.69921875,-0.0003467294338283745,1
2025-08-01 07:39:00+00:00,24652.69921875,24661.19921875,24651.44921875,24661.05078125,0.0,52.3791200202968,1.7744583293970209,-0.1321771192650699,24649.925710714026,24652.6072852371,8.320567427725512,24646.25,-0.0002616029463051634,1
2025-08-01 07:40:00+00:00,24646.25,24654.19921875,24645.25,24654.19921875,0.0,47.41027707498119,1.2224145494255936,0.1387412144730627,24649.575643026976,24652.357979933684,8.365471093602261,24647.19921875,3.851371912562763e-05,1
2025-08-01 07:41:00+00:00,24647.19921875,24651.099609375,24646.80078125,24647.25,0.0,48.189317985541976,0.8516921201116929,0.2813313956007888,24649.34931690536,24652.15567557354,8.1143381137021,24657.75,0.0004280722185250828,1
2025-08-01 07:42:00+00:00,24657.75,24658.349609375,24646.19921875,24647.80078125,0.0,55.992764583050686,1.393191944778664,0.5037035054363639,24650.14938196199,24652.375060845166,8.402627578794808,24661.94921875,0.00017030015917916274,1
2025-08-01 07:43:00+00:00,24661.94921875,24662.849609375,24656.19921875,24657.900390625,0.0,58.66141290557091,2.136547525988135,0.8302723095467182,24651.2731759418,24652.750518017907,8.277467796380893,24655.400390625,-0.0002655438167888633,1
2025-08-01 07:44:00+00:00,24655.400390625,24663.05078125,24655.400390625,24663.05078125,0.0,53.23917744387261,2.172186862822855,1.0986552202019455,24651.66624400687,24652.85443459073,8.232676569853686,24655.150390625,-1.0139766381366912e-05,1
2025-08-01 07:45:00+00:00,24655.150390625,24657.599609375,24653.650390625,24656.099609375,0.0,53.03763288109793,2.155412133986829,1.3100066029589224,24651.99806749431,24652.944472082272,7.926715297006994,24655.849609375,2.8359946661119314e-05,1
2025-08-01 07:46:00+00:00,24655.849609375,24658.099609375,24653.400390625,24655.349609375,0.0,53.56708108024188,2.173484572831512,1.4827021969334404,24652.36488100676,24653.05839903493,7.696179829363637,24659.5,0.00014805373502975927,1
2025-08-01 07:47:00+00:00,24659.5,24660.19921875,24653.900390625,24656.5,0.0,56.3347875673905,2.4540740881857346,1.6769765751838994,24653.04441614897,24653.31101083748,7.596368993337663,24649.94921875,-0.00038730636265942134,1
2025-08-01 07:48:00+00:00,24649.94921875,24659.94921875,24649.94921875,24659.94921875,0.0,48.23393096423354,1.8840568385312508,1.7183926278533697,24652.749635444303,24653.17917585366,7.7680569223849725,24651.349609375,5.681109573786837e-05,1
2025-08-01 07:49:00+00:00,24651.349609375,24653.05078125,24648.900390625,24651.0,0.0,49.38325755660848,1.527703466705134,1.6802547956237226,24652.616299628186,24653.10742814861,7.509652186857474,24649.900390625,-5.878861697084758e-05,1
2025-08-01 07:50:00+00:00,24649.900390625,24652.099609375,24648.5,24651.599609375,0.0,48.19082972275899,1.1154923096728453,1.5673022984335472,24652.35764162788,24652.98166197122,7.23036341458194,24654.150390625,0.00017241448982148366,1
2025-08-01 07:51:00+00:00,24654.150390625,24654.150390625,24648.44921875,24650.25,0.0,51.86180799575483,1.1188540264192852,1.4776126440306947,24652.528379627605,24653.02749446745,7.121135447468944,24658.94921875,0.00019464585268469866,1
2025-08-01 07:52:00+00:00,24658.94921875,24658.94921875,24653.349609375,24655.25,0.0,55.68038946843412,1.4915498768459656,1.4804000905937489,24653.139888115453,24653.25971894912,7.012455013721163,24664.099609375,0.00020886496741247116,1
2025-08-01 07:53:00+00:00,24664.099609375,24664.099609375,24657.650390625,24659.44921875,0.0,59.40259395556427,2.1774077026566374,1.6198016130063266,24654.183671092556,24653.68481269131,6.9722238520267945,24661.599609375,-0.0001013619000731627,1
2025-08-01 07:54:00+00:00,24661.599609375,24665.19921875,24661.55078125,24664.19921875,0.0,56.90435309766949,2.490516737663711,1.7939446379378037,24654.889950928977,24653.99519687499,6.734810541167738,24676.0,0.0005839195694153494,1
2025-08-01 07:55:00+00:00,24676.0,24676.44921875,24657.94921875,24663.05078125,0.0,65.82109163729042,3.856197236742446,2.2063951576987324,24656.90043179288,24654.85813033087,7.575181216798613,24682.75,0.0002735451450802399,1
2025-08-01 07:56:00+00:00,24682.75,24683.69921875,24674.94921875,24676.0,0.0,69.05331217388031,5.420691106544837,2.8492543474679533,24659.362295431656,24655.951929141425,7.659096844170142,24681.55078125,-4.858529742431455e-05,1
2025-08-01 07:57:00+00:00,24681.55078125,24684.75,24679.75,24683.80078125,0.0,67.82610191688678,6.488995735515346,3.577202625077432,24661.475484557213,24656.955805694703,7.469161355300846,24683.25,6.884570443162174e-05,1
2025-08-01 07:58:00+00:00,24683.25,24684.5,24681.400390625,24682.19921875,0.0,68.67558168869716,7.387588086014148,4.339279717264775,24663.549247932715,24657.98695056942,7.157050499565072,24683.75,2.025665177802761e-05,1
2025-08-01 07:59:00+00:00,24683.75,24683.75,24678.05078125,24683.0,0.0,68.93548946353641,8.047310433714301,5.08088586055468,24665.47312908198,24658.997266233364,7.052919660310423,24677.599609375,-0.0002491675950777333,1
2025-08-01 08:00:00+00:00,24677.599609375,24684.349609375,24677.55078125,24684.19921875,0.0,62.10884779322792,7.981850223975925,5.661078733238929,24666.62803196703,24659.72676988598,7.034770264931107,24689.19921875,0.0004700460968089181,1
2025-08-01 08:01:00+00:00,24689.19921875,24691.400390625,24677.849609375,24678.400390625,0.0,68.4539008236102,8.76492744314237,6.281848475219617,24668.7776688035,24660.882552194376,7.5180567638646,24689.55078125,1.423952623514046e-05,1
2025-08-01 08:02:00+00:00,24689.55078125,24692.650390625,24686.5,24690.30078125,0.0,68.62538329605722,9.306609139715874,6.886800608118868,24670.75606046507,24662.006796471065,7.42036632537427,24681.55078125,-0.0003240237163843193,1
2025-08-01 08:03:00+00:00,24681.55078125,24690.80078125,24680.69921875,24688.94921875,0.0,60.55824537780535,8.986768769344053,7.306794240363905,24671.784129111256,24662.773227246707,7.611880337847537,24671.5,-0.0004072183850633626,1
2025-08-01 08:04:00+00:00,24671.5,24683.599609375,24671.19921875,24682.400390625,0.0,52.24824698649937,7.831996541623084,7.411834700615741,24671.7570691959,24663.11545362919,7.953916786929855,24666.849609375,-0.0001884924153375352,1
2025-08-01 08:05:00+00:00,24666.849609375,24674.849609375,24666.0,24672.599609375,0.0,48.90437483255742,6.4670356120259385,7.222874882897781,24671.2896920701,24663.26189110942,8.017894828934866,24663.44921875,-0.000137852651589023,1
2025-08-01 08:06:00+00:00,24663.44921875,24670.400390625,24663.44921875,24668.55078125,0.0,46.55800553267186,5.052667134568765,6.7888333332319775,24670.542980325325,24663.26923729141,7.941700332225232,24659.400390625,-0.00016416309369745178,1
2025-08-01 08:07:00+00:00,24659.400390625,24664.55078125,24658.099609375,24664.55078125,0.0,43.859650814253634,3.5639799911514274,6.1438626648158685,24669.481781306247,24663.11751781429,7.835234013852001,24618.19921875,-0.0016708099638409635,0
2025-08-01 08:08:00+00:00,24618.19921875,24660.849609375,24615.599609375,24660.5,0.0,26.823174864084606,-0.9296886609954528,4.7291523996536045,24664.597727729462,24661.356015890204,10.50771729857686,24636.25,0.0007332291484688268,1
2025-08-01 08:09:00+00:00,24636.25,24639.55078125,24617.0,24617.0,0.0,38.15699456957682,-2.999826124523679,3.183356694818148,24661.89794413618,24660.37146624745,11.36793615224994,24643.30078125,0.00028619539296767977,1
2025-08-01 08:10:00+00:00,24643.30078125,24645.150390625,24638.599609375,24638.900390625,0.0,41.93974424139813,-4.025087158628594,1.7416679241287996,24660.126785766068,24659.7020276201,11.191682900303515,24646.349609375,0.00012371833432799388,1
2025-08-01 08:11:00+00:00,24646.349609375,24646.349609375,24639.94921875,24643.44921875,0.0,43.54771780194404,-4.539273051064811,0.4854797290900775,24658.814673728823,24659.178403375197,10.84944773778184,24654.94921875,0.00034892020568144796,1
2025-08-01 08:12:00+00:00,24654.94921875,24655.94921875,24647.19921875,24647.349609375,0.0,47.92830323019364,-4.2043869135050045,-0.4524935994289389,24658.44653515941,24659.012552997738,10.760173569011709,24656.650390625,6.899920417220998e-05,1
2025-08-01 08:13:00+00:00,24656.650390625,24659.19921875,24653.25,24655.900390625,0.0,48.77511290862806,-3.758392474803258,-1.113673374503803,24658.275473775186,24658.9199191792,10.4165339390823,24668.599609375,0.00048462457635946185,1
2025-08-01 08:14:00+00:00,24668.599609375,24671.75,24656.5,24657.30078125,0.0,54.38630732884904,-2.412921917701169,-1.3735230831432763,24659.258724784693,24659.299514873157,10.761781514862136,24668.099609375,-2.0268681964823862e-05,1
2025-08-01 08:15:00+00:00,24668.099609375,24671.75,24667.69921875,24669.5,0.0,54.11916630834869,-1.3711666730487195,-1.3730518011243649,24660.10071379329,24659.644616618327,10.28242435308627,24668.44921875,1.4172529726089339e-05,1
2025-08-01 08:16:00+00:00,24668.44921875,24669.849609375,24664.5,24669.19921875,0.0,54.288240257820966,-0.5114617685721896,-1.20073379461393,24660.89580950345,24659.98989513329,9.930080426080108,24664.69921875,-0.00015201604149277852,1
2025-08-01 08:17:00+00:00,24664.69921875,24669.900390625,24663.69921875,24668.849609375,0.0,52.0716784070753,-0.1312204699825088,-0.986831129687646,24661.258038955508,24660.17457449081,9.663729815288672,24667.94921875,0.0001317672666986899,1
2025-08-01 08:18:00+00:00,24667.94921875,24672.44921875,24662.69921875,24665.55078125,0.0,53.831062834285625,0.4274440285698802,-0.7039760980361407,24661.89529417403,24660.47946250097,9.669891971339482,24665.5,-9.928748953878824e-05,1
2025-08-01 08:19:00+00:00,24665.5,24668.75,24664.599609375,24668.75,0.0,52.27373184209292,0.6648937037498399,-0.4302021376789446,24662.23859949079,24660.676346324468,9.275641875172376,24659.900390625,-0.00022702192840201902,1
2025-08-01 08:20:00+00:00,24659.900390625,24665.849609375,24659.150390625,24664.94921875,0.0,48.79786124654713,0.3966601520660333,-0.2648296797299491,24662.015912932144,24660.645916689195,9.09161165194578,24658.44921875,-5.884743458054253e-05,1
2025-08-01 08:21:00+00:00,24658.44921875,24660.849609375,24657.25,24659.94921875,0.0,47.9087808843017,0.0662223178187559,-0.198619280220208,24661.67622777194,24660.55977167197,8.699325775021082,24664.25,0.000235245176959026,1
2025-08-01 08:22:00+00:00,24664.25,24664.55078125,24656.80078125,24659.0,0.0,51.69725529590562,0.2693179910675098,-0.1050318259626645,24661.92134893652,24660.704486508363,8.631516791091006,24659.650390625,-0.00018648892121187548,1
2025-08-01 08:23:00+00:00,24659.650390625,24664.25,24659.650390625,24664.25,0.0,48.67438537947541,0.058448975905776,-0.0723356655889764,24661.705067192564,24660.663149414897,8.343523404227362,24658.650390625,-4.055207531977727e-05,1
2025-08-01 08:24:00+00:00,24658.650390625,24661.400390625,24657.05078125,24660.650390625,0.0,48.01701390638901,-0.1871999559189134,-0.0953085236549638,24661.4141456147,24660.584217697648,8.058243830711122,24656.900390625,-7.096900975023899e-05,1
2025-08-01 08:25:00+00:00,24656.900390625,24666.650390625,24656.75,24661.349609375,0.0,46.82518848734609,-0.5171277520130388,-0.1796723693265788,24660.98426418711,24660.43975389088,8.1898257445889,24653.05078125,-0.0001561270603365738,1
2025-08-01 08:26:00+00:00,24653.05078125,24658.55078125,24652.849609375,24656.75,0.0,44.22475229255117,-1.0768163429493145,-0.3591011640511259,24660.22869438358,24660.149990257905,8.012064753903978,24653.150390625,4.0404482140505874e-06,1
2025-08-01 08:27:00+00:00,24653.150390625,24656.75,24651.30078125,24652.349609375,0.0,44.31093196778809,-1.495101341912232,-0.5863011996233471,24659.554570216093,24659.87549615465,7.8290043250536945,24653.25,4.040431888894778e-06,1
2025-08-01 08:28:00+00:00,24653.25,24654.94921875,24650.19921875,24653.69921875,0.0,44.40344351025019,-1.7978332702514308,-0.828607613748964,24658.954134957417,24659.615672776043,7.609075444692716,24643.849609375,-0.00038130431586099194,1
2025-08-01 08:29:00+00:00,24643.849609375,24654.0,24637.5,24654.0,0.0,37.98956585429213,-2.764416987381992,-1.2157694884755696,24657.515608711477,24658.997395779923,8.244141484357522,24650.75,0.0002800045745440257,1
2025-08-01 08:30:00+00:00,24650.75,24651.94921875,24644.55078125,24644.55078125,0.0,44.34467748118126,-2.939750083565741,-1.560565607493604,24656.871265024667,24658.67396849444,8.233817762260555,24649.400390625,-5.474922162611685e-05,1
2025-08-01 08:31:00+00:00,24649.400390625,24651.30078125,24646.849609375,24650.349609375,0.0,43.40766805469888,-3.151279039739165,-1.8787082939427164,24656.15975317708,24658.310298774068,7.963628770313372,24640.650390625,-0.00035497820885444013,1
2025-08-01 08:32:00+00:00,24640.650390625,24648.849609375,24640.400390625,24648.849609375,0.0,37.82696844511904,-3.9791005405604665,-2.2987867432662665,24654.682671029263,24657.61775335645,8.03765528671956,24640.44921875,-8.164227478205674e-06,1
2025-08-01 08:33:00+00:00,24640.44921875,24642.55078125,24639.25,24641.099609375,0.0,37.70693911977269,-4.59838066325392,-2.758705527263797,24653.327104145526,24656.94447748953,7.699307141239591,24644.599609375,0.00016843810712029492,1
2025-08-01 08:34:00+00:00,24644.599609375,24645.5,24636.900390625,24640.30078125,0.0,41.80940536238787,-4.700083152103616,-3.1469810522317614,24652.495914167383,24656.460365014456,7.763614443651049,24646.25,6.696763798800685e-05,1
2025-08-01 08:35:00+00:00,24646.25,24649.099609375,24645.19921875,24645.44921875,0.0,43.405512123138834,-4.594547295484517,-3.436494300882313,24651.90106519906,24656.0599585433,7.530499126247402,24649.5,0.00013186590252066744,1
2025-08-01 08:36:00+00:00,24649.5,24650.5,24643.30078125,24646.30078125,0.0,46.51658082752279,-4.200243734932883,-3.589244187692427,24651.67239232296,24655.80270526709,7.50683624222973,24643.0,-0.0002636970323941662,1
2025-08-01 08:37:00+00:00,24643.0,24650.599609375,24639.55078125,24649.849609375,0.0,41.59209448000994,-4.361968936951598,-3.743789137544261,24650.846450196965,24655.300638393877,7.759835662427607,24642.80078125,-8.084192265552084e-06,1
2025-08-01 08:38:00+00:00,24642.80078125,24645.599609375,24638.44921875,24643.55078125,0.0,41.447267127827246,-4.454859762612614,-3.886003262557933,24650.08019601154,24654.810447917644,7.716303874039921,24644.75,7.909891279416196e-05,1
2025-08-01 08:39:00+00:00,24644.75,24646.0,24641.599609375,24643.25,0.0,43.51956824263176,-4.321376608782884,-3.9730779318029232,24649.572558296157,24654.415920548323,7.479452927679927,24646.900390625,8.725552602481259e-05,1
2025-08-01 08:40:00+00:00,24646.900390625,24648.099609375,24641.150390625,24646.0,0.0,45.798636657076464,-3.996008200701908,-3.977663985582721,24649.318066136995,24654.121193884665,7.441579057845646,24661.0,0.0005720642008340774,1
2025-08-01 08:41:00+00:00,24661.0,24661.349609375,24646.849609375,24647.44921875,0.0,57.81755768998537,-2.5707962134511035,-3.696290431156397,24650.430631266805,24654.390950987225,7.945751982285243,24658.5,-0.00010137464012002758,1
2025-08-01 08:42:00+00:00,24658.5,24663.94921875,24657.150390625,24661.400390625,0.0,55.46888593121995,-1.6243105116045626,-3.2818944472460303,24651.19914257473,24654.5520901642,7.863828849622011,24647.099609375,-0.0004623310673804165,1
2025-08-01 08:43:00+00:00,24647.099609375,24658.69921875,24647.099609375,24658.69921875,0.0,46.24362141734526,-1.7736840940706315,-2.9802523766109505,24650.808710841426,24654.2598360156,8.130670315720439,24651.75,0.00018867902100866806,1
2025-08-01 08:44:00+00:00,24651.75,24657.05078125,24645.599609375,24646.349609375,0.0,49.903692230234455,-1.4995304225667496,-2.68410798580211,24650.898357427952,24654.16141107381,8.367848998526123,24650.44921875,-5.27662843408683e-05,1
2025-08-01 08:45:00+00:00,24650.44921875,24652.0,24645.69921875,24651.44921875,0.0,48.90075316123754,-1.3714150198466086,-2.4215693926110102,24650.85558231577,24654.01583490425,8.220201302202828,24653.25,0.0001136198868079705,1
2025-08-01 08:46:00+00:00,24653.25,24655.150390625,24648.599609375,24650.80078125,0.0,51.17603160213327,-1.0319868978331217,-2.1436528936554327,24651.08362209522,24653.985802162908,8.100957012759768,24655.30078125,8.31850263149889e-05,1
2025-08-01 08:47:00+00:00,24655.30078125,24655.30078125,24648.900390625,24653.900390625,0.0,52.8321484628789,-0.5906975640828023,-1.8330618277409068,24651.48525630044,24654.037369970243,7.979487985062641,24653.849609375,-5.885841295854704e-05,1
2025-08-01 08:48:00+00:00,24653.849609375,24659.69921875,24652.099609375,24655.599609375,0.0,51.50090657322405,-0.3539894599889521,-1.537247354190516,24651.71043278373,24654.030006809648,7.952353798629595,24642.150390625,-0.0004745392275594638,1
2025-08-01 08:49:00+00:00,24642.150390625,24654.400390625,24640.69921875,24653.5,0.0,42.25657195762397,-1.09777133614989,-1.449352150582391,24650.799952578134,24653.56413950829,8.36298366122748,24644.400390625,9.130696649169071e-05,1
2025-08-01 08:50:00+00:00,24644.400390625,24644.849609375,24640.80078125,24641.900390625,0.0,44.32633641144008,-1.4885090301722812,-1.4571835265003692,24650.190470487363,24653.204776806982,8.054829694354089,24638.44921875,-0.00024148170702760903,1
2025-08-01 08:51:00+00:00,24638.44921875,24646.400390625,24636.349609375,24644.75,0.0,40.21990940348047,-2.2524168428099074,-1.616230189762277,24649.072256036183,24652.62612747142,8.197397662614511,24637.150390625,-5.271549818206839e-05,1
2025-08-01 08:52:00+00:00,24637.150390625,24639.849609375,24631.400390625,24639.150390625,0.0,39.36282729635946,-2.928861767606577,-1.878756505331137,24647.93684028274,24652.019235830387,8.215384883142047,24634.650390625,-0.00010147277426009898,1
2025-08-01 08:53:00+00:00,24634.650390625,24637.5,24632.69921875,24637.0,0.0,37.697620089759226,-3.624892842388362,-2.2279837727425824,24646.671464124855,24651.33810464586,7.971484623631901,24631.05078125,-0.00014611976699169528,1
2025-08-01 08:54:00+00:00,24631.05078125,24634.849609375,24629.75,24634.75,0.0,35.377005015125675,-4.416055340094317,-2.6655980862129294,24645.183780041534,24650.542523336226,7.766350677301051,24631.849609375,3.243175177926617e-05,1
2025-08-01 08:55:00+00:00,24631.849609375,24633.75,24629.69921875,24631.80078125,0.0,36.31395436793222,-4.921862399947713,-3.1168509489598866,24643.91385902568,24649.809467886764,7.500952861065261,24629.400390625,-9.943300194021223e-05,1
2025-08-01 08:56:00+00:00,24629.400390625,24634.349609375,24627.650390625,24632.150390625,0.0,34.654929246918215,-5.457439655961935,-3.584968690360296,24642.531623939896,24649.009111915715,7.443686138846313,24625.150390625,-0.00017255799705208135,1
2025-08-01 08:57:00+00:00,24625.150390625,24629.94921875,24623.75,24629.44921875,0.0,31.92902200892958,-6.153889760746097,-4.098752904437457,24640.8762683861,24648.07347578667,7.354795611071576,24622.900390625,-9.13700003577072e-05,1
2025-08-01 08:58:00+00:00,24622.900390625,24626.25,24618.44921875,24625.900390625,0.0,30.558589560402865,-6.808898933886667,-4.640782110327299,24639.1642800279,24647.08629597641,7.386651728137892,24628.44921875,0.00022535233611685641,1
2025-08-01 08:59:00+00:00,24628.44921875,24628.900390625,24621.44921875,24622.80078125,0.0,37.66437034956659,-6.801846909322194,-5.072995070126279,24638.143798001434,24646.355430202824,7.391260310056614,24627.69921875,-3.0452587304157746e-05,1
2025-08-01 09:00:00+00:00,24627.69921875,24628.69921875,24622.44921875,24628.30078125,0.0,37.11159638153791,-6.778636953789828,-5.414123446858989,24637.149076167967,24645.623814067418,7.309741716481142,24639.75,0.0004893181918035317,1
2025-08-01 09:01:00+00:00,24639.75,24640.150390625,24625.25,24628.44921875,0.0,49.84792837229282,-5.72188720853228,-5.475676199193647,24637.39678319959,24645.393468417715,7.851930924232489,24637.150390625,-0.00010550469769376718,1
2025-08-01 09:02:00+00:00,24637.150390625,24639.44921875,24634.0,24638.849609375,0.0,47.60801388248718,-5.0361189285322325,-5.387764745061364,24637.373317240104,24645.070210465063,7.701793001073026,24650.19921875,0.0005296403162747822,1
2025-08-01 09:03:00+00:00,24650.19921875,24651.0,24635.19921875,24637.30078125,0.0,57.84707509640968,-3.4005122612543346,-4.990314248299958,24638.594831669616,24645.271348044866,8.280292161710667,24642.69921875,-0.0003042571759134173,1
2025-08-01 09:04:00+00:00,24642.69921875,24650.69921875,24640.25,24649.80078125,0.0,51.604583193549765,-2.6785923679562984,-4.5279698722312265,24638.985725677278,24645.170480229383,8.43521548944562,24648.30078125,0.0002273112393360673,1
2025-08-01 09:05:00+00:00,24648.30078125,24652.099609375,24642.150390625,24642.25,0.0,55.46971790772413,-1.6356120542004646,-3.949498308625074,24639.87287382706,24645.29323713215,8.543358579485218,24649.099609375,3.240905456686368e-05,1
2025-08-01 09:06:00+00:00,24649.099609375,24649.150390625,24641.650390625,24647.849609375,0.0,56.00929090518731,-0.7360986012099602,-3.306818367142052,24640.751610545907,24645.442506631876,8.468832966664845,24643.849609375,-0.0002129895242909085,1
2025-08-01 09:07:00+00:00,24643.849609375,24650.150390625,24641.900390625,24647.80078125,0.0,51.58532686898928,-0.4417664246357162,-2.733807978640785,24641.04665805344,24645.38004007278,8.4532020404745,24606.75,-0.0015054307652034439,0
2025-08-01 09:08:00+00:00,24606.75,24644.44921875,24605.55078125,24643.94921875,0.0,32.21869281303032,-3.165642915359058,-2.82017496598444,24637.7803096674,24643.86513654052,10.627861716154891,24628.69921875,0.0008919999085616752,2
2025-08-01 09:09:00+00:00,24628.69921875,24632.650390625,24606.55078125,24606.55078125,0.0,45.3023958117582,-3.512723651223496,-2.958684703032251,24636.915443865742,24643.270394666382,11.732986548929544,24623.650390625,-0.00020499775810962407,1
2025-08-01 09:10:00+00:00,24623.650390625,24630.94921875,24621.25,24627.349609375,0.0,43.23505101327695,-4.147377483866876,-3.196423259199176,24635.65210546186,24642.500982743197,11.587717420434576,24621.849609375,-7.313218070565257e-05,1
2025-08-01 09:11:00+00:00,24621.849609375,24624.44921875,24619.55078125,24624.44921875,0.0,42.49025702815992,-4.741001897087699,-3.505338986776881,24634.33758202501,24641.69112496405,11.109911711832106,24619.650390625,-8.931980273174225e-05,1
2025-08-01 09:12:00+00:00,24619.650390625,24623.69921875,24617.900390625,24620.94921875,0.0,41.54890530142176,-5.327499991239165,-3.869771187669338,24632.93880189168,24640.826782440952,10.730548598486957,24616.55078125,-0.0001258998127845191,1
2025-08-01 09:13:00+00:00,24616.55078125,24620.30078125,24614.25,24619.400390625,0.0,40.19720129314465,-5.973557080775208,-4.290528366290512,24631.378038021045,24639.874782394247,10.39627950216646,24619.599609375,0.00012385277499243473,1
2025-08-01 09:14:00+00:00,24619.599609375,24622.349609375,24614.349609375,24616.25,0.0,42.1894332513741,-6.168441080204502,-4.666110909073311,24630.256282911894,24639.079677569964,10.225116680583142,24618.099609375,-6.0927067206601064e-05,1
2025-08-01 09:15:00+00:00,24618.099609375,24622.5,24616.25,24620.19921875,0.0,41.45767713876933,-6.370490469154902,-5.00698682108963,24629.09850447981,24638.25692979761,9.941179774827203,24621.75,0.00014828076427190456,1
2025-08-01 09:16:00+00:00,24621.75,24624.30078125,24617.75,24618.849609375,0.0,44.00309706797184,-6.164993838341616,-5.238588224540027,24628.39864691031,24637.609599217318,9.69900845162526,24631.25,0.0003858377247758587,1
2025-08-01 09:17:00+00:00,24631.25,24632.900390625,24620.849609375,24622.349609375,0.0,50.08562454226531,-5.175901106638776,-5.2260508009597775,24628.67020434742,24637.360203169577,9.866992222937744,24636.400390625,0.00020909984775437706,1
2025-08-01 09:18:00+00:00,24636.400390625,24636.44921875,24631.05078125,24631.94921875,0.0,53.06237500157966,-3.9311289039505937,-4.9670664215579405,24629.40641256433,24637.32256346195,9.547809742727903,24638.900390625,0.000101475863371312,1
2025-08-01 09:19:00+00:00,24638.900390625,24641.30078125,24635.900390625,24635.900390625,0.0,54.48140050978909,-2.7116506379825296,-4.515983264842858,24630.310600951067,24637.38443903697,9.251565520033054,24638.900390625,0.0,1
2025-08-01 09:20:00+00:00,24638.900390625,24640.05078125,24634.69921875,24639.150390625,0.0,54.48140050978909,-1.7253169465475366,-3.957850001183794,24631.128676158107,24637.44388811885,8.97299387574498,24634.849609375,-0.00016440592663548027,1
2025-08-01 09:21:00+00:00,24634.849609375,24639.900390625,24632.75,24638.25,0.0,51.552612619172535,-1.2560258983103267,-3.4174851806091007,24631.48305075019,24637.342151697525,8.842807929263195,24630.55078125,-0.00017450190251472227,1
2025-08-01 09:22:00+00:00,24630.55078125,24634.55078125,24629.150390625,24633.94921875,0.0,48.5686611026968,-1.2169605012786633,-2.977380244743013,24631.394263178743,24637.07582344468,8.618265845030109,24629.25,-5.281169964701802e-05,1
2025-08-01 09:23:00+00:00,24629.25,24632.0,24623.900390625,24630.80078125,0.0,47.66953446689725,-1.2762512386325398,-2.637154443520919,24631.19004763791,24636.76892840764,8.581218954313673,24625.099609375,-0.00016851469797090856,1
2025-08-01 09:24:00+00:00,24625.099609375,24629.849609375,24623.80078125,24629.849609375,0.0,44.81856807580899,-1.639245213897084,-2.437572597596152,24630.610005898583,24636.311308053417,8.400333895076981,24618.30078125,-0.0002760934263352837,1
2025-08-01 09:25:00+00:00,24618.30078125,24625.650390625,24617.900390625,24625.599609375,0.0,40.54119167097274,-2.447318005473789,-2.43952167917168,24629.4376987892,24635.60501288466,8.353881474000053,24617.349609375,-3.8636780151960754e-05,1
2025-08-01 09:26:00+00:00,24617.349609375,24621.94921875,24617.099609375,24619.5,0.0,39.96651261703737,-3.1284107637657144,-2.577299496090487,24628.28645217832,24634.889114707807,8.103576324071478,24612.900390625,-0.00018073508401999575,1
2025-08-01 09:27:00+00:00,24612.900390625,24617.80078125,24612.25,24616.80078125,0.0,37.3028437143121,-3.981302474523545,-2.8581000917770987,24626.821112982765,24634.0268118026,7.9212338187806575,24614.099609375,4.8723178941429424e-05,1
2025-08-01 09:28:00+00:00,24614.099609375,24622.849609375,24611.80078125,24612.5,0.0,38.49274159310836,-4.50848733366729,-3.188177540155137,24625.6095412106,24633.24535288387,8.144633412082039,24613.80078125,-1.2140526354503845e-05,1
2025-08-01 09:29:00+00:00,24613.80078125,24616.80078125,24610.400390625,24613.19921875,0.0,38.29769327637892,-4.893983272213518,-3.5293386865668133,24624.484897404825,24632.48282066293,8.02004464157618,24606.5,-0.0002966133233499436,1
2025-08-01 09:30:00+00:00,24606.5,24611.19921875,24600.80078125,24610.75,0.0,33.79247430453542,-5.722636619826517,-3.967998273218754,24622.772050032934,24631.46388651929,8.375755738606452,24614.25,0.00031495742994737164,1
2025-08-01 09:31:00+00:00,24614.25,24617.69921875,24606.650390625,24606.650390625,0.0,41.64068292039708,-5.688417600209505,-4.312082138616904,24621.96042622028,24630.788832145987,8.577431667991705,24611.19921875,-0.00012394370131123232,1
2025-08-01 09:32:00+00:00,24611.19921875,24617.69921875,24610.650390625,24614.69921875,0.0,39.64826072566208,-5.840149720446789,-4.617695654982881,24620.935549318347,24630.020612012813,8.468245700635155,24604.05078125,-0.0002904546599482229,1
2025-08-01 09:33:00+00:00,24604.05078125,24613.849609375,24602.349609375,24609.69921875,0.0,35.376884286460026,-6.462719475955964,-4.986700419177497,24619.32747616898,24629.00218727702,8.684799579161215,24595.849609375,-0.0003333260830874997,1
2025-08-01 09:34:00+00:00,24595.849609375,24603.650390625,24594.19921875,24601.69921875,0.0,31.22119810013909,-7.531063115166034,-5.495572958375204,24617.091488855265,24627.70208618282,8.768139787792558,24590.05078125,-0.00023576449755123352,1
2025-08-01 09:35:00+00:00,24590.05078125,24600.30078125,24589.55078125,24595.400390625,0.0,28.657805638341912,-8.74484498360107,-6.145427363420378,24614.51618336905,24626.22556442075,8.90970123152166,24581.849609375,-0.0003335158576107302,1
2025-08-01 09:36:00+00:00,24581.849609375,24590.5,24579.75,24590.5,0.0,25.47245854466621,-10.250381867888793,-6.966418264314061,24611.405081083903,24624.485330889544,9.041151143555828,24583.099609375,5.0850526704193826e-05,1
2025-08-01 09:37:00+00:00,24583.099609375,24585.5,24578.94921875,24580.44921875,0.0,26.807815345395028,-11.21340498956488,-7.8158156093642255,24608.70932187353,24622.86236141839,8.863267579730412,24565.400390625,-0.0007199750654409029,1
2025-08-01 09:38:00+00:00,24565.400390625,24582.94921875,24565.400390625,24582.05078125,0.0,21.055165349916777,-13.252025683304964,-8.903057624152375,24604.584661754623,24620.608950799044,9.494406949035382,24553.849609375,-0.0004702052914394253,1
2025-08-01 09:39:00+00:00,24553.849609375,24565.900390625,24553.75,24564.650390625,0.0,18.295851502805803,-15.61964523614006,-10.246375146549912,24599.75275200418,24617.990937409864,9.68412006874714,24544.55078125,-0.0003787116184604136,1
2025-08-01 09:40:00+00:00,24544.55078125,24561.150390625,24543.099609375,24556.650390625,0.0,16.429210957790616,-18.038403024133004,-11.804780722066532,24594.49542145617,24615.110931285948,10.281738724550916,24540.75,-0.00015485234518545279,1
2025-08-01 09:41:00+00:00,24540.75,24551.849609375,24540.349609375,24543.80078125,0.0,15.72309590551926,-20.03107155575708,-13.450038888804642,24589.376809888912,24612.19481633356,10.368757387082994,24540.900390625,6.128200034636268e-06,1
2025-08-01 09:42:00+00:00,24540.900390625,24541.25,24535.349609375,24538.900390625,0.0,15.877161354894383,-21.35200780212108,-15.030432671467931,24584.76000805425,24609.39895650185,10.049588332648495,24545.19921875,0.00017516994309802172,1
2025-08-01 09:43:00+00:00,24545.19921875,24549.0,24540.349609375,24540.349609375,0.0,20.35891372991693,-21.800675178306847,-16.384481172835716,24580.9923138348,24606.88131972727,9.949645639245032,24545.650390625,1.838126759449364e-05,1
2025-08-01 09:44:00+00:00,24545.650390625,24547.599609375,24542.94921875,24545.0,0.0,20.83560855408716,-21.867763540809392,-17.48113764643045,24577.626416386247,24604.4801068213,9.571127423941816,24545.150390625,-2.0370207838981146e-05,1
2025-08-01 09:45:00+00:00,24545.150390625,24547.75,24543.400390625,24544.30078125,0.0,20.687823426425183,-21.711006405552325,-18.327111398254825,24574.53346155184,24602.15345128419,9.1981618490174,24541.69921875,-0.0001406050409174992,1
2025-08-01 09:46:00+00:00,24541.69921875,24547.349609375,24541.69921875,24543.849609375,0.0,19.651712596742456,-21.61607926789293,-18.984904972182445,24571.406390808806,24599.782697067163,8.944749618730443,24545.69921875,0.00016298789926265484,1
2025-08-01 09:47:00+00:00,24545.69921875,24547.25,24541.5,24541.5,0.0,24.37899905554623,-20.976280749582656,-19.383180127662488,24568.958088707965,24597.661776348843,8.716553217392555,24547.0,5.2994263410771264e-05,1
2025-08-01 09:48:00+00:00,24547.0,24547.75,24539.900390625,24543.94921875,0.0,25.90568305728513,-20.132202144071925,-19.532984530944372,24566.86684216435,24595.67504002144,8.654628657221659,24551.900390625,0.00019963297449790199,1
2025-08-01 09:49:00+00:00,24551.900390625,24559.099609375,24547.0,24547.44921875,0.0,31.51503974317258,-18.85054584039244,-19.39649679283399,24565.44146582727,24593.95838710393,8.900698708491541,24553.150390625,5.091255585564795e-05,1
2025-08-01 09:50:00+00:00,24553.150390625,24560.599609375,24551.099609375,24551.099609375,0.0,32.91027727721085,-17.531863028787484,-19.02357004002469,24564.270887236577,24592.358073516523,8.943505943599288,24557.900390625,0.0001934578628172158,1
2025-08-01 09:51:00+00:00,24557.900390625,24558.0,24550.69921875,24550.69921875,0.0,38.073246494328295,-15.919996290020208,-18.402855290023798,24563.66417327357,24591.006791834505,8.826168465485052,24558.650390625,3.0540070122864135e-05,1
2025-08-01 09:52:00+00:00,24558.650390625,24559.099609375,24556.099609375,24557.400390625,0.0,38.87313235040142,-14.415884215035476,-17.60546107502613,24563.18667016418,24589.737913355704,8.410013575093263,24561.0,9.567339155969816e-05,1
2025-08-01 09:53:00+00:00,24561.0,24563.25,24557.5,24557.5,0.0,41.42569232555402,-12.885732021350124,-16.66151526429093,24562.97841586283,24588.61093636136,8.220012605443744,24560.5,-2.035747730141281e-05,1
2025-08-01 09:54:00+00:00,24560.5,24561.69921875,24556.0,24560.0,0.0,41.03301460651234,-11.579934923498511,-15.645199196132449,24562.742376256847,24587.508546700134,8.039955901483477,24562.30078125,7.332021945807293e-05,1
2025-08-01 09:55:00+00:00,24562.30078125,24570.650390625,24559.94921875,24559.94921875,0.0,43.12409366999507,-10.281257383318009,-14.57241083356956,24562.700319589527,24586.52000687856,8.230042756734658,24548.099609375,-0.000578169447621156,1
2025-08-01 09:56:00+00:00,24548.099609375,24562.05078125,24547.19921875,24561.30078125,0.0,33.14259161446185,-10.27946666940261,-13.71382200073617,24561.30977575957,24585.01332462352,8.720865595539326,24554.44921875,0.0002586599156773449,1
2025-08-01 09:57:00+00:00,24554.44921875,24554.44921875,24546.80078125,24546.80078125,0.0,39.84672581641924,-9.65439722351948,-12.901937045292833,24560.65638937771,24583.81473223632,8.644263588715088,24563.44921875,0.0003665323510139058,1
2025-08-01 09:58:00+00:00,24563.44921875,24564.5,24553.0,24553.0,0.0,47.8318038699098,-8.336700110954553,-11.988889658425176,24560.92237312745,24583.016084648625,8.848244760949724,24572.150390625,0.00035423249387786065,1
2025-08-01 09:59:00+00:00,24572.150390625,24575.19921875,24557.44921875,24563.599609375,0.0,54.166462214600266,-6.515200626912701,-10.894151852122684,24561.99170812721,24582.58997900064,9.484084420881883,24613.849609375,0.0016970113761760747,2
2025-08-04 03:45:00+00:00,24613.849609375,24626.650390625,24566.0,24600.400390625,0.0,71.82403562278158,-1.6874191864008026,-9.052805318978306,24566.9305558651,24583.81584685846,13.138820578318894,24625.400390625,0.00046927975238787934,1
2025-08-04 03:46:00+00:00,24625.400390625,24626.30078125,24600.599609375,24611.349609375,0.0,74.72838441332078,3.0356903517385945,-6.635106184834926,24572.49911155652,24585.44661328068,14.036131385224689,24619.75,-0.00022945375650221424,1
2025-08-04 03:47:00+00:00,24619.75,24633.099609375,24617.19921875,24625.19921875,0.0,70.87943649829828,6.250794124047388,-4.057926123058464,24576.999196170185,24586.79184413242,14.169292759494354,24633.400390625,0.0005544487911128261,1
2025-08-04 03:48:00+00:00,24633.400390625,24633.400390625,24617.69921875,24617.69921875,0.0,74.32051123113854,9.787435999802256,-1.28885369848632,24582.370738499216,24588.619630269382,14.278712696316186,24639.75,0.0002577642255762846,1
2025-08-04 03:49:00+00:00,24639.75,24642.650390625,24633.5,24633.5,0.0,75.75564248382031,12.953293077673152,1.5595756567455747,24587.83543007072,24590.62474280784,13.9195189322936,24624.349609375,-0.0006250221948274638,1
2025-08-04 03:50:00+00:00,24624.349609375,24648.150390625,24624.349609375,24642.75,0.0,66.1059163115956,14.057528367142368,4.059166198824934,24591.31297095684,24591.947286594783,14.625323383558342,24626.75,9.748036651031471e-05,1
2025-08-04 03:51:00+00:00,24626.75,24638.849609375,24624.94921875,24625.19921875,0.0,66.81544645662576,14.953954374650491,6.238123833990046,24594.68792610381,24593.312098885188,14.616371713304176,24638.150390625,0.0004629271270062026,1
2025-08-04 03:52:00+00:00,24638.150390625,24638.349609375,24627.05078125,24628.150390625,0.0,70.02489329046541,16.395299879117374,8.269559043015512,24598.827208439165,24595.07046326714,14.400888689139592,24650.849609375,0.0005154290621925965,1
2025-08-04 03:53:00+00:00,24650.849609375,24651.75,24639.650390625,24639.650390625,0.0,73.14108795011568,18.35076124439001,10.285799483290411,24603.781722814005,24597.25788076157,14.343654452415336,24646.25,-0.00018659029801758702,1
2025-08-04 03:54:00+00:00,24646.25,24652.650390625,24645.19921875,24649.80078125,0.0,70.29078599661261,19.30677197935438,12.089993982503207,24607.82632064124,24599.179140339547,13.851334268314242,24642.849609375,-0.0001379678703656743,1
2025-08-04 03:55:00+00:00,24642.849609375,24653.19921875,24641.30078125,24647.349609375,0.0,68.17558864572769,19.564506813250773,13.584896548652722,24611.161871949214,24600.8917077527,13.711841642006082,24651.94921875,0.0003692596237546404,1
2025-08-04 03:56:00+00:00,24651.94921875,24657.150390625,24640.650390625,24641.94921875,0.0,70.71523292785973,20.26937323652237,14.921791886226654,24615.04638116834,24602.893963085928,13.91099581043422,24653.400390625,5.886641507018255e-05,1
2025-08-04 03:57:00+00:00,24653.400390625,24657.30078125,24650.25,24653.099609375,0.0,71.11116737772146,20.706391999923653,16.078711908966053,24618.699143973736,24604.874607303147,13.420980484688917,24664.05078125,0.0004320049346641061,1
2025-08-04 03:58:00+00:00,24664.05078125,24664.349609375,24649.099609375,24653.5,0.0,73.90017951615786,21.66241914931379,17.195453357035603,24623.018347523852,24607.195241575573,13.551624735782566,24660.5,-0.00014396585871041752,1
2025-08-04 03:59:00+00:00,24660.5,24666.25,24658.25,24663.55078125,0.0,71.42441040385694,21.88132488858901,18.132627663346284,24626.58802871206,24609.28562425889,13.155080111798098,24664.69921875,0.00017028116826503924,1
2025-08-04 04:00:00+00:00,24664.69921875,24669.75,24659.55078125,24659.650390625,0.0,72.59375741246724,22.1384528194867,18.933792694574368,24630.21766585853,24611.45870639579,12.943947157383947,24659.44921875,-0.00021285481543634524,1
2025-08-04 04:01:00+00:00,24659.44921875,24668.599609375,24659.099609375,24667.0,0.0,68.80295798129674,21.668812847176014,19.4807967250947,24633.001623276767,24613.34068727243,12.697950931856523,24649.25,-0.0004136028610989797,1
2025-08-04 04:02:00+00:00,24649.25,24659.849609375,24641.75,24658.349609375,0.0,62.02652330273455,20.240310372038948,19.63269945448355,24634.5490877266,24614.748895614688,13.083783677795342,24645.599609375,-0.00014809337505197927,1
2025-08-04 04:03:00+00:00,24645.599609375,24653.849609375,24644.5,24648.400390625,0.0,59.75797950349618,18.59925521633704,19.42601060685425,24635.601518359777,24615.958727526857,12.81705694188139,24656.55078125,0.0004443459298443791,1
2025-08-04 04:04:00+00:00,24656.55078125,24658.19921875,24644.80078125,24645.75,0.0,64.01054435875272,17.975168674503948,19.13584222038419,24637.596686254084,24617.550572770902,12.858584124604148,24650.599609375,-0.0002413627083446542,1
2025-08-04 04:05:00+00:00,24650.599609375,24661.349609375,24649.849609375,24657.80078125,0.0,60.28243586881233,16.80662939757167,18.669999655821687,24638.83505988465,24618.846613422043,12.761542401418138,24651.900390625,5.276874683021069e-05,1
2025-08-04 04:06:00+00:00,24651.900390625,24654.400390625,24649.05078125,24651.80078125,0.0,60.81958211320213,15.803344657557318,18.096668656168813,24640.079377098016,24620.142839979024,12.232118613816844,24651.30078125,-2.4323048750757917e-05,1
2025-08-04 04:07:00+00:00,24651.30078125,24652.55078125,24644.05078125,24651.150390625,0.0,60.41398370500768,14.789368177116556,17.43520856035836,24641.148082255346,24621.364720028865,11.965538712829924,24651.349609375,1.980752473603304e-06,1
2025-08-04 04:08:00+00:00,24651.349609375,24658.05078125,24651.25,24653.05078125,0.0,60.43712176836877,13.830297472472012,16.714226342781092,24642.11965626674,24622.54059804244,11.59662746548493,24649.650390625,-6.893004954802884e-05,1
2025-08-04 04:09:00+00:00,24649.650390625,24653.94921875,24645.94921875,24653.650390625,0.0,59.14160732950357,12.785728359460336,15.928526746116942,24642.836869062765,24623.603727163325,11.339725503664578,24649.30078125,-1.4183137264006264e-05,1
2025-08-04 04:10:00+00:00,24649.30078125,24651.30078125,24642.5,24651.19921875,0.0,58.86203626002551,11.793738382206357,15.101569073334826,24643.452479747262,24624.611454774567,11.158372342688535,24644.5,-0.00019476338467384899,1
2025-08-04 04:11:00+00:00,24644.5,24650.75,24642.69921875,24650.599609375,0.0,55.01609707174831,10.499168375728914,14.181088933813644,24643.552243580856,24625.391397724587,10.936401550353642,24638.849609375,-0.0002292759287062022,1
2025-08-04 04:12:00+00:00,24638.849609375,24645.05078125,24635.75,24645.05078125,0.0,50.80831569007651,8.91451207150385,13.127773561351686,24643.10437365649,24625.919170730485,10.81957152889981,24618.44921875,-0.0008279765877233863,1
2025-08-04 04:13:00+00:00,24618.44921875,24639.150390625,24618.05078125,24639.150390625,0.0,39.16232267068485,5.944000762534415,11.691019001588232,24640.7562636654,24625.62623143713,11.553859946478395,24598.0,-0.0008306460966853016,1
2025-08-04 04:14:00+00:00,24598.0,24619.69921875,24597.5,24619.25,0.0,31.39422877001076,1.9176624775864184,9.736347696787869,24636.684238554408,24624.542849812147,12.31424271815851,24585.75,-0.00049800796812749,1
2025-08-04 04:15:00+00:00,24585.75,24598.150390625,24582.400390625,24598.150390625,0.0,27.83263486955205,-2.235937745408592,7.341890608348577,24631.83335869208,24623.02156158422,12.55965395257576,24578.94921875,-0.0002766147565154612,1
2025-08-04 04:16:00+00:00,24578.94921875,24588.650390625,24577.75,24588.650390625,0.0,26.06474403194521,-6.007214626722998,4.672069561334263,24626.796773935694,24621.293234414254,12.441135143463203,24572.849609375,-0.0002481639601723464,1
2025-08-04 04:17:00+00:00,24572.849609375,24578.099609375,24567.55078125,24578.099609375,0.0,24.558057077331952,-9.380038975315983,1.8616478540042136,24621.65894873944,24619.393484412714,12.36665674035869,24561.19921875,-0.00047411638496152106,1
2025-08-04 04:18:00+00:00,24561.19921875,24572.80078125,24555.349609375,24572.75,0.0,21.948334830463565,-12.845046033609831,-1.079690923518596,24615.90087921663,24617.11135634751,12.733324116047356,24604.400390625,0.0017589194847627903,2
2025-08-04 04:19:00+00:00,24604.400390625,24605.80078125,24563.849609375,24563.94921875,0.0,45.202499993737554,-11.967165533314985,-3.2571858454778733,24614.80559458886,24616.61288710349,15.00962685775826,24623.75,0.0007864288122368863,1
2025-08-04 04:20:00+00:00,24623.75,24646.349609375,24605.55078125,24605.55078125,0.0,52.08784411603764,-9.5994308831323,-4.525634853008759,24615.65744272325,24616.892773883745,16.933883421489814,24625.849609375,8.526765318036449e-05,1
2025-08-04 04:21:00+00:00,24625.849609375,24631.55078125,24622.650390625,24623.94921875,0.0,52.7811600844976,-7.467482692722115,-5.114004420951431,24616.62812526152,24617.244022334384,16.360062507454828,24613.44921875,-0.000503551788941292,1
2025-08-04 04:22:00+00:00,24613.44921875,24624.25,24612.099609375,24624.25,0.0,48.33271505636387,-6.701258346191025,-5.431455205999351,24616.32537226042,24617.095206507543,16.173629471208052,24608.5,-0.00020107782156065273,1
2025-08-04 04:23:00+00:00,24608.5,24612.099609375,24597.150390625,24612.099609375,0.0,46.64304405929852,-6.419381982424966,-5.629040561284474,24615.58009871181,24616.758139585683,16.18257223219319,24607.0,-6.095454822520674e-05,1
2025-08-04 04:24:00+00:00,24607.0,24608.05078125,24601.75,24607.30078125,0.0,46.11683329445664,-6.245041446909454,-5.75224073840947,24614.762946453546,24616.37546744507,15.50881707275082,24609.849609375,0.0001158048268785305,1
2025-08-04 04:25:00+00:00,24609.849609375,24612.400390625,24605.44921875,24607.30078125,0.0,47.33244467615737,-5.809962029379676,-5.763784996603511,24614.29500958892,24616.119551442323,14.897556701482904,24605.0,-0.00019705969162658212,1
2025-08-04 04:26:00+00:00,24605.0,24609.400390625,24600.19921875,24609.400390625,0.0,45.45307993744815,-5.78974087428287,-5.768976172139383,24613.40977058045,24615.68349060145,14.522759124591266,24606.0,4.06421459053038e-05,1
2025-08-04 04:27:00+00:00,24606.0,24613.900390625,24604.5,24604.849609375,0.0,45.9298267783787,-5.628146056198602,-5.740810148951227,24612.704078144216,24615.30374587198,14.156875660334746,24608.400390625,9.755306124522475e-05,1
2025-08-04 04:28:00+00:00,24608.400390625,24609.05078125,24602.75,24606.349609375,0.0,47.12447189897783,-5.245917860476766,-5.641831691256336,24612.294203142385,24615.03302605837,13.595726059596547,24608.099609375,-1.222270628019316e-05,1
2025-08-04 04:29:00+00:00,24608.099609375,24612.80078125,24607.5,24608.75,0.0,46.98438799122906,-4.910662731515913,-5.495597899308251,24611.89471802168,24614.761127364905,13.003230001768223,24608.75,2.6429941170760675e-05,1
2025-08-04 04:30:00+00:00,24608.75,24617.150390625,24605.30078125,24607.75,0.0,47.34885462132984,-4.540153475416446,-5.30450901452989,24611.59522106724,24614.52539688001,12.920828528427638,24600.25,-0.0003454055976024788,1
2025-08-04 04:31:00+00:00,24600.25,24608.5,24597.0,24608.5,0.0,43.17168309470788,-4.876191483024741,-5.21884550822886,24610.514723822736,24613.96557739452,12.837197919254235,24606.55078125,0.00025612671619190864,1
2025-08-04 04:32:00+00:00,24606.55078125,24606.650390625,24598.0,24600.349609375,0.0,46.91055974360583,-4.581273566105665,-5.091331119804221,24610.137205482475,24613.674801075125,12.538140255378933,24615.599609375,0.0003677406153118842,1
2025-08-04 04:33:00+00:00,24615.599609375,24615.599609375,24601.05078125,24606.400390625,0.0,51.81378431239997,-3.576160435284692,-4.788296982900315,24610.657434424626,24613.750283753558,12.681760817494723,24626.900390625,0.0004590902285271178,1
2025-08-04 04:34:00+00:00,24626.900390625,24626.900390625,24615.05078125,24615.94921875,0.0,57.13790449339697,-1.846437849198992,-4.199925156160051,24612.20438263418,24614.265974219103,12.6223214287451,24636.25,0.0003796502696928608,1
2025-08-04 04:35:00+00:00,24636.25,24638.349609375,24625.599609375,24626.349609375,0.0,60.97930598690446,0.2756377208024787,-3.304812580767545,24614.494441430925,24615.128092877178,12.63144132669188,24623.599609375,-0.0005134868587954741,1
2025-08-04 04:36:00+00:00,24623.599609375,24634.19921875,24618.599609375,24634.150390625,0.0,53.93580443472348,0.9259433999104658,-2.458661384631943,24615.361600282744,24615.460309210423,12.98993770514246,24624.55078125,3.862846578442e-05,1
2025-08-04 04:37:00+00:00,24624.55078125,24626.05078125,24622.69921875,24624.099609375,0.0,54.3626456471475,1.500767048502894,-1.6667756980049755,24616.236760374864,24615.816798310017,12.301482333346572,24627.900390625,0.00013602722765405779,1
2025-08-04 04:38:00+00:00,24627.900390625,24632.099609375,24624.94921875,24625.0,0.0,55.91197360569425,2.201230004822719,-0.8931745574394366,24617.34758230345,24616.29066467531,11.962007032750387,24625.44921875,-9.952825194684795e-05,1
2025-08-04 04:39:00+00:00,24625.44921875,24629.0,24625.19921875,24627.900390625,0.0,54.45508736387314,2.5294054477526515,-0.208658556401019,24618.11916672693,24616.649823658638,11.379062333982503,24620.099609375,-0.00021723905734587646,1
2025-08-04 04:40:00+00:00,24620.099609375,24627.150390625,24618.25,24626.400390625,0.0,51.31257074812456,2.330948360900948,0.2992628270593743,24618.30778031246,24616.785109373,11.202014354769467,24626.349609375,0.00025385762442732296,1
2025-08-04 04:41:00+00:00,24626.349609375,24630.69921875,24617.900390625,24620.25,0.0,54.60834722197263,2.6474740237863443,0.7689050664047683,24619.07366879461,24617.160187804453,11.316072481214508,24625.599609375,-3.0455183650705692e-05,1
2025-08-04 04:42:00+00:00,24625.599609375,24626.599609375,24616.75,24626.05078125,0.0,54.13477829642513,2.805464511529862,1.1762169554297872,24619.69518694512,24617.4911455131,11.2113251164849,24627.80078125,8.938551385209767e-05,1
2025-08-04 04:43:00+00:00,24627.80078125,24628.94921875,24623.900390625,24625.19921875,0.0,55.35838387579363,3.072867185561336,1.555547001456097,24620.467148307493,24617.895444953763,10.771146759950264,24624.30078125,-0.00014211581582488159,1
2025-08-04 04:44:00+00:00,24624.30078125,24630.099609375,24623.19921875,24626.900390625,0.0,52.93991786978391,2.968149996431748,1.8380676004512275,24620.83225620678,24618.14663461244,10.494664178882388,24628.400390625,0.0001664863263090751,1
2025-08-04 04:45:00+00:00,24628.400390625,24630.44921875,24623.650390625,24623.69921875,0.0,55.39785862656408,3.179315909546858,2.1063172622703537,24621.55303091328,24618.548742691364,10.23067588931936,24630.55078125,8.731345076794203e-05,1
2025-08-04 04:46:00+00:00,24630.55078125,24634.25,24625.80078125,24628.0,0.0,56.67607989694503,3.48006890090619,2.381067589997521,24622.40995951677,24619.019410870133,10.103428950796546,24638.5,0.00032273816450955456,1
2025-08-04 04:47:00+00:00,24638.5,24640.150390625,24629.44921875,24630.69921875,0.0,61.11267846697345,4.310168393843924,2.7668877507668013,24623.9423443247,24619.78335554189,10.146124873953935,24643.80078125,0.00021514220630314347,1
2025-08-04 04:48:00+00:00,24643.80078125,24645.30078125,24638.0,24639.25,0.0,63.77654451691463,5.334266861034848,3.280363572820411,24625.83362403187,24620.725215373583,9.94288604367151,24632.75,-0.00044842032883206395,1
2025-08-04 04:49:00+00:00,24632.75,24644.0,24631.19921875,24643.650390625,0.0,55.27545717266738,5.194290040613851,3.6631488663790983,24626.492326505027,24621.19677555501,10.147021415552118,24631.599609375,-4.670167257005409e-05,1
2025-08-04 04:50:00+00:00,24631.599609375,24635.19921875,24627.849609375,24633.650390625,0.0,54.4616134246594,4.933658350360929,3.917250763175465,24626.97873439741,24621.604729822466,9.947206269798397,24636.69921875,0.00020703524967412366,1
2025-08-04 04:51:00+00:00,24636.69921875,24637.650390625,24630.05078125,24632.0,0.0,57.45223653436207,5.080042151726957,4.149809040885764,24627.904494811937,24622.196670564725,9.779520777312795,24640.150390625,0.00014008255912681077,1
2025-08-04 04:52:00+00:00,24640.150390625,24642.099609375,24636.30078125,24636.94921875,0.0,59.395674604822176,5.412145255057112,4.402276283720033,24629.070770603656,24622.90073801807,9.49518558786188,24646.55078125,0.00025975452761177947,1
2025-08-04 04:53:00+00:00,24646.55078125,24648.400390625,24639.80078125,24640.30078125,0.0,62.79017721289397,6.121235596638144,4.746068146303655,24630.735533522355,24623.828190693835,9.431215858371743,24646.150390625,-1.6245300551531916e-05,1
2025-08-04 04:54:00+00:00,24646.150390625,24652.30078125,24645.349609375,24646.400390625,0.0,62.438520788407104,6.575093044066307,5.111873125856185,24632.20361515118,24624.703571083293,9.25406985955948,24638.650390625,-0.0003043071587704374,1
2025-08-04 04:55:00+00:00,24638.650390625,24646.75,24636.69921875,24644.94921875,0.0,56.100474213187056,6.257458929729182,5.340990286630785,24632.817593767733,24625.25050518297,9.310977816019516,24630.55078125,-0.0003287359188343327,1
2025-08-04 04:56:00+00:00,24630.55078125,24640.0,24630.55078125,24638.80078125,0.0,50.1767742540718,5.291167534680426,5.331025736240713,24632.60170686128,24625.45835914638,9.320852168446692,24610.30078125,-0.0008221497026130373,1
2025-08-04 04:57:00+00:00,24610.30078125,24630.150390625,24610.30078125,24630.150390625,0.0,39.069449913383714,2.858418805975816,4.836504350187734,24630.47780918402,24624.86394432692,10.101505584986215,24621.30078125,0.0004469673124995139,1
2025-08-04 04:58:00+00:00,24621.30078125,24623.099609375,24609.19921875,24609.80078125,0.0,46.05513732618816,1.7973373939603334,4.228670958942254,24629.60380652364,24624.724212441542,10.37285451641577,24618.5,-0.00011375439806709542,1
2025-08-04 04:59:00+00:00,24618.5,24623.75,24617.94921875,24621.400390625,0.0,44.651417328918775,0.7220991806243546,3.527356603278674,24628.546301140435,24624.480125679136,10.04627785452893,24629.80078125,0.0004590361415195889,1
2025-08-04 05:00:00+00:00,24629.80078125,24631.150390625,24618.44921875,24618.5,0.0,51.12445296364008,0.7729338518765871,2.9764720529982567,24628.665775436584,24624.688778838776,10.235913141705437,24634.25,0.00018064371650894836,1
2025-08-04 05:01:00+00:00,24634.25,24637.44921875,24626.400390625,24629.44921875,0.0,53.43351157311414,1.1588766558270436,2.6129529735640142,24629.197606347385,24625.06372868824,10.293978497655049,24636.94921875,0.00010957178521773548,1
2025-08-04 05:02:00+00:00,24636.94921875,24637.25,24631.599609375,24632.94921875,0.0,54.82780296378468,1.6633692183968378,2.423036222530579,24629.935855147636,24625.52982633772,9.962293649608258,24637.5,2.2355903123785587e-05,1
2025-08-04 05:03:00+00:00,24637.5,24640.05078125,24635.80078125,24636.599609375,0.0,55.12307944271824,2.0836081153611303,2.3551506010966894,24630.65624989548,24625.99924491271,9.55427267463624,24636.44921875,-4.264967021816337e-05,1
2025-08-04 05:04:00+00:00,24636.44921875,24638.900390625,24635.94921875,24638.05078125,0.0,54.39258786628764,2.305287286882958,2.345177938253943,24631.207961214957,24626.40904780829,9.082622617519366,24636.349609375,-4.043170917836266e-06,1
2025-08-04 05:05:00+00:00,24636.349609375,24637.75,24633.5,24637.75,0.0,54.31910147817463,2.4447504222698626,2.365092435057127,24631.6976419921,24626.798873752083,8.737435287696554,24641.05078125,0.00019082258327796412,1
2025-08-04 05:06:00+00:00,24641.05078125,24642.650390625,24636.19921875,24636.94921875,0.0,57.25438051623191,2.901178265696217,2.472309601184945,24632.58841715952,24627.35777208533,8.574130758218228,24636.599609375,-0.00018064050573634666,1
2025-08-04 05:07:00+00:00,24636.599609375,24640.55078125,24633.5,24640.55078125,0.0,53.733792794639626,2.8706373294517107,2.5519751468382985,24632.97043546576,24627.720197077088,8.50103436477407,24640.650390625,0.00016442128029951628,1
2025-08-04 05:08:00+00:00,24640.650390625,24641.30078125,24635.599609375,24635.650390625,0.0,56.36348899650377,3.137134674794652,2.6690070524295693,24633.70185976664,24628.22726349073,8.301044186933064,24650.69921875,0.0004078150521880407,1
2025-08-04 05:09:00+00:00,24650.69921875,24652.80078125,24638.650390625,24640.650390625,0.0,62.11601564941672,4.111793987529381,2.957564439449532,24635.32065586029,24629.10851663816,8.718854646794988,24645.650390625,-0.00020481480383971107,1
2025-08-04 05:10:00+00:00,24645.650390625,24651.400390625,24645.30078125,24651.099609375,0.0,57.980315473311,4.425802385118004,3.2512120285832267,24636.3044401236,24629.75721757882,8.531765698809632,24650.400390625,0.00019273177719857863,1
2025-08-04 05:11:00+00:00,24650.400390625,24650.400390625,24642.44921875,24645.19921875,0.0,60.635747398240255,5.000301244930597,3.6010298718527007,24637.64691159992,24630.56675377671,8.49029471139466,24654.94921875,0.00018453364054605794,1
2025-08-04 05:12:00+00:00,24654.94921875,24656.0,24648.19921875,24650.30078125,0.0,63.04429106252012,5.756293179314525,4.032082533345066,24639.29475037612,24631.522928873703,8.44104374986647,24647.150390625,-0.0003163189692992358,1
2025-08-04 05:13:00+00:00,24647.150390625,24655.150390625,24645.400390625,24654.80078125,0.0,56.645043209208325,5.660867030426743,4.357839432761402,24640.042906590297,24632.135770511013,8.534540624876007,24641.650390625,-0.00022314952896510207,1
2025-08-04 05:14:00+00:00,24641.650390625,24647.69921875,24641.650390625,24646.849609375,0.0,52.59078986840151,5.082845209726656,4.502840588154453,24640.19600030789,24632.508892868424,8.35698973202772,24639.25,-9.741192602558945e-05,1
2025-08-04 05:15:00+00:00,24639.25,24642.150390625,24637.099609375,24641.75,0.0,50.87922495994572,4.380570796532993,4.478386629830161,24640.10590504047,24632.77325001084,8.120831983311456,24637.94921875,-5.2793053765841084e-05,1
2025-08-04 05:16:00+00:00,24637.94921875,24640.80078125,24634.849609375,24639.400390625,0.0,49.93089373695662,3.67666874007773,4.318043051879675,24639.90050634614,24632.97622917708,7.965856261289209,24631.05078125,-0.00027999235807946805,1
2025-08-04 05:17:00+00:00,24631.05078125,24638.849609375,24630.849609375,24638.150390625,0.0,45.12706215793327,2.532976459493512,3.9610297334024422,24639.057675384603,24632.90072141524,7.968295099768552,24619.94921875,-0.0004507141249715132,1
2025-08-04 05:18:00+00:00,24619.94921875,24631.0,24616.75,24630.75,0.0,38.67794989262726,0.7224606959607627,3.313315925914107,24637.237822371782,24632.39281934993,8.420615539070798,24612.75,-0.0002924140373334823,1
2025-08-04 05:19:00+00:00,24612.75,24620.650390625,24612.75,24620.05078125,0.0,35.16803251648082,-1.278564383112098,2.394939864108866,24634.905648812568,24631.62251270876,8.38345661663717,24613.150390625,1.6267610283288134e-05,1
2025-08-04 05:20:00+00:00,24613.150390625,24615.5,24609.55078125,24612.599609375,0.0,35.51850326012398,-2.799808547533757,1.3559901817803417,24632.83371946137,24630.8981157643,8.209582483305944,24608.849609375,-0.00017473509817898572,1
2025-08-04 05:21:00+00:00,24608.849609375,24612.650390625,24603.55078125,24612.650390625,0.0,33.428134771644565,-4.302842125955067,0.2242237202332598,24630.549518500764,24630.03346845492,8.308870118426949,24621.05078125,0.0004958042358205901,1
2025-08-04 05:22:00+00:00,24621.05078125,24621.5,24609.650390625,24609.650390625,0.0,43.57394541981766,-4.458084442372638,-0.7122379122879197,24629.644876857838,24629.681206211582,8.61897872603931,24623.400390625,9.543091380930539e-05,1
2025-08-04 05:23:00+00:00,24623.400390625,24630.849609375,24620.400390625,24621.80078125,0.0,45.30272846733204,-4.341475430250284,-1.4380854158803926,24629.05016388328,24629.434899717995,8.749710156322218,24625.849609375,9.946712115896487e-05,1
2025-08-04 05:24:00+00:00,24625.849609375,24625.849609375,24620.650390625,24623.099609375,0.0,47.121412479457234,-4.005260316131171,-1.9515203959305485,24628.745349168206,24629.294300096703,8.496103627299203,24624.400390625,-5.884949242312785e-05,1
2025-08-04 05:25:00+00:00,24624.400390625,24626.5,24622.0,24625.94921875,0.0,46.14373550406789,-3.811807117708668,-2.323577740286172,24628.331543592663,24629.102382078207,8.210667653920689,24630.19921875,0.0002354911402109807,1
2025-08-04 05:26:00+00:00,24630.19921875,24630.599609375,24620.0,24625.30078125,0.0,50.56365554450509,-3.154217244380561,-2.48970564110505,24628.50941741717,24629.145395281023,8.381306348283497,24620.75,-0.00038364361839211933,1
2025-08-04 05:27:00+00:00,24620.75,24632.099609375,24617.5,24630.5,0.0,44.19828162771431,-3.3568498394197377,-2.6631344807679875,24627.7704252822,24628.81616409353,8.825470850191818,24624.30078125,0.0001442190530345339,1
2025-08-04 05:28:00+00:00,24624.30078125,24626.0,24620.349609375,24620.94921875,0.0,46.9032731251076,-3.1940996664234262,-2.7693275178990757,24627.43998299342,24628.639090256533,8.59867940553526,24625.25,3.854804887384969e-05,1
2025-08-04 05:29:00+00:00,24625.25,24626.94921875,24623.80078125,24624.30078125,0.0,47.63406592495127,-2.954467697076325,-2.8063555537345257,24627.231413184523,24628.50618475628,8.20937641228274,24632.05078125,0.0002761710541009736,1
2025-08-04 05:30:00+00:00,24632.05078125,24632.900390625,24622.150390625,24625.55078125,0.0,52.66120488960118,-2.1905402402153413,-2.683192491030689,24627.690400619333,24628.645188540348,8.390849525691115,24644.099609375,0.000489152455554842,1
2025-08-04 05:31:00+00:00,24644.099609375,24644.5,24630.80078125,24631.349609375,0.0,59.98969612172186,-0.6058980775414966,-2.2677336083328505,24629.253182405588,24629.251244259354,8.770018755998892,24645.69921875,6.490841216984384e-05,1
2025-08-04 05:32:00+00:00,24645.69921875,24646.150390625,24641.55078125,24644.55078125,0.0,60.85609003283854,0.7701396704505896,-1.6601589525761624,24630.81947158125,24629.89626286683,8.472132371641829,24648.900390625,0.00012988764678928673,1
2025-08-04 05:33:00+00:00,24648.900390625,24649.349609375,24644.44921875,24645.650390625,0.0,62.601423240152265,2.09481954086732,-0.909163253887466,24632.54146387113,24630.641522778915,8.217007961167413,24661.400390625,0.0005071220136357186,1
2025-08-04 05:34:00+00:00,24661.400390625,24663.150390625,24648.80078125,24649.25,0.0,68.50644541315076,4.1059525499840674,0.0938599068868406,24635.289933085784,24631.847752890528,8.655050919298313,24662.44921875,4.2529138994017175e-05,1
2025-08-04 05:35:00+00:00,24662.44921875,24664.900390625,24660.05078125,24660.05078125,0.0,68.94945656443278,5.718502278781671,1.218788381265807,24637.87653172047,24633.04781037521,8.383233666134148,24666.19921875,0.00015205302469103538,1
2025-08-04 05:36:00+00:00,24666.19921875,24669.5,24662.599609375,24662.75,0.0,70.54484317537825,7.215873122950143,2.418205329602674,24640.573930485185,24634.3478656056,8.288058493553137,24649.25,-0.0006871435116406608,1
2025-08-04 05:37:00+00:00,24649.25,24666.349609375,24647.5,24666.05078125,0.0,56.43172016873284,6.954720315701707,3.3255083268224803,24641.400222819928,24634.93226303283,9.042454985085056,24646.05078125,-0.0001297896994837571,1
2025-08-04 05:38:00+00:00,24646.05078125,24653.55078125,24645.150390625,24649.349609375,0.0,54.22651752742328,6.415649010126799,3.943536463483344,24641.8431331466,24635.368283355077,8.99659324507898,24648.44921875,9.731528678925963e-05,1
2025-08-04 05:39:00+00:00,24648.44921875,24649.400390625,24642.400390625,24644.900390625,0.0,55.62648579687309,6.111515234984836,4.377132217783643,24642.47228415645,24635.881261213697,8.853979441859053,24653.5,0.00020491273934418098,1
2025-08-04 05:40:00+00:00,24653.5,24654.599609375,24647.900390625,24648.099609375,0.0,58.50466821509775,6.206498214749445,4.743005417176804,24643.52254280822,24636.572192146494,8.70006796386912,24656.25,0.00011154602794735028,1
2025-08-04 05:41:00+00:00,24656.25,24656.75,24650.25,24653.099609375,0.0,60.02501148760388,6.429558974225074,5.080316128586458,24644.73468158839,24637.343870885845,8.542920252164183,24654.94921875,-5.2756653992395437e-05,1
2025-08-04 05:42:00+00:00,24654.94921875,24658.05078125,24653.900390625,24656.400390625,0.0,58.92524602338751,6.427284324534412,5.34970976777605,24645.7074946514,24638.03427668444,8.22916813593817,24664.400390625,0.0003833377141094421,1
2025-08-04 05:43:00+00:00,24664.400390625,24664.55078125,24655.099609375,24655.150390625,0.0,64.07545838921556,7.106196422930225,5.701007098806885,24647.487770458407,24639.068241937013,8.32719630479973,24664.349609375,-2.058888486877714e-06,1
2025-08-04 05:44:00+00:00,24664.349609375,24666.099609375,24660.0,24664.5,0.0,64.02900372555769,7.553074389787071,6.071420557002922,24649.093659879032,24640.05966811105,8.168082952671178,24673.0,0.0003507244570402926,1
2025-08-04 05:45:00+00:00,24673.0,24673.349609375,24664.099609375,24664.5,0.0,68.25157337272803,8.50717718416854,6.558571882436046,24651.370454176267,24641.351445832184,8.245362741766092,24666.30078125,-0.00027152023466947675,1
2025-08-04 05:46:00+00:00,24666.30078125,24677.349609375,24666.30078125,24673.25,0.0,62.1653758625341,8.623335117837996,6.9715245295164365,24652.79239008805,24642.329851142687,8.445610269139943,24666.650390625,1.4173563279734037e-05,1
2025-08-04 05:47:00+00:00,24666.650390625,24668.19921875,24662.349609375,24666.349609375,0.0,62.35404258959985,8.643959487602842,7.306011521133718,24654.112199663,24643.283597789054,8.260181633844232,24672.150390625,0.0002229731200994511,1
2025-08-04 05:48:00+00:00,24672.150390625,24673.900390625,24665.650390625,24665.650390625,0.0,65.28672966323654,9.000357959783287,7.644880808863633,24655.83012261176,24644.415628880663,8.25945437428393,24667.94921875,-0.00017027992325291492,1
2025-08-04 05:49:00+00:00,24667.94921875,24672.5,24665.75,24671.900390625,0.0,61.354947820328704,8.841883132176008,7.884281273526108,24656.98432224397,24645.33851475789,8.15163620469222,24671.400390625,0.00013990509889556525,1
2025-08-04 05:50:00+00:00,24671.400390625,24674.25,24668.099609375,24668.099609375,0.0,63.30972084306914,8.892266899638344,8.085878398748555,24658.357281137403,24646.360549105622,8.019432279357062,24669.0,-9.729446188681433e-05,1
2025-08-04 05:51:00+00:00,24669.0,24675.150390625,24668.599609375,24671.900390625,0.0,60.99860169858237,8.638920833978773,8.196486885794599,24659.370873410036,24647.248370709323,7.914528634402986,24681.25,0.0004965746483440755,1
2025-08-04 05:52:00+00:00,24681.25,24681.25,24668.80078125,24668.80078125,0.0,67.51582533243513,9.31918906363353,8.421027321362386,24661.45459975193,24648.581767936408,8.238435071231345,24673.849609375,-0.0002998385667257534,1
2025-08-04 05:53:00+00:00,24673.849609375,24682.19921875,24673.849609375,24681.5,0.0,60.89561612782654,9.155616611780715,8.567945179446053,24662.635076858893,24649.572663679097,8.246376092929106,24676.25,9.72848040740248e-05,1
2025-08-04 05:54:00+00:00,24676.25,24677.400390625,24673.19921875,24674.849609375,0.0,62.19063897852586,9.114608198091446,8.677277783175132,24663.931736205668,24650.6188337309,7.957432934505598,24674.5,-7.091839319183425e-05,1
2025-08-04 05:55:00+00:00,24674.5,24677.150390625,24673.849609375,24676.0,0.0,60.61458909344614,8.839007780545217,8.70962378264915,24664.93823751941,24651.55535005518,7.624814957040912,24673.650390625,-3.4432688605645505e-05,1
2025-08-04 05:56:00+00:00,24673.650390625,24679.55078125,24673.650390625,24674.25,0.0,59.8219572975269,8.454576987249311,8.658614423569182,24665.76796638661,24652.421822234388,7.501641790466562,24669.44921875,-0.00017026957132359617,1
2025-08-04 05:57:00+00:00,24669.44921875,24674.69921875,24668.150390625,24674.44921875,0.0,55.92742772097693,7.721900096636091,8.471271558182565,24666.118561849795,24653.089563274218,7.433583671504665,24668.94921875,-2.0267983916721387e-05,1
2025-08-04 05:58:00+00:00,24668.94921875,24670.900390625,24668.0,24669.69921875,0.0,55.46462626439931,7.0199805943411775,8.181013365414287,24666.38814822125,24653.71151054778,7.109784168182904,24666.44921875,-0.00010134197358109757,1
2025-08-04 05:59:00+00:00,24666.44921875,24669.30078125,24665.099609375,24668.900390625,0.0,53.09866222637925,6.190613684062555,7.782933429143942,24666.39396446208,24654.211028516493,6.902026147241267,24680.80078125,0.0005818252304061168,1
2025-08-04 06:00:00+00:00,24680.80078125,24680.849609375,24666.75,24666.75,0.0,62.88616221982735,6.61513047875269,7.549372839065692,24667.7660422514,24655.253763917804,7.43762360993832,24678.25,-0.00010335083016989579,1
2025-08-04 06:01:00+00:00,24678.25,24683.849609375,24678.25,24680.19921875,0.0,60.47075345986037,6.66886187939599,7.373270647131752,24668.764514417933,24656.1555770975,7.3063368788712975,24681.400390625,0.00012765859106703272,1
2025-08-04 06:02:00+00:00,24681.400390625,24682.599609375,24676.80078125,24678.05078125,0.0,62.39203602339663,6.8862739168871485,7.275871301082832,24669.96793119956,24657.14556978485,7.198657682166205,24673.69921875,-0.00031202329499606585,1
2025-08-04 06:03:00+00:00,24673.69921875,24682.44921875,24673.400390625,24682.150390625,0.0,55.314403189997385,6.363796430112416,7.093456326888749,24670.323291918645,24657.79473248937,7.330812713797191,24671.349609375,-9.522728449305601e-05,1
2025-08-04 06:04:00+00:00,24671.349609375,24673.44921875,24669.599609375,24673.099609375,0.0,53.32680775199343,5.69449284867369,6.8136636312457375,24670.421036438296,24658.326296288807,7.100012475311678,24664.75,-0.0002675009466240217,1
2025-08-04 06:05:00+00:00,24664.75,24673.5,24664.75,24671.69921875,0.0,48.098853998903664,4.578750629902061,6.366681030977002,24669.88093772989,24658.578206238268,7.217868727075129,24661.25,-0.00014190291813215216,1
2025-08-04 06:06:00+00:00,24661.25,24665.55078125,24655.94921875,24665.55078125,0.0,45.548531918246425,3.373211847330822,5.767987194247767,24669.058943660373,24658.68298246422,7.388132567998334,24661.30078125,2.0591515028638044e-06,1
2025-08-04 06:07:00+00:00,24661.30078125,24664.94921875,24661.0,24661.900390625,0.0,45.59360635074219,2.3943111704211333,5.09325198948244,24668.32007104986,24658.78564124013,7.142495866712738,24636.94921875,-0.0009874403104687206,0
2025-08-04 06:08:00+00:00,24636.94921875,24660.099609375,24632.55078125,24660.099609375,0.0,31.93964018348865,-0.342494188076671,4.006102753970618,24665.332370830823,24657.9293109464,8.6858890190904,24652.94921875,0.0006494310581207501,1
2025-08-04 06:09:00+00:00,24652.94921875,24654.69921875,24636.900390625,24636.900390625,0.0,43.83999359731798,-1.206458566521178,2.9635904898722587,24664.1530230136,24657.73401321321,9.336813240941083,24652.44921875,-2.028154909838215e-05,1
2025-08-04 06:10:00+00:00,24652.44921875,24656.599609375,24652.25,24653.349609375,0.0,43.58353176337515,-1.9094909591331088,1.9889742000711848,24663.038374988497,24657.52676637152,8.980584393373865,24656.650390625,0.0001704160036076537,1
2025-08-04 06:11:00+00:00,24656.650390625,24658.55078125,24652.349609375,24652.55078125,0.0,46.41976538449162,-2.103403015065851,1.170498757043778,24662.42999552531,24657.492398695184,8.782054927775732,24664.69921875,0.00032643639738106283,1
2025-08-04 06:12:00+00:00,24664.69921875,24665.55078125,24655.099609375,24656.650390625,0.0,51.455081804466005,-1.5892862510227133,0.6185417554304797,24662.6461120229,24657.77501908949,8.90127756686318,24667.19921875,0.00010135943592206917,1
2025-08-04 06:13:00+00:00,24667.19921875,24669.099609375,24663.900390625,24664.44921875,0.0,52.9345855923234,-0.9689464928524104,0.3010441057739017,24663.079741235004,24658.144595546764,8.636844794230097,24669.349609375,8.717611618288014e-05,1
2025-08-04 06:14:00+00:00,24669.349609375,24670.44921875,24666.94921875,24667.5,0.0,54.22683193725364,-0.3003420570494199,0.1807668732092374,24663.67687153405,24658.584007853755,8.269927308927947,24670.55078125,4.8690861089565296e-05,1
2025-08-04 06:15:00+00:00,24670.55078125,24671.19921875,24667.849609375,24669.25,0.0,54.97055710709476,0.3227360072669398,0.2091607000207779,24664.331529602237,24659.05329308498,7.918476027933094,24672.849609375,9.318106212477206e-05,1
2025-08-04 06:16:00+00:00,24672.849609375,24674.099609375,24670.19921875,24670.80078125,0.0,56.42963584141364,0.9906069792232302,0.3654499558612684,24665.14277529488,24659.594325096357,7.631469927723587,24674.30078125,5.881654928292494e-05,1
2025-08-04 06:17:00+00:00,24674.30078125,24674.44921875,24670.69921875,24672.900390625,0.0,57.36872644489189,1.6183417423890205,0.6160283131668188,24666.014966338225,24660.171048867083,7.354222075743331,24670.55078125,-0.00015197999056774185,1
2025-08-04 06:18:00+00:00,24670.55078125,24674.25,24669.05078125,24673.94921875,0.0,54.12241226557397,1.7925687876922891,0.851336408071913,24666.446948710774,24660.578097195827,7.203920498904521,24672.599609375,8.304752265835675e-05,1
2025-08-04 06:19:00+00:00,24672.599609375,24674.44921875,24670.75,24670.75,0.0,55.60067177627569,2.072082604809111,1.0954856474193528,24667.032916393087,24661.04952904599,6.967814570411341,24676.05078125,0.00013987872902086236,1
2025-08-04 06:20:00+00:00,24676.05078125,24677.5,24670.80078125,24672.30078125,0.0,58.05256344487693,2.542768592807988,1.38494223649708,24667.891760665178,24661.637813446152,6.948629154667674,24672.849609375,-0.00012972788487825604,1
2025-08-04 06:21:00+00:00,24672.849609375,24677.900390625,24672.400390625,24676.599609375,0.0,55.01759905156112,2.627198107988079,1.63339341079528,24668.363936732778,24662.07749171787,6.845155643619982,24672.5,-1.4169801240435483e-05,1
2025-08-04 06:22:00+00:00,24672.5,24674.349609375,24670.400390625,24671.75,0.0,54.68137376216316,2.6355179420133936,1.8338183170389024,24668.757847520134,24662.486217532856,6.6383030083614125,24676.650390625,0.00016821929780119567,1
2025-08-04 06:23:00+00:00,24676.650390625,24676.849609375,24672.599609375,24673.349609375,0.0,57.96553768047893,2.9430872300181363,2.0556720996347497,24669.509518292023,24663.041675301178,6.47482489169274,24675.75,-3.6487554459258005e-05,1
2025-08-04 06:24:00+00:00,24675.75,24677.69921875,24675.75,24676.5,0.0,57.00047998963894,3.0786948305321857,2.260276645814237,24670.103849883257,24663.54004097564,6.151567310143259,24671.849609375,-0.00015806573761689108,1
2025-08-04 06:25:00+00:00,24671.849609375,24676.349609375,24670.099609375,24676.349609375,0.0,52.89240340007327,2.8387129881375586,2.375963914278901,24670.270112691996,24663.865906403065,6.158598216561598,24677.75,0.00023915477430431174,1
2025-08-04 06:26:00+00:00,24677.75,24680.80078125,24671.75,24672.0,0.0,57.84228107848226,3.089029452206887,2.5185770218644987,24670.982482911804,24664.410380661768,6.365182718950055,24677.25,-2.0261166435351684e-05,1
2025-08-04 06:27:00+00:00,24677.25,24682.19921875,24677.25,24677.94921875,0.0,57.292894297964025,3.2100576852826634,2.656873154548132,24671.57938930116,24664.91389514562,6.264042435453622,24683.05078125,0.00023506595143300003,1
2025-08-04 06:28:00+00:00,24683.05078125,24684.400390625,24675.44921875,24677.05078125,0.0,61.82325571474193,3.7310389056692657,2.8717063047723586,24672.671902820093,24665.625145581085,6.4559802525640775,24679.44921875,-0.00014591237249877786,1
2025-08-04 06:29:00+00:00,24679.44921875,24684.05078125,24678.30078125,24683.94921875,0.0,57.72863966364969,3.809391982544184,3.059243440326724,24673.317361480083,24666.167266097516,6.4055530916666426,24675.55078125,-0.00015796290530820255,1
2025-08-04 06:30:00+00:00,24675.55078125,24683.849609375,24674.94921875,24679.0,0.0,53.5911343378291,3.5163813791587017,3.15067102809312,24673.53006812484,24666.535247083884,6.583755772619026,24670.900390625,-0.00018846147209543353,1
2025-08-04 06:31:00+00:00,24670.900390625,24675.69921875,24670.900390625,24675.0,0.0,49.07286422066493,2.875770612921769,3.09569094505885,24673.27962264866,24666.70642918353,6.456260940646239,24663.05078125,-0.00031817279672463313,1
2025-08-04 06:32:00+00:00,24663.05078125,24671.900390625,24660.75,24671.0,0.0,42.551513629559246,1.7149156110208423,2.8195358782512487,24672.30544727736,24666.563070441043,6.791555918100079,24661.80078125,-5.06831053095146e-05,1
2025-08-04 06:33:00+00:00,24661.80078125,24664.19921875,24659.55078125,24663.05078125,0.0,41.603376035087486,0.6861555313444114,2.3928598088698814,24671.3050028938,24666.37631400218,6.638476031092931,24670.69921875,0.00036081864333140464,1
2025-08-04 06:34:00+00:00,24670.69921875,24671.80078125,24662.44921875,24662.80078125,0.0,50.12341345424693,0.5821743517553841,2.030722717446982,24671.24730916582,24666.545839678565,6.878584886014864,24676.150390625,0.00022095733188044585,1
2025-08-04 06:35:00+00:00,24676.150390625,24679.099609375,24670.5,24670.599609375,0.0,54.50267082243621,0.9289244677238456,1.810363067502355,24671.71426930479,24666.92248873529,7.00151520665666,24668.69921875,-0.00030195843991252623,1
2025-08-04 06:36:00+00:00,24668.69921875,24677.599609375,24668.69921875,24676.099609375,0.0,48.26458034667641,0.595613275476353,1.5674131090971548,24671.427121632903,24666.992164422143,7.137149165109756,24668.19921875,-2.0268600122213323e-05,1
2025-08-04 06:37:00+00:00,24668.19921875,24671.349609375,24667.650390625,24668.849609375,0.0,47.86865327274407,0.2877983724283695,1.3114901617633978,24671.119702310723,24667.03949988598,6.891582706887631,24669.19921875,4.053802189338215e-05,1
2025-08-04 06:38:00+00:00,24669.19921875,24672.25,24668.0,24668.5,0.0,48.773747778169714,0.1231251763347245,1.073817164677663,24670.93679911446,24667.124194743392,6.702898227824228,24668.94921875,-1.0134094657194455e-05,1
2025-08-04 06:39:00+00:00,24668.94921875,24670.69921875,24667.349609375,24669.30078125,0.0,48.54682374339148,-0.0272384408453945,0.8536060435730516,24670.747505746414,24667.19576431228,6.46337759547964,24677.150390625,0.00033244917739611615,1
2025-08-04 06:40:00+00:00,24677.150390625,24679.19921875,24668.599609375,24669.849609375,0.0,55.81017775191869,0.5094902529963292,0.7847828854577071,24671.35730430628,24667.58614181474,6.758822722588237,24675.849609375,-5.271197157732502e-05,1
2025-08-04 06:41:00+00:00,24675.849609375,24681.44921875,24675.849609375,24677.44921875,0.0,54.49615193673964,0.8204320045479108,0.7919127092757479,24671.78514288425,24667.91019936612,6.676021769189077,24672.05078125,-0.0001539492331626436,1
2025-08-04 06:42:00+00:00,24672.05078125,24677.400390625,24671.650390625,24675.44921875,0.0,50.73897022052897,0.7516572642634856,0.7838616202732954,24671.81044177623,24668.072575126276,6.609877357104144,24673.400390625,5.47019535167973e-05,1
2025-08-04 06:43:00+00:00,24673.400390625,24677.44921875,24670.099609375,24672.099609375,0.0,52.00497603720544,0.7968691727073747,0.7864631307601113,24671.961865476114,24668.2815090674,6.662715358382419,24676.80078125,0.00013781605174664231,1
2025-08-04 06:44:00+00:00,24676.80078125,24678.69921875,24672.94921875,24673.650390625,0.0,55.13363689370083,1.0944667101175585,0.8480638466316007,24672.42271459744,24668.6155981726,6.597521404212246,24676.05078125,-3.0392918703216474e-05,1
2025-08-04 06:45:00+00:00,24676.05078125,24680.150390625,24675.30078125,24676.75,0.0,54.29297177805382,1.2553255589664332,0.9295161890985671,24672.768244754825,24668.90717397956,6.4726705449828,24671.44921875,-0.00018647888759803003,1
2025-08-04 06:46:00+00:00,24671.44921875,24678.849609375,24670.0,24676.44921875,0.0,49.32372050323564,0.9999726563946753,0.9436074825577888,24672.642623230557,24669.006862009774,6.642451889984029,24677.44921875,0.00024319609062284323,1
2025-08-04 06:47:00+00:00,24677.44921875,24679.69921875,24669.849609375,24671.75,0.0,55.09500643044512,1.267146619837149,1.008315310013661,24673.10039423241,24669.33793482312,6.8715345674851696,24675.05078125,-9.719146734896976e-05,1
2025-08-04 06:48:00+00:00,24675.05078125,24679.05078125,24674.75,24677.69921875,0.0,52.52013504305087,1.2707021852729667,1.0607926850655225,24673.286145376936,24669.56196801633,6.687909330521943,24678.150390625,0.0001256171426952167,1
2025-08-04 06:49:00+00:00,24678.150390625,24680.599609375,24675.75,24675.80078125,0.0,55.41980463267674,1.5062692344326931,1.1498879949389569,24673.74940682913,24669.898768902945,6.606546387270376,24675.25,-0.00011752868748631305,1
2025-08-04 06:50:00+00:00,24675.25,24678.25,24671.25,24677.75,0.0,52.20687686035204,1.442294659162144,1.2083693277835943,24673.892320464456,24670.10862110283,6.634650216751063,24670.19921875,-0.00020469017537816232,1
2025-08-04 06:51:00+00:00,24670.19921875,24676.349609375,24668.849609375,24675.0,0.0,47.087380342163975,0.972824397522345,1.1612603417313443,24673.54059649165,24670.11217395174,6.696460915554559,24668.25,-7.901106645780721e-05,1
2025-08-04 06:52:00+00:00,24668.25,24672.25,24667.349609375,24670.55078125,0.0,45.24346041859958,0.4384262649255106,1.0166935263701775,24673.03673015911,24670.03914752226,6.568170180514947,24676.19921875,0.00032224494035855807,1
2025-08-04 06:53:00+00:00,24676.19921875,24677.400390625,24667.30078125,24668.349609375,0.0,53.27873420342721,0.648867670843174,0.943128355264777,24673.33791954872,24670.28071894296,6.82041583726388,24670.0,-0.000251222592873605,1
2025-08-04 06:54:00+00:00,24670.0,24681.25,24669.599609375,24676.69921875,0.0,47.43295913950157,0.3118243401950167,0.816867552250825,24673.02002244884,24670.269710356963,7.165414036387888,24678.650390625,0.0003506441274827726,1
2025-08-04 06:55:00+00:00,24678.650390625,24680.75,24669.400390625,24669.400390625,0.0,54.87348217989789,0.7342651499166095,0.800347071783982,24673.556247989425,24670.59836448512,7.46428513200304,24681.44921875,0.00011341090702687807,1
2025-08-04 06:56:00+00:00,24681.44921875,24682.900390625,24676.849609375,24678.599609375,0.0,56.9944758594705,1.2801379407210334,0.8963052455713924,24674.30795949043,24671.023888181782,7.3633205690028225,24687.30078125,0.00023708342440259487,1
2025-08-04 06:57:00+00:00,24687.30078125,24690.349609375,24680.349609375,24681.5,0.0,61.110005514111,2.16001889715335,1.1490479758877838,24675.54537108658,24671.662197713875,7.551654814074049,24690.25,0.00011946298933741396,1
2025-08-04 06:58:00+00:00,24690.25,24691.69921875,24686.75,24687.44921875,0.0,63.03029749250069,3.060034032281692,1.5312451871665655,24676.94581193548,24672.39113113686,7.365766523783045,24694.599609375,0.0001761670851854477,1
2025-08-04 06:59:00+00:00,24694.599609375,24696.599609375,24690.599609375,24690.599609375,0.0,65.71881670005261,4.077279298755457,2.040452009484344,24678.62712597734,24673.26205185208,7.293183870298542,24695.5,3.6461033555619094e-05,1
2025-08-04 07:00:00+00:00,24695.5,24698.30078125,24692.150390625,24694.94921875,0.0,66.26571192156402,4.899627642302221,2.612287136047919,24680.23406636045,24674.13412825004,7.211555781348646,24695.650390625,6.089798748759896e-06,1
2025-08-04 07:01:00+00:00,24695.650390625,24698.900390625,24693.44921875,24695.30078125,0.0,66.36223916100846,5.500078415541793,3.189845391946694,24681.70228771897,24674.97790324514,7.0858140737523145,24693.099609375,-0.00010328868483529923,1
2025-08-04 07:02:00+00:00,24693.099609375,24697.25,24693.099609375,24695.94921875,0.0,63.06605738759399,5.704356973885297,3.692747708334415,24682.78774692431,24675.68855838749,6.876140970270007,24697.44921875,0.00017614675532060884,1
2025-08-04 07:03:00+00:00,24697.44921875,24698.5,24692.75,24693.400390625,0.0,66.15328317777849,6.146374746389483,4.183473115945429,24684.184077574377,24676.541917617396,6.795702329536435,24694.099609375,-0.0001356257217225906,1
2025-08-04 07:04:00+00:00,24694.099609375,24697.94921875,24691.05078125,24697.05078125,0.0,61.8646964187261,6.155435504089837,4.577865593574311,24685.12841393634,24677.230454549062,6.803040555998118,24699.349609375,0.00021260139397861916,1
2025-08-04 07:05:00+00:00,24699.349609375,24700.349609375,24693.400390625,24694.849609375,0.0,65.62603361389094,6.511190393979632,4.964530553655375,24686.48281350193,24678.097872385373,6.813481855569681,24705.19921875,0.0002368325266661959,1
2025-08-04 07:06:00+00:00,24705.19921875,24707.69921875,24699.0,24699.25,0.0,69.2636702350796,7.182349640825123,5.408094371089325,24688.26532828746,24679.160670282028,6.94817734802899,24707.19921875,8.09546194018181e-05,1
2025-08-04 07:07:00+00:00,24707.19921875,24708.69921875,24701.55078125,24705.75,0.0,70.41640253725194,7.7858806787735375,5.883651632626167,24690.06855595056,24680.26022120234,6.962481644598348,24710.5,0.0001335959297035609,1
2025-08-04 07:08:00+00:00,24710.5,24715.05078125,24707.05078125,24707.55078125,0.0,72.26513450750498,8.433314831825555,6.393584272466045,24692.014407764796,24681.44609488068,7.0365900985556085,24717.30078125,0.0002752182776552478,1
2025-08-04 07:09:00+00:00,24717.30078125,24719.650390625,24709.75,24710.5,0.0,75.64252979163543,9.386970124593065,6.992261442891449,24694.422633811,24682.85216101281,7.241147279015922,24714.55078125,-0.0001112581031536457,1
2025-08-04 07:10:00+00:00,24714.55078125,24720.80078125,24714.400390625,24716.75,0.0,71.83327462831224,9.807788714369964,7.555366897187152,24696.33960023376,24684.09524415937,7.181093232300499,24704.5,-0.00040667464842715853,1
2025-08-04 07:11:00+00:00,24704.5,24714.650390625,24704.05078125,24714.650390625,0.0,59.95048219668116,9.223948493094213,7.889083216368564,24697.11678116388,24684.895430662924,7.425272956779034,24697.94921875,-0.00026516550628428016,1
2025-08-04 07:12:00+00:00,24697.94921875,24705.80078125,24697.849609375,24704.80078125,0.0,53.71376050728238,8.13883815171721,7.939034203438293,24697.196060933988,24685.407343921244,7.462837165223389,24696.69921875,-5.061148959894349e-05,1
2025-08-04 07:13:00+00:00,24696.69921875,24698.44921875,24693.30078125,24696.650390625,0.0,52.58950666732869,7.096215084809955,7.770470379712625,24697.14874263075,24685.850162541978,7.297522903421718,24692.400390625,-0.0001740648856320153,1
2025-08-04 07:14:00+00:00,24692.400390625,24697.599609375,24689.650390625,24696.400390625,0.0,48.806143224284895,5.855550152504293,7.387486334270959,24696.6965186302,24686.107034231507,7.344072606748738,24699.400390625,0.0002834880323201668,1
2025-08-04 07:15:00+00:00,24699.400390625,24700.0,24692.349609375,24692.80078125,0.0,54.54110447655855,5.375193864772882,6.985027840371345,24696.954030248755,24686.62834232537,7.365952465195257,24687.599609375,-0.00047777602141625875,1
2025-08-04 07:16:00+00:00,24687.599609375,24701.25,24687.19921875,24699.5,0.0,45.323228147870765,3.996217712108773,6.38726581471883,24696.06313302268,24686.66643122928,7.843440235538452,24693.5,0.00023900220022846427,1
2025-08-04 07:17:00+00:00,24693.5,24696.30078125,24686.75,24687.30078125,0.0,49.88399701066322,3.340968779539253,5.778006407682915,24695.81902511576,24686.93441431833,7.965393165142848,24688.94921875,-0.00018429065341081662,1
2025-08-04 07:18:00+00:00,24688.94921875,24698.349609375,24688.94921875,24694.400390625,0.0,46.65183022586155,2.426498105534847,5.107704747253302,24695.16475784283,24687.013426256824,8.067892983704073,24694.05078125,0.0002066334397142193,1
2025-08-04 07:19:00+00:00,24694.05078125,24696.150390625,24689.05078125,24689.80078125,0.0,50.52213697528412,2.0893423284032906,4.5040322634833,24695.05866483399,24687.28940096244,8.005984333082354,24693.650390625,-1.621405206245115e-05,1
2025-08-04 07:20:00+00:00,24693.650390625,24699.05078125,24692.94921875,24695.05078125,0.0,50.214231046726745,1.769438779898337,3.9571135667663073,24694.924543480756,24687.53885153744,7.869954202147901,24702.0,0.0003381277876263263,1
2025-08-04 07:21:00+00:00,24702.0,24703.94921875,24692.44921875,24693.650390625,0.0,56.20797648228808,2.164703257225483,3.598631504858143,24695.598396482583,24688.10595539872,8.129243187708765,24699.900390625,-8.499754574528379e-05,1
2025-08-04 07:22:00+00:00,24699.900390625,24702.75,24697.349609375,24702.05078125,0.0,54.43331751911659,2.2822242137372086,3.3353500466339563,24696.008110210438,24688.568482270337,7.934325147515281,24698.400390625,-6.072898984521145e-05,1
2025-08-04 07:23:00+00:00,24698.400390625,24700.30078125,24695.94921875,24700.0,0.0,53.142408518340886,2.2286326644134533,3.114006570189856,24696.235946440396,24688.95404730385,7.678413529835618,24692.19921875,-0.00025107585013294366,1
2025-08-04 07:24:00+00:00,24692.19921875,24699.650390625,24691.75,24698.69921875,0.0,48.06727449478477,1.6665670825823329,2.8245186726683515,24695.851496184165,24689.081308929195,7.694269036633074,24694.94921875,0.00011137120576573795,1
2025-08-04 07:25:00+00:00,24694.94921875,24697.25,24691.900390625,24693.25,0.0,50.33255361573405,1.4265833124009075,2.5449316006148632,24695.76556499996,24689.311423039817,7.526793346516426,24702.0,0.00028551511434761695,1
2025-08-04 07:26:00+00:00,24702.0,24702.30078125,24694.400390625,24694.80078125,0.0,55.67147052107135,1.7847599646811432,2.3928972734281198,24696.359320714248,24689.80901429316,7.553478866408109,24702.900390625,3.645011031495425e-05,1
2025-08-04 07:27:00+00:00,24702.900390625,24703.599609375,24700.150390625,24702.400390625,0.0,56.317228706098014,2.116869585817767,2.337691735906049,24696.982279753367,24690.32240160029,7.260317429521815,24705.69921875,0.00011329957538355227,1
2025-08-04 07:28:00+00:00,24705.69921875,24709.5,24702.900390625,24702.900390625,0.0,58.34840750206046,2.576213901971641,2.385396169119168,24697.81246441972,24690.92541403753,7.2131239970559715,24705.69921875,0.0,1
2025-08-04 07:29:00+00:00,24705.69921875,24706.400390625,24701.0,24705.44921875,0.0,58.34840750206046,2.9067404869711027,2.489665032689554,24698.563583879743,24691.50477892822,7.083643041909116,24710.849609375,0.0002084697372617243,1
2025-08-04 07:30:00+00:00,24710.849609375,24711.900390625,24705.0,24705.650390625,0.0,62.108614576726346,3.54343218619033,2.7004184633897097,24699.73368154596,24692.26339973005,7.070553583558464,24715.5,0.0001881922596152136,1
2025-08-04 07:31:00+00:00,24715.5,24719.75,24711.349609375,24711.349609375,0.0,65.16643530733668,4.372855052402883,3.0349057811923448,24701.23523568444,24693.174638956327,7.2012562293757165,24721.25,0.0002326475288786389,1
2025-08-04 07:32:00+00:00,24721.25,24722.0,24714.900390625,24715.69921875,0.0,68.54634958137387,5.431544135019067,3.51423345195769,24703.141403714493,24694.27563350706,7.193995739777451,24716.5,-0.00019214238762198515,1
2025-08-04 07:33:00+00:00,24716.5,24721.80078125,24716.0,24720.94921875,0.0,63.09951444160294,5.820186075703532,3.975423976706858,24704.41365097978,24695.1471772911,7.094480419079062,24716.19921875,-1.2169249286913601e-05,1
2025-08-04 07:34:00+00:00,24716.19921875,24719.94921875,24715.94921875,24716.44921875,0.0,62.75943470482244,6.034356771953753,4.387210535756238,24705.536086005515,24695.97274754439,6.873446103430558,24713.80078125,-9.703909079113252e-05,1
2025-08-04 07:35:00+00:00,24713.80078125,24721.0,24713.80078125,24716.0,0.0,59.98325792059867,5.942058379874652,4.698180104579921,24706.323199838323,24696.67188612108,6.896715578185519,24710.5,-0.00013356024349375894,1
2025-08-04 07:36:00+00:00,24710.5,24713.75,24703.94921875,24713.75,0.0,56.29269066904687,5.538718874631741,4.866287858590285,24706.720990329915,24697.214165096724,7.107776072600839,24708.099609375,-9.714051213047085e-05,1
2025-08-04 07:37:00+00:00,24708.099609375,24710.75,24706.55078125,24710.75,0.0,53.70491304773458,4.968108683919127,4.886652023656054,24706.85228738183,24697.6410452645,6.900021978129352,24707.75,-1.4149585784709547e-05,1
2025-08-04 07:38:00+00:00,24707.75,24714.650390625,24706.80078125,24708.05078125,0.0,53.3204500189605,4.436543727559183,4.79663036443668,24706.937783821653,24698.03747486197,6.967849649334398,24709.150390625,5.667819307707096e-05,1
2025-08-04 07:39:00+00:00,24709.150390625,24711.75,24706.69921875,24707.599609375,0.0,54.71877944838828,4.081228626684606,4.653550016886266,24707.148508279115,24698.47327548013,6.830916192239084,24702.30078125,-0.0002772094251204541,1
2025-08-04 07:40:00+00:00,24702.30078125,24709.30078125,24700.650390625,24708.94921875,0.0,47.26133367754871,3.2099305362353334,4.36482612075608,24706.68681999063,24698.623373745613,6.960878651722007,24703.55078125,5.0602573868293205e-05,1
2025-08-04 07:41:00+00:00,24703.55078125,24705.19921875,24700.55078125,24702.30078125,0.0,48.63706130084429,2.5904242769174743,4.009945751988359,24706.388149634386,24698.816605412456,6.795704283741864,24708.30078125,0.00019228005083403844,1
2025-08-04 07:42:00+00:00,24708.30078125,24708.650390625,24703.30078125,24704.150390625,0.0,53.591238881817866,2.4544529993727338,3.698847201465234,24706.570305026347,24699.188533876677,6.6924117902603015,24703.599609375,-0.00019026690328164956,1
2025-08-04 07:43:00+00:00,24703.599609375,24712.05078125,24703.599609375,24708.5,0.0,48.59534110014721,1.9449295639788036,3.348063673967948,24706.28738163098,24699.36151722955,6.818037510598852,24698.75,-0.00019631185137730198,1
2025-08-04 07:44:00+00:00,24698.75,24704.05078125,24693.05078125,24703.150390625,0.0,44.03494545329192,1.1367024258324818,2.9057914243408547,24705.56953576136,24699.337536161725,7.116749116984648,24698.900390625,6.088997418897717e-06,1
2025-08-04 07:45:00+00:00,24698.900390625,24699.349609375,24695.69921875,24698.650390625,0.0,44.20979500924339,0.502519134683098,2.4251369664093034,24704.93437908171,24699.3203931995,6.869152081842887,24703.75,0.00019634920171752966,1
2025-08-04 07:46:00+00:00,24703.75,24704.5,24698.55078125,24699.05078125,0.0,49.670411311209605,0.3867885959189152,2.017467292311226,24704.82158107393,24699.49410327011,6.803442558139823,24697.400390625,-0.0002570301826645752,1
2025-08-04 07:47:00+00:00,24697.400390625,24703.900390625,24695.650390625,24703.650390625,0.0,43.64674995812145,-0.2148128714397899,1.5710112595610226,24704.114801031177,24699.41199689187,6.906768089701265,24695.349609375,-8.303632032375624e-05,1
2025-08-04 07:48:00+00:00,24695.349609375,24697.44921875,24693.30078125,24696.900390625,0.0,41.88018974331642,-0.8473001279598975,1.0873489820568385,24703.280020873444,24699.25268757749,6.709744476151174,24693.599609375,-7.086354425756557e-05,1
2025-08-04 07:49:00+00:00,24693.599609375,24697.75,24692.5,24695.599609375,0.0,40.37833364966208,-1.4727838744838664,0.5753224107486976,24702.358076921213,24699.03099823621,6.605477013568948,24690.80078125,-0.00011334224937936616,1
2025-08-04 07:50:00+00:00,24690.80078125,24701.099609375,24690.55078125,24693.650390625,0.0,38.02944447760043,-2.1693197214808606,0.0263939843027859,24701.257382095384,24698.708244628917,6.887144950099738,24687.94921875,-0.00011549088768985792,1
2025-08-04 07:51:00+00:00,24687.94921875,24692.0,24686.5,24691.44921875,0.0,35.74776628193358,-2.917792168882442,-0.5624432463342598,24699.989937967253,24698.286322045427,6.7880631679497565,24689.75,7.294171071254241e-05,1
2025-08-04 07:52:00+00:00,24689.75,24690.650390625,24686.849609375,24688.150390625,0.0,38.26669951343846,-3.3272989476827206,-1.115414386603952,24699.014705779897,24697.951564318155,6.5746858880962025,24689.599609375,-6.091217003007321e-06,1
2025-08-04 07:53:00+00:00,24689.599609375,24690.80078125,24686.099609375,24688.900390625,0.0,38.13224811516092,-3.622216628253227,-1.6167748349338074,24698.11802993181,24697.624036673325,6.440863458589331,24688.25,-5.466307256305338e-05,1
2025-08-04 07:54:00+00:00,24688.25,24693.650390625,24688.25,24689.599609375,0.0,36.87995301387535,-3.919659813847829,-2.077351830716612,24697.178217557357,24697.25642739202,6.366543970475808,24684.150390625,-0.0001660550818709305,1
2025-08-04 07:55:00+00:00,24684.150390625,24689.5,24682.5,24688.80078125,0.0,33.302230391057506,-4.43506522491225,-2.54889450955574,24695.937472135225,24696.742465165866,6.411790829727536,24685.55078125,5.6732381015303894e-05,1
2025-08-04 07:56:00+00:00,24685.55078125,24687.55078125,24683.349609375,24683.349609375,0.0,35.60044496898584,-4.6766187566645385,-2.9744393589775,24694.948263479488,24696.303575600537,6.2538894758184265,24671.650390625,-0.0005630982572832887,1
2025-08-04 07:57:00+00:00,24671.650390625,24686.19921875,24671.650390625,24686.05078125,0.0,26.017365727332844,-5.921438368353847,-3.563839160852769,24692.729418445724,24695.33678403287,6.84638509361711,24649.150390625,-0.0009119779035353789,0
2025-08-04 07:58:00+00:00,24649.150390625,24671.650390625,24644.099609375,24671.650390625,0.0,17.708110837699962,-8.62411540465473,-4.575894409613161,24688.57903484375,24693.52555291884,8.325270533358745,24668.80078125,0.000797203567408708,1
2025-08-04 07:59:00+00:00,24668.80078125,24669.400390625,24651.0,24651.0,0.0,36.71708190975513,-9.075764367229567,-5.4758684011364425,24686.695391644345,24692.55595402986,9.17703692383312,24679.80078125,0.000445907366861577,1
2025-08-04 08:00:00+00:00,24679.80078125,24681.599609375,24667.30078125,24671.05078125,0.0,44.45231995233426,-8.44870000039009,-6.070434720987172,24686.03876208298,24692.055751175747,9.542879152487895,24678.5,-5.2706310781416166e-05,1
2025-08-04 08:01:00+00:00,24678.5,24681.0,24677.19921875,24678.69921875,0.0,43.77097093671616,-7.964894798446039,-6.4493267364789455,24685.320784741743,24691.524153090424,9.13272930231019,24681.900390625,0.00013778757319123935,1
2025-08-04 08:02:00+00:00,24681.900390625,24684.30078125,24677.80078125,24677.80078125,0.0,46.09690874648702,-7.223820874718513,-6.60422556412686,24684.9950329211,24691.1467506408,8.944677209288034,24688.5,0.00026738659789368366,1
2025-08-04 08:03:00+00:00,24688.5,24691.25,24681.599609375,24681.75,0.0,50.386459750178815,-6.03442009117498,-6.490264469536484,24685.328839309565,24691.042956498022,8.995085310410317,24687.150390625,-5.4665507219960714e-05,1
2025-08-04 08:04:00+00:00,24687.150390625,24690.0,24687.150390625,24688.5,0.0,49.5186166659961,-5.141446207020636,-6.220500817033314,24685.502320387222,24690.890306855945,8.556122743595294,24688.150390625,4.050690274806898e-05,1
2025-08-04 08:05:00+00:00,24688.150390625,24688.599609375,24683.19921875,24687.55078125,0.0,50.20301199044268,-4.303458734168089,-5.83709240046027,24685.75451755273,24690.782859160616,8.330713306552772,24679.80078125,-0.00033820311537678633,1
2025-08-04 08:06:00+00:00,24679.80078125,24688.5,24677.5,24688.5,0.0,44.74794908173672,-4.263939282682259,-5.522461776904668,24685.187495047707,24690.352189438632,8.521376641799003,24683.94921875,0.00016809039654613805,1
2025-08-04 08:07:00+00:00,24683.94921875,24686.0,24679.5,24679.55078125,0.0,47.783786050320494,-3.85345536163004,-5.188660493849742,24685.06956397173,24690.10109254888,8.376992595956217,24684.94921875,4.0512155941416255e-05,1
2025-08-04 08:08:00+00:00,24684.94921875,24687.55078125,24680.75,24683.900390625,0.0,48.51810493771811,-3.4081650489933963,-4.832561404878474,24685.058102522045,24689.89905828226,8.264406071245059,24689.349609375,0.00017826208942158106,1
2025-08-04 08:09:00+00:00,24689.349609375,24689.849609375,24683.0,24684.94921875,0.0,51.73465731584746,-2.669423072722566,-4.3999337384472925,24685.466817460423,24689.877511266288,8.163349164370413,24689.30078125,-1.9776999302346574e-06,1
2025-08-04 08:10:00+00:00,24689.30078125,24690.150390625,24687.099609375,24689.05078125,0.0,51.696060004970455,-2.0641109694006445,-3.932769184637963,24685.831956868955,24689.854894402903,7.798165741915383,24690.94921875,6.676728169037038e-05,1
2025-08-04 08:11:00+00:00,24690.94921875,24692.55078125,24686.150390625,24689.44921875,0.0,52.97168211346662,-1.4348416751236073,-3.433183682735092,24686.31931514334,24689.897809083184,7.698324662135713,24697.400390625,0.00026127678680336276,1
2025-08-04 08:12:00+00:00,24697.400390625,24698.55078125,24690.5,24691.19921875,0.0,57.68166046146018,-0.4108495522559678,-2.8287168566392675,24687.374655665404,24690.19202796718,7.723500132697447,24694.900390625,-0.00010122522858515046,1
2025-08-04 08:13:00+00:00,24694.900390625,24698.349609375,24694.900390625,24697.650390625,0.0,55.36746424751724,0.196675325230899,-2.2236384202652344,24688.09139232822,24690.37666964004,7.41819431964763,24701.69921875,0.00027531304105122287,1
2025-08-04 08:14:00+00:00,24701.69921875,24702.69921875,24695.05078125,24695.05078125,0.0,60.06040255637352,1.2127716998948015,-1.5363563962332272,24689.387375796963,24690.82069117376,7.445382448601371,24708.0,0.00025507481061130187,1
2025-08-04 08:15:00+00:00,24708.0,24709.80078125,24700.69921875,24701.349609375,0.0,63.85358346232215,2.497664267510117,-0.7295522634845581,24691.160006673446,24691.494389559102,7.563681023701273,24726.5,0.0007487453456370407,1
2025-08-04 08:16:00+00:00,24726.5,24726.75,24707.30078125,24707.849609375,0.0,72.20157607108865,4.951666543933243,0.406691497999002,24694.5257203236,24692.867158596007,8.412648004151182,24730.25,0.00015165915111317816,1
2025-08-04 08:17:00+00:00,24730.25,24733.94921875,24726.5,24726.5,0.0,73.53577389520807,7.1170339508898905,1.7487599885771798,24697.928032673728,24694.33315237656,8.34383162885467,24725.25,-0.00020218153880369183,1
2025-08-04 08:18:00+00:00,24725.25,24734.30078125,24724.75,24730.25,0.0,68.79468232030464,8.333580677695863,3.0657241264009167,24700.53012480004,24695.545577773555,8.430042316079335,24719.5,-0.00023255578811134367,1
2025-08-04 08:19:00+00:00,24719.5,24726.55078125,24718.55078125,24725.150390625,0.0,63.70776618513941,8.733056538552773,4.199190608831288,24702.33677958099,24696.484966880475,8.399325007787954,24720.19921875,2.8286120269422927e-05,1
2025-08-04 08:20:00+00:00,24720.19921875,24720.69921875,24718.05078125,24718.75,0.0,64.05582936209416,9.00229232368656,5.159810951802343,24704.037964263756,24697.414937542024,7.9885473286602435,24717.599609375,-0.00010516134404888715,1
2025-08-04 08:21:00+00:00,24717.599609375,24723.44921875,24716.05078125,24720.349609375,0.0,61.68708423002832,8.903265569031646,5.908501875248204,24705.329549512444,24698.20649330018,7.946396626613084,24715.80078125,-7.277519473685999e-05,1
2025-08-04 08:22:00+00:00,24715.80078125,24721.150390625,24715.80078125,24717.69921875,0.0,60.03278367280328,8.580722528276965,6.4429460058539565,24706.326809677925,24698.89646537664,7.7609118229264356,24714.0,-7.285951468609165e-05,1
2025-08-04 08:23:00+00:00,24714.0,24716.19921875,24712.650390625,24715.80078125,0.0,58.34589488120882,8.086579789469397,6.771672762577045,24707.0575897086,24699.488760852066,7.460048701645975,24719.19921875,0.00021037544509185078,1
2025-08-04 08:24:00+00:00,24719.19921875,24720.69921875,24713.0,24714.0,0.0,61.69277726907525,8.022028657476767,7.0217439415569896,24708.21393533159,24700.26171998532,7.4771322765284065,24718.69921875,-2.0227192457785614e-05,1
2025-08-04 08:25:00+00:00,24718.69921875,24721.0,24717.30078125,24719.30078125,0.0,61.18364039275927,7.840149238880258,7.185425001021644,24709.21253375239,24700.984759152565,7.207281310347805,24717.099609375,-6.471252232344978e-05,1
2025-08-04 08:26:00+00:00,24717.099609375,24720.0,24712.44921875,24718.5,0.0,59.49207811611222,7.48070052215553,7.244480105248421,24709.96368381169,24701.61671406325,7.231817020322962,24718.30078125,4.859679711548377e-05,1
2025-08-04 08:27:00+00:00,24718.30078125,24720.55078125,24716.349609375,24717.150390625,0.0,60.377939223441466,7.209650987431814,7.237514281685099,24710.757693091527,24702.27099120783,7.015342367085608,24720.55078125,9.102567445520897e-05,1
2025-08-04 08:28:00+00:00,24720.55078125,24720.80078125,24716.599609375,24718.19921875,0.0,62.052019894364186,7.094616155525728,7.208934656453225,24711.69036815424,24702.98784571929,6.8143301890794925,24718.650390625,-7.687493057158762e-05,1
2025-08-04 08:29:00+00:00,24718.650390625,24720.849609375,24715.849609375,24720.5,0.0,59.75554053654753,6.772040711373847,7.121555867437349,24712.35322743717,24703.60206316657,6.684735175573814,24720.94921875,9.299974265066966e-05,1
2025-08-04 08:30:00+00:00,24720.94921875,24725.25,24716.900390625,24718.30078125,0.0,61.60656394260275,6.6255187099886825,7.022348435947617,24713.171893276485,24704.28234377769,6.803654761247112,24722.94921875,8.090304228621885e-05,1
2025-08-04 08:31:00+00:00,24722.94921875,24724.44921875,24719.94921875,24720.19921875,0.0,63.192726301888754,6.59476194297531,6.936831137353156,24714.103067131105,24705.01437809033,6.639107992586604,24700.599609375,-0.0009040025596157417,0
2025-08-04 08:32:00+00:00,24700.599609375,24724.099609375,24700.30078125,24723.400390625,0.0,42.20778223560627,4.712635956653685,6.491992101213262,24712.817023535285,24704.84124990541,7.86480228775899,24686.05078125,-0.0005890070830295982,1
2025-08-04 08:33:00+00:00,24686.05078125,24699.69921875,24682.19921875,24699.69921875,0.0,34.237323917128975,2.0237402940729226,5.598341739785195,24710.26785760335,24704.104368781675,8.617344311847633,24699.0,0.000524556109227298,1
2025-08-04 08:34:00+00:00,24699.0,24706.849609375,24685.599609375,24685.599609375,0.0,44.31635246112627,0.9269792018094448,4.664069232190045,24709.194728307797,24703.904197456905,9.519676861001374,24705.05078125,0.0002449808190615005,1
2025-08-04 08:35:00+00:00,24705.05078125,24705.30078125,24698.099609375,24698.75,0.0,48.30341988585339,0.5398129847671953,3.839217982705476,24708.80006668324,24703.94916152722,9.354069362001278,24709.349609375,0.00017400604285592537,1
2025-08-04 08:36:00+00:00,24709.349609375,24709.650390625,24703.650390625,24704.849609375,0.0,50.9884411676026,0.5732523747246887,3.1860248611093187,24708.852404082456,24704.16094379576,9.114492979001186,24710.349609375,4.047051079080564e-05,1
2025-08-04 08:37:00+00:00,24710.349609375,24710.94921875,24706.80078125,24709.19921875,0.0,51.61795423255565,0.6726906161457009,2.6833580121165954,24708.994995062694,24704.403636563573,8.759774730501102,24714.349609375,0.00016187549197937764,1
2025-08-04 08:38:00+00:00,24714.349609375,24714.849609375,24710.349609375,24710.44921875,0.0,54.15452721704544,1.0620203994112671,2.35909048957553,24709.504958330534,24704.79367471304,8.45550510689388,24722.400390625,0.0003257533124378099,1
2025-08-04 08:39:00+00:00,24722.400390625,24723.19921875,24714.05078125,24714.5,0.0,58.83271914842222,1.9971756239137903,2.2867075164431823,24710.73309473953,24705.48413416057,8.50500027783003,24718.0,-0.0001779920458965091,1
2025-08-04 08:40:00+00:00,24718.0,24722.849609375,24714.30078125,24722.849609375,0.0,55.49917656665846,2.356058947963902,2.3005778027473265,24711.42518095481,24705.974952428784,8.50813083834217,24717.150390625,-3.4372092200016186e-05,1
2025-08-04 08:41:00+00:00,24717.150390625,24718.44921875,24714.150390625,24717.44921875,0.0,54.85292791709775,2.5426105599981383,2.348984354197489,24711.97043901864,24706.413204907065,8.20746635881773,24719.94921875,0.00011323425559855683,1
2025-08-04 08:42:00+00:00,24719.94921875,24722.099609375,24716.94921875,24716.94921875,0.0,56.64396383607362,2.883061951928539,2.455799873743699,24712.73032280258,24706.94402897934,7.989103806402177,24720.099609375,6.08377564489207e-06,1
2025-08-04 08:43:00+00:00,24720.099609375,24721.25,24715.5,24719.5,0.0,56.74326575749149,3.1289389390367432,2.590427686802308,24713.432159619,24707.45993409289,7.829167820230593,24719.44921875,-2.6310194347005866e-05,1
2025-08-04 08:44:00+00:00,24719.44921875,24721.400390625,24718.69921875,24720.05078125,0.0,56.14436829438598,3.2340371675200004,2.7191495829458465,24714.00521286957,24707.930102118666,7.462882395571264,24721.400390625,7.893265977463659e-05,1
2025-08-04 08:45:00+00:00,24721.400390625,24724.150390625,24719.75,24721.099609375,0.0,57.59049803149186,3.43517299847008,2.8623542660506933,24714.709515512943,24708.45834872676,7.265617358387602,24716.099609375,-0.00021442075150444125,1
2025-08-04 08:46:00+00:00,24716.099609375,24722.150390625,24715.94921875,24721.400390625,0.0,52.52335265721148,3.130756435843068,2.9160347000091686,24714.84190540457,24708.75800600708,7.18958553814563,24721.650390625,0.00022458160218348316,1
2025-08-04 08:47:00+00:00,24721.650390625,24723.349609375,24716.44921875,24716.75,0.0,56.80889471549453,3.2993726595814223,2.9927022919236195,24715.49033256842,24709.26358971759,7.193900856849514,24718.349609375,-0.00013351783549417598,1
2025-08-04 08:48:00+00:00,24718.349609375,24721.75,24714.849609375,24721.75,0.0,53.704454215493215,3.1305695139708405,3.020275736333064,24715.76264464524,24709.61990421396,7.172935840288835,24720.0,6.676783244355649e-05,1
2025-08-04 08:49:00+00:00,24720.0,24720.900390625,24717.0,24718.400390625,0.0,55.02777775183283,3.094295423947188,3.035079673855889,24716.16620229807,24710.026966793805,6.9391826106253465,24719.19921875,-3.239406351132686e-05,1
2025-08-04 08:50:00+00:00,24719.19921875,24720.75,24717.150390625,24719.94921875,0.0,54.21797003164782,2.966732941174996,3.021410327319711,24716.45506100778,24710.38666294895,6.700641665223536,24726.05078125,0.00027717574664809345,1
2025-08-04 08:51:00+00:00,24726.05078125,24726.5,24716.349609375,24718.94921875,0.0,59.68472907653024,3.3795452929553,3.093037320446829,24717.368939126085,24711.00094209801,6.94705230520757,24717.44921875,-0.0003478744978766543,1
2025-08-04 08:52:00+00:00,24717.44921875,24726.150390625,24716.80078125,24726.150390625,0.0,51.38862332960296,2.9782959071053483,3.070089037778533,24717.376584804555,24711.25381569221,7.118663524478458,24718.44921875,4.045724909354427e-05,1
2025-08-04 08:53:00+00:00,24718.44921875,24721.650390625,24718.099609375,24718.150390625,0.0,52.22012550737555,2.709758115830482,2.9980228533889237,24717.478740418406,24711.535988361135,6.910271263801425,24717.44921875,-4.045561237075736e-05,1
2025-08-04 08:54:00+00:00,24717.44921875,24720.5,24716.900390625,24718.150390625,0.0,51.27558459396654,2.3887127452799177,2.8761608317671223,24717.47592883094,24711.76787974893,6.673795414601323,24718.19921875,3.0342936820158204e-05,1
2025-08-04 08:55:00+00:00,24718.19921875,24719.5,24713.94921875,24717.69921875,0.0,51.97716365187009,2.1697887342124886,2.734886412256196,24717.544813585137,24712.020089121525,6.593580117129799,24717.150390625,-4.2431413215749596e-05,1
2025-08-04 08:56:00+00:00,24717.150390625,24719.55078125,24713.80078125,24718.19921875,0.0,50.87396602228455,1.889872935127641,2.565883716830485,24717.507249493698,24712.221277415774,6.533324394477671,24718.400390625,5.057217277255853e-05,1
2025-08-04 08:57:00+00:00,24718.400390625,24720.44921875,24715.25,24717.25,0.0,52.17674355504445,1.7487437713425606,2.4024557277329004,24717.59231055382,24712.463595580848,6.438031134157838,24721.55078125,0.0001274512337050279,1
2025-08-04 08:58:00+00:00,24721.55078125,24723.400390625,24717.30078125,24717.80078125,0.0,55.38782299207195,1.869556997477048,2.2958759816817302,24717.96930776298,24712.81995580317,6.4138581513608495,24721.80078125,1.0112634203741453e-05,1
2025-08-04 08:59:00+00:00,24721.80078125,24724.599609375,24720.80078125,24721.44921875,0.0,55.64235399016616,1.9628487615773336,2.229270537660851,24718.33420999984,24713.17214503638,6.227070292335074,24719.19921875,-0.00010523353549443407,1
2025-08-04 09:00:00+00:00,24719.19921875,24725.30078125,24718.650390625,24721.80078125,0.0,52.29844116754146,1.8060399014066209,2.144624410410005,24718.41659178557,24713.40850086829,6.2573074589539965,24728.44921875,0.00037420306046903384,1
2025-08-04 09:01:00+00:00,24728.44921875,24728.900390625,24717.400390625,24719.80078125,0.0,61.22181491193484,2.400494043420622,2.1957983370121283,24719.372080067897,24713.998332942083,6.63178549760014,24725.650390625,-0.00011318251703700966,1
2025-08-04 09:02:00+00:00,24725.650390625,24731.5,24723.349609375,24728.30078125,0.0,57.70439220566034,2.615610070144612,2.2797606836386253,24719.97001440667,24714.45527638063,6.740257292414415,24728.80078125,0.00012741386273885458,1
2025-08-04 09:03:00+00:00,24728.80078125,24734.349609375,24724.900390625,24725.5,0.0,60.4582831917606,3.005653957807226,2.424939338472345,24720.81103982032,24715.01784519904,6.933754539384814,24730.05078125,5.054834688739866e-05,1
2025-08-04 09:04:00+00:00,24730.05078125,24731.099609375,24726.099609375,24728.25,0.0,61.52861776656977,3.376706531242234,2.6152927770263235,24721.69101519457,24715.607372103,6.795629215143042,24718.5,-0.0004670747081020008,1
2025-08-04 09:05:00+00:00,24718.5,24730.599609375,24718.5,24729.55078125,0.0,48.47175576790019,2.707506407503388,2.6337355031217364,24721.387108985567,24715.72080849112,7.17448494084711,24718.0,-2.022776462973077e-05,1
2025-08-04 09:06:00+00:00,24718.0,24718.94921875,24708.25,24718.30078125,0.0,47.99694714389151,2.112463502497121,2.5294811029968134,24721.064527177416,24715.81018855029,7.426251641500889,24714.25,-0.0001517113035035197,1
2025-08-04 09:07:00+00:00,24714.25,24718.05078125,24709.599609375,24718.05078125,0.0,44.47793767091372,1.3230428390052111,2.288193450198493,24720.41552458909,24715.74900468558,7.499460229607968,24714.599609375,1.4146064517434274e-05,1
2025-08-04 09:08:00+00:00,24714.599609375,24719.69921875,24713.5,24714.150390625,0.0,44.88365514733602,0.7173625218601956,1.9740272645308332,24719.861627902035,24715.70393035968,7.406585838207399,24718.900390625,0.00017401784038486234,1
2025-08-04 09:09:00+00:00,24718.900390625,24719.75,24712.75,24714.19921875,0.0,49.74836854606369,0.5777338543339283,1.6947685824914525,24719.7700814947,24715.82928174263,7.377543992621156,24714.900390625,-0.000161819495883282,1
2025-08-04 09:10:00+00:00,24714.900390625,24725.19921875,24712.099609375,24718.150390625,0.0,45.7076118426462,0.1426659939716046,1.384348064787483,24719.30630141187,24715.792854639974,7.786262948505359,24711.69921875,-0.00012952396426466227,1
2025-08-04 09:11:00+00:00,24711.69921875,24715.5,24709.75,24714.849609375,0.0,42.71726874076437,-0.4551891002629418,1.0164406317773982,24718.58181734884,24715.6323198992,7.640815595040691,24712.25,2.2288279131452636e-05,1
2025-08-04 09:12:00+00:00,24712.25,24714.25,24709.099609375,24711.400390625,0.0,43.40335389811894,-0.8744697826332413,0.6382585488952703,24717.97878712514,24715.49967990315,7.462928097180642,24713.05078125,3.240422260215075e-05,1
2025-08-04 09:13:00+00:00,24713.05078125,24715.849609375,24710.650390625,24712.19921875,0.0,44.445180587316514,-1.129120590390812,0.2847827210380538,24717.50945323227,24715.40364466185,7.301234572382024,24699.30078125,-0.0005563861832239765,1
2025-08-04 09:14:00+00:00,24699.30078125,24714.650390625,24699.30078125,24713.5,0.0,33.158366019077775,-2.412631957256963,-0.2547002146209495,24715.775293995863,24714.77215982217,7.876118486854737,24691.349609375,-0.00032191890553581905,1
2025-08-04 09:15:00+00:00,24691.349609375,24698.5,24689.099609375,24698.5,0.0,28.630543150484115,-4.025019166831044,-1.0087640050629685,24713.44903831769,24713.853628432083,8.042193728865113,24710.30078125,0.0007675227225248341,1
2025-08-04 09:16:00+00:00,24710.30078125,24712.099609375,24692.05078125,24692.05078125,0.0,47.15324211639101,-3.730641940237547,-1.553139592097884,24713.149204311245,24713.71430109161,8.94989417680332,24713.099609375,0.00011326564374010901,1
2025-08-04 09:17:00+00:00,24713.099609375,24715.099609375,24709.55078125,24710.94921875,0.0,49.24816698248559,-3.2342217334698944,-1.8893560203722863,24713.144480983985,24713.690195534095,8.706960887388798,24716.599609375,0.00014162529408784735,1
2025-08-04 09:18:00+00:00,24716.599609375,24717.30078125,24712.19921875,24713.25,0.0,51.82028464196528,-2.5292290161087294,-2.017330619519575,24713.473540830742,24713.804290194526,8.449432431146741,24716.150390625,-1.817477958536058e-05,1
2025-08-04 09:19:00+00:00,24716.150390625,24719.349609375,24713.150390625,24716.44921875,0.0,51.45980417081451,-1.983896285793889,-2.010643752774438,24713.72847890639,24713.896294132977,8.288702882493402,24719.80078125,0.00014769252360531912,1
2025-08-04 09:20:00+00:00,24719.80078125,24720.44921875,24715.75,24716.30078125,0.0,54.24518692310694,-1.2428335408440034,-1.8570817103883512,24714.306793415304,24714.12784264737,8.032311158743873,24727.44921875,0.0003094053049894055,1
2025-08-04 09:21:00+00:00,24727.44921875,24728.599609375,24719.5,24720.349609375,0.0,59.49035982272908,-0.0379337145604949,-1.49325211122278,24715.558452970992,24714.65024955336,8.10854674561931,24723.94921875,-0.00014154310737987753,1
2025-08-04 09:22:00+00:00,24723.94921875,24729.44921875,24723.25,24727.44921875,0.0,56.3092215120385,0.6273061346910254,-1.069140462040019,24716.35757352137,24715.01491501205,7.972166174503646,24726.349609375,9.708767008709135e-05,1
2025-08-04 09:23:00+00:00,24726.349609375,24728.599609375,24722.900390625,24724.19921875,0.0,57.96919894644979,1.332840811341157,-0.5887442073637839,24717.30919598362,24715.459412830205,7.8098127870391,24727.400390625,4.2496416438340586e-05,1
2025-08-04 09:24:00+00:00,24727.400390625,24728.55078125,24723.30078125,24726.19921875,0.0,58.70877902172706,1.9542440815203008,-0.0801465495869668,24718.270262139944,24715.92768646922,7.626969016536307,24725.849609375,-6.271509440951803e-05,1
2025-08-04 09:25:00+00:00,24725.849609375,24727.94921875,24718.55078125,24727.94921875,0.0,57.111560018533424,2.2951188620718312,0.3949065327447927,24718.99210473376,24716.316781485133,7.753502479640857,24726.75,3.6414951931868496e-05,1
2025-08-04 09:26:00+00:00,24726.75,24728.25,24722.69921875,24725.55078125,0.0,57.82892666639522,2.6078568298908067,0.8374965921739956,24719.730951901973,24716.72592730925,7.596165248952224,24726.75,0.0,1
2025-08-04 09:27:00+00:00,24726.75,24729.650390625,24725.150390625,24725.599609375,0.0,57.82892666639522,2.823160288098734,1.2346293313589434,24720.399432673214,24717.11902819908,7.37501058831278,24723.599609375,-0.00012740819658871465,1
2025-08-04 09:28:00+00:00,24723.599609375,24727.30078125,24723.349609375,24726.55078125,0.0,54.15332160650023,2.7083593546376505,1.529375336014685,24720.70421140672,24717.37316863735,7.130450680219011,24725.75,8.697724679963626e-05,1
2025-08-04 09:29:00+00:00,24725.75,24727.099609375,24722.099609375,24723.44921875,0.0,56.1997562146241,2.7590922417584807,1.775318717163444,24721.18476270132,24717.701671828043,6.978275631631939,24716.05078125,-0.0003922719735498418,1
2025-08-04 09:30:00+00:00,24716.05078125,24727.19921875,24701.69921875,24726.349609375,0.0,46.18585954975163,1.9936707317574476,1.818989120082245,24720.695812086906,24717.63693102106,8.301255943658228,24719.05078125,0.00012137861451052888,1
2025-08-04 09:31:00+00:00,24719.05078125,24722.94921875,24716.25,24716.69921875,0.0,49.20090480134034,1.6105778594610456,1.777306867958005,24720.53914248339,24717.69237612808,8.201054626254068,24718.44921875,-2.4335987062104334e-05,1
2025-08-04 09:32:00+00:00,24718.44921875,24720.75,24717.900390625,24719.30078125,0.0,48.612749794078816,1.244091815809952,1.6706638575283943,24720.34010212783,24717.722056230898,7.818808536878778,24714.0,-0.0001799958691027056,1
2025-08-04 09:33:00+00:00,24714.0,24718.25,24712.80078125,24717.900390625,0.0,44.38648103616057,0.587857758073369,1.4541026376373896,24719.73628287756,24717.57609324145,7.663782034244579,24719.400390625,0.00021851544165250465,1
2025-08-04 09:34:00+00:00,24719.400390625,24720.349609375,24714.349609375,24714.69921875,0.0,50.06151406969608,0.4978154235723195,1.2628451948243755,24719.70429313922,24717.647634315315,7.569912558584251,24716.75,-0.00010721904994124285,1
2025-08-04 09:35:00+00:00,24716.75,24720.599609375,24716.349609375,24719.849609375,0.0,47.49969623127878,0.2101691524003399,1.0523099863395686,24719.422931887868,24717.612432969618,7.332775947256805,24718.05078125,5.262751979932637e-05,1
2025-08-04 09:36:00+00:00,24718.05078125,24718.94921875,24716.900390625,24717.400390625,0.0,48.88229038602825,0.0861762003114563,0.8590832291339462,24719.29225087474,24717.629623098263,6.966093290309891,24720.80078125,0.0001112547273382101,1
2025-08-04 09:37:00+00:00,24720.80078125,24721.150390625,24717.75,24718.400390625,0.0,51.77382771008551,0.2074218794405169,0.7287509591952603,24719.43592043429,24717.75398224147,6.711400242787756,24722.80078125,8.090352807328721e-05,1
2025-08-04 09:38:00+00:00,24722.80078125,24723.05078125,24720.80078125,24720.80078125,0.0,53.81977953400896,0.4595953103344072,0.6749198294230898,24719.75638336912,24717.95189592808,6.392728796874344,24725.25,9.906720406279819e-05,1
2025-08-04 09:39:00+00:00,24725.25,24725.75,24722.69921875,24723.099609375,0.0,56.26663207170686,0.8473088067839853,0.7093976248952689,24720.27958495301,24718.238096087764,6.154018257811891,24724.94921875,-1.2164942720498276e-05,1
2025-08-04 09:40:00+00:00,24724.94921875,24726.0,24722.94921875,24725.150390625,0.0,55.87509047991563,1.1174230554934184,0.7910027110148988,24720.7243119813,24718.50127736864,5.932358471539613,24720.5,-0.00017994854956571415,1
2025-08-04 09:41:00+00:00,24720.5,24725.5,24719.0,24725.19921875,0.0,50.29929816287042,0.9613934292028716,0.8250808546524935,24720.70294893546,24718.579658648297,5.97290429500107,24718.94921875,-6.273260047329139e-05,1
2025-08-04 09:42:00+00:00,24718.94921875,24721.94921875,24718.75,24721.25,0.0,48.483233159838605,0.704482899440336,0.800961263610062,24720.53592701304,24718.594151201305,5.774783898929565,24714.650390625,-0.0001739082064920147,1
2025-08-04 09:43:00+00:00,24714.650390625,24719.44921875,24713.75,24719.349609375,0.0,43.76596861619039,0.1522449655894888,0.6712180040059474,24719.975399737985,24718.439493923805,5.769386388291738,24719.25,0.00018610861583317272,1
2025-08-04 09:44:00+00:00,24719.25,24720.94921875,24714.099609375,24715.150390625,0.0,49.434945551980775,0.0847653383207216,0.5539274708689023,24719.90631404865,24718.47127847581,5.846545173056613,24723.5,0.00017193078268960425,1
2025-08-04 09:45:00+00:00,24723.5,24723.5,24718.55078125,24719.5,0.0,54.04485384376431,0.3699620367442549,0.5171343840439728,24720.248569853546,24718.66848324147,5.78245042855257,24723.30078125,-8.057870042671952e-06,1
2025-08-04 09:46:00+00:00,24723.30078125,24723.80078125,24721.55078125,24723.5,0.0,53.79726676142201,0.5732985578833905,0.5283672188118564,24720.53925665321,24718.850141986903,5.530132540798816,24721.5,-7.283741220208352e-05,1
2025-08-04 09:47:00+00:00,24721.5,24724.94921875,24721.150390625,24724.05078125,0.0,51.50058293124924,0.5824224156640412,0.5391782581822935,24720.63075601957,24718.954057987416,5.406467939670328,24721.30078125,-8.058521934348644e-06,1
2025-08-04 09:48:00+00:00,24721.30078125,24722.25,24719.0,24721.55078125,0.0,51.23996531833619,0.5670413507868943,0.5447508767032136,24720.69456794628,24719.046086350656,5.252434515408162,24723.150390625,7.48184487283471e-05,1
2025-08-04 09:49:00+00:00,24723.150390625,24724.25,24721.349609375,24721.69921875,0.0,53.588267022879634,0.6960758358436578,0.5750158685313025,24720.928455820445,24719.207039459456,5.087919103593293,24725.25,8.49248312543603e-05,1
2025-08-04 09:50:00+00:00,24725.25,24726.900390625,24722.650390625,24723.349609375,0.0,56.16883930095439,0.956728948516684,0.6513584845283789,24721.34003145659,24719.444018304184,5.028067739050916,24726.150390625,3.641583502694614e-05,1
2025-08-04 09:51:00+00:00,24726.150390625,24726.80078125,24724.349609375,24725.400390625,0.0,57.26616920154126,1.2218674889445538,0.7654602854116139,24721.7981609012,24719.70701329716,4.844003748761565,24726.30078125,6.082249870041278e-06,1
2025-08-04 09:52:00+00:00,24726.30078125,24727.25,24725.150390625,24726.75,0.0,57.45774877099565,1.4276696717388404,0.8979021626770592,24722.226981886804,24719.965592432563,4.647975579207167,24731.599609375,0.00021429926667470257,1
2025-08-04 09:53:00+00:00,24731.599609375,24731.900390625,24725.900390625,24726.900390625,0.0,63.64241354040367,1.9953394981857853,1.1173896297788046,24723.11961307616,24720.42182839109,4.744548752120941,24730.25,-5.4570241970454837e-05,1
2025-08-04 09:54:00+00:00,24730.25,24734.150390625,24728.849609375,24732.150390625,0.0,61.20194151996341,2.309695001833461,1.355850704189736,24723.79869754509,24720.80724688556,4.784279644826587,24724.400390625,-0.0002365366049676004,1
2025-08-04 09:55:00+00:00,24724.400390625,24730.94921875,24722.349609375,24730.19921875,0.0,51.91044975986016,2.063028110082086,1.4972861853682062,24723.856001647942,24720.948154483183,5.056803196981831,24726.94921875,0.00010308958295168463,1
2025-08-04 09:56:00+00:00,24726.94921875,24728.05078125,24724.5,24724.80078125,0.0,55.10848247044759,2.04958560247178,1.607746068788921,24724.1505937529,24721.183490336785,4.956345156125986,24730.75,0.00015371007625631131,1
2025-08-04 09:57:00+00:00,24730.75,24732.69921875,24725.80078125,24727.400390625,0.0,59.44006365519034,2.3188928474737622,1.7499754245258894,24724.77910863357,24721.55864757848,5.095066037831272,24729.900390625,-3.4354371581937464e-05,1
2025-08-04 09:58:00+00:00,24729.900390625,24733.150390625,24728.19921875,24731.849609375,0.0,58.09072769940638,2.4356873160941177,1.8871178028395352,24725.266849775617,24721.88577475677,5.084787883343324,24726.900390625,-0.00012131063824006696,1
2025-08-04 09:59:00+00:00,24726.900390625,24735.80078125,24725.900390625,24730.150390625,0.0,53.4746274005471,2.260119594175194,1.961718161106667,24725.422425094603,24722.08242635945,5.4287595077473725,24714.400390625,-0.0005055223179019749,1
2025-08-05 03:45:00+00:00,24714.400390625,24720.400390625,24681.150390625,24720.25,0.0,39.41906612988745,1.0996591898910992,1.7893063668635534,24724.372707526072,24721.781170056143,8.308848114336845,24694.80078125,-0.0007930440983886782,1
2025-08-05 03:46:00+00:00,24694.80078125,24714.599609375,24689.099609375,24714.599609375,0.0,27.30162325402664,-1.385566765769909,1.154331740336861,24721.556333595017,24720.72311559316,9.536787534741356,24707.19921875,0.0005020667147642572,1
2025-08-05 03:47:00+00:00,24707.19921875,24710.19921875,24689.650390625,24696.19921875,0.0,39.88966136281988,-2.3278420385468053,0.4578969845601277,24720.188989324062,24720.19276669735,10.323361862616974,24702.30078125,-0.00019825952171392353,1
2025-08-05 03:48:00+00:00,24702.30078125,24706.94921875,24695.69921875,24706.30078125,0.0,37.152521868395,-3.430322328742477,-0.3197468781003932,24718.48535045987,24719.49112020922,10.407407443858618,24689.900390625,-0.0005019933460778024,1
2025-08-05 03:49:00+00:00,24689.900390625,24706.900390625,24678.75,24700.94921875,0.0,31.29772501799998,-5.244201895664446,-1.3046378816132038,24715.762973332738,24718.33069944121,11.674763385368715,24693.400390625,0.0001417583685890035,1
2025-08-05 03:50:00+00:00,24693.400390625,24702.900390625,24681.849609375,24690.599609375,0.0,34.4381753251415,-6.326367346722691,-2.3089837746351014,24713.63320355105,24717.35304027195,12.344478947128094,24687.900390625,-0.0002227315765749341,1
2025-08-05 03:51:00+00:00,24687.900390625,24693.55078125,24680.19921875,24693.55078125,0.0,31.96542314355725,-7.540868855703593,-3.3553607908488,24711.182459462856,24716.198034403445,12.416413486618945,24688.80078125,3.647092748891335e-05,1
2025-08-05 03:52:00+00:00,24688.80078125,24690.400390625,24677.150390625,24686.75,0.0,32.81589501678046,-8.334639516808238,-4.351216536040688,24709.050871061638,24715.123632319,12.47595538043188,24697.44921875,0.000350297998539001,1
2025-08-05 03:53:00+00:00,24697.44921875,24697.94921875,24687.94921875,24688.349609375,0.0,40.5085490103503,-8.171654114350531,-5.115304051702657,24707.94595179386,24714.430518061392,12.299101424686745,24680.30078125,-0.0006943404295768778,1
2025-08-05 03:54:00+00:00,24680.30078125,24696.900390625,24679.94921875,24696.900390625,0.0,32.55002432888365,-9.318801259269094,-5.9560034932159445,24705.31307840873,24713.092097009965,12.670594180066262,24676.900390625,-0.00013777751961529288,1
2025-08-05 03:55:00+00:00,24676.900390625,24685.0,24672.5,24680.05078125,0.0,31.23940209311448,-10.382622334240295,-6.841327261420815,24702.607108143613,24711.672814406636,12.6584088814901,24675.44921875,-5.88068943841632e-05,1
2025-08-05 03:56:00+00:00,24675.44921875,24682.650390625,24672.30078125,24677.900390625,0.0,30.671804856019293,-11.213542900568427,-7.715770389250338,24700.02064248708,24710.25228124363,12.493494631026522,24675.099609375,-1.4168308422703171e-05,1
2025-08-05 03:57:00+00:00,24675.099609375,24676.849609375,24670.0,24675.94921875,0.0,30.52789738092477,-11.764648446544015,-8.525546000709074,24697.64721076212,24708.87374509192,12.09035996988177,24675.099609375,0.0,1
2025-08-05 03:58:00+00:00,24675.099609375,24675.900390625,24664.55078125,24675.349609375,0.0,30.52789738092477,-12.062356228187127,-9.232908046204685,24695.49982015382,24707.54926918145,12.0374492131045,24673.400390625,-6.886370377019279e-05,1
2025-08-05 03:59:00+00:00,24673.400390625,24675.55078125,24670.150390625,24675.05078125,0.0,29.7413228309442,-12.293690530292224,-9.845064543022191,24693.395112579645,24706.210097473355,11.563373599668465,24675.25,7.496369960027012e-05,1
2025-08-05 04:00:00+00:00,24675.25,24684.05078125,24670.349609375,24673.0,0.0,31.801171529468743,-12.187289129888086,-10.313509460395371,24691.66700661968,24704.99597600381,11.71607347647786,24667.0,-0.00033434311709101225,1
2025-08-05 04:01:00+00:00,24667.0,24676.150390625,24661.19921875,24675.599609375,0.0,27.87547880963062,-12.623159381655569,-10.775439444647413,24689.317767893997,24703.50593772915,11.947151933515157,24664.05078125,-0.00011956130660396481,1
2025-08-05 04:02:00+00:00,24664.05078125,24668.30078125,24661.650390625,24667.44921875,0.0,26.6108317086463,-13.056064813870762,-11.231564518492082,24686.91138821361,24701.958676690752,11.568811840049786,24664.55078125,2.027242014844163e-05,1
2025-08-05 04:03:00+00:00,24664.55078125,24667.400390625,24659.599609375,24664.900390625,0.0,27.213730178140835,-13.206562633258727,-11.626564141445412,24684.78180659803,24700.49170039896,11.299666797903372,24675.25,0.0004337893215607863,1
2025-08-05 04:04:00+00:00,24675.25,24676.19921875,24664.5,24666.849609375,0.0,38.79970268063112,-12.320472960316692,-11.765345905219668,24683.874015493453,24699.50182979508,11.328206223053131,24673.44921875,-7.297925046352115e-05,1
2025-08-05 04:05:00+00:00,24673.44921875,24675.599609375,24669.75,24675.25,0.0,37.71164459862107,-11.629490974846703,-11.738174919145075,24682.88117770836,24698.480158773706,10.93687787676362,24657.349609375,-0.000652507447672354,1
2025-08-05 04:06:00+00:00,24657.349609375,24675.650390625,24655.599609375,24674.150390625,0.0,29.69422317841429,-12.23989283409901,-11.838518502135864,24680.44959977185,24696.86719605219,11.587870974851937,24648.05078125,-0.0003771219645384953,1
2025-08-05 04:07:00+00:00,24648.05078125,24656.650390625,24641.599609375,24656.650390625,0.0,26.226128187050165,-13.320428809758596,-12.13490056366041,24677.363998007862,24694.95282684426,11.885165905219653,24639.19921875,-0.0003591181541517054,1
2025-08-05 04:08:00+00:00,24639.19921875,24647.650390625,24636.30078125,24647.650390625,0.0,23.42187583133501,-14.72131037120198,-12.652182525168726,24673.729257126164,24692.76641084056,11.875511197703965,24632.900390625,-0.00025564256650868354,1
2025-08-05 04:09:00+00:00,24632.900390625,24638.849609375,24632.25,24638.849609375,0.0,21.647992534305885,-16.153573549017892,-13.35246072993856,24669.840793649862,24690.418723773288,11.523633165725109,24631.349609375,-6.295569037376572e-05,1
2025-08-05 04:10:00+00:00,24631.349609375,24633.5,24628.55078125,24633.44921875,0.0,21.22184308075647,-17.215339801732625,-14.125036544297371,24666.174966576065,24688.10228791453,11.054032136030456,24632.55078125,4.8765978886630674e-05,1
2025-08-05 04:11:00+00:00,24632.55078125,24640.19921875,24629.30078125,24631.099609375,0.0,22.494513788008614,-17.755201761247008,-14.8510695876873,24662.97266321168,24685.9237974571,11.04291823345685,24639.19921875,0.000269904548621116,1
2025-08-05 04:12:00+00:00,24639.19921875,24639.69921875,24631.80078125,24632.75,0.0,29.30242479242024,-17.44547236472863,-15.369950143095569,24660.708525643902,24684.091461037217,10.81831246678136,24639.0,-8.085439312832782e-06,1
2025-08-05 04:13:00+00:00,24639.0,24647.5,24635.099609375,24638.599609375,0.0,29.21960178021845,-17.019890175266482,-15.699938149529752,24658.641047011148,24682.32316844752,10.931318049511264,24631.400390625,-0.00030843822293924266,1
2025-08-05 04:14:00+00:00,24631.400390625,24639.099609375,24629.75,24639.099609375,0.0,26.179710550549306,-17.098734618841263,-15.979697443392055,24656.04669878389,24680.32619676821,10.818338858474744,24623.80078125,-0.00030853338642867015,1
2025-08-05 04:15:00+00:00,24623.80078125,24632.75,24621.849609375,24631.900390625,0.0,23.542083813830374,-17.57188660177053,-16.298135275067754,24652.975659018764,24678.10951380671,10.824199698940834,24628.099609375,0.0001745802024305435,1
2025-08-05 04:16:00+00:00,24628.099609375,24628.25,24620.400390625,24622.69921875,0.0,27.96333883889382,-17.39941384222402,-16.518390988499007,24650.606511433645,24676.148341083896,10.611728961516487,24619.80078125,-0.00033696583401185144,1
2025-08-05 04:17:00+00:00,24619.80078125,24628.150390625,24619.80078125,24626.55078125,0.0,24.962377333012185,-17.728016472581658,-16.760316085315537,24647.672632368536,24673.938632855115,10.450148991051025,24616.0,-0.0001543790416409302,1
2025-08-05 04:18:00+00:00,24616.0,24619.69921875,24610.349609375,24619.69921875,0.0,23.707509131995423,-18.086636223179084,-17.02558011288825,24644.65619119058,24671.666529605896,10.378793482761663,24614.30078125,-6.902903599285017e-05,1
2025-08-05 04:19:00+00:00,24614.30078125,24618.5,24613.94921875,24616.0,0.0,23.147270494308017,-18.2970408144065,-17.2798722531919,24641.76519976767,24669.416892415476,9.96250689470726,24614.0,-1.2219776327309725e-05,1
2025-08-05 04:20:00+00:00,24614.0,24615.69921875,24608.900390625,24615.400390625,0.0,23.04346482744569,-18.277368376599043,-17.47937147787333,24639.12089502789,24667.2436809482,9.736529839728169,24620.44921875,0.0002620142500203136,1
2025-08-05 04:21:00+00:00,24620.44921875,24621.19921875,24612.44921875,24614.25,0.0,30.264752618535425,-17.539198807073262,-17.491336943713314,24637.342640144285,24665.40860399925,9.666063422604728,24615.25,-0.0002111748126041694,1
2025-08-05 04:22:00+00:00,24615.25,24621.150390625,24612.349609375,24620.69921875,0.0,27.984891266170266,-17.175736408644298,-17.428216836699512,24635.238579178163,24663.441599920847,9.604257553132962,24617.650390625,9.751640243345081e-05,1
2025-08-05 04:23:00+00:00,24617.650390625,24617.75,24611.44921875,24615.099609375,0.0,30.58477864786522,-16.503753381002753,-17.24332414556016,24633.56351360167,24661.64586622297,9.368294960052037,24614.55078125,-0.0001259100412028114,1
2025-08-05 04:24:00+00:00,24614.55078125,24623.150390625,24610.150390625,24617.75,0.0,29.12269504915345,-16.036456276651734,-17.001950571778472,24631.752777187223,24659.7990001456,9.627702462905464,24614.150390625,-1.6266420157665255e-05,1
2025-08-05 04:25:00+00:00,24614.150390625,24617.80078125,24612.25,24614.55078125,0.0,28.930305489375925,-15.519528666107362,-16.705466190644252,24630.076359419392,24658.00885859577,9.336493804840789,24621.349609375,0.00029248292692410084,1
2025-08-05 04:26:00+00:00,24621.349609375,24623.099609375,24613.150390625,24613.25,0.0,36.99044409445268,-14.3633710234717,-16.237047157209744,24629.245240367545,24656.57124097927,9.38025987235216,24621.650390625,1.2216277936505658e-05,1
2025-08-05 04:27:00+00:00,24621.650390625,24622.599609375,24618.25,24620.900390625,0.0,37.31033660533054,-13.269870422845996,-15.643611810336996,24628.521921344443,24655.20179586734,9.02092769396986,24603.400390625,-0.000741217575201576,1
2025-08-05 04:28:00+00:00,24603.400390625,24622.30078125,24603.400390625,24622.30078125,0.0,28.01628639008669,-13.717756044319684,-15.258440657133535,24626.129394609256,24653.170368210776,9.72660361761487,24605.099609375,6.906438634585968e-05,1
2025-08-05 04:29:00+00:00,24605.099609375,24608.150390625,24599.400390625,24604.25,0.0,29.770437161293486,-13.776785664627823,-14.962109658632391,24624.12655792028,24651.285240413297,9.656846216356666,24597.30078125,-0.00031695982738588475,1
2025-08-05 04:30:00+00:00,24597.30078125,24607.44921875,24597.05078125,24605.099609375,0.0,26.570133764144742,-14.28816227553034,-14.827320182011984,24621.571722046923,24649.16820279905,9.70981702233119,24598.599609375,5.280368510963077e-05,1
2025-08-05 04:31:00+00:00,24598.599609375,24603.30078125,24593.19921875,24597.400390625,0.0,27.95910125527739,-14.422375185487908,-14.74633118270717,24619.38390179245,24647.185120703987,9.737798842164676,24611.55078125,0.0005265003732189722,1
2025-08-05 04:32:00+00:00,24611.55078125,24611.55078125,24595.099609375,24599.349609375,0.0,40.12180457816545,-13.330028282343848,-14.463070602634506,24618.63789031222,24645.78769562736,10.2173254873672,24615.69921875,0.0001685565260341268,1
2025-08-05 04:33:00+00:00,24615.69921875,24616.19921875,24611.44921875,24611.5,0.0,43.4171143855861,-11.991362295186264,-13.96872894114486,24618.358016830105,24644.60775535766,9.826802238269542,24613.849609375,-7.513942052034565e-05,1
2025-08-05 04:34:00+00:00,24613.849609375,24617.099609375,24611.19921875,24615.099609375,0.0,42.29937225780822,-10.953443397324008,-13.36567183238069,24617.928644691525,24643.40155355442,9.546344265893143,24613.80078125,-1.983766285034999e-06,1
2025-08-05 04:35:00+00:00,24613.80078125,24614.55078125,24610.599609375,24614.5,0.0,42.26843573112014,-10.019328630936798,-12.696403192091912,24617.53551483995,24642.24073895425,9.146689095115065,24618.900390625,0.0002071849618155973,1
2025-08-05 04:36:00+00:00,24618.900390625,24618.900390625,24609.5,24612.69921875,0.0,46.65647857236394,-8.766485503361764,-11.910419654345883,24617.665503009957,24641.32543117663,9.164810632963988,24619.599609375,2.840170514952268e-05,1
2025-08-05 04:37:00+00:00,24619.599609375,24622.55078125,24613.94921875,24618.5,0.0,47.24852124515872,-7.629232149807649,-11.054182153438235,24617.849703616143,24640.4734381648,9.12457862346656,24621.75,8.734466275321325e-05,1
2025-08-05 04:38:00+00:00,24621.75,24623.05078125,24619.19921875,24619.75,0.0,49.11884697637854,-6.479737738620315,-10.139293270474653,24618.22116041461,24639.73918568775,8.74793461464752,24632.75,0.0004467594707930996,1
2025-08-05 04:39:00+00:00,24632.75,24634.55078125,24619.5,24621.900390625,0.0,57.43296237414709,-4.6278006616084895,-9.03699474870142,24619.604859422743,24639.465099974503,9.198137945744126,24622.900390625,-0.0003998582933290031,1
2025-08-05 04:40:00+00:00,24622.900390625,24634.30078125,24620.94921875,24633.650390625,0.0,49.61516283577393,-3.9098381649564544,-8.011563431952428,24619.918719537243,24638.81550352943,9.494811128190976,24622.30078125,-2.43516955958729e-05,1
2025-08-05 04:41:00+00:00,24622.30078125,24623.55078125,24616.150390625,24622.650390625,0.0,49.17631557656207,-3.350607461998152,-7.079372237961573,24620.145582557507,24638.16786736161,9.345209663677334,24624.900390625,0.00010557946627715697,1
2025-08-05 04:42:00+00:00,24624.900390625,24628.05078125,24621.900390625,24621.900390625,0.0,51.1919634731617,-2.666903941590135,-6.196878578687286,24620.59842142108,24637.647574156254,9.11700830377181,24611.05078125,-0.0005624229603086116,1
2025-08-05 04:43:00+00:00,24611.05078125,24624.75,24611.0,24624.5,0.0,41.702801351602126,-3.2056588664418086,-5.598634636238192,24619.68912235717,24636.60456266973,9.458678469573824,24618.69921875,0.0003107724886670416,1
2025-08-05 04:44:00+00:00,24618.69921875,24618.69921875,24608.25,24611.80078125,0.0,47.4914355442754,-2.981096811934549,-5.075127071377463,24619.59484582315,24635.902392319946,9.52943134674712,24617.25,-5.886658499390786e-05,1
2025-08-05 04:45:00+00:00,24617.25,24618.75,24611.099609375,24618.75,0.0,46.54829140697578,-2.8867924608312023,-4.637460149268211,24619.371527173327,24635.17092595445,9.395214152336612,24619.650390625,9.750847982613818e-05,1
2025-08-05 04:46:00+00:00,24619.650390625,24622.69921875,24615.150390625,24617.30078125,0.0,48.37697627826876,-2.588525213261164,-4.227673162066802,24619.3980855973,24634.56227751016,9.263329436098283,24623.05078125,0.0001381169338738801,1
2025-08-05 04:47:00+00:00,24623.05078125,24624.900390625,24617.44921875,24619.0,0.0,50.937666548742186,-2.054084952760604,-3.7929555202055623,24619.745961373745,24634.110846284275,9.133889610305548,24628.0,0.0002009994128659613,1
2025-08-05 04:48:00+00:00,24628.0,24628.69921875,24622.5,24623.849609375,0.0,54.477117428446114,-1.2171461024809105,-3.2777936366606326,24620.53206029053,24633.87120525352,8.924270263140865,24635.69921875,0.00031262054369010883,1
2025-08-05 04:49:00+00:00,24635.69921875,24638.25,24627.05078125,24627.94921875,0.0,59.38575297950375,0.0666285221268481,-2.608909204903137,24621.976551572385,24633.9428920573,9.086766583630803,24631.19921875,-0.00018266175276953746,1
2025-08-05 04:50:00+00:00,24631.19921875,24634.80078125,24627.599609375,24634.80078125,0.0,55.61137650009585,0.7127011935735936,-1.9445871252077909,24622.854900827395,24633.83529702564,9.016255354442889,24631.30078125,4.123327455477182e-06,1
2025-08-05 04:51:00+00:00,24631.30078125,24632.599609375,24628.69921875,24631.0,0.0,55.67984168809005,1.2188633869482146,-1.3118970227765898,24623.65927039145,24633.735904250127,8.650836445196967,24637.099609375,0.00023542516802093627,1
2025-08-05 04:52:00+00:00,24637.099609375,24637.30078125,24629.599609375,24631.30078125,0.0,59.51903936916155,2.0641236066840065,-0.6366928968844707,24624.9393026756,24633.867814255023,8.58300326161147,24638.94921875,7.507415257176538e-05,1
2025-08-05 04:53:00+00:00,24638.94921875,24640.30078125,24636.900390625,24637.55078125,0.0,60.68875536943639,2.850388930051849,0.0607234685027933,24626.27358039697,24634.06708501953,8.212816644710651,24641.80078125,0.00011573393307820079,1
2025-08-05 04:54:00+00:00,24641.80078125,24644.599609375,24638.5,24639.099609375,0.0,62.4883842408582,3.661400776796654,0.7808589301615655,24627.75236143059,24634.37036722465,8.061873268302747,24633.900390625,-0.00032060930510449643,1
2025-08-05 04:55:00+00:00,24633.900390625,24644.69921875,24629.849609375,24642.599609375,0.0,54.97886276700915,3.62485296268278,1.3496577366658085,24628.33788802053,24634.35193676976,8.546711561638265,24636.650390625,0.00011163477794391732,1
2025-08-05 04:56:00+00:00,24636.650390625,24636.650390625,24631.44921875,24634.44921875,0.0,56.91957763473895,3.774282989088533,1.8345827871503533,24629.129554935247,24634.44207221506,8.307744441164102,24626.55078125,-0.0004099424724898158,1
2025-08-05 04:57:00+00:00,24626.55078125,24637.099609375,24626.55078125,24636.75,0.0,48.6287979808459,3.0426791794197925,2.076202065604241,24628.883957441416,24634.132609824275,8.467821847152381,24629.19921875,0.0001075439887430947,1
2025-08-05 04:58:00+00:00,24629.19921875,24632.80078125,24621.0,24626.25,0.0,50.65842639935108,2.646082272363856,2.1901781069561643,24628.913982327947,24633.93914350764,8.705890375927211,24625.19921875,-0.00016240885318572737,1
2025-08-05 04:59:00+00:00,24625.19921875,24631.0,24624.099609375,24628.599609375,0.0,47.599598497813446,1.986115097064612,2.1493655049778537,24628.56019532053,24633.59640136028,8.576926108003839,24615.55078125,-0.0003918115510169572,1
2025-08-05 05:00:00+00:00,24615.55078125,24626.650390625,24615.55078125,24625.80078125,0.0,41.14586246847146,0.6767370811212459,1.854839820206532,24627.32120350429,24632.88872998341,8.757117769932137,24607.30078125,-0.00033515398754693467,1
2025-08-05 05:01:00+00:00,24607.30078125,24615.94921875,24605.349609375,24615.94921875,0.0,36.57896776675836,-1.014960647393309,1.280879726686564,24625.414496622925,24631.885281013478,8.88872431315127,24606.69921875,-2.444650493557473e-05,1
2025-08-05 05:02:00+00:00,24606.69921875,24610.05078125,24604.80078125,24607.599609375,0.0,36.26290819380472,-2.3767862392815005,0.549346533492951,24623.632089206458,24630.89759229726,8.628815433640465,24609.25,0.00010366206484355839,1
2025-08-05 05:03:00+00:00,24609.25,24609.94921875,24606.349609375,24606.900390625,0.0,38.68226943969,-3.2131766034217435,-0.2031580938899878,24622.26236642489,24630.04866710913,8.269586429451861,24613.150390625,0.00015849286853520525,1
2025-08-05 05:04:00+00:00,24613.150390625,24613.55078125,24607.94921875,24609.05078125,0.0,42.28957022189697,-3.520708529984404,-0.8666681811088711,24621.39455920585,24629.38598959995,8.07901329163387,24618.05078125,0.00019909644020484795,1
2025-08-05 05:05:00+00:00,24618.05078125,24618.80078125,24609.94921875,24613.400390625,0.0,46.54453232620939,-3.3306159607091104,-1.3594577370289191,24621.07610416244,24628.941471625443,8.134195377945737,24616.25,-7.314881531447405e-05,1
2025-08-05 05:06:00+00:00,24616.25,24620.900390625,24614.75,24618.69921875,0.0,45.22495609288114,-3.2873793641520024,-1.745042062453536,24620.616475194587,24628.44376685582,7.992495038449612,24612.44921875,-0.00015440131011019143,1
2025-08-05 05:07:00+00:00,24612.44921875,24617.30078125,24610.19921875,24616.650390625,0.0,42.48704738323353,-3.5192377501625742,-2.099881199995344,24619.838641247483,24627.8165296752,7.928856999988925,24625.30078125,0.0005221569940389986,1
2025-08-05 05:08:00+00:00,24625.30078125,24629.150390625,24613.0,24613.349609375,0.0,52.87558707211786,-2.6355920383466582,-2.207023367665607,24620.35884505725,24627.71787287421,8.555450919632573,24630.099609375,0.00019487388875484864,1
2025-08-05 05:09:00+00:00,24630.099609375,24633.400390625,24624.5,24624.5,0.0,56.06673040213435,-1.530429285063292,-2.071704551145144,24621.28653689703,24627.81127430561,8.580089470015961,24621.80078125,-0.0003369384718948194,1
2025-08-05 05:10:00+00:00,24621.80078125,24633.0,24620.55078125,24630.44921875,0.0,49.787750145238064,-1.309135020692338,-1.919190645054583,24621.335512549696,24627.57556869559,8.856455847157678,24622.849609375,4.2597539242487244e-05,1
2025-08-05 05:11:00+00:00,24622.849609375,24623.94921875,24619.30078125,24620.75,0.0,50.54161937538302,-1.0371702050651948,-1.7427865570567054,24621.479712247343,24627.390236957526,8.555883108074987,24604.30078125,-0.0007533176874027467,1
2025-08-05 05:12:00+00:00,24604.30078125,24622.5,24596.849609375,24622.5,0.0,39.30308229670968,-2.291951351453463,-1.852619515936057,24619.84362358093,24626.48476810625,9.801891457498202,24609.400390625,0.00020726495828266812,1
2025-08-05 05:13:00+00:00,24609.400390625,24611.44921875,24604.19921875,24604.19921875,0.0,43.05231034031764,-2.842116443622217,-2.050518901473289,24618.84902996608,24625.81479251875,9.619613496248332,24616.0,0.000268174326486806,1
2025-08-05 05:14:00+00:00,24616.0,24618.05078125,24609.75,24609.75,0.0,47.56621547654579,-2.714304113345861,-2.1832759438478035,24618.577693778832,24625.429898694485,9.550383291159164,24612.75,-0.00013202794930126748,1
2025-08-05 05:15:00+00:00,24612.75,24616.75,24608.650390625,24615.849609375,0.0,45.64736198866764,-2.84249326639474,-2.315119408357191,24618.022675323704,24624.93264776529,9.44675658286208,24614.19921875,5.8880813805852654e-05,1
2025-08-05 05:16:00+00:00,24614.19921875,24615.75,24612.80078125,24612.80078125,0.0,46.68028115111399,-2.79492608412329,-2.4110807435104107,24617.6585366024,24624.51172898037,8.986273969800504,24608.400390625,-0.00023558873776331147,1
2025-08-05 05:17:00+00:00,24608.400390625,24614.5,24605.05078125,24613.94921875,0.0,43.1469316379578,-3.188391918985872,-2.566542978605503,24616.77680841408,24623.87991178997,9.019341454100468,24611.400390625,0.00012190958991153698,1
2025-08-05 05:18:00+00:00,24611.400390625,24612.19921875,24608.0,24608.150390625,0.0,45.44749162659715,-3.2210116822679997,-2.6974367193380027,24616.26476862464,24623.39051880311,8.675046975236148,24611.75,1.4205180097479278e-05,1
2025-08-05 05:19:00+00:00,24611.75,24612.94921875,24607.0,24611.25,0.0,45.72313080141181,-3.1819727240726934,-2.794343920284941,24615.83479066039,24622.93402786965,8.480344959147851,24619.19921875,0.00030266920271821384,1
2025-08-05 05:20:00+00:00,24619.19921875,24620.849609375,24610.349609375,24611.0,0.0,51.36225883077887,-2.5208851759271056,-2.739652171413374,24616.155212383208,24622.787564766924,8.624606033494434,24620.650390625,5.894472286063579e-05,1
2025-08-05 05:21:00+00:00,24620.650390625,24622.150390625,24617.099609375,24619.099609375,0.0,52.39978460080388,-1.8584480564277328,-2.563411348416246,24616.58332459671,24622.70375401626,8.369332834673402,24624.69921875,0.00016444846341434198,1
2025-08-05 05:22:00+00:00,24624.69921875,24626.400390625,24619.650390625,24620.599609375,0.0,55.26692785309352,-0.9952822798222768,-2.249785534697452,24617.356266897023,24622.782007535232,8.253666203625302,24623.55078125,-4.663762549130121e-05,1
2025-08-05 05:23:00+00:00,24623.55078125,24627.400390625,24622.19921875,24624.75,0.0,54.26842254137408,-0.3992837963887723,-1.8796851870357163,24617.94622064493,24622.812155524047,8.035630894437782,24626.900390625,0.0001360327519275008,1
2025-08-05 05:24:00+00:00,24626.900390625,24629.349609375,24623.75,24623.80078125,0.0,56.7242676029872,0.3394221313319576,-1.4358637233621816,24618.79899873827,24622.972478469183,7.875859268049369,24624.5,-9.74702697832726e-05,1
2025-08-05 05:25:00+00:00,24624.5,24627.25,24621.150390625,24626.900390625,0.0,54.466961918330455,0.7228281259158393,-1.0041253535065773,24619.34195123939,24623.032381274315,7.7489842756886995,24619.650390625,-0.00019694245060813417,1
2025-08-05 05:26:00+00:00,24619.650390625,24624.400390625,24617.400390625,24623.349609375,0.0,50.126845553225806,0.6281166544249572,-0.6776769519202704,24619.37132641897,24622.89975419003,7.702600354210936,24620.849609375,4.8709820447192644e-05,1
2025-08-05 05:27:00+00:00,24620.849609375,24622.599609375,24618.94921875,24619.94921875,0.0,51.16316130755536,0.6424186593285413,-0.4136578296705081,24619.51211527193,24622.819356354143,7.41315680212444,24617.5,-0.00013604767618273226,1
2025-08-05 05:28:00+00:00,24617.5,24622.150390625,24616.75,24620.900390625,0.0,48.153396077135504,0.3790976171949296,-0.2551067402974206,24619.32048524603,24622.61075414418,7.269387789472694,24619.94921875,9.949096171422769e-05,1
2025-08-05 05:29:00+00:00,24619.94921875,24621.25,24616.44921875,24617.55078125,0.0,50.44874141524279,0.3638510301389033,-0.1313151862101558,24619.38036462736,24622.50638020716,7.093058750938931,24619.25,-2.840049521578585e-05,1
2025-08-05 05:30:00+00:00,24619.25,24622.5,24617.55078125,24620.19921875,0.0,49.77129209753414,0.2919811140091042,-0.0466559261663038,24619.36794894857,24622.378679022564,6.939927322300435,24620.0,3.0463966205306823e-05,1
2025-08-05 05:31:00+00:00,24620.0,24623.150390625,24618.30078125,24619.150390625,0.0,50.538523606698256,0.2921744148916332,0.0211101420452835,24619.4281442868,24622.285397492265,6.790618897493261,24623.94921875,0.00016040693541835905,1
2025-08-05 05:32:00+00:00,24623.94921875,24623.94921875,24615.25,24620.75,0.0,54.48127273733298,0.6040336316509638,0.1376948399664196,24619.8587228071,24622.35064538473,6.9269474583866,24625.55078125,6.504084644474836e-05,1
2025-08-05 05:33:00+00:00,24625.55078125,24626.75,24623.94921875,24624.30078125,0.0,56.01263315965946,0.9692441731967848,0.3040047066124926,24620.400823611184,24622.476140908857,6.6322213006447,24624.400390625,-4.671532568830551e-05,1
2025-08-05 05:34:00+00:00,24624.400390625,24625.400390625,24621.55078125,24625.0,0.0,54.59193466764166,1.1525632180164394,0.473716408893282,24620.78173475536,24622.55160168204,6.444205493455792,24624.55078125,6.10738221496986e-06,1
2025-08-05 05:35:00+00:00,24624.55078125,24624.599609375,24621.349609375,24624.05078125,0.0,54.75350476568875,1.29505159965629,0.6379834470458836,24621.14069156437,24622.630000880785,6.216047958208949,24620.400390625,-0.00016854685642266634,1
2025-08-05 05:36:00+00:00,24620.400390625,24624.25,24617.55078125,24624.150390625,0.0,49.51706864977732,1.060844081282994,0.7225555738933057,24621.070186713005,24622.54256518448,6.272044532622595,24618.0,-9.749600278288021e-05,1
2025-08-05 05:37:00+00:00,24618.0,24622.099609375,24615.80078125,24620.25,0.0,46.733331291408575,0.6737746186699951,0.7127993828486436,24620.777787978437,24622.36442537333,6.273957646363838,24613.25,-0.00019294824924851736,1
2025-08-05 05:38:00+00:00,24613.25,24618.19921875,24612.55078125,24618.099609375,0.0,41.73350863452848,-0.016080653960671,0.5670233754867807,24620.06085579001,24622.006996927317,6.229277635909278,24606.94921875,-0.00025599143753872407,1
2025-08-05 05:39:00+00:00,24606.94921875,24614.849609375,24606.150390625,24613.150390625,0.0,36.20086957022948,-1.0590087233576924,0.2418169557178861,24618.812128452868,24621.416495822323,6.405702001201472,24611.0,0.00016461940137273848,1
2025-08-05 05:40:00+00:00,24611.0,24612.099609375,24604.150390625,24607.44921875,0.0,41.564437006403296,-1.5409098891432222,-0.1147284132543355,24618.068116219263,24621.00800579008,6.515953197544223,24616.05078125,0.00020522454390313274,1
2025-08-05 05:41:00+00:00,24616.05078125,24616.05078125,24611.19921875,24611.19921875,0.0,47.49191091794663,-1.49799623112267,-0.3913819768280024,24617.875989079334,24620.813604827723,6.411298058433921,24623.400390625,0.0002985698006683584,1
2025-08-05 05:42:00+00:00,24623.400390625,24623.69921875,24615.099609375,24616.05078125,0.0,54.69371428065801,-0.8610096118027286,-0.4853075038229477,24618.402122559877,24620.91504740801,6.567606009617212,24629.599609375,0.00025176127795738,1
2025-08-05 05:43:00+00:00,24629.599609375,24630.19921875,24621.349609375,24623.30078125,0.0,59.71295317448252,0.1423906268282735,-0.3597678776927035,24619.4685498756,24621.255618465537,6.730606250001697,24633.599609375,0.00016240621298924574,1
2025-08-05 05:44:00+00:00,24633.599609375,24634.900390625,24629.0,24629.44921875,0.0,62.59263335175794,1.2459960488122306,-0.0386150923917166,24620.81436506602,24621.73969654042,6.671305133930147,24628.150390625,-0.0002212108192229506,1
2025-08-05 05:45:00+00:00,24628.150390625,24635.05078125,24627.849609375,24635.0,0.0,56.65174922372325,1.661749273458554,0.3014577807783374,24621.51303416688,24621.99109630844,6.709152758292279,24635.19921875,0.0002862102112094955,1
2025-08-05 05:46:00+00:00,24635.19921875,24635.19921875,24625.75,24628.55078125,0.0,61.7139131122531,2.5308442226960324,0.7473350691618765,24622.81648031765,24622.509061894383,6.904871757699973,24632.75,-9.941948219098974e-05,1
2025-08-05 05:47:00+00:00,24632.75,24635.349609375,24630.19921875,24635.349609375,0.0,59.13005737416101,2.987538265861076,1.1953757085017165,24623.76252981121,24622.91066731029,6.779551676792832,24636.599609375,0.0001562801301113355,1
2025-08-05 05:48:00+00:00,24636.599609375,24636.80078125,24631.849609375,24632.80078125,0.0,61.83480317576913,3.6183923151656927,1.6799790298345116,24624.985108817287,24623.44748856773,6.648953119521916,24641.94921875,0.00021714073613325702,1
2025-08-05 05:49:00+00:00,24641.94921875,24642.150390625,24634.30078125,24636.30078125,0.0,65.27407384541144,4.498165411456284,2.2436163061588665,24626.600738334688,24624.17304661409,6.734714280627493,24636.650390625,-0.00021503283193880353,1
2025-08-05 05:50:00+00:00,24636.650390625,24641.650390625,24634.400390625,24640.55078125,0.0,59.549785573461456,4.713486643177021,2.7375903735624973,24627.557848076623,24624.662354222364,6.792865269511244,24636.30078125,-1.419062126777742e-05,1
2025-08-05 05:51:00+00:00,24636.30078125,24641.55078125,24635.44921875,24636.69921875,0.0,59.1810193464752,4.800581599447469,3.150188618739492,24628.39050837885,24625.11876312541,6.74348650026044,24635.099609375,-4.875617835913817e-05,1
2025-08-05 05:52:00+00:00,24635.099609375,24637.44921875,24631.75,24636.80078125,0.0,57.85539172573342,4.718290927303315,3.4638090804522563,24629.02947037848,24625.51016886069,6.668895946670409,24642.099609375,0.0002841474201848211,1
2025-08-05 05:53:00+00:00,24642.099609375,24642.599609375,24634.349609375,24634.55078125,0.0,63.04977256289586,5.158453039697633,3.802737872301332,24630.27424552101,24626.16073515537,6.781831950479665,24644.80078125,0.00010961614139293344,1
2025-08-05 05:54:00+00:00,24644.80078125,24644.80078125,24639.69921875,24641.900390625,0.0,64.85011270682884,5.660001704229217,4.174190638686909,24631.657725114248,24626.89171735516,6.661812704016832,24644.25,-2.2348780778907314e-05,1
2025-08-05 05:55:00+00:00,24644.25,24646.599609375,24643.650390625,24645.150390625,0.0,64.16361688531454,5.944514527385763,4.52825541642668,24632.85698938908,24627.572434321624,6.396627421587057,24639.44921875,-0.00019480330097284356,1
2025-08-05 05:56:00+00:00,24639.44921875,24644.25,24637.44921875,24644.05078125,0.0,58.364117099856905,5.716711374279839,4.7659466079973125,24633.48482075679,24628.03819057372,6.425495552187982,24642.599609375,0.0001278596204416222,1
2025-08-05 05:57:00+00:00,24642.599609375,24643.25,24638.19921875,24639.900390625,0.0,60.86397641741563,5.724398624704918,4.957637011338834,24634.352895863285,24628.609226605146,6.327301673460269,24644.55078125,7.91788165992722e-05,1
2025-08-05 05:58:00+00:00,24644.55078125,24644.55078125,24641.25,24642.650390625,0.0,62.37088731056747,5.820835125752637,5.130276634221595,24635.32412304297,24629.23438561082,6.111121643213108,24638.05078125,-0.00026374998910287754,1
2025-08-05 05:59:00+00:00,24638.05078125,24644.94921875,24637.650390625,24643.75,0.0,54.80080921954832,5.311537967019831,5.166528900781242,24635.583804776976,24629.58012661628,6.1959578204836,24629.30078125,-0.0003551417308815236,1
2025-08-05 06:00:00+00:00,24629.30078125,24638.30078125,24629.099609375,24637.099609375,0.0,46.6011717131957,4.153979931350477,4.964019106895089,24634.98542158393,24629.569171896037,6.410615967234771,24621.849609375,-0.0003025328222339341,1
2025-08-05 06:01:00+00:00,24621.849609375,24629.30078125,24618.25,24629.099609375,0.0,40.97824699317046,2.605326962591789,4.492280678034429,24633.734391849743,24629.266443954035,6.742056344575145,24623.900390625,8.32911126716957e-05,1
2025-08-05 06:02:00+00:00,24623.900390625,24628.349609375,24621.19921875,24621.19921875,0.0,43.01620958002948,1.5258996142765682,3.899004465282857,24632.79782030453,24629.05601049015,6.771223078891206,24621.80078125,-8.526713240764162e-05,1
2025-08-05 06:03:00+00:00,24621.80078125,24625.69921875,24621.0,24624.19921875,0.0,41.43862277839917,0.4953150508990802,3.218266582406102,24631.75048325172,24628.771491696418,6.62322276968469,24620.55078125,-5.076801697428648e-05,1
2025-08-05 06:04:00+00:00,24620.55078125,24622.150390625,24618.650390625,24621.0,0.0,40.486640081428696,-0.4174827130082121,2.491116723323239,24630.68384496584,24628.4491108946,6.400135428992926,24625.19921875,0.00018880314828456475,1
2025-08-05 06:05:00+00:00,24625.19921875,24626.0,24619.349609375,24619.349609375,0.0,45.50077202923316,-0.7570644914194418,1.841480480374703,24630.16149961195,24628.32166414383,6.4180108001362886,24627.099609375,7.717259901609298e-05,1
2025-08-05 06:06:00+00:00,24627.099609375,24628.69921875,24623.5,24624.650390625,0.0,47.450051677295576,-0.8628929632068321,1.3006057916583962,24629.86989101796,24628.273740427405,6.330954225126554,24631.44921875,0.00017661882414054956,1
2025-08-05 06:07:00+00:00,24631.44921875,24632.0,24623.25,24627.099609375,0.0,51.70755551106428,-0.5889960839740525,0.9226854165319064,24630.02030318291,24628.39826898908,6.503743209046086,24632.94921875,6.0897756631313725e-05,1
2025-08-05 06:08:00+00:00,24632.94921875,24634.19921875,24629.599609375,24632.25,0.0,53.11818468190472,-0.2480341861810302,0.6885414959893191,24630.299247522635,24628.576737607156,6.367733649471366,24630.94921875,-8.119206442717175e-05,1
2025-08-05 06:09:00+00:00,24630.94921875,24631.44921875,24628.099609375,24631.44921875,0.0,50.97994467491011,-0.1376163553031801,0.5233099257308194,24630.36114954429,24628.66977608334,6.259296201294839,24630.400390625,-2.228205336813457e-05,1
2025-08-05 06:10:00+00:00,24630.400390625,24631.19921875,24627.55078125,24629.150390625,0.0,50.38061233228971,-0.0933195421639538,0.3999840321518647,24630.364886790077,24628.73764332027,6.072806294059494,24634.55078125,0.0001685068273019123,1
2025-08-05 06:11:00+00:00,24634.55078125,24636.099609375,24629.44921875,24629.44921875,0.0,54.71620495751222,0.2735347008092503,0.3746941658833418,24630.763543405305,24628.96560951359,6.114062317698101,24633.849609375,-2.8462945447078346e-05,1
2025-08-05 06:12:00+00:00,24633.849609375,24635.400390625,24630.80078125,24634.349609375,0.0,53.85998859502491,0.5019049729235121,0.4001363272913759,24631.05745445004,24629.15713891992,6.00588710750538,24629.099609375,-0.00019282410485254705,1
2025-08-05 06:13:00+00:00,24629.099609375,24633.849609375,24624.150390625,24633.0,0.0,48.34125668944255,0.2961904570875049,0.3793471532506017,24630.87099301432,24629.154882859337,6.26969651054071,24633.650390625,0.000184772538264767,1
2025-08-05 06:14:00+00:00,24633.650390625,24634.0,24628.55078125,24628.94921875,0.0,53.28037492390549,0.4946680106950225,0.4024113247394859,24631.13569754867,24629.33117728152,6.211090956216373,24630.849609375,-0.00011369736947577663,1
2025-08-05 06:15:00+00:00,24630.849609375,24634.25,24629.69921875,24632.900390625,0.0,50.10520932837412,0.421108979924611,0.406150855776511,24631.108451055938,24629.390723638127,6.092497405772347,24632.30078125,5.891684200969075e-05,1
2025-08-05 06:16:00+00:00,24632.30078125,24632.650390625,24625.099609375,24629.75,0.0,51.71093821837477,0.4744412965010269,0.4198089439214142,24631.22200631252,24629.50484354448,6.196660537502893,24634.19921875,7.707105872323069e-05,1
2025-08-05 06:17:00+00:00,24634.19921875,24634.349609375,24630.650390625,24631.55078125,0.0,53.80539041156478,0.6622614442858321,0.4682994439942978,24631.50555035418,24629.6889366898,6.018271838395544,24633.900390625,-1.2130620619993642e-05,1
2025-08-05 06:18:00+00:00,24633.900390625,24634.5,24631.80078125,24634.05078125,0.0,53.41267686939048,0.7780287017303635,0.5302452955415109,24631.73363037997,24629.85409174608,5.781196617795862,24632.150390625,-7.104031323703829e-05,1
2025-08-05 06:19:00+00:00,24632.150390625,24635.0,24631.30078125,24633.44921875,0.0,51.06222642149894,0.7202619809031603,0.5682486326138408,24631.773321831883,24629.944142682507,5.6324839129533,24634.55078125,9.744949535196039e-05,1
2025-08-05 06:20:00+00:00,24634.55078125,24634.599609375,24631.19921875,24632.349609375,0.0,54.04918067964255,0.8582791927292419,0.6262547446369211,24632.037841776462,24630.12479517535,5.473048678099493,24630.80078125,-0.0001522252235609761,1
2025-08-05 06:21:00+00:00,24630.80078125,24634.55078125,24627.5,24634.25,0.0,49.01585558595088,0.6574860772889224,0.6325010111673214,24631.92002648823,24630.15130443318,5.585743861806672,24633.30078125,0.00010149893307176213,1
2025-08-05 06:22:00+00:00,24633.30078125,24636.099609375,24630.55078125,24630.55078125,0.0,52.2109775306164,0.6921070144526311,0.6444222118243834,24632.05152694173,24630.27481332796,5.583107023463339,24627.75,-0.00022533647842375469,1
2025-08-05 06:23:00+00:00,24627.75,24634.05078125,24625.94921875,24633.5,0.0,45.406849735571846,0.2685470562282717,0.5692471807051611,24631.641857709183,24630.175801040587,5.762996700358815,24628.150390625,1.625770218554273e-05,1
2025-08-05 06:24:00+00:00,24628.150390625,24631.25,24625.599609375,24625.94921875,0.0,45.95397761481765,-0.0344222863241157,0.4485132872993058,24631.3093370345,24630.096373181157,5.7549534092617565,24624.25,-0.00015837123629408768,1
2025-08-05 06:25:00+00:00,24624.25,24629.19921875,24620.30078125,24628.5,0.0,41.58211822571264,-0.5825414246646687,0.2423023449065109,24630.637019221693,24629.86710364464,5.979487987171631,24623.0,-5.076296740002233e-05,1
2025-08-05 06:26:00+00:00,24623.0,24625.150390625,24621.5,24622.849609375,0.0,40.2601970318508,-1.1050559470168082,-0.0271693134781529,24629.90968405772,24629.597805462497,5.8131238898736575,24618.69921875,-0.00017466520123461804,1
2025-08-05 06:27:00+00:00,24618.69921875,24624.75,24615.69921875,24624.099609375,0.0,36.01756532575429,-1.8449224565883924,-0.3907199421002008,24628.84202069508,24629.170409905146,6.0443851298826825,24620.75,8.330177121779414e-05,1
2025-08-05 06:28:00+00:00,24620.75,24621.900390625,24618.099609375,24619.599609375,0.0,39.302214221654815,-2.239970107031695,-0.7605699750864997,24628.071352057454,24628.840197752004,5.884127709891062,24625.150390625,0.00017872691225896854,1
2025-08-05 06:29:00+00:00,24625.150390625,24627.05078125,24620.599609375,24620.599609375,0.0,45.73904644358693,-2.172925337636116,-1.043041047596423,24627.793165254363,24628.6954994333,5.9246308645417,24621.599609375,-0.0001441932818145067,1
2025-08-05 06:30:00+00:00,24621.599609375,24626.5,24619.30078125,24624.69921875,0.0,41.87964705094908,-2.378887907627359,-1.31021041960261,24627.20330278966,24628.417229234936,6.015672856360149,24621.69921875,4.045609407200027e-06,1
2025-08-05 06:31:00+00:00,24621.69921875,24623.05078125,24619.80078125,24619.80078125,0.0,42.02742722471333,-2.5051987128026667,-1.5492080782426214,24626.679104309696,24628.15377784337,5.818124795191567,24626.30078125,0.00018689053339161104,1
2025-08-05 06:32:00+00:00,24626.30078125,24627.400390625,24621.099609375,24621.25,0.0,48.53727059322143,-2.2085346859421406,-1.6810733997825251,24626.64307354211,24628.081111310297,5.852600256249312,24622.0,-0.0001746417900196579,1
2025-08-05 06:33:00+00:00,24622.0,24628.05078125,24621.150390625,24625.75,0.0,43.60842637486709,-2.2940193835747777,-1.803662596540976,24626.20087606191,24627.842636356952,5.92744242544579,24624.55078125,0.0001035976464137763,1
2025-08-05 06:34:00+00:00,24624.55078125,24625.150390625,24621.650390625,24621.650390625,0.0,47.04322897832394,-2.1313707776316733,-1.869204232759116,24626.043724175062,24627.713543999816,5.754053680771091,24625.19921875,2.6332967685800107e-05,1
2025-08-05 06:35:00+00:00,24625.19921875,24625.75,24620.599609375,24624.900390625,0.0,47.91180230890853,-1.927923200011719,-1.8809480262096363,24625.963295086964,24627.61494300963,5.7109348910731565,24629.5,0.0001746496022954129,1
2025-08-05 06:36:00+00:00,24629.5,24629.69921875,24624.0,24624.099609375,0.0,53.37410867673849,-1.4034740500283078,-1.7854532309733708,24626.3001241263,24627.68886681317,5.710098023853646,24628.400390625,-4.464602915203313e-05,1
2025-08-05 06:37:00+00:00,24628.400390625,24630.25,24626.5,24628.69921875,0.0,51.87621573053639,-1.0643049618593068,-1.641223577150558,24626.50014950713,24627.71676970776,5.570091022149813,24631.55078125,0.000127916981006985,1
2025-08-05 06:38:00+00:00,24631.55078125,24631.55078125,24627.75,24627.94921875,0.0,55.711127854882825,-0.5351321510534035,-1.4200052919311272,24626.98116205407,24627.86712310157,5.4437117527105405,24629.5,-8.32583083465899e-05,1
2025-08-05 06:39:00+00:00,24629.5,24631.900390625,24627.44921875,24630.30078125,0.0,52.763524395883664,-0.2780347818916198,-1.1916111899232258,24627.221051382257,24627.931157489747,5.3728160471597874,24640.400390625,0.00044257458027974585,1
2025-08-05 06:40:00+00:00,24640.400390625,24640.400390625,24627.849609375,24629.69921875,0.0,63.74386901684144,0.7961100988686667,-0.7940669321648473,24628.47622654823,24628.420147024462,5.88552784736266,24656.75,0.000663528559431225,1
2025-08-05 06:41:00+00:00,24656.75,24656.75,24641.44921875,24641.44921875,0.0,73.64113418584367,2.932846464434988,-0.0486842528448803,24631.16896687697,24629.53112165096,6.632962242193898,24660.25,0.00014194895920995265,1
2025-08-05 06:42:00+00:00,24660.25,24668.69921875,24655.55078125,24655.650390625,0.0,75.20176394961226,4.85270718999891,0.9315940357238778,24633.938589079164,24630.735783547,7.098353332037191,24660.75,2.027554465181821e-05,1
2025-08-05 06:43:00+00:00,24660.75,24663.099609375,24658.44921875,24659.900390625,0.0,75.42560648584711,6.341456109570572,2.013566450493217,24636.492056785908,24631.9128116432,6.923498852963106,24658.69921875,-8.315972750220492e-05,1
2025-08-05 06:44:00+00:00,24658.69921875,24660.94921875,24657.900390625,24659.75,0.0,72.53362679479045,7.271992444169882,3.06525164922855,24638.607024592013,24632.96325898072,6.646736658108599,24657.69921875,-4.055363955449926e-05,1
2025-08-05 06:45:00+00:00,24657.69921875,24659.80078125,24653.650390625,24658.099609375,0.0,71.10202012512714,7.838401339431584,4.019881587269158,24640.425328797533,24633.93329661873,6.611283370029413,24652.94921875,-0.00019263760003966813,1
2025-08-05 06:46:00+00:00,24652.94921875,24659.69921875,24651.94921875,24658.099609375,0.0,64.58165681361616,7.813925102509529,4.778690290317233,24641.61808022157,24634.679019055253,6.692620272170169,24654.30078125,5.482356240656425e-05,1
2025-08-05 06:47:00+00:00,24654.30078125,24655.349609375,24652.19921875,24652.19921875,0.0,65.54973325470186,7.813517935665004,5.385655819386788,24642.825956509994,24635.448499925635,6.439603868800871,24653.75,-2.2340169161028416e-05,1
2025-08-05 06:48:00+00:00,24653.75,24655.25,24651.849609375,24653.75,0.0,64.77276806092519,7.680219025049155,5.844568460519261,24643.86634160428,24636.166205810903,6.22251720852938,24660.69921875,0.0002818726867109466,1
2025-08-05 06:49:00+00:00,24660.69921875,24662.0,24653.349609375,24653.650390625,0.0,69.65927100994055,8.042612325560185,6.284177233527446,24645.46947276101,24637.12828474969,6.395936738277281,24658.30078125,-9.725748157929042e-05,1
2025-08-05 06:50:00+00:00,24658.30078125,24660.400390625,24655.80078125,24659.44921875,0.0,66.2438644170768,8.043556651311519,6.636053117084261,24646.69150214092,24637.958578730097,6.288972506971761,24663.05078125,0.00019263290046376053,1
2025-08-05 06:51:00+00:00,24663.05078125,24663.05078125,24654.19921875,24657.349609375,0.0,69.43961046155434,8.33154942332476,6.9751523783323615,24648.249528722736,24638.942586672056,6.472014649330921,24664.349609375,5.266291411066751e-05,1
2025-08-05 06:52:00+00:00,24664.349609375,24664.55078125,24660.30078125,24662.0,0.0,70.26846742780135,8.56584857463531,7.293291617592952,24649.782869737235,24639.938940503544,6.313299317235855,24661.150390625,-0.00012971024173221931,1
2025-08-05 06:53:00+00:00,24661.150390625,24665.05078125,24657.44921875,24665.05078125,0.0,65.5523368610029,8.396591444470687,7.513951582968499,24650.86549077417,24640.770762076936,6.405318116004723,24661.0,-6.098281005462396e-06,1
2025-08-05 06:54:00+00:00,24661.0,24662.75,24659.900390625,24661.650390625,0.0,65.33036295683499,8.156297957084462,7.6424208577916914,24651.83068212901,24641.5640655249,6.151338920218671,24655.30078125,-0.00023110249989862535,1
2025-08-05 06:55:00+00:00,24655.30078125,24662.0,24653.94921875,24662.0,0.0,57.39820588039783,7.420446031552274,7.598025892543808,24652.161167759583,24642.10276025922,6.287013372345909,24654.349609375,-3.8578798264888845e-05,1
2025-08-05 06:56:00+00:00,24654.349609375,24656.5,24647.849609375,24656.099609375,0.0,56.17238378245911,6.683483421449637,7.415117398324975,24652.369590770577,24642.583028851997,6.455826033249772,24660.25,0.00023932452968689682,1
2025-08-05 06:57:00+00:00,24660.25,24661.05078125,24653.94921875,24656.650390625,0.0,61.64458724504395,6.500612441494013,7.232216406958782,24653.12010593528,24643.275851249957,6.501950066589074,24655.44921875,-0.00019467690919597327,1
2025-08-05 06:58:00+00:00,24655.44921875,24661.30078125,24653.69921875,24660.94921875,0.0,55.56553692364464,5.900288098891906,6.965830745345407,24653.34192620335,24643.753238210746,6.580493811832711,24655.849609375,1.623943743420057e-05,1
2025-08-05 06:59:00+00:00,24655.849609375,24657.44921875,24653.5,24655.900390625,0.0,55.955647464692696,5.394648756697279,6.651594347615782,24653.58075317208,24644.22760570738,6.392545593130374,24653.650390625,-8.91966322330171e-05,1
2025-08-05 07:00:00+00:00,24653.650390625,24657.80078125,24651.900390625,24657.099609375,0.0,53.19320573589665,4.761578844641917,6.27359124702101,24653.58738531045,24644.59712668454,6.357391666835348,24642.69921875,-0.00044420082630701956,1
2025-08-05 07:01:00+00:00,24642.69921875,24654.44921875,24642.30078125,24654.44921875,0.0,42.058478007147855,3.337723136115528,5.686417624839914,24652.550417066595,24644.522698922403,6.771037797775681,24638.0,-0.00019069415684887654,1
2025-08-05 07:02:00+00:00,24638.0,24643.849609375,24636.30078125,24643.849609375,0.0,38.34888760876535,1.8092634854328933,4.910986796958509,24651.16466306025,24644.266906807803,6.826594249720275,24635.69921875,-9.33834422436886e-05,1
2025-08-05 07:03:00+00:00,24635.69921875,24639.900390625,24620.94921875,24639.900390625,0.0,36.644698033609885,0.4075958703870128,4.01030861164421,24649.69176360213,24643.93091904083,7.692635508668827,24640.69921875,0.00020295750307726385,1
2025-08-05 07:04:00+00:00,24640.69921875,24646.05078125,24634.25,24634.900390625,0.0,42.61308994235331,-0.2963613308020285,3.1489746231549627,24648.835330759077,24643.80418569609,7.986074490192482,24643.80078125,0.00012587152955626798,1
2025-08-05 07:05:00+00:00,24643.80078125,24646.05078125,24639.349609375,24641.599609375,0.0,46.01072757794554,-0.5970993222690595,2.3997598340701587,24648.355849853448,24643.804052188407,7.894295731964447,24642.94921875,-3.455483622671967e-05,1
2025-08-05 07:06:00+00:00,24642.94921875,24645.150390625,24639.94921875,24645.0,0.0,45.21912527488503,-0.8938466167528532,1.7410385439055562,24647.840932605497,24643.77052930847,7.701929742181272,24639.25,-0.0001501126637547663,1
2025-08-05 07:07:00+00:00,24639.25,24645.94921875,24635.55078125,24644.05078125,0.0,41.85068617483949,-1.4112490227780654,1.1105810305688322,24647.022748547828,24643.59325364932,7.894537439168324,24645.69921875,0.0002617457410432542,1
2025-08-05 07:08:00+00:00,24645.69921875,24646.25,24638.75,24640.400390625,0.0,48.98549005151608,-1.2860710756722256,0.6312506093206207,24646.89669809089,24643.67584051601,7.866356193513444,24646.30078125,2.4408416846308916e-05,1
2025-08-05 07:09:00+00:00,24646.30078125,24647.150390625,24642.44921875,24645.900390625,0.0,49.60660134430177,-1.1253532131231625,0.2799298448318641,24646.839944106046,24643.778779368324,7.640271599333912,24646.75,1.8226619645157828e-05,1
2025-08-05 07:10:00+00:00,24646.75,24648.849609375,24644.69921875,24647.30078125,0.0,50.0952307074709,-0.9507750078446406,0.0337888742965631,24646.83137800071,24643.89529782447,7.39099438688149,24646.30078125,-1.822628744154909e-05,1
2025-08-05 07:11:00+00:00,24646.30078125,24648.0,24644.349609375,24646.25,0.0,49.577533865832855,-0.8389972828153986,-0.1407683571258292,24646.78084497683,24643.989630507825,7.123808403889955,24650.650390625,0.00017648122586854994,1
2025-08-05 07:12:00+00:00,24650.650390625,24651.94921875,24645.69921875,24646.69921875,0.0,54.48248558873566,-0.3948835334886098,-0.1915913923983853,24647.1493731338,24644.25083678693,7.061393517897815,24651.599609375,3.850684403690223e-05,1
2025-08-05 07:13:00+00:00,24651.599609375,24652.099609375,24646.69921875,24651.75,0.0,55.4998415797288,0.0332900853099999,-0.1466150968567082,24647.57320515677,24644.53902394725,6.942750454119399,24649.599609375,-8.113063783655647e-05,1
2025-08-05 07:14:00+00:00,24649.599609375,24651.75,24648.30078125,24651.44921875,0.0,52.82098610451947,0.2088302130287047,-0.0755260348796256,24647.766196034696,24644.73747827775,6.693212475253728,24644.650390625,-0.0002007829266369771,1
2025-08-05 07:15:00+00:00,24644.650390625,24650.44921875,24643.849609375,24649.94921875,0.0,46.80089533738243,-0.0508276522996311,-0.0705863583636267,24647.469452662343,24644.73406307568,6.686526539521319,24649.400390625,0.00019273959762914445,1
2025-08-05 07:16:00+00:00,24649.400390625,24649.400390625,24644.150390625,24645.80078125,0.0,52.40723163546769,0.1252333096490474,-0.0314224247610919,24647.653351515928,24644.91705631291,6.583917500984081,24648.349609375,-4.262907954546625e-05,1
2025-08-05 07:17:00+00:00,24648.349609375,24649.19921875,24644.650390625,24649.19921875,0.0,51.1237175543929,0.177922643830243,0.010446588957175,24647.71966178822,24645.051666236912,6.4529233937709325,24646.19921875,-8.724278335382337e-05,1
2025-08-05 07:18:00+00:00,24646.19921875,24648.5,24644.5,24648.30078125,0.0,48.50558922654823,0.0456347202562028,0.0174842152169806,24647.574857689346,24645.09666829625,6.277714579930152,24640.349609375,-0.00023734326429325516,1
2025-08-05 07:19:00+00:00,24640.349609375,24647.599609375,24639.0,24647.599609375,0.0,42.177868257529454,-0.5251652238075621,-0.0910456725879279,24646.886738802263,24644.910509122867,6.443564208149427,24635.349609375,-0.00020291919876403184,1
2025-08-05 07:20:00+00:00,24635.349609375,24641.05078125,24633.849609375,24641.05078125,0.0,37.65600337028388,-1.365248767171579,-0.3458862915046581,24645.787964571093,24644.535571877856,6.497679041495897,24634.25,-4.463542805098016e-05,1
2025-08-05 07:21:00+00:00,24634.25,24640.0,24633.94921875,24636.19921875,0.0,36.72354245674296,-2.09559361576612,-0.6958277563569506,24644.68911080242,24644.13221611794,6.465757770674762,24632.05078125,-8.927484092269908e-05,1
2025-08-05 07:22:00+00:00,24632.05078125,24635.05078125,24630.69921875,24635.05078125,0.0,34.86407233214496,-2.819355963063572,-1.1205333976982748,24643.48546036886,24643.65843435841,6.314743822769422,24632.69921875,2.632494978832996e-05,1
2025-08-05 07:23:00+00:00,24632.69921875,24633.349609375,24629.599609375,24632.5,0.0,35.894749406615574,-3.3025496144982758,-1.556936641058275,24642.458199262303,24643.228661197303,6.13154783542875,24632.69921875,0.0,1
2025-08-05 07:24:00+00:00,24632.69921875,24635.05078125,24632.0,24633.599609375,0.0,35.894749406615574,-3.643484246083972,-1.9742461620634144,24641.528772546848,24642.815741885646,5.911493079326696,24636.599609375,0.00015834199047220484,1
2025-08-05 07:25:00+00:00,24636.599609375,24636.75,24630.0,24634.44921875,0.0,42.267563477052,-3.557934813612519,-2.2909838923732355,24641.059328435244,24642.57197198327,5.971386430803362,24635.44921875,-4.669437516702752e-05,1
2025-08-05 07:26:00+00:00,24635.44921875,24637.150390625,24633.400390625,24637.0,0.0,40.97376847794556,-3.5421316920037498,-2.5412134522993384,24640.525032274745,24642.292648327068,5.812715971460264,24636.94921875,6.088786880567018e-05,1
2025-08-05 07:27:00+00:00,24636.94921875,24639.900390625,24635.0,24635.80078125,0.0,43.40629180871749,-3.3697260361332155,-2.706915969066114,24640.184478605723,24642.083102069144,5.747549875284531,24638.30078125,5.4859166530707895e-05,1
2025-08-05 07:28:00+00:00,24638.30078125,24639.44921875,24636.400390625,24639.19921875,0.0,45.58240200181924,-3.0884319919496197,-2.783219173642816,24640.00507885756,24641.93477576251,5.554784035978494,24638.5,8.085734148988372e-06,1
2025-08-05 07:29:00+00:00,24638.5,24639.400390625,24635.55078125,24638.80078125,0.0,45.91253438337419,-2.8169570201025635,-2.789966742934765,24639.86173801398,24641.800078673787,5.432985845908601,24639.55078125,4.2647939200844206e-05,1
2025-08-05 07:30:00+00:00,24639.55078125,24642.349609375,24637.19921875,24639.099609375,0.0,47.714300705394045,-2.488337873837736,-2.72964096911536,24639.83212308408,24641.71187093168,5.412800472986559,24628.099609375,-0.0004647475912472405,1
2025-08-05 07:31:00+00:00,24628.099609375,24641.099609375,24628.099609375,24641.099609375,0.0,34.30332551165456,-3.115999400284636,-2.8069126553492154,24638.71474082607,24641.178056752982,5.954743296344661,24632.44921875,0.00017661165270519962,1
2025-08-05 07:32:00+00:00,24632.44921875,24635.150390625,24627.80078125,24630.25,0.0,41.07780202068301,-3.225269655755256,-2.890584055430424,24638.11802443788,24640.83574938032,6.054376587677186,24628.80078125,-0.00014811509272179244,1
2025-08-05 07:33:00+00:00,24628.80078125,24633.75,24627.94921875,24633.75,0.0,37.57752906649746,-3.5651684923141147,-3.025500942807162,24637.2306679438,24640.3637898458,6.036262634985958,24626.44921875,-9.548018683030046e-05,1
2025-08-05 07:34:00+00:00,24626.44921875,24629.75,24622.19921875,24629.44921875,0.0,35.47906663095108,-3.9784313301606735,-3.2160870202778646,24636.203863258677,24639.81812039106,6.144442536058389,24624.5,-7.915143318818007e-05,1
2025-08-05 07:35:00+00:00,24624.5,24627.599609375,24622.400390625,24626.94921875,0.0,33.79442776982695,-4.412367740664195,-3.4553431643551304,24635.08920961499,24639.21740978749,6.076926551339933,24625.30078125,3.251969583138744e-05,1
2025-08-05 07:36:00+00:00,24625.30078125,24628.400390625,24623.150390625,24625.099609375,0.0,35.15661961087744,-4.638183031052904,-3.6919111376946856,24634.156978342133,24638.671659648768,6.017860369101366,24627.05078125,7.106512182512999e-05,1
2025-08-05 07:37:00+00:00,24627.05078125,24629.849609375,24624.05078125,24626.0,0.0,38.151514842829634,-4.622645916333568,-3.878058093422462,24633.480197666693,24638.21593892725,6.002215208808411,24628.150390625,4.4650469305776404e-05,1
2025-08-05 07:38:00+00:00,24628.150390625,24629.30078125,24626.25,24628.05078125,0.0,40.02592493800094,-4.470075110879407,-3.996461496913851,24632.972596996056,24637.821211542847,5.791398497464953,24624.05078125,-0.00016646030294506262,1
2025-08-05 07:39:00+00:00,24624.05078125,24628.25,24623.150390625,24628.25,0.0,35.68386189640387,-4.6266329187346855,-4.122495781278019,24632.12290025834,24637.28119466862,5.741984988717456,24629.650390625,0.00022740407030283686,1
2025-08-05 07:40:00+00:00,24629.650390625,24630.099609375,24623.69921875,24626.400390625,0.0,44.53455333957333,-4.249874522680329,-4.147971529558482,24631.8874231504,24636.981947451222,5.789013962737637,24621.69921875,-0.0003228292626527303,1
2025-08-05 07:41:00+00:00,24621.69921875,24634.400390625,24619.69921875,24630.80078125,0.0,36.79222792302842,-4.54054334175089,-4.226485891996964,24630.91711796941,24636.382624757058,6.425596670756377,24624.44921875,0.00011169009805406974,1
2025-08-05 07:42:00+00:00,24624.44921875,24624.849609375,24617.0,24622.650390625,0.0,40.636216833711856,-4.497158019465132,-4.280620317490598,24630.30112756756,24635.9146480509,6.527311863916636,24622.05078125,-9.740065569359974e-05,1
2025-08-05 07:43:00+00:00,24622.05078125,24625.55078125,24620.80078125,24625.55078125,0.0,38.44047735296149,-4.603245353639068,-4.345145324720292,24629.51538029922,24635.37096699989,6.400361016494019,24626.599609375,0.00018474611093175023,1
2025-08-05 07:44:00+00:00,24626.599609375,24628.80078125,24620.099609375,24623.75,0.0,44.55909935076637,-4.271034094330389,-4.330323078642311,24629.23768783025,24635.02699219107,6.564704649244447,24625.849609375,-3.045487448110723e-05,1
2025-08-05 07:45:00+00:00,24625.849609375,24628.80078125,24623.25,24628.80078125,0.0,43.786341441561326,-4.021910924278927,-4.268640647769635,24628.91501369165,24634.66709482573,6.492281549298414,24624.150390625,-6.900142642603939e-05,1
2025-08-05 07:46:00+00:00,24624.150390625,24626.30078125,24621.94921875,24626.30078125,0.0,42.00879879228992,-3.916445424390986,-4.198201603093905,24628.46124006626,24634.25467505316,6.339373045777099,24620.400390625,-0.00015228951823766129,1
2025-08-05 07:47:00+00:00,24620.400390625,24624.5,24617.94921875,24624.5,0.0,38.31233348785762,-4.08832920169516,-4.176227122814156,24627.693540119475,24633.711369781468,6.35447363179302,24625.349609375,0.0002010210504896814,1
2025-08-05 07:48:00+00:00,24625.349609375,24629.30078125,24618.55078125,24621.099609375,0.0,45.169695731683625,-3.7815958596729615,-4.097300870185917,24627.47030862,24633.383457608667,6.668439800950661,24622.69921875,-0.00010762854810357626,1
2025-08-05 07:49:00+00:00,24622.69921875,24626.849609375,24622.400390625,24626.44921875,0.0,42.44838672301311,-3.70960977707,-4.019762651562734,24627.015919108573,24632.964467849502,6.509924011597042,24616.80078125,-0.0002395528389311755,1
2025-08-05 07:50:00+00:00,24616.80078125,24626.25,24616.80078125,24624.55078125,0.0,37.09253022581572,-4.081466296091094,-4.032103380468406,24626.043048836327,24632.330597786786,6.719873635768683,24613.849609375,-0.00011988446026048331,1
2025-08-05 07:51:00+00:00,24613.849609375,24617.55078125,24610.25,24617.55078125,0.0,34.731337401661364,-4.561715555482806,-4.138025815471286,24624.88176888763,24631.605853143185,6.761367036785205,24613.0,-3.4517533359608976e-05,1
2025-08-05 07:52:00+00:00,24613.0,24614.19921875,24610.650390625,24614.19921875,0.0,34.05915317502701,-4.953768964631308,-4.301174445303291,24623.750171850712,24630.876211843453,6.5318999716576895,24597.400390625,-0.0006337955298013245,1
2025-08-05 07:53:00+00:00,24597.400390625,24614.150390625,24597.0,24614.150390625,0.0,24.632548921397174,-6.448893392425816,-4.730718234727796,24621.240668876835,24629.56343454077,7.290363589753569,24603.599609375,0.0002520273952349354,1
2025-08-05 07:54:00+00:00,24603.599609375,24603.94921875,24594.30078125,24598.30078125,0.0,32.61428217325687,-7.052270939646405,-5.195028775711518,24619.560567971897,24628.545245318583,7.458797440485457,24601.0,-0.00010565971712567782,1
2025-08-05 07:55:00+00:00,24601.0,24603.5,24598.05078125,24603.5,0.0,31.125649257535045,-7.652011122630938,-5.686425245095402,24617.79289483172,24627.46503961982,7.322371060807924,24603.75,0.00011178407381813747,1
2025-08-05 07:56:00+00:00,24603.75,24605.05078125,24599.099609375,24601.150390625,0.0,34.5299785314499,-7.815317407046677,-6.112203677485658,24616.455476276315,24626.535038066104,7.224428261821644,24606.30078125,0.00010367449067723417,1
2025-08-05 07:57:00+00:00,24606.30078125,24607.19921875,24602.25,24604.349609375,0.0,37.61040883202527,-7.650719354587636,-6.419906812906054,24615.488362464286,24625.741537798807,7.061913296691527,24604.75,-6.30237459822362e-05,1
2025-08-05 07:58:00+00:00,24604.75,24607.150390625,24603.19921875,24606.599609375,0.0,36.48641957532652,-7.558282127109123,-6.647581875746669,24614.46566127721,24624.91834023807,6.839717480856417,24604.650390625,-4.0483798859976225e-06,1
2025-08-05 07:59:00+00:00,24604.650390625,24606.0,24602.900390625,24606.0,0.0,36.41114941315925,-7.407671575641871,-6.799599815725709,24613.53087359605,24624.123518684617,6.572566901866673,24599.05078125,-0.0002275833749352356,1
2025-08-05 08:00:00+00:00,24599.05078125,24606.75,24599.0,24605.0,0.0,32.36858028408625,-7.651946431891702,-6.970069138958908,24612.15181718214,24623.14027407934,6.656669266019053,24599.80078125,3.0488981329786447e-05,1
2025-08-05 08:01:00+00:00,24599.80078125,24601.650390625,24593.5,24599.849609375,0.0,33.43458693070069,-7.696299137707683,-7.115315138708664,24610.975528045747,24622.224999850736,6.763363648803407,24600.849609375,4.2635634911296444e-05,1
2025-08-05 08:02:00+00:00,24600.849609375,24603.75,24599.80078125,24601.75,0.0,34.97806006866274,-7.559674095111404,-7.204186929989213,24610.01115483901,24621.386749243844,6.562353298888878,24605.55078125,0.00019109794782081252,1
2025-08-05 08:03:00+00:00,24605.55078125,24605.80078125,24600.599609375,24602.150390625,0.0,41.52322161986702,-6.991459292847139,-7.161641402560798,24609.586357354343,24620.765730891148,6.465126054325387,24611.69921875,0.0002498801004156043,1
2025-08-05 08:04:00+00:00,24611.69921875,24615.0,24605.099609375,24606.5,0.0,48.78438424058487,-5.976128358961432,-6.9245387938409255,24609.78758224917,24620.41018139542,6.710502095087859,24613.25,6.30099220787878e-05,1
2025-08-05 08:05:00+00:00,24613.25,24613.349609375,24609.25,24612.55078125,0.0,50.455433379532295,-4.988828087582078,-6.537396652589157,24610.11733632068,24620.129389968148,6.524009757938726,24617.900390625,0.00018893850365148853,1
2025-08-05 08:06:00+00:00,24617.900390625,24617.94921875,24610.30078125,24613.400390625,0.0,55.17823155120594,-3.787478160284081,-5.987412954128143,24610.858579587755,24620.0419782292,6.604326025228817,24616.400390625,-6.093127261865235e-05,1
2025-08-05 08:07:00+00:00,24616.400390625,24618.650390625,24613.55078125,24618.650390625,0.0,53.409711088115664,-2.9227455601503607,-5.374479475332587,24611.38637111511,24619.899170872177,6.496846264498188,24610.80078125,-0.00022747474391635974,1
2025-08-05 08:08:00+00:00,24610.80078125,24618.19921875,24610.44921875,24617.349609375,0.0,47.31326935784709,-2.658633352810284,-4.831310250828126,24611.330600651767,24619.542371279156,6.58635724560546,24611.25,1.8252910744060067e-05,1
2025-08-05 08:09:00+00:00,24611.25,24615.099609375,24608.30078125,24610.900390625,0.0,47.827763552536375,-2.385574904292298,-4.34216318152096,24611.322924399217,24619.2171802486,6.601533736990784,24610.5,-3.0473868657626086e-05,1
2025-08-05 08:10:00+00:00,24610.5,24613.900390625,24610.400390625,24611.849609375,0.0,47.00250822933562,-2.2042832434381125,-3.914587193904391,24611.24455064691,24618.87533004277,6.3799956129200135,24610.75,1.0158265780865891e-05,1
2025-08-05 08:11:00+00:00,24610.75,24613.19921875,24610.349609375,24611.099609375,0.0,47.32875429218368,-2.017182560506626,-3.5351062672248377,24611.1974505853,24618.556689648936,6.127825167354298,24617.599609375,0.00027831778287943276,1
2025-08-05 08:12:00+00:00,24617.599609375,24617.650390625,24610.30078125,24611.599609375,0.0,55.42512802634755,-1.3011982854404778,-3.0883246708679657,24611.80717999384,24618.519157089173,6.21509546790042,24608.650390625,-0.00036352929985066103,1
2025-08-05 08:13:00+00:00,24608.650390625,24617.599609375,24608.400390625,24617.599609375,0.0,45.569296263710186,-1.4393112661091436,-2.758521989916201,24611.506533387284,24618.1321466396,6.428247130907532,24609.75,4.46838553738368e-05,1
2025-08-05 08:14:00+00:00,24609.75,24611.25,24605.849609375,24608.599609375,0.0,46.82061481172636,-1.443398907478695,-2.4954973734287003,24611.339244493254,24617.803435006677,6.354828809056994,24607.94921875,-7.317348815002184e-05,1
2025-08-05 08:15:00+00:00,24607.94921875,24610.599609375,24606.400390625,24609.75,0.0,44.99626705113953,-1.5738045506295748,-2.3111588088688757,24611.01638489866,24617.41699515347,6.200856661981495,24615.349609375,0.0003007317090593344,1
2025-08-05 08:16:00+00:00,24615.349609375,24616.400390625,24607.80078125,24608.400390625,0.0,53.0862726600566,-1.067694568191655,-2.062465960733431,24611.429072944025,24617.33592120137,6.372196141482817,24616.349609375,4.062505777367225e-05,1
2025-08-05 08:17:00+00:00,24616.349609375,24617.30078125,24612.30078125,24617.0,0.0,54.06935355203756,-0.5792301139372285,-1.7658187913741905,24611.897695461263,24617.297242306224,6.274182131376902,24617.75,5.68886389420903e-05,1
2025-08-05 08:18:00+00:00,24617.75,24618.55078125,24615.650390625,24617.19921875,0.0,55.476415802737,-0.0782170573111216,-1.428298444561577,24612.455057798285,24617.314997509904,6.033197023778551,24619.25,6.093164484975272e-05,1
2025-08-05 08:19:00+00:00,24619.25,24619.599609375,24616.900390625,24618.25,0.0,56.99607295354186,0.434864021892281,-1.0556659512708055,24613.10219515083,24617.390879960494,5.795055718508655,24619.349609375,4.045995511642312e-06,1
2025-08-05 08:20:00+00:00,24619.349609375,24620.55078125,24617.099609375,24619.599609375,0.0,57.10078544184797,0.8398409540750436,-0.6765645702016357,24613.697186981703,24617.46769287872,5.627635443972323,24616.69921875,-0.00010765477833706607,1
2025-08-05 08:21:00+00:00,24616.69921875,24620.75,24615.849609375,24620.55078125,0.0,53.37656531579449,0.9361325638565176,-0.3540251433900051,24613.98309476916,24617.43755663837,5.575689385474299,24622.44921875,0.00023358127541406329,1
2025-08-05 08:22:00+00:00,24622.44921875,24622.900390625,24617.900390625,24618.30078125,0.0,59.54171187099681,1.4595959895959822,0.0086990832071923,24614.789392291143,24617.634092407458,5.620366706154706,24625.900390625,0.00014016363052835263,1
2025-08-05 08:23:00+00:00,24625.900390625,24628.0,24622.849609375,24623.75,0.0,62.727460815423086,2.1283904927804542,0.4326373651218447,24615.847582608654,24617.95826096501,5.615396316429369,24624.099609375,-7.312549882178325e-05,1
2025-08-05 08:24:00+00:00,24624.099609375,24626.75,24621.30078125,24626.75,0.0,60.06956714849556,2.484467562313512,0.8430034045601782,24616.63348991974,24618.199098157555,5.603526490255844,24625.099609375,4.061062194612287e-05,1
2025-08-05 08:25:00+00:00,24625.099609375,24628.099609375,24621.099609375,24625.150390625,0.0,61.056391390435856,2.8149043824632827,1.2373836001407992,24617.43978701072,24618.469706440592,5.703274598094711,24622.19921875,-0.00011778188397239192,1
2025-08-05 08:26:00+00:00,24622.19921875,24625.849609375,24620.849609375,24625.849609375,0.0,56.68102278787772,2.8103447542889626,1.551975830970432,24617.893066223984,24618.615961825275,5.653040698230803,24624.0,7.313649093654847e-05,1
2025-08-05 08:27:00+00:00,24624.0,24625.099609375,24619.900390625,24623.099609375,0.0,58.66175036279791,2.918397740711953,1.825260212918736,24618.47467896456,24618.827100577226,5.620624844785746,24627.400390625,0.00013809253675276155,1
2025-08-05 08:28:00+00:00,24627.400390625,24628.25,24622.80078125,24624.349609375,0.0,62.1784732150009,3.241052777189907,2.1084187257729705,24619.324746741742,24619.16330803008,5.608381552301049,24623.650390625,-0.00015226942107245415,1
2025-08-05 08:29:00+00:00,24623.650390625,24628.150390625,24622.75,24628.05078125,0.0,56.47273284819874,3.1577648111560848,2.3182879428495937,24619.736712825867,24619.33927205341,5.593525057493831,24617.5,-0.0002497757451649674,1
2025-08-05 08:30:00+00:00,24617.5,24629.05078125,24617.5,24624.900390625,0.0,48.59627351652278,2.565895331372303,2.367809420554136,24619.523692556737,24619.26714373759,6.019043356958557,24616.94921875,-2.2373565552960292e-05,1
2025-08-05 08:31:00+00:00,24616.94921875,24617.650390625,24614.5,24617.55078125,0.0,47.95128261326785,2.029001988736127,2.300047934190534,24619.278504575144,24619.17624471847,5.814139590390089,24613.19921875,-0.00015233406734022656,1
2025-08-05 08:32:00+00:00,24613.19921875,24617.94921875,24612.099609375,24617.94921875,0.0,43.6986715913606,1.2860912275427836,2.097256592860984,24618.699524972748,24618.94185154324,5.816673146433653,24612.55078125,-2.6345112402374297e-05,1
2025-08-05 08:33:00+00:00,24612.55078125,24615.19921875,24611.19921875,24614.25,0.0,42.98871558134636,0.637655118600378,1.805336298008863,24618.113930332485,24618.69122133566,5.686910778831249,24615.75,0.0001299832259741719,1
2025-08-05 08:34:00+00:00,24615.75,24616.94921875,24610.900390625,24613.0,0.0,47.51900321954648,0.3775627384457038,1.5197815860962312,24617.888794110346,24618.5758793225,5.712762017843303,24611.94921875,-0.00015440444634024964,1
2025-08-05 08:35:00+00:00,24611.94921875,24616.94921875,24609.900390625,24616.94921875,0.0,43.1337397852147,-0.1337122772129078,1.1890828134344036,24617.3231202665,24618.316010280443,5.808195311211639,24603.900390625,-0.0003270292837622223,1
2025-08-05 08:36:00+00:00,24603.900390625,24613.44921875,24603.400390625,24613.44921875,0.0,35.63412542697159,-1.174831843298307,0.7162998820878616,24616.04476506255,24617.750691862584,6.111097655053665,24600.150390625,-0.00015241485863879084,1
2025-08-05 08:37:00+00:00,24600.150390625,24606.30078125,24599.44921875,24606.30078125,0.0,32.77491154543061,-2.2762807131002774,0.1177837630502338,24614.53101511612,24617.06048397092,6.16398800112126,24596.900390625,-0.00013211301347322492,1
2025-08-05 08:38:00+00:00,24596.900390625,24601.650390625,24592.349609375,24601.650390625,0.0,30.491441727736927,-3.3725579676429334,-0.5802845830883996,24612.851908021727,24616.269892075,6.3880446617554565,24601.599609375,0.00019104922471414678,1
2025-08-05 08:39:00+00:00,24601.599609375,24602.19921875,24594.400390625,24597.19921875,0.0,37.294248124067686,-3.8181644865289854,-1.2278605637765168,24611.78026053156,24615.69458687108,6.488814909130066,24600.55078125,-4.2632517464446504e-05,1
2025-08-05 08:40:00+00:00,24600.55078125,24601.849609375,24598.25,24601.69921875,0.0,36.43709787424876,-4.207441757887864,-1.8237768025987864,24610.71078631427,24615.10071214084,6.282443085263632,24606.69921875,0.0002499308879167943,1
2025-08-05 08:41:00+00:00,24606.69921875,24606.69921875,24598.349609375,24602.599609375,0.0,44.49127981297878,-3.974009372108412,-2.2538233165007115,24610.32873226053,24614.771241811788,6.430097820244802,24605.80078125,-3.651190645332072e-05,1
2025-08-05 08:42:00+00:00,24605.80078125,24609.80078125,24605.0,24606.849609375,0.0,43.62146704824246,-3.81750312260192,-2.566559277720953,24609.89749883096,24614.41945904466,6.313718065227316,24612.5,0.00027226176500237735,1
2025-08-05 08:43:00+00:00,24612.5,24614.30078125,24605.44921875,24607.900390625,0.0,51.27137191300052,-3.1169693445299345,-2.676641291082749,24610.14535608515,24614.344186140952,6.494992667711079,24611.650390625,-3.451942610462164e-05,1
2025-08-05 08:44:00+00:00,24611.650390625,24614.05078125,24609.19921875,24614.05078125,0.0,50.338499290376646,-2.6003721825618413,-2.661387469378568,24610.288692708,24614.23854710111,6.37760479858886,24607.650390625,-0.00016252465545844372,1
2025-08-05 08:45:00+00:00,24607.650390625,24612.25,24602.849609375,24612.25,0.0,46.08691829392752,-2.4850852644121915,-2.626127028385293,24610.03742584295,24613.98018802362,6.593518071903942,24612.400390625,0.00019302940039369424,1
2025-08-05 08:46:00+00:00,24612.400390625,24612.400390625,24605.849609375,24607.150390625,0.0,51.34247262872533,-1.9875233169805144,-2.4984062861043377,24610.262470107908,24613.91823518446,6.590465441767946,24618.75,0.0002579841573444661,1
2025-08-05 08:47:00+00:00,24618.75,24618.75,24608.400390625,24613.599609375,0.0,57.33045444805538,-1.068524196431099,-2.21242986816969,24611.07080628811,24614.107716157618,6.858975722713092,24615.44921875,-0.00013407590759075908,1
2025-08-05 08:48:00+00:00,24615.44921875,24619.19921875,24613.400390625,24618.5,0.0,53.63527632253704,-0.5996439117116097,-1.889872676878074,24611.487797951148,24614.160324102417,6.783250894305014,24618.25,0.00011378143966052824,1
2025-08-05 08:49:00+00:00,24618.25,24620.599609375,24614.599609375,24614.900390625,0.0,56.21415470861581,-0.0020298691342759,-1.5123041153293144,24612.13181719389,24614.320703549383,6.727304401854656,24617.25,-4.062027154651529e-05,1
2025-08-05 08:50:00+00:00,24617.25,24619.44921875,24613.900390625,24619.44921875,0.0,55.03707990582215,0.3864373137294024,-1.1325558295175713,24612.619263175427,24614.435577919998,6.643127524936466,24612.25,-0.00020310960810001117,1
2025-08-05 08:51:00+00:00,24612.25,24618.19921875,24609.599609375,24618.19921875,0.0,49.46045800750028,0.28752770128267,-0.8485391233575231,24612.58409525396,24614.34986898196,6.782876228512433,24609.44921875,-0.00011379622951985292,1
2025-08-05 08:52:00+00:00,24609.44921875,24615.400390625,24608.599609375,24612.650390625,0.0,46.61139665293136,-0.0166663990785309,-0.6821645785017247,24612.285535586914,24614.15768661992,6.784155158618688,24608.44921875,-4.0634798085529586e-05,1
2025-08-05 08:53:00+00:00,24608.44921875,24610.25,24605.30078125,24610.05078125,0.0,45.60138315703839,-0.3345772594875598,-0.6126471146988918,24611.92017207864,24613.933825134824,6.653088272288782,24605.80078125,-0.00010762309629743214,1
2025-08-05 08:54:00+00:00,24605.80078125,24608.30078125,24603.25,24608.099609375,0.0,42.94712265063485,-0.7911112411784416,-0.6483399399948018,24611.3373729521,24613.61488223738,6.549240449268154,24606.099609375,1.2144621004479222e-05,1
2025-08-05 08:55:00+00:00,24606.099609375,24609.5,24604.099609375,24607.69921875,0.0,43.34780361106571,-1.1159409064239298,-0.7418601332806275,24610.83853832571,24613.320165654543,6.467179747534715,24607.55078125,5.8976103406778826e-05,1
2025-08-05 08:56:00+00:00,24607.55078125,24609.69921875,24604.69921875,24606.5,0.0,45.3548385540284,-1.2419568090335815,-0.8418794684312183,24610.52541860421,24613.09391528574,6.362381194139378,24613.5,0.00024176395297873668,1
2025-08-05 08:57:00+00:00,24613.5,24613.5,24607.0,24610.19921875,0.0,52.74585045698388,-0.8519523104077962,-0.843894036826534,24610.80871207048,24613.10984017649,6.372211108843708,24620.30078125,0.00027630289272147397,1
2025-08-05 08:58:00+00:00,24620.30078125,24621.650390625,24612.150390625,24612.349609375,0.0,59.49094247181478,0.0058280923403799,-0.6739496109931513,24611.712718659004,24613.391837865653,6.595624601069157,24621.25,3.855431168098861e-05,1
2025-08-05 08:59:00+00:00,24621.25,24622.0,24618.099609375,24619.849609375,0.0,60.3418311990264,0.7535330022728886,-0.3884530883399433,24612.62103116767,24613.70000108661,6.403107888492789,24622.55078125,5.283164948977001e-05,1
2025-08-05 09:00:00+00:00,24622.55078125,24622.55078125,24617.900390625,24622.349609375,0.0,61.53421981128832,1.4345204473465856,-0.0238583812026375,24613.5667216517,24614.04709050478,6.277913798243304,24629.69921875,0.00029032075366633073,1
2025-08-05 09:01:00+00:00,24629.69921875,24631.099609375,24621.55078125,24621.55078125,0.0,67.34490848719605,2.521955534546578,0.4853044019472055,24615.10314994678,24614.66089945557,6.511550535868783,24625.150390625,-0.00018468874039424265,1
2025-08-05 09:02:00+00:00,24625.150390625,24631.849609375,24621.5,24631.0,0.0,61.02733168770891,2.98232487740097,0.9847084970379584,24616.060030011373,24615.072252050453,6.785697595806727,24600.0,-0.0010213294224012115,0
2025-08-05 09:03:00+00:00,24600.0,24625.0,24594.599609375,24625.0,0.0,39.15604050350747,1.3027275334570732,1.0483123043217812,24614.530503343623,24614.481183342592,8.483203571106246,24614.349609375,0.0005833174542682927,1
2025-08-05 09:04:00+00:00,24614.349609375,24616.599609375,24600.650390625,24600.650390625,0.0,50.13634072804823,1.1166559744269762,1.0619810383428203,24614.51327534661,24614.47602357916,9.062946842812943,24615.349609375,4.062670823604149e-05,1
2025-08-05 09:05:00+00:00,24615.349609375,24618.849609375,24613.75,24614.69921875,0.0,50.80266090550624,1.0379200694987958,1.0571688445740155,24614.592926206456,24614.51028184566,8.779851309397733,24618.400390625,0.00012393816453608604,1
2025-08-05 09:06:00+00:00,24618.400390625,24621.44921875,24613.849609375,24616.900390625,0.0,52.8717349038148,1.207771410998248,1.087289357858862,24614.955541865365,24614.662835131126,8.69554831408361,24621.5,0.0001259062053511962,1
2025-08-05 09:07:00+00:00,24621.5,24622.69921875,24617.0,24620.400390625,0.0,54.94501436406275,1.5743443334176843,1.1847003529706266,24615.578823592477,24614.930959243637,8.481524773791923,24626.349609375,0.00019696644700769653,1
2025-08-05 09:08:00+00:00,24626.349609375,24628.150390625,24618.44921875,24621.849609375,0.0,58.05421798161717,2.230467520967068,1.393853786569915,24616.60461271462,24615.378749444862,8.568642423878215,24627.94921875,6.495519638002073e-05,1
2025-08-05 09:09:00+00:00,24627.94921875,24631.25,24625.5,24627.25,0.0,59.05783716874316,2.8467098827713926,1.6844250058102106,24617.68505138465,24615.871709025458,8.367310822172628,24622.849609375,-0.00020706593674139597,1
2025-08-05 09:10:00+00:00,24622.849609375,24631.69921875,24621.849609375,24629.19921875,0.0,54.57472247986217,2.89027326586438,1.9255946578210448,24618.176914050404,24616.14535217642,8.473189290231726,24621.349609375,-6.091902536857002e-05,1
2025-08-05 09:11:00+00:00,24621.349609375,24626.900390625,24618.30078125,24624.94921875,0.0,53.29323771182671,2.771808414829138,2.094837409222664,24618.47907550989,24616.34944069401,8.482219296286603,24624.099609375,0.00011169168399090887,1
2025-08-05 09:12:00+00:00,24624.099609375,24626.05078125,24619.0,24622.30078125,0.0,55.362647317075854,2.8667797319394595,2.2492258737660227,24619.014364449424,24616.65336887758,8.379973721551846,24624.05078125,-1.982940524713031e-06,1
2025-08-05 09:13:00+00:00,24624.05078125,24626.55078125,24621.650390625,24624.69921875,0.0,55.31578348449991,2.9046224834419263,2.380305195701204,24619.494023192336,24616.943463480424,8.131432071798143,24623.44921875,-2.4429875707455094e-05,1
2025-08-05 09:14:00+00:00,24623.44921875,24623.94921875,24619.75,24623.94921875,0.0,54.701434617745605,2.8531823601661017,2.474880628594183,24619.87070848354,24617.198591138054,7.857814155955418,24625.19921875,7.107046557341888e-05,1
2025-08-05 09:15:00+00:00,24625.19921875,24629.900390625,24622.400390625,24624.25,0.0,56.22456960657433,2.9199665101878054,2.563897804912908,24620.37818565177,24617.512341240486,7.832256001958602,24627.19921875,8.121761705290773e-05,1
2025-08-05 09:16:00+00:00,24627.19921875,24627.849609375,24623.5,24626.900390625,0.0,57.96417271867517,3.098558462366782,2.670829936403683,24621.02780785161,24617.89221878988,7.583495528604416,24617.400390625,-0.00039788641972488816,1
2025-08-05 09:17:00+00:00,24617.400390625,24627.849609375,24614.44921875,24627.69921875,0.0,47.91710842330122,2.4214968256128486,2.6209633142455164,24620.68233954431,24617.872931410864,7.998988035489815,24599.44921875,-0.0007292066420561739,1
2025-08-05 09:18:00+00:00,24599.44921875,24617.650390625,24592.650390625,24617.650390625,0.0,35.70664946648408,0.4314377090631751,2.1830581932090483,24618.6601375639,24617.150432875143,9.213346032954828,24608.25,0.0003577633455017333,1
2025-08-05 09:19:00+00:00,24608.25,24611.55078125,24596.400390625,24596.400390625,0.0,43.33095643062183,-0.4305854615522548,1.6603294622567877,24617.668695891145,24616.801396291805,9.63742064667234,24607.849609375,-1.627058506801581e-05,1
2025-08-05 09:20:00+00:00,24607.849609375,24608.650390625,24603.05078125,24607.94921875,0.0,43.08065463483953,-1.1329927765800676,1.101665014489417,24616.73354479437,24616.45034582448,9.349005555838602,24604.55078125,-0.0001340559283873072,1
2025-08-05 09:21:00+00:00,24604.55078125,24608.900390625,24600.80078125,24608.650390625,0.0,40.98026013184119,-1.933554679791996,0.4946210756331342,24615.573281599667,24615.983696233325,9.259762971492988,24606.30078125,7.112505387960974e-05,1
2025-08-05 09:22:00+00:00,24606.30078125,24610.19921875,24603.25,24605.80078125,0.0,42.57962533994565,-2.3991395933626336,-0.0841310581660193,24614.69018632827,24615.60397407712,9.094724098529202,24610.19921875,0.00015843248989992877,1
2025-08-05 09:23:00+00:00,24610.19921875,24610.19921875,24603.44921875,24606.650390625,0.0,46.08471755818542,-2.425587008910952,-0.5524222483150059,24614.262475130337,24615.392022887816,8.927243805777115,24605.75,-0.00018078759584401222,1
2025-08-05 09:24:00+00:00,24605.75,24611.30078125,24602.5,24609.849609375,0.0,42.86847132951012,-2.7735893343851785,-0.9966556655290404,24613.451763213165,24615.0139043432,8.918210766078749,24603.25,-0.00010160226776261646,1
2025-08-05 09:25:00+00:00,24603.25,24608.25,24596.75,24606.5,0.0,41.13144170449934,-3.214063072759018,-1.440137146975036,24612.48016671668,24614.552574761117,9.10262428278741,24610.400390625,0.00029062788960808024,1
2025-08-05 09:26:00+00:00,24610.400390625,24610.400390625,24602.55078125,24606.69921875,0.0,47.663477199494906,-2.9521345492830733,-1.7425366274366434,24612.282092803183,24614.38974401068,9.013123217945452,24612.599609375,8.936135597524707e-05,1
2025-08-05 09:27:00+00:00,24612.599609375,24613.150390625,24606.05078125,24609.849609375,0.0,49.51879451701521,-2.5378410816083488,-1.9015975182709848,24612.312332476693,24614.31954265242,8.876443657735063,24611.849609375,-3.047219765092685e-05,1
2025-08-05 09:28:00+00:00,24611.849609375,24614.400390625,24606.900390625,24613.5,0.0,48.88237549299077,-2.2441599763769773,-1.970110009892183,24612.268263609865,24614.222682523898,8.77812625361113,24611.099609375,-3.0473126234052495e-05,1
2025-08-05 09:29:00+00:00,24611.099609375,24611.80078125,24605.650390625,24611.75,0.0,48.21504594061267,-2.0483225295283773,-1.9857525138194216,24612.156963206544,24614.10020906708,8.593918574781764,24610.05078125,-4.2616061112542666e-05,1
2025-08-05 09:30:00+00:00,24610.05078125,24616.099609375,24597.900390625,24611.5,0.0,47.24373117809929,-1.9552131263881165,-1.979644636333161,24611.95637444877,24613.941407976217,9.280011444440207,24615.94921875,0.0002396759581046425,1
2025-08-05 09:31:00+00:00,24615.94921875,24615.94921875,24607.05078125,24612.150390625,0.0,52.98056360391888,-1.389451905964961,-1.861606090259521,24612.33664533461,24614.020145653623,9.25275616269448,24618.30078125,9.553003538895879e-05,1
2025-08-05 09:32:00+00:00,24618.30078125,24619.80078125,24613.400390625,24616.80078125,0.0,55.07787358964291,-0.742768449439609,-1.637838562095539,24612.90465827893,24614.18801371623,9.049015767144876,24620.80078125,0.00010155046939324388,1
2025-08-05 09:33:00+00:00,24620.80078125,24620.900390625,24615.400390625,24618.05078125,0.0,57.260516270464926,-0.028212824534421,-1.3159134145833151,24613.656669990454,24614.44733793324,8.79551464092024,24627.30078125,0.0002640044106506106,1
2025-08-05 09:34:00+00:00,24627.30078125,24627.30078125,24618.94921875,24621.349609375,0.0,62.37868232057915,1.0504642357154808,-0.8426378845235561,24614.956109158036,24614.9513945339,8.763803773711652,24629.19921875,7.708670620717702e-05,1
2025-08-05 09:35:00+00:00,24629.19921875,24631.349609375,24626.099609375,24627.19921875,0.0,63.7442996806863,2.035052795905358,-0.2670997484377733,24616.31259578584,24615.51013273845,8.512817789875106,24642.849609375,0.0005542360717358636,1
2025-08-05 09:36:00+00:00,24642.849609375,24642.94921875,24628.94921875,24631.099609375,0.0,71.69909213140095,3.872182654504286,0.5607567321506385,24618.839930413375,24616.58226907714,8.9047593763126,24640.44921875,-9.740718557511334e-05,1
2025-08-05 09:37:00+00:00,24640.44921875,24644.0,24637.44921875,24643.69921875,0.0,68.83881909650685,5.075917819736787,1.4637889496678682,24620.89795787401,24617.51822788784,8.736618081575985,24641.25,3.2498646550268666e-05,1
2025-08-05 09:38:00+00:00,24641.25,24642.94921875,24637.650390625,24640.400390625,0.0,69.27911457046064,6.0250499398498505,2.3760411477042647,24622.83624760029,24618.44888561773,8.491061656106272,24658.19921875,0.0006878392431390453,1
2025-08-05 09:39:00+00:00,24658.19921875,24658.900390625,24642.05078125,24643.150390625,0.0,76.76304840531819,8.052084863702476,3.511249890903907,24626.20414961455,24620.007722211158,9.14529943959868,24656.650390625,-6.281189113851741e-05,1
2025-08-05 09:40:00+00:00,24656.650390625,24658.599609375,24651.75,24658.25,0.0,74.9658424001457,9.424902747188751,4.6939804621608765,24629.103791615547,24621.44468959993,8.98132157784163,24656.80078125,6.099393981640824e-06,1
2025-08-05 09:41:00+00:00,24656.80078125,24662.19921875,24655.94921875,24656.650390625,0.0,75.02698148143139,10.405062987843849,5.836196967297472,24631.74160015216,24622.83120299797,8.78622717942437,24659.150390625,9.52925481227368e-05,1
2025-08-05 09:42:00+00:00,24659.150390625,24659.150390625,24650.0,24658.19921875,0.0,76.01264323817624,11.241851810438677,6.917327935925712,24634.35196114957,24624.255484865706,8.812238854108344,24663.55078125,0.0001784485902917789,1
2025-08-05 09:43:00+00:00,24663.55078125,24664.099609375,24657.30078125,24657.30078125,0.0,77.78134602629694,12.12037162944398,7.957936674629366,24637.132801159136,24625.79647688077,8.668423802029176,24666.650390625,0.00012567571484299088,1
2025-08-05 09:44:00+00:00,24666.650390625,24671.150390625,24661.69921875,24664.400390625,0.0,78.95828518966496,12.917809026046598,8.949911144912813,24639.944000155883,24627.39859114525,8.72433437866995,24653.30078125,-0.000541200737173206,1
2025-08-05 09:45:00+00:00,24653.30078125,24669.30078125,24652.25,24667.5,0.0,63.385322332839465,12.330444312261534,9.626017778382558,24641.2160745458,24628.414363306223,9.319080583764954,24652.349609375,-3.858192797142244e-05,1
2025-08-05 09:46:00+00:00,24652.349609375,24656.94921875,24646.849609375,24653.80078125,0.0,62.44036092907571,11.653863440355051,10.031586910777058,24642.2764111962,24629.35300040696,9.374832640281742,24662.55078125,0.0004138012009662809,1
2025-08-05 09:47:00+00:00,24662.55078125,24664.05078125,24652.05078125,24653.349609375,0.0,67.9576471426007,11.80473984765922,10.386217498153492,24644.20730358228,24630.65487416551,9.562344594547332,24663.0,1.821461023981039e-05,1
2025-08-05 09:48:00+00:00,24663.0,24664.849609375,24656.94921875,24662.5,0.0,68.17931672244022,11.82425602321382,10.673825203165558,24645.997084193485,24631.923310472743,9.443633596722522,24662.25,-3.040992579978105e-05,1
2025-08-05 09:49:00+00:00,24662.25,24664.0,24658.69921875,24663.0,0.0,67.34168379275482,11.644968057928054,10.868053774118058,24647.54498093696,24633.112592414986,9.147715571956628,24667.0,0.00019260205374610994,1
2025-08-05 09:50:00+00:00,24667.0,24667.80078125,24661.650390625,24661.650390625,0.0,69.86670350148214,11.750711469077942,11.044585313110035,24649.397839895344,24634.44151035949,8.933620932888298,24655.75,-0.0004560749179065148,1
2025-08-05 09:51:00+00:00,24655.75,24667.099609375,24653.900390625,24667.099609375,0.0,58.35825284174939,10.802211731726857,10.9961105968334,24650.00280752436,24635.27713740422,9.23830649125342,24664.150390625,0.00034070716262940695,1
2025-08-05 09:52:00+00:00,24664.150390625,24665.099609375,24655.80078125,24655.80078125,0.0,63.22888219979091,10.606099659937172,10.918108409454156,24651.35019639109,24636.40942184425,9.24625669723532,24663.55078125,-2.4310968166489744e-05,1
2025-08-05 09:53:00+00:00,24663.55078125,24664.94921875,24662.0,24663.849609375,0.0,62.66545481491656,10.28375128136031,10.791236983835388,24652.512156853845,24637.47378887977,8.796468272432795,24655.69921875,-0.00031834680130360637,1
2025-08-05 09:54:00+00:00,24655.69921875,24664.55078125,24654.849609375,24664.5,0.0,55.669998940390826,9.287669916018784,10.490523570272067,24652.81568655824,24638.18851161978,8.861089958330453,24656.19921875,2.027928697393272e-05,1
2025-08-05 09:55:00+00:00,24656.19921875,24657.80078125,24649.599609375,24657.80078125,0.0,56.0067988647863,8.441307935579971,10.080680443333648,24653.13792771936,24638.894813860185,8.813952952378278,24655.349609375,-3.445824587408054e-05,1
2025-08-05 09:56:00+00:00,24655.349609375,24659.150390625,24652.5,24656.80078125,0.0,55.238814169132176,7.614231471587118,9.587390648984345,24653.34856406752,24639.54009995881,8.659412786136972,24658.25,0.00011763737569947698,1
2025-08-05 09:57:00+00:00,24658.25,24659.650390625,24654.849609375,24656.5,0.0,57.38701863445829,7.110835414649046,9.092079602117284,24653.81536748966,24640.27382152905,8.383796247841474,24651.94921875,-0.0002555242667261464,1
2025-08-05 09:58:00+00:00,24651.94921875,24665.55078125,24647.900390625,24659.55078125,0.0,51.59410915294079,6.1327752086181135,8.50021872341745,24653.637639038265,24640.7316802436,9.04569584620994,24648.849609375,-0.00012573485964519478,1
2025-08-05 09:59:00+00:00,24648.849609375,24656.849609375,24646.400390625,24652.150390625,0.0,48.97499328544286,5.04933725992305,7.810042430718571,24653.18163621319,24641.05003040561,9.145947482194943,24643.69921875,-0.00020895054765724598,1
2025-08-06 03:45:00+00:00,24643.69921875,24664.5,24643.099609375,24652.0,0.0,44.8966272885496,3.732090187470021,6.9944519820688615,24652.278548835744,24641.15392014461,10.02126484953816,24645.900390625,8.93198645001012e-05,1
2025-08-06 03:46:00+00:00,24645.900390625,24647.099609375,24634.55078125,24643.69921875,0.0,46.93064211659605,2.8331201214459725,6.162185609944284,24651.671105196627,24641.340056241883,10.20180508349972,24647.75,7.504734441366033e-05,1
2025-08-06 03:47:00+00:00,24647.75,24648.30078125,24640.0,24645.599609375,0.0,48.646023748330805,2.244059762066172,5.378560440368663,24651.297666606475,24641.59142658534,10.06601766682117,24654.849609375,0.00028804289945329696,1
2025-08-06 03:48:00+00:00,24654.849609375,24664.650390625,24649.44921875,24649.44921875,0.0,54.698936817936485,2.3233225102740107,4.767512854349732,24651.635946870145,24642.11135532219,10.554187163833944,24652.349609375,-0.00010139992900420596,1
2025-08-06 03:49:00+00:00,24652.349609375,24659.150390625,24650.150390625,24654.19921875,0.0,52.358650244790105,2.1595161447949067,4.245913512438768,24651.70391472775,24642.512855481124,10.44317379498866,24651.349609375,-4.0564084797000916e-05,1
2025-08-06 03:50:00+00:00,24651.349609375,24657.349609375,24645.44921875,24652.099609375,0.0,51.41112253988965,1.9267958738928428,3.7820899847295832,24651.67017136082,24642.85939484951,10.547260711418044,24658.0,0.0002697779525414232,1
2025-08-06 03:51:00+00:00,24658.0,24661.75,24650.599609375,24653.349609375,0.0,56.98611157759506,2.253022881035577,3.4762765639907824,24652.2730121836,24643.4531440711,10.59034141953104,24659.75,7.097088166112417e-05,1
2025-08-06 03:52:00+00:00,24659.75,24665.400390625,24656.19921875,24657.19921875,0.0,58.34066174963826,2.622539506217436,3.305529152436113,24652.985106261352,24644.09223646047,10.49111502349311,24670.849609375,0.0004501103772341569,1
2025-08-06 03:53:00+00:00,24670.849609375,24670.849609375,24659.30078125,24662.05078125,0.0,65.71530493737646,3.767599268041522,3.397943175557195,24654.686487510276,24645.14154520222,10.566665959315031,24662.55078125,-0.00033638193480967185,1
2025-08-06 03:54:00+00:00,24662.55078125,24671.30078125,24662.55078125,24669.599609375,0.0,57.51708985250583,3.959775478670053,3.510309636179767,24655.43546786644,24645.82426034135,10.436904105078243,24657.150390625,-0.00021897129266554665,1
2025-08-06 03:55:00+00:00,24657.150390625,24662.650390625,24651.099609375,24662.44921875,0.0,52.89282566915096,3.6344148476382543,3.5351306784714644,24655.598793843445,24646.268422313256,10.51646675828694,24658.650390625,6.083428037046492e-05,1
2025-08-06 03:56:00+00:00,24658.650390625,24660.5,24648.69921875,24656.55078125,0.0,53.999099985006254,3.4577429589699022,3.5196531345711524,24655.889422108357,24646.753989698034,10.608203507695016,24649.599609375,-0.00036704284730201727,1
2025-08-06 03:57:00+00:00,24649.599609375,24660.650390625,24645.94921875,24658.150390625,0.0,46.84980730143114,2.5579206905349565,3.327306645763913,24655.290392324227,24646.865582626546,10.90055839107394,24655.25,0.00022922849516999794,1
2025-08-06 03:58:00+00:00,24655.25,24660.94921875,24648.849609375,24649.5,0.0,51.1941632930105,2.27452505212932,3.1167503270369945,24655.286545436204,24647.19438330785,10.986204889925803,24651.30078125,-0.0001601775990914714,1
2025-08-06 03:59:00+00:00,24651.30078125,24661.5,24648.849609375,24655.55078125,0.0,48.22708519659495,1.711533525714913,2.835706966772578,24654.90694884704,24647.35541852127,11.10507529957396,24650.69921875,-2.4402870474792705e-05,1
2025-08-06 04:00:00+00:00,24650.69921875,24659.44921875,24649.650390625,24650.55078125,0.0,47.77288818254952,1.20295075116519,2.5091557236511006,24654.50621264732,24647.486547942008,11.011771929961537,24647.55078125,-0.0001277220362822492,1
2025-08-06 04:01:00+00:00,24647.55078125,24655.05078125,24645.150390625,24649.94921875,0.0,45.36480590303101,0.5396222155359283,2.1152490220280664,24653.84379060948,24647.48906689526,10.932387551035712,24641.400390625,-0.00024953354106399707,1
2025-08-06 04:02:00+00:00,24641.400390625,24648.5,24639.94921875,24648.5,0.0,41.015407767602014,-0.4768586210993817,1.5968274934025768,24652.658704896672,24647.25029527682,10.762272815247446,24641.69921875,1.2127075582672295e-05,1
2025-08-06 04:03:00+00:00,24641.69921875,24644.900390625,24639.30078125,24640.400390625,0.0,41.30983561675044,-1.2439743136710604,1.0286671319878495,24651.614944311277,24647.032606001256,10.393511140944057,24644.349609375,0.00010755713725225993,1
2025-08-06 04:04:00+00:00,24644.349609375,24648.19921875,24640.44921875,24641.650390625,0.0,43.98069557500197,-1.619387364102295,0.4990562327698207,24650.92300765068,24646.927390447287,10.204688916590907,24636.25,-0.00032865989581314873,1
2025-08-06 04:05:00+00:00,24636.25,24644.19921875,24630.150390625,24643.849609375,0.0,38.251735376715175,-2.541182526245393,-0.108991519033222,24649.52557835061,24646.508669253275,10.49001247612013,24631.849609375,-0.00017861446547262673,1
2025-08-06 04:06:00+00:00,24631.849609375,24636.30078125,24630.5,24636.30078125,0.0,35.542924351981,-3.585455680044106,-0.8042843512353989,24647.842152733887,24645.93380416001,10.15506738854012,24623.69921875,-0.00033088829114553877,1
2025-08-06 04:07:00+00:00,24623.69921875,24632.900390625,24619.599609375,24631.69921875,0.0,31.14375735045408,-5.012932124704093,-1.646013905929138,24645.5428256878,24645.061859634126,10.379761235787257,24622.80078125,-3.6486698932541965e-05,1
2025-08-06 04:08:00+00:00,24622.80078125,24624.94921875,24620.150390625,24624.400390625,0.0,30.69278724766545,-6.145868146879366,-2.545984754119184,24643.376916693724,24644.18887616808,9.981123156445308,24622.150390625,-2.641416103627275e-05,1
2025-08-06 04:09:00+00:00,24622.150390625,24628.0,24618.44921875,24623.0,0.0,30.35017020642836,-7.015340713864134,-3.4398559460681737,24641.35534278241,24643.32462183306,9.950384448842073,24620.44921875,-6.909111706375286e-05,1
2025-08-06 04:10:00+00:00,24620.44921875,24622.849609375,24617.05078125,24622.849609375,0.0,29.424946156820027,-7.752310530286195,-4.302346862911778,24639.36428335076,24642.427547202355,9.653844711424782,24624.900390625,0.0001807916596261841,1
2025-08-06 04:11:00+00:00,24624.900390625,24625.19921875,24618.900390625,24621.0,0.0,35.0078191230303,-7.886283877560345,-5.019134265841491,24637.98676975783,24641.740207728733,9.414200669537296,24624.099609375,-3.251916707467646e-05,1
2025-08-06 04:12:00+00:00,24624.099609375,24625.19921875,24620.25,24625.0,0.0,34.4793857195133,-7.965256555602536,-5.6083587237937005,24636.664183054705,24641.048419558,9.095273389570346,24622.44921875,-6.702338973530044e-05,1
2025-08-06 04:13:00+00:00,24622.44921875,24624.30078125,24620.80078125,24622.94921875,0.0,33.36167207915972,-8.068012674513739,-6.1002895139377085,24635.310376930447,24640.31903913416,8.695611004601036,24621.05078125,-5.6795223236163266e-05,1
2025-08-06 04:14:00+00:00,24621.05078125,24622.5,24619.5,24622.25,0.0,32.40315613524635,-8.16813270870989,-6.513858152892145,24633.952320198976,24639.56342117792,8.288781647129534,24622.0,3.8553137249644574e-05,1
2025-08-06 04:15:00+00:00,24622.0,24627.44921875,24618.650390625,24620.849609375,0.0,33.79361873889037,-8.077769043662556,-6.826640331046228,24632.81400398955,24638.8746595631,8.325213538405995,24613.94921875,-0.0003269751137194379,1
2025-08-06 04:16:00+00:00,24613.94921875,24623.05078125,24613.94921875,24622.25,0.0,28.44859002809686,-8.557144516420522,-7.172741168121087,24631.01735777626,24637.89719129592,8.380667035662709,24612.599609375,-5.483107822339689e-05,1
2025-08-06 04:17:00+00:00,24612.599609375,24615.099609375,24608.19921875,24614.44921875,0.0,27.658814544812586,-8.942867420817493,-7.526766418660369,24629.263286499958,24636.90512925981,8.274933006329658,24613.44921875,3.4519286401440574e-05,1
2025-08-06 04:18:00+00:00,24613.44921875,24613.44921875,24606.349609375,24611.94921875,0.0,28.99518418103358,-9.075383849663922,-7.83648990486108,24627.75718480948,24635.98528963197,8.19098131837754,24609.650390625,-0.00015433952759884355,1
2025-08-06 04:19:00+00:00,24609.650390625,24613.400390625,24606.94921875,24613.400390625,0.0,26.62668564179133,-9.378824505030934,-8.14495682489505,24626.032728220485,24634.95254849445,8.07019693849343,24609.80078125,6.111042725632991e-06,1
2025-08-06 04:20:00+00:00,24609.80078125,24610.05078125,24606.5,24609.75,0.0,26.881328408875007,-9.497684746358573,-8.415502409187756,24624.48682850901,24633.96620468094,7.74738153217247,24620.05078125,0.0004165007303841886,1
2025-08-06 04:21:00+00:00,24620.05078125,24620.400390625,24607.900390625,24609.44921875,0.0,41.72559758730591,-8.664909325787448,-8.465383792507694,24624.064347817675,24633.42050180129,8.086854279874437,24642.55078125,0.0009138892604208365,2
2025-08-06 04:22:00+00:00,24642.55078125,24642.94921875,24618.650390625,24620.0,0.0,60.62342277514959,-6.118832750402362,-7.996073584086628,24625.824960525515,24633.778551975756,9.24485241166912,24637.349609375,-0.00021106467107120513,1
2025-08-06 04:23:00+00:00,24637.349609375,24643.400390625,24635.599609375,24642.400390625,0.0,56.09485956116393,-4.469221420680697,-7.290703151405442,24626.922546130227,24633.91859344239,9.141704471549897,24626.94921875,-0.0004221391825784071,1
2025-08-06 04:24:00+00:00,24626.94921875,24637.25,24623.69921875,24637.25,0.0,48.321734956967056,-3.955520384057309,-6.623666597935816,24626.925086379728,24633.64528463093,9.46375348251062,24620.099609375,-0.0002781347098318201,1
2025-08-06 04:25:00+00:00,24620.099609375,24628.69921875,24620.099609375,24627.30078125,0.0,43.997571453895006,-4.054378492011892,-6.109808976751031,24626.275040950703,24633.114081679712,9.40202890340272,24619.69921875,-1.626275406487538e-05,1
2025-08-06 04:26:00+00:00,24619.69921875,24621.25,24612.69921875,24620.75,0.0,43.75110862512312,-4.117567674969905,-5.711360716394807,24625.648772169687,24632.588008623647,9.34122549958824,24624.94921875,0.00021324387245160483,1
2025-08-06 04:27:00+00:00,24624.94921875,24626.05078125,24618.650390625,24619.150390625,0.0,47.87431071315146,-3.7013476026440912,-5.309358093644663,24625.58214803448,24632.28844823645,9.20259443711765,24618.44921875,-0.00026395993519656686,1
2025-08-06 04:28:00+00:00,24618.44921875,24625.5,24618.44921875,24624.5,0.0,43.61181860820476,-3.851587174438464,-5.017803909803424,24624.90282143596,24631.745733354623,9.048893495180677,24620.099609375,6.703877284613943e-05,1
2025-08-06 04:29:00+00:00,24620.099609375,24621.900390625,24617.900390625,24618.400390625,0.0,44.95199123198816,-3.793748416737799,-4.772992811190299,24624.445372668248,24631.289022610326,8.688258245524912,24627.19921875,0.0002883663952479122,1
2025-08-06 04:30:00+00:00,24627.19921875,24627.19921875,24619.55078125,24619.94921875,0.0,50.41186745288407,-3.1388489451273927,-4.446164037977718,24624.707643723654,24631.128638145216,8.613985335130275,24631.099609375,0.00015837735303779184,1
2025-08-06 04:31:00+00:00,24631.099609375,24641.5,24626.900390625,24626.900390625,0.0,53.16047059828805,-2.278838438076491,-4.012698917997473,24625.316402357115,24631.12749976207,9.041529909406684,24622.80078125,-0.00033692479250261854,1
2025-08-06 04:32:00+00:00,24622.80078125,24632.0,24619.599609375,24631.900390625,0.0,47.169601349169184,-2.241086142661516,-3.658376362930282,24625.076819394533,24630.80096178121,9.281448531949064,24596.19921875,-0.0010803629829250296,0
2025-08-06 04:33:00+00:00,24596.19921875,24623.400390625,24593.19921875,24623.400390625,0.0,33.95881626466169,-4.308030656022311,-3.788307221548688,24622.326571714104,24629.44403068194,10.77571448502413,24595.849609375,-1.42139593150428e-05,1
2025-08-06 04:34:00+00:00,24595.849609375,24595.900390625,24579.80078125,24595.150390625,0.0,33.82473705000919,-5.906226328530465,-4.211891042945044,24619.80495625324,24628.126602395398,11.177337557522408,24598.75,0.00011792195313694232,1
2025-08-06 04:35:00+00:00,24598.75,24598.75,24590.80078125,24596.44921875,0.0,36.079531563159705,-6.8596963203417545,-4.741452098424386,24617.79972232436,24626.97457877205,10.946757642699378,24595.75,-0.00012195741653539306,1
2025-08-06 04:36:00+00:00,24595.75,24613.80078125,24595.5,24598.25,0.0,34.760232038514104,-7.767860031075543,-5.346733684954617,24615.699748769657,24625.75008548687,11.47204504322085,24596.849609375,4.470729191018774e-05,1
2025-08-06 04:37:00+00:00,24596.849609375,24597.94921875,24592.400390625,24597.05078125,0.0,35.68849927530012,-8.303143557648582,-5.938015659493411,24613.90449739874,24624.61673348248,11.04895812049079,24600.150390625,0.00013419528526701724,1
2025-08-06 04:38:00+00:00,24600.150390625,24603.05078125,24596.25,24596.80078125,0.0,38.51651664296927,-8.364592334219196,-6.423330994438568,24612.594582467907,24623.6572690567,10.745516915455736,24603.099609375,0.0001198862081397654,1
2025-08-06 04:39:00+00:00,24603.099609375,24603.25,24598.05078125,24599.05078125,0.0,41.01242644233028,-8.082147659635666,-6.755094327477988,24611.690299316204,24622.851086324088,10.349352760780324,24594.400390625,-0.0003535822269599383,1
2025-08-06 04:40:00+00:00,24594.400390625,24603.30078125,24592.900390625,24602.55078125,0.0,36.32787163198216,-8.462709622173861,-7.096617386417163,24610.04364134561,24621.73537276726,10.3529983225103,24592.19921875,-8.94989038171084e-05,1
2025-08-06 04:41:00+00:00,24592.19921875,24599.849609375,24592.19921875,24593.349609375,0.0,35.23129287707036,-8.840021627042006,-7.445298234542132,24608.34417252698,24620.577092217565,10.15995491554528,24588.650390625,-0.00014430706637632646,1
2025-08-06 04:42:00+00:00,24588.650390625,24592.849609375,24585.80078125,24592.849609375,0.0,33.47676968836603,-9.31799285875968,-7.819837159385642,24606.4685742506,24619.32506470413,9.937731573363475,24593.599609375,0.00020128061814596405,1
2025-08-06 04:43:00+00:00,24593.599609375,24594.69921875,24586.900390625,24587.80078125,0.0,38.10606605827658,-9.191474318264229,-8.09416459116136,24605.24295854816,24618.31622331868,9.784952755623229,24605.400390625,0.0004798313966818253,1
2025-08-06 04:44:00+00:00,24605.400390625,24606.05078125,24591.75,24593.19921875,0.0,47.48922141222715,-8.046231096301199,-8.084577892189326,24605.25795207929,24617.809720075787,10.107511933792996,24599.650390625,-0.00023368853620406153,1
2025-08-06 04:45:00+00:00,24599.650390625,24606.25,24594.44921875,24605.849609375,0.0,43.98981246105284,-7.515955283121002,-7.970853370375662,24604.72389860745,24617.09758950909,10.228459742093497,24615.849609375,0.0006585141858834535,1
2025-08-06 04:46:00+00:00,24615.849609375,24616.94921875,24598.55078125,24598.55078125,0.0,54.223904227001775,-5.722599742501188,-7.521202644800768,24605.783490109123,24617.04864911168,10.81202958194396,24620.30078125,0.00018082544156041485,1
2025-08-06 04:47:00+00:00,24620.30078125,24620.30078125,24613.80078125,24615.55078125,0.0,56.57200656541408,-3.897255055493588,-6.796413126939332,24607.1660892654,24617.176183705345,10.504027468947964,24624.0,0.00015025075375265935,1
2025-08-06 04:48:00+00:00,24624.0,24625.94921875,24619.849609375,24620.55078125,0.0,58.47823276516742,-2.127634160482557,-5.862657333647977,24608.76931885917,24617.44378434435,10.18942617652311,24631.0,0.00028427550357374917,1
2025-08-06 04:49:00+00:00,24631.0,24632.25,24622.44921875,24622.5,0.0,61.88738307872252,-0.1585279417631682,-4.721831455271015,24610.886526586863,24617.97540064457,10.1616658246286,24633.599609375,0.00010554217754049775,1
2025-08-06 04:50:00+00:00,24633.599609375,24634.80078125,24630.25,24631.099609375,0.0,63.09910228104875,1.5934019283631642,-3.4587847785441794,24613.049677328592,24618.588114712427,9.760888355012272,24646.69921875,0.0005317781234868566,1
2025-08-06 04:51:00+00:00,24646.69921875,24649.44921875,24632.69921875,24634.25,0.0,68.52886190203084,3.992821213469142,-1.9684635801415151,24616.2543955592,24619.6905109492,10.260110615368538,24641.5,-0.00021094990058728388,1
2025-08-06 04:52:00+00:00,24641.5,24647.25,24639.75,24646.900390625,0.0,64.47385376689289,5.41245338882436,-0.4922801863483399,24618.65873883928,24620.54578502962,10.062959857127929,24632.5,-0.0003652375058336546,1
2025-08-06 04:53:00+00:00,24632.5,24641.80078125,24630.05078125,24641.30078125,0.0,58.06843623743857,5.745071721212298,0.7551901951637876,24619.97695418792,24621.01457777356,10.183462724475932,24633.19921875,2.8386024561047395e-05,1
2025-08-06 04:54:00+00:00,24633.19921875,24634.80078125,24631.0,24631.94921875,0.0,58.41410892432825,5.9959773608752585,1.8033476283060816,24621.236217479545,24621.492406831458,9.727556904870507,24623.099609375,-0.00040999990643978155,1
2025-08-06 04:55:00+00:00,24623.099609375,24632.650390625,24621.849609375,24631.80078125,0.0,51.774857529962375,5.31855878242277,2.50638985912942,24621.41368337435,24621.555434382182,9.843417795594045,24606.650390625,-0.0006680401334906318,1
2025-08-06 04:56:00+00:00,24606.650390625,24623.44921875,24606.650390625,24622.599609375,0.0,43.16892438881544,3.415018984120252,2.6881156841275864,24620.007655493457,24620.970922862296,10.340232819123042,24608.349609375,6.905526445189764e-05,1
2025-08-06 04:57:00+00:00,24608.349609375,24610.19921875,24605.55078125,24606.44921875,0.0,44.20072623526839,2.0202742676847265,2.5545474008390148,24618.897365386936,24620.47596939221,9.933676010614253,24606.75,-6.500270844618526e-05,1
2025-08-06 04:58:00+00:00,24606.75,24611.900390625,24606.75,24608.75,0.0,43.40187077677013,0.7768983229798323,2.1990175852671787,24617.740473445323,24619.937696082707,9.592012768784665,24602.5,-0.00017271683582756764,1
2025-08-06 04:59:00+00:00,24602.5,24607.69921875,24602.05078125,24607.099609375,0.0,41.26779545399655,-0.5451415006282332,1.6501857680880965,24616.28899978386,24619.25386486377,9.310328821014332,24599.94921875,-0.00010367975815465908,1
2025-08-06 05:00:00+00:00,24599.94921875,24603.75,24598.44921875,24602.69921875,0.0,39.9966538789062,-1.778196373816172,0.9645093397072428,24614.73283016159,24618.49681991814,9.02393256594188,24606.099609375,0.00025001639516849866,1
2025-08-06 05:01:00+00:00,24606.099609375,24606.099609375,24597.349609375,24600.5,0.0,44.44046340808979,-2.233371208953031,0.3249332299751881,24613.910618658105,24618.0106547988,9.004365954088888,24605.25,-3.4528405090106044e-05,1
2025-08-06 05:02:00+00:00,24605.25,24610.5,24603.44921875,24607.0,0.0,43.95617823642141,-2.632313252612221,-0.2665160665422937,24613.085797833523,24617.510236963557,8.86482418951111,24603.0,-9.144389916786051e-05,1
2025-08-06 05:03:00+00:00,24603.0,24606.69921875,24602.19921875,24604.94921875,0.0,42.63123162781919,-3.0943639904980955,-0.8320856513334541,24612.1252456589,24616.941208063025,8.553051033117459,24591.25,-0.0004775840344673414,1
2025-08-06 05:04:00+00:00,24591.25,24603.25,24590.44921875,24602.400390625,0.0,36.45193466162589,-4.358428084389743,-1.537354137944712,24610.13712702472,24615.933709707613,8.856460334323355,24570.400390625,-0.0008478466680221624,1
2025-08-06 05:05:00+00:00,24570.400390625,24591.0,24570.400390625,24591.0,0.0,28.54531615940718,-6.962339696878189,-2.622351249731407,24606.352675939037,24614.14808935143,9.71311383722883,24556.099609375,-0.0005820328941589637,1
2025-08-06 05:06:00+00:00,24556.099609375,24570.849609375,24544.55078125,24570.349609375,0.0,24.60336503152834,-10.063901547724528,-4.110661309330031,24601.5666695996,24611.871678371965,10.89780771492677,24573.650390625,0.000714721862559129,1
2025-08-06 05:07:00+00:00,24573.650390625,24574.94921875,24555.099609375,24555.099609375,0.0,36.2404225618767,-10.97914949015103,-5.484358945494231,24598.907976363924,24610.37280434267,11.537222119217716,24569.69921875,-0.00016078896754010127,1
2025-08-06 05:08:00+00:00,24569.69921875,24573.650390625,24568.900390625,24573.05078125,0.0,34.93321681257848,-11.886298774214085,-6.764746911238202,24596.126189924504,24608.77776177041,11.052420539273594,24569.099609375,-2.4404424720935005e-05,1
2025-08-06 05:09:00+00:00,24569.099609375,24572.30078125,24568.55078125,24569.5,0.0,34.72849513240804,-12.509403960881173,-7.913678321166796,24593.55222987217,24607.22175579412,10.530819072182624,24570.25,4.6822661118645045e-05,1
2025-08-06 05:10:00+00:00,24570.25,24573.150390625,24567.80078125,24569.0,0.0,35.50937361478225,-12.763265422392578,-8.883595741411954,24591.332969884344,24605.77188301789,10.160732665241008,24569.75,-2.034981329046306e-05,1
2025-08-06 05:11:00+00:00,24569.75,24572.0,24568.25,24570.0,0.0,35.31163702697191,-12.856595451525209,-9.678195683434604,24589.27744894298,24604.35926015444,9.702823189152364,24574.80078125,0.00020556909410962668,1
2025-08-06 05:12:00+00:00,24574.80078125,24577.19921875,24569.150390625,24569.94921875,0.0,39.00651990355432,-12.38029203615588,-10.21861495397886,24587.898718686505,24603.20010411897,9.584680684570056,24567.5,-0.00029708404617344146,1
2025-08-06 05:13:00+00:00,24567.5,24574.849609375,24564.349609375,24574.849609375,0.0,35.82148927550007,-12.448432399767626,-10.664578443136614,24585.955983573505,24601.80010003588,9.650060635672194,24564.599609375,-0.00011805802889996947,1
2025-08-06 05:14:00+00:00,24564.599609375,24568.650390625,24563.30078125,24567.55078125,0.0,34.61234191236383,-12.591326439352995,-11.049928042379891,24583.922043173647,24600.341257264863,9.34288554562418,24555.25,-0.0003806131393825671,1
2025-08-06 05:15:00+00:00,24555.25,24565.0,24555.150390625,24564.05078125,0.0,30.98185653980913,-13.305627344281676,-11.501067902760248,24581.1913723952,24598.572972666243,9.37908010486531,24563.05078125,0.00031768282750124717,1
2025-08-06 05:16:00+00:00,24563.05078125,24565.05078125,24554.94921875,24555.349609375,0.0,36.926301626112256,-13.091349180398538,-11.819124158287908,24579.46369704804,24597.17994555188,9.430685990232073,24564.5,5.89999492695854e-05,1
2025-08-06 05:17:00+00:00,24564.5,24564.5,24561.55078125,24562.849609375,0.0,37.99475845309897,-12.658671069886624,-11.987033540607651,24578.038583043468,24595.89837905965,8.96772404450121,24570.19921875,0.00023201037065684218,1
2025-08-06 05:18:00+00:00,24570.19921875,24571.80078125,24563.25,24563.75,0.0,42.14537693440077,-11.72078135573247,-11.933783103632615,24577.29197692028,24594.89056885143,8.937942416322553,24564.349609375,-0.0002380774092599155,1
2025-08-06 05:19:00+00:00,24564.349609375,24571.80078125,24562.849609375,24570.849609375,0.0,39.241823551912816,-11.31903282491112,-11.810833047888316,24576.0593704874,24593.69288416608,8.938887377656657,24561.599609375,-0.00011195085739011225,1
2025-08-06 05:20:00+00:00,24561.599609375,24565.69921875,24560.19921875,24564.849609375,0.0,37.91921972121868,-11.094653972279048,-11.667597232766465,24574.68225038145,24592.434324370355,8.693252564966896,24561.150390625,-1.828947451079433e-05,1
2025-08-06 05:21:00+00:00,24561.150390625,24562.55078125,24557.349609375,24561.900390625,0.0,37.69571717737689,-10.828258885772811,-11.499729563367731,24573.39350183322,24591.207503439167,8.44381822996926,24566.599609375,0.00022186333552519464,1
2025-08-06 05:22:00+00:00,24566.599609375,24566.599609375,24560.69921875,24561.30078125,0.0,42.15009240762559,-10.06145031217602,-11.21207371312939,24572.74646445625,24590.24248798567,8.262144829614313,24566.599609375,0.0,1
2025-08-06 05:23:00+00:00,24566.599609375,24569.400390625,24564.69921875,24566.55078125,0.0,42.15009240762559,-9.346013961785502,-10.838861762860612,24572.161049686605,24589.31531627545,8.007789618570433,24563.650390625,-0.00012004993759390826,1
2025-08-06 05:24:00+00:00,24563.650390625,24567.19921875,24557.099609375,24566.849609375,0.0,40.33981588225622,-8.914244938408956,-10.453938397970283,24571.35051072836,24588.30884860288,8.15720531545826,24557.0,-0.0002707411365673157,1
2025-08-06 05:25:00+00:00,24557.0,24563.5,24556.099609375,24563.5,0.0,36.52986554465095,-9.00489301908965,-10.164129322194157,24569.98379542089,24587.081050618453,8.11388931078267,24554.400390625,-0.00010586021806409577,1
2025-08-06 05:26:00+00:00,24554.400390625,24556.94921875,24552.0,24556.94921875,0.0,35.13302581046558,-9.180669978093649,-9.967437453374057,24568.49966163081,24585.799456108907,7.891468645726765,24553.5,-3.6669216542700584e-05,1
2025-08-06 05:27:00+00:00,24553.5,24558.5,24552.80078125,24554.80078125,0.0,34.63897558744857,-9.285589981835074,-9.831067959066258,24567.071122427875,24584.532810771303,7.734879367460567,24555.650390625,8.757980023214613e-05,1
2025-08-06 05:28:00+00:00,24555.650390625,24557.599609375,24548.650390625,24553.80078125,0.0,36.92044800227676,-9.090432442240854,-9.682940855701178,24565.983433684745,24583.400166844,7.821617894784812,24556.44921875,3.253133646604536e-05,1
2025-08-06 05:29:00+00:00,24556.44921875,24558.400390625,24552.849609375,24555.900390625,0.0,37.78917438144518,-8.770212383384205,-9.500395161237783,24565.07541321477,24582.343266918742,7.659415277300183,24563.0,0.00026676418856998966,1
2025-08-06 05:30:00+00:00,24563.0,24563.0,24551.25,24556.69921875,0.0,44.53503807765308,-7.896812837178004,-9.179678696425828,24564.87775481336,24581.58470743173,7.951599900350169,24554.0,-0.00036640475511948866,1
2025-08-06 05:31:00+00:00,24554.0,24561.94921875,24553.099609375,24561.400390625,0.0,38.37780218621252,-7.840481992290734,-8.91183935559881,24563.84177816447,24580.50295419912,8.090799237825157,24559.94921875,0.00024229122546224648,1
2025-08-06 05:32:00+00:00,24559.94921875,24559.94921875,24552.69921875,24554.349609375,0.0,43.89927050744229,-7.232416364618984,-8.575954757402844,24563.471058220235,24579.696925357974,8.030742149409075,24556.849609375,-0.00012620585439295778,1
2025-08-06 05:33:00+00:00,24556.849609375,24560.05078125,24556.25,24559.69921875,0.0,41.79789565990647,-6.920853257586714,-8.244934457439618,24562.840444044497,24578.800952182173,7.72860208516557,24561.0,0.0001690115259497911,1
2025-08-06 05:34:00+00:00,24561.0,24562.05078125,24556.55078125,24557.0,0.0,45.55595231354008,-6.266795693583845,-7.849306704668463,24562.66516365931,24578.10287562601,7.569416221939457,24559.05078125,-7.936235291722649e-05,1
2025-08-06 05:35:00+00:00,24559.05078125,24562.30078125,24558.25,24561.0,0.0,44.11526472205383,-5.8384341896671685,-7.447132201668205,24562.320936763183,24577.355734670087,7.31808515251521,24554.05078125,-0.00020359093046940275,1
2025-08-06 05:36:00+00:00,24554.05078125,24560.5,24553.0,24558.900390625,0.0,40.57093730187975,-5.835148861078778,-7.12473553355032,24561.533302904783,24576.441814928123,7.331079070192695,24554.44921875,1.6226955932837584e-05,1
2025-08-06 05:37:00+00:00,24554.44921875,24555.5,24553.400390625,24554.55078125,0.0,40.97788127956318,-5.734293274737865,-6.84664708178783,24560.858628223377,24575.57936017604,6.957402663393217,24555.599609375,4.685059781840072e-05,1
2025-08-06 05:38:00+00:00,24555.599609375,24557.599609375,24553.80078125,24554.400390625,0.0,42.20835019940399,-5.498158240996418,-6.576949313629548,24560.35776928544,24574.795840536783,6.7317901963651305,24550.0,-0.00022803798172625945,1
2025-08-06 05:39:00+00:00,24550.0,24554.80078125,24549.650390625,24554.80078125,0.0,38.05011622639841,-5.69718757220835,-6.400996965345309,24559.371315067776,24573.82345463338,6.675892235910479,24550.849609375,3.460730651731161e-05,1
2025-08-06 05:40:00+00:00,24550.849609375,24551.80078125,24548.19921875,24549.44921875,0.0,39.03155210733651,-5.720421912083111,-6.26488195469287,24558.559724049417,24572.92251952521,6.456297254774016,24552.650390625,7.33490399986953e-05,1
2025-08-06 05:41:00+00:00,24552.650390625,24553.80078125,24550.44921875,24551.099609375,0.0,41.15932574481351,-5.529783395893901,-6.117862242933077,24557.99693038995,24572.127534078147,6.234530486575872,24557.099609375,0.00018121134293912547,1
2025-08-06 05:42:00+00:00,24557.099609375,24558.900390625,24550.0,24551.30078125,0.0,46.1589913065608,-4.962481827413285,-5.88678615982912,24557.911471245665,24571.53820369763,6.424949067891881,24555.650390625,-5.901424732775614e-05,1
2025-08-06 05:43:00+00:00,24555.650390625,24558.400390625,24553.349609375,24557.44921875,0.0,44.82301352897655,-4.577069480859791,-5.6248428240352535,24557.696130234173,24570.915152204587,6.326794223756747,24561.099609375,0.00022191302870480818,1
2025-08-06 05:44:00+00:00,24561.099609375,24561.94921875,24555.75,24555.849609375,0.0,50.61136542156781,-3.788252391892456,-5.257524737606694,24558.020271104728,24570.53022895637,6.324796645274122,24560.599609375,-2.035739474014223e-05,1
2025-08-06 05:45:00+00:00,24560.599609375,24561.900390625,24558.94921875,24561.55078125,0.0,50.09210327939413,-3.166948377554945,-4.839409465596345,24558.26592236856,24570.14079289435,6.083823447397399,24555.05078125,-0.00022592396819505836,1
2025-08-06 05:46:00+00:00,24555.05078125,24560.30078125,24554.849609375,24560.30078125,0.0,44.62078740914332,-3.0867227081689634,-4.488872114110869,24557.959718452512,24569.549027731828,6.059978915440442,24556.0,3.86567618391901e-05,1
2025-08-06 05:47:00+00:00,24556.0,24560.900390625,24554.75,24554.900390625,0.0,45.71315015621063,-2.912970357989252,-4.173691762886546,24557.773078599894,24569.01769331097,6.066436894694696,24555.55078125,-1.829364513764457e-05,1
2025-08-06 05:48:00+00:00,24555.55078125,24557.849609375,24554.5,24556.05078125,0.0,45.25816907837928,-2.779478469867172,-3.894849104282671,24557.56143123324,24568.4895791125,5.8723777861450746,24551.25,-0.0001751449718360204,1
2025-08-06 05:49:00+00:00,24551.25,24555.75,24551.0,24555.75,0.0,41.04607571534879,-2.986298104868183,-3.713138904399774,24556.96034254436,24567.81351718652,5.792207944277569,24553.400390625,8.758782648541316e-05,1
2025-08-06 05:50:00+00:00,24553.400390625,24555.400390625,24550.30078125,24551.55078125,0.0,43.85947989223116,-2.942763260725769,-3.559063775664973,24556.62129950442,24567.248296537047,5.7427366179006,24560.400390625,0.0002850928950220983,1
2025-08-06 05:51:00+00:00,24560.400390625,24560.94921875,24551.599609375,24552.849609375,0.0,51.905485310317125,-2.316714442546072,-3.3105939090411933,24556.98121294448,24566.979751207164,6.0003703862648425,24558.099609375,-9.367849112420154e-05,1
2025-08-06 05:52:00+00:00,24558.099609375,24560.69921875,24555.400390625,24560.599609375,0.0,49.39944566479575,-1.983357155448175,-3.04514655832259,24557.08772689024,24566.631510351,5.950260224745925,24556.75,-5.49557741220656e-05,1
2025-08-06 05:53:00+00:00,24556.75,24559.349609375,24555.849609375,24558.05078125,0.0,47.93738151114221,-1.8072385797458992,-2.797564962607252,24557.055562424503,24566.24400014116,5.775241637264074,24555.5,-5.090250134891629e-05,1
2025-08-06 05:54:00+00:00,24555.5,24557.349609375,24553.69921875,24556.55078125,0.0,46.56280137135629,-1.7483737289294368,-2.587726715871689,24556.907413622168,24565.82266680229,5.6234665649594975,24555.849609375,1.4237518071307853e-05,1
2025-08-06 05:55:00+00:00,24555.849609375,24559.69921875,24554.849609375,24555.900390625,0.0,47.020376452527394,-1.654440989925206,-2.401069570682393,24556.806670360533,24565.431566511023,5.568191051390962,24555.349609375,-2.0361747117440753e-05,1
2025-08-06 05:56:00+00:00,24555.349609375,24556.150390625,24553.0,24555.599609375,0.0,46.408327418498494,-1.601878975146974,-2.2412314515753087,24556.667902647627,24565.036195642948,5.395491020934465,24565.80078125,0.0004256169039030844,1
2025-08-06 05:57:00+00:00,24565.80078125,24566.900390625,24554.55078125,24555.44921875,0.0,58.55272045867957,-0.7087311618561216,-1.9347313936314716,24557.53770060976,24565.066179392245,5.8922137605105736,24567.25,5.899334456486048e-05,1
2025-08-06 05:58:00+00:00,24567.25,24568.349609375,24564.5,24566.30078125,0.0,59.90939220591022,0.1147124230483314,-1.524842630295511,24558.46268150407,24565.15181941608,5.746313447259818,24569.400390625,8.753078285115346e-05,1
2025-08-06 05:59:00+00:00,24569.400390625,24570.599609375,24565.650390625,24567.05078125,0.0,61.90211860032724,0.9300943992784596,-1.0338552243807169,24559.50436808701,24565.318430051724,5.68937811174126,24566.0,-0.00013839941435027833,1
2025-08-06 06:00:00+00:00,24566.0,24572.75,24564.5,24568.75,0.0,57.0713184209733,1.2870708333684888,-0.5696700128308758,24560.12299969777,24565.345158284992,5.872279675188314,24559.94921875,-0.0002463071419848571,1
2025-08-06 06:01:00+00:00,24559.94921875,24567.19921875,24559.55078125,24566.400390625,0.0,49.646742618426806,1.06940234630747,-0.2418555410032066,24560.106449131315,24565.133552813037,5.999148091246291,24558.099609375,-7.530998368628295e-05,1
2025-08-06 06:02:00+00:00,24558.099609375,24559.44921875,24554.900390625,24559.19921875,0.0,47.60788959632368,0.7391302499381709,-0.0456583828149311,24559.91532153548,24564.857711893896,5.931268093657271,24556.94921875,-4.684363380303421e-05,1
2025-08-06 06:03:00+00:00,24556.94921875,24559.099609375,24556.69921875,24557.900390625,0.0,46.33339133190356,0.3801778710112558,0.0395088679503062,24559.63283555591,24564.54757490786,5.679062560181751,24557.25,1.2248315021572146e-05,1
2025-08-06 06:04:00+00:00,24557.25,24558.5,24556.349609375,24557.400390625,0.0,46.73489839309846,0.1186088092217687,0.0553288562045987,24559.4058988363,24564.26139549971,5.427014564811626,24553.650390625,-0.0001465803123313889,1
2025-08-06 06:05:00+00:00,24553.650390625,24558.849609375,24553.55078125,24557.099609375,0.0,42.62489953096535,-0.3748242099463823,-0.0307017570255974,24558.85775519713,24563.845277661487,5.417858390539367,24556.599609375,0.00012011325009034346,1
2025-08-06 06:06:00+00:00,24556.599609375,24557.44921875,24553.55078125,24554.05078125,0.0,46.75636733565455,-0.5218802168747061,-0.1289374489954192,24558.642693690257,24563.561133807118,5.309328326929412,24561.099609375,0.00018325012711784534,1
2025-08-06 06:07:00+00:00,24561.099609375,24562.0,24554.849609375,24556.599609375,0.0,52.38977706651226,-0.2721733252437843,-0.1575846242450922,24558.876685660234,24563.464603437227,5.440832776791597,24571.55078125,0.0004255172627128948,1
2025-08-06 06:08:00+00:00,24571.55078125,24578.44921875,24560.80078125,24560.80078125,0.0,62.35248022866371,0.7602793841542734,0.0259881774347809,24560.08374238307,24563.781708449493,6.312804542735054,24561.400390625,-0.00041309523828449347,1
2025-08-06 06:09:00+00:00,24561.400390625,24572.900390625,24560.400390625,24572.19921875,0.0,51.15611662701203,0.7507991563725227,0.1709503732223292,24560.20913745373,24563.68832343677,6.754747075396836,24566.19921875,0.0001953808841792138,1
2025-08-06 06:10:00+00:00,24566.19921875,24566.650390625,24561.349609375,24561.5,0.0,55.2475648133772,1.1176280117397257,0.3602859009258085,24560.779621386708,24563.786789919643,6.650892373582776,24562.75,-0.0001404050630415553,1
2025-08-06 06:11:00+00:00,24562.75,24565.900390625,24561.099609375,24565.900390625,0.0,51.883485399241216,1.1171416817633144,0.5116570570933097,24560.96727649273,24563.74613149142,6.5400864451125775,24558.599609375,-0.00016897092650456483,1
2025-08-06 06:12:00+00:00,24558.599609375,24563.55078125,24557.05078125,24561.94921875,0.0,48.08900908667956,0.772944402648136,0.563914526204275,24560.74178438628,24563.5443070947,6.537223127604536,24557.099609375,-6.107840120604393e-05,1
2025-08-06 06:13:00+00:00,24557.099609375,24560.69921875,24556.05078125,24558.349609375,0.0,46.75804595541528,0.3748075668445381,0.5260931343323276,24560.394910575684,24563.29157385079,6.402309868489927,24566.400390625,0.0003787410320414754,1
2025-08-06 06:14:00+00:00,24566.400390625,24566.650390625,24554.80078125,24557.400390625,0.0,55.0629982801398,0.8005483499946422,0.5809841774647906,24560.96686105657,24563.41348823409,6.791402690383504,24563.44921875,-0.00012013041504144102,1
2025-08-06 06:15:00+00:00,24563.44921875,24566.650390625,24560.650390625,24566.0,0.0,52.27655702831445,0.8895617672787921,0.6426996954275909,24561.203276074997,24563.4148894308,6.734873926784682,24566.5,0.00012420003489050917,1
2025-08-06 06:16:00+00:00,24566.5,24566.5,24560.25,24562.25,0.0,54.82174984891914,1.1925313333304075,0.7526660230081542,24561.70772597261,24563.535874159003,6.70024007487149,24571.849609375,0.00021776033928317016,1
2025-08-06 06:17:00+00:00,24571.849609375,24571.849609375,24564.05078125,24566.94921875,0.0,58.95545981864557,1.843060016610252,0.970744821728574,24562.673619629983,24563.861902991,6.7787106498806695,24577.94921875,0.0002482356628404884,1
2025-08-06 06:18:00+00:00,24577.94921875,24581.099609375,24570.19921875,24572.349609375,0.0,63.10107465326456,2.818308479101688,1.3402575532031968,24564.128438593794,24564.414346746256,7.073116362389193,24580.19921875,9.154547354518587e-05,1
2025-08-06 06:19:00+00:00,24580.19921875,24580.5,24575.55078125,24577.25,0.0,64.52447656694265,3.7297617362783058,1.8181583898182183,24565.658989084863,24565.03336133464,6.921409390075679,24582.900390625,0.00010989218805596667,1
2025-08-06 06:20:00+00:00,24582.900390625,24582.900390625,24579.30078125,24580.650390625,0.0,66.20971023856262,4.616836982084351,2.377894108271445,24567.30102732678,24565.73402914995,6.684137960427416,24585.400390625,0.00010169670625820079,1
2025-08-06 06:21:00+00:00,24585.400390625,24590.599609375,24582.69921875,24582.75,0.0,67.73729247604342,5.458655627862754,2.9940464121897072,24569.024776212325,24566.50525901172,6.771013150754029,24582.44921875,-0.0001200375762895996,1
2025-08-06 06:22:00+00:00,24582.44921875,24585.94921875,24580.349609375,24585.94921875,0.0,64.05590898585183,5.820572130935034,3.5593515559387727,24570.303294549245,24567.130512334792,6.687341452485883,24580.599609375,-7.524105342559725e-05,1
2025-08-06 06:23:00+00:00,24580.599609375,24582.5,24579.150390625,24582.30078125,0.0,61.78934987067045,5.890246453789587,4.025530535508936,24571.28389596122,24567.658712218723,6.448932018379749,24588.0,0.0003010663182592789,1
2025-08-06 06:24:00+00:00,24588.0,24588.400390625,24580.400390625,24580.400390625,0.0,66.84438572500875,6.4680538340435305,4.514035195215855,24572.875905869678,24568.456409778773,6.5597225884954815,24588.94921875,3.860495973645681e-05,1
2025-08-06 06:25:00+00:00,24588.94921875,24589.900390625,24585.849609375,24587.19921875,0.0,67.43940158063246,6.922763062630111,4.995780768698706,24574.40669757256,24569.260049346278,6.380512492888662,24589.400390625,1.8348562640324804e-05,1
2025-08-06 06:26:00+00:00,24589.400390625,24589.849609375,24584.650390625,24589.0,0.0,67.73578435964082,7.236115763796988,5.443847767718363,24575.83466833946,24570.049866651323,6.296134368396615,24585.0,-0.0001789547754355857,1
2025-08-06 06:27:00+00:00,24585.0,24588.75,24582.349609375,24588.150390625,0.0,61.824832387245344,7.048128847178305,5.764703983610352,24576.70755706904,24570.63614639049,6.350037717082572,24562.900390625,-0.0008989062182224933,0
2025-08-06 06:28:00+00:00,24562.900390625,24583.69921875,24558.30078125,24583.69921875,0.0,42.001330874168765,5.057593291738158,5.623281845235914,24575.392588836272,24570.332783419293,7.803550648005245,24580.349609375,0.0007103891833824274,1
2025-08-06 06:29:00+00:00,24580.349609375,24583.30078125,24562.55078125,24562.55078125,0.0,54.42658021777122,4.832380967200152,5.465101669628761,24575.86468603044,24570.72560012344,8.728297030290584,24579.099609375,-5.085362982482752e-05,1
2025-08-06 06:30:00+00:00,24579.099609375,24581.25,24577.30078125,24580.25,0.0,53.54167301261248,4.501147596496594,5.272310855002328,24576.172773968014,24571.05399264311,8.386934295984114,24584.19921875,0.00020747746890837688,1
2025-08-06 06:31:00+00:00,24584.19921875,24584.19921875,24577.400390625,24579.099609375,0.0,56.639069880289306,4.597145588435524,5.137277801688967,24576.937197280586,24571.569491706123,8.27349814091382,24596.0,0.00048001487235751496,1
2025-08-06 06:32:00+00:00,24596.0,24596.0,24582.69921875,24583.849609375,0.0,62.81691773416849,5.561341430115135,5.222090527374201,24578.75270230148,24572.527550854906,8.632589791562832,24598.94921875,0.00011990643803870549,1
2025-08-06 06:33:00+00:00,24598.94921875,24599.650390625,24594.599609375,24595.349609375,0.0,64.19008310234221,6.488653725675249,5.475403167034411,24580.676180058483,24573.563694693927,8.376746324308344,24594.349609375,-0.00018698397781536337,1
2025-08-06 06:34:00+00:00,24594.349609375,24600.099609375,24593.19921875,24599.19921875,0.0,60.44114081447558,6.774315275179106,5.735185588663351,24581.97841142196,24574.37882860299,8.27129234578632,24592.349609375,-8.131949133705206e-05,1
2025-08-06 06:35:00+00:00,24592.349609375,24598.099609375,24591.099609375,24594.19921875,0.0,58.832165504874446,6.76137984786692,5.9404244405040645,24582.96614456035,24575.08356510385,8.180485749658725,24594.19921875,7.521076287460141e-05,1
2025-08-06 06:36:00+00:00,24594.19921875,24595.0,24590.30078125,24591.44921875,0.0,59.89543950360272,6.821739678627637,6.11668748812878,24584.03596114984,24575.83319858017,7.931823821111673,24599.25,0.00020536473682580448,1
2025-08-06 06:37:00+00:00,24599.25,24599.349609375,24593.19921875,24593.75,0.0,62.72650860992448,7.1942008459918725,6.332190159701399,24585.48491723081,24576.751504518204,7.8045785928179825,24589.099609375,-0.0004126300852668272,1
2025-08-06 06:38:00+00:00,24589.099609375,24599.05078125,24588.150390625,24599.05078125,0.0,54.41326719567132,6.594312185425224,6.384614564846164,24585.82917362549,24577.23574392436,8.039937934402413,24593.19921875,0.00016672466418562787,1
2025-08-06 06:39:00+00:00,24593.19921875,24594.44921875,24587.44921875,24588.55078125,0.0,56.89789944693161,6.37619945636834,6.382931543150599,24586.53108268497,24577.861762544973,7.96565665337367,24590.099609375,-0.00012603522410524124,1
2025-08-06 06:40:00+00:00,24590.099609375,24593.650390625,24588.849609375,24593.05078125,0.0,54.48015093664731,5.885387887094112,6.283422811939302,24586.870942369736,24578.34167810693,7.739594124561265,24588.69921875,-5.694936772302052e-05,1
2025-08-06 06:41:00+00:00,24588.69921875,24591.55078125,24584.80078125,24589.44921875,0.0,53.37659918838254,5.322066888238624,6.091151627199167,24587.045063929763,24578.74785617137,7.668908829949745,24587.599609375,-4.472011167477692e-05,1
2025-08-06 06:42:00+00:00,24587.599609375,24589.150390625,24585.849609375,24588.44921875,0.0,52.47771601944217,4.732350065623905,5.819391314884115,24587.09787778169,24579.094983747986,7.356899717096192,24589.5,7.729061214561996e-05,1
2025-08-06 06:43:00+00:00,24589.5,24592.650390625,24587.44921875,24587.599609375,0.0,53.9219435838214,4.367989413251053,5.529110934557503,24587.32665132629,24579.503023601,7.202919156946464,24587.94921875,-6.306680697045486e-05,1
2025-08-06 06:44:00+00:00,24587.94921875,24590.30078125,24585.80078125,24589.349609375,0.0,52.51929286081948,3.9090349629514094,5.205095740236285,24587.385943461883,24579.83424694018,7.009853502878859,24587.599609375,-1.4218728527932652e-05,1
2025-08-06 06:45:00+00:00,24587.599609375,24589.150390625,24586.19921875,24587.900390625,0.0,52.18969380191914,3.477018791487353,4.859480350486499,24587.406292596464,24580.138770957237,6.719947672316083,24594.349609375,0.0002745286285460047,1
2025-08-06 06:46:00+00:00,24594.349609375,24595.05078125,24586.599609375,24586.849609375,0.0,57.708279966393526,3.637381975768221,4.615060675542844,24588.067560861087,24580.69605873833,6.843606543936363,24597.25,0.00011792914515187725,1
2025-08-06 06:47:00+00:00,24597.25,24597.25,24591.19921875,24594.25,0.0,59.85265403329126,3.952941193070728,4.482636779048421,24588.942078874315,24581.34523290545,6.786976165798051,24602.75,0.00022360223195682445,1
2025-08-06 06:48:00+00:00,24602.75,24603.05078125,24596.44921875,24596.900390625,0.0,63.619711274799926,4.5938728739383805,4.504883998026413,24590.25711898152,24582.184635536607,6.7737323325267615,24607.25,0.00018290638241659976,1
2025-08-06 06:49:00+00:00,24607.25,24607.900390625,24601.55078125,24602.80078125,0.0,66.39780878637325,5.402649856114294,4.6844371696439895,24591.875488602327,24583.16759100576,6.743437835560564,24611.25,0.00016255371892430077,1
2025-08-06 06:50:00+00:00,24611.25,24611.69921875,24606.30078125,24606.69921875,0.0,68.6867844363226,6.293826695644384,5.006315074844069,24593.720680164013,24584.26886194671,6.647366383020524,24624.75,0.0005485296358372695,1
2025-08-06 06:51:00+00:00,24624.75,24633.599609375,24610.44921875,24611.19921875,0.0,74.90102452807777,7.997240724387666,5.604500204752789,24596.675853481727,24585.856357556644,7.8261538288762,24617.0,-0.0003147240073503284,1
2025-08-06 06:52:00+00:00,24617.0,24624.849609375,24615.05078125,24624.849609375,0.0,66.71561400452862,8.62245410047035,6.208090983896302,24598.611486483467,24587.07767686815,7.967059135742185,24615.05078125,-7.918181541211358e-05,1
2025-08-06 06:53:00+00:00,24615.05078125,24619.349609375,24614.0,24616.900390625,0.0,64.79758535078204,8.858538821328693,6.73818055138278,24600.177133604087,24588.17466135371,7.780098438546315,24612.69921875,-9.553352218924746e-05,1
2025-08-06 06:54:00+00:00,24612.69921875,24615.599609375,24610.0,24614.69921875,0.0,62.464443687381525,8.754964442268829,7.14153732955999,24601.369713141798,24589.136408702587,7.624349219721579,24612.44921875,-1.0157358109245878e-05,1
2025-08-06 06:55:00+00:00,24612.44921875,24614.55078125,24612.150390625,24612.150390625,0.0,62.207997248637305,8.554101729991089,7.42405020964621,24602.4249041521,24590.050636547585,7.251209320098609,24612.55078125,4.126468645900901e-06,1
2025-08-06 06:56:00+00:00,24612.55078125,24615.099609375,24606.099609375,24612.400390625,0.0,62.27575553342779,8.307349870170583,7.600710141751085,24603.38927339952,24590.932995163366,7.376122940091565,24610.400390625,-8.73696775320899e-05,1
2025-08-06 06:57:00+00:00,24610.400390625,24617.599609375,24609.900390625,24612.44921875,0.0,59.82979919562629,7.847813977205078,7.650130908841884,24604.056998849563,24591.696422436373,7.399201212227881,24610.19921875,-8.174262580328994e-06,1
2025-08-06 06:58:00+00:00,24610.19921875,24613.30078125,24608.349609375,24609.900390625,0.0,59.5939867489678,7.382297057047253,7.596564138482958,24604.641972173413,24592.42202229181,7.224341973854462,24616.5,0.0002560231712874378,1
2025-08-06 06:59:00+00:00,24616.5,24616.5,24608.900390625,24609.849609375,0.0,64.33530892892837,7.436073506418323,7.564466012070031,24605.771308156895,24593.36625671174,7.251146788222001,24615.900390625,-2.4358027136270386e-05,1
2025-08-06 07:00:00+00:00,24615.900390625,24618.599609375,24613.75,24615.599609375,0.0,63.57082213231477,7.345632386903162,7.520699287036658,24606.73598267767,24594.24994823775,7.079608401563286,24616.349609375,1.8249129338006486e-05,1
2025-08-06 07:01:00+00:00,24616.349609375,24616.349609375,24612.900390625,24615.44921875,0.0,63.91676170827412,7.226898163502483,7.461939062329823,24607.65156617265,24595.11660161568,6.820294855023051,24617.30078125,3.8639842628728003e-05,1
2025-08-06 07:02:00+00:00,24617.30078125,24618.44921875,24614.94921875,24615.94921875,0.0,64.68154498787545,7.127391919661022,7.395029633796063,24608.57053903716,24595.98656944448,6.583130936807119,24621.25,0.0001604245235939092,1
2025-08-06 07:03:00+00:00,24621.25,24621.69921875,24616.849609375,24617.599609375,0.0,67.73891962564133,7.28324474092733,7.372672655222317,24609.778106747908,24596.977292211363,6.45930796810661,24620.19921875,-4.2677818957201606e-05,1
2025-08-06 07:04:00+00:00,24620.19921875,24623.30078125,24619.55078125,24621.349609375,0.0,66.09934965451907,7.238528706406214,7.345843865459097,24610.77059360525,24597.88795599719,6.26578597038471,24619.5,-2.84002068296627e-05,1
2025-08-06 07:05:00+00:00,24619.5,24622.30078125,24619.5,24620.349609375,0.0,64.97239612614197,7.065226286696998,7.289720349706678,24611.601965642847,24598.73548713456,6.018285633214374,24613.30078125,-0.00025180116371169195,1
2025-08-06 07:06:00+00:00,24613.30078125,24619.25,24612.599609375,24619.25,0.0,55.87648013235402,6.35440806571205,7.102657892907753,24611.763757605437,24599.306675139083,6.081293132627633,24608.69921875,-0.00018695430332145427,1
2025-08-06 07:07:00+00:00,24608.69921875,24612.900390625,24607.099609375,24612.900390625,0.0,50.252680529362,5.358008085557231,6.753727931437648,24611.471896762057,24599.675010182647,6.089855899939946,24600.94921875,-0.00031492928297872306,1
2025-08-06 07:08:00+00:00,24600.94921875,24608.5,24599.849609375,24608.30078125,0.0,42.49518428564017,3.898059291012032,6.182594203352526,24610.46973695139,24599.724979146074,6.286981148158522,24597.69921875,-0.00013210872357408718,1
2025-08-06 07:09:00+00:00,24597.69921875,24603.25,24596.80078125,24601.400390625,0.0,39.72569203135642,2.4505431780089566,5.436183998283812,24609.253497122685,24599.645537561915,6.298569548290056,24599.05078125,5.49467040791258e-05,1
2025-08-06 07:10:00+00:00,24599.05078125,24600.099609375,24596.099609375,24597.80078125,0.0,41.43506013338217,1.3963398908636009,4.62821517679977,24608.281809896715,24599.622213784976,6.13438600912648,24598.55078125,-2.0325987553190966e-05,1
2025-08-06 07:11:00+00:00,24598.55078125,24602.19921875,24595.55078125,24599.25,0.0,40.97213526187084,0.5145983993315895,3.805491821306134,24607.355045263696,24599.580196822822,6.171103972760302,24599.5,3.858840134287637e-05,1
2025-08-06 07:12:00+00:00,24599.5,24600.5,24596.80078125,24598.44921875,0.0,42.29030787986133,-0.1063679219514597,3.023119872654616,24606.60694571477,24599.57705184938,5.994540742563138,24599.25,-1.0162808187158276e-05,1
2025-08-06 07:13:00+00:00,24599.25,24600.94921875,24597.55078125,24599.25,0.0,42.02412977709353,-0.6116108469213941,2.296173728739414,24605.906284218127,24599.56422628666,5.809104796665771,24600.099609375,3.453801945181256e-05,1
2025-08-06 07:14:00+00:00,24600.099609375,24603.30078125,24598.400390625,24599.19921875,0.0,43.329555212210025,-0.9327114123880164,1.6503967005139282,24605.3532675664,24599.58522170189,5.744196641546787,24605.55078125,0.00022159145538266765,1
2025-08-06 07:15:00+00:00,24605.55078125,24606.650390625,24599.400390625,24600.599609375,0.0,50.95940195807464,-0.7388054219409241,1.1725562760229578,24605.37207839341,24599.819165213583,5.851754024293444,24606.75,4.8737732419053694e-05,1
2025-08-06 07:16:00+00:00,24606.75,24608.599609375,24604.55078125,24605.55078125,0.0,52.47530610069615,-0.4828011653553403,0.8414847877472982,24605.50330902261,24600.090962656188,5.72297360291534,24609.30078125,0.00010366185091489124,1
2025-08-06 07:17:00+00:00,24609.30078125,24610.650390625,24605.80078125,24606.69921875,0.0,55.61786658930762,-0.0732448969174583,0.6585388508143469,24605.864973044267,24600.452132012808,5.66059044377853,24608.5,-3.2539780675529025e-05,1
2025-08-06 07:18:00+00:00,24608.5,24609.5,24606.75,24608.75,0.0,54.4016751188914,0.1845872353005688,0.5637485277115913,24606.115927992432,24600.76773467897,5.452691126365778,24603.94921875,-0.00018492721011032772,1
2025-08-06 07:19:00+00:00,24603.94921875,24608.400390625,24603.55078125,24607.849609375,0.0,47.98057002423959,0.0214636239543324,0.4552915469601396,24605.90957473125,24600.89249876019,5.416728813768223,24598.0,-0.00024179934274397958,1
2025-08-06 07:20:00+00:00,24598.0,24603.94921875,24596.80078125,24603.099609375,0.0,41.14367046429867,-0.5811659276587307,0.2480000520363655,24605.156281899704,24600.779067436262,5.540422291356207,24590.900390625,-0.00028862547259939835,1
2025-08-06 07:21:00+00:00,24590.900390625,24598.849609375,24590.75,24598.349609375,0.0,34.77535500556992,-1.6130392196282628,-0.12420780229656,24603.79857796878,24600.391668345623,5.723221368759335,24587.30078125,-0.0001463797306247603,1
2025-08-06 07:22:00+00:00,24587.30078125,24590.75,24584.55078125,24590.75,0.0,32.06539010055093,-2.690253068383754,-0.6374168555139988,24602.22735923366,24599.87830022423,5.767963369205097,24584.94921875,-9.564134432329698e-05,1
2025-08-06 07:23:00+00:00,24584.94921875,24589.05078125,24583.44921875,24587.69921875,0.0,30.39877972968057,-3.691154909225588,-1.2481644662563167,24600.58182204474,24599.29284604877,5.756077592833305,24589.599609375,0.00018915599880325664,1
2025-08-06 07:24:00+00:00,24589.599609375,24590.5,24583.25,24584.900390625,0.0,37.335248938744,-4.062301487843797,-1.810991870573813,24599.53589702857,24598.912719120388,5.862786336202355,24596.30078125,0.0002725205770510033,1
2025-08-06 07:25:00+00:00,24596.30078125,24596.5,24588.80078125,24589.44921875,0.0,45.728654423259286,-3.7722253928805,-2.203238575035151,24599.227790763947,24598.81029018429,5.993960080045044,24597.0,2.842780124615411e-05,1
2025-08-06 07:26:00+00:00,24597.0,24597.0,24593.19921875,24596.05078125,0.0,46.53337416381001,-3.446191339644429,-2.451829127957007,24599.015620215,24598.73929841236,5.837304449327541,24601.19921875,0.00017072076879294222,1
2025-08-06 07:27:00+00:00,24601.19921875,24605.0,24595.25,24596.55078125,0.0,51.21208732053742,-2.8164983054630284,-2.5247629634582114,24599.22358198024,24598.835765876585,6.116782702947002,24603.30078125,8.54252055484465e-05,1
2025-08-06 07:28:00+00:00,24603.30078125,24604.19921875,24599.30078125,24601.0,0.0,53.409441451026105,-2.12340620397299,-2.4444916115611672,24599.6118866726,24599.01086451868,6.029758045593645,24608.0,0.00019099952448580564,1
2025-08-06 07:29:00+00:00,24608.0,24608.150390625,24600.94921875,24602.55078125,0.0,57.96807925934378,-1.1813205124490196,-2.1918573917387376,24600.410754608536,24599.3633796356,6.113430461979813,24606.75,-5.0796488946684e-05,1
2025-08-06 07:30:00+00:00,24606.75,24612.5,24605.650390625,24609.0,0.0,56.38759640758223,-0.5294719448720571,-1.8593803023654016,24601.014492264865,24599.65305102244,6.166014670052683,24608.349609375,6.500693407296778e-05,1
2025-08-06 07:31:00+00:00,24608.349609375,24609.25,24604.849609375,24606.900390625,0.0,57.96695357697782,0.1148736573049973,-1.464529510431322,24601.713074846783,24599.99409252646,6.039898666834634,24610.69921875,9.548016881655783e-05,1
2025-08-06 07:32:00+00:00,24610.69921875,24612.099609375,24607.44921875,24608.55078125,0.0,60.24433495726405,0.8058269577813917,-1.0104582167887797,24602.56889807566,24600.413901397973,5.940648092417874,24615.5,0.00019506886851644015,1
2025-08-06 07:33:00+00:00,24615.5,24616.099609375,24609.69921875,24610.80078125,0.0,64.47910413273218,1.720957227869803,-0.4641751278570629,24603.800431592263,24601.00551310785,5.973486844745168,24612.599609375,-0.00011782781682273365,1
2025-08-06 07:34:00+00:00,24612.599609375,24616.349609375,24610.80078125,24615.150390625,0.0,60.300053110369305,2.186957392721524,0.0660513762586545,24604.638448523958,24601.460183549705,5.943154079049085,24607.650390625,-0.00020108476262356415,1
2025-08-06 07:35:00+00:00,24607.650390625,24612.349609375,24606.55078125,24612.349609375,0.0,53.88247642914376,2.132325172675337,0.479306135541991,24604.925300152627,24601.702936768343,5.9507022251884365,24606.25,-5.690875003383174e-05,1
2025-08-06 07:36:00+00:00,24606.25,24608.599609375,24604.599609375,24607.599609375,0.0,52.18994236659203,1.9535100766515825,0.7741469237639094,24605.05146204285,24601.88125297351,5.811366351960691,24607.80078125,6.302387604775209e-05,1
2025-08-06 07:37:00+00:00,24607.80078125,24608.30078125,24605.19921875,24605.5,0.0,53.91627115454793,1.9148596016893864,1.0022894593490048,24605.313301967348,24602.11339133729,5.6178089339635,24605.80078125,-8.127504029225996e-05,1
2025-08-06 07:38:00+00:00,24605.80078125,24609.5,24605.80078125,24607.599609375,0.0,51.34150959132854,1.7032119691466503,1.142473961308534,24605.359728565694,24602.25799486328,5.480766777966108,24608.05078125,9.144185226902003e-05,1
2025-08-06 07:39:00+00:00,24608.05078125,24609.19921875,24604.400390625,24605.75,0.0,54.00276235384886,1.697468530903279,1.253472875227483,24605.616019297537,24602.48516295688,5.432056874182814,24611.94921875,0.00015842122298326847,1
2025-08-06 07:40:00+00:00,24611.94921875,24612.400390625,24607.05078125,24608.25,0.0,58.26217796498663,1.9846107826342632,1.3997004567088391,24606.219181150154,24602.85630239975,5.426167767098328,24612.25,1.2220943872696492e-05,1
2025-08-06 07:41:00+00:00,24612.25,24615.94921875,24610.44921875,24611.599609375,0.0,58.58086482793319,2.2109570820502995,1.5619517817771311,24606.79354485014,24603.2246826978,5.431441498019875,24614.44921875,8.935464047374783e-05,1
2025-08-06 07:42:00+00:00,24614.44921875,24615.400390625,24608.94921875,24612.19921875,0.0,60.92985782926741,2.5385340877801355,1.7572682429777322,24607.52265665013,24603.6648605822,5.504279382089884,24616.94921875,0.00010156635957125666,1
2025-08-06 07:43:00+00:00,24616.94921875,24620.69921875,24612.69921875,24614.349609375,0.0,63.46633086578884,2.965683775029902,1.9989513493881663,24608.420424469165,24604.185815804463,5.682545140512035,24618.099609375,4.673164878301742e-05,1
2025-08-06 07:44:00+00:00,24618.099609375,24620.25,24615.80078125,24616.30078125,0.0,64.6050498776323,3.358317297519534,2.27082453901444,24609.34225160305,24604.73145476801,5.594450398332604,24614.0,-0.0001665282633529843,1
2025-08-06 07:45:00+00:00,24614.0,24618.30078125,24611.150390625,24617.400390625,0.0,57.70263934780019,3.300630365880352,2.4767857043876225,24609.78584668848,24605.09492713005,5.705588985951705,24615.94921875,7.919146623872593e-05,1
2025-08-06 07:46:00+00:00,24615.94921875,24617.650390625,24613.349609375,24614.30078125,0.0,59.89654954315707,3.373313264273748,2.656091216364848,24610.37283450386,24605.52058562496,5.605245576240868,24618.0,8.331107737409197e-05,1
2025-08-06 07:47:00+00:00,24618.0,24619.55078125,24613.599609375,24616.349609375,0.0,62.12257180249846,3.55541132410508,2.8359552379128945,24611.09923121778,24606.009974423974,5.629954597580806,24617.5,-2.031034202615972e-05,1
2025-08-06 07:48:00+00:00,24617.5,24619.30078125,24613.849609375,24617.349609375,0.0,61.23019402321174,3.6176771963473584,2.9922996295997875,24611.708828244657,24606.46056366225,5.617184403110748,24616.900390625,-2.435703767644968e-05,1
2025-08-06 07:49:00+00:00,24616.900390625,24619.30078125,24615.75,24617.55078125,0.0,60.11496260540755,3.5774018219344725,3.109320068066725,24612.203262757077,24606.869968641186,5.469584177888551,24614.650390625,-9.140062169877735e-05,1
2025-08-06 07:50:00+00:00,24614.650390625,24618.099609375,24611.599609375,24617.05078125,0.0,55.99363790849905,3.3255917499955103,3.1525744044524826,24612.436322554026,24607.175083228787,5.543185308039369,24617.599609375,0.00011981558556376129,1
2025-08-06 07:51:00+00:00,24617.599609375,24618.650390625,24612.69921875,24615.0,0.0,59.87658352198509,3.3256714885028487,3.187193821262556,24612.928064156014,24607.583888175697,5.572327205679414,24615.69921875,-7.7196422687624e-05,1
2025-08-06 07:52:00+00:00,24615.69921875,24617.80078125,24614.69921875,24617.55078125,0.0,56.42185611617917,3.136236458973144,3.177002348804674,24613.19198364116,24607.902136433517,5.395844012416599,24611.94921875,-0.00015234180295571663,1
2025-08-06 07:53:00+00:00,24611.94921875,24616.400390625,24611.19921875,24615.44921875,0.0,50.259484623840684,2.6529328152246308,3.0721884420886654,24613.07362508009,24608.060845543965,5.381938859743984,24609.849609375,-8.530853677369304e-05,1
2025-08-06 07:54:00+00:00,24609.849609375,24612.849609375,24607.650390625,24611.69921875,0.0,47.154123563991206,2.0765530551325355,2.87306136469744,24612.766575965325,24608.130993145183,5.3688874233337005,24613.19921875,0.00013610848616173513,1
2025-08-06 07:55:00+00:00,24613.19921875,24614.0,24608.0,24609.900390625,0.0,52.225549801602064,1.868514355002844,2.6721519627585204,24612.807780040053,24608.329747090476,5.413966893095579,24614.75,6.300608207073854e-05,1
2025-08-06 07:56:00+00:00,24614.75,24614.80078125,24611.349609375,24613.55078125,0.0,54.40706201347801,1.8079365061275892,2.4993088714323344,24612.992753369574,24608.58152171437,5.273767248945894,24613.05078125,-6.903254146395962e-05,1
2025-08-06 07:57:00+00:00,24613.05078125,24615.400390625,24611.80078125,24614.44921875,0.0,51.62537292992253,1.6043217498154263,2.3203114471089528,24612.998279834377,24608.7567867942,5.154184543664044,24614.19921875,4.6659697337270734e-05,1
2025-08-06 07:58:00+00:00,24614.19921875,24615.30078125,24610.900390625,24613.599609375,0.0,53.360957167591245,1.5181248980043165,2.1598741372880257,24613.1126549692,24608.97021549835,5.100342120902327,24620.25,0.00024582482640307814,1
2025-08-06 07:59:00+00:00,24620.25,24622.25,24613.44921875,24614.44921875,0.0,61.24946016776953,1.915974587918754,2.1110942274141715,24613.792402114992,24609.41255998861,5.36465920155216,24625.30078125,0.00020514743960764006,1
2025-08-06 08:00:00+00:00,24625.30078125,24625.44921875,24619.69921875,24620.44921875,0.0,66.36373969680716,2.608757041976787,2.2106267903266947,24614.888438223086,24610.03562748906,5.392183544298434,24618.80078125,-0.00026395616677905425,1
2025-08-06 08:01:00+00:00,24618.80078125,24627.0,24618.80078125,24625.75,0.0,56.10192939494613,2.603287374451611,2.2891589071516782,24615.26104232089,24610.379359009097,5.592686058991403,24618.55078125,-1.0154840693556578e-05,1
2025-08-06 08:02:00+00:00,24618.55078125,24619.349609375,24612.94921875,24617.599609375,0.0,55.74489539851613,2.5493919098698825,2.341205507695319,24615.57435079033,24610.699806940112,5.650379242277731,24613.650390625,-0.00019905276588141977,1
2025-08-06 08:03:00+00:00,24613.650390625,24622.05078125,24613.25,24619.0,0.0,49.14299765540676,2.0871988674225577,2.290404179640767,24615.39111648887,24610.815516104227,5.875407957115036,24617.150390625,0.00014219751822480998,1
2025-08-06 08:04:00+00:00,24617.150390625,24620.400390625,24613.0,24613.599609375,0.0,53.38894540004263,1.980498348500987,2.228423013412811,24615.5586664066,24611.063942556026,5.984335290535391,24619.400390625,9.13996934777988e-05,1
2025-08-06 08:05:00+00:00,24619.400390625,24621.650390625,24615.150390625,24617.25,0.0,55.9358265112804,2.0538184735742107,2.1935021054450914,24615.924544903588,24611.390862088138,6.0211684840685775,24621.349609375,7.91740951880476e-05,1
2025-08-06 08:06:00+00:00,24621.349609375,24621.349609375,24614.650390625,24619.19921875,0.0,58.0731709082754,2.2433509109032457,2.2034718665367223,24616.441217710388,24611.781401197422,6.069600645920822,24620.94921875,-1.6261928421971815e-05,1
2025-08-06 08:07:00+00:00,24620.94921875,24621.849609375,24618.650390625,24619.849609375,0.0,57.45666492556508,2.334339740307769,2.229645441290932,24616.87055114273,24612.14092345439,5.864573367640763,24625.5,0.0001848337044021994,1
2025-08-06 08:08:00+00:00,24625.5,24626.44921875,24619.80078125,24620.650390625,0.0,62.34908793374981,2.74205040733068,2.332126434498881,24617.69240341485,24612.66480880912,5.92056366280928,24626.599609375,4.4653281151651745e-05,1
2025-08-06 08:09:00+00:00,24626.599609375,24628.80078125,24624.69921875,24624.94921875,0.0,63.44304343736495,3.11795153069761,2.4892914537386277,24618.540708744396,24613.21127157641,5.790635008322902,24625.5,-4.465128732516503e-05,1
2025-08-06 08:10:00+00:00,24625.5,24626.5,24620.599609375,24625.650390625,0.0,61.51812672915373,3.289210619881487,2.6492752869672,24619.203498387786,24613.693182494982,5.805589650585552,24619.099609375,-0.000259909062760147,1
2025-08-06 08:11:00+00:00,24619.099609375,24625.55078125,24617.599609375,24625.55078125,0.0,51.68778557304367,2.875331615738105,2.694486552721381,24619.193604196087,24613.90519923538,5.958845523758013,24587.05078125,-0.0013017871747346822,0
2025-08-06 08:12:00+00:00,24587.05078125,24619.05078125,24584.5,24619.05078125,0.0,27.763763900323823,-0.0383015469487872,2.147928932787348,24616.13238296313,24612.85208480458,8.004614370275297,24603.25,0.0006588516408138494,1
2025-08-06 08:13:00+00:00,24603.25,24604.400390625,24588.0,24589.75,0.0,42.30098135444502,-1.0283807166051702,1.512667002908844,24614.905489347595,24612.475532459302,8.672114013469919,24615.94921875,0.0005161602125735421,1
2025-08-06 08:14:00+00:00,24615.94921875,24617.599609375,24602.80078125,24602.80078125,0.0,50.68039096872764,-0.7793212402248173,1.0542693542821118,24615.004892147823,24612.611755451097,9.109736450007782,24606.80078125,-0.0003716467489716636,1
2025-08-06 08:15:00+00:00,24606.80078125,24616.0,24601.69921875,24615.400390625,0.0,45.54853974840452,-1.3050979041363462,0.5823959025984202,24614.22354825279,24612.38387410988,9.48052536429294,24610.55078125,0.0001523968935798205,1
2025-08-06 08:16:00+00:00,24610.55078125,24610.55078125,24603.30078125,24605.94921875,0.0,47.87835374798773,-1.403012978094921,0.1853141264597519,24613.873760919192,24612.311988115373,9.321202123986302,24607.5,-0.00012396233132353518,1
2025-08-06 08:17:00+00:00,24607.5,24610.900390625,24606.30078125,24610.75,0.0,46.14840629611038,-1.7071054807347537,-0.1931697949791491,24613.266736069745,24612.123282699085,8.98394549905871,24606.30078125,-4.873387178705679e-05,1
2025-08-06 08:18:00+00:00,24606.30078125,24607.44921875,24603.400390625,24607.44921875,0.0,45.45317399348703,-2.021564572765783,-0.558848750536476,24612.6033118012,24611.894949308924,8.63506434734023,24606.0,-1.2223749220735987e-05,1
2025-08-06 08:19:00+00:00,24606.0,24608.05078125,24605.19921875,24606.599609375,0.0,45.26896499844995,-2.268891829229688,-0.9008573662751184,24611.97442496299,24611.663774826226,8.221957072530213,24602.19921875,-0.00015446562830204015,1
2025-08-06 08:20:00+00:00,24602.19921875,24606.900390625,24600.900390625,24605.44921875,0.0,42.90283083952384,-2.740006653188175,-1.2686872236577298,24611.043452942708,24611.29261576441,8.06324585306377,24598.19921875,-0.00016258709087078248,1
2025-08-06 08:21:00+00:00,24598.19921875,24601.80078125,24595.349609375,24601.80078125,0.0,40.50343210681265,-3.3969768810384267,-1.6943451551338693,24609.820192543404,24610.779149214824,7.976557533202071,24603.55078125,0.00021755911692595637,1
2025-08-06 08:22:00+00:00,24603.55078125,24603.55078125,24597.75,24598.80078125,0.0,44.9401025289269,-3.4460798871186853,-2.0446921015308326,24609.22310575356,24610.49568380444,7.82114494154478,24603.05078125,-2.0322269921341703e-05,1
2025-08-06 08:23:00+00:00,24603.05078125,24604.25,24599.94921875,24603.099609375,0.0,44.60542464177177,-3.4851653775040177,-2.33278675672547,24608.635265324647,24610.20372684152,7.569690392148725,24599.650390625,-0.00013821012098188406,1
2025-08-06 08:24:00+00:00,24599.650390625,24603.150390625,24597.849609375,24603.150390625,0.0,42.29835891795207,-3.74732716053768,-2.615694837487912,24607.7795629723,24609.789870519307,7.407625453423816,24599.44921875,-8.177834717385545e-06,1
2025-08-06 08:25:00+00:00,24599.44921875,24600.05078125,24596.0,24599.94921875,0.0,42.1594307961585,-3.92606788473131,-2.8777694469365915,24606.98619685589,24609.38435476365,7.167850867464972,24601.599609375,8.741621025242085e-05,1
2025-08-06 08:26:00+00:00,24601.599609375,24602.55078125,24597.30078125,24598.75,0.0,44.2666820574575,-3.849824266824726,-3.0721804109142186,24606.47318852437,24609.079070630763,7.030861519788902,24602.25,2.64369242377294e-05,1
2025-08-06 08:27:00+00:00,24602.25,24603.44921875,24600.349609375,24601.400390625,0.0,44.92028953320627,-3.6943335845135152,-3.196611045634078,24606.07098009348,24608.81126393936,6.750057795161124,24606.19921875,0.00016052266560985276,1
2025-08-06 08:28:00+00:00,24606.19921875,24606.69921875,24601.25,24602.30078125,0.0,48.84335678239072,-3.2153723395713314,-3.200363304421529,24606.083193298866,24608.70883079468,6.657140720506758,24598.099609375,-0.0003291694626624039,1
2025-08-06 08:29:00+00:00,24598.099609375,24605.599609375,24597.94921875,24605.44921875,0.0,42.20400952582711,-3.449598068298656,-3.250210257196955,24605.32285197278,24608.292782895867,6.770916383327704,24593.349609375,-0.00019310434852412936,1
2025-08-06 08:30:00+00:00,24593.349609375,24600.400390625,24593.349609375,24598.25,0.0,38.8672995006292,-3.9727139746464672,-3.3947110006868573,24604.182543153944,24607.706776091127,6.790906730947154,24593.150390625,-8.100513072202971e-06,1
2025-08-06 08:31:00+00:00,24593.150390625,24595.099609375,24591.150390625,24593.599609375,0.0,38.72899945744912,-4.353181619506358,-3.5864051244507578,24603.13186196071,24607.1359374454,6.587929018022358,24590.19921875,-0.00011999974904089546,1
2025-08-06 08:32:00+00:00,24590.19921875,24594.05078125,24588.75,24593.5,0.0,36.64861096129204,-4.8370810165397415,-3.8365403028685545,24601.900181654928,24606.47175239852,6.495989891735046,24589.80078125,-1.620310175023681e-05,1
2025-08-06 08:33:00+00:00,24589.80078125,24591.900390625,24588.349609375,24589.19921875,0.0,36.36459852978911,-5.192865233399061,-4.107805288974656,24600.74785780684,24605.81798882407,6.285617845896828,24589.05078125,-3.050045043764175e-05,1
2025-08-06 08:34:00+00:00,24589.05078125,24589.650390625,24586.55078125,24589.55078125,0.0,35.8021603363774,-5.472264659903885,-4.380697163160502,24599.63385051571,24605.160451272142,6.068787999761341,24587.599609375,-5.901699451149894e-05,1
2025-08-06 08:35:00+00:00,24587.599609375,24589.25,24585.900390625,24588.94921875,0.0,34.68434072686787,-5.744568352634815,-4.653471401055365,24598.487732311834,24604.471790805597,5.87456095513553,24590.94921875,0.0001362316545012726,1
2025-08-06 08:36:00+00:00,24590.94921875,24590.94921875,24584.849609375,24588.0,0.0,39.38845475960425,-5.625241228961386,-4.8478253666365685,24597.76977863928,24603.94149386224,5.890635842268707,24595.349609375,0.00017894350420783308,1
2025-08-06 08:37:00+00:00,24595.349609375,24595.75,24590.099609375,24590.849609375,0.0,44.99323256864631,-5.116617692132422,-4.901583831735739,24597.5392863284,24603.60455721568,5.873475469606656,24598.80078125,0.0001403180653990183,1
2025-08-06 08:38:00+00:00,24598.80078125,24599.0,24594.55078125,24595.099609375,0.0,48.9781496597593,-4.384507276474324,-4.798168520683457,24597.65942870188,24603.41617384448,5.771742846777609,24595.44921875,-0.00013624902001542567,1
2025-08-06 08:39:00+00:00,24595.44921875,24599.75,24594.849609375,24598.599609375,0.0,45.52867030206311,-4.028311711197603,-4.644197158786286,24597.44893251599,24603.10374423293,5.7095034023649225,24589.849609375,-0.00022766851400832377,1
2025-08-06 08:40:00+00:00,24589.849609375,24595.599609375,24588.150390625,24595.599609375,0.0,40.40813802309871,-4.150026911214809,-4.545363109271991,24596.725187454944,24602.5839742385,5.833768784338857,24596.80078125,0.00028268460301399454,1
2025-08-06 08:41:00+00:00,24596.80078125,24597.849609375,24589.75,24589.75,0.0,48.19693800135465,-3.6435846316089737,-4.365007413739388,24596.732386863998,24602.3571823566,5.995614540814652,24593.0,-0.00015452339854284277,1
2025-08-06 08:42:00+00:00,24593.0,24598.650390625,24590.69921875,24596.55078125,0.0,44.75263214174306,-3.5084732629002247,-4.193700583571555,24596.376921448376,24601.99023402889,6.135297207542178,24585.599609375,-0.00030091451327613546,1
2025-08-06 08:43:00+00:00,24585.599609375,24594.599609375,24585.599609375,24593.5,0.0,38.92050267823917,-3.9529787274332193,-4.145556212343888,24595.35051077472,24601.34746443462,6.33991883557488,24583.80078125,-7.316592450785986e-05,1
2025-08-06 08:44:00+00:00,24583.80078125,24585.19921875,24578.44921875,24585.19921875,0.0,37.63658124820379,-4.399686064578418,-4.196382182790794,24594.250536534277,24600.65935921169,6.397809677676674,24579.94921875,-0.00015667074974580727,1
2025-08-06 08:45:00+00:00,24579.94921875,24585.650390625,24579.349609375,24583.599609375,0.0,34.976082064380904,-5.006778724000469,-4.358461491032729,24592.888506269104,24599.84719684065,6.390879075699769,24586.25,0.00025633825334324357,1
2025-08-06 08:46:00+00:00,24586.25,24586.849609375,24579.69921875,24580.19921875,0.0,42.17711585518192,-4.922737389086251,-4.471316670643434,24592.25626757681,24599.31397343513,6.445129900649786,24585.900390625,-1.4219711220702629e-05,1
2025-08-06 08:47:00+00:00,24585.900390625,24589.0,24585.099609375,24586.349609375,0.0,41.89984293185376,-4.828682533934625,-4.542789843301673,24591.650945962352,24598.78795057984,6.263362809531945,24587.150390625,5.0842148554243924e-05,1
2025-08-06 08:48:00+00:00,24587.150390625,24587.30078125,24580.55078125,24585.75,0.0,43.33421918443174,-4.600250011706521,-4.5542818769826425,24591.22232164451,24598.331575679647,6.298122608851092,24588.80078125,6.712411152897525e-05,1
2025-08-06 08:49:00+00:00,24588.80078125,24588.94921875,24585.5,24587.150390625,0.0,45.25591395339535,-4.237199068233167,-4.490865315232748,24590.991698749796,24597.95781903535,6.094629476076015,24594.400390625,0.00022773007210949217,1
2025-08-06 08:50:00+00:00,24594.400390625,24595.599609375,24589.0,24589.0,0.0,51.29155573704033,-3.457777791227272,-4.284247810431653,24591.31633607124,24597.818312038864,6.144929379570585,24592.94921875,-5.90041575298239e-05,1
2025-08-06 08:51:00+00:00,24592.94921875,24596.150390625,24592.400390625,24595.099609375,0.0,49.76041180764627,-2.923478219036042,-4.012093892152532,24591.47184870731,24597.627367204008,5.973862995315543,24594.05078125,4.4791801511961556e-05,1
2025-08-06 08:52:00+00:00,24594.05078125,24594.849609375,24591.900390625,24592.55078125,0.0,50.9572082857005,-2.3836775203708385,-3.686410617796193,24591.717461330423,24597.487108931306,5.757816977793005,24595.19921875,4.6695744032355386e-05,1
2025-08-06 08:53:00+00:00,24595.19921875,24595.80078125,24592.25,24594.150390625,0.0,52.23473310389599,-1.8419790810148695,-3.317524310439929,24592.049057275144,24597.39738774772,5.600171568664933,24591.650390625,-0.0001442894645185298,1
2025-08-06 08:54:00+00:00,24591.650390625,24596.05078125,24591.650390625,24595.5,0.0,48.06785153126737,-1.679677657517459,-2.9899549798554355,24592.01108902275,24597.17201531153,5.514472929831724,24590.900390625,-3.0498156410271682e-05,1
2025-08-06 08:55:00+00:00,24590.900390625,24594.5,24589.650390625,24591.349609375,0.0,47.2107085438799,-1.5932058566868363,-2.710605155221716,24591.90530822297,24596.9260692454,5.466982675915172,24596.55078125,0.00022977567048151464,1
2025-08-06 08:56:00+00:00,24596.55078125,24601.25,24590.30078125,24590.900390625,0.0,53.88281877050811,-1.0565576910048549,-2.379795662378344,24592.34773422554,24596.911352069103,5.858570966921231,24590.55078125,-0.00024393664190402713,1
2025-08-06 08:57:00+00:00,24590.55078125,24597.25,24587.94921875,24596.400390625,0.0,47.07832469187076,-1.102698784088716,-2.1243762867204183,24592.176595846915,24596.661917919337,6.104443129998286,24581.75,-0.00035789280721237405,1
2025-08-06 08:58:00+00:00,24581.75,24591.69921875,24581.25,24590.0,0.0,39.2489325928534,-1.828339469164348,-2.0651689232092045,24591.18358671864,24596.07713682446,6.414784245712694,24574.349609375,-0.00030105222878761684,1
2025-08-06 08:59:00+00:00,24574.349609375,24582.150390625,24574.099609375,24582.150390625,0.0,34.11170741246917,-2.9663701472818502,-2.245409168023734,24589.58035078115,24595.22507692449,6.531641174590358,24568.94921875,-0.00021975721477242172,1
2025-08-06 09:00:00+00:00,24568.94921875,24574.69921875,24567.94921875,24574.5,0.0,30.930161773104487,-4.254985228173609,-2.647324380053709,24587.6154810639,24594.194651113725,6.54723823354819,24569.099609375,6.121166341343899e-06,1
2025-08-06 09:01:00+00:00,24569.099609375,24571.400390625,24565.80078125,24569.099609375,0.0,31.122821225950204,-5.204097105193796,-3.158678925081727,24585.852064712573,24593.210531829853,6.479550457937605,24569.75,2.647189499577046e-05,1
2025-08-06 09:02:00+00:00,24569.75,24569.80078125,24564.05078125,24568.849609375,0.0,32.00612456213516,-5.836514313908992,-3.69424600284718,24584.31853473995,24592.29051097378,6.427439710942061,24568.150390625,-6.510482910896529e-05,1
2025-08-06 09:03:00+00:00,24568.150390625,24569.80078125,24564.0,24569.80078125,0.0,30.95468278200281,-6.393089065026288,-4.234014615283002,24582.778711490908,24591.34383958756,6.382678392303342,24567.849609375,-1.224273073950148e-05,1
2025-08-06 09:04:00+00:00,24567.849609375,24569.44921875,24566.400390625,24567.69921875,0.0,30.750122884613177,-6.78029013424748,-4.743269719075897,24581.356892241776,24590.42249722628,6.144546230353103,24562.19921875,-0.00022999125747024405,1
2025-08-06 09:05:00+00:00,24562.19921875,24567.900390625,24561.55078125,24567.900390625,0.0,27.12386924522129,-7.457127943362138,-5.286041363933146,24579.532351909227,24589.31570199192,6.159193597827881,24542.849609375,-0.0007877800030312076,1
2025-08-06 09:06:00+00:00,24542.849609375,24562.349609375,24539.849609375,24562.349609375,0.0,18.90296400720878,-9.44599104374356,-6.118031299895229,24576.03875738216,24587.49350228145,7.326394055125889,24554.0,0.00045432338960104773,1
2025-08-06 09:07:00+00:00,24554.0,24556.400390625,24541.44921875,24541.75,0.0,31.741793626810505,-10.007080647526893,-6.895841169421562,24573.93982810767,24586.180031603744,7.871021042259755,24555.5,6.10898427954712e-05,1
2025-08-06 09:08:00+00:00,24555.5,24555.75,24548.349609375,24554.599609375,0.0,33.27222189337482,-10.212981839697022,-7.559269303476654,24572.183654002176,24584.97689310948,7.837404583884058,24560.349609375,0.00019749585123495755,1
2025-08-06 09:09:00+00:00,24560.349609375,24562.80078125,24554.400390625,24555.30078125,0.0,38.1041433607582,-9.871049754190608,-8.021625393619445,24571.05660213292,24584.011117276757,7.877617872535197,24554.44921875,-0.0002402404981542993,1
2025-08-06 09:10:00+00:00,24554.44921875,24560.25,24551.69921875,24560.25,0.0,34.80213770137189,-9.961350081735873,-8.40957033124273,24569.474946572645,24582.85182713845,7.932815926282683,24553.69921875,-3.054436258449215e-05,1
2025-08-06 09:11:00+00:00,24553.69921875,24556.75,24552.349609375,24553.94921875,0.0,34.39414229168422,-9.97840760238978,-8.72333778547214,24567.972496303824,24581.708587593803,7.68049983333392,24557.900390625,0.00017110138222235162,1
2025-08-06 09:12:00+00:00,24557.900390625,24558.849609375,24550.599609375,24553.900390625,0.0,38.72735355866819,-9.542921492044115,-8.887254526786535,24567.013248143936,24580.774932810717,7.721178416667212,24559.849609375,7.93723697464021e-05,1
2025-08-06 09:13:00+00:00,24559.849609375,24560.849609375,24555.80078125,24557.69921875,0.0,40.68487928720194,-8.937484194855642,-8.897300460400357,24566.330996832607,24579.954331891666,7.530296252976697,24560.400390625,2.242608398504832e-05,1
2025-08-06 09:14:00+00:00,24560.400390625,24564.69921875,24558.400390625,24559.599609375,0.0,41.25597355559245,-8.31735009654949,-8.781310387630185,24565.766177193786,24579.187510665524,7.442334243835504,24560.44921875,1.9880834279329697e-06,1
2025-08-06 09:15:00+00:00,24560.44921875,24560.80078125,24556.849609375,24560.05078125,0.0,41.30992246254375,-7.732810310451896,-8.571610372194527,24565.25980019914,24578.452675688444,7.192965503204397,24564.05078125,0.0001466407421103066,1
2025-08-06 09:16:00+00:00,24564.05078125,24564.5,24559.44921875,24560.69921875,0.0,45.30026136207398,-6.899410218087724,-8.237170341373167,24565.144655537315,24577.88789551439,7.039952342261226,24563.75,-1.2244773986120786e-05,1
2025-08-06 09:17:00+00:00,24563.75,24565.44921875,24561.25,24563.849609375,0.0,45.02493822348245,-6.191829616171162,-7.828102196332766,24565.01183120043,24577.333468239314,6.837042799956853,24566.80078125,0.00012419851407053075,1
2025-08-06 09:18:00+00:00,24566.80078125,24567.19921875,24562.75,24563.94921875,0.0,48.44739233660476,-5.323528023604013,-7.327187361787016,24565.18220739563,24576.920421690716,6.66648393924565,24565.900390625,-3.665070731094953e-05,1
2025-08-06 09:19:00+00:00,24565.900390625,24566.849609375,24561.849609375,24566.75,0.0,47.50737148054804,-4.654393799813988,-6.792628649392411,24565.250605798425,24576.488263609703,6.547449372156675,24566.0,4.054782174318902e-06,1
2025-08-06 09:20:00+00:00,24566.0,24566.099609375,24563.650390625,24565.150390625,0.0,47.62843591052487,-4.06915576778556,-6.2479340730710415,24565.321976674764,24576.076959154427,6.254718613431199,24567.44921875,5.899286615647643e-05,1
2025-08-06 09:21:00+00:00,24567.44921875,24568.05078125,24563.75,24565.30078125,0.0,49.45491857413655,-3.448656602886331,-5.6880785790341,24565.52457115812,24575.738616393468,6.115151658900399,24566.099609375,-5.493485965852619e-05,1
2025-08-06 09:22:00+00:00,24566.099609375,24569.150390625,24565.099609375,24567.650390625,0.0,47.78360571885814,-3.030870750302711,-5.156637013287822,24565.579336702584,24575.36061611824,5.967696629693228,24570.44921875,0.00017705738575366222,1
2025-08-06 09:23:00+00:00,24570.44921875,24570.80078125,24564.25,24565.69921875,0.0,53.26529733228948,-2.3220284284725494,-4.589715296324768,24566.04313499281,24575.168012299877,6.009345531143713,24579.05078125,0.0003500775432887098,1
2025-08-06 09:24:00+00:00,24579.05078125,24579.650390625,24570.94921875,24570.94921875,0.0,61.80473101261961,-1.0540412426671537,-3.8825804855932455,24567.28195844588,24575.3202777489,6.237333127133447,24580.150390625,4.473766642928421e-05,1
2025-08-06 09:25:00+00:00,24580.150390625,24581.150390625,24576.849609375,24579.349609375,0.0,62.74198030645405,0.039126003961428,-3.098239187682311,24568.50752341532,24575.50969394012,6.099007993052487,24585.30078125,0.0002095345448726134,1
2025-08-06 09:26:00+00:00,24585.30078125,24585.5,24578.900390625,24580.400390625,0.0,66.8456507422186,1.306007560389844,-2.2173898380678803,24570.10688130433,24575.89365814835,6.134765234620167,24581.19921875,-0.00016682986864769456,1
2025-08-06 09:27:00+00:00,24581.19921875,24585.599609375,24579.349609375,24585.349609375,0.0,61.076393057642505,1.9565051324025264,-1.382610843973799,24571.1632943944,24576.10171934841,6.142996289290155,24574.650390625,-0.00026641613644320076,1
2025-08-06 09:28:00+00:00,24574.650390625,24581.099609375,24572.05078125,24581.099609375,0.0,53.18371490565333,1.9214442329030132,-0.7217998285984366,24571.495398797317,24576.04480449652,6.357670661483716,24567.05078125,-0.00030924587956291657,1
2025-08-06 09:29:00+00:00,24567.05078125,24576.69921875,24565.25,24574.650390625,0.0,45.78895460115689,1.2658414215220546,-0.3242715785743383,24571.072101888047,24575.692097702537,6.721352667806308,24573.44921875,0.0002604479290971059,1
2025-08-06 09:30:00+00:00,24573.44921875,24574.30078125,24556.349609375,24570.349609375,0.0,51.858205010644994,1.2481836186270812,-0.0097805391340544,24571.29849397014,24575.604141665182,7.523482611177286,24572.849609375,-2.4400700514703767e-05,1
2025-08-06 09:31:00+00:00,24572.849609375,24574.099609375,24568.75,24574.099609375,0.0,51.27882368395632,1.172292756029492,0.2266341198986548,24571.44621924679,24575.49612079106,7.368205951450337,24568.69921875,-0.0001689014782972728,1
2025-08-06 09:32:00+00:00,24568.69921875,24573.349609375,24568.69921875,24573.349609375,0.0,47.336532509574425,0.768389349370409,0.3349851657930057,24571.184600151857,24575.22957561298,7.174076285275313,24565.099609375,-0.00014651200468329638,1
2025-08-06 09:33:00+00:00,24565.099609375,24570.94921875,24564.80078125,24569.30078125,0.0,44.16519897948427,0.156035911397339,0.2991953149138724,24570.60507722073,24574.832322035018,7.100816372041362,24568.44921875,0.00013635643365035078,1
2025-08-06 09:34:00+00:00,24568.44921875,24568.94921875,24563.599609375,24566.0,0.0,47.67799800032608,-0.0583010589398327,0.2276960401431314,24570.399757366376,24574.582004259137,6.97573015796698,24573.94921875,0.0002238643534652787,1
2025-08-06 09:35:00+00:00,24573.94921875,24575.25,24568.150390625,24569.650390625,0.0,52.91610018826511,0.2131819535752583,0.2247932228295568,24570.737801307678,24574.55718914113,6.984578673469338,24576.94921875,0.0001220804996907453,1
2025-08-06 09:36:00+00:00,24576.94921875,24577.650390625,24573.900390625,24575.25,0.0,55.531200015969794,0.6627691348476219,0.3123884052331699,24571.329364873607,24574.650994223837,6.7535373396501,24574.94921875,-8.13770652410422e-05,1
2025-08-06 09:37:00+00:00,24574.94921875,24577.650390625,24571.44921875,24577.5,0.0,53.40176269171198,0.847912719782471,0.4194932681430301,24571.67411286184,24574.66268930329,6.714082663603664,24578.349609375,0.000138368164863006,1
2025-08-06 09:38:00+00:00,24578.349609375,24579.349609375,24574.75,24575.69921875,0.0,56.458872064492304,1.2545616442184837,0.5865069433581209,24572.30987443452,24574.807274404146,6.563048857274831,24580.849609375,0.00010171553581638438,1
2025-08-06 09:39:00+00:00,24580.849609375,24581.5,24578.19921875,24579.30078125,0.0,58.60890110681191,1.7582944295281775,0.8208644405921324,24573.12318252409,24575.044228716728,6.330029742469486,24577.05078125,-0.00015454421573577945,1
2025-08-06 09:40:00+00:00,24577.05078125,24581.0,24576.599609375,24581.0,0.0,54.22707489542879,1.829878904576617,1.0226673333890297,24573.49723954561,24575.122917051365,6.19219837693595,24575.849609375,-4.887371905161144e-05,1
2025-08-06 09:41:00+00:00,24575.849609375,24578.05078125,24575.44921875,24577.44921875,0.0,52.88081199173355,1.769290307765914,1.1719919282644065,24573.721274767453,24575.151414789547,5.93572438572624,24579.05078125,0.00013025681414403033,1
2025-08-06 09:42:00+00:00,24579.05078125,24579.599609375,24575.0,24576.849609375,0.0,56.01487721474147,1.9570218950757408,1.3289979216266734,24574.22884681341,24575.30433112133,5.840287599245793,24580.0,3.8619015780874116e-05,1
2025-08-06 09:43:00+00:00,24580.0,24581.599609375,24578.150390625,24579.400390625,0.0,56.92968588227853,2.1575239575540763,1.494703128812154,24574.77848045023,24575.488474998925,5.6694969671568085,24576.349609375,-0.00014851060313262815,1
2025-08-06 09:44:00+00:00,24576.349609375,24581.94921875,24576.099609375,24581.94921875,0.0,52.414902097751146,1.9988260482969051,1.5955277127091043,24574.9281117764,24575.52224497446,5.682362139145608,24570.75,-0.00022784544751365145,1
2025-08-06 09:45:00+00:00,24570.75,24577.599609375,24570.75,24577.599609375,0.0,46.34348668127057,1.4050189493318612,1.5574259600336555,24574.530196369124,24575.33509811272,5.765736941706636,24573.19921875,9.968026006532157e-05,1
2025-08-06 09:46:00+00:00,24573.19921875,24574.400390625,24568.150390625,24572.0,0.0,49.119618331395785,1.1191531287768155,1.4697713937822878,24574.403436595872,24575.25133813771,5.800327160156162,24572.849609375,-1.422726328337577e-05,1
2025-08-06 09:47:00+00:00,24572.849609375,24574.75,24572.400390625,24574.69921875,0.0,48.73202858669571,0.8545412322891934,1.346725361483669,24574.255453051024,24575.15715269604,5.553847318359294,24571.19921875,-6.716317607585672e-05,1
2025-08-06 09:48:00+00:00,24571.19921875,24574.19921875,24568.0,24574.19921875,0.0,46.85254373411949,0.5058307651597715,1.1785464422188896,24573.964383117596,24575.00193960011,5.599945277762202,24573.94921875,0.0001119196493226715,1
2025-08-06 09:49:00+00:00,24573.94921875,24574.80078125,24571.349609375,24572.900390625,0.0,50.2926775685719,0.4462333249248331,1.0320838187600785,24573.962938892106,24574.96065642952,5.457203650779187,24577.30078125,0.00013638680824825452,1
2025-08-06 09:50:00+00:00,24577.30078125,24578.150390625,24573.849609375,24575.55078125,0.0,54.1849260623648,0.661816004801949,0.9580302559684524,24574.28082864048,24575.05242603032,5.374602050723531,24582.25,0.00020137356799473092,1
2025-08-06 09:51:00+00:00,24582.25,24582.55078125,24576.69921875,24578.19921875,0.0,59.25826335928906,1.217987224023091,1.01002164957938,24575.039797341386,24575.33468383305,5.408670654243279,24584.25,8.1359517538061e-05,1
2025-08-06 09:52:00+00:00,24584.25,24584.599609375,24580.900390625,24582.400390625,0.0,61.13137042992216,1.7993978690101358,1.1678968934655312,24575.916959499347,24575.684304074897,5.28656694679733,24580.5,-0.00015253668507275999,1
2025-08-06 09:53:00+00:00,24580.5,24585.75,24580.05078125,24584.94921875,0.0,55.93836485490164,1.935267771845247,1.3213710691414744,24576.353439547027,24575.87315489549,5.316042075597521,24581.5,4.068265495006204e-05,1
2025-08-06 09:54:00+00:00,24581.5,24583.599609375,24578.849609375,24581.599609375,0.0,56.98766820618223,2.0994362966084736,1.4769841146348743,24576.843588161595,24576.093815487824,5.275610498769126,24573.349609375,-0.00033156604051827595,1
2025-08-06 09:55:00+00:00,24573.349609375,24582.5,24572.80078125,24582.5,0.0,47.13512739859405,1.5539595490954523,1.49237920152699,24576.51082827716,24575.98619956183,5.591582516714189,24575.30078125,7.94019499179553e-05,1
2025-08-06 09:56:00+00:00,24575.30078125,24577.0,24573.30078125,24574.150390625,0.0,49.39091212720564,1.2645318246977697,1.446809726161146,24576.395585703143,24575.95932041235,5.456413676234604,24574.05078125,-5.0864077356632045e-05,1
2025-08-06 09:57:00+00:00,24574.05078125,24578.94921875,24573.44921875,24576.849609375,0.0,47.978453054754574,0.9236464927744236,1.3421770794838015,24576.17227099332,24575.88447573932,5.459526985074989,24574.05078125,0.0,1
2025-08-06 09:58:00+00:00,24574.05078125,24576.099609375,24570.650390625,24575.69921875,0.0,47.978453054754574,0.6460452043138503,1.2029507044498111,24575.970224351106,24575.8125661515,5.458790682569633,24569.599609375,-0.00018113301362574882,1
2025-08-06 09:59:00+00:00,24569.599609375,24575.0,24563.400390625,24570.30078125,0.0,42.91056746677389,0.0661097409320063,0.9755825117462504,24575.363499115283,24575.56892078772,5.897420589171802,24501.69921875,-0.0027635936972734104,0
2025-08-07 03:45:00+00:00,24501.69921875,24513.05078125,24466.55078125,24466.55078125,0.0,15.687962179030665,-5.805564415455592,-0.380646873694118,24568.34785336621,24572.672069727418,12.83680684173096,24493.80078125,-0.0003223628463268252,1
2025-08-07 03:46:00+00:00,24493.80078125,24500.900390625,24490.150390625,24498.349609375,0.0,14.53298389868928,-10.969793433534504,-2.4984761856621955,24561.248132212284,24569.57907802242,12.744808361964465,24517.400390625,0.0009634931542786735,2
2025-08-07 03:47:00+00:00,24517.400390625,24517.400390625,24492.150390625,24492.599609375,0.0,30.901954195429795,-13.008239996888731,-4.600428947907503,24557.072156823026,24567.53285498723,13.63803633610986,24513.19921875,-0.0001713547035193197,1
2025-08-07 03:48:00+00:00,24513.19921875,24528.80078125,24506.05078125,24517.69921875,0.0,29.807497327627104,-14.792207681890432,-6.638784694704089,24552.89378176845,24565.4021241544,14.288890883530584,24519.44921875,0.00025496468022090775,1
2025-08-07 03:49:00+00:00,24519.44921875,24524.650390625,24511.44921875,24512.69921875,0.0,33.57651862667598,-15.522755495701858,-8.415578854903643,24549.7085852905,24563.600049432654,14.211196668635544,24516.30078125,-0.00012840571873826566,1
2025-08-07 03:50:00+00:00,24516.30078125,24519.19921875,24512.349609375,24519.19921875,0.0,32.626125877162366,-16.169381925370544,-9.966339468997024,24546.526889667595,24561.7451761706,13.703226147661576,24517.05078125,3.059189095010606e-05,1
2025-08-07 03:51:00+00:00,24517.05078125,24533.599609375,24514.30078125,24515.150390625,0.0,33.1118253861905,-16.431902553456894,-11.259452085889,24543.719641246877,24559.99245480116,14.10291200318575,24510.099609375,-0.0002835239824325067,1
2025-08-07 03:52:00+00:00,24510.099609375,24517.05078125,24506.0,24516.25,0.0,30.889209639766943,-17.004832396789425,-12.408528148069085,24540.517733449557,24558.035872627588,13.88490266367248,24508.5,-6.526327515976952e-05,1
2025-08-07 03:53:00+00:00,24508.5,24517.650390625,24503.900390625,24512.0,0.0,30.38377661487607,-17.387525957557955,-13.40432770996686,24537.46842550197,24556.09328938729,13.875266759124449,24504.44921875,-0.00016528066793153396,1
2025-08-07 03:54:00+00:00,24504.44921875,24507.650390625,24496.650390625,24507.650390625,0.0,29.085855794072916,-17.812347895964194,-14.285931747166329,24534.32373914465,24554.068031715244,13.7305769459727,24510.0,0.00022652136354702168,1
2025-08-07 03:55:00+00:00,24510.0,24514.05078125,24501.650390625,24505.75,0.0,33.29109096470279,-17.499398512707558,-14.928625100274571,24532.00719255944,24552.33987360876,13.635563637331794,24510.0,0.0,1
2025-08-07 03:56:00+00:00,24510.0,24512.94921875,24502.69921875,24509.099609375,0.0,33.29109096470279,-17.054786904602224,-15.353857461140104,24529.911269458546,24550.67948640842,13.393737663236664,24517.5,0.0003059975520195838,1
2025-08-07 03:57:00+00:00,24517.5,24520.19921875,24510.30078125,24510.30078125,0.0,38.96297445033983,-15.913797332385002,-15.465845435389085,24528.729243795824,24549.37833007868,13.16555774086262,24522.599609375,0.00020799875089221983,1
2025-08-07 03:58:00+00:00,24522.599609375,24522.599609375,24512.05078125,24517.44921875,0.0,42.54036733352336,-14.431699371732975,-15.25901622265786,24528.14546908908,24548.32818416873,12.97864848258672,24525.849609375,0.0001325308104267022,1
2025-08-07 03:59:00+00:00,24525.849609375,24529.30078125,24521.80078125,24522.849609375,0.0,44.76234477615885,-12.846788441060198,-14.77657066633833,24527.92681578298,24547.446671431724,12.58731644811624,24526.19921875,1.4254730440260136e-05,1
2025-08-07 04:00:00+00:00,24526.19921875,24528.650390625,24518.849609375,24526.25,0.0,45.00869627493443,-11.43075789348586,-14.107408111767835,24527.76228273222,24546.613437993223,12.388278219679364,24531.650390625,0.00022225913711214744,1
2025-08-07 04:01:00+00:00,24531.650390625,24531.650390625,24523.05078125,24526.80078125,0.0,48.83996238337632,-9.756215885914571,-13.237169666597186,24528.13257872201,24546.02665182192,12.11765901648798,24530.650390625,-4.0763665879657216e-05,1
2025-08-07 04:02:00+00:00,24530.650390625,24542.69921875,24529.25,24531.849609375,0.0,48.176858476399005,-8.41284290692056,-12.27230431466186,24528.372370331817,24545.42366118675,12.212770426024552,24527.75,-0.00011823537406527373,1
2025-08-07 04:03:00+00:00,24527.75,24535.25,24527.05078125,24530.5,0.0,46.216894011049256,-7.495840048370155,-11.31701146140352,24528.31309696688,24544.73057643433,11.92608816345137,24518.94921875,-0.0003588091549367553,1
2025-08-07 04:04:00+00:00,24518.94921875,24528.400390625,24512.30078125,24528.400390625,0.0,40.79373202948958,-7.39402446063832,-10.53241406125048,24527.421299041463,24543.71954279965,12.22419682141913,24514.05078125,-0.0001997817058266956,1
2025-08-07 04:05:00+00:00,24514.05078125,24519.099609375,24513.55078125,24519.0,0.0,38.11304278790861,-7.620750573260011,-9.950081363652387,24526.147916394657,24542.556061954565,11.747384771674906,24506.0,-0.0003284149699223835,1
2025-08-07 04:06:00+00:00,24506.0,24518.099609375,24505.150390625,24515.0,0.0,34.141979008728484,-8.35376639570677,-9.630818370063263,24524.22906721421,24541.122490897524,11.833230055840984,24504.75,-5.100791642862972e-05,1
2025-08-07 04:07:00+00:00,24504.75,24506.349609375,24500.25,24506.30078125,0.0,33.557353696023895,-8.932582024172007,-9.491171100885014,24522.37391795572,24539.696118705466,11.4236857214952,24518.25,0.0005509135983839868,1
2025-08-07 04:08:00+00:00,24518.25,24520.75,24502.650390625,24504.19921875,0.0,44.59224197665311,-8.207351168704918,-9.234407114448995,24521.981163864697,24538.855094442508,11.900537411031255,24517.400390625,-3.4652121378972804e-05,1
2025-08-07 04:09:00+00:00,24517.400390625,24519.25,24513.349609375,24518.400390625,0.0,44.09589046687623,-7.613394395400974,-8.910204570639392,24521.54489974663,24538.013733508487,11.47195549774331,24514.349609375,-0.00012443330864582864,1
2025-08-07 04:10:00+00:00,24514.349609375,24522.5,24513.400390625,24517.349609375,0.0,42.27618023960225,-7.304648483037454,-8.589093353119004,24520.85963399695,24537.085728640508,11.302502203261644,24507.099609375,-0.0002957451499030343,1
2025-08-07 04:11:00+00:00,24507.099609375,24516.30078125,24507.099609375,24513.400390625,0.0,38.23778797837198,-7.557857258445438,-8.382846134184291,24519.54915546153,24535.909802394803,11.152407179814384,24500.0,-0.00028969602638266096,1
2025-08-07 04:12:00+00:00,24500.0,24509.150390625,24498.5,24504.80078125,0.0,34.73831503108468,-8.236461380107357,-8.353569183368904,24517.687331131856,24534.50157484991,11.1165488544705,24502.30078125,9.39094387755102e-05,1
2025-08-07 04:13:00+00:00,24502.30078125,24503.400390625,24498.5,24501.05078125,0.0,36.75825869747453,-8.490730362831528,-8.38100141926143,24516.22194542882,24533.238798630304,10.672537552365464,24504.55078125,9.1828111167494e-05,1
2025-08-07 04:14:00+00:00,24504.55078125,24506.75,24500.900390625,24502.900390625,0.0,38.75465133072736,-8.413696313822584,-8.387540398173662,24515.110405983218,24532.11377834088,10.328042682553646,24502.55078125,-8.161749292422565e-05,1
2025-08-07 04:15:00+00:00,24502.55078125,24504.349609375,24500.150390625,24503.75,0.0,37.61789142110617,-8.417003582388134,-8.393433035016557,24513.91425124672,24530.95444512163,9.904638964156955,24519.0,0.0006713267894780725,1
2025-08-07 04:16:00+00:00,24519.0,24519.349609375,24500.349609375,24503.150390625,0.0,50.48266487757484,-7.011486088162201,-8.117043645645687,24514.398608270843,24530.48564335216,10.554307609574318,24510.25,-0.00035686610383784003,1
2025-08-07 04:17:00+00:00,24510.25,24519.349609375,24507.75,24519.30078125,0.0,45.1488685934962,-6.528399890827132,-7.799314894681976,24514.00350272124,24529.692088710897,10.62897202139044,24510.0,-1.0199814363378586e-05,1
2025-08-07 04:18:00+00:00,24510.0,24510.44921875,24505.599609375,24509.75,0.0,45.00256732843817,-6.095458854273602,-7.458543686600302,24513.622216747783,24528.91984993792,10.216160403791122,24502.25,-0.0003161974704202366,1
2025-08-07 04:19:00+00:00,24502.25,24509.19921875,24500.099609375,24509.19921875,0.0,40.609432726044034,-6.305029736129654,-7.227840896506173,24512.53914848609,24527.873973469766,10.193605419591757,24501.5,-3.0609433827505635e-05,1
2025-08-07 04:20:00+00:00,24501.5,24504.30078125,24499.75,24502.650390625,0.0,40.20044308923744,-6.457200316086528,-7.073712780422245,24511.487801011222,24526.839700000364,9.790546550335204,24504.400390625,0.00011837604330347122,1
2025-08-07 04:21:00+00:00,24504.400390625,24506.400390625,24499.94921875,24502.25,0.0,42.60768127911464,-6.2714657597425685,-6.91326337628631,24510.812809545874,24525.95972708368,9.55201978781126,24507.55078125,0.00012856428130374862,1
2025-08-07 04:22:00+00:00,24507.55078125,24509.0,24502.349609375,24503.80078125,0.0,45.18865824835547,-5.8031643251742935,-6.691243566063907,24510.50214018436,24525.237807639227,9.344760561896171,24505.75,-7.347862975266074e-05,1
2025-08-07 04:23:00+00:00,24505.75,24510.80078125,24504.400390625,24507.900390625,0.0,43.97140228458928,-5.5137806305683625,-6.455750978964798,24510.049555404898,24524.473579888672,9.134448423546443,24506.150390625,1.6338639911041285e-05,1
2025-08-07 04:24:00+00:00,24506.150390625,24506.150390625,24499.349609375,24505.5,0.0,44.330471054980485,-5.192280413932167,-6.203056865958272,24509.67820637824,24523.75502344696,8.96775791115027,24504.55078125,-6.527379247668136e-05,1
2025-08-07 04:25:00+00:00,24504.55078125,24506.75,24503.44921875,24506.05078125,0.0,43.14094953015895,-5.008825659715512,-5.964210624709721,24509.189880175552,24523.001915909823,8.56297386392525,24495.05078125,-0.00038768309139007183,1
2025-08-07 04:26:00+00:00,24495.05078125,24504.80078125,24493.69921875,24504.599609375,0.0,36.82166724533118,-5.565847425958054,-5.884537984959389,24507.8432993255,24521.905792981983,8.744301623644876,24493.599609375,-5.924347281250852e-05,1
2025-08-07 04:27:00+00:00,24493.599609375,24497.94921875,24492.5,24495.05078125,0.0,35.95526322349937,-6.054595028559561,-5.918549393679424,24506.486757425453,24520.795746566026,8.50893856124167,24482.19921875,-0.0004654436590298661,1
2025-08-07 04:28:00+00:00,24482.19921875,24493.80078125,24479.099609375,24493.80078125,0.0,29.985995643928035,-7.277951575859333,-6.190429830115406,24504.17365850398,24519.282157239908,8.951240940795838,24481.349609375,-3.470314767920506e-05,1
2025-08-07 04:29:00+00:00,24481.349609375,24485.19921875,24479.599609375,24480.5,0.0,29.591708280444863,-8.221257292967493,-6.596595322685824,24501.99993953932,24517.794606343246,8.711838686096135,24484.150390625,0.00011440469151780162,1
2025-08-07 04:30:00+00:00,24484.150390625,24487.849609375,24481.099609375,24481.099609375,0.0,32.73184445841248,-8.643200791633717,-7.005916416475403,24500.29998249986,24516.47522533469,8.571707351374982,24481.5,-0.00010824923808729898,1
2025-08-07 04:31:00+00:00,24481.5,24484.349609375,24473.44921875,24484.349609375,0.0,31.3088375828482,-9.08671246247468,-7.422075625675259,24498.50950797606,24515.103647870583,8.738041870919627,24485.19921875,0.000151102618303617,1
2025-08-07 04:32:00+00:00,24485.19921875,24485.349609375,24479.44921875,24481.80078125,0.0,35.5222248049449,-9.035546464278012,-7.74476979339581,24497.241861383103,24513.930925159977,8.535352496211082,24484.349609375,-3.4698895745532495e-05,1
2025-08-07 04:33:00+00:00,24484.349609375,24487.099609375,24482.19921875,24484.650390625,0.0,34.99135835933427,-8.96026506011549,-7.987868846739746,24496.014027858524,24512.770873560567,8.275712362553149,24476.099609375,-0.00033694993461623723,1
2025-08-07 04:34:00+00:00,24476.099609375,24485.44921875,24473.80078125,24485.150390625,0.0,30.26200134595976,-9.457292278388197,-8.281753533069438,24494.11741657438,24511.332784768976,8.516621300942209,24474.599609375,-6.128427420786684e-05,1
2025-08-07 04:35:00+00:00,24474.599609375,24478.44921875,24473.94921875,24476.55078125,0.0,29.481781462198924,-9.858583776713203,-8.597119581798191,24492.258577793487,24509.89226808686,8.229719779446336,24481.400390625,0.000277870991090492,1
2025-08-07 04:36:00+00:00,24481.400390625,24482.349609375,24470.80078125,24474.349609375,0.0,37.36637235450403,-9.518124950307538,-8.78132065550006,24491.22446472982,24508.774939558945,8.466798946985884,24475.80078125,-0.00022872912846702738,1
2025-08-07 04:37:00+00:00,24475.80078125,24482.0,24474.849609375,24481.05078125,0.0,33.99591966482079,-9.589607529898784,-8.942978030379805,24489.755542493647,24507.481835311537,8.37276978112975,24475.349609375,-1.8433385654357263e-05,1
2025-08-07 04:38:00+00:00,24475.349609375,24476.900390625,24473.80078125,24475.849609375,0.0,33.73191158293113,-9.57232004206162,-9.068846432716168,24488.383548863298,24506.221748019907,7.996115466406196,24471.400390625,-0.00016135494744832154,1
2025-08-07 04:39:00+00:00,24471.400390625,24476.349609375,24468.0,24474.69921875,0.0,31.43098740892414,-9.76472683886459,-9.208022513945853,24486.766105221555,24504.85620459266,8.021365031305754,24473.25,7.558248998731539e-05,1
2025-08-07 04:40:00+00:00,24473.25,24477.349609375,24470.94921875,24470.94921875,0.0,33.711604485906534,-9.65664677978566,-9.297747367113814,24485.478857105216,24503.616745589025,7.905581145141057,24475.30078125,8.379684962152554e-05,1
2025-08-07 04:41:00+00:00,24475.30078125,24475.30078125,24470.849609375,24472.80078125,0.0,36.24365234360883,-9.298326328604162,-9.297863159411884,24484.509516547576,24502.506315614948,7.658837625845267,24476.0,2.8568341457754685e-05,1
2025-08-07 04:42:00+00:00,24476.0,24480.19921875,24474.5,24474.650390625,0.0,37.12548757096484,-8.855848965671612,-9.20946032066383,24483.699086400185,24501.4668522575,7.518864848999177,24475.30078125,-2.856752533093643e-05,1
2025-08-07 04:43:00+00:00,24475.30078125,24476.349609375,24470.94921875,24476.099609375,0.0,36.580609123222,-8.464035445242189,-9.060375345579502,24482.899247814454,24500.440731825835,7.367545261570664,24476.05078125,3.064313720608324e-05,1
2025-08-07 04:44:00+00:00,24476.05078125,24477.55078125,24474.599609375,24475.349609375,0.0,37.63786790224533,-8.000773736130213,-8.848455023689645,24482.247012903557,24499.484263175804,7.05209001967276,24480.94921875,0.00020013185720927138,1
2025-08-07 04:45:00+00:00,24480.94921875,24481.349609375,24473.099609375,24476.94921875,0.0,44.18284217100828,-7.155883949948475,-8.509940808941412,24482.12341346036,24498.75739868852,7.137655018267563,24474.349609375,-0.00026958143313925707,1
2025-08-07 04:46:00+00:00,24474.349609375,24484.0,24471.55078125,24480.75,0.0,38.343964862014005,-6.938849293252133,-8.195722505803555,24481.383051166515,24497.80023048015,7.517052427677023,24478.30078125,0.00016144134320474394,1
2025-08-07 04:47:00+00:00,24478.30078125,24478.849609375,24472.44921875,24473.30078125,0.0,43.18492656390843,-6.374539491927862,-7.831485903028417,24481.08950165065,24497.035546196614,7.43729087034295,24484.44921875,0.00025117909755850406,1
2025-08-07 04:48:00+00:00,24484.44921875,24484.44921875,24478.5,24478.75,0.0,49.79123863570059,-5.369298456793331,-7.3390484137814,24481.409474707736,24496.54196472812,7.345229915318454,24483.05078125,-5.711533420686823e-05,1
2025-08-07 04:49:00+00:00,24483.05078125,24486.05078125,24480.75,24483.849609375,0.0,48.41239486406137,-4.632084130615112,-6.797655557148143,24481.56578961652,24496.01289870937,7.199197867795706,24480.44921875,-0.00010625973548984222,1
2025-08-07 04:50:00+00:00,24480.44921875,24486.650390625,24479.900390625,24483.55078125,0.0,45.86764855209085,-4.209239326566603,-6.279972311031836,24481.459449533995,24495.40255831881,7.167112305810298,24478.400390625,-8.369242356185062e-05,1
2025-08-07 04:51:00+00:00,24478.400390625,24481.0,24474.30078125,24480.30078125,0.0,43.91011830775639,-3.9934214037166393,-5.822662129568797,24481.168110590283,24494.73580664454,7.133691337538134,24478.69921875,1.220782895251801e-05,1
2025-08-07 04:52:00+00:00,24478.69921875,24479.69921875,24474.849609375,24477.69921875,0.0,44.28361397594736,-3.7549860706749314,-5.409126917790024,24480.932978034067,24494.106920844755,6.970542625928268,24477.25,-5.9203258189877134e-05,1
2025-08-07 04:53:00+00:00,24477.25,24479.55078125,24475.099609375,24478.5,0.0,42.79530093304837,-3.64099309098674,-5.055500152429368,24480.5822182213,24493.44586512535,6.790587572290534,24479.25,8.170852526325466e-05,1
2025-08-07 04:54:00+00:00,24479.25,24479.25,24474.44921875,24477.0,0.0,45.51671873452999,-3.350645393617014,-4.714529200666898,24480.455340295463,24492.8891645322,6.648458549269781,24483.599609375,0.00017768556532573505,1
2025-08-07 04:55:00+00:00,24483.599609375,24483.599609375,24478.0,24479.349609375,0.0,50.97873482754844,-2.738003624806879,-4.319224085494894,24480.754794493518,24492.524868251527,6.573540751107655,24477.849609375,-0.00023485108773786152,1
2025-08-07 04:56:00+00:00,24477.849609375,24484.099609375,24477.849609375,24483.75,0.0,44.61165458536841,-2.6855007731828664,-3.992479423032489,24480.478110196516,24491.949367903428,6.5504306974571085,24468.599609375,-0.0003778926722573398,1
2025-08-07 04:57:00+00:00,24468.599609375,24477.75,24467.44921875,24477.75,0.0,36.67586405626995,-3.3516538008443604,-3.8643142985948633,24479.34682440399,24491.03369109839,6.825427835138744,24456.599609375,-0.0004904244702014851,1
2025-08-07 04:58:00+00:00,24456.599609375,24468.900390625,24455.69921875,24468.400390625,0.0,29.375408300369585,-4.7926380384597,-4.049979046567831,24477.18042297266,24489.683334952377,7.280838123700263,24450.69921875,-0.00024125964848924423,1
2025-08-07 04:59:00+00:00,24450.69921875,24456.94921875,24450.55078125,24456.94921875,0.0,26.57438312300509,-6.337683766923874,-4.50751999063904,24474.65840352288,24488.154546081696,7.217809507721673,24434.30078125,-0.0006706735604282789,1
2025-08-07 05:00:00+00:00,24434.30078125,24450.44921875,24432.5,24450.30078125,0.0,20.67417134541512,-8.784102827496099,-5.362836558010452,24470.814820449275,24486.04263373536,8.002195882170124,24429.25,-0.00020670864680014854,1
2025-08-07 05:01:00+00:00,24429.25,24433.150390625,24428.44921875,24433.0,0.0,19.25605306222505,-11.003620506544394,-6.49099334771724,24466.85626612077,24483.81547162809,7.848579212015116,24433.80078125,0.00018628411637688428,1
2025-08-07 05:02:00+00:00,24433.80078125,24433.94921875,24425.5,24429.05078125,0.0,24.29479556868786,-12.254136189487326,-7.643621916071258,24463.708124704503,24481.85411122111,7.891482036156893,24436.599609375,0.00011454739072554621,1
2025-08-07 05:03:00+00:00,24436.599609375,24436.94921875,24429.44921875,24432.25,0.0,27.299651376704688,-12.870968327806622,-8.689091198418332,24461.12636133979,24480.07942487421,7.863519033574258,24439.30078125,0.00011053796019818186,1
2025-08-07 05:04:00+00:00,24439.30078125,24443.650390625,24436.349609375,24436.650390625,0.0,30.179957718683735,-12.992085570618656,-9.549690072858397,24459.04773466457,24478.48026237914,7.823323477604668,24435.349609375,-0.00016167286905488583,1
2025-08-07 05:05:00+00:00,24435.349609375,24439.849609375,24432.80078125,24438.55078125,0.0,28.40704777859058,-13.254113240109293,-10.290574706308576,24456.79077035128,24476.78886422212,7.768002380990048,24438.94921875,0.00014731155610799831,1
2025-08-07 05:06:00+00:00,24438.94921875,24439.25,24433.05078125,24435.25,0.0,32.30841530766328,-13.02121322201856,-10.836702409450572,24455.091574960683,24475.304956556545,7.655946407347902,24440.849609375,7.77607338183749e-05,1
2025-08-07 05:07:00+00:00,24440.849609375,24443.849609375,24438.5,24438.5,0.0,34.342654886582096,-12.53875369106754,-11.177112665773963,24453.735197285856,24473.953766470997,7.491208047894481,24440.150390625,-2.8608610632414114e-05,1
2025-08-07 05:08:00+00:00,24440.150390625,24442.599609375,24439.0,24441.05078125,0.0,33.93853025735599,-12.073644686010084,-11.35641906982119,24452.441406175298,24472.6281438888,7.213236714116304,24436.099609375,-0.00016574289377342945,1
2025-08-07 05:09:00+00:00,24436.099609375,24441.099609375,24434.400390625,24440.099609375,0.0,31.61730787020849,-11.894790896447375,-11.464093435146427,24450.88504457527,24471.19565233924,7.176521145250853,24433.400390625,-0.00011046029412011543,1
2025-08-07 05:10:00+00:00,24433.400390625,24437.19921875,24432.30078125,24436.150390625,0.0,30.13811832810636,-11.834432404382824,-11.538161228993706,24449.219839437144,24469.713485213186,7.013800884875792,24435.099609375,6.954491486383466e-05,1
2025-08-07 05:11:00+00:00,24435.099609375,24435.849609375,24430.599609375,24433.19921875,0.0,32.28582240105145,-11.51672744730604,-11.533874472656173,24447.875055621706,24468.35607831757,6.887815107384664,24432.25,-0.00011661951129950344,1
2025-08-07 05:12:00+00:00,24432.25,24439.05078125,24432.25,24435.30078125,0.0,30.587578804040888,-11.363887816289209,-11.49987714138278,24446.386955086306,24466.940153677668,6.881598403285759,24429.55078125,-0.00011047769853370033,1
2025-08-07 05:13:00+00:00,24429.55078125,24433.650390625,24429.55078125,24431.25,0.0,29.02992315964582,-11.329960965023927,-11.465893906111011,24444.78350995904,24465.473903778544,6.682884901265347,24435.75,0.0002537590152807059,1
2025-08-07 05:14:00+00:00,24435.75,24436.19921875,24429.25,24429.80078125,0.0,36.9689043188278,-10.679739161725593,-11.308662957233928,24443.923175677224,24464.30826049311,6.701908747603537,24422.05078125,-0.0005606219882753752,1
2025-08-07 05:15:00+00:00,24422.05078125,24437.349609375,24421.900390625,24435.25,0.0,29.196380900696568,-11.141414866699051,-11.275213339126951,24441.84009049368,24462.65110444436,7.32671660491757,24423.30078125,5.118325283967086e-05,1
2025-08-07 05:16:00+00:00,24423.30078125,24423.650390625,24419.69921875,24421.900390625,0.0,30.62955462948109,-11.276443810860656,-11.275459433473694,24440.07444199428,24461.10795451517,7.085606267066316,24419.650390625,-0.00014946344303315626,1
2025-08-07 05:17:00+00:00,24419.650390625,24425.650390625,24417.349609375,24423.099609375,0.0,28.79641392915336,-11.544928488645382,-11.329353244508033,24438.129294244824,24459.482167695947,7.172404480133008,24422.44921875,0.00011461376720096305,1
2025-08-07 05:18:00+00:00,24422.44921875,24426.19921875,24419.69921875,24419.75,0.0,32.1493899471765,-11.400445254843362,-11.343571646575098,24436.63595372151,24458.029895188265,7.127863311909223,24418.25,-0.0001719409348500603,1
2025-08-07 05:19:00+00:00,24418.25,24423.5,24413.599609375,24422.69921875,0.0,29.876223520222453,-11.492306949101476,-11.373318707080374,24434.884910509936,24456.46989929853,7.325900977129992,24423.599609375,0.00021908242298281,1
2025-08-07 05:20:00+00:00,24423.599609375,24423.650390625,24416.5,24417.75,0.0,36.0771018434896,-11.006562435210071,-11.299967452706316,24433.81011992566,24455.18086832113,7.313364523406421,24420.5,-0.00012691042371208112,1
2025-08-07 05:21:00+00:00,24420.5,24423.599609375,24418.80078125,24423.599609375,0.0,34.19057127011321,-10.747824747002596,-11.189538911565572,24432.542489456548,24453.82083426933,7.133754780663105,24420.400390625,-4.0789244691959625e-06,1
2025-08-07 05:22:00+00:00,24420.400390625,24421.900390625,24418.099609375,24420.5,0.0,34.12880786141375,-10.430573747729795,-11.037745878798418,24431.38609909164,24452.51022863622,6.8956852427585975,24418.0,-9.82944827522775e-05,1
2025-08-07 05:23:00+00:00,24418.0,24421.0,24416.69921875,24421.0,0.0,32.60048418964914,-10.254632487642084,-10.881123200567153,24430.111232511485,24451.15688633676,6.710334957561555,24416.69921875,-5.3271408387255306e-05,1
2025-08-07 05:24:00+00:00,24416.69921875,24418.69921875,24416.0,24418.05078125,0.0,31.77021037415088,-10.1036908879978,-10.725636738053282,24428.83389786753,24449.80560525493,6.423826657021444,24425.30078125,0.0003522819535490167,1
2025-08-07 05:25:00+00:00,24425.30078125,24425.849609375,24417.05078125,24417.05078125,0.0,42.24498641564103,-9.184125493538886,-10.417334489150404,24428.497410570624,24448.84463176454,6.618581226162768,24426.55078125,5.117644246000681e-05,1
2025-08-07 05:26:00+00:00,24426.55078125,24429.44921875,24424.349609375,24424.69921875,0.0,43.600071650816645,-8.25929077715773,-9.98572574675187,24428.312017301992,24447.97036311691,6.510083236793999,24427.650390625,4.5016972918012976e-05,1
2025-08-07 05:27:00+00:00,24427.650390625,24427.650390625,24425.099609375,24425.900390625,0.0,44.82644027859979,-7.352864074560784,-9.459153412313654,24428.249005237514,24447.17350145056,6.227275952022999,24428.55078125,3.68594854847586e-05,1
2025-08-07 05:28:00+00:00,24428.55078125,24430.44921875,24427.400390625,24427.849609375,0.0,45.86445193787471,-6.487081348022912,-8.864738999455506,24428.27774581013,24446.4431986976,6.000243964378499,24426.05078125,-0.00010233926778492571,1
2025-08-07 05:29:00+00:00,24426.05078125,24430.099609375,24425.650390625,24428.599609375,0.0,43.42174041508466,-5.934264894494845,-8.278644178463374,24428.06565394726,24445.643496052595,5.889456449065749,24426.849609375,3.270394105678348e-05,1
2025-08-07 05:30:00+00:00,24426.849609375,24433.80078125,24425.30078125,24426.80078125,0.0,44.439994761597866,-5.369795459169836,-7.696874434604667,24427.949840178477,24444.906480888767,6.075923845561053,24418.94921875,-0.0003234305999889498,1
2025-08-07 05:31:00+00:00,24418.94921875,24426.55078125,24418.69921875,24426.55078125,0.0,37.291750836872986,-5.496583667001687,-7.256816281084072,24427.092638137667,24443.888549040188,6.224100044092405,24413.5,-0.00022315533322850097,1
2025-08-07 05:32:00+00:00,24413.5,24419.099609375,24408.900390625,24419.099609375,0.0,33.31166805038761,-5.967975540181215,-6.999048132903502,24425.79810117217,24442.69684123469,6.508037094514377,24409.849609375,-0.00014952344502017326,1
2025-08-07 05:33:00+00:00,24409.849609375,24413.25,24409.599609375,24413.25,0.0,30.930163941522903,-6.5604877922123706,-6.911336064765276,24424.27919719149,24441.408714495097,6.321776632406206,24408.55078125,-5.320918177640734e-05,1
2025-08-07 05:34:00+00:00,24408.55078125,24409.599609375,24401.25,24409.599609375,0.0,30.10546151641712,-7.05355362024784,-6.939779575861789,24422.781252816112,24440.12016809333,6.484478971162906,24406.150390625,-9.83422017354638e-05,1
2025-08-07 05:35:00+00:00,24406.150390625,24408.30078125,24403.69921875,24408.099609375,0.0,28.588344838417427,-7.550960531156306,-7.062015766920693,24421.197361178864,24438.78801995732,6.367842080365556,24388.55078125,-0.0007211136985274187,1
2025-08-07 05:36:00+00:00,24388.55078125,24405.94921875,24388.55078125,24405.94921875,0.0,20.45084838152114,-9.258573411145337,-7.501327295765622,24418.0881630904,24436.817932164875,7.170111172839445,24405.69921875,0.0007031347476859419,1
2025-08-07 05:37:00+00:00,24405.69921875,24408.400390625,24390.099609375,24390.099609375,0.0,38.7462092654293,-9.122969417843706,-7.8256557201812385,24416.908263629408,24435.59759046233,8.075789615850914,24404.849609375,-3.481192517308729e-05,1
2025-08-07 05:38:00+00:00,24404.849609375,24408.25,24404.849609375,24405.75,0.0,38.27651288020592,-8.980536616338213,-8.056631899412634,24415.75982036709,24434.391787282435,7.741832545075849,24411.94921875,0.000290909777713718,1
2025-08-07 05:39:00+00:00,24411.94921875,24411.94921875,24404.400390625,24405.849609375,0.0,44.34766645829969,-8.200251062549796,-8.085355732040068,24415.39690592737,24433.511686555677,7.728046515070432,24411.44921875,-2.048177290226242e-05,1
2025-08-07 05:40:00+00:00,24411.44921875,24416.44921875,24410.69921875,24411.44921875,0.0,44.01928098047939,-7.535352112292458,-7.975355008090546,24415.02093572,24432.646491739764,7.5867574782796865,24414.150390625,0.00011065184417340033,1
2025-08-07 05:41:00+00:00,24414.150390625,24416.349609375,24408.19921875,24411.19921875,0.0,46.33134972100179,-6.713068829467375,-7.722897772365912,24414.93802666333,24431.92115444115,7.627016988759708,24411.5,-0.00010855960918540693,1
2025-08-07 05:42:00+00:00,24411.5,24415.099609375,24409.400390625,24414.5,0.0,44.39391077529066,-6.203754753700196,-7.419069168632769,24414.610595552535,24431.120324855223,7.489317114562587,24410.0,-6.144644941933105e-05,1
2025-08-07 05:43:00+00:00,24410.0,24413.5,24409.30078125,24411.94921875,0.0,43.29056315039827,-5.853679568939697,-7.105991248694155,24414.1714912142,24430.292076821683,7.254310088522402,24411.599609375,6.553090434248259e-05,1
2025-08-07 05:44:00+00:00,24411.599609375,24413.0,24409.55078125,24409.900390625,0.0,44.86428979485169,-5.38509137354049,-6.761811273663422,24413.926550086657,24429.5590388826,6.982517850056516,24413.25,6.760682017601936e-05,1
2025-08-07 05:45:00+00:00,24413.25,24415.69921875,24410.30078125,24410.94921875,0.0,46.51349860082008,-4.824940214763046,-6.374437061883348,24413.86211674507,24428.91946873034,6.869369253623908,24420.599609375,0.00030105001894463045,1
2025-08-07 05:46:00+00:00,24420.599609375,24421.44921875,24412.55078125,24413.69921875,0.0,53.2236348116323,-3.744796647752082,-5.848508979057095,24414.503782709828,24428.593199736013,7.01430269979363,24425.25,0.00019042901072808743,1
2025-08-07 05:47:00+00:00,24425.25,24425.55078125,24419.400390625,24421.75,0.0,56.90746066966608,-2.4848832431380288,-5.175783831873282,24415.52723197556,24428.46209386401,6.952594694451228,24423.650390625,-6.548998986704332e-05,1
2025-08-07 05:48:00+00:00,24423.650390625,24428.69921875,24422.19921875,24425.05078125,0.0,55.29435576101804,-1.597058010258479,-4.4600386675503225,24416.30086613265,24428.27339961935,6.920266501990426,24421.55078125,-8.596623933848699e-05,1
2025-08-07 05:49:00+00:00,24421.55078125,24424.19921875,24418.599609375,24422.150390625,0.0,53.16415013440144,-1.0507585556042611,-3.7781826451611114,24416.800858048588,24428.009767526437,6.825933850062539,24422.349609375,3.2709967198860764e-05,1
2025-08-07 05:50:00+00:00,24422.349609375,24423.44921875,24418.650390625,24420.94921875,0.0,53.89195830927097,-0.5470475249712763,-3.131955621123144,24417.329310555862,24427.787800540103,6.681140583986642,24420.650390625,-6.9576382992557e-05,1
2025-08-07 05:51:00+00:00,24420.650390625,24423.400390625,24419.849609375,24422.349609375,0.0,52.03948424695985,-0.2817181844475271,-2.5619081337880205,24417.645603895784,24427.50790211206,6.457543488701882,24425.69921875,0.00020674421214179566,1
2025-08-07 05:52:00+00:00,24425.69921875,24428.44921875,24416.69921875,24419.5,0.0,56.79194822321678,0.3321269120788201,-1.9831011246146524,24418.41261483428,24427.43697335276,6.835576096651748,24426.150390625,1.8471195889191376e-05,1
2025-08-07 05:53:00+00:00,24426.150390625,24428.75,24422.650390625,24426.0,0.0,57.20009270865383,0.8452656767476583,-1.4174277643421902,24419.14954586197,24427.386519128144,6.783007045105194,24426.849609375,2.862582678064437e-05,1
2025-08-07 05:54:00+00:00,24426.849609375,24430.44921875,24425.19921875,24425.75,0.0,57.86437762557495,1.2934429490451294,-0.8752536216647264,24419.88288524416,24427.365463843707,6.673506541883394,24428.150390625,5.325210867556009e-05,1
2025-08-07 05:55:00+00:00,24428.150390625,24432.05078125,24424.900390625,24426.900390625,0.0,59.13506371416506,1.7336049236473627,-0.3534819126023086,24420.670266709007,24427.396245286112,6.707569690677437,24433.30078125,0.0002108383378455296,1
2025-08-07 05:56:00+00:00,24433.30078125,24433.30078125,24427.5,24427.599609375,0.0,63.79117999873642,2.4695623618827085,0.2111269422946948,24421.87317285577,24427.627795716067,6.642799087771906,24429.900390625,-0.00013917033377698374,1
2025-08-07 05:57:00+00:00,24429.900390625,24433.5,24426.25,24432.94921875,0.0,59.01064320560038,2.7467677993954567,0.7182551137148473,24422.63766978617,24427.716917085047,6.686170581502485,24425.099609375,-0.00019651251839906416,1
2025-08-07 05:58:00+00:00,24425.099609375,24429.30078125,24424.349609375,24429.30078125,0.0,52.97461039944344,2.549681044747558,1.0845402999213896,24422.8721402232,24427.614277567005,6.605071343538022,24424.150390625,-3.88624310721609e-05,1
2025-08-07 05:59:00+00:00,24424.150390625,24427.900390625,24423.099609375,24424.75,0.0,51.84541099906094,2.290490997147572,1.325730439366626,24422.993878356705,24427.4784388634,6.476193479713877,24422.05078125,-8.596447947708008e-05,1
2025-08-07 06:00:00+00:00,24422.05078125,24424.80078125,24420.80078125,24424.44921875,0.0,49.34011028753928,1.8938292034799813,1.4393501921892973,24422.90405958464,24427.265589545223,6.299322516877171,24427.599609375,0.00022720565830860142,1
2025-08-07 06:01:00+00:00,24427.599609375,24429.44921875,24422.30078125,24422.30078125,0.0,55.46500218931516,2.004113754552236,1.552302904661885,24423.35125480277,24427.27868836208,6.377830729957373,24418.400390625,-0.000376591187718234,1
2025-08-07 06:02:00+00:00,24418.400390625,24427.55078125,24417.599609375,24427.30078125,0.0,45.61798598731728,1.3338393144622387,1.508610186621956,24422.879743928697,24426.93051982337,6.63655710638899,24414.400390625,-0.0001638108940803398,1
2025-08-07 06:03:00+00:00,24414.400390625,24419.5,24413.75,24418.80078125,0.0,42.11665462457002,0.4744067552455817,1.3017695003466812,24422.0721864712,24426.43914220775,6.573231598789776,24419.849609375,0.00022319691095475238,1
2025-08-07 06:04:00+00:00,24419.849609375,24422.30078125,24412.5,24413.75,0.0,47.97491704762,0.2303513256047153,1.087485865398288,24421.86051246204,24426.180729155487,6.803770859590506,24427.80078125,0.0003256028191077587,1
2025-08-07 06:05:00+00:00,24427.80078125,24428.849609375,24420.0,24420.19921875,0.0,55.1135072852321,0.6707962374130148,1.0041479398012334,24422.42625234661,24426.244260610176,6.960644369619756,24423.30078125,-0.00018421633778240308,1
2025-08-07 06:06:00+00:00,24423.30078125,24427.900390625,24420.55078125,24426.94921875,0.0,50.86004606764374,0.6492553992320609,0.933169431687399,24422.509540813597,24426.128830047037,6.988427584289774,24426.5,0.00013099043322006954,1
2025-08-07 06:07:00+00:00,24426.5,24428.599609375,24420.69921875,24423.94921875,0.0,53.60164020281835,0.8801880855680793,0.922573162463535,24422.88958454563,24426.143385731462,7.053567801483362,24426.849609375,1.4312708533764559e-05,1
2025-08-07 06:08:00+00:00,24426.849609375,24427.19921875,24423.75,24426.05078125,0.0,53.90429855441307,1.0789766864218109,0.9538538672551904,24423.26672976748,24426.17108077631,6.796114297805978,24441.599609375,0.0006038437308075522,1
2025-08-07 06:09:00+00:00,24441.599609375,24441.599609375,24426.25,24426.80078125,0.0,64.4426570478338,2.3990648872459133,1.242896071253335,24425.01271830153,24426.77612111351,7.407078231891266,24441.349609375,-1.0228463111886841e-05,1
2025-08-07 06:10:00+00:00,24441.349609375,24448.19921875,24440.349609375,24441.25,0.0,64.17485732465792,3.38603923390474,1.671524703783616,24426.56861268948,24427.3476304571,7.438687599256176,24435.80078125,-0.00022702625729274903,1
2025-08-07 06:11:00+00:00,24435.80078125,24442.30078125,24435.099609375,24441.650390625,0.0,58.376309196963575,3.678080831901752,2.072835929407244,24427.447866838094,24427.67912656663,7.421722190380735,24429.849609375,-0.00024354314917997014,1
2025-08-07 06:12:00+00:00,24429.849609375,24436.80078125,24429.75,24435.599609375,0.0,52.8597835839501,3.3902355430727766,2.33631585214035,24427.676604222564,24427.764243539503,7.395226408924969,24424.599609375,-0.0002149010363938263,1
2025-08-07 06:13:00+00:00,24424.599609375,24431.5,24422.099609375,24429.900390625,0.0,48.50508804771694,2.7072771481980453,2.4105081113518896,24427.383557094225,24427.64014023894,7.5384524243588995,24423.69921875,-3.68640894589895e-05,1
2025-08-07 06:14:00+00:00,24423.69921875,24426.55078125,24421.19921875,24424.19921875,0.0,47.77811588799473,2.069517590698524,2.342310007221217,24427.03266772811,24427.4855942982,7.382246001190407,24426.05078125,9.628199557070833e-05,1
2025-08-07 06:15:00+00:00,24426.05078125,24428.75,24422.25,24423.849609375,0.0,49.89044354606881,1.7338532070025394,2.2206186471774814,24426.939154730197,24427.42932711984,7.319228429676807,24421.900390625,-0.0001699165641703298,1
2025-08-07 06:16:00+00:00,24421.900390625,24429.5,24419.80078125,24426.19921875,0.0,46.32859834682767,1.1200239880781735,2.00049971535762,24426.45927243446,24427.21250608082,7.48922773827132,24425.80078125,0.00015970872711024853,1
2025-08-07 06:17:00+00:00,24425.80078125,24426.19921875,24420.05078125,24421.900390625,0.0,49.9452508200164,0.9374821258061274,1.787896197447321,24426.39655898832,24427.157144322748,7.3934570069662255,24423.599609375,-9.011667190414849e-05,1
2025-08-07 06:18:00+00:00,24423.599609375,24429.150390625,24422.150390625,24425.80078125,0.0,47.98027544043566,0.6081893818554818,1.5519548343289535,24426.13018283467,24427.017633148327,7.365352935040066,24422.19921875,-5.7337601639295624e-05,1
2025-08-07 06:19:00+00:00,24422.19921875,24424.94921875,24421.75,24423.69921875,0.0,46.72090333713088,0.2315534855188161,1.287874564566926,24425.7558053028,24426.828675720943,7.067771921822919,24422.05078125,-6.077974332714393e-06,1
2025-08-07 06:20:00+00:00,24422.05078125,24423.94921875,24421.349609375,24421.900390625,0.0,46.58133644856791,-0.0780115726993244,1.014697337113676,24425.4029458692,24426.64130731032,6.74861745419271,24420.099609375,-7.989385872942373e-05,1
2025-08-07 06:21:00+00:00,24420.099609375,24424.599609375,24420.099609375,24421.80078125,0.0,44.69146469903197,-0.4753083169125602,0.7166962063084288,24424.89786620308,24426.38477013638,6.588001921750374,24420.25,6.1584771317748545e-06,1
2025-08-07 06:22:00+00:00,24420.25,24421.05078125,24416.900390625,24419.349609375,0.0,44.87710076679683,-0.769167102927895,0.419523544461164,24424.45521227898,24426.144190915347,6.413886829125347,24423.599609375,0.00013716523684237467,1
2025-08-07 06:23:00+00:00,24423.599609375,24425.44921875,24417.80078125,24420.0,0.0,48.98418066395347,-0.7234276021918049,0.1909333151305702,24424.37372628813,24426.04440340396,6.502069019902108,24426.650390625,0.00012491120468700108,1
2025-08-07 06:24:00+00:00,24426.650390625,24428.400390625,24423.150390625,24423.150390625,0.0,52.45854350288984,-0.4359804565792728,0.0655505607886016,24424.590551463065,24426.068167608708,6.412635518480529,24428.599609375,7.979885570999593e-05,1
2025-08-07 06:25:00+00:00,24428.599609375,24430.44921875,24425.400390625,24427.099609375,0.0,54.58662510937764,-0.0503109070923528,0.0423782672124107,24424.972366502298,24426.16743983484,6.315220704660491,24428.599609375,0.0,1
2025-08-07 06:26:00+00:00,24428.599609375,24430.30078125,24426.94921875,24427.75,0.0,54.58662510937764,0.2524251890245068,0.0843876515748299,24425.317818204458,24426.26281903249,6.103530832899027,24428.94921875,1.4311478373317391e-05,1
2025-08-07 06:27:00+00:00,24428.94921875,24430.69921875,24426.69921875,24428.900390625,0.0,55.00557908733632,0.5146240157337161,0.1704349244066071,24425.66366587546,24426.36816804102,5.9532786305490974,24429.19921875,1.023375986258619e-05,1
2025-08-07 06:28:00+00:00,24429.19921875,24432.05078125,24427.650390625,24428.25,0.0,55.32298013724729,0.7341288057141355,0.2831737006681128,24426.000385196847,24426.47918963745,5.8423580587241615,24426.44921875,-0.00011257020647198736,1
2025-08-07 06:29:00+00:00,24426.44921875,24430.150390625,24424.05078125,24429.5,0.0,51.05642409033409,0.6783661334120552,0.3622121872169013,24426.043131249528,24426.478014308534,5.860733152743864,24427.150390625,2.8705436009985973e-05,1
2025-08-07 06:30:00+00:00,24427.150390625,24429.099609375,24425.75,24426.80078125,0.0,52.07137110563382,0.6828807006022544,0.426345889893972,24426.14858452338,24426.50438200722,5.681367168619302,24424.0,-0.00012897086130067394,1
2025-08-07 06:31:00+00:00,24424.0,24427.400390625,24421.150390625,24426.69921875,0.0,47.32300107962104,0.4273224261669384,0.4265411971485653,24425.94395742592,24426.406170948118,5.721983799432209,24432.55078125,0.0003500974963150999,1
2025-08-07 06:32:00+00:00,24432.55078125,24433.25,24423.599609375,24423.599609375,0.0,58.40892231053519,0.9043425396303064,0.5221014656449136,24426.573178742496,24426.647136057996,6.002584286972765,24432.599609375,1.9984865860780946e-06,1
2025-08-07 06:33:00+00:00,24432.599609375,24436.80078125,24431.94921875,24432.349609375,0.0,58.46267970042705,1.2716654699579522,0.6720142665075213,24427.14712451702,24426.880566384152,5.9203684450461385,24434.30078125,6.962713351006848e-05,1
2025-08-07 06:34:00+00:00,24434.30078125,24434.900390625,24430.55078125,24432.150390625,0.0,60.38388051823497,1.6806681949165068,0.8737450521893184,24427.82842515826,24427.17155520242,5.808171368614272,24436.75,0.00010023690761306507,1
2025-08-07 06:35:00+00:00,24436.75,24437.849609375,24434.349609375,24434.349609375,0.0,63.03477081488367,2.177338284898724,1.1344636987311996,24428.67809895271,24427.5471804886,5.64678970835611,24433.19921875,-0.00014530497099655233,1
2025-08-07 06:36:00+00:00,24433.19921875,24438.94921875,24432.05078125,24436.5,0.0,57.0723005349077,2.2584010957434657,1.3592511781336527,24429.10868179055,24427.768829047876,5.736193122044959,24428.80078125,-0.00018001889399013477,1
2025-08-07 06:37:00+00:00,24428.80078125,24434.650390625,24428.0,24432.900390625,0.0,50.677586037324765,1.945302573232766,1.4764614571534755,24429.079357929542,24427.809297761683,5.801492943684606,24429.349609375,2.2466437461033525e-05,1
2025-08-07 06:38:00+00:00,24429.349609375,24430.900390625,24421.55078125,24428.55078125,0.0,51.40918417025098,1.7216099336801562,1.5254911524588115,24429.10509616244,24427.86970213868,6.054929831635705,24429.25,-4.077446865870466e-06,1
2025-08-07 06:39:00+00:00,24429.25,24430.55078125,24426.69921875,24428.349609375,0.0,51.26056999517207,1.5187866342130292,1.5241502488096554,24429.11889652792,24427.923831466574,5.897546450804583,24433.400390625,0.00016989431214630004,1
2025-08-07 06:40:00+00:00,24433.400390625,24434.900390625,24427.599609375,24427.75,0.0,56.85691136563992,1.6736566729887272,1.55405153364547,24429.526657870498,24428.1385984924,5.99777750788997,24435.75,9.61638305530955e-05,1
2025-08-07 06:41:00+00:00,24435.75,24435.75,24431.94921875,24433.5,0.0,59.67946020961416,1.9633538139314624,1.6359119897026684,24430.11935712093,24428.43708482603,5.840849203754972,24445.94921875,0.00041738922480382226,1
2025-08-07 06:42:00+00:00,24445.94921875,24449.69921875,24434.150390625,24435.69921875,0.0,69.12277419803368,2.9815629977056237,1.90504219130326,24431.62696299036,24429.12383517599,6.534276269558189,24444.55078125,-5.720528532094802e-05,1
2025-08-07 06:43:00+00:00,24444.55078125,24447.400390625,24439.94921875,24446.900390625,0.0,66.8122268232609,3.6337710419975338,2.2507879614421147,24432.85780282461,24429.728813453403,6.599768812804032,24442.30078125,-9.204505413639447e-05,1
2025-08-07 06:44:00+00:00,24442.30078125,24445.69921875,24440.650390625,24444.0,0.0,63.15441328794135,3.923862574796658,2.5854028841130234,24433.757134103224,24430.221831798368,6.488987335103744,24447.25,0.0002024857968279569,1
2025-08-07 06:45:00+00:00,24447.25,24449.400390625,24438.0,24440.19921875,0.0,67.38432067882336,4.50123535604871,2.968569378500161,24435.04216895053,24430.889603100397,6.839801855810619,24449.30078125,8.38859687694935e-05,1
2025-08-07 06:46:00+00:00,24449.30078125,24449.650390625,24445.69921875,24447.5,0.0,68.97375286067441,5.065891904254386,3.3880338836510058,24436.400132026676,24431.611610086653,6.633471142895575,24447.25,-8.387893250398105e-05,1
2025-08-07 06:47:00+00:00,24447.25,24452.5,24446.25,24448.69921875,0.0,65.53445379961238,5.286960588411603,3.7678192246031257,24437.43345278604,24432.224880279333,6.606080346974463,24440.69921875,-0.0002679557516694107,1
2025-08-07 06:48:00+00:00,24440.69921875,24447.0,24440.25,24446.849609375,0.0,55.93911868522241,4.877342841380596,3.98972394795862,24437.744478115936,24432.557207278183,6.634217465047716,24441.349609375,2.6610966371250313e-05,1
2025-08-07 06:49:00+00:00,24441.349609375,24445.69921875,24438.94921875,24440.44921875,0.0,56.618264830778735,4.552718014310813,4.102322761229059,24438.087823950133,24432.90200736041,6.642487646115737,24442.19921875,3.476114815992462e-05,1
2025-08-07 06:50:00+00:00,24442.19921875,24443.19921875,24440.0,24441.30078125,0.0,57.53899015000922,4.314274604053935,4.1447131297940345,24438.47938535964,24433.26660388549,6.396539867821756,24442.349609375,6.15290889555605e-06,1
2025-08-07 06:51:00+00:00,24442.349609375,24443.599609375,24441.19921875,24441.69921875,0.0,57.71008860742553,4.090291416770924,4.133828787189413,24438.84797812301,24433.6228001792,6.111100636191631,24432.75,-0.0003927449499911423,1
2025-08-07 06:52:00+00:00,24432.75,24442.849609375,24432.75,24442.80078125,0.0,45.19207231802432,3.10241220118769,3.927545469989069,24438.26721830177,24433.588572721197,6.395994117535085,24435.849609375,0.00012686289406636583,1
2025-08-07 06:53:00+00:00,24435.849609375,24436.25,24430.849609375,24433.19921875,0.0,49.036083601605256,2.5403399203023582,3.650104360051727,24438.03696983256,24433.677240825265,6.324879582354007,24435.349609375,-2.046173994327462e-05,1
2025-08-07 06:54:00+00:00,24435.349609375,24436.900390625,24432.94921875,24435.5,0.0,48.44582093716496,2.0311341170963715,3.326310311460656,24437.78103074136,24433.74282390565,6.155329031828721,24435.0,-1.4307524982816983e-05,1
2025-08-07 06:55:00+00:00,24435.0,24435.69921875,24430.650390625,24435.599609375,0.0,48.01064504624934,1.581147806984518,2.9772778105654285,24437.51617067075,24433.79212492896,6.076293252769527,24433.55078125,-5.930913648455085e-05,1
2025-08-07 06:56:00+00:00,24433.55078125,24435.900390625,24430.94921875,24435.44921875,0.0,46.15964460795493,1.0949684579536552,2.600815940043074,24437.13851453544,24433.78266047096,5.995927440071704,24433.55078125,0.0,1
2025-08-07 06:57:00+00:00,24433.55078125,24435.0,24431.75,24433.849609375,0.0,46.15964460795493,0.7015804385373485,2.220968839741929,24436.796825651112,24433.773567168177,5.799789765780868,24434.0,1.83853240988913e-05,1
2025-08-07 06:58:00+00:00,24434.0,24435.44921875,24432.44921875,24433.75,0.0,46.89566902161381,0.4212103470999864,1.8610171412135408,24436.530461303388,24433.782446887075,5.599804782510806,24436.80078125,0.00011462639150364246,1
2025-08-07 06:59:00+00:00,24436.80078125,24440.19921875,24434.69921875,24434.849609375,0.0,51.36025875855835,0.4201711974310456,1.5728479524570416,24436.55620606021,24433.900812940523,5.642620065902891,24440.44921875,0.00014930094706993696,1
2025-08-07 07:00:00+00:00,24440.44921875,24441.69921875,24436.55078125,24437.900390625,0.0,56.491665891580105,0.7056122203721316,1.3994008060400596,24436.92696917352,24434.157613168347,5.607321311195542,24439.0,-5.929591297725418e-05,1
2025-08-07 07:01:00+00:00,24439.0,24442.099609375,24438.94921875,24439.94921875,0.0,54.052331353770064,0.8055999908247031,1.2806406429969883,24437.124400680805,24434.34751069116,5.431826262181574,24428.44921875,-0.00043171902491918656,1
2025-08-07 07:03:00+00:00,24428.44921875,24433.5,24426.900390625,24431.150390625,0.0,40.38126807071458,0.033099597407272,1.031132433879045,24436.29819287787,24434.11620512484,5.908096484525748,24431.94921875,0.00014327557057177348,1
2025-08-07 07:04:00+00:00,24431.94921875,24433.80078125,24426.69921875,24428.55078125,0.0,45.32176318008471,-0.2933106777491048,0.7662438115534151,24435.884004865693,24434.031225267005,5.993344057059623,24435.099609375,0.00012894552934737894,1
2025-08-07 07:05:00+00:00,24435.099609375,24437.55078125,24429.650390625,24431.94921875,0.0,49.387390049158135,-0.2943894397358235,0.5541171612955674,24435.809300533245,24434.073122683007,6.129561669055365,24446.400390625,0.00046248148895060103,1
2025-08-07 07:06:00+00:00,24446.400390625,24446.400390625,24433.849609375,24434.099609375,0.0,60.68123113284866,0.6096070651437913,0.5652151420652123,24436.817975780075,24434.55654495524,6.588220210551411,24442.30078125,-0.00016769787410387697,1
2025-08-07 07:07:00+00:00,24442.30078125,24446.30078125,24440.80078125,24446.05078125,0.0,55.81541401028196,0.9838849799089076,0.6489491096339514,24437.340147729592,24434.86024049621,6.517605150869167,24444.400390625,8.590064387926349e-05,1
2025-08-07 07:08:00+00:00,24444.400390625,24445.44921875,24440.94921875,24441.849609375,0.0,57.68677773733091,1.4334005045238882,0.8058393886119388,24438.01255181487,24435.23436403068,6.373490497235655,24445.25,3.475680979787277e-05,1
2025-08-07 07:09:00+00:00,24445.25,24446.599609375,24442.55078125,24444.099609375,0.0,58.45358539980524,1.8370250907100851,1.0120765290315683,24438.70183259441,24435.62713406869,6.207443184933108,24442.5,-0.00011249629273580757,1
2025-08-07 07:10:00+00:00,24442.5,24447.349609375,24441.650390625,24444.849609375,0.0,54.98048759855629,1.9129472013592024,1.192250663497095,24439.06356282351,24435.896658222864,6.171141439580743,24443.69921875,4.9062851590467427e-05,1
2025-08-07 07:11:00+00:00,24443.69921875,24445.0,24441.349609375,24443.599609375,0.0,56.20258203158498,2.046294542164105,1.363059439230497,24439.50505386413,24436.202640988635,5.991087809967833,24440.80078125,-0.00011857605815148875,1
2025-08-07 07:12:00+00:00,24440.80078125,24444.400390625,24439.0,24444.349609375,0.0,52.49355357343693,1.896234971092781,1.469694545602954,24439.628456472303,24436.38296021457,5.948895153898702,24420.25,-0.0008408391130034387,1
2025-08-07 07:13:00+00:00,24420.25,24440.75,24417.849609375,24440.400390625,0.0,34.90471741021415,0.117678854483529,1.199291407379069,24437.78288918923,24435.75029510812,7.163343491120223,24434.900390625,0.0005999279542592725,1
2025-08-07 07:14:00+00:00,24434.900390625,24435.400390625,24420.55078125,24420.55078125,0.0,48.22361809186967,-0.1084257323673227,0.9377479794297908,24437.508365516445,24435.716965520547,7.733846857825922,24429.849609375,-0.0002067035743652078,1
2025-08-07 07:15:00+00:00,24429.849609375,24439.5,24429.849609375,24434.94921875,0.0,44.81895146132866,-0.6872489046036208,0.6127486026231085,24436.77896016964,24435.486873122685,7.870742841195499,24431.349609375,6.140029611252179e-05,1
2025-08-07 07:16:00+00:00,24431.349609375,24433.19921875,24429.19921875,24429.30078125,0.0,46.03744900456662,-1.0132528269605243,0.2875483167063819,24436.26187914158,24435.324627485523,7.594261209681535,24431.94921875,2.454262186031315e-05,1
2025-08-07 07:17:00+00:00,24431.94921875,24434.69921875,24430.150390625,24431.599609375,0.0,46.54558519530168,-1.209289877788251,-0.0118193221925446,24435.85114958048,24435.192258515504,7.376730275061425,24430.849609375,-4.500702605243295e-05,1
2025-08-07 07:18:00+00:00,24430.849609375,24434.30078125,24430.75,24432.0,0.0,45.69578178411462,-1.4368172053254966,-0.296818898819135,24435.37481241805,24435.02195854921,7.1034482018427525,24425.19921875,-0.00023128097120419998,1
2025-08-07 07:19:00+00:00,24425.19921875,24431.150390625,24424.30078125,24430.69921875,0.0,41.50263234443398,-2.0494487829673744,-0.647344875648783,24434.40570825919,24434.636753066887,7.08531685706827,24433.19921875,0.00032753059364440314,1
2025-08-07 07:20:00+00:00,24433.19921875,24433.849609375,24424.25,24425.150390625,0.0,48.68263746539889,-1.867898608375981,-0.8914556221942227,24434.29080449641,24434.58037917211,7.26490917977768,24429.5,-0.00015140132558495348,1
2025-08-07 07:21:00+00:00,24429.5,24433.25,24428.599609375,24433.19921875,0.0,45.87848143659713,-1.9994662224889908,-1.1130577422531762,24433.83453740151,24434.38114861634,7.078157854436418,24427.849609375,-6.755728217933237e-05,1
2025-08-07 07:22:00+00:00,24427.849609375,24430.599609375,24426.94921875,24429.30078125,0.0,44.64298161691178,-2.211415414771181,-1.332729276756777,24433.26454425613,24434.12500982256,6.833317338048103,24427.94921875,4.077697242813039e-06,1
2025-08-07 07:23:00+00:00,24427.94921875,24428.44921875,24425.349609375,24428.0,0.0,44.7397080065477,-2.344325111975195,-1.535048443800461,24432.75832277936,24433.882821937364,6.566623912116095,24431.849609375,0.00015966918017031913,1
2025-08-07 07:24:00+00:00,24431.849609375,24432.80078125,24426.75,24427.30078125,0.0,48.53200311332218,-2.110598413353728,-1.6501584377111145,24432.67177864561,24433.803088111392,6.529778007679231,24431.19921875,-2.66206052918086e-05,1
2025-08-07 07:25:00+00:00,24431.19921875,24432.400390625,24428.599609375,24431.69921875,0.0,47.94119203437243,-1.9553098142823728,-1.7111887130253662,24432.531534846028,24433.700975587417,6.334849667845,24427.69921875,-0.00014325944333153673,1
2025-08-07 07:26:00+00:00,24427.69921875,24431.75,24426.69921875,24430.30078125,0.0,44.78182109116434,-2.0905645037346403,-1.787063871167221,24432.071314265457,24433.465612574186,6.243130495141785,24433.44921875,0.0002353885213874938,1
2025-08-07 07:27:00+00:00,24433.44921875,24434.55078125,24426.80078125,24428.19921875,0.0,50.5476673355563,-1.7140197219268885,-1.7724550413191549,24432.202543263986,24433.46496967912,6.350764031203086,24436.80078125,0.00013717107519261104,1
2025-08-07 07:28:00+00:00,24436.80078125,24437.150390625,24432.099609375,24433.150390625,0.0,53.58967134814643,-1.132111904589692,-1.6443864139732625,24432.64047069123,24433.595785819158,6.257908118260009,24435.5,-5.3230423312943255e-05,1
2025-08-07 07:29:00+00:00,24435.5,24438.75,24434.94921875,24436.44921875,0.0,52.24637814003149,-0.7670656869631785,-1.4689222685712455,24432.912806815875,24433.67046088507,6.082399056241437,24434.650390625,-3.476946962411246e-05,1
2025-08-07 07:30:00+00:00,24434.650390625,24436.44921875,24433.0,24435.80078125,0.0,51.34115618019631,-0.5400944331340725,-1.2831567014838112,24433.07829098817,24433.708889502323,5.8943147486527625,24430.30078125,-0.00017800988782179763,1
2025-08-07 07:31:00+00:00,24430.30078125,24435.099609375,24427.599609375,24434.75,0.0,46.86445500243568,-0.7030904159400961,-1.1671434443750683,24432.813766251205,24433.57523819831,6.009006552320423,24436.30078125,0.00024559664875697875,1
2025-08-07 07:32:00+00:00,24436.30078125,24436.30078125,24428.150390625,24430.44921875,0.0,52.957924154502926,-0.3441489162469224,-1.0025445387494392,24433.14586291776,24433.68212223956,6.161962557511821,24435.05078125,-5.115340538610191e-05,1
2025-08-07 07:33:00+00:00,24435.05078125,24436.05078125,24433.900390625,24435.650390625,0.0,51.629547476939145,-0.158720118291967,-0.8337796546579448,24433.327283711307,24433.73579514193,5.893278848046691,24434.849609375,-8.232922321338792e-06,1
2025-08-07 07:34:00+00:00,24434.849609375,24435.94921875,24432.94921875,24435.25,0.0,51.406063407721874,-0.0276802681219123,-0.6725597773507384,24433.47226710785,24433.77947413146,5.686616073186213,24427.5,-0.00030078390055571084,1
2025-08-07 07:35:00+00:00,24427.5,24435.400390625,24426.94921875,24435.400390625,0.0,43.92531846370829,-0.5109918995512999,-0.6402462017908508,24432.903479764245,24433.533220243957,5.88408434474434,24420.94921875,-0.00026817239791218915,1
2025-08-07 07:36:00+00:00,24420.94921875,24427.75,24417.55078125,24427.75,0.0,38.5416932978021,-1.4064010335823696,-0.7934771681491546,24431.76497871527,24433.039729989287,6.19230823083403,24413.849609375,-0.0002907179942681768,1
2025-08-07 07:37:00+00:00,24413.849609375,24421.25,24413.44921875,24421.05078125,0.0,33.718310388802095,-2.658255649606872,-1.166432864440698,24430.05875306381,24432.287176239708,6.307199160774457,24411.75,-8.600074992653935e-05,1
2025-08-07 07:38:00+00:00,24411.75,24414.849609375,24410.5,24414.0,0.0,32.42589633638089,-3.776250120565237,-1.688396315665606,24428.315062295835,24431.481796779328,6.167371318933425,24411.849609375,4.080386494208731e-06,1
2025-08-07 07:39:00+00:00,24411.849609375,24412.349609375,24408.94921875,24412.0,0.0,32.55796898976492,-4.6011914782066015,-2.270955348173805,24426.746923922423,24430.7119070772,5.969729840795323,24410.5,-5.528501103340007e-05,1
2025-08-07 07:40:00+00:00,24410.5,24413.69921875,24408.75,24411.5,0.0,31.65521294852337,-5.302738970909559,-2.877312072720956,24425.199597834573,24429.919283270254,5.8968361914528,24403.30078125,-0.0002949230351692919,1
2025-08-07 07:41:00+00:00,24403.30078125,24409.05078125,24400.400390625,24408.599609375,0.0,27.305805814191487,-6.366251021081553,-3.5750998623930754,24423.11399625509,24428.87542044593,6.197034275991885,24405.69921875,9.828332328890574e-05,1
2025-08-07 07:42:00+00:00,24405.69921875,24407.150390625,24398.69921875,24403.349609375,0.0,30.72099063381907,-6.935608741059696,-4.2472016381264,24421.45544601651,24427.96654979119,6.358044104492464,24402.69921875,-0.0001229221081973841,1
2025-08-07 07:43:00+00:00,24402.69921875,24407.150390625,24400.0,24405.349609375,0.0,28.892561774707342,-7.5419646898590145,-4.906154248472923,24419.669138657795,24426.97567406408,6.4146402845287165,24403.150390625,1.8488605336467807e-05,1
2025-08-07 07:44:00+00:00,24403.150390625,24405.099609375,24400.599609375,24402.099609375,0.0,29.57144809542831,-7.895090657559194,-5.503941530290177,24418.095924559435,24426.04134922333,6.277880264205237,24403.0,-6.162754504753445e-06,1
2025-08-07 07:45:00+00:00,24403.0,24404.5,24401.900390625,24402.94921875,0.0,29.47044558781721,-8.093780731593142,-6.0219093705507705,24416.65821745853,24425.13776690085,6.015146629262006,24397.400390625,-0.0002294639747162234,1
2025-08-07 07:46:00+00:00,24397.400390625,24403.75,24396.44921875,24403.5,0.0,25.92047919728105,-8.603905261315958,-6.538308548703808,24414.824138712484,24424.05002665474,6.106977673600434,24389.80078125,-0.0003114925874610904,1
2025-08-07 07:47:00+00:00,24389.80078125,24397.099609375,24385.5,24396.599609375,0.0,22.04013682224543,-9.511761919802666,-7.13299922292358,24412.44096181129,24422.706918991807,6.520792884414688,24387.900390625,-7.79174312264556e-05,1
2025-08-07 07:48:00+00:00,24387.900390625,24390.900390625,24384.94921875,24389.900390625,0.0,21.186028666808525,-10.26624759189508,-7.759648896717881,24410.103764555453,24421.341957095072,6.4801056694564965,24404.44921875,0.0006785671525606841,1
2025-08-07 07:49:00+00:00,24404.44921875,24405.599609375,24381.80078125,24387.05078125,0.0,42.19387349865594,-9.420240133087646,-8.091767143991834,24409.565236383507,24420.67949676781,7.717157273423889,24391.25,-0.0005408529662639961,1
2025-08-07 07:50:00+00:00,24391.25,24404.650390625,24391.25,24404.650390625,0.0,34.33322239497764,-9.702989743615037,-8.414011663916476,24407.820928156507,24419.525398855352,8.123102512822182,24384.69921875,-0.0002685709526982012,1
2025-08-07 07:51:00+00:00,24384.69921875,24393.150390625,24384.69921875,24391.5,0.0,31.2241599738404,-10.33651127900157,-8.798511586933495,24405.618860593982,24418.1596663022,8.146536038692027,24379.599609375,-0.00020913152666975624,1
2025-08-07 07:52:00+00:00,24379.599609375,24386.849609375,24379.599609375,24385.349609375,0.0,29.0209542069598,-11.121871505823949,-9.263183570711586,24403.140836668364,24416.647507207017,8.082497750214026,24370.80078125,-0.00036090945979344444,1
2025-08-07 07:53:00+00:00,24370.80078125,24379.30078125,24369.55078125,24379.30078125,0.0,25.65704997448931,-12.312338069503312,-9.873014470469933,24400.060831390423,24414.84959638517,8.222949919841595,24362.349609375,-0.0003467744843863326,1
2025-08-07 07:54:00+00:00,24362.349609375,24371.349609375,24359.5,24370.599609375,0.0,22.91018498239734,-13.778895805215145,-10.654190737418974,24396.46928643657,24412.790773365163,8.48199702378148,24365.44921875,0.0001272294924216679,1
2025-08-07 07:55:00+00:00,24365.44921875,24367.099609375,24357.05078125,24362.25,0.0,26.037812714972414,-14.523621536271094,-11.428076897189396,24393.514994275945,24410.93424181163,8.593913531011374,24367.150390625,6.981902363987171e-05,1
2025-08-07 07:56:00+00:00,24367.150390625,24370.75,24365.05078125,24365.099609375,0.0,27.76987042224627,-14.805878736828165,-12.103637265117152,24391.00407964252,24409.217228039604,8.38714961808199,24364.849609375,-9.442143267130658e-05,1
2025-08-07 07:57:00+00:00,24364.849609375,24366.80078125,24361.30078125,24366.80078125,0.0,26.853919686497704,-15.041830560774542,-12.69127592424863,24388.51317771228,24407.477321425307,8.205896743576133,24359.849609375,-0.00020521366149028566,1
2025-08-07 07:58:00+00:00,24359.849609375,24365.19921875,24359.80078125,24365.05078125,0.0,24.929535385173097,-15.454136627275147,-13.243848064853934,24385.78331406111,24405.60956801157,8.005363940463551,24358.0,-7.592860402094475e-05,1
2025-08-07 07:59:00+00:00,24358.0,24360.849609375,24355.94921875,24358.80078125,0.0,24.237595523485723,-15.748600115246518,-13.74479847493245,24383.13728415053,24403.742526128764,7.783580132216154,24358.25,1.0263568437474342e-05,1
2025-08-07 08:00:00+00:00,24358.25,24359.25,24354.650390625,24357.849609375,0.0,24.542456266632,-15.779890880865423,-14.151816956119044,24380.76706661238,24401.958505496263,7.556153649557857,24365.30078125,0.00028946173267784014,1
2025-08-07 08:01:00+00:00,24365.30078125,24365.849609375,24357.849609375,24358.75,0.0,32.760258833957195,-15.062123137340675,-14.333878192363372,24379.29408705406,24400.52094768269,7.587856960303725,24359.400390625,-0.00024216366865212552,1
2025-08-07 08:02:00+00:00,24359.400390625,24366.349609375,24358.94921875,24365.900390625,0.0,29.832281477036236,-14.798807796829353,-14.426864113256569,24377.399449298908,24398.90837681768,7.57446650778203,24351.75,-0.0003140631748860429,1
2025-08-07 08:03:00+00:00,24351.75,24359.599609375,24346.150390625,24359.5,0.0,26.52234377994587,-15.034146793044783,-14.548320649214212,24374.95664460377,24397.059028707183,7.994091667940457,24356.849609375,0.00020941449279825885,1
2025-08-07 08:04:00+00:00,24356.849609375,24359.599609375,24344.5,24351.80078125,0.0,31.94291064594532,-14.640393443434732,-14.566735208058317,24373.232165058176,24395.48218873338,8.501628647016139,24353.150390625,-0.00015187591208742216,1
2025-08-07 08:05:00+00:00,24353.150390625,24356.80078125,24347.55078125,24355.55078125,0.0,30.202354647022005,-14.46014951205143,-14.54541806885694,24371.31961511216,24393.822118219327,8.558571466872129,24351.55078125,-6.56838786498763e-05,1
2025-08-07 08:06:00+00:00,24351.55078125,24355.150390625,24350.30078125,24352.5,0.0,29.454942245314516,-14.281748894733028,-14.492684234032158,24369.43686903005,24392.16441873033,8.293645603166977,24347.900390625,-0.0001499038257477506,1
2025-08-07 08:07:00+00:00,24347.900390625,24352.25,24347.69921875,24351.05078125,0.0,27.76626356054149,-14.2704206102826,-14.448231509282246,24367.38577584862,24390.42857449091,8.026298149369335,24347.30078125,-2.4626738461229934e-05,1
2025-08-07 08:08:00+00:00,24347.30078125,24348.75,24346.349609375,24347.80078125,0.0,27.48749882894434,-14.146751384741949,-14.387935484374188,24365.472919220178,24388.73728848146,7.624447611914383,24358.349609375,0.0004538009459146604,1
2025-08-07 08:09:00+00:00,24358.349609375,24359.400390625,24345.19921875,24346.69921875,0.0,39.53407366557446,-13.007255002798049,-14.11179938805896,24364.79450875873,24387.54561479101,8.094213630706212,24356.900390625,-5.9495769345646765e-05,1
2025-08-07 08:10:00+00:00,24356.900390625,24358.5,24354.150390625,24358.5,0.0,38.62760888927955,-12.0818635496762,-13.705812220382407,24364.04268798409,24386.343841294303,7.826741898155769,24360.400390625,0.00014369644510871975,1
2025-08-07 08:11:00+00:00,24360.400390625,24365.349609375,24355.75,24356.650390625,0.0,42.08155113541998,-10.939954422017763,-13.15264066070948,24363.69580252132,24385.32645107198,7.953375289358928,24362.30078125,7.80114692093221e-05,1
2025-08-07 08:12:00+00:00,24362.30078125,24363.05078125,24358.849609375,24361.650390625,0.0,43.92680798076725,-9.769026315771043,-12.475917791721791,24363.562943352623,24384.42348362798,7.6853607597618625,24360.80078125,-6.157053939480329e-05,1
2025-08-07 08:13:00+00:00,24360.80078125,24364.099609375,24359.69921875,24362.19921875,0.0,42.76857027712669,-8.859962684768107,-11.752726770331057,24363.299880295228,24383.497103142567,7.450720035850301,24385.400390625,0.0010098029861946823,2
2025-08-07 08:14:00+00:00,24385.400390625,24394.80078125,24360.69921875,24361.19921875,0.0,60.95236222518031,-6.084403107084654,-10.619062037681775,24365.404690802825,24383.57174186737,9.354351640432425,24390.05078125,0.00019070388636258968,1
2025-08-07 08:15:00+00:00,24390.05078125,24395.5,24382.650390625,24386.150390625,0.0,63.32466365553604,-3.469510133327276,-9.189151656810877,24367.751937512083,24383.82582184316,9.60401290718725,24377.650390625,-0.0005084200412789988,1
2025-08-07 08:16:00+00:00,24377.650390625,24393.400390625,24377.650390625,24389.849609375,0.0,53.917928471541714,-2.370471185127826,-7.825415562474267,24368.69464733236,24383.5836480699,10.043011985245304,24376.30078125,-5.536256995132821e-05,1
2025-08-07 08:17:00+00:00,24376.30078125,24381.94921875,24374.80078125,24376.75,0.0,52.9952291435817,-1.5900480142045126,-6.578342052820316,24369.4190410388,24383.298045449512,9.83625666487064,24373.650390625,-0.00010872817203825501,1
2025-08-07 08:18:00+00:00,24373.650390625,24377.0,24370.05078125,24376.400390625,0.0,51.14421389096924,-1.1719123259972548,-5.497056107455704,24369.82202671368,24382.919706044628,9.630039670951309,24377.05078125,0.00013951092965163375,1
2025-08-07 08:19:00+00:00,24377.05078125,24379.25,24372.849609375,24373.5,0.0,53.393394363521416,-0.5597017816617154,-4.509585242296906,24370.510479526663,24382.689552131116,9.39935045338336,24378.400390625,5.536393172048826e-05,1
2025-08-07 08:20:00+00:00,24378.400390625,24379.30078125,24373.5,24377.650390625,0.0,54.29280258099675,0.0339898688180255,-3.6008702200739195,24371.261899631267,24382.521349719107,9.142309795998834,24372.900390625,-0.00022560955238536034,1
2025-08-07 08:21:00+00:00,24372.900390625,24378.30078125,24371.349609375,24378.25,0.0,50.05360170059946,0.0599991121416678,-2.868696353630802,24371.417946392576,24382.144057205613,8.99291489985606,24382.849609375,0.0004082082390911076,1
2025-08-07 08:22:00+00:00,24382.849609375,24385.19921875,24372.349609375,24372.849609375,0.0,56.647824359895246,0.8733628456648148,-2.1202845137716784,24372.506676200424,24382.17172591814,9.268393076652057,24380.150390625,-0.00011070152969168022,1
2025-08-07 08:23:00+00:00,24380.150390625,24384.150390625,24375.30078125,24381.94921875,0.0,54.54385670046771,1.2853384876470957,-1.4391599134879238,24373.234649002763,24382.092457867428,9.23847995510548,24383.44921875,0.00013530794815230147,1
2025-08-07 08:24:00+00:00,24383.44921875,24383.69921875,24377.30078125,24379.849609375,0.0,56.66235175834726,1.856618074809376,-0.7800043158284639,24374.20746516917,24382.145664176547,9.035619779740804,24383.0,-1.842310109492495e-05,1
2025-08-07 08:25:00+00:00,24383.0,24385.05078125,24379.75,24382.599609375,0.0,56.27771200084258,2.2472086422458237,-0.1745617242136064,24375.04484943877,24382.179167542174,8.768845599045033,24382.69921875,-1.2335694951400566e-05,1
2025-08-07 08:26:00+00:00,24382.69921875,24383.80078125,24379.349609375,24382.75,0.0,56.00358427222404,2.5036237319254724,0.3610753670142093,24375.773836992223,24382.199561707184,8.460440333041817,24389.44921875,0.0002768356341290275,1
2025-08-07 08:27:00+00:00,24389.44921875,24390.69921875,24381.5,24382.400390625,0.0,60.6373928306636,3.2144489590828016,0.9317500854279278,24377.076254302487,24382.48386198337,8.513210219967402,24386.75,-0.00011067157465470389,1
2025-08-07 08:28:00+00:00,24386.75,24393.75,24384.75,24389.5,0.0,58.00642299964583,3.519409120428463,1.449281892428035,24377.99756341653,24382.65116151344,8.547980918541159,24388.25,6.15088111371954e-05,1
2025-08-07 08:29:00+00:00,24388.25,24388.25,24385.0,24387.150390625,0.0,59.069250792315216,3.8378889149826136,1.9270032969389508,24378.97398594829,24382.87072380703,8.169553710073933,24392.400390625,0.00017017992783410044,1
2025-08-07 08:30:00+00:00,24392.400390625,24394.44921875,24388.400390625,24388.400390625,0.0,61.93960640931851,4.374758787755127,2.416554395102186,24380.2526911556,24383.244436231264,8.02881549864008,24394.599609375,9.015999716228215e-05,1
2025-08-07 08:31:00+00:00,24394.599609375,24397.349609375,24390.099609375,24392.400390625,0.0,63.40408413941307,4.920964784509124,2.9174364729835736,24381.619064319355,24383.68973713886,7.973185820165789,24401.0,0.000262369160694906,1
2025-08-07 08:32:00+00:00,24401.0,24402.400390625,24391.099609375,24394.55078125,0.0,67.34244816554849,5.803397056501126,3.494628589687085,24383.464867717517,24384.368570976552,8.210871208011088,24399.599609375,-5.7390706323511335e-05,1
2025-08-07 08:33:00+00:00,24399.599609375,24402.150390625,24390.849609375,24400.650390625,0.0,65.67702685521138,6.316913720525918,4.059085615854851,24385.00150978013,24384.96586660002,8.431579068153154,24404.900390625,0.00021724869812877147,1
2025-08-07 08:34:00+00:00,24404.900390625,24404.900390625,24395.44921875,24399.44921875,0.0,68.82030261694113,7.070108315179823,4.661290155719846,24386.896641289168,24385.747612640214,8.50440712578507,24416.80078125,0.00048762299515762276,1
2025-08-07 08:35:00+00:00,24416.80078125,24417.44921875,24404.30078125,24404.94921875,0.0,74.47244210431339,8.528965915662411,5.434825307708359,24389.74465461877,24386.96538395825,8.836123581086136,24413.0,-0.00015566254088941384,1
2025-08-07 08:36:00+00:00,24413.0,24422.849609375,24413.0,24416.94921875,0.0,70.10159877837432,9.271553099340965,6.20217086603488,24391.959449416983,24387.98634929322,8.908515423508556,24415.80078125,0.00011472499283168803,1
2025-08-07 08:37:00+00:00,24415.80078125,24418.30078125,24406.25,24412.30078125,0.0,71.43216932502887,9.971117595388932,6.955960211905691,24394.2300524487,24389.077111330746,9.132962982543658,24416.650390625,3.479752241640395e-05,1
2025-08-07 08:38:00+00:00,24416.650390625,24422.44921875,24413.25,24415.099609375,0.0,71.8415464103466,10.4733535741143,7.659438884347413,24396.365322751204,24390.158416401104,9.137695537361967,24413.69921875,-0.00012086718807806372,1
2025-08-07 08:39:00+00:00,24413.69921875,24417.5,24412.44921875,24416.80078125,0.0,68.18640685864976,10.512067726114765,8.229964652700884,24398.016169989183,24391.081585120668,8.845773088264684,24417.400390625,0.00015160225584156693,1
2025-08-07 08:40:00+00:00,24417.400390625,24419.44921875,24413.400390625,24413.400390625,0.0,70.23194765162656,10.717853861144247,8.727542494389558,24399.86228624021,24392.113695140444,8.64599130517435,24422.55078125,0.00021093116149160086,1
2025-08-07 08:41:00+00:00,24422.55078125,24424.400390625,24413.80078125,24417.5,0.0,72.84820008680961,11.16779890156613,9.215593775824871,24402.02309528876,24393.307306360428,8.78553545301904,24433.150390625,0.00043400910371482043,1
2025-08-07 08:42:00+00:00,24433.150390625,24442.75,24421.5,24421.55078125,0.0,77.27480889677176,12.23860446569961,9.82019591379982,24404.987599606506,24394.86978025316,9.675854349231964,24418.900390625,-0.0005832240121383497,1
2025-08-07 08:43:00+00:00,24418.900390625,24436.099609375,24417.94921875,24433.19921875,0.0,62.51814213460533,11.801331281294551,10.216422987298769,24406.31262732255,24395.812157130484,10.281178368929684,24427.599609375,0.0003562494056177828,1
2025-08-07 08:44:00+00:00,24427.599609375,24430.19921875,24417.94921875,24419.05078125,0.0,66.69893391154518,12.018204996857094,10.576779389210431,24408.33995894659,24397.05872388517,10.421808485434706,24433.099609375,0.00022515515596911823,1
2025-08-07 08:45:00+00:00,24433.099609375,24436.19921875,24426.599609375,24427.349609375,0.0,69.04949875718656,12.48990713871899,10.959404939112146,24410.698020892152,24398.472091943597,10.363079977546514,24441.19921875,0.0003315015083838226,1
2025-08-07 08:46:00+00:00,24441.19921875,24444.25,24432.849609375,24432.849609375,0.0,72.16540947235163,13.36326190498221,11.44017633228616,24413.602896878616,24400.14766554385,10.437173595221765,24449.400390625,0.00033554703276214424,1
2025-08-07 08:47:00+00:00,24449.400390625,24453.44921875,24440.19921875,24441.19921875,0.0,74.91876765350513,14.549450866812547,12.062031239191436,24417.01218199732,24402.079144958792,10.638089766991635,24464.599609375,0.0006216601841830062,1
2025-08-07 08:48:00+00:00,24464.599609375,24467.05078125,24448.5,24448.5,0.0,79.05407230830289,16.525468775740592,12.954718746501268,24421.544317938053,24404.53092787708,11.203282015777948,24467.30078125,0.00011041144830201482,1
2025-08-07 08:49:00+00:00,24467.30078125,24468.599609375,24464.05078125,24464.599609375,0.0,79.69481151774085,18.10078462290039,13.983931921781092,24425.902076348717,24406.99249075445,10.72796388072238,24478.75,0.0004679395922076483,1
2025-08-07 08:50:00+00:00,24478.75,24487.19921875,24466.5,24466.69921875,0.0,82.182705033986,20.04205768409156,15.195557074243188,24430.93521193455,24409.806510724866,11.440196371385069,24481.099609375,9.59856763519379e-05,1
2025-08-07 08:51:00+00:00,24481.099609375,24484.25,24476.5,24477.5,0.0,82.65245555299686,21.522031825374142,16.46085202446938,24435.712773595544,24412.602318515063,11.176610916286135,24490.650390625,0.0003901287688214194,1
2025-08-07 08:52:00+00:00,24490.650390625,24513.69921875,24480.599609375,24480.599609375,0.0,84.44742002598558,23.19817608905214,17.80831683738593,24440.944927598342,24415.66302722526,12.74253937762284,24485.0,-0.00023071623394546373,1
2025-08-07 08:53:00+00:00,24485.0,24495.150390625,24480.94921875,24490.19921875,0.0,79.22463271088174,23.796284438496517,19.005910357608048,24445.14064877946,24418.382124196814,12.84672741314978,24453.94921875,-0.0012681552481110885,0
2025-08-07 08:54:00+00:00,24453.94921875,24485.599609375,24452.44921875,24485.599609375,0.0,57.99704787834617,21.516719718682,19.50807222982284,24445.979560205225,24419.776912218516,14.29698907113908,24455.0,4.2969797663369494e-05,1
2025-08-07 08:55:00+00:00,24455.0,24463.75,24450.099609375,24453.55078125,0.0,58.40323335495707,19.569354186416604,19.520328621141594,24446.83864970949,24421.15820977857,14.250803467843433,24454.75,-1.0222858311183806e-05,1
2025-08-07 08:56:00+00:00,24454.75,24456.94921875,24449.5,24454.55078125,0.0,58.25888258540192,17.800684847046796,19.17639986632264,24447.59211164192,24422.475534885296,13.764975987997472,24451.0,-0.00015334444228626341,1
2025-08-07 08:57:00+00:00,24451.0,24456.25,24448.099609375,24453.849609375,0.0,56.02213087433103,15.91297314415715,18.52371452188954,24447.91667243793,24423.594141360383,13.363934176354794,24447.55078125,-0.0001410665719193489,1
2025-08-07 08:58:00+00:00,24447.55078125,24450.650390625,24436.94921875,24448.25,0.0,53.96964879658447,13.97750096218806,17.614471809949247,24447.88182565813,24424.533617434485,13.412994681615166,24469.650390625,0.0009039600560702895,2
2025-08-07 08:59:00+00:00,24469.650390625,24469.650390625,24445.650390625,24447.25,0.0,63.25787122708096,14.064749419765576,16.904527331912515,24449.95502232164,24426.30290265764,14.169209347214082,24471.599609375,7.965862686566211e-05,1
2025-08-07 09:00:00+00:00,24471.599609375,24478.599609375,24467.80078125,24469.349609375,0.0,63.94885531093789,14.128317662369229,16.349285398003857,24452.01641156482,24428.07924409754,13.928467831341647,24476.150390625,0.00018596174024752385,1
2025-08-07 09:01:00+00:00,24476.150390625,24476.94921875,24465.69921875,24469.650390625,0.0,65.57653296504026,14.38014065686366,15.95545644977582,24454.31488576103,24429.96438709862,13.737148700531533,24469.55078125,-0.00026963428765039053,1
2025-08-07 09:02:00+00:00,24469.55078125,24477.80078125,24468.44921875,24476.05078125,0.0,61.25713724779393,13.887097062441171,15.54178457230889,24455.765923426647,24431.5167947124,13.423892543350709,24476.30078125,0.0002758530412079426,1
2025-08-07 09:03:00+00:00,24476.30078125,24476.80078125,24467.05078125,24469.30078125,0.0,63.87784401796696,13.88101336809268,15.209630331465648,24457.721624171725,24433.27302947858,13.161471647397084,24478.5,8.985094478348237e-05,1
2025-08-07 09:04:00+00:00,24478.5,24481.44921875,24470.44921875,24476.19921875,0.0,64.71530094711773,13.893495007927411,14.946403266758002,24459.70051710775,24435.04663616569,13.00708081544015,24470.150390625,-0.0003410997150560696,1
2025-08-07 09:05:00+00:00,24470.150390625,24483.5,24469.94921875,24478.599609375,0.0,59.11196542831261,13.078877937910876,14.57289820098858,24460.69574315701,24436.423253987632,13.045916560765852,24487.400390625,0.0007049404978977497,1
2025-08-07 09:06:00+00:00,24487.400390625,24503.5,24469.44921875,24469.80078125,0.0,65.71637519890895,13.667666524783272,14.39185186574752,24463.239042915862,24438.422357385178,14.54626403856829,24491.5,0.00016741709244765465,1
2025-08-07 09:07:00+00:00,24491.5,24493.55078125,24486.19921875,24487.19921875,0.0,67.07741180910827,14.300245606809767,14.37353061395997,24465.930562638165,24440.503833566152,14.032356785813414,24499.900390625,0.00034299208398832245,1
2025-08-07 09:08:00+00:00,24499.900390625,24507.650390625,24484.25,24491.30078125,0.0,69.72925517405817,15.303006867867223,14.55942586474142,24469.1657843512,24442.83311031356,14.701502060041028,24494.099609375,-0.00023676754425580016,1
2025-08-07 09:09:00+00:00,24494.099609375,24506.099609375,24488.80078125,24499.0,0.0,65.78853322820909,15.451512407234986,14.737843173240137,24471.54043435346,24444.843561257145,14.88702535039524,24482.900390625,-0.00045722108297924745,1
2025-08-07 09:10:00+00:00,24482.900390625,24497.19921875,24479.69921875,24493.75,0.0,58.871044928013085,14.498392318055268,14.68995300220316,24472.62233495075,24446.33598593824,15.07366639679558,24491.599609375,0.0003553181449584751,1
2025-08-07 09:11:00+00:00,24491.599609375,24491.599609375,24479.099609375,24483.25,0.0,62.19619289171406,14.280376737438928,14.608037749250316,24474.429694419727,24448.111029994583,14.88983308273875,24495.849609375,0.00017352888613993047,1
2025-08-07 09:12:00+00:00,24495.849609375,24497.55078125,24489.55078125,24491.80078125,0.0,63.73860753134439,14.285858812592778,14.543601961918808,24476.46968632023,24449.98313114676,14.39770214825741,24509.75,0.0005674590123087656,1
2025-08-07 09:13:00+00:00,24509.75,24509.80078125,24494.30078125,24495.25,0.0,68.29495404669132,15.236215145690949,14.682124598673235,24479.639240004017,24452.32692992532,14.476437709096166,24515.05078125,0.00021627235079917177,1
2025-08-07 09:14:00+00:00,24515.05078125,24521.650390625,24508.400390625,24511.05078125,0.0,69.85072855317038,16.23001858164571,14.991703395267733,24483.01176774173,24454.7866888008,14.388835015589295,24508.900390625,-0.00025088223067047617,1
2025-08-07 09:15:00+00:00,24508.900390625,24519.80078125,24504.75,24514.900390625,0.0,65.8152740230442,16.33305257896791,15.259973232007768,24485.47735087347,24456.908794754687,14.436116889475771,24509.55078125,2.653691575852108e-05,1
2025-08-07 09:16:00+00:00,24509.55078125,24510.94921875,24504.25,24508.75,0.0,66.03871452313217,16.279528580249462,15.463884301656108,24487.77005852837,24458.973186381954,13.883481308084646,24511.400390625,7.546484191032036e-05,1
2025-08-07 09:17:00+00:00,24511.400390625,24515.25,24506.900390625,24508.55078125,0.0,66.70520893804726,16.199619316801545,15.611031304685197,24490.0205663471,24461.0291551758,13.48820474143574,24509.05078125,-9.585781871111155e-05,1
2025-08-07 09:18:00+00:00,24509.05078125,24512.69921875,24504.650390625,24511.19921875,0.0,64.96112937778429,15.764968071172916,15.64181865798274,24491.832967766422,24462.912356198314,13.09967784026176,24518.94921875,0.00040386866012667196,1
2025-08-07 09:19:00+00:00,24518.94921875,24520.150390625,24507.30078125,24508.94921875,0.0,68.67673208728438,16.034390536035062,15.720333033593208,24494.415467860097,24465.10988021995,13.081815807028777,24535.099609375,0.0006586901616750183,1
2025-08-07 09:20:00+00:00,24535.099609375,24540.44921875,24519.19921875,24519.19921875,0.0,73.59647254529538,17.351098664792517,16.04648615983307,24498.290148004373,24467.85457548093,13.683114677955292,24533.150390625,-7.944613150277134e-05,1
2025-08-07 09:21:00+00:00,24533.150390625,24539.150390625,24531.349609375,24532.30078125,0.0,72.12409981452001,18.029481045843568,16.44308513703517,24501.610171111097,24470.41519568266,13.262948004529914,24539.19921875,0.000246557332779873,1
2025-08-07 09:22:00+00:00,24539.19921875,24541.349609375,24531.69921875,24532.099609375,0.0,73.87104076354566,18.838040641585398,16.922076237945213,24505.19008041004,24473.11260835197,13.004908191706347,24532.0,-0.00029337627058747683,1
2025-08-07 09:23:00+00:00,24532.0,24542.599609375,24530.55078125,24538.55078125,0.0,68.3785653944014,18.6825523260959,17.274171455575352,24507.74340608528,24475.421917828367,12.936616758370182,24534.19921875,8.964694073047448e-05,1
2025-08-07 09:24:00+00:00,24534.19921875,24536.94921875,24530.0,24531.849609375,0.0,69.13356736019551,18.52326067064496,17.523989298589274,24510.26300729144,24477.72691002137,12.508945472058029,24518.650390625,-0.0006337613869670127,1
2025-08-07 09:25:00+00:00,24518.650390625,24540.19921875,24517.400390625,24534.349609375,0.0,58.49881256887747,16.947005868842098,17.40859261263984,24511.06180570416,24479.331752397982,13.24393709012531,24533.25,0.0005954491435051554,1
2025-08-07 09:26:00+00:00,24533.25,24533.849609375,24518.650390625,24519.349609375,0.0,64.08530207869677,16.683561334735714,17.263586357059015,24513.174967065668,24481.44619348042,13.383600065830644,24530.099609375,-0.00012841309753090194,1
2025-08-07 09:27:00+00:00,24530.099609375,24535.44921875,24528.25,24533.80078125,0.0,62.14143052184922,16.035719654628338,17.01801301657288,24514.7868377618,24483.354170574326,12.941858543271312,24526.150390625,-0.00016099481098277618,1
2025-08-07 09:28:00+00:00,24526.150390625,24529.80078125,24521.849609375,24529.400390625,0.0,59.69691669951226,15.030370749645954,16.620484563187496,24515.869080891625,24485.032453713568,12.606725790180503,24537.099609375,0.00044643038453296303,1
2025-08-07 09:29:00+00:00,24537.099609375,24537.849609375,24524.0,24524.349609375,0.0,63.93311700416658,14.944859903869656,16.285359631323928,24517.89103598528,24487.074302955192,12.695503189096184,24546.900390625,0.0003994270474516626,1
2025-08-07 09:30:00+00:00,24546.900390625,24550.349609375,24537.150390625,24537.150390625,0.0,67.25125971603634,15.489381136907468,16.126163932440637,24520.65383166525,24489.420424040283,12.735110104160745,24553.05078125,0.0002505567109136504,1
2025-08-07 09:31:00+00:00,24553.05078125,24556.900390625,24545.80078125,24545.80078125,0.0,69.16821426628742,16.23011262419459,16.14695367079143,24523.73925543523,24491.915732166155,12.618288623506404,24558.75,0.00023211855833215735,1
2025-08-07 09:32:00+00:00,24558.75,24559.75,24550.5,24553.0,0.0,70.86981539243324,17.080137790879235,16.33359049480899,24527.07361206045,24494.53668384592,12.377696578970232,24560.400390625,6.720173563393903e-05,1
2025-08-07 09:33:00+00:00,24560.400390625,24561.55078125,24554.25,24558.30078125,0.0,71.36270223518643,17.683121572004893,16.603496710248173,24530.24759097136,24497.11957430784,12.015059769758071,24568.19921875,0.0003175366851094539,1
2025-08-07 09:34:00+00:00,24568.19921875,24568.80078125,24559.150390625,24560.400390625,0.0,73.63304413904922,18.57615644671023,16.998028657540583,24533.862031712182,24499.907011344792,11.846154830846782,24587.30078125,0.0007774913549798162,1
2025-08-07 09:35:00+00:00,24587.30078125,24587.55078125,24566.75,24568.25,0.0,78.19316275920332,20.5879049218056,17.71600391039359,24538.95143643007,24503.33421800774,12.48577100364344,24593.650390625,0.0002582475169394007,1
2025-08-07 09:36:00+00:00,24593.650390625,24594.099609375,24586.30078125,24586.30078125,0.0,79.46456466971055,22.435962680960078,18.659995664506887,24544.160860639116,24506.87602869861,12.150989369454622,24591.94921875,-6.917118231657387e-05,1
2025-08-07 09:37:00+00:00,24591.94921875,24596.349609375,24591.349609375,24593.900390625,0.0,78.14993131458816,23.492484676811728,19.62649346696785,24548.712132840148,24510.21223223004,11.640204414493578,24577.19921875,-0.0005997897876575778,1
2025-08-07 09:38:00+00:00,24577.19921875,24592.0,24572.599609375,24591.19921875,0.0,67.69301763886872,22.87588527553453,20.276371828681192,24551.42518864109,24512.839172877884,12.19450342952975,24584.400390625,0.00029300213628517157,1
2025-08-07 09:39:00+00:00,24584.400390625,24584.400390625,24575.650390625,24578.599609375,0.0,69.81646209421355,22.70655318450008,20.76240809984497,24554.56568406813,24515.64549514248,11.948467470277624,24583.94921875,-1.835195765734639e-05,1
2025-08-07 09:40:00+00:00,24583.94921875,24586.05078125,24578.5,24581.69921875,0.0,69.50821133900033,22.279130534148862,21.06575258670575,24557.36411594259,24518.32407253885,11.63434702597208,24593.400390625,0.00038444481766955734,1
2025-08-07 09:41:00+00:00,24593.400390625,24594.44921875,24582.5,24583.44921875,0.0,72.27019701216115,22.444301649578847,21.34146239928037,24560.796142102816,24521.26824187556,11.656837863402645,24595.55078125,8.743771055830607e-05,1
2025-08-07 09:42:00+00:00,24595.55078125,24597.30078125,24591.650390625,24591.94921875,0.0,72.87229605648058,22.48947483375377,21.57106488617505,24564.106107735883,24524.18128263534,11.227805917802456,24600.80078125,0.0002134532398437789,1
2025-08-07 09:43:00+00:00,24600.80078125,24601.30078125,24593.099609375,24595.44921875,0.0,74.33733617468832,22.68738003692488,21.794327916325024,24567.60083854675,24527.185968855527,11.011617771887996,24592.0,-0.00035774369006344274,1
2025-08-07 09:44:00+00:00,24592.0,24601.19921875,24590.900390625,24601.19921875,0.0,67.73363420897269,21.88183170565753,21.811828674191528,24569.924568208964,24529.727695567075,10.960704225681711,24604.94921875,0.0005265622458523097,1
2025-08-07 09:45:00+00:00,24604.94921875,24605.69921875,24590.05078125,24592.25,0.0,71.71509319920168,22.034324603315326,21.85632786001629,24573.26024921287,24532.67755922131,11.295542316704443,24601.44921875,-0.0001422478042479703,1
2025-08-07 09:46:00+00:00,24601.44921875,24606.650390625,24596.30078125,24604.44921875,0.0,69.22860205911437,21.62349340229412,21.809760968471853,24575.944912978317,24535.374487045963,11.227975678011273,24607.19921875,0.00023372606828453164,1
2025-08-07 09:47:00+00:00,24607.19921875,24610.400390625,24599.44921875,24601.19921875,0.0,71.00709661827027,21.513884986656198,21.75058577210872,24578.921513528,24538.19114319122,11.20820397779618,24607.5,1.2223302917416666e-05,1
2025-08-07 09:48:00+00:00,24607.5,24610.25,24605.5,24608.0,0.0,71.10118866002422,21.206830914725288,21.64183480063204,24581.64327414438,24540.90913757588,10.74690369366788,24604.69921875,-0.00011381819567205121,1
2025-08-07 09:49:00+00:00,24604.69921875,24607.94921875,24601.650390625,24607.44921875,0.0,68.86018541207648,20.501164053075627,21.41370065112076,24583.83907839253,24543.41070938663,10.429184010191603,24602.75,-7.9221401272591e-05,1
2025-08-07 09:50:00+00:00,24602.75,24605.849609375,24601.150390625,24604.19921875,0.0,67.27105357850094,19.5591664229687,21.042793805490344,24585.640118545627,24545.73774039108,10.019900777320776,24612.150390625,0.00038208698722703765,1
2025-08-07 09:51:00+00:00,24612.150390625,24612.400390625,24603.55078125,24604.69921875,0.0,70.7739829213788,19.34812631906243,20.703860308204764,24588.164906362712,24548.342158047308,9.993507195012148,24622.099609375,0.0004042401249827301,1
2025-08-07 09:52:00+00:00,24622.099609375,24623.94921875,24609.94921875,24612.150390625,0.0,73.95164307795858,19.7559599120832,20.514280228980454,24591.39678284007,24551.234607118982,10.27968525251128,24624.69921875,0.00010558032890136569,1
2025-08-07 09:53:00+00:00,24624.69921875,24625.650390625,24621.5,24621.94921875,0.0,74.72491844991671,20.05772475804406,20.42296913479317,24594.568443402924,24554.115572280985,9.841878493403332,24629.25,0.00018480555679376159,1
2025-08-07 09:54:00+00:00,24629.25,24629.25,24621.55078125,24624.400390625,0.0,76.06447003087158,20.428597432139213,20.42409479426238,24597.87144879312,24557.06202042683,9.688831368874522,24630.900390625,6.700937401666717e-05,1
2025-08-07 09:55:00+00:00,24630.900390625,24632.94921875,24624.94921875,24627.349609375,0.0,76.54986765375077,20.618017754495668,20.46287938630904,24601.01706230092,24559.957642787544,9.568200556812055,24628.94921875,-7.921642506185661e-05,1
2025-08-07 09:56:00+00:00,24628.94921875,24633.80078125,24628.5,24631.5,0.0,74.62313460015608,20.375811786205304,20.44546586628829,24603.677267677023,24562.66319478607,9.263384892039769,24626.69921875,-9.135590722997945e-05,1
2025-08-07 09:57:00+00:00,24626.69921875,24631.349609375,24622.650390625,24629.30078125,0.0,72.36132881075571,19.77435911263092,20.31124451555681,24605.869834445875,24565.174411412107,9.223087310465498,24625.19921875,-6.090950259618824e-05,1
2025-08-07 09:58:00+00:00,24625.19921875,24630.400390625,24622.75,24629.349609375,0.0,70.82022272315022,18.95812856652265,20.04062132574998,24607.71072818913,24567.52832542536,9.110751832932248,24626.650390625,5.893036081085004e-05,1
2025-08-07 09:59:00+00:00,24626.650390625,24631.650390625,24620.0,24626.099609375,0.0,71.453638734663,18.218347649300995,19.676166590460184,24609.51450556397,24569.846837786128,9.29215460379423,24561.599609375,-0.002641479056963584,0
2025-08-08 03:45:00+00:00,24561.599609375,24573.5,24544.25,24544.25,0.0,34.89094666480864,12.241894607039283,18.189312193776004,24604.9511821174,24569.523417064127,14.514171462451786,24555.349609375,-0.00025446225406322543,1
2025-08-08 03:46:00+00:00,24555.349609375,24560.849609375,24546.349609375,24558.75,0.0,33.13652891466995,6.921404108325078,15.93573057668582,24600.227222808604,24568.96758146848,14.56673064370523,24567.25,0.00048463535703260945,1
2025-08-08 03:47:00+00:00,24567.25,24569.30078125,24552.349609375,24555.94921875,0.0,39.38620643273613,3.623371156525536,13.473258692653763,24597.08653492207,24568.90022533246,14.737047874512,24584.349609375,0.0006960327010552666,1
2025-08-08 03:48:00+00:00,24584.349609375,24584.349609375,24563.400390625,24567.650390625,0.0,47.045384472432296,2.3622216298317653,11.251051280089364,24595.873494393774,24569.50608353021,15.180774365618284,24575.30078125,-0.0003680727075874856,1
2025-08-08 03:49:00+00:00,24575.30078125,24585.30078125,24575.30078125,24585.30078125,0.0,43.88515126583047,0.6253777726778935,9.125916578607072,24593.914188380084,24569.733326578047,14.810719053788407,24575.650390625,1.4226046635683026e-05,1
2025-08-08 03:50:00+00:00,24575.650390625,24581.94921875,24568.5,24573.349609375,0.0,44.041553579333645,-0.7146350743532821,7.157806248015001,24592.17477907008,24569.965368305377,14.713469032089236,24567.099609375,-0.000347937129397882,1
2025-08-08 03:51:00+00:00,24567.099609375,24577.099609375,24564.349609375,24574.44921875,0.0,41.02945918122335,-2.4384723040857352,5.238550537594854,24589.786667670545,24569.852985602225,14.57322124408286,24565.19921875,-7.735510724574079e-05,1
2025-08-08 03:52:00+00:00,24565.19921875,24569.349609375,24557.44921875,24566.400390625,0.0,40.36865617980663,-3.9128662826042273,3.4082671735550374,24587.44500586859,24569.670484941355,14.382304771291228,24560.150390625,-0.0002055276686356509,1
2025-08-08 03:53:00+00:00,24560.150390625,24567.80078125,24559.349609375,24565.400390625,0.0,38.59042521318988,-5.4261827112713945,1.641377196589751,24584.845518702536,24569.29714790934,13.95865242155614,24560.0,-6.1233592876290566e-06,1
2025-08-08 03:54:00+00:00,24560.0,24564.5,24557.849609375,24561.599609375,0.0,38.53597180675609,-6.5619896187890845,0.0007038335139839,24582.479278826104,24568.93255387368,13.43663372180213,24557.19921875,-0.00011403832451140066,1
2025-08-08 03:55:00+00:00,24557.19921875,24562.349609375,24553.650390625,24561.0,0.0,37.47541235472676,-7.600510462358216,-1.5195390256604562,24580.071654056952,24568.47242308452,13.098246938101978,24554.55078125,-0.00010784770186568571,1
2025-08-08 03:56:00+00:00,24554.55078125,24560.400390625,24551.599609375,24557.69921875,0.0,36.45375287289233,-8.538822257607535,-2.923395672049872,24577.641094742004,24567.92647634591,12.791285103237552,24545.25,-0.00037878034637482075,1
2025-08-08 03:57:00+00:00,24545.25,24554.349609375,24543.400390625,24553.94921875,0.0,33.04653386964665,-9.918600974593572,-4.322436732558613,24574.556228576097,24567.03720276372,12.674078354792012,24525.94921875,-0.0007863346777889816,1
2025-08-08 03:58:00+00:00,24525.94921875,24545.80078125,24525.849609375,24545.69921875,0.0,27.336476387021875,-12.42625515770851,-5.943200417588592,24569.92698954504,24565.425909272988,13.193870749092582,24515.150390625,-0.00044030214809155416,1
2025-08-08 03:59:00+00:00,24515.150390625,24527.099609375,24514.80078125,24525.75,0.0,24.75878823888189,-15.110776716755936,-7.776715677422061,24564.71017060028,24563.4543203064,13.12993913308597,24516.0,3.465650267129933e-05,1
2025-08-08 04:00:00+00:00,24516.0,24523.150390625,24511.849609375,24515.5,0.0,25.35515715472557,-16.974056657982146,-9.616183873534078,24560.071106733583,24561.593366568894,12.999284998579828,24517.55078125,6.32558839125469e-05,1
2025-08-08 04:01:00+00:00,24517.55078125,24518.5,24503.650390625,24515.19921875,0.0,26.50030272342471,-18.116745781077043,-11.316296255042673,24556.021551925623,24559.86620636031,13.131451025466983,24515.849609375,-6.938588157431228e-05,1
2025-08-08 04:02:00+00:00,24515.849609375,24518.19921875,24510.69921875,24517.94921875,0.0,26.02857263526893,-18.94126241420236,-12.84128948687461,24552.195652635088,24558.140065302065,12.729204523647912,24510.44921875,-0.0002202816019451702,1
2025-08-08 04:03:00+00:00,24510.44921875,24516.44921875,24510.44921875,24514.900390625,0.0,24.535440423710256,-19.80219677873538,-14.233470945246763,24548.219801788888,24556.269836025516,12.24854705767306,24509.69921875,-3.059919438058545e-05,1
2025-08-08 04:04:00+00:00,24509.69921875,24515.150390625,24509.19921875,24510.849609375,0.0,24.32672605503339,-20.31088100418492,-15.448952957034397,24544.551174832803,24554.443537308827,11.798734544624986,24503.05078125,-0.0002712574087777431,1
2025-08-08 04:05:00+00:00,24503.05078125,24511.349609375,24502.30078125,24509.25,0.0,22.49956969848607,-21.00831943147932,-16.560826251923384,24540.598756396343,24552.42813511044,11.602312657508916,24515.05078125,0.0004897349357485938,1
2025-08-08 04:06:00+00:00,24515.05078125,24515.05078125,24502.150390625,24502.80078125,0.0,32.372810447601694,-20.358069544818136,-17.320274910502334,24538.16561590622,24550.96235652768,11.695032512329709,24520.150390625,0.00020801953136888324,1
2025-08-08 04:07:00+00:00,24520.150390625,24521.0,24516.0,24516.44921875,0.0,36.09850283810729,-19.209807267008728,-17.698181381803614,24536.449880165157,24549.75404413934,11.284617243591873,24517.94921875,-8.976991739176253e-05,1
2025-08-08 04:08:00+00:00,24517.94921875,24532.94921875,24517.30078125,24520.349609375,0.0,35.19714989591941,-18.266848455135914,-17.811914796470074,24534.68791241133,24548.506796084857,11.596318690478167,24516.400390625,-6.317119393556538e-05,1
2025-08-08 04:09:00+00:00,24516.400390625,24519.25,24512.30078125,24517.650390625,0.0,34.543557919412194,-17.443447088797257,-17.73822125493551,24532.94624366977,24547.24772136094,11.264382980444012,24512.05078125,-0.00017741631339416686,1
2025-08-08 04:10:00+00:00,24512.05078125,24517.55078125,24508.849609375,24517.0,0.0,32.70673167649774,-16.94652372242126,-17.579881748432662,24530.956199629796,24545.86744919973,11.081296472912296,24504.599609375,-0.0003039799460883797,1
2025-08-08 04:11:00+00:00,24504.599609375,24514.0,24504.099609375,24512.150390625,0.0,29.78489405450287,-16.95846899836397,-17.455599198418923,24528.44604817696,24544.249102539936,10.996946055204274,24496.400390625,-0.00033459917242896443,1
2025-08-08 04:12:00+00:00,24496.400390625,24505.25,24496.400390625,24505.19921875,0.0,26.93357683678967,-17.42863765902439,-17.450206890540017,24525.39408079105,24542.37268246484,10.843564863761111,24501.94921875,0.00022651606099333632,1
2025-08-08 04:13:00+00:00,24501.94921875,24503.44921875,24496.400390625,24496.400390625,0.0,31.698882563158023,-17.155744905594474,-17.391314493550908,24523.161236787146,24540.787448593677,10.57251223956389,24499.5,-9.996015941971453e-05,1
2025-08-08 04:14:00+00:00,24499.5,24502.94921875,24498.05078125,24502.150390625,0.0,30.74571659727057,-16.94181225084685,-17.301414045010098,24520.90778566456,24539.16833296255,10.1672211867379,24496.849609375,-0.00010818141696769322,1
2025-08-08 04:15:00+00:00,24496.849609375,24500.099609375,24490.650390625,24499.75,0.0,29.70479474856519,-16.792559283443552,-17.19964309269679,24518.61653077984,24537.508775174803,10.115935298399478,24497.599609375,3.061618175232514e-05,1
2025-08-08 04:16:00+00:00,24497.599609375,24506.599609375,24495.94921875,24496.55078125,0.0,30.422650927095887,-16.42442594107706,-17.044599662372846,24516.61491921747,24535.94370984932,10.154110678870945,24489.599609375,-0.00032656260725799744,1
2025-08-08 04:17:00+00:00,24489.599609375,24497.900390625,24489.599609375,24497.150390625,0.0,27.228543246584024,-16.587006075220415,-16.95308094494236,24514.04203256581,24534.126294144447,10.021730005380164,24489.75,6.140999746783452e-06,1
2025-08-08 04:18:00+00:00,24489.75,24495.099609375,24489.55078125,24489.55078125,0.0,27.38289334130087,-16.513360990004003,-16.86513695395469,24511.728505654777,24532.386047315253,9.702237013924435,24484.5,-0.00021437540195387868,1
2025-08-08 04:19:00+00:00,24484.5,24492.19921875,24484.05078125,24489.849609375,0.0,25.360667161751596,-16.686278817946004,-16.829365326752953,24509.13531464004,24530.50816310681,9.591251334358406,24481.55078125,-0.00012045248014049705,1
2025-08-08 04:20:00+00:00,24481.55078125,24488.05078125,24481.349609375,24484.69921875,0.0,24.27608750506768,-16.86686403848944,-16.836865069100252,24506.50821622194,24528.58826577909,9.38481708726138,24484.80078125,0.00013275302814922654,1
2025-08-08 04:21:00+00:00,24484.80078125,24484.849609375,24479.75,24481.5,0.0,27.93367091151049,-16.5568739515802,-16.780866845596243,24504.44084146271,24526.87110952305,9.078730822099851,24488.0,0.0001306614163857074,1
2025-08-08 04:22:00+00:00,24488.0,24488.599609375,24478.30078125,24484.650390625,0.0,31.44403144516491,-15.870113567802036,-16.598716190037404,24502.87504703769,24525.34675228685,9.16588062944986,24480.599609375,-0.0003022047788712839,1
2025-08-08 04:23:00+00:00,24480.599609375,24489.5,24480.599609375,24487.599609375,0.0,28.041403526956657,-15.7415419942663,-16.427281350883185,24500.7535767841,24523.59196236874,9.146917057703442,24487.30078125,0.0002737339763701598,1
2025-08-08 04:24:00+00:00,24487.30078125,24487.55078125,24477.099609375,24480.349609375,0.0,34.910047270934314,-14.926852070628229,-16.127195494832193,24499.472358161805,24522.168778795454,9.240078116081769,24494.5,0.0002939980528810453,1
2025-08-08 04:25:00+00:00,24494.5,24496.80078125,24487.650390625,24487.650390625,0.0,41.38338597957063,-13.54415901568791,-15.610588199003338,24498.998800241632,24521.083728646616,9.25864396493307,24481.69921875,-0.0005225981853069057,1
2025-08-08 04:26:00+00:00,24481.69921875,24494.5,24479.5,24494.5,0.0,34.76320356322721,-13.327648043687075,-15.154000167940088,24497.35122105195,24519.53923806244,9.668740824580707,24483.150390625,5.927578237251519e-05,1
2025-08-08 04:27:00+00:00,24483.150390625,24488.94921875,24480.94921875,24482.19921875,0.0,36.01289686988538,-12.890371912704722,-14.701274516893015,24495.998761011288,24518.11222443744,9.54954505139637,24485.0,7.554621629527897e-05,1
2025-08-08 04:28:00+00:00,24485.0,24485.19921875,24478.849609375,24483.19921875,0.0,37.65226815974431,-12.25333064156439,-14.211685741827292,24494.9512599626,24516.81370583205,9.320978217368056,24476.849609375,-0.0003328728047784358,1
2025-08-08 04:29:00+00:00,24476.849609375,24484.849609375,24476.55078125,24484.849609375,0.0,33.570689032166385,-12.264758748027816,-13.8223003430674,24493.22729323997,24515.246486363147,9.258709683984623,24469.650390625,-0.00029412358472973547,1
2025-08-08 04:30:00+00:00,24469.650390625,24480.900390625,24469.650390625,24477.19921875,0.0,30.432583600645454,-12.708239714658705,-13.59948821738566,24490.981873943303,24513.458404177338,9.40094470655715,24467.25,-9.809664570931737e-05,1
2025-08-08 04:31:00+00:00,24467.25,24471.150390625,24462.849609375,24469.30078125,0.0,29.444282042840683,-13.10235722025027,-13.500062017958584,24488.72169547251,24511.646309895877,9.322361602517352,24461.650390625,-0.00022886141168296397,1
2025-08-08 04:32:00+00:00,24461.650390625,24467.75,24460.19921875,24467.30078125,0.0,27.22326750945737,-13.708516615290137,-13.541752937424896,24486.143475963225,24509.68568561074,9.195820148766114,24457.900390625,-0.00015330118532955563,1
2025-08-08 04:33:00+00:00,24457.900390625,24462.69921875,24456.55078125,24461.5,0.0,25.818698762037272,-14.32635070980541,-13.698672491900998,24483.45365831197,24507.654889728947,8.978149959568535,24452.19921875,-0.00023310144304886148,1
2025-08-08 04:34:00+00:00,24452.19921875,24458.400390625,24451.69921875,24458.400390625,0.0,23.80758924699261,-15.101939842716092,-13.979325962064015,24480.47704502035,24505.480157533697,8.81550866781364,24448.400390625,-0.00015535731943845158,1
2025-08-08 04:35:00+00:00,24448.400390625,24452.849609375,24447.69921875,24452.55078125,0.0,22.547311331553274,-15.840533687958668,-14.351567507242947,24477.422125554127,24503.241735301985,8.55371452189838,24445.25,-0.00012885876272739918,1
2025-08-08 04:36:00+00:00,24445.25,24449.30078125,24444.650390625,24448.349609375,0.0,21.52946192926976,-16.489998389355605,-14.77925368366548,24474.358113596594,24500.96754960387,8.274905672119925,24445.30078125,2.0773463147237194e-06,1
2025-08-08 04:37:00+00:00,24445.30078125,24446.30078125,24437.55078125,24446.150390625,0.0,21.590905842176557,-16.806867119626986,-15.184776370857785,24471.590748611205,24498.78453908019,8.308840981254216,24454.05078125,0.000357942006044426,1
2025-08-08 04:38:00+00:00,24454.05078125,24454.30078125,24442.400390625,24444.849609375,0.0,31.538298718832834,-16.165589149102743,-15.380938926506776,24469.920275529184,24497.03027406724,8.56538024152177,24450.80078125,-0.00013290231663753304,1
2025-08-08 04:39:00+00:00,24450.80078125,24455.05078125,24449.5,24454.75,0.0,30.01514654792932,-15.738199409814117,-15.452391023168245,24468.09937131212,24495.217352780288,8.35005174212736,24457.0,0.000253538475302365,1
2025-08-08 04:40:00+00:00,24457.0,24459.05078125,24451.099609375,24451.19921875,0.0,36.331519967986814,-14.729472626502684,-15.307807343835131,24467.042288330013,24493.71863306341,8.342905189118262,24457.0,0.0,1
2025-08-08 04:41:00+00:00,24457.0,24458.849609375,24455.099609375,24457.150390625,0.0,36.331519967986814,-13.771302381726857,-15.000506351413478,24466.08587991763,24492.27868666877,8.014840532752672,24450.94921875,-0.0002474048840822668,1
2025-08-08 04:42:00+00:00,24450.94921875,24456.5,24446.44921875,24456.25,0.0,32.96373740965208,-13.346344684170615,-14.669674017964908,24464.64429313976,24490.657923220977,8.195979155413195,24450.30078125,-2.651993156579587e-05,1
2025-08-08 04:43:00+00:00,24450.30078125,24454.599609375,24448.55078125,24450.25,0.0,32.61482462949675,-12.913032730997656,-14.318345760571455,24463.27824438836,24489.07529020251,8.042611224669395,24449.599609375,-2.867743351188963e-05,1
2025-08-08 04:44:00+00:00,24449.599609375,24452.900390625,24448.599609375,24450.0,0.0,32.21770976413703,-12.482320179584349,-13.951140644374036,24461.97551724423,24487.527224287704,7.775337655050152,24447.30078125,-9.402313991753603e-05,1
2025-08-08 04:45:00+00:00,24447.30078125,24453.099609375,24447.19921875,24449.30078125,0.0,30.889757999518693,-12.186000963461993,-13.598112708191628,24460.577923340017,24485.9497167176,7.641412867189428,24449.900390625,0.00010633523096315753,1
2025-08-08 04:46:00+00:00,24449.900390625,24450.099609375,24443.19921875,24447.349609375,0.0,34.19304064731638,-11.607593981167156,-13.200008962786736,24459.5610154624,24484.536017655144,7.58848270703304,24452.400390625,0.00010224990531898416,1
2025-08-08 04:47:00+00:00,24452.400390625,24452.69921875,24448.69921875,24449.30078125,0.0,37.29694698036563,-10.822715644819256,-12.724550299193242,24458.87905119217,24483.27579698729,7.332162513673537,24459.94921875,0.0003087152183183703,1
2025-08-08 04:48:00+00:00,24459.94921875,24464.150390625,24452.349609375,24452.599609375,0.0,45.63526192162836,-9.482260965123714,-12.076092432379337,24458.98097191196,24482.361029213283,7.651349566268284,24456.55078125,-0.0001389388616307877,1
2025-08-08 04:49:00+00:00,24456.55078125,24460.349609375,24456.25,24460.0,0.0,42.87124835385165,-8.595087658071861,-11.379891477517845,24458.74952518225,24481.34886262649,7.39765383832055,24449.5,-0.000288298268756917,1
2025-08-08 04:50:00+00:00,24449.5,24458.19921875,24448.150390625,24457.400390625,0.0,37.76116851961034,-8.36451462367404,-10.776816106749084,24457.86861802204,24480.09988762153,7.587023430226225,24450.30078125,3.275245915049388e-05,1
2025-08-08 04:51:00+00:00,24450.30078125,24451.19921875,24443.150390625,24449.69921875,0.0,38.65550001298943,-8.024664145174029,-10.226385714434072,24457.1478716628,24478.931295214807,7.620009479852923,24448.80078125,-6.134893854354106e-05,1
2025-08-08 04:52:00+00:00,24448.80078125,24450.69921875,24446.44921875,24450.05078125,0.0,37.56656825359969,-7.786608480877476,-9.738430267722755,24456.352910671103,24477.749706431878,7.379294517006286,24462.099609375,0.0005439460300727301,1
2025-08-08 04:53:00+00:00,24462.099609375,24463.75,24449.5,24449.5,0.0,50.79973076725713,-6.450486175734113,-9.080841449325026,24456.900215309568,24477.135977135527,7.920003390791551,24468.25,0.00025142529558840027,1
2025-08-08 04:54:00+00:00,24468.25,24468.25,24460.75,24462.599609375,0.0,55.49762893978633,-4.839527440355596,-8.23257864753114,24457.981147184848,24476.787507443936,7.890003148592155,24468.400390625,6.14635803541324e-06,1
2025-08-08 04:55:00+00:00,24468.400390625,24470.849609375,24461.69921875,24467.400390625,0.0,55.60924620758841,-3.510232000207907,-7.288109318066493,24458.97345608391,24476.458600902017,7.98003082547843,24480.400390625,0.0004904284631780738,1
2025-08-08 04:56:00+00:00,24480.400390625,24480.44921875,24468.599609375,24468.599609375,0.0,63.48011694917435,-1.471493612632912,-6.124786176979777,24461.014116516395,24476.613180891152,8.270659204015685,24471.150390625,-0.0003778532970213336,1
2025-08-08 04:57:00+00:00,24471.150390625,24481.25,24470.05078125,24480.75,0.0,55.33535932280041,-0.5953140370365873,-5.018891748991139,24461.97947595531,24476.39895382189,8.47984202872885,24466.30078125,-0.00019817659969340493,1
2025-08-08 04:58:00+00:00,24466.30078125,24472.400390625,24466.30078125,24470.5,0.0,51.5975331975655,-0.2889277779540862,-4.072898954783729,24462.39102884052,24476.002947054367,8.309825410605361,24467.150390625,3.472569811825034e-05,1
2025-08-08 04:59:00+00:00,24467.150390625,24470.0,24464.5,24466.400390625,0.0,52.20662296010179,0.0221861675127001,-3.253881930324443,24462.844301391426,24475.655787978707,8.10912359556212,24460.94921875,-0.00025344888047837736,1
2025-08-08 05:00:00+00:00,24460.94921875,24468.599609375,24460.94921875,24467.599609375,0.0,47.50751646140273,-0.2289968016193597,-2.6489049045834263,24462.663817330333,24475.079059773663,8.076356954807684,24449.19921875,-0.00048035748306093115,1
2025-08-08 05:01:00+00:00,24449.19921875,24462.150390625,24449.19921875,24461.69921875,0.0,40.13577463037432,-1.3605048623212497,-2.391224896130991,24461.3814746084,24474.06416404725,8.424558020535708,24438.55078125,-0.00043553318064641367,1
2025-08-08 05:02:00+00:00,24438.55078125,24451.0,24435.849609375,24449.69921875,0.0,34.857027675716765,-3.080957703470631,-2.529171457598919,24459.207122859974,24472.67148236892,8.9049746351403,24450.400390625,0.00048487365233176513,1
2025-08-08 05:03:00+00:00,24450.400390625,24451.44921875,24439.75,24439.75,0.0,43.726644140640445,-3.448512227692845,-2.7130396116177047,24458.36838645665,24471.7981062221,9.19022198263028,24444.05078125,-0.00025969347223592405,1
2025-08-08 05:04:00+00:00,24444.05078125,24451.0,24442.30078125,24451.0,0.0,40.54125757346143,-4.203704557468882,-3.01117260078794,24457.0048050084,24470.70997583104,9.155150323156688,24439.150390625,-0.00020047375407839042,1
2025-08-08 05:05:00+00:00,24439.150390625,24444.69921875,24438.5,24444.30078125,0.0,38.22678446450999,-5.138388346524152,-3.436615749935183,24455.30438459093,24469.472345038645,8.944012353645496,24439.19921875,1.9979469097555354e-06,1
2025-08-08 05:06:00+00:00,24439.19921875,24442.05078125,24438.5,24441.25,0.0,38.26460373905197,-5.808238207217073,-3.9109402413915615,24453.770559272747,24468.28516361556,8.55878156052796,24440.099609375,3.684206740739734e-05,1
2025-08-08 05:07:00+00:00,24440.099609375,24443.05078125,24439.05078125,24439.900390625,0.0,39.00616076839078,-6.195032570070907,-4.367758707127431,24452.46856404439,24467.179847762996,8.233154306204534,24437.44921875,-0.00010844434627358615,1
2025-08-08 05:08:00+00:00,24437.44921875,24440.599609375,24437.05078125,24440.5,0.0,37.57536664256663,-6.638905097148381,-4.821987985131621,24451.038150206827,24466.01394074288,7.898559578975639,24435.0,-0.00010022399343221142,1
2025-08-08 05:09:00+00:00,24435.0,24438.349609375,24434.69921875,24437.5,0.0,36.25200557931522,-7.106390708424442,-5.278868529790185,24449.510707329988,24464.797707772566,7.59511893940595,24437.5,0.0001023122570083896,1
2025-08-08 05:10:00+00:00,24437.5,24438.650390625,24433.099609375,24435.25,0.0,38.627984735646685,-7.192239655058074,-5.661542754843763,24448.366830441417,24463.727209428544,7.449094818734096,24446.55078125,0.0003703644501278772,1
2025-08-08 05:11:00+00:00,24446.55078125,24447.05078125,24436.349609375,24437.30078125,0.0,46.414672070390736,-6.455537736834231,-5.820341751241857,24448.193873375567,24463.05362400978,7.681386037038804,24446.55078125,0.0,1
2025-08-08 05:12:00+00:00,24446.55078125,24450.94921875,24446.25,24447.349609375,0.0,46.41467207039074,-5.804782242652436,-5.817229849523973,24448.037388411227,24462.40645370548,7.4683740879646034,24438.650390625,-0.00032316995128242945,1
2025-08-08 05:13:00+00:00,24438.650390625,24448.150390625,24438.19921875,24443.94921875,0.0,41.13156460090607,-5.859010298572684,-5.825585939333716,24447.143388622066,24461.474843388594,7.64571678703856,24437.400390625,-5.1148487335434735e-05,1
2025-08-08 05:14:00+00:00,24437.400390625,24440.94921875,24437.19921875,24439.0,0.0,40.34901260819939,-5.934442418751132,-5.847357235217199,24446.215484050917,24460.530747201785,7.367451302250091,24435.25,-8.799588297554602e-05,1
2025-08-08 05:15:00+00:00,24435.25,24439.650390625,24435.19921875,24437.599609375,0.0,38.97522794411858,-6.097453817255882,-5.897376551624936,24445.171152236544,24459.53934535073,7.159145628875085,24435.0,-1.0231121023930592e-05,1
2025-08-08 05:16:00+00:00,24435.0,24440.69921875,24434.19921875,24435.599609375,0.0,38.80979028267204,-6.175625667168788,-5.953026374733707,24444.20247107116,24458.57701808208,7.112063798241151,24430.25,-0.00019439328831594025,1
2025-08-08 05:17:00+00:00,24430.25,24436.55078125,24427.80078125,24435.5,0.0,35.708413323786715,-6.545411296963721,-6.07150335917971,24442.873664302475,24457.46615462788,7.229059241223925,24427.30078125,-0.00012071995783915433,1
2025-08-08 05:18:00+00:00,24427.30078125,24430.30078125,24423.75,24430.05078125,0.0,33.8971780608066,-6.995803114645241,-6.256363310272817,24441.39053258319,24456.28319880914,7.180610813279358,24426.25,-4.301667463834411e-05,1
2025-08-08 05:19:00+00:00,24426.25,24429.69921875,24425.849609375,24427.55078125,0.0,33.25005527039812,-7.35277295054766,-6.475645238327785,24439.94857709908,24455.105426306814,6.942682139116547,24426.650390625,1.6391817204851338e-05,1
2025-08-08 05:20:00+00:00,24426.650390625,24429.19921875,24425.44921875,24426.75,0.0,33.76890471517575,-7.516717895196052,-6.683859769701439,24438.682083149164,24453.98954255459,6.714633414893937,24421.900390625,-0.00019445973655982975,1
2025-08-08 05:21:00+00:00,24421.900390625,24428.19921875,24421.849609375,24425.80078125,0.0,30.718325053405707,-7.938421565275348,-6.9347721288162205,24437.08382671829,24452.731144439706,6.688560269187227,24427.19921875,0.00021697034384081336,1
2025-08-08 05:22:00+00:00,24427.19921875,24427.849609375,24419.400390625,24421.349609375,0.0,37.501117874857336,-7.755651296076394,-7.098947962268256,24436.142435483216,24451.72989245188,6.814321589245282,24435.5,0.00033981715118728916,1
2025-08-08 05:23:00+00:00,24435.5,24435.849609375,24425.94921875,24426.75,0.0,46.36041735763199,-6.861901141619455,-7.051538598138496,24436.08125115148,24451.093426081214,7.034755091799191,24437.80078125,9.41573223384011e-05,1
2025-08-08 05:24:00+00:00,24437.80078125,24439.5,24433.0,24435.349609375,0.0,48.53790471354138,-5.899933130101999,-6.821217504531196,24436.24501592277,24450.57214589176,6.99655829952782,24438.0,8.152073575820759e-06,1
2025-08-08 05:25:00+00:00,24438.0,24439.55078125,24436.099609375,24437.150390625,0.0,48.731973823401766,-5.063126689397905,-6.469599341504538,24436.41215726346,24450.07912056267,6.743316412061547,24432.80078125,-0.00021275140150585155,1
2025-08-08 05:26:00+00:00,24432.80078125,24439.69921875,24432.55078125,24438.05078125,0.0,44.06189040668258,-4.764562151074642,-6.12859190341856,24436.06821669075,24449.40153862884,6.772253632628579,24424.80078125,-0.0003274286919303696,1
2025-08-08 05:27:00+00:00,24424.80078125,24432.900390625,24424.80078125,24432.650390625,0.0,38.02376254734813,-5.114523699099664,-5.925778262554781,24434.99512760116,24448.43680304536,6.86706475708368,24426.75,7.980489861339388e-05,1
2025-08-08 05:28:00+00:00,24426.75,24429.900390625,24425.05078125,24425.05078125,0.0,40.17494650974069,-5.174931693145481,-5.775608948672921,24434.209877353427,24447.586340180835,6.740817944077703,24421.849609375,-0.0002006157440101528,1
2025-08-08 05:29:00+00:00,24421.849609375,24426.900390625,24409.0,24426.5,0.0,36.72386272400625,-5.554200664912059,-5.731327291920749,24433.03270897453,24446.577056619823,7.537930278429295,24424.44921875,0.00010644604796853995,1
2025-08-08 05:30:00+00:00,24424.44921875,24426.25,24418.849609375,24422.69921875,0.0,39.683889253892936,-5.580676739205956,-5.701197181377791,24432.21523371505,24445.709298271988,7.528106017470059,24422.0,-0.00010027733800931732,1
2025-08-08 05:31:00+00:00,24422.0,24424.650390625,24420.900390625,24424.400390625,0.0,37.88570108169674,-5.733201920040301,-5.707598129110293,24431.242354313617,24444.779521869164,7.258241301936484,24423.44921875,5.934070714929162e-05,1
2025-08-08 05:32:00+00:00,24423.44921875,24429.25,24418.80078125,24422.0,0.0,39.628876987627386,-5.671758877444518,-5.700430278777138,24430.500150926608,24443.943039393904,7.486168262512449,24427.150390625,0.00015154173523363736,1
2025-08-08 05:33:00+00:00,24427.150390625,24428.30078125,24420.099609375,24423.150390625,0.0,43.95479312345344,-5.263734134645347,-5.61309104995078,24430.181126135976,24443.284504148065,7.537239949118702,24427.150390625,0.0,1
2025-08-08 05:34:00+00:00,24427.150390625,24434.19921875,24426.900390625,24427.75,0.0,43.95479312345344,-4.884071055421373,-5.467287051044899,24429.89248465874,24442.651793813828,7.520210533110223,24423.75,-0.00013920537478268649,1
2025-08-08 05:35:00+00:00,24423.75,24427.849609375,24422.400390625,24427.19921875,0.0,40.8369046211535,-4.802211529753549,-5.334271946786629,24429.30748611981,24441.9105469976,7.37228254860235,24423.400390625,-1.4314320077793131e-05,1
2025-08-08 05:36:00+00:00,24423.400390625,24425.5,24422.69921875,24423.55078125,0.0,40.518669244228256,-4.711239583379211,-5.209665474105146,24428.744905596497,24441.1846585124,7.045746741559325,24427.5,0.00016785579851418428,1
2025-08-08 05:37:00+00:00,24427.5,24429.849609375,24423.5,24424.150390625,0.0,45.84779397612643,-4.259241560343071,-5.019580691352731,24428.626343158736,24440.648005237403,7.003137599305087,24430.099609375,0.00010642142564732372,1
2025-08-08 05:38:00+00:00,24430.099609375,24433.849609375,24429.05078125,24429.400390625,0.0,48.96992900473301,-3.649197443312005,-4.745504041744586,24428.76665422695,24440.234342654563,6.956457011854724,24431.849609375,7.163294575059535e-05,1
2025-08-08 05:39:00+00:00,24431.849609375,24435.349609375,24429.400390625,24430.55078125,0.0,51.01728343825508,-2.990055215519533,-4.394414276499576,24429.060269002955,24439.905529584776,6.884511421722244,24428.150390625,-0.00015140968895701348,1
2025-08-08 05:40:00+00:00,24428.150390625,24432.30078125,24428.150390625,24431.900390625,0.0,46.747715744073766,-2.7346529120841296,-4.062462003616487,24428.97361391934,24439.44454374321,6.689217079099227,24435.25,0.00029063229354133493,1
2025-08-08 05:41:00+00:00,24435.25,24436.94921875,24428.400390625,24428.400390625,0.0,54.60054781578467,-1.937036651135713,-3.637376933120332,24429.571364974643,24439.28005183172,6.839903582377853,24435.25,0.0,1
2025-08-08 05:42:00+00:00,24435.25,24437.44921875,24433.400390625,24435.650390625,0.0,54.60054781578467,-1.2900491344225884,-3.167911373380784,24430.11218735801,24439.122010583415,6.640541049708006,24445.19921875,0.00040716664449923776,1
2025-08-08 05:43:00+00:00,24445.19921875,24446.19921875,24435.5,24436.55078125,0.0,63.377764371180014,0.0252212035593402,-2.529284857992759,24431.549047490586,24439.360332472304,6.948303742586006,24440.80078125,-0.0001799305238071573,1
2025-08-08 05:44:00+00:00,24440.80078125,24445.69921875,24439.5,24445.19921875,0.0,58.03585273184429,0.7045437338456395,-1.8825191396250796,24432.43016499148,24439.416820659662,6.894797671687006,24442.650390625,7.567711841990652e-05,1
2025-08-08 05:45:00+00:00,24442.650390625,24444.849609375,24438.349609375,24441.05078125,0.0,59.57874586037432,1.376294683690503,-1.230756374961963,24433.40351981372,24439.54362732497,6.866597837995077,24441.650390625,-4.0912093574907524e-05,1
2025-08-08 05:46:00+00:00,24441.650390625,24446.19921875,24440.55078125,24442.19921875,0.0,58.3300562366052,1.8071389357464795,-0.6231773128202746,24434.18893608146,24439.6262454936,6.779586385281143,24444.5,0.00011658825527154315,1
2025-08-08 05:47:00+00:00,24444.5,24446.05078125,24442.05078125,24442.400390625,0.0,60.84822382269861,2.3514200641584466,-0.0282578374245303,24435.17094216894,24439.817373121303,6.6096438309753465,24452.099609375,0.0003108924042218086,1
2025-08-08 05:48:00+00:00,24452.099609375,24452.75,24442.69921875,24443.80078125,0.0,66.63848441098011,3.357290983123676,0.6488519266851109,24436.783196188568,24440.299029444977,6.855439360905678,24450.150390625,-7.97158027792699e-05,1
2025-08-08 05:49:00+00:00,24450.150390625,24452.55078125,24449.55078125,24452.099609375,0.0,64.02308957342429,3.9516135295125423,1.3094042472505971,24438.05626232537,24440.68535733439,6.580050835126701,24449.30078125,-3.474863595627487e-05,1
2025-08-08 05:50:00+00:00,24449.30078125,24452.75,24447.599609375,24450.25,0.0,62.864941560929246,4.304443112527224,1.9084120203059227,24439.127168889623,24441.023217095782,6.477932248689079,24449.94921875,2.6521719610782583e-05,1
2025-08-08 05:51:00+00:00,24449.94921875,24451.05078125,24448.05078125,24449.349609375,0.0,63.408987255791054,4.58355027172729,2.4434396705901964,24440.1578403049,24441.373256376344,6.22950851663986,24443.69921875,-0.0002556242527983267,1
2025-08-08 05:52:00+00:00,24443.69921875,24449.44921875,24443.69921875,24448.900390625,0.0,55.03910736068149,4.251414282251062,2.80503459292237,24440.49511444253,24441.464470587078,6.230972194022727,24433.0,-0.0004377086567074497,1
2025-08-08 05:53:00+00:00,24433.0,24444.80078125,24431.19921875,24444.80078125,0.0,44.26690903964592,3.089245680443128,2.861876810426522,24439.78129401943,24441.132530564053,6.757442930163961,24433.55078125,2.254251422256784e-05,1
2025-08-08 05:54:00+00:00,24433.55078125,24435.94921875,24430.30078125,24432.849609375,0.0,44.86514287952167,2.187446611438645,2.7269907706289467,24439.187911850917,24440.835207061544,6.678228256580821,24431.55078125,-8.185466033593344e-05,1
2025-08-08 05:55:00+00:00,24431.55078125,24434.25,24431.05078125,24433.44921875,0.0,43.05778138214049,1.296436553260719,2.440879927155301,24438.4605660794,24440.47111193168,6.429727577539333,24438.75,0.00029466892275725054,1
2025-08-08 05:56:00+00:00,24438.75,24438.75,24430.75,24431.5,0.0,50.74893758798171,1.1578741965277004,2.184278781029781,24438.488131214694,24440.403617346125,6.5418898934293805,24434.25,-0.00018413380389749884,1
2025-08-08 05:57:00+00:00,24434.25,24439.849609375,24434.25,24438.55078125,0.0,46.519308133989306,0.6771444390142278,1.8828519126266707,24438.08449967044,24440.162299018823,6.474584142112996,24433.25,-4.092615897766455e-05,1
2025-08-08 05:58:00+00:00,24433.25,24435.19921875,24432.25,24434.0,0.0,45.60959646347555,0.2130154900914931,1.5488846281196351,24437.624071130394,24439.89122846907,6.222772328390639,24432.599609375,-2.6619079533013415e-05,1
2025-08-08 05:59:00+00:00,24432.599609375,24434.94921875,24432.55078125,24433.55078125,0.0,44.99331729290214,-0.2049288415728369,1.1981219341811409,24437.14555096321,24439.605282622244,5.949605554934165,24429.19921875,-0.00013917432771645146,1
2025-08-08 06:00:00+00:00,24429.19921875,24434.80078125,24427.44921875,24432.80078125,0.0,41.812310153581656,-0.8012989650524105,0.7982377543344307,24436.3887574191,24439.19720168608,6.049745336724582,24434.25,0.00020675181387539725,1
2025-08-08 06:01:00+00:00,24434.25,24437.05078125,24429.349609375,24429.349609375,0.0,47.72426624378674,-0.8564975778681401,0.4672906878939166,24436.18506623633,24439.00319377682,6.178446562672826,24433.650390625,-2.453970860574808e-05,1
2025-08-08 06:02:00+00:00,24433.650390625,24435.0,24430.80078125,24434.099609375,0.0,47.1122979654896,-0.9378157850223944,0.1862693933106544,24435.94366855906,24438.793279927733,6.03707314748191,24439.25,0.00022917612740945683,1
2025-08-08 06:03:00+00:00,24439.25,24442.44921875,24429.5,24433.19921875,0.0,53.15371490415822,-0.544146785952762,0.0401861574579711,24436.25855726772,24438.811190518805,6.530797833376059,24440.900390625,6.753033030882699e-05,1
2025-08-08 06:04:00+00:00,24440.900390625,24442.0,24437.400390625,24440.650390625,0.0,54.79281427181644,-0.0978604629126493,0.012576833383847,24436.70063663508,24438.89311993473,6.392855800634911,24442.30078125,5.729701453785882e-05,1
2025-08-08 06:05:00+00:00,24442.30078125,24445.94921875,24439.599609375,24440.599609375,0.0,56.1934222078241,0.3646213552892732,0.0829857377649322,24437.233983741266,24439.026753711805,6.389766770232418,24443.25,3.8835081790997264e-05,1
2025-08-08 06:06:00+00:00,24443.25,24443.25,24439.150390625,24442.150390625,0.0,57.16223030416684,0.7985305848742428,0.2260947071867944,24437.80693767067,24439.192371213303,6.226184099144389,24439.900390625,-0.000137036170517423,1
2025-08-08 06:07:00+00:00,24439.900390625,24444.44921875,24439.69921875,24442.94921875,0.0,52.73050435686036,0.8621825885638827,0.3533122834622121,24438.006314142516,24439.22013668043,6.120742377776932,24429.44921875,-0.00042762743333475315,1
2025-08-08 06:08:00+00:00,24429.44921875,24439.900390625,24428.150390625,24439.0,0.0,41.83277704001722,0.0685152328987896,0.2963528733495276,24437.19135267656,24438.836963428257,6.522832207935723,24427.900390625,-6.340004275705279e-05,1
2025-08-08 06:09:00+00:00,24427.900390625,24429.55078125,24427.099609375,24429.099609375,0.0,40.49704225364785,-0.6776379615184851,0.1015547063759251,24436.30649914784,24438.408078220287,6.231999327011743,24423.349609375,-0.00018629440832935892,1
2025-08-08 06:10:00+00:00,24423.349609375,24428.94921875,24423.150390625,24428.19921875,0.0,36.7808923910482,-1.617533835073118,-0.2422630019138835,24435.072509645663,24437.81755003028,6.201058526868047,24426.19921875,0.0001166756165954471,1
2025-08-08 06:11:00+00:00,24426.19921875,24427.80078125,24422.30078125,24423.650390625,0.0,40.4649522254576,-2.1081667905928043,-0.6154437596496678,24434.22743432227,24437.36192919576,6.150982917806043,24424.25,-7.980032966011937e-05,1
2025-08-08 06:12:00+00:00,24424.25,24427.44921875,24422.80078125,24426.5,0.0,38.79938160877727,-2.6240343706704152,-1.0171618818538173,24433.27720248205,24436.847735893964,6.043658245105611,24430.849609375,0.00027020724791958814,1
2025-08-08 06:13:00+00:00,24430.849609375,24434.099609375,24423.599609375,24424.25,0.0,46.78582928980517,-2.4718360360202496,-1.308096712687104,24433.046003138523,24436.61251524616,6.36196837045521,24432.05078125,4.9166193325469406e-05,1
2025-08-08 06:14:00+00:00,24432.05078125,24432.650390625,24427.55078125,24431.400390625,0.0,48.11300363759631,-2.228603276267677,-1.4921980254032186,24432.95122010152,24436.4336237169,6.271799870779837,24433.900390625,7.570422112987151e-05,1
2025-08-08 06:15:00+00:00,24433.900390625,24435.69921875,24427.94921875,24431.80078125,0.0,50.17372214936817,-1.865091924311855,-1.5667768051849458,24433.041617294235,24436.33428124271,6.377385594295562,24439.900390625,0.0002455604673866203,1
2025-08-08 06:16:00+00:00,24439.900390625,24441.69921875,24433.849609375,24434.599609375,0.0,56.244553609693945,-1.0804024955796194,-1.4695019432638807,24433.69483380193,24436.47412866947,6.482544435774451,24434.0,-0.0002414244956277872,1
2025-08-08 06:17:00+00:00,24434.0,24440.25,24433.150390625,24439.75,0.0,49.816530814691184,-0.9239914830905036,-1.3603998512292057,24433.72389724936,24436.377104015766,6.52662050286199,24433.30078125,-2.8616630514856348e-05,1
2025-08-08 06:18:00+00:00,24433.30078125,24436.55078125,24432.349609375,24434.150390625,0.0,49.10038929408413,-0.8466955589683494,-1.2576589927770343,24433.68360048752,24436.256463907303,6.360517029443277,24433.400390625,4.076787491456732e-06,1
2025-08-08 06:19:00+00:00,24433.400390625,24435.0,24429.19921875,24433.349609375,0.0,49.21239880663341,-0.768541075009125,-1.1598354092234526,24433.656628119657,24436.14446103349,6.320535902340185,24438.25,0.00019848278575505912,1
2025-08-08 06:20:00+00:00,24438.25,24440.0,24430.849609375,24434.05078125,0.0,54.466112519177486,-0.3116872006830817,-0.9902057675153784,24434.094092108266,24436.22703118904,6.5226683825301714,24440.0,7.160905547655827e-05,1
2025-08-08 06:21:00+00:00,24440.0,24443.69921875,24437.30078125,24437.94921875,0.0,56.22582862915073,0.1893998769337486,-0.7542846386255532,24434.65655952652,24436.374990750253,6.513794748063731,24444.0,0.00016366612111292964,1
2025-08-08 06:22:00+00:00,24444.0,24444.650390625,24440.099609375,24440.5,0.0,60.02830937246751,0.8989193835914193,-0.4236438341821587,24435.546411000185,24436.674010720835,6.380694453559179,24442.150390625,-7.56672138357061e-05,1
2025-08-08 06:23:00+00:00,24442.150390625,24445.55078125,24441.94921875,24443.75,0.0,57.53934481683896,1.2970194528097636,-0.0795111767837742,24436.175361440644,24436.88877071708,6.182185028304952,24442.25,4.075311435699457e-06,1
2025-08-08 06:24:00+00:00,24442.25,24446.44921875,24440.650390625,24442.849609375,0.0,57.64120655003827,1.602086414986843,0.2568083415703492,24436.75389844629,24437.09901500268,6.154802392354598,24444.30078125,8.390312880360851e-05,1
2025-08-08 06:25:00+00:00,24444.30078125,24445.400390625,24441.150390625,24442.55078125,0.0,59.7804741938322,1.98643668261866,0.6027340097800113,24437.472649189505,24437.38143720846,6.018745078614984,24442.80078125,-6.136399700786594e-05,1
2025-08-08 06:26:00+00:00,24442.80078125,24445.400390625,24441.349609375,24444.349609375,0.0,57.49331954798293,2.145270234948839,0.9112412548137768,24437.98009033813,24437.593960504208,5.878176233713914,24436.80078125,-0.00024547105111630995,1
2025-08-08 06:27:00+00:00,24436.80078125,24444.19921875,24436.80078125,24443.30078125,0.0,49.35858235051509,1.7666324741257995,1.0823194986761815,24437.867775186874,24437.56285543541,5.98676632416292,24427.900390625,-0.0003642207793349586,1
2025-08-08 06:28:00+00:00,24427.900390625,24438.30078125,24416.30078125,24437.0,0.0,40.25882625467774,0.7398437230658601,1.0138243435541172,24436.91850046669,24437.18393524677,7.130568729579855,24433.75,0.00023946427165082832,1
2025-08-08 06:29:00+00:00,24433.75,24435.400390625,24427.69921875,24428.25,0.0,47.15451210125622,0.3935838400575449,0.8897762428548027,24436.616738517485,24437.04927111945,7.171326097109865,24427.69921875,-0.00024764030285977386,1
2025-08-08 06:30:00+00:00,24427.69921875,24435.849609375,24427.19921875,24433.849609375,0.0,41.78216650862016,-0.3648710835477686,0.6388467775742885,24435.767450920583,24436.68260239908,7.276973563387732,24424.349609375,-0.00013712340834903257,1
2025-08-08 06:31:00+00:00,24424.349609375,24428.400390625,24423.94921875,24428.0,0.0,39.12474984092464,-1.2221493802935584,0.2666475460007191,24434.68003744005,24436.19895561382,7.075130585645751,24408.75,-0.0006386908812102932,1
2025-08-08 06:32:00+00:00,24408.75,24425.099609375,24408.75,24424.55078125,0.0,29.66272658258829,-3.124291820702638,-0.4115403273399522,24432.21051006481,24435.122525981908,7.737593356313911,24408.05078125,-2.8646233420392278e-05,1
2025-08-08 06:33:00+00:00,24408.05078125,24410.099609375,24405.80078125,24408.5,0.0,29.320442281844805,-4.634748028194736,-1.256181867510909,24429.90958351102,24434.0608889336,7.491967268362917,24404.05078125,-0.00016388035389834394,1
2025-08-08 06:34:00+00:00,24404.05078125,24408.69921875,24403.44921875,24408.099609375,0.0,27.374400596008822,-6.084424566506641,-2.221830407310056,24427.44684043854,24432.884021965616,7.331826749194137,24405.650390625,6.554687946433073e-05,1
2025-08-08 06:35:00+00:00,24405.650390625,24406.150390625,24403.05078125,24404.400390625,0.0,29.392628918373944,-7.023268689779798,-3.1821180638040043,24425.370988075345,24431.81603642285,7.029525508180271,24413.44921875,0.0003195501041838976,1
2025-08-08 06:36:00+00:00,24413.44921875,24415.80078125,24405.55078125,24405.55078125,0.0,38.38306485965278,-7.05666433548322,-3.957027318139848,24424.23558147293,24431.09576906313,7.259559400453108,24414.900390625,5.944149317030844e-05,1
2025-08-08 06:37:00+00:00,24414.900390625,24417.5,24412.94921875,24413.25,0.0,39.91613752253458,-6.886648189403786,-4.542951492392636,24423.34651567789,24430.460656183204,7.066075246849315,24417.19921875,9.415676853970372e-05,1
2025-08-08 06:38:00+00:00,24417.19921875,24417.349609375,24413.5,24415.150390625,0.0,42.362604334371625,-6.491582034333987,-4.932677600780906,24422.76105882761,24429.940599813275,6.836327684574364,24414.5,-0.00011054579707599168,1
2025-08-08 06:39:00+00:00,24414.5,24417.69921875,24414.5,24417.30078125,0.0,40.28828084800006,-6.323401419573202,-5.210822364539365,24421.974291320224,24429.33508609511,6.576534189247624,24414.44921875,-2.0799627270679308e-06,1
2025-08-08 06:40:00+00:00,24414.44921875,24415.44921875,24407.099609375,24415.44921875,0.0,40.24835152756384,-6.123625351949158,-5.393382962021325,24421.257617742107,24428.75132659138,6.703182416801366,24417.650390625,0.00013111792309209821,1
2025-08-08 06:41:00+00:00,24417.650390625,24418.69921875,24413.599609375,24413.599609375,0.0,44.01516304585766,-5.641956598370598,-5.44309768929118,24420.91407230238,24428.31599576917,6.588641485244126,24421.05078125,0.0001392595344188218,1
2025-08-08 06:42:00+00:00,24421.05078125,24422.80078125,24416.69921875,24418.19921875,0.0,47.78096390528613,-4.929028760401707,-5.340283903513285,24420.927092202157,24428.031085395876,6.55385012915526,24419.849609375,-4.918592102196667e-05,1
2025-08-08 06:43:00+00:00,24419.849609375,24421.55078125,24416.94921875,24421.55078125,0.0,46.58881735435932,-4.410115774691803,-5.154250277748989,24420.824474790043,24427.710243198977,6.414401012787026,24423.099609375,0.00013308845271316888,1
2025-08-08 06:44:00+00:00,24423.099609375,24423.55078125,24418.75,24419.30078125,0.0,50.20867361009549,-3.694043027771841,-4.86220882775356,24421.041154274324,24427.52943402941,6.29914245830224,24420.349609375,-0.00011259832060564462,1
2025-08-08 06:45:00+00:00,24420.349609375,24424.0,24419.30078125,24423.05078125,0.0,47.28824658972125,-3.3102932342844724,-4.551825709059743,24420.97529285534,24427.247872278254,6.184862193423508,24417.0,-0.00013716467735228825,1
2025-08-08 06:46:00+00:00,24417.0,24420.599609375,24415.19921875,24420.599609375,0.0,43.93601204620038,-3.2391157310194103,-4.289283713451676,24420.596693535783,24426.84599493401,6.128828509964686,24416.650390625,-1.4318277224884302e-05,1
2025-08-08 06:47:00+00:00,24416.650390625,24418.30078125,24411.80078125,24416.19921875,0.0,43.58869298157854,-3.1743259480535926,-4.066292160372059,24420.220855163327,24426.44616731405,6.155340759252923,24415.55078125,-4.50352262660158e-05,1
2025-08-08 06:48:00+00:00,24415.55078125,24417.44921875,24414.05078125,24416.44921875,0.0,42.45199232107477,-3.1751081941838493,-3.8880553671344176,24419.7760862192,24426.018897272326,5.958419097877714,24418.55078125,0.00012287250969180918,1
2025-08-08 06:49:00+00:00,24418.55078125,24421.05078125,24415.400390625,24415.400390625,0.0,46.5475004153643,-2.900221256601071,-3.690488545027749,24419.659390507848,24425.726029977333,5.936417064100735,24415.5,-0.00012493703157611505,1
2025-08-08 06:50:00+00:00,24415.5,24419.650390625,24415.19921875,24419.400390625,0.0,43.18196335351244,-2.895170208561467,-3.5314248777344925,24419.26325807853,24425.325009193908,5.830328122022111,24412.5,-0.000122872765251582,1
2025-08-08 06:51:00+00:00,24412.5,24416.400390625,24411.599609375,24415.75,0.0,40.11072584211626,-3.097535681368754,-3.444647038461345,24418.619138261525,24424.822067656893,5.756789059734818,24414.69921875,9.00857654889913e-05,1
2025-08-08 06:52:00+00:00,24414.69921875,24417.19921875,24412.25,24412.650390625,0.0,43.2946791434071,-3.045348323241342,-3.364787295417345,24418.245812593763,24424.42509318996,5.699105466182331,24417.75,0.00012495674112819138,1
2025-08-08 06:53:00+00:00,24417.75,24418.900390625,24413.900390625,24414.44921875,0.0,47.46699524823629,-2.726388802508154,-3.2371075968355068,24418.198592346736,24424.16332482957,5.649169361455022,24422.44921875,0.00019245093221119882,1
2025-08-08 06:54:00+00:00,24422.44921875,24424.0,24417.400390625,24418.19921875,0.0,53.181401097998894,-2.0705553312473057,-3.0037971437178665,24418.603413908957,24424.096104983317,5.717057933851092,24419.19921875,-0.00013307428632116297,1
2025-08-08 06:55:00+00:00,24419.19921875,24422.94921875,24415.900390625,24422.349609375,0.0,49.19566909619509,-1.7923888756304225,-2.761515490100378,24418.660157227147,24423.904070229062,5.812184376076014,24424.0,0.00019659863564705987,1
2025-08-08 06:56:00+00:00,24424.0,24424.94921875,24418.05078125,24418.900390625,0.0,54.60751606196094,-1.1710578049860487,-2.443423953077512,24419.1687136817,24423.907832180867,5.889773884927728,24433.599609375,0.0003930400169914838,1
2025-08-08 06:57:00+00:00,24433.599609375,24433.599609375,24423.19921875,24424.19921875,0.0,63.077176553010354,0.0948662353221152,-1.9357659153975868,24420.543084700108,24424.287901874755,6.2119607949328906,24427.5,-0.00024964022790402207,1
2025-08-08 06:58:00+00:00,24427.5,24434.25,24426.30078125,24434.099609375,0.0,55.93546287047938,0.5990274422838411,-1.428807243861301,24421.205648062005,24424.41386650712,6.336050648866255,24434.55078125,0.0002886411319209907,1
2025-08-08 06:59:00+00:00,24434.55078125,24436.099609375,24427.150390625,24427.69921875,0.0,61.37891668233856,1.5496544996785817,-0.8331148951533248,24422.47661312753,24424.811392575462,6.522705513232952,24437.099609375,0.00010431246098274328,1
2025-08-08 07:00:00+00:00,24437.099609375,24438.849609375,24434.19921875,24436.30078125,0.0,63.15105797887252,2.4801132184402377,-0.1704692724346123,24423.86927943681,24425.29328343035,6.388968735502027,24440.19921875,0.00012684031348020008,1
2025-08-08 07:01:00+00:00,24440.19921875,24441.900390625,24436.5,24438.75,0.0,65.23990188134943,3.4281039799388964,0.5492453780400894,24425.424511752357,24425.87782991348,6.31835601332331,24437.05078125,-0.0001288220882252296,1
2025-08-08 07:02:00+00:00,24437.05078125,24441.25,24435.400390625,24441.25,0.0,61.43065679303261,3.880607665098069,1.2155178354516851,24426.531775514035,24426.31598486785,6.284874110585931,24430.849609375,-0.00025376105858723426,1
2025-08-08 07:03:00+00:00,24430.849609375,24437.75,24430.30078125,24437.75,0.0,54.66100119593512,3.696229517689062,1.7116601718991609,24426.942997786507,24426.49377406421,6.368041584829792,24434.400390625,0.00014534006417187543,1
2025-08-08 07:04:00+00:00,24434.400390625,24435.5,24430.94921875,24432.25,0.0,57.54593298878691,3.792904635614832,2.127909064642295,24427.653225675887,24426.803837458752,6.245352230556236,24435.69921875,5.3155719159711195e-05,1
2025-08-08 07:05:00+00:00,24435.69921875,24439.30078125,24433.75,24435.80078125,0.0,58.58404392287631,3.9290334857178095,2.488133948857398,24428.419510730568,24427.15267594076,6.195740017659362,24430.69921875,-0.00020461865875986065,1
2025-08-08 07:06:00+00:00,24430.69921875,24438.19921875,24430.69921875,24436.19921875,0.0,53.19177040758011,3.5920514339668443,2.7089174458792877,24428.63662578004,24427.291756050927,6.288901444969407,24430.94921875,1.0233026806213174e-05,1
2025-08-08 07:07:00+00:00,24430.94921875,24437.400390625,24430.5,24432.30078125,0.0,53.422616401995306,3.3070421178199467,2.8285423802674194,24428.85687272956,24427.43518596069,6.332579243543021,24426.900390625,-0.0001657253710753346,1
2025-08-08 07:08:00+00:00,24426.900390625,24434.19921875,24425.349609375,24431.80078125,0.0,49.19141714339283,2.723073690722231,2.807448642358382,24428.670541100557,24427.414213594588,6.512367110075663,24428.30078125,5.73298536697463e-05,1
2025-08-08 07:09:00+00:00,24428.30078125,24430.05078125,24424.349609375,24427.150390625,0.0,50.647389047210346,2.3462284636189,2.715204606610486,24428.63532587669,24427.448980953624,6.454424593284544,24430.94921875,0.00010841677133895512,1
2025-08-08 07:10:00+00:00,24430.94921875,24432.849609375,24426.349609375,24429.30078125,0.0,53.36893969220471,2.2355130752766854,2.619266300343725,24428.85569662653,24427.586245180933,6.457679979478505,24434.900390625,0.00016172813588297247,1
2025-08-08 07:11:00+00:00,24434.900390625,24435.30078125,24431.099609375,24431.650390625,0.0,57.16413961025759,2.43848751517362,2.5831105433097044,24429.43138176924,24427.873074414038,6.307243016658612,24431.900390625,-0.00012277520890369652,1
2025-08-08 07:12:00+00:00,24431.900390625,24435.94921875,24431.80078125,24435.900390625,0.0,53.59730989449374,2.330407802670379,2.53256999518184,24429.66652546979,24428.031008383092,6.153042622611568,24436.849609375,0.0002025719927991812,1
2025-08-08 07:13:00+00:00,24436.849609375,24440.5,24432.75,24434.19921875,0.0,58.2279840120753,2.6139820842981862,2.5488524130051093,24430.35062869886,24428.37683587297,6.327797390639312,24435.349609375,-6.138270783581437e-05,1
2025-08-08 07:14:00+00:00,24435.349609375,24440.349609375,24434.900390625,24438.5,0.0,56.391226218562565,2.68670857748657,2.5764236459014014,24430.826722096583,24428.650277971094,6.26504177345079,24437.05078125,6.96192975420871e-05,1
2025-08-08 07:15:00+00:00,24437.05078125,24437.44921875,24434.05078125,24436.75,0.0,58.00900064613026,2.848776280668972,2.630894172854916,24431.41948963501,24428.97970947223,6.060284325347162,24439.80078125,0.00011253403794986641,1
2025-08-08 07:16:00+00:00,24439.80078125,24441.05078125,24434.650390625,24436.80078125,0.0,60.55636025219146,3.162660933812731,2.7372475250464787,24432.217707884058,24429.404065228224,6.084577632465222,24440.30078125,2.0458431902750844e-05,1
2025-08-08 07:17:00+00:00,24440.30078125,24444.44921875,24438.900390625,24441.75,0.0,61.01938555204815,3.4124262781951984,2.8722832756762227,24432.9875243951,24429.83138742516,6.046309810503421,24445.80078125,0.00022503814700265332,1
2025-08-08 07:18:00+00:00,24445.80078125,24448.349609375,24439.94921875,24441.099609375,0.0,65.77828834948933,4.007969767066243,3.0994205739542267,24434.20783457176,24430.45763816339,6.214458440110319,24446.94921875,4.6978927394387294e-05,1
2025-08-08 07:19:00+00:00,24446.94921875,24448.349609375,24443.849609375,24447.0,0.0,66.69266965240851,4.520502047325863,3.383636868628554,24435.421299731588,24431.104366813848,6.091997122959582,24462.349609375,0.0006299514302254292,1
2025-08-08 07:20:00+00:00,24462.349609375,24463.30078125,24448.30078125,24448.30078125,0.0,75.96638504569057,6.099064173769875,3.926722329656819,24437.98590065001,24432.329670443694,6.824823221319612,24456.849609375,-0.00022483531172705375,1
2025-08-08 07:21:00+00:00,24456.849609375,24464.69921875,24455.30078125,24463.400390625,0.0,68.61837098401328,6.82757792897246,4.506893449519947,24439.782444338103,24433.2912366763,7.008652812653925,24454.55078125,-9.39952676537208e-05,1
2025-08-08 07:22:00+00:00,24454.55078125,24457.19921875,24452.150390625,24457.19921875,0.0,65.75545374925969,7.137161357648438,5.032947031145646,24441.188952615423,24434.124944306644,6.868665334964359,24459.05078125,0.00018401482980624933,1
2025-08-08 07:23:00+00:00,24459.05078125,24461.099609375,24455.05078125,24455.94921875,0.0,68.52392288025324,7.657351663790905,5.557827957674698,24442.890079152054,24435.102428108345,6.845819819966906,24469.05078125,0.00040884661017449923,1
2025-08-08 07:24:00+00:00,24469.05078125,24469.05078125,24458.599609375,24459.849609375,0.0,73.6264865131615,8.775365702349518,6.201335506609662,24445.38157458996,24436.433736074683,7.103344966754984,24478.400390625,0.00038209938990213565,1
2025-08-08 07:25:00+00:00,24478.400390625,24481.349609375,24468.900390625,24469.80078125,0.0,77.32724155631998,10.297136244498688,7.020495654187467,24448.526223736157,24438.07948723352,7.485193094129627,24474.0,-0.00017976626555570637,1
2025-08-08 07:26:00+00:00,24474.0,24479.75,24473.849609375,24478.400390625,0.0,72.19273964391417,11.02103201832142,7.820602927014258,24450.95229766604,24439.488134792988,7.371992917763225,24470.599609375,-0.00013893889944430825,1
2025-08-08 07:27:00+00:00,24470.599609375,24476.349609375,24469.349609375,24475.44921875,0.0,68.4124654103691,11.191334788203676,8.494749299252142,24452.823470209754,24440.70819261973,7.345421995065851,24465.150390625,-0.00022268431656706665,1
2025-08-08 07:28:00+00:00,24465.150390625,24471.05078125,24461.25,24470.75,0.0,62.74248433452044,10.762530792660982,8.94830559793391,24453.997462630254,24441.66671018857,7.520804798989718,24458.69921875,-0.00026368821658550185,1
2025-08-08 07:29:00+00:00,24458.69921875,24465.599609375,24456.650390625,24465.599609375,0.0,56.74632502601217,9.78929992529811,9.11650446340675,24454.44524892737,24442.33465170078,7.622834366919023,24455.94921875,-0.00011243443387585609,1
2025-08-08 07:30:00+00:00,24455.94921875,24464.400390625,24455.94921875,24459.849609375,0.0,54.36136781261491,8.695864916106075,9.032376553946616,24454.58848414857,24442.86855629095,7.68200133178195,24447.44921875,-0.00034756369192503805,1
2025-08-08 07:31:00+00:00,24447.44921875,24456.099609375,24446.69921875,24456.099609375,0.0,47.68964687109239,7.062024211856624,8.638306085528617,24453.90855411061,24443.048190112877,7.804743424154667,24443.0,-0.00018199112349879292,1
2025-08-08 07:32:00+00:00,24443.0,24448.150390625,24439.099609375,24448.150390625,0.0,44.60383653755104,5.346547244575049,7.979954317337904,24452.86964419532,24443.04630030453,7.893746126000763,24442.75,-1.0227877101828744e-05,1
2025-08-08 07:33:00+00:00,24442.75,24445.30078125,24441.150390625,24443.349609375,0.0,44.42987184405238,3.921640250329801,7.168291503936284,24451.905868557667,24443.034680684745,7.626363590214994,24446.55078125,0.00015549728447085537,1
2025-08-08 07:34:00+00:00,24446.55078125,24450.80078125,24440.75,24443.75,0.0,47.765400813547245,3.0637652947189054,6.347386262092808,24451.39586024265,24443.172566981422,7.799536280199637,24449.44921875,0.00011856222687345495,1
2025-08-08 07:35:00+00:00,24449.44921875,24450.400390625,24444.25,24446.69921875,0.0,50.2193180367881,2.5879407249994983,5.595497154674147,24451.21046581478,24443.418710188034,7.681740161971092,24451.900390625,0.00010025468684669693,1
2025-08-08 07:36:00+00:00,24451.900390625,24454.849609375,24447.849609375,24450.19921875,0.0,52.261817860028025,2.381186573791638,4.952635038497645,24451.276172939564,24443.75132510713,7.633044436116014,24439.400390625,-0.000511207709842977,1
2025-08-08 07:37:00+00:00,24439.400390625,24452.599609375,24436.099609375,24452.599609375,0.0,42.6511627448961,1.1949126767103735,4.201090566140191,24450.145146052462,24443.58070022548,8.266398404964871,24436.55078125,-0.00011659898890535447,1
2025-08-08 07:38:00+00:00,24436.55078125,24439.5,24419.55078125,24439.30078125,0.0,40.80877092484414,0.0245593009130971,3.3657843130947724,24448.850444642703,24443.3050171284,9.10088557246738,24436.650390625,4.076245288939452e-06,1
2025-08-08 07:39:00+00:00,24436.650390625,24439.05078125,24434.19921875,24437.0,0.0,40.90486628276943,-0.8847180581979046,2.515683838836237,24447.68853473625,24443.044051383167,8.797362495862567,24429.44921875,-0.00029468735525891443,1
2025-08-08 07:40:00+00:00,24429.44921875,24437.0,24427.099609375,24437.0,0.0,36.31482443982909,-2.1614850497171574,1.5802500611255583,24445.95145702328,24442.51092069167,8.876150219372382,24432.25,0.00011464774440556584,1
2025-08-08 07:41:00+00:00,24432.25,24435.30078125,24429.80078125,24429.849609375,0.0,39.173690644416006,-2.913744615158066,0.6814511258688335,24444.6465563544,24442.10853164494,8.660108239417212,24435.900390625,0.00014940869649745725,1
2025-08-08 07:42:00+00:00,24435.900390625,24438.0,24428.44921875,24431.19921875,0.0,42.77910325531108,-3.17871744859076,-0.0905825890230851,24443.813588189696,24441.86507513436,8.723727740173127,24433.150390625,-0.00011253933581490029,1
2025-08-08 07:43:00+00:00,24433.150390625,24437.349609375,24430.80078125,24437.349609375,0.0,40.81630686653917,-3.569465765969653,-0.7863592244123988,24442.798045564487,24441.52332280066,8.56837776766076,24435.94921875,0.00011455043988408103,1
2025-08-08 07:44:00+00:00,24435.94921875,24436.599609375,24431.849609375,24434.150390625,0.0,43.65008011178197,-3.611661597067723,-1.351419698943464,24442.14577634406,24441.304730484942,8.295636498542134,24442.30078125,0.00025992698066037756,1
2025-08-08 07:45:00+00:00,24442.30078125,24442.349609375,24434.150390625,24435.94921875,0.0,49.55324967953259,-3.096885121743981,-1.7005127835035674,24442.160538716053,24441.343791299263,8.28874951650341,24450.25,0.00032522383310567665,1
2025-08-08 07:46:00+00:00,24450.25,24450.5,24441.75,24442.599609375,0.0,55.79481756505908,-2.024152369045624,-1.7652407006119786,24442.93096360024,24441.693054385567,8.32169597961031,24445.44921875,-0.0001963489637120275,1
2025-08-08 07:47:00+00:00,24445.44921875,24453.099609375,24442.25,24451.94921875,0.0,51.63940732935805,-1.5435932765394682,-1.7209112157974764,24443.170797424023,24441.84035494888,8.502261222138143,24438.80078125,-0.0002719703549117255,1
2025-08-08 07:48:00+00:00,24438.80078125,24445.25,24437.900390625,24444.44921875,0.0,46.47701906171075,-1.679855745071109,-1.7127001216522029,24442.75460540745,24441.721155980296,8.434158858056847,24438.849609375,1.9979754913940803e-06,1
2025-08-08 07:49:00+00:00,24438.849609375,24443.599609375,24437.80078125,24439.69921875,0.0,46.5193055474854,-1.763575313067122,-1.7228751599351868,24442.382701023405,24441.6085463095,8.245920948552786,24442.05078125,0.00013098701150695722,1
2025-08-08 07:50:00+00:00,24442.05078125,24445.349609375,24436.19921875,24439.150390625,0.0,49.34488938421061,-1.5537057046531118,-1.689041268878772,24442.35108961641,24441.625888856182,8.310525925441874,24444.349609375,9.405217858247306e-05,1
2025-08-08 07:51:00+00:00,24444.349609375,24445.0,24440.75,24443.80078125,0.0,51.33338435976316,-1.1881896002851136,-1.5888709351600403,24442.54142483152,24441.73270142555,8.020488359338882,24438.55078125,-0.00023722570727658098,1
2025-08-08 07:52:00+00:00,24438.55078125,24444.44921875,24438.05078125,24444.44921875,0.0,46.3867110555078,-1.3508605415881902,-1.5412688564456705,24442.16136353804,24441.607920242197,7.904627583671819,24437.44921875,-4.507478818445946e-05,1
2025-08-08 07:53:00+00:00,24437.44921875,24440.80078125,24436.150390625,24439.400390625,0.0,45.48993857735496,-1.5507887942694651,-1.5431728440104295,24441.71258784394,24441.44483390917,7.672182086623832,24439.400390625,7.9843516298867e-05,1
2025-08-08 07:54:00+00:00,24439.400390625,24440.69921875,24437.25,24438.94921875,0.0,47.42863156689449,-1.5341058934427565,-1.541359453896895,24441.492378584997,24441.36465966273,7.370541848293558,24432.94921875,-0.0002639660454793597,1
2025-08-08 07:55:00+00:00,24432.94921875,24440.349609375,24432.94921875,24440.19921875,0.0,42.09753222565262,-2.0181759538427286,-1.636722753886062,24440.678744314995,24441.034642372037,7.372673903772589,24430.400390625,-0.0001043192985906103,1
2025-08-08 07:56:00+00:00,24430.400390625,24433.599609375,24429.30078125,24433.0,0.0,40.17607674147274,-2.577759288014932,-1.824930060711836,24439.69985348737,24440.61761289176,7.153113491003118,24429.05078125,-5.52430313634116e-05,1
2025-08-08 07:57:00+00:00,24429.05078125,24431.80078125,24426.650390625,24431.80078125,0.0,39.15693497965341,-3.094464251676982,-2.078836898904865,24438.685656131434,24440.164011650908,7.010061857717182,24422.0,-0.00028862280868529195,1
2025-08-08 07:58:00+00:00,24422.0,24430.05078125,24417.849609375,24430.05078125,0.0,34.26646876529054,-4.026481012359,-2.468365721595692,24437.09654602368,24439.45169746852,7.380855430380241,24425.05078125,0.00012491938620915567,1
2025-08-08 07:59:00+00:00,24425.05078125,24426.69921875,24421.650390625,24423.150390625,0.0,37.88157071776351,-4.467440585402073,-2.8681806943569685,24435.94933033095,24438.886955656028,7.21428205142451,24428.55078125,0.00014329550555885806,1
2025-08-08 08:00:00+00:00,24428.55078125,24428.55078125,24418.0,24425.599609375,0.0,41.83383243374063,-4.48280844934925,-3.191106245355425,24435.244706608955,24438.48161548324,7.452603422751331,24439.69921875,0.0004563691722784031,1
2025-08-08 08:01:00+00:00,24439.69921875,24441.650390625,24427.05078125,24427.849609375,0.0,52.25435772898937,-3.554428616836958,-3.263770719651732,24435.66894586048,24438.529364630955,7.963103847911951,24449.5,0.00040101889807550887,1
2025-08-08 08:02:00+00:00,24449.5,24452.599609375,24438.69921875,24440.19921875,0.0,59.1781389717914,-2.004730487467896,-3.0119626732149647,24436.986189111863,24438.959585625817,8.387195760561097,24442.5,-0.0002863044234033416,1
2025-08-08 08:03:00+00:00,24442.5,24450.19921875,24442.0,24450.19921875,0.0,53.23976240125693,-1.3261381583324692,-2.6747977702384658,24437.511313958352,24439.0984254052,8.373768831235305,24450.55078125,0.00032937634243633015,1
2025-08-08 08:04:00+00:00,24450.55078125,24450.55078125,24440.80078125,24443.099609375,0.0,58.40904201381007,-0.1371372519352007,-2.1672656665778125,24438.753167986128,24439.547537399118,8.47207105757564,24447.69921875,-0.0001166256958999358,1
2025-08-08 08:05:00+00:00,24447.69921875,24454.599609375,24447.69921875,24451.150390625,0.0,56.04570736788085,0.5685039112177037,-1.6201117510187093,24439.605172820786,24439.867211177578,8.359808169534523,24452.19921875,0.0001840664006758049,1
2025-08-08 08:06:00+00:00,24452.19921875,24455.349609375,24447.0,24449.400390625,0.0,58.87370491243269,1.473852356295538,-1.0013189295558598,24440.80460576642,24440.350819317675,8.359079684210629,24446.25,-0.00024329994602032058,1
2025-08-08 08:07:00+00:00,24446.25,24452.650390625,24446.099609375,24452.650390625,0.0,53.93325529647775,1.6917933476688631,-0.4626964741109152,24441.32321474105,24440.58215973659,8.229915510338442,24455.19921875,0.0003660773636038247,1
2025-08-08 08:08:00+00:00,24455.19921875,24455.19921875,24443.650390625,24447.30078125,0.0,59.44623235909545,2.557162932382198,0.1412754071877074,24442.644738932377,24441.155377737115,8.46698069709998,24457.349609375,8.793183836962072e-05,1
2025-08-08 08:09:00+00:00,24457.349609375,24461.150390625,24454.5,24454.5,0.0,60.66438449005555,3.3775587203272157,0.7885320698156091,24444.04520278406,24441.790445644485,8.337224263378554,24454.650390625,-0.00011036431964669362,1
2025-08-08 08:10:00+00:00,24454.650390625,24459.0,24452.30078125,24457.349609375,0.0,58.29724547653097,3.7665059619321255,1.3841268482389124,24445.055220673672,24442.29475721235,8.2202238695658,24456.5,7.563425955617305e-05,1
2025-08-08 08:11:00+00:00,24456.5,24456.5,24447.349609375,24455.849609375,0.0,59.464464877732176,4.175860748524428,1.942473628296016,24446.14519965713,24442.85182555696,8.286664352096814,24460.900390625,0.0001799272432686607,1
2025-08-08 08:12:00+00:00,24460.900390625,24462.099609375,24455.349609375,24457.44921875,0.0,62.17679168748568,4.800020465954731,2.513982995827759,24447.55045593979,24443.55961242237,8.176902612661326,24457.05078125,-0.00015737807331390872,1
2025-08-08 08:13:00+00:00,24457.05078125,24463.5,24456.80078125,24462.400390625,0.0,58.48960673039867,4.927242055502575,2.996634807762722,24448.455248826474,24444.088677866595,8.071353765328373,24456.94921875,-4.152687947062811e-06,1
2025-08-08 08:14:00+00:00,24456.94921875,24459.099609375,24455.80078125,24455.80078125,0.0,58.3912247406451,4.962664331578708,3.389840712525919,24449.264198343,24444.5930128032,7.7304590767334895,24451.150390625,-0.00023710349451739097,1
2025-08-08 08:15:00+00:00,24451.150390625,24457.75,24449.69921875,24457.75,0.0,52.918130448008895,4.471277668028051,3.6061281036263457,24449.44383570319,24444.85016487465,7.7533392319668115,24444.94921875,-0.0002536147287931957,1
2025-08-08 08:16:00+00:00,24444.94921875,24452.05078125,24440.5,24451.75,0.0,47.762405366215056,3.5406530080581438,3.5930330845127054,24449.015776945744,24444.85404934035,8.024585090397753,24437.44921875,-0.0003068118461971391,1
2025-08-08 08:17:00+00:00,24437.44921875,24447.94921875,24435.099609375,24445.650390625,0.0,42.38393574929395,2.172891203150357,3.309004708240236,24447.91419997472,24444.563663827004,8.369229682155057,24432.05078125,-0.00022090838743750587,1
2025-08-08 08:18:00+00:00,24432.05078125,24438.099609375,24418.30078125,24437.94921875,0.0,38.98126479895169,0.6458760716377583,2.776378980919741,24446.40339819141,24444.072962549475,9.185629570929695,24430.599609375,-5.939623685268694e-05,1
2025-08-08 08:19:00+00:00,24430.599609375,24433.44921875,24428.5,24432.349609375,0.0,38.09587984474806,-0.6736267145570309,2.0863778418243863,24444.898275446994,24443.54459575832,8.883028798006146,24430.5,-4.077238241904463e-06,1
2025-08-08 08:20:00+00:00,24430.5,24430.94921875,24426.599609375,24430.94921875,0.0,38.03202531507323,-1.7076945830631305,1.327563356846883,24443.52701111871,24443.033042983487,8.559213124934278,24434.599609375,0.00016780701889032153,1
2025-08-08 08:21:00+00:00,24434.599609375,24434.599609375,24426.30078125,24431.05078125,0.0,42.31736946774996,-2.171366443482839,0.6277773967809387,24442.67678238121,24442.70232009688,8.540614196367544,24430.80078125,-0.00015546921929273096,1
2025-08-08 08:22:00+00:00,24430.80078125,24438.349609375,24427.44921875,24435.80078125,0.0,39.58557976487378,-2.812937621092715,-0.0603656067937919,24441.54573465443,24442.23559308328,8.709169655555577,24430.05078125,-3.069895279796172e-05,1
2025-08-08 08:23:00+00:00,24430.05078125,24431.900390625,24427.25,24431.900390625,0.0,39.04960840233818,-3.343365892767906,-0.7169656639886149,24440.45097718734,24441.75775732511,8.41925686765875,24427.849609375,-9.010099466061666e-05,1
2025-08-08 08:24:00+00:00,24427.849609375,24431.25,24427.349609375,24431.25,0.0,37.44710061640998,-3.896434621085064,-1.3528594554079048,24439.250846919495,24441.21233975844,8.096480707468839,24426.349609375,-6.140532318589047e-05,1
2025-08-08 08:25:00+00:00,24426.349609375,24429.19921875,24424.55078125,24428.25,0.0,36.35229433951073,-4.405004882632056,-1.9632885408527352,24438.022157629548,24440.629487586542,7.8501919069353505,24427.349609375,4.093939602077067e-05,1
2025-08-08 08:26:00+00:00,24427.349609375,24429.25,24423.94921875,24426.400390625,0.0,37.66079446506048,-4.673485801136849,-2.505327992909558,24437.005724462448,24440.10870804884,7.668091145725683,24425.150390625,-9.003100152772855e-05,1
2025-08-08 08:27:00+00:00,24425.150390625,24428.599609375,24423.349609375,24428.599609375,0.0,35.91221136366342,-5.0060112552200735,-3.005464645371661,24435.87664504936,24439.522107365552,7.495370349602419,24422.599609375,-0.00010443257090359842,1
2025-08-08 08:28:00+00:00,24422.599609375,24427.150390625,24421.900390625,24427.150390625,0.0,33.943667766876615,-5.412969459932356,-3.4869656082838,24434.612165461323,24438.85847999337,7.334986753202246,24423.650390625,4.302495503372381e-05,1
2025-08-08 08:29:00+00:00,24423.650390625,24424.099609375,24418.650390625,24423.400390625,0.0,35.5118854641609,-5.586302090861864,-3.906832904799413,24433.56818690548,24438.26208433187,7.2002890386878,24438.599609375,0.0006120796240900273,1
2025-08-08 08:30:00+00:00,24438.599609375,24442.150390625,24423.94921875,24424.75,0.0,52.71206876135216,-4.46591217673631,-4.018648759186792,24434.047369997817,24438.27532060807,8.007411250210101,24444.900390625,0.00025782087970306324,1
2025-08-08 08:31:00+00:00,24444.900390625,24445.349609375,24437.80078125,24439.599609375,0.0,57.8186941977276,-3.034593800406583,-3.8218377674307504,24435.08099100993,24438.5351272754,7.974655312695093,24437.650390625,-0.0002965853770785046,1
2025-08-08 08:32:00+00:00,24437.650390625,24449.44921875,24437.650390625,24445.55078125,0.0,50.99472259627587,-2.4569558269213303,-3.5488613793288666,24435.325695735173,24438.500431720484,8.247810513574015,24430.150390625,-0.0003069034821317036,1
2025-08-08 08:33:00+00:00,24430.150390625,24440.150390625,24430.150390625,24438.849609375,0.0,45.06883747912912,-2.57468156476898,-3.354025416416889,24434.832809534204,24438.172979128503,8.372966905461585,24433.30078125,0.0001289550237975184,1
2025-08-08 08:34:00+00:00,24433.30078125,24435.30078125,24430.69921875,24431.900390625,0.0,47.81220965459365,-2.386262516760325,-3.160472836485577,24434.686902078563,24437.981912545038,8.142782885428614,24432.900390625,-1.6387086975463335e-05,1
2025-08-08 08:35:00+00:00,24432.900390625,24436.69921875,24432.30078125,24433.69921875,0.0,47.48760823651382,-2.2433868735388387,-2.9770556438962297,24434.516758130605,24437.78263717562,7.875329643612284,24431.599609375,-5.3238920848673166e-05,1
2025-08-08 08:36:00+00:00,24431.599609375,24435.599609375,24430.400390625,24434.0,0.0,46.385810691643215,-2.2096476302940573,-2.8235740411757955,24434.2389344396,24437.540165497165,7.684178865497121,24425.5,-0.00024966066375201366,1
2025-08-08 08:37:00+00:00,24425.5,24432.849609375,24425.400390625,24432.849609375,0.0,41.52094182369418,-2.64461110632692,-2.78778145420602,24433.40665496916,24437.068002144333,7.667396000104469,24426.650390625,4.709793555914925e-05,1
2025-08-08 08:38:00+00:00,24426.650390625,24427.599609375,24422.5,24427.349609375,0.0,42.74066226366018,-2.8634873854789475,-2.802922640460606,24432.763201222097,24436.65946835926,7.483982669739865,24428.5,7.572095827391397e-05,1
2025-08-08 08:39:00+00:00,24428.5,24430.849609375,24426.44921875,24428.25,0.0,44.736466542157984,-2.8547921282843163,-2.813296538025348,24432.357182058087,24436.33948920792,7.263726095115588,24426.80078125,-6.955886566919786e-05,1
2025-08-08 08:40:00+00:00,24426.80078125,24428.80078125,24425.150390625,24428.80078125,0.0,43.24517271036695,-2.950996574891178,-2.8408365453985143,24431.828001028745,24435.965422229176,7.005630704393047,24420.55078125,-0.00025586649909543197,1
2025-08-08 08:41:00+00:00,24420.55078125,24428.650390625,24419.0,24427.30078125,0.0,38.200982196284606,-3.491316337047465,-2.9709325037283048,24430.753980097437,24435.3609265045,7.194542127293544,24392.69921875,-0.0011404969015434458,0
2025-08-08 08:42:00+00:00,24392.69921875,24421.400390625,24392.150390625,24421.400390625,0.0,24.49145125641546,-6.096633770790504,-3.5960727571407447,24427.12971711196,24433.687918357264,8.769931975344004,24409.30078125,0.0006805955483286095,1
2025-08-08 08:43:00+00:00,24409.30078125,24410.900390625,24388.25,24392.94921875,0.0,38.62956184009143,-6.744018412380683,-4.225661888188732,24425.431723220347,24432.73156003933,9.76139330746229,24413.25,0.00016179155582504812,1
2025-08-08 08:44:00+00:00,24413.25,24413.55078125,24405.55078125,24410.099609375,0.0,41.43857513623208,-6.85933629781357,-4.7523967701137,24424.271559104123,24431.967577292693,9.635579499786411,24410.099609375,-0.00012904429459412409,1
2025-08-08 08:45:00+00:00,24410.099609375,24413.650390625,24408.94921875,24413.05078125,0.0,39.87078733043339,-7.122829206080496,-5.226483257307059,24422.921849606115,24431.11000992337,9.28312181230167,24424.55078125,0.0005920160960527113,1
2025-08-08 08:46:00+00:00,24424.55078125,24426.349609375,24406.599609375,24410.19921875,0.0,49.33921244314127,-6.095297640415083,-5.400246133928665,24423.076985953157,24430.85278526951,10.030755968565838,24427.349609375,0.00011459077180443281,1
2025-08-08 08:47:00+00:00,24427.349609375,24430.69921875,24423.05078125,24425.099609375,0.0,50.95018251942723,-4.997521120130841,-5.3197011311691,24423.48390246952,24430.71540582267,9.860590363668278,24433.650390625,0.00025793961894178714,1
2025-08-08 08:48:00+00:00,24433.650390625,24433.80078125,24426.0,24427.099609375,0.0,54.460952192507655,-3.577861568679509,-4.971333218671182,24424.45213943671,24430.8305032659,9.7134611412634,24432.099609375,-6.346907748974842e-05,1
2025-08-08 08:49:00+00:00,24432.099609375,24434.849609375,24430.55078125,24433.94921875,0.0,53.446973376076805,-2.548528383711528,-4.486772251679251,24425.180469907024,24430.880272132927,9.326701640101728,24429.5,-0.00010640139065258587,1
2025-08-08 08:50:00+00:00,24429.5,24432.5,24425.349609375,24432.5,0.0,51.70896551060187,-1.9204039480937356,-3.973498590962148,24425.591853725404,24430.82614381399,9.171250853308749,24426.75,-0.00011256882048343191,1
2025-08-08 08:51:00+00:00,24426.75,24432.849609375,24424.55078125,24429.55078125,0.0,49.86179981621404,-1.625771937873651,-3.503953260344449,24425.702153370603,24430.66629503697,9.108934944143838,24430.05078125,0.000135129775758134,1
2025-08-08 08:52:00+00:00,24430.05078125,24430.80078125,24425.0,24427.05078125,0.0,52.07475724535791,-1.1130973921135592,-3.025782086698272,24426.116308406738,24430.6421572414,8.872638251704993,24426.650390625,-0.00013918884800721704,1
2025-08-08 08:53:00+00:00,24426.650390625,24432.849609375,24426.0,24430.900390625,0.0,49.64385994644127,-0.9700006623388616,-2.61462580182639,24426.167173379905,24430.485617374088,8.728136189083207,24424.75,-7.779988637858321e-05,1
2025-08-08 08:54:00+00:00,24424.75,24428.75,24424.25,24427.25,0.0,48.287202645804285,-0.9984318137940136,-2.291387004219915,24426.032204486582,24430.260691202555,8.426126461291549,24412.19921875,-0.0005138550548112058,1
2025-08-08 08:55:00+00:00,24412.19921875,24425.150390625,24410.150390625,24425.150390625,0.0,40.429197638546825,-2.010530715208006,-2.2352157464175333,24424.714777273577,24429.5523981652,8.895688856913582,24410.05078125,-8.800671667261646e-05,1
2025-08-08 08:56:00+00:00,24410.05078125,24414.30078125,24409.099609375,24412.69921875,0.0,39.251659651569184,-2.9519589916380937,-2.3785643954616456,24423.31820622371,24428.78762887441,8.631794786776897,24402.75,-0.0002990891463285247,1
2025-08-08 08:57:00+00:00,24402.75,24412.05078125,24402.55078125,24412.05078125,0.0,35.47086666325575,-4.23830319406261,-2.7505121551818386,24421.3593294405,24427.76654538914,8.69380944486426,24399.75,-0.00012293696407167224,1
2025-08-08 08:58:00+00:00,24399.75,24405.25,24399.5,24403.55078125,0.0,34.020742259633536,-5.437139213696355,-3.287837566884741,24419.301298065213,24426.667857334665,8.483537341659671,24400.69921875,3.8902806381212924e-05,1
2025-08-08 08:59:00+00:00,24400.69921875,24401.94921875,24395.0,24400.25,0.0,34.927231147650446,-6.238715349147242,-3.878013123337242,24417.52967146376,24425.649479350952,8.373943156541124,24405.80078125,0.00020907443898492278,1
2025-08-08 09:00:00+00:00,24405.80078125,24407.25,24397.349609375,24401.5,0.0,39.72064823133402,-6.388672117962415,-4.380144922262277,24416.41263430055,24424.871099033266,8.4829751185739,24401.150390625,-0.00019054448025211733,1
2025-08-08 09:01:00+00:00,24401.150390625,24407.19921875,24398.94921875,24407.19921875,0.0,37.04202541090377,-6.804325566543412,-4.864981051118503,24414.959087283827,24423.94087517412,8.466334038675765,24388.150390625,-0.0005327617670433539,1
2025-08-08 09:02:00+00:00,24388.150390625,24405.650390625,24384.400390625,24401.55078125,0.0,30.79092381379907,-8.089474843160133,-5.509879809526829,24412.405878078225,24422.53732676043,9.37945303591321,24407.19921875,0.000781068995388946,1
2025-08-08 09:03:00+00:00,24407.19921875,24408.099609375,24383.25,24389.30078125,0.0,45.34544146349832,-7.484605795289099,-5.904825006679284,24411.91000576125,24421.93583232865,10.484464202990836,24403.400390625,-0.00015564375457228537,1
2025-08-08 09:04:00+00:00,24403.400390625,24408.900390625,24401.0,24408.55078125,0.0,43.385921658084506,-7.22845131140275,-6.169550267623977,24411.099566224468,24421.20895226184,10.299887518848635,24414.349609375,0.0004486759457590319,1
2025-08-08 09:05:00+00:00,24414.349609375,24415.05078125,24403.0,24404.55078125,0.0,50.081603653750406,-6.071943011360418,-6.1500288163712655,24411.409094143564,24420.939958423143,10.424951356788018,24411.05078125,-0.00013511841100748655,1
2025-08-08 09:06:00+00:00,24411.05078125,24413.75,24408.5,24413.75,0.0,48.230817506161465,-5.359805213476648,-5.991984095792343,24411.374969106084,24420.552147553608,10.098141215231731,24403.75,-0.0002990768941256593,1
2025-08-08 09:07:00+00:00,24403.75,24412.099609375,24403.400390625,24408.599609375,0.0,44.326577192183386,-5.323180597319151,-5.858223396097705,24410.64878157217,24419.89323980641,9.998218182000894,24409.400390625,0.00023153780156738205,1
2025-08-08 09:08:00+00:00,24409.400390625,24409.69921875,24402.650390625,24405.650390625,0.0,47.84540727876672,-4.783079659046052,-5.643194648687374,24410.52988719625,24419.481755524783,9.787547463643689,24408.94921875,-1.8483529614815246e-05,1
2025-08-08 09:09:00+00:00,24408.94921875,24411.25,24404.849609375,24409.900390625,0.0,47.58677372621783,-4.3414065417782695,-5.382837027305554,24410.379347344227,24419.068714866957,9.545607689454853,24413.0,0.00016595475756442428,1
2025-08-08 09:10:00+00:00,24413.0,24415.400390625,24407.650390625,24411.05078125,0.0,50.190174816935,-3.622752386749198,-5.030820099194282,24410.628933311444,24418.830726048644,9.417349997350934,24416.5,0.00014336623929873428,1
2025-08-08 09:11:00+00:00,24416.5,24418.05078125,24411.05078125,24413.599609375,0.0,52.39060110132517,-2.7392170528983115,-4.572499489935089,24411.188082519875,24418.73932502713,9.244682140397297,24423.099609375,0.0002702930139454877,1
2025-08-08 09:12:00+00:00,24423.099609375,24424.900390625,24418.19921875,24419.150390625,0.0,56.309911011323415,-1.4893078007044096,-3.955861152088953,24412.32251364893,24418.910316570185,9.184375603583204,24420.75,-9.620438898337392e-05,1
2025-08-08 09:13:00+00:00,24420.75,24424.099609375,24419.05078125,24424.099609375,0.0,54.586979207246685,-0.6804952278980636,-3.300787967250775,24413.125131396653,24418.98246101841,8.888979355112975,24417.30078125,-0.00014124131118004157,1
2025-08-08 09:14:00+00:00,24417.30078125,24422.30078125,24415.099609375,24422.30078125,0.0,52.06833571556521,-0.3142065856372937,-2.703471690928079,24413.522812335068,24418.9165127922,8.768421677962047,24419.349609375,8.390887032743977e-05,1
2025-08-08 09:15:00+00:00,24419.349609375,24421.94921875,24416.5,24418.400390625,0.0,53.44249417427686,0.139791677793255,-2.1348190171838124,24414.07774538649,24418.93349697192,8.531335754536187,24410.55078125,-0.00036032196867446386,1
2025-08-08 09:16:00+00:00,24410.55078125,24420.599609375,24410.55078125,24419.55078125,0.0,47.18599470810407,-0.2080055637088662,-1.7494563264888232,24413.74184404016,24418.60476302204,8.639728066712173,24408.55078125,-8.193178506796418e-05,1
2025-08-08 09:17:00+00:00,24408.55078125,24411.349609375,24406.55078125,24411.349609375,0.0,45.87144515892167,-0.6376700057553535,-1.5270990623421292,24413.24745710777,24418.210489227054,8.36537807087559,24409.55078125,4.0969249217703386e-05,1
2025-08-08 09:18:00+00:00,24409.55078125,24411.19921875,24405.55078125,24410.5,0.0,46.67142403705801,-0.8872627166965685,-1.3991317932130172,24412.89539274036,24417.870892835803,8.171310887241619,24414.099609375,0.00018635443830019788,1
2025-08-08 09:19:00+00:00,24414.099609375,24418.80078125,24410.099609375,24410.599609375,0.0,50.27173185720566,-0.7098318253629259,-1.261271799642999,24413.010080038897,24417.72299936675,8.248360109581503,24410.05078125,-0.00016583974792358316,1
2025-08-08 09:20:00+00:00,24410.05078125,24415.25,24410.05078125,24415.25,0.0,47.216210839914645,-0.8857132073608227,-1.1861600811865638,24412.728242059,24417.42212806805,8.030564298182824,24410.150390625,4.08067053578244e-06,1
2025-08-08 09:21:00+00:00,24410.150390625,24414.400390625,24407.75,24412.25,0.0,47.30107391230692,-1.0054723661087337,-1.150022538170998,24412.48273239862,24417.13696189382,7.9319804643840515,24412.80078125,0.0001085773984423264,1
2025-08-08 09:22:00+00:00,24412.80078125,24412.849609375,24407.55078125,24411.55078125,0.0,49.62195991894608,-0.8764152199328237,-1.0953010745233631,24412.51302276542,24416.96691559406,7.743898154428048,24408.44921875,-0.000178249211919272,1
2025-08-08 09:23:00+00:00,24408.44921875,24413.19921875,24405.849609375,24413.0,0.0,46.037039993575206,-1.1124476242657693,-1.0987303844718443,24412.12599381157,24416.63288826684,7.7157346701831875,24408.44921875,0.0,1
2025-08-08 09:24:00+00:00,24408.44921875,24410.349609375,24406.650390625,24409.400390625,0.0,46.037039993575206,-1.2846958313712094,-1.1359234738517174,24411.77582475809,24416.311960050494,7.428840675884389,24406.5,-7.985836103436902e-05,1
2025-08-08 09:25:00+00:00,24406.5,24409.599609375,24405.599609375,24408.650390625,0.0,44.371724305502426,-1.5605009556675211,-1.2208389702148783,24411.27336525732,24415.927177303423,7.18392348474979,24406.94921875,1.840570135005019e-05,1
2025-08-08 09:26:00+00:00,24406.94921875,24409.099609375,24400.5,24406.650390625,0.0,44.86670143831581,-1.7229689908781438,-1.3212649743475315,24410.861541780432,24415.575100497408,7.285043905481948,24404.5,-0.00010034923775391197,1
2025-08-08 09:27:00+00:00,24404.5,24407.900390625,24402.349609375,24407.650390625,0.0,42.63902950859281,-2.0260030613062554,-1.4622125917392763,24410.255680658487,24415.140782830844,7.161168001518952,24403.05078125,-5.938325923497716e-05,1
2025-08-08 09:28:00+00:00,24403.05078125,24405.69921875,24401.75,24404.650390625,0.0,41.33136046259029,-2.3559417568139907,-1.6409584247542193,24409.56949976244,24414.66666512179,6.931743054981884,24406.44921875,0.00013926281309922027,1
2025-08-08 09:29:00+00:00,24406.44921875,24407.30078125,24403.349609375,24403.94921875,0.0,45.54861207326741,-2.316491968311311,-1.776065133465638,24409.27233014221,24414.3444123229,6.740189979626035,24398.400390625,-0.0003297828394806637,1
2025-08-08 09:30:00+00:00,24398.400390625,24407.349609375,24395.599609375,24407.150390625,0.0,38.49150870438527,-2.9012570047525514,-2.0011035077230206,24408.236907331044,24413.71915657004,7.09803355250989,24392.80078125,-0.00022950723348042236,1
2025-08-08 09:31:00+00:00,24392.80078125,24400.5,24392.25,24399.69921875,0.0,34.48809642676048,-3.773035977690597,-2.355490001716536,24406.76680008523,24412.898828126115,7.180316870187755,24390.69921875,-8.615503069313004e-05,1
2025-08-08 09:32:00+00:00,24390.69921875,24395.599609375,24390.19921875,24394.150390625,0.0,33.09679698597195,-4.580702141927759,-2.8005324297587806,24405.236554243784,24412.028255209403,7.0531792812457725,24387.599609375,-0.0001270816120194381,1
2025-08-08 09:33:00+00:00,24387.599609375,24391.25,24383.25,24390.849609375,0.0,31.103767507612147,-5.408549575251527,-3.3221358588573304,24403.556845208663,24411.07026909825,7.1208093325853605,24395.94921875,0.00034237110288584004,1
2025-08-08 09:34:00+00:00,24395.94921875,24396.599609375,24387.30078125,24387.900390625,0.0,41.34950679179291,-5.329446393952821,-3.723597965876429,24402.832309355457,24410.477286731653,7.27638210347212,24392.599609375,-0.00013730186700116551,1
2025-08-08 09:35:00+00:00,24392.599609375,24396.94921875,24392.44921875,24396.5,0.0,38.85325751493632,-5.47394184143559,-4.073666740988261,24401.857766500176,24409.77620134512,7.078069096081255,24394.75,8.815750102229873e-05,1
2025-08-08 09:36:00+00:00,24394.75,24399.349609375,24393.0,24393.349609375,0.0,41.30311353504044,-5.353228289277467,-4.329579050646103,24401.1808363573,24409.18693854727,7.054635589218308,24393.849609375,-3.690919665091874e-05,1
2025-08-08 09:37:00+00:00,24393.849609375,24397.19921875,24392.400390625,24395.5,0.0,40.57016695870836,-5.269472726598906,-4.517557785836664,24400.482624263743,24408.585474658164,6.893506484631287,24386.94921875,-0.00028287419720535026,1
2025-08-08 09:38:00+00:00,24386.94921875,24394.30078125,24386.44921875,24394.30078125,0.0,35.38735941863031,-5.69425981166205,-4.752898191001742,24399.193728500533,24407.73699403432,6.961939057157623,24376.80078125,-0.00041614215082702246,1
2025-08-08 09:39:00+00:00,24376.80078125,24389.69921875,24376.19921875,24387.55078125,0.0,29.43222498408828,-6.771740322044934,-5.15666661721038,24397.061066857623,24406.523809219245,7.428943410217792,24376.400390625,-1.6425068596695018e-05,1
2025-08-08 09:40:00+00:00,24376.400390625,24386.150390625,24375.94921875,24378.849609375,0.0,29.223275306973637,-7.57068937209624,-5.639471168187552,24395.0933834069,24405.342498686136,7.626959729130807,24372.94921875,-0.0001415784045099332,1
2025-08-08 09:41:00+00:00,24372.94921875,24376.80078125,24371.55078125,24376.80078125,0.0,27.41652401568122,-8.38567810079985,-6.188712554710012,24392.98441534434,24404.07217398276,7.45717689133575,24346.44921875,-0.0010872709643038878,0
2025-08-08 09:42:00+00:00,24346.44921875,24373.0,24345.44921875,24372.900390625,0.0,18.14161865708884,-11.042598864307363,-7.159489816629483,24388.552491859165,24401.81245024814,8.892434345526054,24340.05078125,-0.0002628078305181502,1
2025-08-08 09:43:00+00:00,24340.05078125,24348.650390625,24337.94921875,24347.400390625,0.0,16.67481848841065,-13.508807025293208,-8.429353258362228,24383.93328132496,24399.39042401292,9.02162988334562,24344.44921875,0.0001807078193685722,1
2025-08-08 09:44:00+00:00,24344.44921875,24350.94921875,24340.900390625,24340.900390625,0.0,21.38062106037195,-14.936202370510728,-9.730723080791927,24380.17289441306,24397.235866943785,9.155687570249508,24362.25,0.0007312049284848846,1
2025-08-08 09:45:00+00:00,24362.25,24365.349609375,24342.05078125,24349.19921875,0.0,36.909689977348776,-14.464313582622708,-10.677441181158086,24378.465952088005,24395.863872161677,10.165911895588826,24351.900390625,-0.00042482157333579613,1
2025-08-08 09:46:00+00:00,24351.900390625,24363.75,24348.05078125,24363.0,0.0,32.84727126250431,-14.755374527067032,-11.493027850339876,24375.93589861534,24394.1398140622,10.561148099475338,24351.44921875,-1.8527173147180425e-05,1
2025-08-08 09:47:00+00:00,24351.44921875,24356.099609375,24347.650390625,24352.099609375,0.0,32.67841854228321,-14.851252231099352,-12.164672726491771,24373.603833866266,24392.465673069564,10.41029600308424,24349.44921875,-8.213063551306222e-05,1
2025-08-08 09:48:00+00:00,24349.44921875,24354.19921875,24346.849609375,24353.80078125,0.0,31.895686032118675,-14.91666921025535,-12.715072023244488,24371.303394331386,24390.77875329233,10.191675529649652,24344.75,-0.00019299076163009976,1
2025-08-08 09:49:00+00:00,24344.75,24350.44921875,24342.75,24349.44921875,0.0,30.07300957616745,-15.172797749932217,-13.206617168582037,24368.774499633157,24388.973704143613,10.01364290253182,24344.150390625,-2.462992534324649e-05,1
2025-08-08 09:50:00+00:00,24344.150390625,24347.25,24339.19921875,24345.19921875,0.0,29.838702713232,-15.248390969056343,-13.614971928676898,24366.42934639428,24387.215927142883,9.873438498779546,24347.5,0.00013759401421911788,1
2025-08-08 09:51:00+00:00,24347.5,24348.0,24343.05078125,24344.69921875,0.0,32.98009627105789,-14.866640282110891,-13.865305599363698,24364.626551499587,24385.658439803945,9.521708516723864,24345.19921875,-9.449763836122805e-05,1
2025-08-08 09:52:00+00:00,24345.19921875,24348.44921875,24345.05078125,24347.5,0.0,31.922812102369008,-14.581665566900485,-14.008577592871054,24362.77632933296,24384.071803684183,9.084332015529302,24346.94921875,7.188275537512129e-05,1
2025-08-08 09:53:00+00:00,24346.94921875,24346.94921875,24343.25,24345.400390625,0.0,33.66474576062623,-14.052620812057285,-14.0173862367083,24361.26898546792,24382.61601603971,8.699681067991495,24346.650390625,-1.2273740020366386e-05,1
2025-08-08 09:54:00+00:00,24346.650390625,24347.400390625,24342.150390625,24346.69921875,0.0,33.5070809756821,-13.501821372370614,-13.914273263840766,24359.87673834002,24381.20559935678,8.453275277420675,24351.69921875,0.00020737259721543126,1
2025-08-08 09:55:00+00:00,24351.69921875,24354.94921875,24346.150390625,24347.650390625,0.0,38.7283130958556,-12.513660919652466,-13.634150795003109,24359.097926950493,24380.04848639181,8.47795762367634,24348.19921875,-0.00014372713659772522,1
2025-08-08 09:56:00+00:00,24348.19921875,24354.44921875,24348.19921875,24352.150390625,0.0,36.58370738467241,-11.876057591514837,-13.282532154305454,24358.05995474092,24378.7994955039,8.318817793413745,24348.900390625,2.879768925416231e-05,1
2025-08-08 09:57:00+00:00,24348.900390625,24350.05078125,24345.650390625,24348.650390625,0.0,37.33239917777241,-11.18523719806035,-12.863073163056434,24357.18761530131,24377.62698158708,8.038930138527048,24347.400390625,-6.160442467363091e-05,1
2025-08-08 09:58:00+00:00,24347.400390625,24351.94921875,24346.05078125,24349.05078125,0.0,36.343880290554274,-10.636187178137334,-12.417695966072616,24356.255498665472,24376.44162507876,7.886037807203687,24349.19921875,7.388173259321112e-05,1
