Price,Close,High,Low,Open,Volume
Ticker,^NSEBANK,^NSEBANK,^NSEBANK,^NSEBANK,^NSEBANK
Datetime,,,,,
2025-07-31 03:45:00+00:00,55879.3515625,55956.8984375,55751.05078125,55755.69921875,0
2025-07-31 03:46:00+00:00,55820.69921875,55884.25,55820.0,55881.25,0
2025-07-31 03:47:00+00:00,55811.69921875,55830.3515625,55757.75,55821.1015625,0
2025-07-31 03:48:00+00:00,55850.1015625,55861.1015625,55804.19921875,55815.1484375,0
2025-07-31 03:49:00+00:00,55835.05078125,55860.05078125,55822.44921875,55854.05078125,0
2025-07-31 03:50:00+00:00,55854.8515625,55881.3984375,55808.8984375,55834.05078125,0
2025-07-31 03:51:00+00:00,55842.8515625,55884.44921875,55832.8515625,55861.1015625,0
2025-07-31 03:52:00+00:00,55839.69921875,55850.6484375,55803.1015625,55847.55078125,0
2025-07-31 03:53:00+00:00,55864.1484375,55900.44921875,55839.69921875,55844.69921875,0
2025-07-31 03:54:00+00:00,55874.55078125,55876.8515625,55851.25,55865.25,0
2025-07-31 03:55:00+00:00,55832.0,55879.69921875,55817.94921875,55873.75,0
2025-07-31 03:56:00+00:00,55865.30078125,55866.44921875,55829.80078125,55832.8515625,0
2025-07-31 03:57:00+00:00,55887.6484375,55900.80078125,55861.1484375,55861.1484375,0
2025-07-31 03:58:00+00:00,55879.30078125,55894.30078125,55866.75,55887.3984375,0
2025-07-31 03:59:00+00:00,55864.69921875,55886.19921875,55854.44921875,55880.1015625,0
2025-07-31 04:00:00+00:00,55843.55078125,55866.25,55821.8984375,55864.05078125,0
2025-07-31 04:01:00+00:00,55859.0,55863.69921875,55818.8984375,55842.8515625,0
2025-07-31 04:02:00+00:00,55872.3984375,55883.25,55858.30078125,55860.25,0
2025-07-31 04:03:00+00:00,55839.8515625,55876.80078125,55835.8515625,55867.5,0
2025-07-31 04:04:00+00:00,55857.6015625,55859.0,55833.25,55839.6015625,0
2025-07-31 04:05:00+00:00,55836.30078125,55863.6015625,55829.6015625,55858.80078125,0
2025-07-31 04:06:00+00:00,55824.6484375,55843.30078125,55819.6484375,55836.30078125,0
2025-07-31 04:07:00+00:00,55844.55078125,55851.8984375,55821.44921875,55825.1015625,0
2025-07-31 04:08:00+00:00,55817.75,55845.6015625,55815.3984375,55845.6015625,0
2025-07-31 04:09:00+00:00,55814.3515625,55820.75,55803.25,55817.25,0
2025-07-31 04:10:00+00:00,55821.6484375,55823.30078125,55809.25,55814.1015625,0
2025-07-31 04:11:00+00:00,55834.19921875,55847.1484375,55820.6484375,55821.3984375,0
2025-07-31 04:12:00+00:00,55838.1015625,55843.69921875,55817.05078125,55839.05078125,0
2025-07-31 04:13:00+00:00,55826.0,55843.3984375,55822.8515625,55843.3984375,0
2025-07-31 04:14:00+00:00,55843.05078125,55860.30078125,55824.0,55826.8515625,0
2025-07-31 04:15:00+00:00,55840.6015625,55857.80078125,55835.6015625,55843.94921875,0
2025-07-31 04:16:00+00:00,55836.1484375,55848.1015625,55834.55078125,55840.8515625,0
2025-07-31 04:17:00+00:00,55821.25,55842.69921875,55811.1015625,55838.05078125,0
2025-07-31 04:18:00+00:00,55813.6484375,55819.6484375,55799.8515625,55819.44921875,0
2025-07-31 04:19:00+00:00,55793.1484375,55819.8515625,55777.1015625,55814.6484375,0
2025-07-31 04:20:00+00:00,55792.1015625,55799.94921875,55785.3984375,55794.5,0
2025-07-31 04:21:00+00:00,55809.8984375,55815.5,55785.1484375,55794.30078125,0
2025-07-31 04:22:00+00:00,55806.1015625,55817.6015625,55803.05078125,55810.1484375,0
2025-07-31 04:23:00+00:00,55801.8515625,55807.1015625,55790.6015625,55806.25,0
2025-07-31 04:24:00+00:00,55786.19921875,55804.1484375,55783.6484375,55800.75,0
2025-07-31 04:25:00+00:00,55787.55078125,55795.30078125,55785.05078125,55787.80078125,0
2025-07-31 04:26:00+00:00,55782.80078125,55790.94921875,55780.1484375,55786.44921875,0
2025-07-31 04:27:00+00:00,55720.19921875,55782.0,55720.19921875,55781.8984375,0
2025-07-31 04:28:00+00:00,55731.69921875,55736.8515625,55707.44921875,55723.1015625,0
2025-07-31 04:29:00+00:00,55716.05078125,55732.30078125,55711.1015625,55732.30078125,0
2025-07-31 04:30:00+00:00,55631.3515625,55712.94921875,55628.05078125,55709.30078125,0
2025-07-31 04:31:00+00:00,55640.8515625,55653.1484375,55613.44921875,55630.94921875,0
2025-07-31 04:32:00+00:00,55579.55078125,55644.05078125,55579.0,55640.30078125,0
2025-07-31 04:33:00+00:00,55588.6484375,55595.3984375,55575.6015625,55583.6015625,0
2025-07-31 04:34:00+00:00,55572.25,55607.6015625,55565.94921875,55593.8515625,0
2025-07-31 04:35:00+00:00,55584.3984375,55596.25,55564.5,55578.5,0
2025-07-31 04:36:00+00:00,55599.94921875,55601.44921875,55580.3984375,55587.80078125,0
2025-07-31 04:37:00+00:00,55627.55078125,55634.6015625,55604.05078125,55604.05078125,0
2025-07-31 04:38:00+00:00,55603.8515625,55636.0,55599.8515625,55626.8515625,0
2025-07-31 04:39:00+00:00,55607.94921875,55622.1484375,55602.25,55607.3515625,0
2025-07-31 04:40:00+00:00,55607.8515625,55612.0,55596.6015625,55605.1015625,0
2025-07-31 04:41:00+00:00,55616.94921875,55630.6484375,55605.80078125,55610.6484375,0
2025-07-31 04:42:00+00:00,55599.30078125,55620.6015625,55595.44921875,55618.8984375,0
2025-07-31 04:43:00+00:00,55596.75,55608.6484375,55593.1484375,55598.3515625,0
2025-07-31 04:44:00+00:00,55607.19921875,55611.75,55598.1484375,55598.1484375,0
2025-07-31 04:45:00+00:00,55634.8984375,55636.80078125,55599.44921875,55606.75,0
2025-07-31 04:46:00+00:00,55612.1015625,55642.6484375,55612.1015625,55636.8984375,0
2025-07-31 04:47:00+00:00,55606.3984375,55613.30078125,55596.55078125,55613.30078125,0
2025-07-31 04:48:00+00:00,55604.5,55620.5,55597.05078125,55605.8984375,0
2025-07-31 04:49:00+00:00,55591.8515625,55608.19921875,55587.05078125,55603.69921875,0
2025-07-31 04:50:00+00:00,55565.75,55597.6015625,55552.3515625,55597.6015625,0
2025-07-31 04:51:00+00:00,55575.8984375,55582.80078125,55559.19921875,55566.1015625,0
2025-07-31 04:52:00+00:00,55597.3515625,55600.5,55570.94921875,55576.94921875,0
2025-07-31 04:53:00+00:00,55596.1484375,55600.8984375,55586.3984375,55597.3515625,0
2025-07-31 04:54:00+00:00,55614.5,55614.5,55595.94921875,55599.19921875,0
2025-07-31 04:55:00+00:00,55629.1484375,55629.1484375,55605.80078125,55614.6484375,0
2025-07-31 04:56:00+00:00,55620.6484375,55642.3515625,55611.8515625,55629.1484375,0
2025-07-31 04:57:00+00:00,55638.19921875,55648.3515625,55617.80078125,55618.69921875,0
2025-07-31 04:58:00+00:00,55641.69921875,55647.5,55625.94921875,55640.0,0
2025-07-31 04:59:00+00:00,55628.6484375,55641.75,55618.75,55640.5,0
2025-07-31 05:00:00+00:00,55649.1015625,55649.1015625,55616.3984375,55628.6484375,0
2025-07-31 05:01:00+00:00,55614.1484375,55653.55078125,55612.8984375,55648.6484375,0
2025-07-31 05:02:00+00:00,55600.80078125,55617.5,55593.5,55617.5,0
2025-07-31 05:03:00+00:00,55594.30078125,55613.05078125,55594.30078125,55601.80078125,0
2025-07-31 05:04:00+00:00,55587.1015625,55606.30078125,55582.25,55602.8515625,0
2025-07-31 05:05:00+00:00,55595.75,55603.8984375,55587.05078125,55588.0,0
2025-07-31 05:06:00+00:00,55602.0,55610.19921875,55591.8515625,55596.1484375,0
2025-07-31 05:07:00+00:00,55612.69921875,55613.6015625,55582.1015625,55603.0,0
2025-07-31 05:08:00+00:00,55603.3515625,55628.75,55596.05078125,55613.0,0
2025-07-31 05:09:00+00:00,55613.8984375,55618.6015625,55596.55078125,55605.30078125,0
2025-07-31 05:10:00+00:00,55620.19921875,55624.5,55607.69921875,55614.5,0
2025-07-31 05:11:00+00:00,55621.94921875,55623.0,55610.05078125,55620.1015625,0
2025-07-31 05:12:00+00:00,55619.69921875,55631.80078125,55612.55078125,55621.25,0
2025-07-31 05:13:00+00:00,55615.44921875,55624.30078125,55609.19921875,55619.69921875,0
2025-07-31 05:14:00+00:00,55636.6484375,55636.6484375,55605.6015625,55615.25,0
2025-07-31 05:15:00+00:00,55643.6015625,55659.44921875,55617.6484375,55635.75,0
2025-07-31 05:16:00+00:00,55647.75,55652.69921875,55628.3515625,55639.8984375,0
2025-07-31 05:17:00+00:00,55668.3984375,55672.3515625,55648.25,55652.30078125,0
2025-07-31 05:18:00+00:00,55696.75,55714.75,55665.6015625,55666.75,0
2025-07-31 05:19:00+00:00,55691.25,55706.3515625,55684.1484375,55701.5,0
2025-07-31 05:20:00+00:00,55699.44921875,55712.19921875,55691.6015625,55691.6015625,0
2025-07-31 05:21:00+00:00,55700.69921875,55702.19921875,55677.3984375,55699.1015625,0
2025-07-31 05:22:00+00:00,55707.1484375,55714.30078125,55697.5,55700.94921875,0
2025-07-31 05:23:00+00:00,55696.25,55720.30078125,55694.55078125,55708.44921875,0
2025-07-31 05:24:00+00:00,55702.30078125,55715.44921875,55695.8515625,55698.3515625,0
2025-07-31 05:25:00+00:00,55706.69921875,55711.94921875,55682.3515625,55699.3984375,0
2025-07-31 05:26:00+00:00,55712.80078125,55714.44921875,55693.75,55696.8984375,0
2025-07-31 05:27:00+00:00,55705.94921875,55716.55078125,55670.69921875,55713.55078125,0
2025-07-31 05:28:00+00:00,55674.8515625,55706.19921875,55654.80078125,55706.19921875,0
2025-07-31 05:29:00+00:00,55708.80078125,55711.80078125,55675.25,55675.25,0
2025-07-31 05:30:00+00:00,55727.8984375,55731.6484375,55710.05078125,55711.6484375,0
2025-07-31 05:31:00+00:00,55751.3984375,55764.8984375,55729.44921875,55729.44921875,0
2025-07-31 05:32:00+00:00,55769.30078125,55772.6015625,55746.25,55753.6484375,0
2025-07-31 05:33:00+00:00,55769.94921875,55788.8984375,55764.5,55769.8984375,0
2025-07-31 05:34:00+00:00,55790.6484375,55791.6015625,55767.3984375,55772.19921875,0
2025-07-31 05:35:00+00:00,55846.1484375,55855.5,55786.80078125,55788.30078125,0
2025-07-31 05:36:00+00:00,55843.55078125,55861.55078125,55831.1015625,55848.6015625,0
2025-07-31 05:37:00+00:00,55851.75,55860.94921875,55819.44921875,55843.3984375,0
2025-07-31 05:38:00+00:00,55851.8984375,55865.0,55834.8984375,55852.05078125,0
2025-07-31 05:39:00+00:00,55846.80078125,55877.55078125,55831.05078125,55850.69921875,0
2025-07-31 05:40:00+00:00,55819.6015625,55848.69921875,55815.6484375,55848.69921875,0
2025-07-31 05:41:00+00:00,55816.75,55832.8515625,55816.55078125,55824.0,0
2025-07-31 05:42:00+00:00,55800.55078125,55818.69921875,55800.55078125,55814.25,0
2025-07-31 05:43:00+00:00,55801.69921875,55803.80078125,55788.6484375,55803.30078125,0
2025-07-31 05:44:00+00:00,55809.3515625,55812.25,55798.3515625,55801.3984375,0
2025-07-31 05:45:00+00:00,55796.3515625,55817.1015625,55790.0,55808.8515625,0
2025-07-31 05:46:00+00:00,55809.5,55813.44921875,55792.5,55797.3984375,0
2025-07-31 05:47:00+00:00,55805.1015625,55818.3515625,55801.05078125,55809.5,0
2025-07-31 05:48:00+00:00,55794.5,55808.6484375,55789.55078125,55805.1015625,0
2025-07-31 05:49:00+00:00,55817.1484375,55817.3515625,55793.05078125,55794.1015625,0
2025-07-31 05:50:00+00:00,55852.5,55852.75,55815.05078125,55818.05078125,0
2025-07-31 05:51:00+00:00,55857.3984375,55859.05078125,55842.0,55853.05078125,0
2025-07-31 05:52:00+00:00,55862.1015625,55869.5,55848.1484375,55858.1015625,0
2025-07-31 05:53:00+00:00,55855.0,55864.1484375,55845.6015625,55863.3984375,0
2025-07-31 05:54:00+00:00,55899.55078125,55900.19921875,55853.1015625,55853.8515625,0
2025-07-31 05:55:00+00:00,55923.44921875,55944.94921875,55900.44921875,55900.44921875,0
2025-07-31 05:56:00+00:00,55932.69921875,55937.3984375,55920.75,55923.44921875,0
2025-07-31 05:57:00+00:00,55939.3515625,55956.25,55918.0,55930.1015625,0
2025-07-31 05:58:00+00:00,55936.30078125,55939.1015625,55923.30078125,55935.6015625,0
2025-07-31 05:59:00+00:00,55922.3515625,55946.3515625,55915.8515625,55933.8515625,0
2025-07-31 06:00:00+00:00,55943.30078125,55948.44921875,55919.5,55922.3515625,0
2025-07-31 06:01:00+00:00,55955.55078125,55955.80078125,55918.05078125,55943.30078125,0
2025-07-31 06:02:00+00:00,55959.6484375,55976.8515625,55948.5,55954.19921875,0
2025-07-31 06:03:00+00:00,55972.0,55992.19921875,55955.5,55956.69921875,0
2025-07-31 06:04:00+00:00,56009.30078125,56018.1484375,55968.75,55970.3515625,0
2025-07-31 06:05:00+00:00,55988.5,56044.19921875,55981.44921875,56008.94921875,0
2025-07-31 06:06:00+00:00,55983.55078125,55986.75,55958.8515625,55986.75,0
2025-07-31 06:07:00+00:00,55977.75,55994.80078125,55975.30078125,55982.75,0
2025-07-31 06:08:00+00:00,55952.3515625,55990.3515625,55952.30078125,55974.5,0
2025-07-31 06:09:00+00:00,55983.1484375,55983.1484375,55946.8515625,55954.6015625,0
2025-07-31 06:10:00+00:00,55982.75,55987.30078125,55966.3984375,55985.05078125,0
2025-07-31 06:11:00+00:00,55988.19921875,55994.6015625,55973.69921875,55981.6015625,0
2025-07-31 06:12:00+00:00,56018.3984375,56020.3984375,55987.8984375,55988.69921875,0
2025-07-31 06:13:00+00:00,56041.6015625,56044.1015625,56017.19921875,56017.6015625,0
2025-07-31 06:14:00+00:00,56035.5,56054.1015625,56022.6484375,56050.05078125,0
2025-07-31 06:15:00+00:00,56065.5,56084.6015625,56022.1015625,56039.30078125,0
2025-07-31 06:16:00+00:00,56092.69921875,56121.19921875,56057.19921875,56057.19921875,0
2025-07-31 06:17:00+00:00,56100.8515625,56112.75,56076.55078125,56093.30078125,0
2025-07-31 06:18:00+00:00,56108.30078125,56114.3515625,56090.94921875,56099.55078125,0
2025-07-31 06:19:00+00:00,56080.69921875,56110.8984375,56067.6015625,56109.0,0
2025-07-31 06:20:00+00:00,56090.6015625,56093.5,56071.80078125,56077.3515625,0
2025-07-31 06:21:00+00:00,56095.6484375,56111.3515625,56088.19921875,56091.94921875,0
2025-07-31 06:22:00+00:00,56064.05078125,56097.6484375,56064.05078125,56097.6484375,0
2025-07-31 06:23:00+00:00,56077.80078125,56095.6484375,56057.30078125,56068.44921875,0
2025-07-31 06:24:00+00:00,56085.80078125,56087.1015625,56066.25,56083.69921875,0
2025-07-31 06:25:00+00:00,56060.3515625,56086.3515625,56054.1015625,56084.55078125,0
2025-07-31 06:26:00+00:00,56046.55078125,56063.19921875,56034.1015625,56061.44921875,0
2025-07-31 06:27:00+00:00,56053.0,56058.1484375,56036.1484375,56047.1484375,0
2025-07-31 06:28:00+00:00,56018.5,56054.6484375,56007.05078125,56052.6015625,0
2025-07-31 06:29:00+00:00,56015.8515625,56024.6015625,56011.5,56017.3984375,0
2025-07-31 06:30:00+00:00,55993.3515625,56021.25,55990.1484375,56016.0,0
2025-07-31 06:31:00+00:00,55977.80078125,55998.3984375,55972.94921875,55996.69921875,0
2025-07-31 06:32:00+00:00,55965.6484375,55981.1484375,55961.8515625,55978.25,0
2025-07-31 06:33:00+00:00,55957.6015625,55966.05078125,55931.19921875,55965.05078125,0
2025-07-31 06:34:00+00:00,55959.44921875,55966.19921875,55947.55078125,55956.5,0
2025-07-31 06:35:00+00:00,55961.05078125,55964.19921875,55945.1484375,55958.6484375,0
2025-07-31 06:36:00+00:00,55960.80078125,55967.6484375,55955.8984375,55959.6015625,0
2025-07-31 06:37:00+00:00,55920.6015625,55952.8984375,55920.6015625,55951.8515625,0
2025-07-31 06:38:00+00:00,55918.1484375,55928.25,55905.5,55924.1484375,0
2025-07-31 06:39:00+00:00,55923.8515625,55928.8984375,55912.0,55918.1015625,0
2025-07-31 06:40:00+00:00,55952.8984375,55957.8984375,55914.44921875,55921.3515625,0
2025-07-31 06:41:00+00:00,55996.6015625,56000.80078125,55948.5,55952.25,0
2025-07-31 06:42:00+00:00,56007.55078125,56026.3984375,55992.6484375,55997.80078125,0
2025-07-31 06:43:00+00:00,56046.30078125,56056.5,56005.30078125,56005.6484375,0
2025-07-31 06:44:00+00:00,56090.30078125,56095.69921875,56043.1484375,56043.8984375,0
2025-07-31 06:45:00+00:00,56121.55078125,56125.3515625,56088.3515625,56091.55078125,0
2025-07-31 06:46:00+00:00,56104.8984375,56139.75,56103.3984375,56124.30078125,0
2025-07-31 06:47:00+00:00,56093.80078125,56106.80078125,56089.05078125,56105.44921875,0
2025-07-31 06:48:00+00:00,56115.1484375,56118.6015625,56089.6015625,56094.05078125,0
2025-07-31 06:49:00+00:00,56123.3515625,56129.3984375,56102.5,56119.75,0
2025-07-31 06:50:00+00:00,56140.1484375,56145.05078125,56113.55078125,56124.94921875,0
2025-07-31 06:51:00+00:00,56133.1484375,56142.30078125,56123.30078125,56140.3515625,0
2025-07-31 06:52:00+00:00,56153.0,56166.19921875,56125.6484375,56133.3515625,0
2025-07-31 06:53:00+00:00,56153.3515625,56169.30078125,56145.0,56156.05078125,0
2025-07-31 06:54:00+00:00,56151.8984375,56161.44921875,56127.19921875,56155.19921875,0
2025-07-31 06:55:00+00:00,56150.6015625,56162.19921875,56146.30078125,56153.6484375,0
2025-07-31 06:56:00+00:00,56129.1015625,56150.05078125,56127.6015625,56149.44921875,0
2025-07-31 06:57:00+00:00,56111.3515625,56128.75,56108.19921875,56128.75,0
2025-07-31 06:58:00+00:00,56094.5,56120.44921875,56092.1015625,56110.3515625,0
2025-07-31 06:59:00+00:00,56091.8984375,56105.3515625,56087.3515625,56092.5,0
2025-07-31 07:00:00+00:00,56099.6484375,56110.75,56091.69921875,56092.0,0
2025-07-31 07:01:00+00:00,56087.1484375,56102.75,56076.6015625,56100.55078125,0
2025-07-31 07:02:00+00:00,56098.55078125,56105.6484375,56082.5,56087.8984375,0
2025-07-31 07:03:00+00:00,56149.3984375,56149.80078125,56089.80078125,56104.6484375,0
2025-07-31 07:04:00+00:00,56193.69921875,56203.30078125,56141.30078125,56151.1484375,0
2025-07-31 07:05:00+00:00,56207.30078125,56210.1015625,56191.3515625,56198.1015625,0
2025-07-31 07:06:00+00:00,56236.3515625,56236.3515625,56191.94921875,56204.69921875,0
2025-07-31 07:07:00+00:00,56250.44921875,56260.5,56227.8984375,56234.3984375,0
2025-07-31 07:08:00+00:00,56259.25,56270.05078125,56232.94921875,56250.19921875,0
2025-07-31 07:09:00+00:00,56240.6484375,56265.55078125,56231.8984375,56264.6015625,0
2025-07-31 07:10:00+00:00,56227.8984375,56241.05078125,56206.8984375,56240.1015625,0
2025-07-31 07:11:00+00:00,56241.94921875,56248.6015625,56223.05078125,56233.0,0
2025-07-31 07:12:00+00:00,56216.75,56251.8515625,56210.3515625,56242.6015625,0
2025-07-31 07:13:00+00:00,56181.75,56215.6015625,56178.25,56214.55078125,0
2025-07-31 07:14:00+00:00,56216.3984375,56226.25,56168.8984375,56177.6484375,0
2025-07-31 07:15:00+00:00,56198.55078125,56246.6484375,56192.6484375,56217.1484375,0
2025-07-31 07:16:00+00:00,56223.8984375,56239.55078125,56194.6015625,56197.69921875,0
2025-07-31 07:17:00+00:00,56216.6015625,56237.6015625,56214.3515625,56226.6484375,0
2025-07-31 07:18:00+00:00,56219.94921875,56221.6015625,56197.44921875,56219.1015625,0
2025-07-31 07:19:00+00:00,56258.44921875,56261.69921875,56218.94921875,56222.6484375,0
2025-07-31 07:20:00+00:00,56290.75,56293.8515625,56256.6484375,56270.75,0
2025-07-31 07:21:00+00:00,56291.8515625,56299.5,56277.8984375,56290.6015625,0
2025-07-31 07:22:00+00:00,56287.1015625,56294.69921875,56283.1484375,56292.05078125,0
2025-07-31 07:23:00+00:00,56292.1015625,56308.05078125,56269.1015625,56289.1015625,0
2025-07-31 07:24:00+00:00,56298.5,56302.3984375,56281.5,56292.80078125,0
2025-07-31 07:25:00+00:00,56270.1484375,56299.19921875,56267.25,56298.44921875,0
2025-07-31 07:26:00+00:00,56292.19921875,56292.19921875,56274.80078125,56275.75,0
2025-07-31 07:27:00+00:00,56311.6015625,56317.55078125,56279.55078125,56284.94921875,0
2025-07-31 07:28:00+00:00,56317.8984375,56321.05078125,56304.8515625,56313.8515625,0
2025-07-31 07:29:00+00:00,56299.1015625,56319.94921875,56292.0,56318.0,0
2025-07-31 07:30:00+00:00,56305.75,56308.25,56282.05078125,56299.25,0
2025-07-31 07:31:00+00:00,56312.8515625,56314.0,56282.80078125,56308.94921875,0
2025-07-31 07:32:00+00:00,56318.8984375,56333.55078125,56301.55078125,56310.6015625,0
2025-07-31 07:33:00+00:00,56314.5,56322.75,56305.6015625,56314.69921875,0
2025-07-31 07:34:00+00:00,56291.94921875,56314.69921875,56286.5,56314.25,0
2025-07-31 07:35:00+00:00,56307.1484375,56308.94921875,56273.44921875,56286.0,0
2025-07-31 07:36:00+00:00,56290.0,56306.80078125,56285.25,56305.0,0
2025-07-31 07:37:00+00:00,56317.8984375,56319.5,56283.19921875,56283.19921875,0
2025-07-31 07:38:00+00:00,56296.69921875,56317.3515625,56282.80078125,56313.80078125,0
2025-07-31 07:39:00+00:00,56292.3984375,56295.30078125,56285.8984375,56294.1015625,0
2025-07-31 07:40:00+00:00,56302.69921875,56304.75,56288.6015625,56292.69921875,0
2025-07-31 07:41:00+00:00,56336.8984375,56337.8515625,56301.80078125,56301.8984375,0
2025-07-31 07:42:00+00:00,56360.75,56362.1015625,56336.3984375,56337.6484375,0
2025-07-31 07:43:00+00:00,56308.0,56360.8515625,56303.8515625,56359.6015625,0
2025-07-31 07:44:00+00:00,56306.55078125,56318.0,56301.0,56303.1484375,0
2025-07-31 07:45:00+00:00,56304.05078125,56327.6015625,56292.25,56304.55078125,0
2025-07-31 07:46:00+00:00,56311.30078125,56311.30078125,56295.75,56304.3984375,0
2025-07-31 07:47:00+00:00,56327.3984375,56331.69921875,56301.1015625,56306.1484375,0
2025-07-31 07:48:00+00:00,56329.19921875,56342.1484375,56318.3984375,56326.1484375,0
2025-07-31 07:49:00+00:00,56348.69921875,56358.44921875,56330.19921875,56330.19921875,0
2025-07-31 07:50:00+00:00,56333.6015625,56350.1015625,56323.1015625,56344.94921875,0
2025-07-31 07:51:00+00:00,56343.19921875,56363.6015625,56331.3984375,56331.3984375,0
2025-07-31 07:52:00+00:00,56331.69921875,56348.44921875,56331.25,56343.1484375,0
2025-07-31 07:53:00+00:00,56332.3984375,56343.8515625,56322.30078125,56329.44921875,0
2025-07-31 07:54:00+00:00,56318.0,56339.80078125,56314.44921875,56331.6015625,0
2025-07-31 07:55:00+00:00,56303.1484375,56326.5,56298.5,56318.69921875,0
2025-07-31 07:56:00+00:00,56322.75,56322.75,56289.8984375,56301.6484375,0
2025-07-31 07:57:00+00:00,56344.30078125,56360.1484375,56323.1484375,56323.1484375,0
2025-07-31 07:58:00+00:00,56377.8984375,56383.44921875,56345.94921875,56345.94921875,0
2025-07-31 07:59:00+00:00,56383.69921875,56383.69921875,56364.1015625,56380.69921875,0
2025-07-31 08:00:00+00:00,56367.5,56380.8515625,56345.94921875,56380.8515625,0
2025-07-31 08:01:00+00:00,56382.30078125,56393.80078125,56367.94921875,56368.3515625,0
2025-07-31 08:02:00+00:00,56377.1015625,56403.55078125,56369.3984375,56388.6484375,0
2025-07-31 08:03:00+00:00,56383.3515625,56387.8515625,56373.1015625,56375.44921875,0
2025-07-31 08:04:00+00:00,56368.8515625,56388.75,56364.8984375,56381.8515625,0
2025-07-31 08:05:00+00:00,56371.1015625,56371.3515625,56358.69921875,56368.1484375,0
2025-07-31 08:06:00+00:00,56360.05078125,56390.55078125,56357.55078125,56371.80078125,0
2025-07-31 08:07:00+00:00,56370.5,56381.75,56355.5,56360.1484375,0
2025-07-31 08:08:00+00:00,56372.6484375,56385.19921875,56363.69921875,56371.94921875,0
2025-07-31 08:09:00+00:00,56357.8515625,56373.3984375,56351.55078125,56372.44921875,0
2025-07-31 08:10:00+00:00,56346.6015625,56367.30078125,56340.3984375,56359.19921875,0
2025-07-31 08:11:00+00:00,56324.8515625,56352.94921875,56321.3515625,56346.69921875,0
2025-07-31 08:12:00+00:00,56297.8984375,56322.44921875,56293.3984375,56319.19921875,0
2025-07-31 08:13:00+00:00,56311.3515625,56311.3515625,56285.5,56285.55078125,0
2025-07-31 08:14:00+00:00,56304.8984375,56311.3984375,56299.1484375,56311.3984375,0
2025-07-31 08:15:00+00:00,56290.5,56317.6015625,56283.6484375,56305.3984375,0
2025-07-31 08:16:00+00:00,56302.69921875,56331.19921875,56296.3984375,56296.3984375,0
2025-07-31 08:17:00+00:00,56304.69921875,56313.05078125,56285.6484375,56303.55078125,0
2025-07-31 08:18:00+00:00,56291.3984375,56305.6015625,56274.69921875,56304.69921875,0
2025-07-31 08:19:00+00:00,56295.1015625,56296.8984375,56284.05078125,56290.6015625,0
2025-07-31 08:20:00+00:00,56297.25,56310.05078125,56293.6484375,56295.1015625,0
2025-07-31 08:21:00+00:00,56315.44921875,56318.25,56294.1484375,56296.6484375,0
2025-07-31 08:22:00+00:00,56309.69921875,56318.80078125,56303.5,56314.80078125,0
2025-07-31 08:23:00+00:00,56284.25,56315.0,56284.25,56308.8984375,0
2025-07-31 08:24:00+00:00,56269.44921875,56287.55078125,56261.80078125,56284.1484375,0
2025-07-31 08:25:00+00:00,56285.3515625,56291.25,56262.94921875,56269.19921875,0
2025-07-31 08:26:00+00:00,56293.1015625,56294.1015625,56276.5,56285.75,0
2025-07-31 08:27:00+00:00,56337.5,56344.3984375,56291.44921875,56294.1015625,0
2025-07-31 08:28:00+00:00,56300.6015625,56336.1015625,56281.30078125,56336.1015625,0
2025-07-31 08:29:00+00:00,56292.94921875,56307.94921875,56281.3515625,56301.3515625,0
2025-07-31 08:30:00+00:00,56287.94921875,56301.75,56282.5,56293.1484375,0
2025-07-31 08:31:00+00:00,56299.25,56301.6015625,56283.19921875,56285.3515625,0
2025-07-31 08:32:00+00:00,56311.6015625,56315.6484375,56294.05078125,56299.25,0
2025-07-31 08:33:00+00:00,56306.3515625,56328.94921875,56302.1015625,56315.3515625,0
2025-07-31 08:34:00+00:00,56308.44921875,56309.05078125,56298.30078125,56305.5,0
2025-07-31 08:35:00+00:00,56332.6484375,56334.80078125,56306.25,56308.19921875,0
2025-07-31 08:36:00+00:00,56346.8984375,56346.8984375,56325.8984375,56332.6484375,0
2025-07-31 08:37:00+00:00,56365.55078125,56372.44921875,56343.44921875,56343.44921875,0
2025-07-31 08:38:00+00:00,56370.44921875,56380.75,56360.0,56364.69921875,0
2025-07-31 08:39:00+00:00,56357.3984375,56369.44921875,56343.8515625,56368.5,0
2025-07-31 08:40:00+00:00,56342.8515625,56365.5,56340.94921875,56356.25,0
2025-07-31 08:41:00+00:00,56359.3515625,56364.8984375,56344.75,56349.5,0
2025-07-31 08:42:00+00:00,56327.1015625,56366.3515625,56318.0,56359.0,0
2025-07-31 08:43:00+00:00,56320.25,56330.5,56298.05078125,56329.1015625,0
2025-07-31 08:44:00+00:00,56308.0,56322.8984375,56297.80078125,56316.19921875,0
2025-07-31 08:45:00+00:00,56291.44921875,56312.19921875,56287.05078125,56307.19921875,0
2025-07-31 08:46:00+00:00,56285.5,56308.0,56284.80078125,56290.30078125,0
2025-07-31 08:47:00+00:00,56271.6484375,56289.75,56265.75,56285.1484375,0
2025-07-31 08:48:00+00:00,56291.6484375,56309.44921875,56261.05078125,56269.5,0
2025-07-31 08:49:00+00:00,56253.25,56288.6484375,56253.25,56284.30078125,0
2025-07-31 08:50:00+00:00,56276.1015625,56292.6484375,56253.25,56254.80078125,0
2025-07-31 08:51:00+00:00,56272.8984375,56293.19921875,56270.25,56270.80078125,0
2025-07-31 08:52:00+00:00,56281.25,56283.8984375,56255.1484375,56276.30078125,0
2025-07-31 08:53:00+00:00,56272.30078125,56278.5,56260.55078125,56270.8984375,0
2025-07-31 08:54:00+00:00,56255.19921875,56278.0,56249.6015625,56270.1484375,0
2025-07-31 08:55:00+00:00,56203.44921875,56258.44921875,56185.25,56258.25,0
2025-07-31 08:56:00+00:00,56214.19921875,56221.80078125,56198.1015625,56206.5,0
2025-07-31 08:57:00+00:00,56238.94921875,56245.0,56205.80078125,56212.30078125,0
2025-07-31 08:58:00+00:00,56211.80078125,56239.94921875,56203.8515625,56237.6015625,0
2025-07-31 08:59:00+00:00,56183.05078125,56209.94921875,56170.3984375,56209.3515625,0
2025-07-31 09:00:00+00:00,56104.0,56181.6484375,56100.44921875,56180.0,0
2025-07-31 09:01:00+00:00,56122.5,56143.80078125,56094.19921875,56107.25,0
2025-07-31 09:02:00+00:00,56128.25,56129.6015625,56092.19921875,56118.6484375,0
2025-07-31 09:03:00+00:00,56166.1015625,56178.8515625,56115.80078125,56129.75,0
2025-07-31 09:04:00+00:00,56178.94921875,56193.44921875,56166.3515625,56167.1015625,0
2025-07-31 09:05:00+00:00,56140.80078125,56183.19921875,56121.05078125,56176.30078125,0
2025-07-31 09:06:00+00:00,56149.1015625,56171.3984375,56123.05078125,56137.3515625,0
2025-07-31 09:07:00+00:00,56200.3515625,56207.44921875,56154.1015625,56154.1015625,0
2025-07-31 09:08:00+00:00,56231.1484375,56234.44921875,56201.3984375,56201.3984375,0
2025-07-31 09:09:00+00:00,56220.25,56240.8984375,56194.80078125,56234.44921875,0
2025-07-31 09:10:00+00:00,56235.19921875,56238.69921875,56200.25,56220.6484375,0
2025-07-31 09:11:00+00:00,56165.6484375,56237.05078125,56163.5,56235.19921875,0
2025-07-31 09:12:00+00:00,56165.05078125,56194.1015625,56161.6015625,56170.3515625,0
2025-07-31 09:13:00+00:00,56185.55078125,56190.30078125,56146.30078125,56157.6484375,0
2025-07-31 09:14:00+00:00,56196.6015625,56216.6484375,56181.3515625,56181.3515625,0
2025-07-31 09:15:00+00:00,56183.3515625,56203.44921875,56165.94921875,56197.05078125,0
2025-07-31 09:16:00+00:00,56147.19921875,56183.3515625,56132.8984375,56183.3515625,0
2025-07-31 09:17:00+00:00,56108.8515625,56155.6484375,56097.5,56143.69921875,0
2025-07-31 09:18:00+00:00,56137.0,56137.0,56089.1015625,56112.44921875,0
2025-07-31 09:19:00+00:00,56109.55078125,56144.75,56097.19921875,56135.55078125,0
2025-07-31 09:20:00+00:00,56117.44921875,56118.3515625,56081.94921875,56108.3984375,0
2025-07-31 09:21:00+00:00,56112.3515625,56130.8984375,56087.69921875,56122.19921875,0
2025-07-31 09:22:00+00:00,56110.5,56121.05078125,56100.05078125,56114.0,0
2025-07-31 09:23:00+00:00,56133.3984375,56133.3984375,56098.44921875,56113.3984375,0
2025-07-31 09:24:00+00:00,56077.75,56133.94921875,56077.75,56133.94921875,0
2025-07-31 09:25:00+00:00,56104.94921875,56109.55078125,56067.19921875,56077.5,0
2025-07-31 09:26:00+00:00,56107.94921875,56115.05078125,56077.3515625,56105.30078125,0
2025-07-31 09:27:00+00:00,56105.3515625,56115.6015625,56087.8984375,56107.3984375,0
2025-07-31 09:28:00+00:00,56145.94921875,56155.05078125,56095.5,56104.3515625,0
2025-07-31 09:29:00+00:00,56123.19921875,56150.05078125,56111.69921875,56148.25,0
2025-07-31 09:30:00+00:00,56047.0,56124.6015625,56039.0,56124.6015625,0
2025-07-31 09:31:00+00:00,56024.94921875,56048.5,56024.1484375,56044.6015625,0
2025-07-31 09:32:00+00:00,56024.0,56034.30078125,56013.30078125,56026.30078125,0
2025-07-31 09:33:00+00:00,56012.69921875,56028.3515625,56008.1015625,56023.80078125,0
2025-07-31 09:34:00+00:00,56006.1484375,56016.8515625,55998.1484375,56016.8515625,0
2025-07-31 09:35:00+00:00,55996.05078125,56011.30078125,55984.3984375,56008.44921875,0
2025-07-31 09:36:00+00:00,55986.0,55996.30078125,55968.19921875,55996.1484375,0
2025-07-31 09:37:00+00:00,55980.3515625,55988.1484375,55973.44921875,55985.69921875,0
2025-07-31 09:38:00+00:00,55980.5,55987.0,55975.8515625,55985.80078125,0
2025-07-31 09:39:00+00:00,55956.1015625,55982.25,55944.75,55981.3515625,0
2025-07-31 09:40:00+00:00,56009.25,56009.25,55937.8984375,55954.0,0
2025-07-31 09:41:00+00:00,56003.5,56020.0,55986.0,56009.25,0
2025-07-31 09:42:00+00:00,55993.8515625,56024.3984375,55984.80078125,56008.1484375,0
2025-07-31 09:43:00+00:00,55953.1015625,55994.19921875,55947.1484375,55992.1015625,0
2025-07-31 09:44:00+00:00,55967.6484375,55969.05078125,55946.75,55954.5,0
2025-07-31 09:45:00+00:00,55964.19921875,55973.80078125,55956.8984375,55968.19921875,0
2025-07-31 09:46:00+00:00,55948.3984375,55966.1015625,55936.8984375,55965.6015625,0
2025-07-31 09:47:00+00:00,55937.80078125,55950.69921875,55927.6484375,55948.6015625,0
2025-07-31 09:48:00+00:00,55945.30078125,55952.3984375,55931.0,55938.80078125,0
2025-07-31 09:49:00+00:00,55932.3515625,55955.19921875,55925.19921875,55943.75,0
2025-07-31 09:50:00+00:00,55932.44921875,55942.44921875,55921.8984375,55935.5,0
2025-07-31 09:51:00+00:00,55929.30078125,55935.8515625,55924.69921875,55928.5,0
2025-07-31 09:52:00+00:00,55917.6484375,55931.94921875,55906.44921875,55931.94921875,0
2025-07-31 09:53:00+00:00,55936.69921875,55943.80078125,55914.94921875,55919.19921875,0
2025-07-31 09:54:00+00:00,55918.8515625,55943.6015625,55907.8984375,55935.19921875,0
2025-07-31 09:55:00+00:00,55921.30078125,55923.30078125,55907.75,55917.75,0
2025-07-31 09:56:00+00:00,55935.05078125,55942.25,55915.19921875,55925.80078125,0
2025-07-31 09:57:00+00:00,55939.6015625,55945.69921875,55916.30078125,55936.05078125,0
2025-07-31 09:58:00+00:00,55943.1484375,55952.1015625,55926.55078125,55939.6015625,0
2025-07-31 09:59:00+00:00,55992.6484375,56005.55078125,55923.6484375,55943.3515625,0
2025-08-01 03:45:00+00:00,55886.1015625,55975.55078125,55838.94921875,55896.55078125,0
2025-08-01 03:46:00+00:00,55861.55078125,55918.94921875,55857.8984375,55886.6484375,0
2025-08-01 03:47:00+00:00,55840.44921875,55875.5,55840.44921875,55865.8515625,0
2025-08-01 03:48:00+00:00,55840.19921875,55861.8984375,55831.69921875,55840.6015625,0
2025-08-01 03:49:00+00:00,55848.6484375,55865.69921875,55828.44921875,55840.8515625,0
2025-08-01 03:50:00+00:00,55855.55078125,55860.05078125,55834.55078125,55850.1484375,0
2025-08-01 03:51:00+00:00,55877.0,55887.6015625,55839.3984375,55857.69921875,0
2025-08-01 03:52:00+00:00,55863.6015625,55882.6484375,55862.55078125,55880.0,0
2025-08-01 03:53:00+00:00,55866.44921875,55877.3515625,55855.6484375,55859.44921875,0
2025-08-01 03:54:00+00:00,55838.25,55868.6484375,55838.25,55865.75,0
2025-08-01 03:55:00+00:00,55808.1015625,55849.3984375,55807.5,55849.3984375,0
2025-08-01 03:56:00+00:00,55805.30078125,55812.80078125,55789.69921875,55808.19921875,0
2025-08-01 03:57:00+00:00,55800.25,55806.94921875,55798.25,55805.19921875,0
2025-08-01 03:58:00+00:00,55803.6484375,55809.80078125,55793.3515625,55808.3515625,0
2025-08-01 03:59:00+00:00,55821.05078125,55821.8515625,55801.69921875,55802.30078125,0
2025-08-01 04:00:00+00:00,55808.0,55821.1015625,55796.44921875,55819.5,0
2025-08-01 04:01:00+00:00,55791.1015625,55813.5,55778.6015625,55812.5,0
2025-08-01 04:02:00+00:00,55802.75,55803.55078125,55774.69921875,55786.8984375,0
2025-08-01 04:03:00+00:00,55895.94921875,55907.3515625,55799.8984375,55802.05078125,0
2025-08-01 04:04:00+00:00,55855.3515625,55901.19921875,55854.25,55901.19921875,0
2025-08-01 04:05:00+00:00,55871.25,55881.44921875,55854.25,55857.3515625,0
2025-08-01 04:06:00+00:00,55879.3515625,55883.94921875,55869.8515625,55871.0,0
2025-08-01 04:07:00+00:00,55863.94921875,55877.80078125,55836.75,55877.80078125,0
2025-08-01 04:08:00+00:00,55859.94921875,55865.8984375,55853.55078125,55863.55078125,0
2025-08-01 04:09:00+00:00,55844.5,55861.8515625,55839.6484375,55861.8515625,0
2025-08-01 04:10:00+00:00,55880.5,55882.5,55843.05078125,55849.30078125,0
2025-08-01 04:11:00+00:00,55898.94921875,55900.44921875,55880.3515625,55880.3515625,0
2025-08-01 04:12:00+00:00,55903.05078125,55904.19921875,55882.8515625,55897.1015625,0
2025-08-01 04:13:00+00:00,55911.55078125,55935.05078125,55902.19921875,55905.1484375,0
2025-08-01 04:14:00+00:00,55875.3984375,55911.0,55865.55078125,55911.0,0
2025-08-01 04:15:00+00:00,55872.05078125,55879.44921875,55861.19921875,55876.05078125,0
2025-08-01 04:16:00+00:00,55849.80078125,55878.19921875,55847.5,55872.19921875,0
2025-08-01 04:17:00+00:00,55862.19921875,55867.94921875,55838.1015625,55848.80078125,0
2025-08-01 04:18:00+00:00,55885.3515625,55885.3515625,55857.8984375,55860.3515625,0
2025-08-01 04:19:00+00:00,55884.0,55908.25,55880.6015625,55883.05078125,0
2025-08-01 04:20:00+00:00,55859.3515625,55881.19921875,55856.94921875,55881.19921875,0
2025-08-01 04:21:00+00:00,55860.3515625,55883.94921875,55851.0,55858.75,0
2025-08-01 04:22:00+00:00,55861.6484375,55863.0,55853.1015625,55861.1484375,0
2025-08-01 04:23:00+00:00,55866.55078125,55874.25,55852.8515625,55862.0,0
2025-08-01 04:24:00+00:00,55857.44921875,55866.25,55845.0,55865.75,0
2025-08-01 04:25:00+00:00,55857.44921875,55867.8515625,55850.8515625,55855.94921875,0
2025-08-01 04:26:00+00:00,55858.5,55868.30078125,55856.3515625,55857.8515625,0
2025-08-01 04:27:00+00:00,55855.05078125,55863.25,55853.8515625,55857.80078125,0
2025-08-01 04:28:00+00:00,55844.5,55860.8984375,55836.8515625,55856.3984375,0
2025-08-01 04:29:00+00:00,55867.05078125,55872.1484375,55837.80078125,55844.5,0
2025-08-01 04:30:00+00:00,55849.1015625,55866.6484375,55837.69921875,55866.6484375,0
2025-08-01 04:31:00+00:00,55859.05078125,55859.05078125,55840.8984375,55848.75,0
2025-08-01 04:32:00+00:00,55854.30078125,55865.19921875,55852.30078125,55858.05078125,0
2025-08-01 04:33:00+00:00,55888.75,55899.69921875,55831.55078125,55843.1484375,0
2025-08-01 04:34:00+00:00,55896.5,55900.75,55885.3984375,55886.6015625,0
2025-08-01 04:35:00+00:00,55886.44921875,55900.55078125,55879.3515625,55898.1015625,0
2025-08-01 04:36:00+00:00,55882.1484375,55889.19921875,55879.3984375,55886.5,0
2025-08-01 04:37:00+00:00,55884.3984375,55898.44921875,55878.6484375,55886.8515625,0
2025-08-01 04:38:00+00:00,55898.55078125,55902.44921875,55882.3984375,55885.1484375,0
2025-08-01 04:39:00+00:00,55923.6015625,55924.05078125,55897.0,55897.0,0
2025-08-01 04:40:00+00:00,55925.30078125,55925.30078125,55899.5,55923.94921875,0
2025-08-01 04:41:00+00:00,55942.05078125,55950.94921875,55927.69921875,55928.8984375,0
2025-08-01 04:42:00+00:00,55965.6484375,55971.1015625,55941.25,55944.8515625,0
2025-08-01 04:43:00+00:00,55977.6015625,55978.1484375,55944.3515625,55963.6015625,0
2025-08-01 04:44:00+00:00,55982.0,55982.44921875,55968.19921875,55975.75,0
2025-08-01 04:45:00+00:00,55995.94921875,56000.8515625,55983.94921875,55984.25,0
2025-08-01 04:46:00+00:00,55984.1015625,56007.05078125,55983.69921875,56001.75,0
2025-08-01 04:47:00+00:00,55966.8984375,55995.44921875,55966.8984375,55983.55078125,0
2025-08-01 04:48:00+00:00,55976.0,55976.0,55958.1484375,55967.6484375,0
2025-08-01 04:49:00+00:00,56013.8984375,56013.8984375,55977.3984375,55979.19921875,0
2025-08-01 04:50:00+00:00,56048.1015625,56057.75,56003.1484375,56014.6484375,0
2025-08-01 04:51:00+00:00,56053.19921875,56054.6484375,56040.8984375,56043.44921875,0
2025-08-01 04:52:00+00:00,56054.05078125,56067.6484375,56038.1015625,56056.69921875,0
2025-08-01 04:53:00+00:00,56021.44921875,56048.1484375,56014.3515625,56045.1015625,0
2025-08-01 04:54:00+00:00,56019.19921875,56034.75,56011.30078125,56020.8515625,0
2025-08-01 04:55:00+00:00,56055.6015625,56055.6015625,56017.5,56019.80078125,0
2025-08-01 04:56:00+00:00,56052.3515625,56057.6015625,56038.94921875,56057.6015625,0
2025-08-01 04:57:00+00:00,56069.19921875,56069.3515625,56048.6484375,56051.69921875,0
2025-08-01 04:58:00+00:00,56042.55078125,56071.19921875,56037.25,56071.19921875,0
2025-08-01 04:59:00+00:00,56053.3515625,56057.25,56025.55078125,56042.3515625,0
2025-08-01 05:00:00+00:00,56040.1484375,56059.19921875,56034.80078125,56055.1484375,0
2025-08-01 05:01:00+00:00,56070.05078125,56074.1484375,56037.69921875,56040.55078125,0
2025-08-01 05:02:00+00:00,56079.6484375,56092.19921875,56076.1484375,56076.3984375,0
2025-08-01 05:03:00+00:00,56082.30078125,56085.8515625,56070.94921875,56084.8984375,0
2025-08-01 05:04:00+00:00,56074.5,56086.25,56074.5,56084.55078125,0
2025-08-01 05:05:00+00:00,56071.19921875,56084.94921875,56068.44921875,56080.1484375,0
2025-08-01 05:06:00+00:00,56066.5,56085.05078125,56064.5,56077.3515625,0
2025-08-01 05:07:00+00:00,56082.94921875,56087.6484375,56066.8984375,56071.55078125,0
2025-08-01 05:08:00+00:00,56079.80078125,56092.55078125,56078.30078125,56082.75,0
2025-08-01 05:09:00+00:00,56086.8984375,56093.1484375,56077.3984375,56079.8515625,0
2025-08-01 05:10:00+00:00,56078.6015625,56096.69921875,56078.6015625,56087.30078125,0
2025-08-01 05:11:00+00:00,56051.3515625,56081.0,56051.3515625,56081.0,0
2025-08-01 05:12:00+00:00,56044.8984375,56061.05078125,56041.1015625,56051.8984375,0
2025-08-01 05:13:00+00:00,56056.25,56058.80078125,56047.25,56047.8984375,0
2025-08-01 05:14:00+00:00,56062.1015625,56067.55078125,56053.3515625,56056.5,0
2025-08-01 05:15:00+00:00,56066.8984375,56070.44921875,56058.6484375,56061.69921875,0
2025-08-01 05:16:00+00:00,56040.1484375,56066.69921875,56035.94921875,56066.3984375,0
2025-08-01 05:17:00+00:00,56066.3515625,56066.3515625,56034.25,56039.55078125,0
2025-08-01 05:18:00+00:00,56050.69921875,56077.94921875,56050.69921875,56064.69921875,0
2025-08-01 05:19:00+00:00,56045.19921875,56056.30078125,56044.25,56052.6015625,0
2025-08-01 05:20:00+00:00,56008.1484375,56052.8984375,56008.1484375,56044.8515625,0
2025-08-01 05:21:00+00:00,56018.3515625,56024.55078125,55989.6484375,56006.94921875,0
2025-08-01 05:22:00+00:00,56029.6484375,56036.1484375,56017.75,56017.75,0
2025-08-01 05:23:00+00:00,56027.30078125,56042.3984375,56023.6484375,56028.8515625,0
2025-08-01 05:24:00+00:00,56000.1015625,56029.75,55999.30078125,56025.69921875,0
2025-08-01 05:25:00+00:00,55998.75,56018.55078125,55994.8984375,56000.3515625,0
2025-08-01 05:26:00+00:00,55984.0,56000.19921875,55979.25,55995.75,0
2025-08-01 05:27:00+00:00,55984.8515625,55991.05078125,55982.75,55984.94921875,0
2025-08-01 05:28:00+00:00,55979.0,55985.3515625,55967.25,55984.55078125,0
2025-08-01 05:29:00+00:00,55975.6484375,55982.5,55967.25,55978.75,0
2025-08-01 05:30:00+00:00,56000.55078125,56005.55078125,55978.30078125,55978.30078125,0
2025-08-01 05:31:00+00:00,56028.30078125,56031.3515625,56003.55078125,56003.55078125,0
2025-08-01 05:32:00+00:00,56038.80078125,56047.80078125,56024.6484375,56029.1015625,0
2025-08-01 05:33:00+00:00,56041.1015625,56045.1015625,56035.0,56037.0,0
2025-08-01 05:34:00+00:00,56048.69921875,56059.05078125,56035.1015625,56042.8515625,0
2025-08-01 05:35:00+00:00,56028.1015625,56049.30078125,56027.30078125,56046.75,0
2025-08-01 05:36:00+00:00,56012.80078125,56032.0,55998.05078125,56028.8515625,0
2025-08-01 05:37:00+00:00,56002.80078125,56014.80078125,55999.6484375,56012.8984375,0
2025-08-01 05:38:00+00:00,55923.55078125,56004.44921875,55923.55078125,56002.94921875,0
2025-08-01 05:39:00+00:00,55921.8515625,55930.69921875,55916.55078125,55924.1484375,0
2025-08-01 05:40:00+00:00,55907.5,55924.8984375,55901.55078125,55921.6484375,0
2025-08-01 05:41:00+00:00,55918.3515625,55925.6015625,55903.0,55907.3515625,0
2025-08-01 05:42:00+00:00,55907.8984375,55921.30078125,55907.55078125,55918.8515625,0
2025-08-01 05:43:00+00:00,55894.69921875,55908.44921875,55890.8984375,55905.1484375,0
2025-08-01 05:44:00+00:00,55896.94921875,55899.5,55883.3984375,55895.5,0
2025-08-01 05:45:00+00:00,55879.75,55899.8984375,55879.75,55897.6484375,0
2025-08-01 05:46:00+00:00,55902.05078125,55902.25,55878.6484375,55881.5,0
2025-08-01 05:47:00+00:00,55903.3515625,55906.8515625,55894.75,55902.1015625,0
2025-08-01 05:48:00+00:00,55804.8515625,55904.19921875,55804.8515625,55902.55078125,0
2025-08-01 05:49:00+00:00,55847.55078125,55850.6484375,55803.5,55803.5,0
2025-08-01 05:50:00+00:00,55861.0,55861.0,55840.3984375,55850.55078125,0
2025-08-01 05:51:00+00:00,55869.94921875,55869.94921875,55855.6015625,55861.25,0
2025-08-01 05:52:00+00:00,55884.69921875,55891.55078125,55867.8984375,55867.8984375,0
2025-08-01 05:53:00+00:00,55878.80078125,55886.30078125,55872.1484375,55886.30078125,0
2025-08-01 05:54:00+00:00,55884.0,55888.69921875,55876.3515625,55878.30078125,0
2025-08-01 05:55:00+00:00,55886.30078125,55892.3984375,55879.8515625,55884.25,0
2025-08-01 05:56:00+00:00,55861.5,55885.3984375,55858.25,55885.3984375,0
2025-08-01 05:57:00+00:00,55862.55078125,55867.30078125,55854.1484375,55862.5,0
2025-08-01 05:58:00+00:00,55862.5,55869.19921875,55850.3515625,55865.69921875,0
2025-08-01 05:59:00+00:00,55863.19921875,55868.6484375,55854.0,55862.6015625,0
2025-08-01 06:00:00+00:00,55846.3984375,55868.1484375,55844.75,55864.6015625,0
2025-08-01 06:01:00+00:00,55859.1484375,55861.80078125,55844.94921875,55845.69921875,0
2025-08-01 06:02:00+00:00,55840.6015625,55861.75,55838.25,55859.3984375,0
2025-08-01 06:03:00+00:00,55832.6484375,55851.0,55832.6484375,55840.8984375,0
2025-08-01 06:04:00+00:00,55836.6015625,55850.0,55832.1484375,55836.19921875,0
2025-08-01 06:05:00+00:00,55820.69921875,55837.44921875,55813.94921875,55836.75,0
2025-08-01 06:06:00+00:00,55824.3515625,55840.5,55819.94921875,55822.05078125,0
2025-08-01 06:07:00+00:00,55843.1015625,55846.1015625,55821.1015625,55826.6015625,0
2025-08-01 06:08:00+00:00,55837.1015625,55862.6484375,55832.94921875,55844.0,0
2025-08-01 06:09:00+00:00,55833.5,55843.5,55821.19921875,55836.05078125,0
2025-08-01 06:10:00+00:00,55837.30078125,55841.1484375,55823.44921875,55833.8984375,0
2025-08-01 06:11:00+00:00,55828.25,55836.3984375,55826.94921875,55833.30078125,0
2025-08-01 06:12:00+00:00,55831.19921875,55833.75,55812.3515625,55829.6015625,0
2025-08-01 06:13:00+00:00,55825.8515625,55840.69921875,55824.1015625,55831.25,0
2025-08-01 06:14:00+00:00,55808.94921875,55827.25,55797.55078125,55825.75,0
2025-08-01 06:15:00+00:00,55823.3984375,55838.30078125,55810.25,55810.55078125,0
2025-08-01 06:16:00+00:00,55834.5,55835.8515625,55817.30078125,55821.25,0
2025-08-01 06:17:00+00:00,55826.8984375,55838.3515625,55817.44921875,55835.19921875,0
2025-08-01 06:18:00+00:00,55830.94921875,55832.75,55813.55078125,55822.44921875,0
2025-08-01 06:19:00+00:00,55851.8984375,55857.05078125,55827.1015625,55831.30078125,0
2025-08-01 06:20:00+00:00,55841.1484375,55854.69921875,55837.19921875,55853.30078125,0
2025-08-01 06:21:00+00:00,55854.69921875,55854.69921875,55836.5,55843.44921875,0
2025-08-01 06:22:00+00:00,55871.1484375,55875.6015625,55848.69921875,55854.3515625,0
2025-08-01 06:23:00+00:00,55886.19921875,55888.75,55868.05078125,55876.8515625,0
2025-08-01 06:24:00+00:00,55868.3515625,55889.5,55861.8515625,55889.5,0
2025-08-01 06:25:00+00:00,55858.55078125,55869.05078125,55855.30078125,55868.6484375,0
2025-08-01 06:26:00+00:00,55839.75,55864.44921875,55833.30078125,55858.3984375,0
2025-08-01 06:27:00+00:00,55841.25,55843.1015625,55834.25,55836.0,0
2025-08-01 06:28:00+00:00,55853.05078125,55862.05078125,55838.55078125,55840.8515625,0
2025-08-01 06:29:00+00:00,55834.30078125,55857.1484375,55829.69921875,55853.25,0
2025-08-01 06:30:00+00:00,55821.0,55838.30078125,55817.94921875,55834.5,0
2025-08-01 06:31:00+00:00,55811.80078125,55821.94921875,55808.19921875,55821.8515625,0
2025-08-01 06:32:00+00:00,55784.55078125,55813.80078125,55779.8515625,55808.69921875,0
2025-08-01 06:33:00+00:00,55774.80078125,55784.55078125,55766.5,55784.55078125,0
2025-08-01 06:34:00+00:00,55760.5,55788.05078125,55756.0,55772.6484375,0
2025-08-01 06:35:00+00:00,55773.25,55778.44921875,55757.6015625,55766.19921875,0
2025-08-01 06:36:00+00:00,55793.69921875,55794.6015625,55772.6484375,55776.30078125,0
2025-08-01 06:37:00+00:00,55806.3515625,55809.55078125,55791.80078125,55794.30078125,0
2025-08-01 06:38:00+00:00,55823.69921875,55829.55078125,55805.30078125,55807.6015625,0
2025-08-01 06:39:00+00:00,55857.3515625,55862.25,55820.6484375,55826.55078125,0
2025-08-01 06:40:00+00:00,55837.8515625,55857.6015625,55832.0,55857.6015625,0
2025-08-01 06:41:00+00:00,55837.30078125,55839.5,55825.8515625,55837.94921875,0
2025-08-01 06:42:00+00:00,55831.1484375,55837.75,55817.69921875,55837.75,0
2025-08-01 06:43:00+00:00,55833.5,55836.75,55823.1484375,55831.8984375,0
2025-08-01 06:44:00+00:00,55807.19921875,55834.3515625,55803.8515625,55834.05078125,0
2025-08-01 06:45:00+00:00,55825.25,55829.3984375,55797.0,55808.69921875,0
2025-08-01 06:46:00+00:00,55800.75,55827.5,55800.44921875,55825.19921875,0
2025-08-01 06:47:00+00:00,55807.69921875,55815.0,55796.8515625,55803.3984375,0
2025-08-01 06:48:00+00:00,55811.1015625,55812.8984375,55796.3515625,55810.25,0
2025-08-01 06:49:00+00:00,55813.55078125,55821.3515625,55792.6484375,55812.94921875,0
2025-08-01 06:50:00+00:00,55818.30078125,55825.55078125,55805.6484375,55813.94921875,0
2025-08-01 06:51:00+00:00,55832.30078125,55834.3984375,55814.3984375,55816.8515625,0
2025-08-01 06:52:00+00:00,55844.55078125,55850.30078125,55831.80078125,55833.25,0
2025-08-01 06:53:00+00:00,55857.55078125,55857.55078125,55827.94921875,55844.44921875,0
2025-08-01 06:54:00+00:00,55857.1484375,55863.6015625,55852.30078125,55856.69921875,0
2025-08-01 06:55:00+00:00,55843.44921875,55860.3515625,55831.25,55860.3515625,0
2025-08-01 06:56:00+00:00,55842.75,55847.5,55835.75,55841.80078125,0
2025-08-01 06:57:00+00:00,55838.1015625,55844.0,55832.55078125,55839.05078125,0
2025-08-01 06:58:00+00:00,55835.55078125,55841.3515625,55826.3515625,55838.8984375,0
2025-08-01 06:59:00+00:00,55827.94921875,55836.55078125,55824.94921875,55832.8515625,0
2025-08-01 07:00:00+00:00,55841.0,55841.3984375,55816.5,55825.1484375,0
2025-08-01 07:01:00+00:00,55879.3515625,55895.55078125,55836.30078125,55840.69921875,0
2025-08-01 07:03:00+00:00,55849.05078125,55854.44921875,55844.6015625,55851.94921875,0
2025-08-01 07:04:00+00:00,55819.80078125,55853.05078125,55817.3515625,55851.3515625,0
2025-08-01 07:05:00+00:00,55790.19921875,55825.8515625,55784.25,55825.8515625,0
2025-08-01 07:06:00+00:00,55791.75,55800.55078125,55787.80078125,55791.44921875,0
2025-08-01 07:07:00+00:00,55815.44921875,55817.1015625,55788.1015625,55791.8984375,0
2025-08-01 07:08:00+00:00,55811.30078125,55817.3515625,55806.6015625,55817.1015625,0
2025-08-01 07:09:00+00:00,55807.0,55818.80078125,55806.8984375,55813.05078125,0
2025-08-01 07:10:00+00:00,55781.8984375,55809.6015625,55778.19921875,55809.6015625,0
2025-08-01 07:11:00+00:00,55801.8984375,55804.44921875,55776.44921875,55784.30078125,0
2025-08-01 07:12:00+00:00,55791.69921875,55802.0,55788.1015625,55801.19921875,0
2025-08-01 07:13:00+00:00,55736.80078125,55793.1015625,55729.8515625,55793.0,0
2025-08-01 07:14:00+00:00,55777.80078125,55781.5,55737.55078125,55737.55078125,0
2025-08-01 07:15:00+00:00,55766.1484375,55778.69921875,55763.75,55778.69921875,0
2025-08-01 07:16:00+00:00,55767.25,55772.55078125,55757.80078125,55768.8515625,0
2025-08-01 07:17:00+00:00,55793.3515625,55793.3515625,55769.3984375,55772.0,0
2025-08-01 07:18:00+00:00,55792.30078125,55797.6015625,55786.25,55793.75,0
2025-08-01 07:19:00+00:00,55788.6015625,55797.69921875,55787.69921875,55793.0,0
2025-08-01 07:20:00+00:00,55768.05078125,55788.8984375,55768.05078125,55788.8984375,0
2025-08-01 07:21:00+00:00,55780.44921875,55780.75,55757.8515625,55769.5,0
2025-08-01 07:22:00+00:00,55783.44921875,55798.44921875,55780.75,55780.75,0
2025-08-01 07:23:00+00:00,55779.8515625,55790.25,55767.25,55789.8515625,0
2025-08-01 07:24:00+00:00,55788.30078125,55792.55078125,55767.75,55780.6015625,0
2025-08-01 07:25:00+00:00,55790.5,55795.6484375,55779.94921875,55792.5,0
2025-08-01 07:26:00+00:00,55777.6015625,55797.80078125,55774.30078125,55789.8515625,0
2025-08-01 07:27:00+00:00,55797.6015625,55800.30078125,55776.75,55783.3984375,0
2025-08-01 07:28:00+00:00,55791.19921875,55799.3984375,55776.6015625,55799.1015625,0
2025-08-01 07:29:00+00:00,55804.05078125,55811.0,55787.55078125,55791.25,0
2025-08-01 07:30:00+00:00,55795.94921875,55809.80078125,55785.44921875,55809.44921875,0
2025-08-01 07:31:00+00:00,55807.3515625,55807.3515625,55782.44921875,55797.0,0
2025-08-01 07:32:00+00:00,55804.19921875,55810.55078125,55792.5,55808.3515625,0
2025-08-01 07:33:00+00:00,55796.1015625,55804.6484375,55785.1484375,55802.8984375,0
2025-08-01 07:34:00+00:00,55779.05078125,55798.80078125,55772.94921875,55798.80078125,0
2025-08-01 07:35:00+00:00,55798.8984375,55801.0,55776.8984375,55778.44921875,0
2025-08-01 07:36:00+00:00,55818.55078125,55825.80078125,55786.30078125,55801.25,0
2025-08-01 07:37:00+00:00,55818.25,55831.05078125,55812.69921875,55819.6484375,0
2025-08-01 07:38:00+00:00,55820.3515625,55831.1015625,55816.3515625,55822.5,0
2025-08-01 07:39:00+00:00,55807.30078125,55820.3515625,55802.05078125,55820.3515625,0
2025-08-01 07:40:00+00:00,55780.1484375,55813.94921875,55780.1484375,55812.05078125,0
2025-08-01 07:41:00+00:00,55790.05078125,55801.30078125,55780.25,55784.30078125,0
2025-08-01 07:42:00+00:00,55807.75,55812.6484375,55781.1015625,55785.3984375,0
2025-08-01 07:43:00+00:00,55822.25,55822.8515625,55805.3984375,55808.75,0
2025-08-01 07:44:00+00:00,55809.44921875,55824.19921875,55801.44921875,55824.19921875,0
2025-08-01 07:45:00+00:00,55808.8515625,55816.44921875,55800.69921875,55809.69921875,0
2025-08-01 07:46:00+00:00,55808.69921875,55815.05078125,55803.5,55804.19921875,0
2025-08-01 07:47:00+00:00,55812.6015625,55821.6015625,55802.1484375,55809.75,0
2025-08-01 07:48:00+00:00,55800.5,55816.80078125,55798.25,55811.55078125,0
2025-08-01 07:49:00+00:00,55805.0,55809.25,55793.55078125,55797.3515625,0
2025-08-01 07:50:00+00:00,55802.69921875,55808.1484375,55794.6484375,55802.6484375,0
2025-08-01 07:51:00+00:00,55812.6015625,55812.8984375,55800.69921875,55801.8515625,0
2025-08-01 07:52:00+00:00,55828.1015625,55828.8984375,55809.8515625,55810.6484375,0
2025-08-01 07:53:00+00:00,55848.69921875,55848.69921875,55826.6015625,55828.1015625,0
2025-08-01 07:54:00+00:00,55841.1484375,55849.5,55835.19921875,55847.55078125,0
2025-08-01 07:55:00+00:00,55873.55078125,55874.19921875,55834.05078125,55842.1484375,0
2025-08-01 07:56:00+00:00,55885.8984375,55891.25,55872.44921875,55874.3515625,0
2025-08-01 07:57:00+00:00,55879.25,55888.19921875,55874.8515625,55883.55078125,0
2025-08-01 07:58:00+00:00,55886.5,55890.3984375,55877.1015625,55879.1484375,0
2025-08-01 07:59:00+00:00,55887.80078125,55887.80078125,55875.80078125,55886.55078125,0
2025-08-01 08:00:00+00:00,55883.5,55891.44921875,55877.94921875,55887.55078125,0
2025-08-01 08:01:00+00:00,55914.8984375,55919.80078125,55883.55078125,55885.5,0
2025-08-01 08:02:00+00:00,55903.55078125,55923.05078125,55893.8515625,55917.94921875,0
2025-08-01 08:03:00+00:00,55888.5,55910.25,55883.94921875,55905.19921875,0
2025-08-01 08:04:00+00:00,55870.3515625,55891.8984375,55870.3515625,55888.5,0
2025-08-01 08:05:00+00:00,55850.8515625,55878.0,55844.1484375,55870.1484375,0
2025-08-01 08:06:00+00:00,55823.8515625,55851.19921875,55822.75,55848.0,0
2025-08-01 08:07:00+00:00,55814.3515625,55829.6015625,55803.55078125,55829.6015625,0
2025-08-01 08:08:00+00:00,55749.6015625,55818.5,55748.25,55815.3984375,0
2025-08-01 08:09:00+00:00,55776.3984375,55792.80078125,55751.3984375,55751.3984375,0
2025-08-01 08:10:00+00:00,55788.25,55796.6484375,55778.25,55778.25,0
2025-08-01 08:11:00+00:00,55794.1015625,55794.5,55786.0,55790.05078125,0
2025-08-01 08:12:00+00:00,55810.19921875,55814.44921875,55794.3515625,55796.0,0
2025-08-01 08:13:00+00:00,55812.19921875,55822.55078125,55806.3515625,55812.05078125,0
2025-08-01 08:14:00+00:00,55826.8515625,55843.69921875,55809.5,55815.8984375,0
2025-08-01 08:15:00+00:00,55817.8515625,55830.6484375,55815.0,55827.25,0
2025-08-01 08:16:00+00:00,55824.55078125,55829.05078125,55809.0,55823.75,0
2025-08-01 08:17:00+00:00,55818.55078125,55826.05078125,55814.25,55824.0,0
2025-08-01 08:18:00+00:00,55824.80078125,55834.30078125,55811.19921875,55823.75,0
2025-08-01 08:19:00+00:00,55818.80078125,55828.1484375,55815.05078125,55828.1484375,0
2025-08-01 08:20:00+00:00,55804.5,55819.30078125,55801.5,55816.75,0
2025-08-01 08:21:00+00:00,55796.5,55804.3515625,55790.8515625,55803.5,0
2025-08-01 08:22:00+00:00,55814.8515625,55817.1484375,55794.69921875,55797.19921875,0
2025-08-01 08:23:00+00:00,55807.1015625,55817.3515625,55804.6484375,55815.5,0
2025-08-01 08:24:00+00:00,55797.55078125,55809.8984375,55792.0,55809.8984375,0
2025-08-01 08:25:00+00:00,55795.55078125,55814.05078125,55793.8515625,55801.55078125,0
2025-08-01 08:26:00+00:00,55778.8515625,55799.8984375,55778.8515625,55796.44921875,0
2025-08-01 08:27:00+00:00,55790.55078125,55797.0,55778.55078125,55780.1484375,0
2025-08-01 08:28:00+00:00,55790.5,55797.3515625,55780.3515625,55793.8984375,0
2025-08-01 08:29:00+00:00,55774.8515625,55792.25,55759.05078125,55792.25,0
2025-08-01 08:30:00+00:00,55785.6484375,55789.94921875,55776.69921875,55776.69921875,0
2025-08-01 08:31:00+00:00,55778.5,55787.44921875,55769.30078125,55784.05078125,0
2025-08-01 08:32:00+00:00,55761.80078125,55779.75,55752.3515625,55776.55078125,0
2025-08-01 08:33:00+00:00,55750.1484375,55765.6015625,55750.1484375,55762.19921875,0
2025-08-01 08:34:00+00:00,55767.1484375,55770.80078125,55743.80078125,55755.8515625,0
2025-08-01 08:35:00+00:00,55779.30078125,55783.05078125,55765.19921875,55772.30078125,0
2025-08-01 08:36:00+00:00,55780.55078125,55783.3515625,55758.1484375,55779.69921875,0
2025-08-01 08:37:00+00:00,55763.80078125,55781.05078125,55759.3515625,55779.30078125,0
2025-08-01 08:38:00+00:00,55767.19921875,55774.1015625,55757.25,55763.75,0
2025-08-01 08:39:00+00:00,55768.25,55771.0,55760.55078125,55765.1015625,0
2025-08-01 08:40:00+00:00,55773.30078125,55777.8984375,55752.5,55769.3984375,0
2025-08-01 08:41:00+00:00,55798.0,55800.55078125,55772.6484375,55772.6484375,0
2025-08-01 08:42:00+00:00,55797.69921875,55806.69921875,55795.75,55799.25,0
2025-08-01 08:43:00+00:00,55779.3984375,55798.69921875,55779.3984375,55798.69921875,0
2025-08-01 08:44:00+00:00,55792.8515625,55804.69921875,55776.1015625,55778.6015625,0
2025-08-01 08:45:00+00:00,55779.5,55794.8984375,55768.30078125,55793.19921875,0
2025-08-01 08:46:00+00:00,55792.69921875,55799.25,55775.80078125,55787.1015625,0
2025-08-01 08:47:00+00:00,55805.05078125,55808.05078125,55786.3984375,55796.5,0
2025-08-01 08:48:00+00:00,55795.5,55814.6484375,55793.3984375,55806.55078125,0
2025-08-01 08:49:00+00:00,55782.8515625,55801.69921875,55778.05078125,55795.5,0
2025-08-01 08:50:00+00:00,55772.5,55787.6015625,55771.19921875,55782.8515625,0
2025-08-01 08:51:00+00:00,55757.94921875,55780.69921875,55739.05078125,55772.5,0
2025-08-01 08:52:00+00:00,55764.94921875,55775.75,55741.94921875,55760.6015625,0
2025-08-01 08:53:00+00:00,55757.05078125,55764.05078125,55748.75,55764.05078125,0
2025-08-01 08:54:00+00:00,55736.1015625,55758.75,55736.1015625,55758.30078125,0
2025-08-01 08:55:00+00:00,55745.1015625,55754.05078125,55734.0,55743.25,0
2025-08-01 08:56:00+00:00,55749.6484375,55759.6015625,55739.69921875,55743.55078125,0
2025-08-01 08:57:00+00:00,55736.30078125,55754.30078125,55730.69921875,55752.1015625,0
2025-08-01 08:58:00+00:00,55728.19921875,55736.6015625,55715.5,55736.0,0
2025-08-01 08:59:00+00:00,55739.6015625,55743.94921875,55720.44921875,55726.30078125,0
2025-08-01 09:00:00+00:00,55749.25,55749.25,55721.5,55743.0,0
2025-08-01 09:01:00+00:00,55763.8984375,55768.3515625,55736.75,55745.30078125,0
2025-08-01 09:02:00+00:00,55758.1015625,55763.94921875,55746.3515625,55763.05078125,0
2025-08-01 09:03:00+00:00,55782.05078125,55784.05078125,55749.0,55756.44921875,0
2025-08-01 09:04:00+00:00,55754.30078125,55784.75,55748.94921875,55783.5,0
2025-08-01 09:05:00+00:00,55772.6015625,55785.75,55750.6484375,55750.8515625,0
2025-08-01 09:06:00+00:00,55772.55078125,55773.75,55747.8984375,55772.75,0
2025-08-01 09:07:00+00:00,55754.69921875,55772.1484375,55749.44921875,55764.6015625,0
2025-08-01 09:08:00+00:00,55705.3984375,55756.30078125,55697.80078125,55756.19921875,0
2025-08-01 09:09:00+00:00,55740.05078125,55750.6015625,55702.5,55702.6484375,0
2025-08-01 09:10:00+00:00,55729.1484375,55746.05078125,55724.55078125,55741.3984375,0
2025-08-01 09:11:00+00:00,55718.3515625,55732.1015625,55710.8984375,55731.8984375,0
2025-08-01 09:12:00+00:00,55720.94921875,55727.25,55711.5,55715.5,0
2025-08-01 09:13:00+00:00,55707.25,55720.0,55704.05078125,55720.0,0
2025-08-01 09:14:00+00:00,55709.05078125,55716.25,55695.55078125,55708.3984375,0
2025-08-01 09:15:00+00:00,55701.0,55713.05078125,55695.8515625,55711.0,0
2025-08-01 09:16:00+00:00,55698.25,55713.8515625,55696.69921875,55703.80078125,0
2025-08-01 09:17:00+00:00,55722.1484375,55723.1015625,55693.75,55698.25,0
2025-08-01 09:18:00+00:00,55733.3515625,55733.94921875,55718.05078125,55723.3515625,0
2025-08-01 09:19:00+00:00,55731.1484375,55737.3515625,55724.3984375,55729.69921875,0
2025-08-01 09:20:00+00:00,55734.0,55738.25,55721.3515625,55732.8984375,0
2025-08-01 09:21:00+00:00,55727.0,55738.3984375,55722.30078125,55732.25,0
2025-08-01 09:22:00+00:00,55719.94921875,55726.69921875,55711.0,55723.6484375,0
2025-08-01 09:23:00+00:00,55722.6484375,55725.05078125,55706.8984375,55720.8984375,0
2025-08-01 09:24:00+00:00,55709.05078125,55724.55078125,55705.44921875,55722.30078125,0
2025-08-01 09:25:00+00:00,55687.94921875,55713.19921875,55687.94921875,55711.8984375,0
2025-08-01 09:26:00+00:00,55694.05078125,55700.6015625,55682.8984375,55693.1484375,0
2025-08-01 09:27:00+00:00,55682.8515625,55700.3984375,55681.6015625,55696.55078125,0
2025-08-01 09:28:00+00:00,55709.94921875,55715.80078125,55682.8515625,55685.1484375,0
2025-08-01 09:29:00+00:00,55699.6015625,55709.44921875,55693.3515625,55709.44921875,0
2025-08-01 09:30:00+00:00,55703.80078125,55703.80078125,55678.5,55693.6484375,0
2025-08-01 09:31:00+00:00,55702.3984375,55727.6015625,55701.94921875,55704.55078125,0
2025-08-01 09:32:00+00:00,55691.3515625,55714.1484375,55685.05078125,55703.3515625,0
2025-08-01 09:33:00+00:00,55671.75,55700.1015625,55669.8984375,55691.1484375,0
2025-08-01 09:34:00+00:00,55670.3515625,55679.19921875,55662.55078125,55669.94921875,0
2025-08-01 09:35:00+00:00,55656.44921875,55676.8515625,55652.80078125,55674.55078125,0
2025-08-01 09:36:00+00:00,55631.69921875,55660.05078125,55631.05078125,55657.3984375,0
2025-08-01 09:37:00+00:00,55641.94921875,55642.8984375,55630.44921875,55630.6484375,0
2025-08-01 09:38:00+00:00,55606.25,55645.5,55605.8984375,55642.3515625,0
2025-08-01 09:39:00+00:00,55593.8515625,55607.94921875,55592.3984375,55607.94921875,0
2025-08-01 09:40:00+00:00,55586.3515625,55608.80078125,55585.75,55603.3984375,0
2025-08-01 09:41:00+00:00,55567.44921875,55593.55078125,55563.5,55586.94921875,0
2025-08-01 09:42:00+00:00,55568.1484375,55574.6484375,55562.30078125,55568.55078125,0
2025-08-01 09:43:00+00:00,55593.80078125,55597.3515625,55568.8515625,55570.69921875,0
2025-08-01 09:44:00+00:00,55591.55078125,55598.6484375,55579.6484375,55596.44921875,0
2025-08-01 09:45:00+00:00,55589.80078125,55601.1484375,55583.6484375,55594.5,0
2025-08-01 09:46:00+00:00,55582.1015625,55601.69921875,55579.44921875,55590.44921875,0
2025-08-01 09:47:00+00:00,55577.94921875,55591.80078125,55577.94921875,55580.30078125,0
2025-08-01 09:48:00+00:00,55586.30078125,55590.55078125,55570.05078125,55581.94921875,0
2025-08-01 09:49:00+00:00,55599.75,55608.8984375,55585.44921875,55588.75,0
2025-08-01 09:50:00+00:00,55604.3984375,55627.6484375,55597.05078125,55601.5,0
2025-08-01 09:51:00+00:00,55628.80078125,55630.94921875,55604.8515625,55605.05078125,0
2025-08-01 09:52:00+00:00,55615.69921875,55631.30078125,55614.6015625,55629.80078125,0
2025-08-01 09:53:00+00:00,55625.44921875,55632.19921875,55616.25,55616.25,0
2025-08-01 09:54:00+00:00,55620.6484375,55629.25,55614.80078125,55629.25,0
2025-08-01 09:55:00+00:00,55622.3515625,55631.5,55607.94921875,55620.1015625,0
2025-08-01 09:56:00+00:00,55603.19921875,55628.25,55602.3984375,55620.3515625,0
2025-08-01 09:57:00+00:00,55598.19921875,55613.8515625,55591.80078125,55603.3984375,0
2025-08-01 09:58:00+00:00,55629.75,55636.19921875,55595.19921875,55595.19921875,0
2025-08-01 09:59:00+00:00,55639.55078125,55658.8984375,55608.69921875,55633.19921875,0
2025-08-04 03:45:00+00:00,55694.3515625,55743.0,55554.30078125,55554.30078125,0
2025-08-04 03:46:00+00:00,55736.25,55747.94921875,55674.25,55693.19921875,0
2025-08-04 03:47:00+00:00,55691.30078125,55742.80078125,55682.1015625,55736.5,0
2025-08-04 03:48:00+00:00,55716.30078125,55717.94921875,55656.25,55684.8515625,0
2025-08-04 03:49:00+00:00,55718.19921875,55727.6484375,55707.19921875,55714.25,0
2025-08-04 03:50:00+00:00,55664.69921875,55721.80078125,55657.3984375,55719.19921875,0
2025-08-04 03:51:00+00:00,55678.6015625,55707.69921875,55662.94921875,55663.1484375,0
2025-08-04 03:52:00+00:00,55695.55078125,55698.19921875,55672.69921875,55680.94921875,0
2025-08-04 03:53:00+00:00,55695.8515625,55721.8984375,55682.5,55704.30078125,0
2025-08-04 03:54:00+00:00,55696.3515625,55716.8984375,55692.1484375,55698.55078125,0
2025-08-04 03:55:00+00:00,55679.1015625,55708.3515625,55677.55078125,55696.25,0
2025-08-04 03:56:00+00:00,55687.25,55701.05078125,55676.3515625,55677.25,0
2025-08-04 03:57:00+00:00,55692.6484375,55701.1015625,55685.8515625,55689.19921875,0
2025-08-04 03:58:00+00:00,55708.6484375,55710.25,55686.44921875,55692.05078125,0
2025-08-04 03:59:00+00:00,55720.8515625,55721.19921875,55706.0,55708.8984375,0
2025-08-04 04:00:00+00:00,55746.6015625,55751.6015625,55718.94921875,55720.05078125,0
2025-08-04 04:01:00+00:00,55708.5,55747.1015625,55708.5,55743.94921875,0
2025-08-04 04:02:00+00:00,55689.6484375,55714.44921875,55676.1484375,55707.3984375,0
2025-08-04 04:03:00+00:00,55691.1484375,55704.94921875,55682.0,55688.55078125,0
2025-08-04 04:04:00+00:00,55698.69921875,55716.1015625,55690.30078125,55691.3515625,0
2025-08-04 04:05:00+00:00,55703.44921875,55718.69921875,55697.80078125,55706.3515625,0
2025-08-04 04:06:00+00:00,55691.30078125,55705.5,55685.05078125,55702.75,0
2025-08-04 04:07:00+00:00,55672.30078125,55690.75,55656.94921875,55690.75,0
2025-08-04 04:08:00+00:00,55678.30078125,55691.1484375,55671.94921875,55674.8984375,0
2025-08-04 04:09:00+00:00,55659.0,55685.3515625,55654.1484375,55673.80078125,0
2025-08-04 04:10:00+00:00,55657.6484375,55664.6015625,55634.8515625,55662.25,0
2025-08-04 04:11:00+00:00,55636.30078125,55656.30078125,55635.8984375,55653.3984375,0
2025-08-04 04:12:00+00:00,55616.30078125,55642.80078125,55613.05078125,55641.3515625,0
2025-08-04 04:13:00+00:00,55575.05078125,55614.80078125,55572.1484375,55614.19921875,0
2025-08-04 04:14:00+00:00,55536.3984375,55581.25,55536.3984375,55574.3984375,0
2025-08-04 04:15:00+00:00,55513.1484375,55540.8984375,55503.69921875,55536.3984375,0
2025-08-04 04:16:00+00:00,55499.3515625,55515.3984375,55494.69921875,55506.1015625,0
2025-08-04 04:17:00+00:00,55486.44921875,55499.3515625,55474.19921875,55499.3515625,0
2025-08-04 04:18:00+00:00,55447.6484375,55489.5,55440.8515625,55487.1484375,0
2025-08-04 04:19:00+00:00,55532.6015625,55536.94921875,55451.1484375,55451.1484375,0
2025-08-04 04:20:00+00:00,55556.25,55609.75,55534.05078125,55534.05078125,0
2025-08-04 04:21:00+00:00,55556.1484375,55577.1015625,55550.6484375,55557.25,0
2025-08-04 04:22:00+00:00,55537.3984375,55555.94921875,55527.19921875,55555.94921875,0
2025-08-04 04:23:00+00:00,55518.80078125,55532.94921875,55489.19921875,55532.94921875,0
2025-08-04 04:24:00+00:00,55513.55078125,55522.6484375,55503.3515625,55515.19921875,0
2025-08-04 04:25:00+00:00,55517.3984375,55525.5,55509.25,55513.8515625,0
2025-08-04 04:26:00+00:00,55519.8984375,55521.3984375,55500.05078125,55518.5,0
2025-08-04 04:27:00+00:00,55526.6015625,55545.6015625,55519.30078125,55520.19921875,0
2025-08-04 04:28:00+00:00,55534.69921875,55541.3984375,55516.8515625,55525.25,0
2025-08-04 04:29:00+00:00,55514.19921875,55541.8515625,55514.19921875,55539.44921875,0
2025-08-04 04:30:00+00:00,55522.55078125,55545.05078125,55511.80078125,55511.80078125,0
2025-08-04 04:31:00+00:00,55509.3515625,55525.25,55492.44921875,55525.25,0
2025-08-04 04:32:00+00:00,55518.3984375,55522.25,55494.75,55510.8515625,0
2025-08-04 04:33:00+00:00,55539.6484375,55539.8515625,55506.0,55516.44921875,0
2025-08-04 04:34:00+00:00,55567.0,55567.80078125,55537.05078125,55540.1484375,0
2025-08-04 04:35:00+00:00,55569.8984375,55582.5,55560.5,55565.19921875,0
2025-08-04 04:36:00+00:00,55550.1015625,55569.44921875,55535.6015625,55567.25,0
2025-08-04 04:37:00+00:00,55548.3515625,55559.1015625,55544.25,55552.69921875,0
2025-08-04 04:38:00+00:00,55544.55078125,55554.75,55542.8984375,55549.05078125,0
2025-08-04 04:39:00+00:00,55542.8984375,55554.6015625,55540.5,55544.25,0
2025-08-04 04:40:00+00:00,55523.69921875,55549.6484375,55521.30078125,55543.05078125,0
2025-08-04 04:41:00+00:00,55534.05078125,55538.44921875,55509.94921875,55523.3515625,0
2025-08-04 04:42:00+00:00,55522.19921875,55532.05078125,55506.05078125,55531.75,0
2025-08-04 04:43:00+00:00,55532.6484375,55532.6484375,55518.1015625,55522.05078125,0
2025-08-04 04:44:00+00:00,55528.05078125,55541.25,55519.6015625,55533.5,0
2025-08-04 04:45:00+00:00,55554.69921875,55562.80078125,55528.1484375,55528.1484375,0
2025-08-04 04:46:00+00:00,55565.1015625,55570.80078125,55550.19921875,55557.1015625,0
2025-08-04 04:47:00+00:00,55574.25,55592.0,55558.44921875,55565.3984375,0
2025-08-04 04:48:00+00:00,55595.69921875,55600.6015625,55573.75,55578.1484375,0
2025-08-04 04:49:00+00:00,55583.25,55597.75,55572.44921875,55595.3515625,0
2025-08-04 04:50:00+00:00,55575.75,55587.55078125,55547.8515625,55583.3984375,0
2025-08-04 04:51:00+00:00,55577.8984375,55580.25,55563.55078125,55575.94921875,0
2025-08-04 04:52:00+00:00,55585.1484375,55591.80078125,55574.8515625,55577.55078125,0
2025-08-04 04:53:00+00:00,55611.1484375,55614.05078125,55583.69921875,55585.0,0
2025-08-04 04:54:00+00:00,55633.55078125,55643.0,55608.1484375,55610.25,0
2025-08-04 04:55:00+00:00,55615.94921875,55652.0,55610.5,55630.55078125,0
2025-08-04 04:56:00+00:00,55596.8515625,55618.25,55596.8515625,55616.69921875,0
2025-08-04 04:57:00+00:00,55538.3984375,55600.1015625,55533.6484375,55595.25,0
2025-08-04 04:58:00+00:00,55568.94921875,55573.3515625,55533.8515625,55536.3984375,0
2025-08-04 04:59:00+00:00,55557.75,55575.05078125,55554.3515625,55568.19921875,0
2025-08-04 05:00:00+00:00,55578.1015625,55581.25,55555.75,55557.8984375,0
2025-08-04 05:01:00+00:00,55582.5,55601.69921875,55569.1015625,55578.6484375,0
2025-08-04 05:02:00+00:00,55595.05078125,55595.05078125,55568.6484375,55582.0,0
2025-08-04 05:03:00+00:00,55581.80078125,55595.8515625,55577.6484375,55593.55078125,0
2025-08-04 05:04:00+00:00,55578.1484375,55585.55078125,55575.44921875,55582.44921875,0
2025-08-04 05:05:00+00:00,55575.6484375,55585.75,55573.75,55578.44921875,0
2025-08-04 05:06:00+00:00,55579.19921875,55583.69921875,55565.1484375,55574.1484375,0
2025-08-04 05:07:00+00:00,55573.8984375,55578.6484375,55563.25,55575.55078125,0
2025-08-04 05:08:00+00:00,55580.75,55589.6015625,55570.3515625,55572.3984375,0
2025-08-04 05:09:00+00:00,55594.69921875,55600.30078125,55568.75,55578.6015625,0
2025-08-04 05:10:00+00:00,55585.69921875,55596.6015625,55582.80078125,55593.44921875,0
2025-08-04 05:11:00+00:00,55590.8984375,55594.80078125,55567.8984375,55584.5,0
2025-08-04 05:12:00+00:00,55621.0,55624.5,55590.55078125,55594.25,0
2025-08-04 05:13:00+00:00,55604.6015625,55621.19921875,55604.6015625,55621.19921875,0
2025-08-04 05:14:00+00:00,55588.5,55607.8515625,55588.5,55604.1484375,0
2025-08-04 05:15:00+00:00,55577.69921875,55591.69921875,55573.75,55590.3984375,0
2025-08-04 05:16:00+00:00,55567.30078125,55578.6484375,55567.30078125,55577.30078125,0
2025-08-04 05:17:00+00:00,55553.5,55575.69921875,55549.69921875,55569.69921875,0
2025-08-04 05:18:00+00:00,55512.94921875,55555.6484375,55508.5,55555.6484375,0
2025-08-04 05:19:00+00:00,55485.75,55513.3515625,55485.75,55512.80078125,0
2025-08-04 05:20:00+00:00,55483.8515625,55494.8984375,55467.75,55484.05078125,0
2025-08-04 05:21:00+00:00,55476.3515625,55480.55078125,55462.75,55478.94921875,0
2025-08-04 05:22:00+00:00,55500.8984375,55505.8984375,55475.3515625,55478.6015625,0
2025-08-04 05:23:00+00:00,55509.05078125,55531.3984375,55497.1015625,55502.80078125,0
2025-08-04 05:24:00+00:00,55515.3515625,55515.3515625,55497.30078125,55510.5,0
2025-08-04 05:25:00+00:00,55503.30078125,55516.44921875,55495.19921875,55513.44921875,0
2025-08-04 05:26:00+00:00,55525.05078125,55528.30078125,55499.8515625,55503.5,0
2025-08-04 05:27:00+00:00,55495.44921875,55530.0,55492.1484375,55524.5,0
2025-08-04 05:28:00+00:00,55498.5,55509.25,55491.1484375,55493.3984375,0
2025-08-04 05:29:00+00:00,55499.05078125,55505.8984375,55489.3984375,55498.05078125,0
2025-08-04 05:30:00+00:00,55500.8515625,55507.6484375,55488.8984375,55498.75,0
2025-08-04 05:31:00+00:00,55519.19921875,55519.75,55495.19921875,55499.75,0
2025-08-04 05:32:00+00:00,55530.75,55535.80078125,55509.44921875,55518.80078125,0
2025-08-04 05:33:00+00:00,55534.44921875,55536.75,55526.1484375,55528.44921875,0
2025-08-04 05:34:00+00:00,55570.30078125,55578.19921875,55536.30078125,55536.55078125,0
2025-08-04 05:35:00+00:00,55577.25,55586.19921875,55565.25,55565.25,0
2025-08-04 05:36:00+00:00,55588.69921875,55595.80078125,55573.80078125,55578.3515625,0
2025-08-04 05:37:00+00:00,55535.94921875,55587.05078125,55535.94921875,55587.05078125,0
2025-08-04 05:38:00+00:00,55527.6015625,55552.1484375,55527.3984375,55540.44921875,0
2025-08-04 05:39:00+00:00,55535.44921875,55538.6015625,55525.8984375,55529.0,0
2025-08-04 05:40:00+00:00,55547.0,55551.30078125,55532.05078125,55535.94921875,0
2025-08-04 05:41:00+00:00,55554.30078125,55554.30078125,55536.55078125,55549.0,0
2025-08-04 05:42:00+00:00,55555.94921875,55562.05078125,55550.55078125,55554.30078125,0
2025-08-04 05:43:00+00:00,55582.75,55587.0,55556.6015625,55556.6015625,0
2025-08-04 05:44:00+00:00,55578.6484375,55597.25,55577.5,55582.6484375,0
2025-08-04 05:45:00+00:00,55578.05078125,55586.44921875,55563.19921875,55578.75,0
2025-08-04 05:46:00+00:00,55561.1484375,55581.05078125,55561.1484375,55575.94921875,0
2025-08-04 05:47:00+00:00,55571.0,55575.55078125,55557.55078125,55559.3515625,0
2025-08-04 05:48:00+00:00,55613.3984375,55613.3984375,55562.0,55568.25,0
2025-08-04 05:49:00+00:00,55594.30078125,55613.55078125,55590.8984375,55612.94921875,0
2025-08-04 05:50:00+00:00,55600.19921875,55607.19921875,55588.69921875,55593.80078125,0
2025-08-04 05:51:00+00:00,55601.44921875,55616.1015625,55597.94921875,55599.44921875,0
2025-08-04 05:52:00+00:00,55637.1484375,55637.8984375,55600.1015625,55600.1015625,0
2025-08-04 05:53:00+00:00,55613.3515625,55641.55078125,55610.8515625,55640.69921875,0
2025-08-04 05:54:00+00:00,55619.80078125,55620.55078125,55609.19921875,55614.19921875,0
2025-08-04 05:55:00+00:00,55627.19921875,55629.5,55614.8515625,55619.0,0
2025-08-04 05:56:00+00:00,55617.8984375,55637.6484375,55615.30078125,55626.80078125,0
2025-08-04 05:57:00+00:00,55602.30078125,55620.69921875,55598.6015625,55617.19921875,0
2025-08-04 05:58:00+00:00,55596.44921875,55607.1484375,55593.55078125,55600.94921875,0
2025-08-04 05:59:00+00:00,55592.6015625,55598.19921875,55587.69921875,55595.1484375,0
2025-08-04 06:00:00+00:00,55622.05078125,55623.44921875,55592.3515625,55592.3515625,0
2025-08-04 06:01:00+00:00,55617.44921875,55626.3984375,55615.30078125,55620.5,0
2025-08-04 06:02:00+00:00,55622.8515625,55622.8515625,55607.8984375,55616.8984375,0
2025-08-04 06:03:00+00:00,55603.25,55627.30078125,55599.55078125,55624.0,0
2025-08-04 06:04:00+00:00,55599.25,55601.80078125,55588.8515625,55597.6015625,0
2025-08-04 06:05:00+00:00,55581.8515625,55607.19921875,55580.3515625,55598.8515625,0
2025-08-04 06:06:00+00:00,55576.1484375,55586.19921875,55558.75,55586.19921875,0
2025-08-04 06:07:00+00:00,55585.8515625,55591.6484375,55577.75,55577.75,0
2025-08-04 06:08:00+00:00,55550.6015625,55585.55078125,55541.30078125,55585.55078125,0
2025-08-04 06:09:00+00:00,55568.05078125,55572.69921875,55547.69921875,55548.25,0
2025-08-04 06:10:00+00:00,55564.1015625,55576.6015625,55561.55078125,55569.3515625,0
2025-08-04 06:11:00+00:00,55582.1484375,55584.1015625,55562.30078125,55564.1015625,0
2025-08-04 06:12:00+00:00,55600.30078125,55601.3984375,55579.1015625,55582.44921875,0
2025-08-04 06:13:00+00:00,55602.6484375,55612.0,55598.5,55600.0,0
2025-08-04 06:14:00+00:00,55616.0,55616.75,55604.1015625,55604.1484375,0
2025-08-04 06:15:00+00:00,55623.44921875,55623.94921875,55608.75,55614.3515625,0
2025-08-04 06:16:00+00:00,55637.05078125,55638.44921875,55623.05078125,55624.3984375,0
2025-08-04 06:17:00+00:00,55631.8984375,55637.25,55624.55078125,55637.25,0
2025-08-04 06:18:00+00:00,55609.8515625,55633.30078125,55608.0,55632.55078125,0
2025-08-04 06:19:00+00:00,55613.25,55614.6015625,55598.94921875,55610.94921875,0
2025-08-04 06:20:00+00:00,55616.5,55624.3984375,55603.0,55605.6015625,0
2025-08-04 06:21:00+00:00,55609.55078125,55620.1484375,55601.8515625,55618.1015625,0
2025-08-04 06:22:00+00:00,55611.5,55616.0,55605.1484375,55608.80078125,0
2025-08-04 06:23:00+00:00,55620.25,55622.8984375,55609.5,55610.25,0
2025-08-04 06:24:00+00:00,55617.05078125,55621.1015625,55615.3515625,55619.75,0
2025-08-04 06:25:00+00:00,55607.0,55620.69921875,55599.1484375,55620.69921875,0
2025-08-04 06:26:00+00:00,55615.25,55622.8515625,55601.55078125,55606.3515625,0
2025-08-04 06:27:00+00:00,55627.3984375,55629.44921875,55614.1015625,55614.3515625,0
2025-08-04 06:28:00+00:00,55662.1015625,55665.75,55622.3515625,55628.1015625,0
2025-08-04 06:29:00+00:00,55659.5,55666.6484375,55654.8515625,55661.1484375,0
2025-08-04 06:30:00+00:00,55661.19921875,55670.6015625,55656.19921875,55657.55078125,0
2025-08-04 06:31:00+00:00,55647.6015625,55660.1015625,55643.55078125,55660.1015625,0
2025-08-04 06:32:00+00:00,55611.80078125,55647.75,55611.80078125,55647.1015625,0
2025-08-04 06:33:00+00:00,55616.1015625,55618.55078125,55611.8984375,55612.75,0
2025-08-04 06:34:00+00:00,55631.1484375,55635.3984375,55616.0,55619.3984375,0
2025-08-04 06:35:00+00:00,55645.19921875,55657.75,55628.69921875,55632.30078125,0
2025-08-04 06:36:00+00:00,55645.80078125,55659.44921875,55639.05078125,55645.8515625,0
2025-08-04 06:37:00+00:00,55631.75,55646.55078125,55628.6015625,55645.75,0
2025-08-04 06:38:00+00:00,55631.6015625,55644.55078125,55626.94921875,55631.25,0
2025-08-04 06:39:00+00:00,55613.6015625,55631.1015625,55613.3515625,55627.44921875,0
2025-08-04 06:40:00+00:00,55643.05078125,55645.6015625,55610.94921875,55617.19921875,0
2025-08-04 06:41:00+00:00,55644.94921875,55657.30078125,55637.55078125,55641.6015625,0
2025-08-04 06:42:00+00:00,55627.75,55644.8984375,55625.80078125,55638.6015625,0
2025-08-04 06:43:00+00:00,55629.44921875,55639.6484375,55614.6015625,55626.1015625,0
2025-08-04 06:44:00+00:00,55635.6484375,55646.75,55625.19921875,55629.94921875,0
2025-08-04 06:45:00+00:00,55638.3984375,55641.30078125,55630.55078125,55637.69921875,0
2025-08-04 06:46:00+00:00,55625.75,55643.1015625,55617.80078125,55638.80078125,0
2025-08-04 06:47:00+00:00,55643.8984375,55647.55078125,55624.30078125,55626.5,0
2025-08-04 06:48:00+00:00,55634.19921875,55647.8984375,55629.44921875,55645.0,0
2025-08-04 06:49:00+00:00,55641.6484375,55646.6015625,55630.75,55634.6015625,0
2025-08-04 06:50:00+00:00,55632.30078125,55641.80078125,55621.19921875,55640.69921875,0
2025-08-04 06:51:00+00:00,55614.05078125,55634.8984375,55608.30078125,55631.1484375,0
2025-08-04 06:52:00+00:00,55612.3515625,55619.1015625,55610.55078125,55615.1484375,0
2025-08-04 06:53:00+00:00,55644.69921875,55644.69921875,55608.3515625,55612.05078125,0
2025-08-04 06:54:00+00:00,55621.25,55651.3515625,55621.25,55645.80078125,0
2025-08-04 06:55:00+00:00,55635.1015625,55642.1484375,55615.8984375,55620.1484375,0
2025-08-04 06:56:00+00:00,55629.3984375,55638.6015625,55622.1015625,55634.3515625,0
2025-08-04 06:57:00+00:00,55638.3984375,55652.05078125,55628.5,55630.69921875,0
2025-08-04 06:58:00+00:00,55650.6015625,55653.3515625,55635.44921875,55637.75,0
2025-08-04 06:59:00+00:00,55658.94921875,55662.55078125,55648.3515625,55651.30078125,0
2025-08-04 07:00:00+00:00,55664.3984375,55665.3984375,55647.3984375,55658.55078125,0
2025-08-04 07:01:00+00:00,55666.25,55673.5,55655.75,55663.1015625,0
2025-08-04 07:02:00+00:00,55665.05078125,55672.3984375,55662.3984375,55666.05078125,0
2025-08-04 07:03:00+00:00,55665.1484375,55673.05078125,55653.80078125,55664.6484375,0
2025-08-04 07:04:00+00:00,55660.8515625,55667.5,55651.69921875,55665.1484375,0
2025-08-04 07:05:00+00:00,55669.6015625,55670.6015625,55654.30078125,55660.1484375,0
2025-08-04 07:06:00+00:00,55693.3984375,55698.5,55669.94921875,55671.0,0
2025-08-04 07:07:00+00:00,55695.44921875,55695.44921875,55681.94921875,55692.3984375,0
2025-08-04 07:08:00+00:00,55689.30078125,55701.8984375,55687.80078125,55695.69921875,0
2025-08-04 07:09:00+00:00,55707.05078125,55721.19921875,55688.0,55689.5,0
2025-08-04 07:10:00+00:00,55706.0,55720.1015625,55695.75,55707.3984375,0
2025-08-04 07:11:00+00:00,55682.8515625,55705.19921875,55671.3984375,55705.19921875,0
2025-08-04 07:12:00+00:00,55664.0,55686.0,55664.0,55681.05078125,0
2025-08-04 07:13:00+00:00,55649.55078125,55663.6015625,55644.80078125,55661.30078125,0
2025-08-04 07:14:00+00:00,55648.69921875,55653.6484375,55640.30078125,55650.69921875,0
2025-08-04 07:15:00+00:00,55661.5,55661.8984375,55647.69921875,55649.1015625,0
2025-08-04 07:16:00+00:00,55614.0,55666.19921875,55612.30078125,55661.69921875,0
2025-08-04 07:17:00+00:00,55629.8515625,55637.0,55609.3515625,55613.5,0
2025-08-04 07:18:00+00:00,55620.19921875,55643.1484375,55620.19921875,55630.6015625,0
2025-08-04 07:19:00+00:00,55630.55078125,55634.1484375,55619.6015625,55621.8984375,0
2025-08-04 07:20:00+00:00,55628.69921875,55640.55078125,55623.05078125,55629.25,0
2025-08-04 07:21:00+00:00,55649.8515625,55655.44921875,55624.25,55629.25,0
2025-08-04 07:22:00+00:00,55642.30078125,55651.75,55635.3515625,55647.75,0
2025-08-04 07:23:00+00:00,55641.6015625,55645.19921875,55634.44921875,55645.19921875,0
2025-08-04 07:24:00+00:00,55614.5,55643.44921875,55610.44921875,55641.3515625,0
2025-08-04 07:25:00+00:00,55612.80078125,55618.3515625,55604.44921875,55614.5,0
2025-08-04 07:26:00+00:00,55623.1484375,55625.8515625,55609.6484375,55613.05078125,0
2025-08-04 07:27:00+00:00,55627.8515625,55630.94921875,55623.80078125,55624.94921875,0
2025-08-04 07:28:00+00:00,55636.05078125,55642.75,55627.8984375,55627.8984375,0
2025-08-04 07:29:00+00:00,55621.6484375,55635.05078125,55619.55078125,55634.44921875,0
2025-08-04 07:30:00+00:00,55635.94921875,55637.3515625,55619.0,55620.5,0
2025-08-04 07:31:00+00:00,55646.3984375,55651.0,55636.75,55637.1484375,0
2025-08-04 07:32:00+00:00,55671.1484375,55674.5,55645.3515625,55646.1484375,0
2025-08-04 07:33:00+00:00,55655.3984375,55672.8984375,55655.19921875,55670.30078125,0
2025-08-04 07:34:00+00:00,55655.05078125,55661.0,55653.0,55655.6484375,0
2025-08-04 07:35:00+00:00,55650.6015625,55664.6484375,55649.0,55654.25,0
2025-08-04 07:36:00+00:00,55655.5,55655.5,55634.44921875,55650.69921875,0
2025-08-04 07:37:00+00:00,55647.80078125,55654.55078125,55643.6015625,55654.19921875,0
2025-08-04 07:38:00+00:00,55647.19921875,55664.25,55643.05078125,55647.6015625,0
2025-08-04 07:39:00+00:00,55650.94921875,55658.1015625,55643.6015625,55646.19921875,0
2025-08-04 07:40:00+00:00,55640.44921875,55654.94921875,55632.69921875,55651.0,0
2025-08-04 07:41:00+00:00,55642.8515625,55644.30078125,55633.69921875,55638.3984375,0
2025-08-04 07:42:00+00:00,55643.75,55647.6015625,55637.8984375,55641.8515625,0
2025-08-04 07:43:00+00:00,55638.8515625,55648.8515625,55638.8515625,55644.19921875,0
2025-08-04 07:44:00+00:00,55631.30078125,55640.1015625,55615.0,55637.1484375,0
2025-08-04 07:45:00+00:00,55629.5,55636.5,55627.6484375,55631.0,0
2025-08-04 07:46:00+00:00,55650.19921875,55651.8984375,55628.80078125,55629.69921875,0
2025-08-04 07:47:00+00:00,55626.1015625,55652.3984375,55624.25,55652.3984375,0
2025-08-04 07:48:00+00:00,55623.44921875,55628.8984375,55617.05078125,55626.1015625,0
2025-08-04 07:49:00+00:00,55619.75,55624.55078125,55612.8984375,55623.75,0
2025-08-04 07:50:00+00:00,55613.30078125,55643.6484375,55611.6484375,55619.44921875,0
2025-08-04 07:51:00+00:00,55606.30078125,55616.69921875,55604.0,55613.30078125,0
2025-08-04 07:52:00+00:00,55617.44921875,55617.75,55605.5,55607.8984375,0
2025-08-04 07:53:00+00:00,55615.30078125,55618.8515625,55609.6015625,55614.94921875,0
2025-08-04 07:54:00+00:00,55601.19921875,55622.55078125,55601.19921875,55613.3984375,0
2025-08-04 07:55:00+00:00,55589.69921875,55605.44921875,55586.30078125,55605.44921875,0
2025-08-04 07:56:00+00:00,55592.30078125,55598.44921875,55586.30078125,55586.55078125,0
2025-08-04 07:57:00+00:00,55567.3515625,55594.6484375,55560.1484375,55592.69921875,0
2025-08-04 07:58:00+00:00,55523.6484375,55568.55078125,55511.8984375,55568.44921875,0
2025-08-04 07:59:00+00:00,55555.1484375,55555.69921875,55525.1015625,55525.30078125,0
2025-08-04 08:00:00+00:00,55575.5,55587.1484375,55551.19921875,55560.19921875,0
2025-08-04 08:01:00+00:00,55566.75,55576.3515625,55563.94921875,55573.5,0
2025-08-04 08:02:00+00:00,55574.75,55580.55078125,55563.19921875,55566.30078125,0
2025-08-04 08:03:00+00:00,55585.8984375,55603.75,55572.8984375,55572.8984375,0
2025-08-04 08:04:00+00:00,55584.19921875,55588.3984375,55581.3984375,55581.3984375,0
2025-08-04 08:05:00+00:00,55577.44921875,55585.1484375,55571.0,55583.6484375,0
2025-08-04 08:06:00+00:00,55570.1484375,55578.69921875,55556.75,55577.94921875,0
2025-08-04 08:07:00+00:00,55577.1484375,55588.19921875,55569.3515625,55570.3515625,0
2025-08-04 08:08:00+00:00,55576.19921875,55584.80078125,55567.19921875,55573.69921875,0
2025-08-04 08:09:00+00:00,55582.30078125,55582.30078125,55571.19921875,55575.0,0
2025-08-04 08:10:00+00:00,55584.8984375,55589.80078125,55579.19921875,55581.80078125,0
2025-08-04 08:11:00+00:00,55573.3515625,55587.1015625,55565.25,55585.80078125,0
2025-08-04 08:12:00+00:00,55594.05078125,55595.8984375,55572.80078125,55573.3515625,0
2025-08-04 08:13:00+00:00,55584.8515625,55593.30078125,55584.8515625,55593.25,0
2025-08-04 08:14:00+00:00,55609.3984375,55609.80078125,55584.80078125,55584.80078125,0
2025-08-04 08:15:00+00:00,55627.55078125,55636.55078125,55605.8515625,55608.69921875,0
2025-08-04 08:16:00+00:00,55674.8984375,55676.1484375,55625.3984375,55627.55078125,0
2025-08-04 08:17:00+00:00,55677.94921875,55682.8515625,55667.1484375,55673.8984375,0
2025-08-04 08:18:00+00:00,55668.3984375,55689.8515625,55662.75,55676.80078125,0
2025-08-04 08:19:00+00:00,55651.8515625,55671.44921875,55648.6484375,55667.94921875,0
2025-08-04 08:20:00+00:00,55649.30078125,55652.75,55645.3515625,55648.8515625,0
2025-08-04 08:21:00+00:00,55637.75,55658.75,55637.75,55649.69921875,0
2025-08-04 08:22:00+00:00,55626.55078125,55648.3515625,55624.25,55638.19921875,0
2025-08-04 08:23:00+00:00,55619.3984375,55638.3515625,55619.3984375,55626.55078125,0
2025-08-04 08:24:00+00:00,55633.1015625,55636.75,55621.6015625,55623.19921875,0
2025-08-04 08:25:00+00:00,55627.8984375,55633.25,55624.25,55630.8984375,0
2025-08-04 08:26:00+00:00,55625.8984375,55628.0,55614.05078125,55627.75,0
2025-08-04 08:27:00+00:00,55623.25,55631.69921875,55615.0,55625.8984375,0
2025-08-04 08:28:00+00:00,55624.44921875,55626.80078125,55616.05078125,55623.05078125,0
2025-08-04 08:29:00+00:00,55615.25,55627.30078125,55611.75,55624.44921875,0
2025-08-04 08:30:00+00:00,55626.05078125,55632.94921875,55609.6015625,55614.8984375,0
2025-08-04 08:31:00+00:00,55633.05078125,55636.05078125,55621.8515625,55624.8515625,0
2025-08-04 08:32:00+00:00,55577.44921875,55636.1015625,55576.44921875,55635.1015625,0
2025-08-04 08:33:00+00:00,55547.75,55576.05078125,55542.19921875,55576.05078125,0
2025-08-04 08:34:00+00:00,55566.5,55591.6015625,55546.8984375,55546.8984375,0
2025-08-04 08:35:00+00:00,55571.80078125,55574.94921875,55560.30078125,55566.30078125,0
2025-08-04 08:36:00+00:00,55587.5,55587.5,55565.69921875,55570.8984375,0
2025-08-04 08:37:00+00:00,55590.94921875,55594.75,55581.19921875,55587.6015625,0
2025-08-04 08:38:00+00:00,55593.69921875,55595.05078125,55586.8984375,55591.25,0
2025-08-04 08:39:00+00:00,55613.5,55615.8515625,55593.8984375,55594.55078125,0
2025-08-04 08:40:00+00:00,55611.55078125,55619.80078125,55600.6484375,55613.94921875,0
2025-08-04 08:41:00+00:00,55591.30078125,55617.0,55587.5,55610.3515625,0
2025-08-04 08:42:00+00:00,55612.1484375,55615.25,55591.5,55591.5,0
2025-08-04 08:43:00+00:00,55609.94921875,55614.5,55595.3984375,55612.75,0
2025-08-04 08:44:00+00:00,55614.80078125,55614.80078125,55602.25,55609.94921875,0
2025-08-04 08:45:00+00:00,55610.55078125,55622.55078125,55607.30078125,55611.19921875,0
2025-08-04 08:46:00+00:00,55603.0,55613.1015625,55598.75,55611.6484375,0
2025-08-04 08:47:00+00:00,55606.80078125,55614.6015625,55598.8984375,55603.44921875,0
2025-08-04 08:48:00+00:00,55603.1484375,55609.8984375,55591.6484375,55606.6015625,0
2025-08-04 08:49:00+00:00,55601.55078125,55607.6484375,55598.6484375,55603.75,0
2025-08-04 08:50:00+00:00,55599.25,55608.19921875,55591.6484375,55601.6015625,0
2025-08-04 08:51:00+00:00,55621.8984375,55622.94921875,55591.1015625,55599.75,0
2025-08-04 08:52:00+00:00,55597.69921875,55621.0,55594.80078125,55621.0,0
2025-08-04 08:53:00+00:00,55594.3515625,55605.94921875,55591.3984375,55598.6484375,0
2025-08-04 08:54:00+00:00,55586.6484375,55600.80078125,55584.3984375,55592.5,0
2025-08-04 08:55:00+00:00,55602.0,55603.0,55583.8984375,55583.8984375,0
2025-08-04 08:56:00+00:00,55589.80078125,55603.0,55584.94921875,55599.30078125,0
2025-08-04 08:57:00+00:00,55587.30078125,55597.8515625,55581.30078125,55589.3984375,0
2025-08-04 08:58:00+00:00,55596.1015625,55602.30078125,55583.80078125,55585.94921875,0
2025-08-04 08:59:00+00:00,55597.44921875,55606.1015625,55591.80078125,55596.55078125,0
2025-08-04 09:00:00+00:00,55592.3984375,55605.80078125,55590.0,55594.8515625,0
2025-08-04 09:01:00+00:00,55621.1015625,55630.3984375,55587.80078125,55593.8515625,0
2025-08-04 09:02:00+00:00,55623.69921875,55634.05078125,55602.8984375,55620.94921875,0
2025-08-04 09:03:00+00:00,55633.94921875,55657.25,55622.1484375,55622.80078125,0
2025-08-04 09:04:00+00:00,55633.6015625,55639.55078125,55624.3515625,55633.19921875,0
2025-08-04 09:05:00+00:00,55603.30078125,55635.3984375,55603.30078125,55634.75,0
2025-08-04 09:06:00+00:00,55612.25,55615.6484375,55586.25,55602.5,0
2025-08-04 09:07:00+00:00,55605.05078125,55614.3515625,55588.75,55612.69921875,0
2025-08-04 09:08:00+00:00,55614.80078125,55624.25,55602.3515625,55604.69921875,0
2025-08-04 09:09:00+00:00,55609.6484375,55619.1015625,55604.5,55613.0,0
2025-08-04 09:10:00+00:00,55600.55078125,55630.6015625,55593.6015625,55607.05078125,0
2025-08-04 09:11:00+00:00,55584.5,55602.19921875,55580.6484375,55598.19921875,0
2025-08-04 09:12:00+00:00,55589.80078125,55592.5,55577.6015625,55585.05078125,0
2025-08-04 09:13:00+00:00,55587.0,55595.8515625,55582.80078125,55586.3515625,0
2025-08-04 09:14:00+00:00,55584.94921875,55592.80078125,55576.6484375,55588.5,0
2025-08-04 09:15:00+00:00,55570.44921875,55584.3515625,55568.80078125,55578.6484375,0
2025-08-04 09:16:00+00:00,55597.75,55600.1015625,55568.69921875,55568.69921875,0
2025-08-04 09:17:00+00:00,55598.0,55609.44921875,55588.3984375,55597.80078125,0
2025-08-04 09:18:00+00:00,55615.25,55618.05078125,55590.25,55599.6015625,0
2025-08-04 09:19:00+00:00,55618.30078125,55621.19921875,55607.94921875,55614.1015625,0
2025-08-04 09:20:00+00:00,55625.69921875,55627.6484375,55614.19921875,55620.8515625,0
2025-08-04 09:21:00+00:00,55639.75,55645.6484375,55621.94921875,55626.0,0
2025-08-04 09:22:00+00:00,55635.8984375,55649.44921875,55632.1484375,55640.30078125,0
2025-08-04 09:23:00+00:00,55629.8515625,55641.75,55628.69921875,55634.69921875,0
2025-08-04 09:24:00+00:00,55630.8515625,55636.94921875,55620.5,55630.19921875,0
2025-08-04 09:25:00+00:00,55629.3984375,55632.8984375,55614.80078125,55632.8984375,0
2025-08-04 09:26:00+00:00,55624.1484375,55637.05078125,55616.80078125,55629.3984375,0
2025-08-04 09:27:00+00:00,55624.1484375,55633.30078125,55619.3984375,55619.75,0
2025-08-04 09:28:00+00:00,55627.0,55636.3515625,55620.44921875,55624.75,0
2025-08-04 09:29:00+00:00,55627.3515625,55634.6484375,55623.05078125,55624.6484375,0
2025-08-04 09:30:00+00:00,55603.1015625,55628.44921875,55579.69921875,55624.8984375,0
2025-08-04 09:31:00+00:00,55610.69921875,55620.1484375,55600.8515625,55604.55078125,0
2025-08-04 09:32:00+00:00,55609.0,55615.3984375,55608.19921875,55611.3515625,0
2025-08-04 09:33:00+00:00,55588.69921875,55607.1484375,55584.8984375,55607.1484375,0
2025-08-04 09:34:00+00:00,55609.30078125,55612.6484375,55586.1015625,55588.75,0
2025-08-04 09:35:00+00:00,55603.8515625,55614.75,55602.80078125,55610.94921875,0
2025-08-04 09:36:00+00:00,55610.6484375,55615.6484375,55604.55078125,55608.0,0
2025-08-04 09:37:00+00:00,55617.8515625,55619.30078125,55610.6015625,55613.44921875,0
2025-08-04 09:38:00+00:00,55618.5,55621.3515625,55616.0,55618.75,0
2025-08-04 09:39:00+00:00,55623.75,55627.44921875,55618.1484375,55620.1015625,0
2025-08-04 09:40:00+00:00,55628.6015625,55630.8515625,55618.6015625,55623.25,0
2025-08-04 09:41:00+00:00,55615.3515625,55631.30078125,55611.6484375,55627.3515625,0
2025-08-04 09:42:00+00:00,55615.80078125,55621.3984375,55615.1015625,55616.0,0
2025-08-04 09:43:00+00:00,55605.75,55618.44921875,55604.3515625,55615.80078125,0
2025-08-04 09:44:00+00:00,55613.6484375,55623.19921875,55602.80078125,55606.6015625,0
2025-08-04 09:45:00+00:00,55620.8515625,55624.5,55612.8984375,55613.3984375,0
2025-08-04 09:46:00+00:00,55618.25,55624.1484375,55613.3515625,55620.75,0
2025-08-04 09:47:00+00:00,55619.30078125,55624.3515625,55615.6484375,55620.8515625,0
2025-08-04 09:48:00+00:00,55617.75,55621.1015625,55612.94921875,55617.55078125,0
2025-08-04 09:49:00+00:00,55626.19921875,55628.0,55615.3984375,55616.6015625,0
2025-08-04 09:50:00+00:00,55639.6015625,55643.8984375,55626.5,55626.55078125,0
2025-08-04 09:51:00+00:00,55638.94921875,55642.05078125,55636.0,55639.05078125,0
2025-08-04 09:52:00+00:00,55641.3515625,55644.30078125,55638.25,55638.80078125,0
2025-08-04 09:53:00+00:00,55642.55078125,55642.55078125,55634.19921875,55639.6015625,0
2025-08-04 09:54:00+00:00,55638.44921875,55648.3515625,55633.8515625,55642.6015625,0
2025-08-04 09:55:00+00:00,55631.25,55639.94921875,55625.1015625,55636.94921875,0
2025-08-04 09:56:00+00:00,55640.3515625,55643.8515625,55630.8984375,55631.1484375,0
2025-08-04 09:57:00+00:00,55643.8515625,55645.1015625,55631.8515625,55637.8515625,0
2025-08-04 09:58:00+00:00,55643.69921875,55649.25,55635.1015625,55641.80078125,0
2025-08-04 09:59:00+00:00,55643.94921875,55656.94921875,55627.55078125,55647.69921875,0
2025-08-05 03:45:00+00:00,55644.55078125,55644.55078125,55545.05078125,55545.05078125,0
2025-08-05 03:46:00+00:00,55538.55078125,55643.19921875,55533.1015625,55643.19921875,0
2025-08-05 03:47:00+00:00,55581.75,55598.05078125,55540.44921875,55546.05078125,0
2025-08-05 03:48:00+00:00,55588.3515625,55593.94921875,55561.6015625,55583.94921875,0
2025-08-05 03:49:00+00:00,55561.5,55591.8515625,55468.55078125,55584.25,0
2025-08-05 03:50:00+00:00,55553.1015625,55579.94921875,55526.69921875,55558.75,0
2025-08-05 03:51:00+00:00,55548.6015625,55556.75,55525.80078125,55542.55078125,0
2025-08-05 03:52:00+00:00,55578.8984375,55585.1484375,55527.69921875,55546.75,0
2025-08-05 03:53:00+00:00,55590.05078125,55605.05078125,55577.6484375,55577.6484375,0
2025-08-05 03:54:00+00:00,55573.55078125,55595.19921875,55561.94921875,55592.05078125,0
2025-08-05 03:55:00+00:00,55545.75,55574.5,55541.0,55574.5,0
2025-08-05 03:56:00+00:00,55553.3515625,55568.0,55544.19921875,55544.44921875,0
2025-08-05 03:57:00+00:00,55549.6015625,55563.0,55526.8515625,55556.75,0
2025-08-05 03:58:00+00:00,55564.94921875,55564.94921875,55523.75,55549.19921875,0
2025-08-05 03:59:00+00:00,55591.6484375,55598.05078125,55554.80078125,55564.05078125,0
2025-08-05 04:00:00+00:00,55576.3515625,55595.69921875,55574.25,55591.8984375,0
2025-08-05 04:01:00+00:00,55538.05078125,55575.44921875,55523.1484375,55575.44921875,0
2025-08-05 04:02:00+00:00,55533.55078125,55545.80078125,55526.5,55539.44921875,0
2025-08-05 04:03:00+00:00,55542.0,55549.3515625,55525.30078125,55535.3984375,0
2025-08-05 04:04:00+00:00,55585.25,55587.3515625,55536.80078125,55548.55078125,0
2025-08-05 04:05:00+00:00,55581.94921875,55588.3984375,55570.6015625,55586.19921875,0
2025-08-05 04:06:00+00:00,55542.25,55581.44921875,55534.0,55580.3515625,0
2025-08-05 04:07:00+00:00,55540.94921875,55547.0,55514.05078125,55539.8515625,0
2025-08-05 04:08:00+00:00,55519.3515625,55546.0,55509.05078125,55541.3984375,0
2025-08-05 04:09:00+00:00,55506.19921875,55518.80078125,55502.1484375,55518.80078125,0
2025-08-05 04:10:00+00:00,55492.6015625,55508.19921875,55488.69921875,55505.80078125,0
2025-08-05 04:11:00+00:00,55500.69921875,55532.1015625,55490.30078125,55494.5,0
2025-08-05 04:12:00+00:00,55504.1015625,55516.69921875,55497.80078125,55503.6484375,0
2025-08-05 04:13:00+00:00,55493.44921875,55519.8515625,55482.1015625,55504.25,0
2025-08-05 04:14:00+00:00,55487.1015625,55500.3984375,55475.6015625,55498.0,0
2025-08-05 04:15:00+00:00,55496.69921875,55500.8515625,55471.0,55486.6015625,0
2025-08-05 04:16:00+00:00,55523.44921875,55533.44921875,55496.30078125,55496.30078125,0
2025-08-05 04:17:00+00:00,55507.1484375,55527.3515625,55504.5,55525.8515625,0
2025-08-05 04:18:00+00:00,55508.44921875,55508.44921875,55480.3984375,55507.30078125,0
2025-08-05 04:19:00+00:00,55494.69921875,55508.44921875,55488.5,55507.05078125,0
2025-08-05 04:20:00+00:00,55490.5,55496.05078125,55481.05078125,55491.6015625,0
2025-08-05 04:21:00+00:00,55505.8984375,55510.8984375,55488.05078125,55488.05078125,0
2025-08-05 04:22:00+00:00,55497.94921875,55510.6015625,55485.05078125,55505.25,0
2025-08-05 04:23:00+00:00,55494.8515625,55501.30078125,55476.0,55498.25,0
2025-08-05 04:24:00+00:00,55477.6015625,55506.3984375,55463.0,55495.0,0
2025-08-05 04:25:00+00:00,55462.1015625,55479.1015625,55459.0,55474.75,0
2025-08-05 04:26:00+00:00,55485.05078125,55492.55078125,55458.1015625,55458.1015625,0
2025-08-05 04:27:00+00:00,55495.69921875,55500.44921875,55477.30078125,55481.94921875,0
2025-08-05 04:28:00+00:00,55448.69921875,55494.3984375,55443.30078125,55494.3984375,0
2025-08-05 04:29:00+00:00,55452.55078125,55468.1015625,55431.80078125,55441.6484375,0
2025-08-05 04:30:00+00:00,55438.44921875,55459.69921875,55438.25,55454.1484375,0
2025-08-05 04:31:00+00:00,55428.5,55457.55078125,55424.75,55437.6015625,0
2025-08-05 04:32:00+00:00,55465.80078125,55465.80078125,55421.1015625,55424.3984375,0
2025-08-05 04:33:00+00:00,55467.44921875,55475.1015625,55460.69921875,55467.19921875,0
2025-08-05 04:34:00+00:00,55459.75,55469.19921875,55450.05078125,55468.8515625,0
2025-08-05 04:35:00+00:00,55445.5,55460.94921875,55440.69921875,55459.25,0
2025-08-05 04:36:00+00:00,55456.30078125,55459.19921875,55435.3515625,55446.6484375,0
2025-08-05 04:37:00+00:00,55460.3515625,55469.19921875,55447.1484375,55455.44921875,0
2025-08-05 04:38:00+00:00,55468.55078125,55479.8984375,55462.5,55462.5,0
2025-08-05 04:39:00+00:00,55505.8984375,55515.1015625,55466.05078125,55468.80078125,0
2025-08-05 04:40:00+00:00,55487.3984375,55510.25,55471.05078125,55503.30078125,0
2025-08-05 04:41:00+00:00,55483.1484375,55486.3515625,55468.8984375,55486.3515625,0
2025-08-05 04:42:00+00:00,55487.69921875,55497.6015625,55481.44921875,55484.5,0
2025-08-05 04:43:00+00:00,55466.8515625,55489.3515625,55462.80078125,55486.44921875,0
2025-08-05 04:44:00+00:00,55481.30078125,55484.55078125,55452.6015625,55466.05078125,0
2025-08-05 04:45:00+00:00,55467.30078125,55480.94921875,55452.8984375,55480.94921875,0
2025-08-05 04:46:00+00:00,55458.3515625,55473.0,55455.8515625,55465.3984375,0
2025-08-05 04:47:00+00:00,55473.6484375,55482.19921875,55451.5,55454.55078125,0
2025-08-05 04:48:00+00:00,55481.44921875,55486.44921875,55469.5,55474.1484375,0
2025-08-05 04:49:00+00:00,55483.3515625,55504.94921875,55394.1484375,55482.0,0
2025-08-05 04:50:00+00:00,55477.55078125,55487.30078125,55464.1484375,55487.30078125,0
2025-08-05 04:51:00+00:00,55485.94921875,55488.8984375,55469.0,55479.94921875,0
2025-08-05 04:52:00+00:00,55481.6015625,55492.3515625,55477.19921875,55487.1484375,0
2025-08-05 04:53:00+00:00,55489.5,55492.6484375,55480.55078125,55480.55078125,0
2025-08-05 04:54:00+00:00,55499.6015625,55506.19921875,55485.3515625,55487.5,0
2025-08-05 04:55:00+00:00,55478.75,55499.94921875,55464.1015625,55498.44921875,0
2025-08-05 04:56:00+00:00,55484.8515625,55484.8515625,55469.75,55480.30078125,0
2025-08-05 04:57:00+00:00,55461.25,55483.25,55455.8515625,55481.3515625,0
2025-08-05 04:58:00+00:00,55461.75,55475.94921875,55442.05078125,55461.05078125,0
2025-08-05 04:59:00+00:00,55450.6015625,55467.8515625,55442.1015625,55462.44921875,0
2025-08-05 05:00:00+00:00,55414.6484375,55454.6015625,55411.6484375,55450.94921875,0
2025-08-05 05:01:00+00:00,55399.94921875,55413.55078125,55383.1015625,55413.3515625,0
2025-08-05 05:02:00+00:00,55397.44921875,55409.05078125,55386.30078125,55403.05078125,0
2025-08-05 05:03:00+00:00,55404.44921875,55412.19921875,55398.25,55400.55078125,0
2025-08-05 05:04:00+00:00,55414.3515625,55418.75,55398.25,55405.75,0
2025-08-05 05:05:00+00:00,55436.6015625,55440.44921875,55399.75,55416.05078125,0
2025-08-05 05:06:00+00:00,55437.25,55444.1015625,55422.1484375,55442.0,0
2025-08-05 05:07:00+00:00,55417.1015625,55440.80078125,55411.8984375,55438.3515625,0
2025-08-05 05:08:00+00:00,55461.25,55468.5,55417.3984375,55420.6015625,0
2025-08-05 05:09:00+00:00,55470.30078125,55479.94921875,55455.3515625,55456.8515625,0
2025-08-05 05:10:00+00:00,55438.3984375,55471.0,55432.8984375,55470.6484375,0
2025-08-05 05:11:00+00:00,55429.8984375,55441.25,55426.0,55441.25,0
2025-08-05 05:12:00+00:00,55407.05078125,55438.5,55391.8515625,55438.5,0
2025-08-05 05:13:00+00:00,55413.44921875,55424.19921875,55402.05078125,55406.6015625,0
2025-08-05 05:14:00+00:00,55436.6015625,55438.6484375,55411.8515625,55414.80078125,0
2025-08-05 05:15:00+00:00,55422.94921875,55437.80078125,55411.1015625,55437.80078125,0
2025-08-05 05:16:00+00:00,55445.94921875,55448.1484375,55427.25,55428.25,0
2025-08-05 05:17:00+00:00,55421.8515625,55449.30078125,55415.69921875,55449.30078125,0
2025-08-05 05:18:00+00:00,55432.69921875,55436.1484375,55418.94921875,55428.44921875,0
2025-08-05 05:19:00+00:00,55436.80078125,55440.5,55425.5,55436.80078125,0
2025-08-05 05:20:00+00:00,55436.0,55448.6015625,55431.6484375,55442.0,0
2025-08-05 05:21:00+00:00,55432.19921875,55438.55078125,55421.69921875,55436.0,0
2025-08-05 05:22:00+00:00,55432.8515625,55440.1484375,55428.55078125,55433.19921875,0
2025-08-05 05:23:00+00:00,55435.0,55445.8515625,55422.1015625,55438.3515625,0
2025-08-05 05:24:00+00:00,55436.94921875,55447.6015625,55431.80078125,55435.8515625,0
2025-08-05 05:25:00+00:00,55424.6484375,55442.19921875,55416.94921875,55437.05078125,0
2025-08-05 05:26:00+00:00,55428.30078125,55431.1484375,55420.1484375,55424.1015625,0
2025-08-05 05:27:00+00:00,55429.30078125,55439.25,55418.30078125,55434.1484375,0
2025-08-05 05:28:00+00:00,55415.8984375,55433.05078125,55409.55078125,55429.80078125,0
2025-08-05 05:29:00+00:00,55426.19921875,55432.8515625,55411.0,55419.1015625,0
2025-08-05 05:30:00+00:00,55420.25,55426.55078125,55411.5,55426.55078125,0
2025-08-05 05:31:00+00:00,55415.94921875,55432.69921875,55411.05078125,55418.3515625,0
2025-08-05 05:32:00+00:00,55431.6484375,55432.80078125,55409.6015625,55417.19921875,0
2025-08-05 05:33:00+00:00,55438.75,55445.19921875,55430.1015625,55432.05078125,0
2025-08-05 05:34:00+00:00,55427.1484375,55437.25,55415.3984375,55436.3515625,0
2025-08-05 05:35:00+00:00,55428.3984375,55428.80078125,55415.6484375,55426.1015625,0
2025-08-05 05:36:00+00:00,55412.8515625,55427.6015625,55409.1484375,55427.6015625,0
2025-08-05 05:37:00+00:00,55404.6015625,55416.6484375,55400.3515625,55413.30078125,0
2025-08-05 05:38:00+00:00,55377.94921875,55405.30078125,55370.19921875,55405.30078125,0
2025-08-05 05:39:00+00:00,55379.3984375,55393.75,55372.25,55376.0,0
2025-08-05 05:40:00+00:00,55405.55078125,55410.19921875,55370.8515625,55379.80078125,0
2025-08-05 05:41:00+00:00,55410.8984375,55415.25,55401.69921875,55413.69921875,0
2025-08-05 05:42:00+00:00,55440.80078125,55440.80078125,55404.8515625,55410.30078125,0
2025-08-05 05:43:00+00:00,55444.1484375,55449.0,55427.44921875,55440.5,0
2025-08-05 05:44:00+00:00,55456.8515625,55462.30078125,55440.5,55443.94921875,0
2025-08-05 05:45:00+00:00,55424.30078125,55460.1484375,55423.6484375,55460.1484375,0
2025-08-05 05:46:00+00:00,55437.05078125,55441.44921875,55416.6484375,55425.6015625,0
2025-08-05 05:47:00+00:00,55423.30078125,55437.05078125,55413.6015625,55437.05078125,0
2025-08-05 05:48:00+00:00,55428.94921875,55431.6015625,55419.3984375,55424.8515625,0
2025-08-05 05:49:00+00:00,55456.1484375,55457.1015625,55422.3515625,55430.1015625,0
2025-08-05 05:50:00+00:00,55446.8515625,55458.30078125,55437.8515625,55449.8515625,0
2025-08-05 05:51:00+00:00,55439.94921875,55456.69921875,55439.94921875,55446.3984375,0
2025-08-05 05:52:00+00:00,55442.30078125,55448.8515625,55429.19921875,55440.5,0
2025-08-05 05:53:00+00:00,55442.8515625,55446.44921875,55432.1484375,55439.8984375,0
2025-08-05 05:54:00+00:00,55464.1484375,55464.30078125,55439.55078125,55444.8515625,0
2025-08-05 05:55:00+00:00,55461.69921875,55476.0,55460.30078125,55466.8515625,0
2025-08-05 05:56:00+00:00,55449.94921875,55465.69921875,55441.94921875,55465.69921875,0
2025-08-05 05:57:00+00:00,55452.3515625,55458.6015625,55444.25,55453.25,0
2025-08-05 05:58:00+00:00,55457.80078125,55466.44921875,55448.44921875,55452.3515625,0
2025-08-05 05:59:00+00:00,55454.05078125,55463.30078125,55443.0,55463.30078125,0
2025-08-05 06:00:00+00:00,55437.1015625,55457.8515625,55436.30078125,55457.8515625,0
2025-08-05 06:01:00+00:00,55430.55078125,55441.6484375,55421.6484375,55438.8984375,0
2025-08-05 06:02:00+00:00,55432.94921875,55447.44921875,55429.6015625,55431.6015625,0
2025-08-05 06:03:00+00:00,55417.3515625,55438.25,55417.0,55436.94921875,0
2025-08-05 06:04:00+00:00,55412.6484375,55426.75,55409.05078125,55422.30078125,0
2025-08-05 06:05:00+00:00,55429.19921875,55434.55078125,55411.1015625,55411.1015625,0
2025-08-05 06:06:00+00:00,55437.05078125,55443.8984375,55423.6484375,55431.8515625,0
2025-08-05 06:07:00+00:00,55445.6015625,55447.80078125,55421.5,55438.5,0
2025-08-05 06:08:00+00:00,55440.6015625,55450.69921875,55434.80078125,55442.3984375,0
2025-08-05 06:09:00+00:00,55432.5,55443.6015625,55424.5,55438.1484375,0
2025-08-05 06:10:00+00:00,55443.94921875,55446.8984375,55432.0,55432.55078125,0
2025-08-05 06:11:00+00:00,55451.5,55458.5,55442.25,55447.44921875,0
2025-08-05 06:12:00+00:00,55458.69921875,55464.80078125,55447.1484375,55452.8515625,0
2025-08-05 06:13:00+00:00,55453.05078125,55463.0,55438.94921875,55463.0,0
2025-08-05 06:14:00+00:00,55463.80078125,55467.05078125,55444.0,55453.05078125,0
2025-08-05 06:15:00+00:00,55447.5,55467.6015625,55447.1015625,55465.25,0
2025-08-05 06:16:00+00:00,55456.6484375,55464.25,55432.75,55446.75,0
2025-08-05 06:17:00+00:00,55459.19921875,55463.3984375,55446.6015625,55462.8984375,0
2025-08-05 06:18:00+00:00,55450.0,55461.55078125,55442.8515625,55455.1484375,0
2025-08-05 06:19:00+00:00,55452.3515625,55457.44921875,55445.75,55457.44921875,0
2025-08-05 06:20:00+00:00,55451.80078125,55456.55078125,55446.0,55452.75,0
2025-08-05 06:21:00+00:00,55451.30078125,55457.19921875,55436.75,55456.75,0
2025-08-05 06:22:00+00:00,55439.94921875,55459.05078125,55429.44921875,55456.19921875,0
2025-08-05 06:23:00+00:00,55429.19921875,55441.3984375,55424.1015625,55439.3515625,0
2025-08-05 06:24:00+00:00,55435.5,55449.8515625,55428.3515625,55429.55078125,0
2025-08-05 06:25:00+00:00,55431.55078125,55442.3984375,55420.55078125,55435.69921875,0
2025-08-05 06:26:00+00:00,55439.25,55439.25,55423.80078125,55432.1015625,0
2025-08-05 06:27:00+00:00,55429.8984375,55440.1015625,55409.8984375,55440.1015625,0
2025-08-05 06:28:00+00:00,55422.6484375,55432.8984375,55414.19921875,55424.94921875,0
2025-08-05 06:29:00+00:00,55421.1015625,55431.3515625,55416.30078125,55422.19921875,0
2025-08-05 06:30:00+00:00,55426.25,55435.69921875,55421.0,55421.05078125,0
2025-08-05 06:31:00+00:00,55422.6484375,55436.94921875,55422.6484375,55429.19921875,0
2025-08-05 06:32:00+00:00,55438.8515625,55442.05078125,55420.6015625,55425.3984375,0
2025-08-05 06:33:00+00:00,55431.6484375,55447.44921875,55427.80078125,55447.44921875,0
2025-08-05 06:34:00+00:00,55433.44921875,55438.19921875,55427.25,55435.94921875,0
2025-08-05 06:35:00+00:00,55436.6484375,55438.19921875,55419.5,55434.25,0
2025-08-05 06:36:00+00:00,55445.80078125,55445.80078125,55430.8515625,55433.05078125,0
2025-08-05 06:37:00+00:00,55435.25,55447.0,55428.55078125,55439.8515625,0
2025-08-05 06:38:00+00:00,55437.5,55438.94921875,55425.8984375,55435.19921875,0
2025-08-05 06:39:00+00:00,55434.0,55438.6015625,55424.80078125,55436.8515625,0
2025-08-05 06:40:00+00:00,55459.6015625,55459.6015625,55432.5,55437.55078125,0
2025-08-05 06:41:00+00:00,55494.94921875,55499.3984375,55461.3515625,55464.1015625,0
2025-08-05 06:42:00+00:00,55505.1015625,55520.30078125,55494.05078125,55500.0,0
2025-08-05 06:43:00+00:00,55495.69921875,55507.75,55491.94921875,55507.75,0
2025-08-05 06:44:00+00:00,55492.55078125,55499.6484375,55489.6015625,55495.44921875,0
2025-08-05 06:45:00+00:00,55487.19921875,55496.05078125,55481.3515625,55496.05078125,0
2025-08-05 06:46:00+00:00,55486.1484375,55497.19921875,55484.0,55491.25,0
2025-08-05 06:47:00+00:00,55486.80078125,55492.1015625,55481.75,55488.94921875,0
2025-08-05 06:48:00+00:00,55483.19921875,55491.0,55479.3515625,55486.8515625,0
2025-08-05 06:49:00+00:00,55506.8984375,55518.94921875,55483.55078125,55485.5,0
2025-08-05 06:50:00+00:00,55494.0,55510.55078125,55487.3984375,55506.8984375,0
2025-08-05 06:51:00+00:00,55506.75,55509.6484375,55476.8984375,55498.05078125,0
2025-08-05 06:52:00+00:00,55505.94921875,55509.55078125,55497.0,55508.3515625,0
2025-08-05 06:53:00+00:00,55494.6484375,55507.8984375,55483.6484375,55507.8984375,0
2025-08-05 06:54:00+00:00,55502.30078125,55504.1484375,55494.19921875,55500.30078125,0
2025-08-05 06:55:00+00:00,55488.19921875,55505.1015625,55483.0,55504.5,0
2025-08-05 06:56:00+00:00,55489.3515625,55496.19921875,55472.30078125,55494.25,0
2025-08-05 06:57:00+00:00,55497.80078125,55505.8515625,55484.3984375,55496.75,0
2025-08-05 06:58:00+00:00,55489.3515625,55504.05078125,55481.8515625,55500.19921875,0
2025-08-05 06:59:00+00:00,55492.25,55496.05078125,55479.6015625,55491.94921875,0
2025-08-05 07:00:00+00:00,55482.6484375,55496.3984375,55481.5,55495.25,0
2025-08-05 07:01:00+00:00,55472.5,55496.25,55472.5,55489.69921875,0
2025-08-05 07:02:00+00:00,55457.8984375,55477.19921875,55453.1015625,55477.19921875,0
2025-08-05 07:03:00+00:00,55453.69921875,55463.69921875,55431.80078125,55463.69921875,0
2025-08-05 07:04:00+00:00,55464.44921875,55481.05078125,55452.0,55454.19921875,0
2025-08-05 07:05:00+00:00,55466.44921875,55481.94921875,55463.8984375,55469.1484375,0
2025-08-05 07:06:00+00:00,55465.3984375,55470.30078125,55449.75,55466.5,0
2025-08-05 07:07:00+00:00,55455.8515625,55481.1015625,55449.8984375,55472.94921875,0
2025-08-05 07:08:00+00:00,55466.94921875,55481.3984375,55456.25,55457.8515625,0
2025-08-05 07:09:00+00:00,55466.25,55475.05078125,55458.44921875,55472.1484375,0
2025-08-05 07:10:00+00:00,55455.25,55476.19921875,55455.25,55473.0,0
2025-08-05 07:11:00+00:00,55444.3515625,55463.6015625,55441.0,55457.30078125,0
2025-08-05 07:12:00+00:00,55446.0,55459.80078125,55442.3984375,55447.0,0
2025-08-05 07:13:00+00:00,55453.8515625,55463.69921875,55435.80078125,55449.8515625,0
2025-08-05 07:14:00+00:00,55448.3515625,55463.3984375,55446.1015625,55459.5,0
2025-08-05 07:15:00+00:00,55438.25,55453.69921875,55432.8984375,55453.69921875,0
2025-08-05 07:16:00+00:00,55447.44921875,55454.6015625,55438.05078125,55442.8515625,0
2025-08-05 07:17:00+00:00,55440.1484375,55452.0,55432.94921875,55449.1015625,0
2025-08-05 07:18:00+00:00,55439.05078125,55448.05078125,55433.55078125,55442.6015625,0
2025-08-05 07:19:00+00:00,55432.55078125,55446.8984375,55422.75,55446.8984375,0
2025-08-05 07:20:00+00:00,55418.19921875,55434.8984375,55412.1484375,55433.6015625,0
2025-08-05 07:21:00+00:00,55417.44921875,55427.6484375,55414.75,55419.69921875,0
2025-08-05 07:22:00+00:00,55413.05078125,55421.5,55405.1484375,55417.44921875,0
2025-08-05 07:23:00+00:00,55411.44921875,55416.6015625,55406.30078125,55414.75,0
2025-08-05 07:24:00+00:00,55414.8515625,55423.94921875,55407.6015625,55414.19921875,0
2025-08-05 07:25:00+00:00,55424.6015625,55428.5,55403.3984375,55416.94921875,0
2025-08-05 07:26:00+00:00,55423.5,55430.5,55419.30078125,55426.25,0
2025-08-05 07:27:00+00:00,55425.3515625,55438.05078125,55423.69921875,55425.94921875,0
2025-08-05 07:28:00+00:00,55426.3515625,55432.0,55418.3984375,55423.30078125,0
2025-08-05 07:29:00+00:00,55421.75,55433.8515625,55417.75,55429.6015625,0
2025-08-05 07:30:00+00:00,55428.6015625,55443.8515625,55420.8984375,55420.8984375,0
2025-08-05 07:31:00+00:00,55403.05078125,55430.80078125,55403.05078125,55430.80078125,0
2025-08-05 07:32:00+00:00,55407.6015625,55419.80078125,55394.80078125,55405.3515625,0
2025-08-05 07:33:00+00:00,55398.1484375,55410.69921875,55393.1484375,55410.69921875,0
2025-08-05 07:34:00+00:00,55402.1484375,55402.8515625,55383.25,55394.8984375,0
2025-08-05 07:35:00+00:00,55401.0,55402.30078125,55389.05078125,55402.25,0
2025-08-05 07:36:00+00:00,55396.1484375,55407.8515625,55389.0,55400.5,0
2025-08-05 07:37:00+00:00,55394.0,55407.6015625,55387.6015625,55394.0,0
2025-08-05 07:38:00+00:00,55401.3515625,55403.30078125,55386.19921875,55393.0,0
2025-08-05 07:39:00+00:00,55399.1484375,55402.55078125,55384.6015625,55399.55078125,0
2025-08-05 07:40:00+00:00,55402.69921875,55405.1484375,55392.30078125,55400.30078125,0
2025-08-05 07:41:00+00:00,55388.19921875,55412.75,55381.8515625,55402.75,0
2025-08-05 07:42:00+00:00,55398.5,55398.5,55374.1015625,55385.80078125,0
2025-08-05 07:43:00+00:00,55388.1484375,55397.55078125,55376.55078125,55397.55078125,0
2025-08-05 07:44:00+00:00,55394.3515625,55394.3515625,55374.94921875,55385.30078125,0
2025-08-05 07:45:00+00:00,55388.0,55396.1484375,55376.8515625,55391.80078125,0
2025-08-05 07:46:00+00:00,55370.05078125,55387.6015625,55367.19921875,55387.6015625,0
2025-08-05 07:47:00+00:00,55356.0,55371.0,55346.75,55370.6015625,0
2025-08-05 07:48:00+00:00,55360.6015625,55377.75,55346.6015625,55355.1015625,0
2025-08-05 07:49:00+00:00,55352.6015625,55362.30078125,55345.44921875,55360.80078125,0
2025-08-05 07:50:00+00:00,55337.80078125,55356.25,55333.80078125,55354.19921875,0
2025-08-05 07:51:00+00:00,55323.19921875,55337.75,55309.6015625,55335.8984375,0
2025-08-05 07:52:00+00:00,55324.8984375,55328.75,55313.80078125,55323.1015625,0
2025-08-05 07:53:00+00:00,55300.80078125,55324.8984375,55292.94921875,55324.8984375,0
2025-08-05 07:54:00+00:00,55303.55078125,55303.55078125,55286.80078125,55300.6015625,0
2025-08-05 07:55:00+00:00,55301.75,55302.80078125,55286.80078125,55301.69921875,0
2025-08-05 07:56:00+00:00,55319.0,55322.3984375,55294.6015625,55301.25,0
2025-08-05 07:57:00+00:00,55313.6484375,55319.8984375,55308.55078125,55319.75,0
2025-08-05 07:58:00+00:00,55309.80078125,55314.0,55294.19921875,55311.05078125,0
2025-08-05 07:59:00+00:00,55304.6484375,55311.19921875,55295.5,55306.25,0
2025-08-05 08:00:00+00:00,55291.55078125,55304.25,55287.69921875,55302.8515625,0
2025-08-05 08:01:00+00:00,55294.05078125,55297.55078125,55274.25,55290.1015625,0
2025-08-05 08:02:00+00:00,55286.80078125,55296.94921875,55279.75,55294.05078125,0
2025-08-05 08:03:00+00:00,55294.94921875,55294.94921875,55280.0,55280.0,0
2025-08-05 08:04:00+00:00,55304.80078125,55308.94921875,55283.8984375,55294.8984375,0
2025-08-05 08:05:00+00:00,55301.94921875,55307.55078125,55287.6484375,55306.19921875,0
2025-08-05 08:06:00+00:00,55308.6484375,55308.6484375,55287.6484375,55303.1484375,0
2025-08-05 08:07:00+00:00,55296.3515625,55310.8984375,55285.8515625,55310.69921875,0
2025-08-05 08:08:00+00:00,55293.3984375,55302.94921875,55283.69921875,55299.94921875,0
2025-08-05 08:09:00+00:00,55278.3984375,55293.80078125,55278.05078125,55293.80078125,0
2025-08-05 08:10:00+00:00,55276.3984375,55283.94921875,55267.0,55281.6484375,0
2025-08-05 08:11:00+00:00,55263.8984375,55284.55078125,55261.19921875,55277.0,0
2025-08-05 08:12:00+00:00,55276.30078125,55278.1015625,55261.8515625,55265.8984375,0
2025-08-05 08:13:00+00:00,55243.94921875,55278.94921875,55243.94921875,55278.94921875,0
2025-08-05 08:14:00+00:00,55251.1484375,55260.8515625,55227.8984375,55244.25,0
2025-08-05 08:15:00+00:00,55248.80078125,55259.6015625,55241.6484375,55255.25,0
2025-08-05 08:16:00+00:00,55272.05078125,55276.0,55248.30078125,55250.69921875,0
2025-08-05 08:17:00+00:00,55265.1484375,55275.94921875,55254.1484375,55272.3984375,0
2025-08-05 08:18:00+00:00,55270.80078125,55277.1484375,55262.25,55266.3984375,0
2025-08-05 08:19:00+00:00,55271.3515625,55278.19921875,55264.19921875,55274.44921875,0
2025-08-05 08:20:00+00:00,55276.55078125,55277.6484375,55266.8984375,55274.75,0
2025-08-05 08:21:00+00:00,55280.8984375,55284.5,55271.30078125,55280.30078125,0
2025-08-05 08:22:00+00:00,55293.1484375,55295.25,55281.94921875,55282.25,0
2025-08-05 08:23:00+00:00,55295.6015625,55300.1484375,55290.8515625,55297.8515625,0
2025-08-05 08:24:00+00:00,55282.30078125,55299.19921875,55281.75,55299.19921875,0
2025-08-05 08:25:00+00:00,55276.05078125,55292.1484375,55265.6015625,55287.30078125,0
2025-08-05 08:26:00+00:00,55260.6484375,55278.05078125,55259.1484375,55278.05078125,0
2025-08-05 08:27:00+00:00,55271.80078125,55275.3515625,55254.3515625,55261.75,0
2025-08-05 08:28:00+00:00,55278.55078125,55287.1484375,55265.05078125,55271.75,0
2025-08-05 08:29:00+00:00,55269.8515625,55283.1484375,55266.30078125,55279.1015625,0
2025-08-05 08:30:00+00:00,55260.5,55290.1015625,55260.5,55270.75,0
2025-08-05 08:31:00+00:00,55261.25,55264.55078125,55249.69921875,55258.80078125,0
2025-08-05 08:32:00+00:00,55238.8984375,55265.1484375,55237.8515625,55265.0,0
2025-08-05 08:33:00+00:00,55236.05078125,55251.80078125,55235.3515625,55243.8515625,0
2025-08-05 08:34:00+00:00,55253.44921875,55257.75,55235.6484375,55237.3984375,0
2025-08-05 08:35:00+00:00,55244.25,55254.8515625,55232.30078125,55254.8515625,0
2025-08-05 08:36:00+00:00,55225.1484375,55245.19921875,55222.30078125,55244.6484375,0
2025-08-05 08:37:00+00:00,55219.30078125,55237.1015625,55217.80078125,55227.55078125,0
2025-08-05 08:38:00+00:00,55214.5,55223.05078125,55203.05078125,55219.80078125,0
2025-08-05 08:39:00+00:00,55232.8515625,55242.55078125,55208.25,55213.44921875,0
2025-08-05 08:40:00+00:00,55228.1015625,55241.25,55225.19921875,55232.30078125,0
2025-08-05 08:41:00+00:00,55237.55078125,55242.8984375,55220.3984375,55228.6015625,0
2025-08-05 08:42:00+00:00,55244.30078125,55253.6484375,55234.94921875,55243.5,0
2025-08-05 08:43:00+00:00,55258.3984375,55266.94921875,55235.94921875,55247.80078125,0
2025-08-05 08:44:00+00:00,55250.3515625,55260.19921875,55237.69921875,55258.3515625,0
2025-08-05 08:45:00+00:00,55237.05078125,55252.1015625,55219.25,55249.80078125,0
2025-08-05 08:46:00+00:00,55245.69921875,55252.1015625,55229.1484375,55234.1484375,0
2025-08-05 08:47:00+00:00,55266.69921875,55268.6484375,55231.75,55249.6484375,0
2025-08-05 08:48:00+00:00,55257.44921875,55274.94921875,55248.3515625,55271.5,0
2025-08-05 08:49:00+00:00,55253.69921875,55270.44921875,55251.30078125,55254.19921875,0
2025-08-05 08:50:00+00:00,55253.1484375,55266.3984375,55242.05078125,55261.25,0
2025-08-05 08:51:00+00:00,55229.75,55254.44921875,55223.8984375,55251.1484375,0
2025-08-05 08:52:00+00:00,55242.30078125,55253.80078125,55226.3984375,55237.1015625,0
2025-08-05 08:53:00+00:00,55241.3515625,55241.55078125,55226.8515625,55241.3515625,0
2025-08-05 08:54:00+00:00,55227.6484375,55243.30078125,55225.1484375,55240.3984375,0
2025-08-05 08:55:00+00:00,55231.19921875,55240.3984375,55222.55078125,55233.0,0
2025-08-05 08:56:00+00:00,55233.5,55240.1015625,55219.6484375,55232.1484375,0
2025-08-05 08:57:00+00:00,55230.69921875,55238.6015625,55219.8984375,55226.1015625,0
2025-08-05 08:58:00+00:00,55253.8984375,55260.25,55230.1015625,55230.1015625,0
2025-08-05 08:59:00+00:00,55279.75,55279.75,55251.25,55254.30078125,0
2025-08-05 09:00:00+00:00,55294.0,55296.6484375,55264.69921875,55276.25,0
2025-08-05 09:01:00+00:00,55319.6015625,55322.94921875,55290.8515625,55294.0,0
2025-08-05 09:02:00+00:00,55305.6484375,55321.6015625,55289.69921875,55319.94921875,0
2025-08-05 09:03:00+00:00,55257.0,55306.30078125,55241.8984375,55305.0,0
2025-08-05 09:04:00+00:00,55294.1015625,55294.1015625,55256.8984375,55260.3984375,0
2025-08-05 09:05:00+00:00,55286.6484375,55292.3984375,55275.19921875,55289.5,0
2025-08-05 09:06:00+00:00,55292.3984375,55294.94921875,55275.19921875,55288.19921875,0
2025-08-05 09:07:00+00:00,55304.1484375,55305.3984375,55284.25,55292.5,0
2025-08-05 09:08:00+00:00,55316.80078125,55316.80078125,55292.1484375,55302.1015625,0
2025-08-05 09:09:00+00:00,55321.0,55326.8984375,55306.8984375,55314.3515625,0
2025-08-05 09:10:00+00:00,55322.3984375,55328.69921875,55303.80078125,55319.30078125,0
2025-08-05 09:11:00+00:00,55306.30078125,55329.75,55295.8515625,55318.3984375,0
2025-08-05 09:12:00+00:00,55312.25,55323.3515625,55299.69921875,55306.30078125,0
2025-08-05 09:13:00+00:00,55316.19921875,55320.80078125,55300.6015625,55309.30078125,0
2025-08-05 09:14:00+00:00,55311.44921875,55313.8984375,55296.75,55309.1484375,0
2025-08-05 09:15:00+00:00,55310.1015625,55319.19921875,55297.3984375,55313.3984375,0
2025-08-05 09:16:00+00:00,55315.94921875,55315.94921875,55297.69921875,55299.69921875,0
2025-08-05 09:17:00+00:00,55297.69921875,55315.8515625,55283.6015625,55315.75,0
2025-08-05 09:18:00+00:00,55261.8515625,55296.6015625,55243.3515625,55296.6015625,0
2025-08-05 09:19:00+00:00,55289.3984375,55293.75,55264.6484375,55265.44921875,0
2025-08-05 09:20:00+00:00,55277.3515625,55290.3984375,55267.30078125,55289.8984375,0
2025-08-05 09:21:00+00:00,55269.25,55280.1484375,55253.69921875,55276.5,0
2025-08-05 09:22:00+00:00,55266.55078125,55275.80078125,55259.30078125,55262.80078125,0
2025-08-05 09:23:00+00:00,55283.55078125,55283.55078125,55256.19921875,55269.30078125,0
2025-08-05 09:24:00+00:00,55274.8515625,55283.94921875,55254.69921875,55282.75,0
2025-08-05 09:25:00+00:00,55272.3515625,55279.75,55249.19921875,55267.1015625,0
2025-08-05 09:26:00+00:00,55288.8515625,55288.8515625,55260.30078125,55268.5,0
2025-08-05 09:27:00+00:00,55289.19921875,55294.3515625,55270.5,55284.05078125,0
2025-08-05 09:28:00+00:00,55296.30078125,55296.30078125,55269.6484375,55291.30078125,0
2025-08-05 09:29:00+00:00,55297.94921875,55297.94921875,55278.8515625,55294.1484375,0
2025-08-05 09:30:00+00:00,55289.0,55317.6015625,55278.19921875,55299.5,0
2025-08-05 09:31:00+00:00,55299.05078125,55299.05078125,55283.55078125,55295.1484375,0
2025-08-05 09:32:00+00:00,55312.1015625,55318.8515625,55295.94921875,55298.6484375,0
2025-08-05 09:33:00+00:00,55307.05078125,55315.05078125,55305.05078125,55311.8515625,0
2025-08-05 09:34:00+00:00,55326.3984375,55332.1015625,55307.05078125,55313.5,0
2025-08-05 09:35:00+00:00,55323.3984375,55333.75,55323.3984375,55328.1484375,0
2025-08-05 09:36:00+00:00,55356.1015625,55357.5,55319.30078125,55324.6015625,0
2025-08-05 09:37:00+00:00,55347.1015625,55361.6484375,55338.30078125,55358.1484375,0
2025-08-05 09:38:00+00:00,55341.8984375,55354.19921875,55334.69921875,55345.75,0
2025-08-05 09:39:00+00:00,55391.5,55398.25,55345.55078125,55346.8984375,0
2025-08-05 09:40:00+00:00,55368.1015625,55391.1015625,55363.6484375,55391.1015625,0
2025-08-05 09:41:00+00:00,55361.8984375,55381.3515625,55361.8984375,55368.25,0
2025-08-05 09:42:00+00:00,55370.3515625,55372.19921875,55343.80078125,55362.1015625,0
2025-08-05 09:43:00+00:00,55380.8984375,55385.19921875,55367.6015625,55367.6015625,0
2025-08-05 09:44:00+00:00,55398.8984375,55403.80078125,55377.69921875,55377.69921875,0
2025-08-05 09:45:00+00:00,55350.30078125,55401.1484375,55346.30078125,55399.55078125,0
2025-08-05 09:46:00+00:00,55356.80078125,55357.05078125,55332.3984375,55354.3984375,0
2025-08-05 09:47:00+00:00,55373.8984375,55380.55078125,55353.55078125,55354.25,0
2025-08-05 09:48:00+00:00,55378.69921875,55387.6484375,55370.6015625,55378.6015625,0
2025-08-05 09:49:00+00:00,55379.05078125,55380.25,55357.3984375,55378.8515625,0
2025-08-05 09:50:00+00:00,55398.80078125,55401.6484375,55374.0,55377.5,0
2025-08-05 09:51:00+00:00,55363.19921875,55397.30078125,55354.75,55395.8984375,0
2025-08-05 09:52:00+00:00,55386.6484375,55388.44921875,55360.8515625,55361.25,0
2025-08-05 09:53:00+00:00,55380.3515625,55388.55078125,55374.94921875,55386.55078125,0
2025-08-05 09:54:00+00:00,55357.8515625,55386.75,55354.3515625,55384.3984375,0
2025-08-05 09:55:00+00:00,55369.44921875,55369.6484375,55343.1015625,55368.55078125,0
2025-08-05 09:56:00+00:00,55369.94921875,55372.8984375,55349.8515625,55371.05078125,0
2025-08-05 09:57:00+00:00,55389.19921875,55389.19921875,55368.44921875,55370.05078125,0
2025-08-05 09:58:00+00:00,55390.3984375,55410.3984375,55376.1484375,55388.3515625,0
2025-08-05 09:59:00+00:00,55392.5,55410.44921875,55384.8515625,55385.19921875,0
2025-08-06 03:45:00+00:00,55321.8984375,55402.1015625,55319.69921875,55322.0,0
2025-08-06 03:46:00+00:00,55342.6484375,55351.6484375,55307.19921875,55323.44921875,0
2025-08-06 03:47:00+00:00,55364.1484375,55371.05078125,55343.94921875,55343.94921875,0
2025-08-06 03:48:00+00:00,55380.30078125,55405.94921875,55367.75,55367.75,0
2025-08-06 03:49:00+00:00,55394.19921875,55409.19921875,55374.3984375,55374.3984375,0
2025-08-06 03:50:00+00:00,55384.94921875,55394.30078125,55368.5,55392.6484375,0
2025-08-06 03:51:00+00:00,55385.75,55397.05078125,55375.3515625,55386.8984375,0
2025-08-06 03:52:00+00:00,55401.25,55406.25,55386.75,55386.75,0
2025-08-06 03:53:00+00:00,55429.1015625,55438.6484375,55401.19921875,55406.6015625,0
2025-08-06 03:54:00+00:00,55435.3515625,55439.5,55414.80078125,55423.05078125,0
2025-08-06 03:55:00+00:00,55437.19921875,55440.1015625,55417.8984375,55433.05078125,0
2025-08-06 03:56:00+00:00,55452.5,55457.3984375,55434.05078125,55438.1484375,0
2025-08-06 03:57:00+00:00,55446.1484375,55458.30078125,55416.1484375,55450.75,0
2025-08-06 03:58:00+00:00,55448.6015625,55464.1015625,55438.0,55445.0,0
2025-08-06 03:59:00+00:00,55454.1484375,55484.25,55444.55078125,55448.0,0
2025-08-06 04:00:00+00:00,55455.8984375,55479.6015625,55453.6484375,55457.05078125,0
2025-08-06 04:01:00+00:00,55452.19921875,55478.30078125,55439.3515625,55453.8515625,0
2025-08-06 04:02:00+00:00,55430.05078125,55446.30078125,55424.44921875,55446.30078125,0
2025-08-06 04:03:00+00:00,55434.80078125,55439.44921875,55422.69921875,55425.0,0
2025-08-06 04:04:00+00:00,55442.44921875,55447.8515625,55430.94921875,55437.44921875,0
2025-08-06 04:05:00+00:00,55430.55078125,55445.05078125,55422.44921875,55440.80078125,0
2025-08-06 04:06:00+00:00,55434.69921875,55437.75,55420.0,55430.94921875,0
2025-08-06 04:07:00+00:00,55412.80078125,55447.75,55411.44921875,55433.05078125,0
2025-08-06 04:08:00+00:00,55413.19921875,55413.6015625,55389.8984375,55411.75,0
2025-08-06 04:09:00+00:00,55431.3515625,55437.3984375,55413.6484375,55413.6484375,0
2025-08-06 04:10:00+00:00,55422.19921875,55431.1015625,55416.8515625,55431.1015625,0
2025-08-06 04:11:00+00:00,55423.3984375,55428.8515625,55409.6484375,55424.25,0
2025-08-06 04:12:00+00:00,55426.25,55431.30078125,55421.30078125,55423.6484375,0
2025-08-06 04:13:00+00:00,55417.6484375,55433.6015625,55417.25,55426.25,0
2025-08-06 04:14:00+00:00,55410.25,55418.1015625,55408.6015625,55418.1015625,0
2025-08-06 04:15:00+00:00,55420.25,55427.3515625,55407.0,55408.44921875,0
2025-08-06 04:16:00+00:00,55394.1484375,55422.80078125,55393.3515625,55415.94921875,0
2025-08-06 04:17:00+00:00,55385.8515625,55398.30078125,55383.80078125,55394.94921875,0
2025-08-06 04:18:00+00:00,55385.3984375,55388.3515625,55367.6015625,55385.5,0
2025-08-06 04:19:00+00:00,55380.05078125,55389.44921875,55375.44921875,55384.80078125,0
2025-08-06 04:20:00+00:00,55371.94921875,55383.25,55365.25,55381.3515625,0
2025-08-06 04:21:00+00:00,55366.75,55374.8984375,55355.1484375,55369.5,0
2025-08-06 04:22:00+00:00,55429.25,55433.80078125,55361.19921875,55366.5,0
2025-08-06 04:23:00+00:00,55420.8515625,55435.05078125,55414.3984375,55423.6015625,0
2025-08-06 04:24:00+00:00,55399.80078125,55421.75,55393.80078125,55421.75,0
2025-08-06 04:25:00+00:00,55393.44921875,55404.75,55383.8984375,55400.75,0
2025-08-06 04:26:00+00:00,55399.8984375,55401.0,55378.94921875,55392.5,0
2025-08-06 04:27:00+00:00,55432.1015625,55434.6015625,55397.8515625,55400.3515625,0
2025-08-06 04:28:00+00:00,55410.05078125,55432.75,55410.05078125,55432.25,0
2025-08-06 04:29:00+00:00,55425.3984375,55429.0,55409.30078125,55410.25,0
2025-08-06 04:30:00+00:00,55447.19921875,55447.19921875,55425.0,55425.75,0
2025-08-06 04:31:00+00:00,55479.94921875,55506.80078125,55444.44921875,55445.1484375,0
2025-08-06 04:32:00+00:00,55454.1484375,55480.6015625,55440.0,55479.30078125,0
2025-08-06 04:33:00+00:00,55345.1015625,55458.55078125,55331.3984375,55450.75,0
2025-08-06 04:34:00+00:00,55344.1015625,55344.1015625,55277.44921875,55343.3515625,0
2025-08-06 04:35:00+00:00,55343.5,55349.6484375,55319.80078125,55343.55078125,0
2025-08-06 04:36:00+00:00,55337.1484375,55371.44921875,55330.3515625,55344.05078125,0
2025-08-06 04:37:00+00:00,55347.5,55347.6484375,55326.5,55336.69921875,0
2025-08-06 04:38:00+00:00,55351.6015625,55363.80078125,55346.6484375,55346.6484375,0
2025-08-06 04:39:00+00:00,55357.6015625,55362.55078125,55345.05078125,55354.94921875,0
2025-08-06 04:40:00+00:00,55332.6015625,55357.55078125,55328.80078125,55355.1484375,0
2025-08-06 04:41:00+00:00,55322.1015625,55333.94921875,55318.69921875,55329.1015625,0
2025-08-06 04:42:00+00:00,55321.19921875,55330.6484375,55311.19921875,55320.8515625,0
2025-08-06 04:43:00+00:00,55324.5,55328.8984375,55313.8515625,55321.1484375,0
2025-08-06 04:44:00+00:00,55354.19921875,55354.80078125,55316.55078125,55324.30078125,0
2025-08-06 04:45:00+00:00,55340.55078125,55354.6015625,55330.80078125,55354.55078125,0
2025-08-06 04:46:00+00:00,55393.8984375,55395.3984375,55339.8515625,55340.69921875,0
2025-08-06 04:47:00+00:00,55421.19921875,55423.8984375,55389.6015625,55394.8984375,0
2025-08-06 04:48:00+00:00,55418.1015625,55437.30078125,55407.94921875,55420.3515625,0
2025-08-06 04:49:00+00:00,55440.6015625,55445.3515625,55404.5,55411.3984375,0
2025-08-06 04:50:00+00:00,55445.80078125,55449.6015625,55433.5,55440.75,0
2025-08-06 04:51:00+00:00,55483.3515625,55499.6484375,55445.5,55447.55078125,0
2025-08-06 04:52:00+00:00,55451.6484375,55491.0,55450.6484375,55483.19921875,0
2025-08-06 04:53:00+00:00,55433.44921875,55454.0,55416.8515625,55454.0,0
2025-08-06 04:54:00+00:00,55444.19921875,55446.8984375,55428.75,55431.69921875,0
2025-08-06 04:55:00+00:00,55403.44921875,55446.5,55399.30078125,55443.19921875,0
2025-08-06 04:56:00+00:00,55370.6015625,55412.30078125,55370.6015625,55401.44921875,0
2025-08-06 04:57:00+00:00,55379.6015625,55384.3515625,55352.19921875,55370.80078125,0
2025-08-06 04:58:00+00:00,55375.05078125,55389.30078125,55375.05078125,55381.30078125,0
2025-08-06 04:59:00+00:00,55369.55078125,55378.3984375,55354.19921875,55376.8984375,0
2025-08-06 05:00:00+00:00,55362.3515625,55373.5,55357.30078125,55369.6015625,0
2025-08-06 05:01:00+00:00,55400.6015625,55400.6015625,55358.1484375,55362.8515625,0
2025-08-06 05:02:00+00:00,55383.3984375,55411.94921875,55379.30078125,55402.3515625,0
2025-08-06 05:03:00+00:00,55375.75,55392.8984375,55374.1015625,55386.44921875,0
2025-08-06 05:04:00+00:00,55337.55078125,55377.25,55336.1484375,55374.3984375,0
2025-08-06 05:05:00+00:00,55289.30078125,55339.1484375,55285.8984375,55337.05078125,0
2025-08-06 05:06:00+00:00,55264.3515625,55290.3984375,55242.25,55288.44921875,0
2025-08-06 05:07:00+00:00,55308.1484375,55310.75,55261.94921875,55262.80078125,0
2025-08-06 05:08:00+00:00,55297.5,55310.69921875,55294.80078125,55306.8515625,0
2025-08-06 05:09:00+00:00,55295.94921875,55309.30078125,55294.75,55296.0,0
2025-08-06 05:10:00+00:00,55304.30078125,55309.05078125,55293.8984375,55293.8984375,0
2025-08-06 05:11:00+00:00,55310.6484375,55311.94921875,55301.1015625,55302.94921875,0
2025-08-06 05:12:00+00:00,55317.05078125,55326.5,55307.75,55309.3984375,0
2025-08-06 05:13:00+00:00,55291.0,55317.0,55284.8515625,55316.1015625,0
2025-08-06 05:14:00+00:00,55279.8984375,55296.05078125,55276.5,55294.3515625,0
2025-08-06 05:15:00+00:00,55260.0,55280.30078125,55257.1484375,55279.44921875,0
2025-08-06 05:16:00+00:00,55280.5,55291.3984375,55259.6484375,55259.6484375,0
2025-08-06 05:17:00+00:00,55267.80078125,55280.8984375,55264.6015625,55280.8984375,0
2025-08-06 05:18:00+00:00,55296.8515625,55299.8515625,55265.5,55265.75,0
2025-08-06 05:19:00+00:00,55282.3515625,55298.3515625,55271.5,55295.94921875,0
2025-08-06 05:20:00+00:00,55277.8984375,55287.8515625,55271.3515625,55282.6015625,0
2025-08-06 05:21:00+00:00,55276.19921875,55285.6015625,55265.1015625,55279.25,0
2025-08-06 05:22:00+00:00,55292.05078125,55292.05078125,55277.1484375,55281.19921875,0
2025-08-06 05:23:00+00:00,55300.5,55301.8984375,55290.05078125,55290.80078125,0
2025-08-06 05:24:00+00:00,55284.30078125,55302.1015625,55258.8515625,55300.69921875,0
2025-08-06 05:25:00+00:00,55259.05078125,55282.75,55256.44921875,55282.75,0
2025-08-06 05:26:00+00:00,55242.80078125,55258.19921875,55235.6015625,55258.19921875,0
2025-08-06 05:27:00+00:00,55241.69921875,55259.19921875,55235.1484375,55242.25,0
2025-08-06 05:28:00+00:00,55249.1484375,55262.44921875,55228.19921875,55243.55078125,0
2025-08-06 05:29:00+00:00,55250.25,55253.8515625,55238.94921875,55249.6015625,0
2025-08-06 05:30:00+00:00,55257.19921875,55257.6015625,55231.94921875,55249.94921875,0
2025-08-06 05:31:00+00:00,55240.3515625,55257.0,55236.3984375,55256.5,0
2025-08-06 05:32:00+00:00,55255.1015625,55256.75,55235.8984375,55242.44921875,0
2025-08-06 05:33:00+00:00,55263.25,55268.5,55247.3984375,55252.94921875,0
2025-08-06 05:34:00+00:00,55271.3515625,55281.6015625,55263.30078125,55263.8984375,0
2025-08-06 05:35:00+00:00,55263.69921875,55272.75,55262.19921875,55270.94921875,0
2025-08-06 05:36:00+00:00,55249.1015625,55265.30078125,55244.94921875,55262.1015625,0
2025-08-06 05:37:00+00:00,55241.0,55251.30078125,55239.30078125,55248.30078125,0
2025-08-06 05:38:00+00:00,55245.55078125,55252.3515625,55238.80078125,55238.80078125,0
2025-08-06 05:39:00+00:00,55239.1484375,55242.44921875,55232.55078125,55241.94921875,0
2025-08-06 05:40:00+00:00,55237.1015625,55244.05078125,55228.94921875,55237.3515625,0
2025-08-06 05:41:00+00:00,55246.1015625,55250.6484375,55234.80078125,55237.94921875,0
2025-08-06 05:42:00+00:00,55273.1015625,55281.80078125,55236.94921875,55238.8515625,0
2025-08-06 05:43:00+00:00,55258.05078125,55276.6015625,55245.55078125,55274.8984375,0
2025-08-06 05:44:00+00:00,55270.44921875,55273.1484375,55253.25,55258.69921875,0
2025-08-06 05:45:00+00:00,55272.94921875,55279.30078125,55262.1015625,55270.05078125,0
2025-08-06 05:46:00+00:00,55258.8515625,55271.05078125,55255.6015625,55271.05078125,0
2025-08-06 05:47:00+00:00,55257.69921875,55280.25,55253.6015625,55256.1015625,0
2025-08-06 05:48:00+00:00,55264.55078125,55267.25,55251.8984375,55257.69921875,0
2025-08-06 05:49:00+00:00,55250.8515625,55264.30078125,55247.44921875,55264.30078125,0
2025-08-06 05:50:00+00:00,55247.19921875,55263.69921875,55245.1015625,55249.30078125,0
2025-08-06 05:51:00+00:00,55259.6015625,55266.19921875,55242.25,55245.19921875,0
2025-08-06 05:52:00+00:00,55258.6484375,55261.1015625,55243.5,55259.6015625,0
2025-08-06 05:53:00+00:00,55251.6015625,55265.1484375,55251.6015625,55255.19921875,0
2025-08-06 05:54:00+00:00,55256.8515625,55262.05078125,55244.55078125,55251.94921875,0
2025-08-06 05:55:00+00:00,55259.3515625,55271.5,55255.55078125,55255.55078125,0
2025-08-06 05:56:00+00:00,55256.25,55260.55078125,55247.69921875,55256.8515625,0
2025-08-06 05:57:00+00:00,55286.8515625,55295.55078125,55252.1484375,55253.94921875,0
2025-08-06 05:58:00+00:00,55281.6484375,55297.25,55278.6015625,55284.05078125,0
2025-08-06 05:59:00+00:00,55285.5,55287.3515625,55274.55078125,55280.8515625,0
2025-08-06 06:00:00+00:00,55271.25,55295.55078125,55266.8515625,55284.69921875,0
2025-08-06 06:01:00+00:00,55264.80078125,55278.6484375,55263.55078125,55271.0,0
2025-08-06 06:02:00+00:00,55256.44921875,55267.0,55252.80078125,55265.25,0
2025-08-06 06:03:00+00:00,55263.6484375,55270.8984375,55255.25,55257.75,0
2025-08-06 06:04:00+00:00,55264.3515625,55270.55078125,55255.3515625,55266.80078125,0
2025-08-06 06:05:00+00:00,55246.30078125,55268.3984375,55246.30078125,55264.75,0
2025-08-06 06:06:00+00:00,55251.05078125,55255.3515625,55246.1484375,55247.5,0
2025-08-06 06:07:00+00:00,55250.94921875,55260.55078125,55247.25,55253.5,0
2025-08-06 06:08:00+00:00,55288.1015625,55305.1015625,55250.69921875,55251.75,0
2025-08-06 06:09:00+00:00,55256.3515625,55288.1015625,55253.8984375,55288.1015625,0
2025-08-06 06:10:00+00:00,55266.1015625,55276.3984375,55255.69921875,55256.5,0
2025-08-06 06:11:00+00:00,55265.6015625,55269.94921875,55261.8984375,55268.19921875,0
2025-08-06 06:12:00+00:00,55276.3515625,55281.80078125,55263.25,55264.3515625,0
2025-08-06 06:13:00+00:00,55277.05078125,55286.8515625,55271.80078125,55276.1484375,0
2025-08-06 06:14:00+00:00,55297.3984375,55298.05078125,55273.6484375,55275.55078125,0
2025-08-06 06:15:00+00:00,55289.1484375,55299.80078125,55283.1015625,55297.55078125,0
2025-08-06 06:16:00+00:00,55301.30078125,55301.30078125,55276.5,55285.1484375,0
2025-08-06 06:17:00+00:00,55299.19921875,55304.80078125,55294.80078125,55302.3515625,0
2025-08-06 06:18:00+00:00,55331.8515625,55343.0,55295.5,55301.3984375,0
2025-08-06 06:19:00+00:00,55326.6015625,55337.8984375,55320.30078125,55329.05078125,0
2025-08-06 06:20:00+00:00,55333.55078125,55337.5,55323.44921875,55327.6484375,0
2025-08-06 06:21:00+00:00,55352.3984375,55365.8515625,55333.1484375,55333.1484375,0
2025-08-06 06:22:00+00:00,55342.44921875,55353.19921875,55336.3515625,55352.80078125,0
2025-08-06 06:23:00+00:00,55320.80078125,55342.25,55320.05078125,55342.25,0
2025-08-06 06:24:00+00:00,55332.6015625,55335.94921875,55320.19921875,55320.19921875,0
2025-08-06 06:25:00+00:00,55343.8984375,55347.55078125,55325.6015625,55330.5,0
2025-08-06 06:26:00+00:00,55325.6015625,55342.05078125,55317.5,55342.05078125,0
2025-08-06 06:27:00+00:00,55319.8984375,55324.0,55312.25,55321.6015625,0
2025-08-06 06:28:00+00:00,55276.3515625,55314.05078125,55264.44921875,55314.05078125,0
2025-08-06 06:29:00+00:00,55316.3515625,55320.1484375,55276.0,55276.0,0
2025-08-06 06:30:00+00:00,55309.3984375,55318.3984375,55306.25,55315.3515625,0
2025-08-06 06:31:00+00:00,55313.80078125,55315.5,55304.69921875,55309.8515625,0
2025-08-06 06:32:00+00:00,55339.30078125,55339.3515625,55309.25,55313.80078125,0
2025-08-06 06:33:00+00:00,55352.1015625,55355.25,55337.1015625,55339.94921875,0
2025-08-06 06:34:00+00:00,55334.6015625,55352.1015625,55327.94921875,55352.1015625,0
2025-08-06 06:35:00+00:00,55342.6484375,55348.44921875,55328.69921875,55333.30078125,0
2025-08-06 06:36:00+00:00,55346.1015625,55351.30078125,55336.1015625,55341.69921875,0
2025-08-06 06:37:00+00:00,55358.94921875,55361.19921875,55345.55078125,55347.0,0
2025-08-06 06:38:00+00:00,55333.80078125,55359.3515625,55326.3515625,55357.19921875,0
2025-08-06 06:39:00+00:00,55336.3515625,55343.5,55325.6484375,55333.1015625,0
2025-08-06 06:40:00+00:00,55344.8515625,55344.8515625,55328.19921875,55336.3515625,0
2025-08-06 06:41:00+00:00,55342.0,55351.55078125,55326.3515625,55344.75,0
2025-08-06 06:42:00+00:00,55331.19921875,55346.8984375,55328.25,55339.8984375,0
2025-08-06 06:43:00+00:00,55341.3515625,55347.5,55332.5,55332.5,0
2025-08-06 06:44:00+00:00,55338.6484375,55347.5,55331.1015625,55339.55078125,0
2025-08-06 06:45:00+00:00,55343.55078125,55344.80078125,55335.19921875,55337.80078125,0
2025-08-06 06:46:00+00:00,55366.75,55366.75,55339.25,55342.3984375,0
2025-08-06 06:47:00+00:00,55372.80078125,55372.80078125,55354.0,55366.44921875,0
2025-08-06 06:48:00+00:00,55383.5,55384.1484375,55367.55078125,55371.6484375,0
2025-08-06 06:49:00+00:00,55399.25,55399.25,55379.1015625,55381.8984375,0
2025-08-06 06:50:00+00:00,55416.19921875,55418.6015625,55397.25,55397.30078125,0
2025-08-06 06:51:00+00:00,55436.05078125,55454.19921875,55413.30078125,55416.30078125,0
2025-08-06 06:52:00+00:00,55415.55078125,55438.8984375,55405.6015625,55438.8984375,0
2025-08-06 06:53:00+00:00,55409.55078125,55421.19921875,55404.80078125,55414.5,0
2025-08-06 06:54:00+00:00,55427.0,55428.30078125,55406.94921875,55407.75,0
2025-08-06 06:55:00+00:00,55439.0,55440.8515625,55425.69921875,55426.0,0
2025-08-06 06:56:00+00:00,55406.80078125,55438.8515625,55396.1484375,55438.30078125,0
2025-08-06 06:57:00+00:00,55391.5,55424.05078125,55390.1484375,55404.3515625,0
2025-08-06 06:58:00+00:00,55387.94921875,55400.69921875,55381.0,55389.44921875,0
2025-08-06 06:59:00+00:00,55412.8515625,55414.8984375,55384.75,55384.75,0
2025-08-06 07:00:00+00:00,55419.69921875,55423.8984375,55406.30078125,55413.25,0
2025-08-06 07:01:00+00:00,55432.3984375,55432.3984375,55415.55078125,55418.0,0
2025-08-06 07:02:00+00:00,55429.3515625,55440.3515625,55425.30078125,55432.3984375,0
2025-08-06 07:03:00+00:00,55448.80078125,55448.8984375,55428.3515625,55429.69921875,0
2025-08-06 07:04:00+00:00,55447.69921875,55457.75,55443.6484375,55449.3984375,0
2025-08-06 07:05:00+00:00,55456.19921875,55463.25,55447.80078125,55447.80078125,0
2025-08-06 07:06:00+00:00,55434.3984375,55454.3984375,55434.05078125,55453.8984375,0
2025-08-06 07:07:00+00:00,55424.75,55436.69921875,55418.6015625,55434.19921875,0
2025-08-06 07:08:00+00:00,55407.80078125,55426.8515625,55405.44921875,55424.5,0
2025-08-06 07:09:00+00:00,55404.55078125,55413.55078125,55392.05078125,55408.75,0
2025-08-06 07:10:00+00:00,55415.8515625,55417.75,55401.5,55403.0,0
2025-08-06 07:11:00+00:00,55403.8515625,55424.6015625,55400.69921875,55416.80078125,0
2025-08-06 07:12:00+00:00,55406.05078125,55407.05078125,55396.6015625,55403.3515625,0
2025-08-06 07:13:00+00:00,55401.69921875,55410.25,55399.3515625,55402.19921875,0
2025-08-06 07:14:00+00:00,55395.94921875,55407.6484375,55394.80078125,55402.3984375,0
2025-08-06 07:15:00+00:00,55410.3515625,55410.5,55391.44921875,55392.6015625,0
2025-08-06 07:16:00+00:00,55413.94921875,55415.3515625,55404.3984375,55410.75,0
2025-08-06 07:17:00+00:00,55410.30078125,55421.19921875,55406.25,55413.94921875,0
2025-08-06 07:18:00+00:00,55410.30078125,55413.8984375,55404.3984375,55409.75,0
2025-08-06 07:19:00+00:00,55405.44921875,55412.1015625,55400.55078125,55410.05078125,0
2025-08-06 07:20:00+00:00,55390.19921875,55406.3984375,55383.3515625,55404.3515625,0
2025-08-06 07:21:00+00:00,55368.6484375,55390.05078125,55364.3515625,55386.3515625,0
2025-08-06 07:22:00+00:00,55369.05078125,55376.3515625,55358.0,55367.6015625,0
2025-08-06 07:23:00+00:00,55356.05078125,55376.6484375,55356.05078125,55371.6015625,0
2025-08-06 07:24:00+00:00,55359.3515625,55363.75,55351.55078125,55356.69921875,0
2025-08-06 07:25:00+00:00,55381.5,55383.19921875,55358.5,55359.19921875,0
2025-08-06 07:26:00+00:00,55382.80078125,55383.1484375,55372.3984375,55381.30078125,0
2025-08-06 07:27:00+00:00,55407.44921875,55412.6484375,55377.5,55382.80078125,0
2025-08-06 07:28:00+00:00,55426.94921875,55437.5,55407.3515625,55409.69921875,0
2025-08-06 07:29:00+00:00,55429.94921875,55433.6484375,55423.5,55425.75,0
2025-08-06 07:30:00+00:00,55436.5,55439.25,55424.25,55429.3984375,0
2025-08-06 07:31:00+00:00,55445.75,55454.25,55428.3515625,55435.05078125,0
2025-08-06 07:32:00+00:00,55445.55078125,55453.80078125,55439.6484375,55445.44921875,0
2025-08-06 07:33:00+00:00,55457.19921875,55457.3984375,55442.94921875,55446.1015625,0
2025-08-06 07:34:00+00:00,55440.75,55458.80078125,55437.1484375,55455.6015625,0
2025-08-06 07:35:00+00:00,55435.6484375,55440.44921875,55423.94921875,55440.44921875,0
2025-08-06 07:36:00+00:00,55431.1484375,55438.1484375,55425.94921875,55434.0,0
2025-08-06 07:37:00+00:00,55426.8984375,55434.0,55422.1015625,55430.05078125,0
2025-08-06 07:38:00+00:00,55434.1015625,55436.5,55426.3984375,55427.80078125,0
2025-08-06 07:39:00+00:00,55434.1015625,55435.30078125,55425.80078125,55433.69921875,0
2025-08-06 07:40:00+00:00,55444.80078125,55444.8984375,55431.75,55434.19921875,0
2025-08-06 07:41:00+00:00,55448.80078125,55460.30078125,55440.25,55442.94921875,0
2025-08-06 07:42:00+00:00,55440.69921875,55448.05078125,55425.6484375,55448.05078125,0
2025-08-06 07:43:00+00:00,55441.6484375,55451.75,55432.6015625,55440.55078125,0
2025-08-06 07:44:00+00:00,55444.1015625,55453.44921875,55436.3515625,55440.0,0
2025-08-06 07:45:00+00:00,55453.80078125,55459.8515625,55440.1484375,55444.69921875,0
2025-08-06 07:46:00+00:00,55464.6015625,55472.44921875,55451.6484375,55452.80078125,0
2025-08-06 07:47:00+00:00,55463.1484375,55473.5,55453.55078125,55464.05078125,0
2025-08-06 07:48:00+00:00,55468.44921875,55473.05078125,55454.6015625,55461.1015625,0
2025-08-06 07:49:00+00:00,55463.6484375,55472.30078125,55457.25,55467.8984375,0
2025-08-06 07:50:00+00:00,55466.19921875,55468.25,55456.3515625,55465.6484375,0
2025-08-06 07:51:00+00:00,55477.5,55480.3984375,55462.5,55465.69921875,0
2025-08-06 07:52:00+00:00,55467.1015625,55478.1015625,55463.1484375,55476.44921875,0
2025-08-06 07:53:00+00:00,55447.3515625,55469.55078125,55445.55078125,55468.05078125,0
2025-08-06 07:54:00+00:00,55442.55078125,55447.5,55434.44921875,55446.5,0
2025-08-06 07:55:00+00:00,55462.1015625,55464.25,55437.8515625,55441.75,0
2025-08-06 07:56:00+00:00,55474.6484375,55477.69921875,55457.3984375,55463.69921875,0
2025-08-06 07:57:00+00:00,55474.5,55478.1484375,55468.44921875,55474.1484375,0
2025-08-06 07:58:00+00:00,55479.6015625,55481.30078125,55463.6484375,55474.8984375,0
2025-08-06 07:59:00+00:00,55494.3515625,55510.80078125,55476.94921875,55479.30078125,0
2025-08-06 08:00:00+00:00,55533.44921875,55533.8984375,55494.3515625,55494.6015625,0
2025-08-06 08:01:00+00:00,55516.05078125,55540.8984375,55513.44921875,55538.30078125,0
2025-08-06 08:02:00+00:00,55517.8984375,55518.6015625,55502.3515625,55512.05078125,0
2025-08-06 08:03:00+00:00,55518.55078125,55533.30078125,55516.44921875,55517.3984375,0
2025-08-06 08:04:00+00:00,55530.1015625,55543.1484375,55515.8984375,55518.1484375,0
2025-08-06 08:05:00+00:00,55531.8515625,55541.8984375,55521.80078125,55529.1484375,0
2025-08-06 08:06:00+00:00,55533.1015625,55533.1015625,55516.8984375,55531.0,0
2025-08-06 08:07:00+00:00,55531.0,55537.5,55525.0,55528.05078125,0
2025-08-06 08:08:00+00:00,55549.3984375,55549.3984375,55526.25,55529.94921875,0
2025-08-06 08:09:00+00:00,55547.5,55559.3984375,55540.5,55547.25,0
2025-08-06 08:10:00+00:00,55540.94921875,55547.1015625,55526.3515625,55545.80078125,0
2025-08-06 08:11:00+00:00,55526.19921875,55541.80078125,55521.05078125,55541.19921875,0
2025-08-06 08:12:00+00:00,55458.6015625,55526.5,55452.3984375,55526.19921875,0
2025-08-06 08:13:00+00:00,55489.5,55490.6015625,55458.55078125,55466.6015625,0
2025-08-06 08:14:00+00:00,55515.6484375,55516.5,55484.05078125,55487.94921875,0
2025-08-06 08:15:00+00:00,55486.0,55517.5,55474.75,55513.8515625,0
2025-08-06 08:16:00+00:00,55504.5,55504.5,55480.19921875,55485.6484375,0
2025-08-06 08:17:00+00:00,55499.6484375,55506.55078125,55494.3984375,55503.30078125,0
2025-08-06 08:18:00+00:00,55489.1015625,55498.69921875,55483.3984375,55498.69921875,0
2025-08-06 08:19:00+00:00,55487.1015625,55491.6015625,55483.6015625,55488.0,0
2025-08-06 08:20:00+00:00,55481.25,55491.0,55480.0,55485.69921875,0
2025-08-06 08:21:00+00:00,55479.44921875,55484.75,55471.69921875,55481.75,0
2025-08-06 08:22:00+00:00,55491.8984375,55491.8984375,55473.5,55478.30078125,0
2025-08-06 08:23:00+00:00,55483.1484375,55497.69921875,55479.8515625,55489.94921875,0
2025-08-06 08:24:00+00:00,55475.5,55484.55078125,55470.1015625,55483.55078125,0
2025-08-06 08:25:00+00:00,55485.0,55485.0,55466.80078125,55478.0,0
2025-08-06 08:26:00+00:00,55484.0,55488.55078125,55474.0,55483.25,0
2025-08-06 08:27:00+00:00,55479.8515625,55489.19921875,55476.8515625,55482.30078125,0
2025-08-06 08:28:00+00:00,55496.1015625,55498.55078125,55477.3984375,55479.80078125,0
2025-08-06 08:29:00+00:00,55476.3515625,55495.94921875,55474.25,55493.5,0
2025-08-06 08:30:00+00:00,55470.6015625,55488.5,55470.30078125,55476.0,0
2025-08-06 08:31:00+00:00,55469.1484375,55474.8984375,55457.94921875,55470.6015625,0
2025-08-06 08:32:00+00:00,55457.6484375,55473.80078125,55452.80078125,55469.55078125,0
2025-08-06 08:33:00+00:00,55468.75,55470.8515625,55452.75,55455.3984375,0
2025-08-06 08:34:00+00:00,55463.8984375,55469.30078125,55455.80078125,55469.30078125,0
2025-08-06 08:35:00+00:00,55450.1484375,55463.5,55444.69921875,55463.3984375,0
2025-08-06 08:36:00+00:00,55448.30078125,55452.75,55436.25,55452.44921875,0
2025-08-06 08:37:00+00:00,55451.6015625,55452.55078125,55444.3984375,55448.6484375,0
2025-08-06 08:38:00+00:00,55458.6015625,55460.1015625,55446.94921875,55450.80078125,0
2025-08-06 08:39:00+00:00,55447.3515625,55457.6484375,55444.69921875,55457.3984375,0
2025-08-06 08:40:00+00:00,55437.30078125,55449.3515625,55434.3984375,55445.6484375,0
2025-08-06 08:41:00+00:00,55450.6484375,55454.6015625,55437.75,55437.75,0
2025-08-06 08:42:00+00:00,55430.0,55456.44921875,55425.1015625,55449.6484375,0
2025-08-06 08:43:00+00:00,55427.1484375,55437.44921875,55426.19921875,55430.30078125,0
2025-08-06 08:44:00+00:00,55420.19921875,55426.1015625,55408.1015625,55426.1015625,0
2025-08-06 08:45:00+00:00,55420.80078125,55431.3515625,55413.6015625,55418.44921875,0
2025-08-06 08:46:00+00:00,55426.8515625,55426.8515625,55413.8984375,55417.3984375,0
2025-08-06 08:47:00+00:00,55426.19921875,55435.8984375,55421.8984375,55426.3515625,0
2025-08-06 08:48:00+00:00,55436.5,55436.5,55409.80078125,55427.3984375,0
2025-08-06 08:49:00+00:00,55445.5,55447.6015625,55431.1015625,55436.6015625,0
2025-08-06 08:50:00+00:00,55466.6484375,55472.8515625,55445.5,55447.6015625,0
2025-08-06 08:51:00+00:00,55465.80078125,55475.55078125,55461.0,55471.1015625,0
2025-08-06 08:52:00+00:00,55474.30078125,55476.44921875,55464.0,55464.8515625,0
2025-08-06 08:53:00+00:00,55476.1484375,55480.30078125,55469.8984375,55474.44921875,0
2025-08-06 08:54:00+00:00,55469.0,55477.8515625,55468.05078125,55476.6484375,0
2025-08-06 08:55:00+00:00,55469.1484375,55474.30078125,55460.6015625,55467.0,0
2025-08-06 08:56:00+00:00,55472.8984375,55488.30078125,55465.8515625,55470.25,0
2025-08-06 08:57:00+00:00,55455.3515625,55478.3515625,55448.19921875,55472.94921875,0
2025-08-06 08:58:00+00:00,55431.3984375,55459.25,55427.8984375,55452.8984375,0
2025-08-06 08:59:00+00:00,55405.8984375,55434.69921875,55402.30078125,55434.69921875,0
2025-08-06 09:00:00+00:00,55392.30078125,55408.3515625,55389.25,55406.69921875,0
2025-08-06 09:01:00+00:00,55387.3984375,55396.3515625,55381.8515625,55392.8984375,0
2025-08-06 09:02:00+00:00,55390.3984375,55390.3984375,55380.69921875,55387.3984375,0
2025-08-06 09:03:00+00:00,55382.05078125,55391.75,55374.55078125,55391.75,0
2025-08-06 09:04:00+00:00,55384.75,55387.94921875,55377.75,55382.30078125,0
2025-08-06 09:05:00+00:00,55361.1015625,55386.44921875,55360.6484375,55384.05078125,0
2025-08-06 09:06:00+00:00,55321.80078125,55363.0,55310.3984375,55360.8984375,0
2025-08-06 09:07:00+00:00,55339.5,55347.19921875,55316.1484375,55316.1484375,0
2025-08-06 09:08:00+00:00,55351.75,55351.94921875,55325.8515625,55339.6015625,0
2025-08-06 09:09:00+00:00,55354.6484375,55368.69921875,55345.0,55348.94921875,0
2025-08-06 09:10:00+00:00,55337.55078125,55358.80078125,55326.19921875,55352.8515625,0
2025-08-06 09:11:00+00:00,55343.8984375,55358.8515625,55329.6015625,55334.0,0
2025-08-06 09:12:00+00:00,55363.6484375,55365.0,55326.69921875,55341.55078125,0
2025-08-06 09:13:00+00:00,55364.1015625,55373.3984375,55352.5,55363.6484375,0
2025-08-06 09:14:00+00:00,55369.5,55379.75,55362.0,55364.5,0
2025-08-06 09:15:00+00:00,55375.1015625,55375.1015625,55361.94921875,55368.1015625,0
2025-08-06 09:16:00+00:00,55378.05078125,55386.8984375,55368.6484375,55372.69921875,0
2025-08-06 09:17:00+00:00,55369.19921875,55382.6015625,55366.69921875,55376.3515625,0
2025-08-06 09:18:00+00:00,55366.19921875,55370.6015625,55358.0,55367.3515625,0
2025-08-06 09:19:00+00:00,55353.1015625,55366.19921875,55347.6484375,55364.6015625,0
2025-08-06 09:20:00+00:00,55359.55078125,55359.55078125,55348.19921875,55352.3515625,0
2025-08-06 09:21:00+00:00,55357.0,55358.3984375,55349.69921875,55351.80078125,0
2025-08-06 09:22:00+00:00,55360.25,55366.0,55350.6484375,55357.30078125,0
2025-08-06 09:23:00+00:00,55378.3984375,55378.3984375,55355.94921875,55361.69921875,0
2025-08-06 09:24:00+00:00,55403.3515625,55410.1015625,55380.69921875,55380.69921875,0
2025-08-06 09:25:00+00:00,55401.25,55405.3984375,55391.94921875,55403.8984375,0
2025-08-06 09:26:00+00:00,55401.3984375,55406.44921875,55393.94921875,55400.69921875,0
2025-08-06 09:27:00+00:00,55392.55078125,55405.5,55389.75,55399.8515625,0
2025-08-06 09:28:00+00:00,55378.80078125,55393.55078125,55372.75,55392.25,0
2025-08-06 09:29:00+00:00,55362.25,55379.1015625,55356.1484375,55377.75,0
2025-08-06 09:30:00+00:00,55376.5,55381.69921875,55349.94921875,55362.75,0
2025-08-06 09:31:00+00:00,55374.75,55379.6015625,55366.6015625,55376.55078125,0
2025-08-06 09:32:00+00:00,55366.3984375,55376.8515625,55365.3515625,55374.8515625,0
2025-08-06 09:33:00+00:00,55369.8984375,55376.6015625,55366.1484375,55368.5,0
2025-08-06 09:34:00+00:00,55380.30078125,55381.8984375,55363.69921875,55372.8984375,0
2025-08-06 09:35:00+00:00,55400.05078125,55407.8515625,55380.25,55381.30078125,0
2025-08-06 09:36:00+00:00,55413.80078125,55415.6484375,55400.30078125,55400.94921875,0
2025-08-06 09:37:00+00:00,55396.8984375,55413.94921875,55392.1484375,55413.30078125,0
2025-08-06 09:38:00+00:00,55411.0,55415.80078125,55396.69921875,55399.80078125,0
2025-08-06 09:39:00+00:00,55418.25,55420.30078125,55411.5,55413.75,0
2025-08-06 09:40:00+00:00,55412.3515625,55417.8984375,55399.8515625,55417.8984375,0
2025-08-06 09:41:00+00:00,55401.8984375,55416.1015625,55401.05078125,55411.55078125,0
2025-08-06 09:42:00+00:00,55405.75,55407.55078125,55393.3515625,55403.5,0
2025-08-06 09:43:00+00:00,55409.19921875,55417.25,55398.8515625,55408.30078125,0
2025-08-06 09:44:00+00:00,55397.25,55410.75,55393.75,55409.75,0
2025-08-06 09:45:00+00:00,55397.3515625,55413.25,55392.94921875,55396.8984375,0
2025-08-06 09:46:00+00:00,55417.3515625,55418.30078125,55392.1484375,55398.5,0
2025-08-06 09:47:00+00:00,55425.5,55426.30078125,55414.05078125,55418.44921875,0
2025-08-06 09:48:00+00:00,55419.8984375,55433.05078125,55417.0,55428.3515625,0
2025-08-06 09:49:00+00:00,55433.6484375,55433.6484375,55418.8984375,55425.94921875,0
2025-08-06 09:50:00+00:00,55451.05078125,55453.55078125,55432.44921875,55436.19921875,0
2025-08-06 09:51:00+00:00,55464.1015625,55468.1484375,55446.44921875,55452.19921875,0
2025-08-06 09:52:00+00:00,55467.6015625,55469.6015625,55455.94921875,55464.19921875,0
2025-08-06 09:53:00+00:00,55459.3984375,55470.80078125,55456.44921875,55469.25,0
2025-08-06 09:54:00+00:00,55462.55078125,55470.30078125,55455.69921875,55461.25,0
2025-08-06 09:55:00+00:00,55448.6015625,55467.6015625,55444.6015625,55467.6015625,0
2025-08-06 09:56:00+00:00,55453.69921875,55457.80078125,55444.3515625,55449.8984375,0
2025-08-06 09:57:00+00:00,55441.44921875,55462.30078125,55438.05078125,55452.8984375,0
2025-08-06 09:58:00+00:00,55439.6484375,55453.25,55432.05078125,55453.25,0
2025-08-06 09:59:00+00:00,55422.25,55447.69921875,55406.6015625,55428.1015625,0
2025-08-07 03:45:00+00:00,55305.5,55324.25,55216.1484375,55216.1484375,0
2025-08-07 03:46:00+00:00,55253.69921875,55302.94921875,55251.0,55302.94921875,0
2025-08-07 03:47:00+00:00,55326.44921875,55326.44921875,55250.30078125,55251.25,0
2025-08-07 03:48:00+00:00,55338.05078125,55361.1015625,55312.0,55332.25,0
2025-08-07 03:49:00+00:00,55344.8984375,55363.69921875,55317.5,55336.94921875,0
2025-08-07 03:50:00+00:00,55305.19921875,55346.3984375,55305.19921875,55343.55078125,0
2025-08-07 03:51:00+00:00,55290.8515625,55330.69921875,55287.5,55307.3515625,0
2025-08-07 03:52:00+00:00,55284.44921875,55290.80078125,55270.6015625,55287.75,0
2025-08-07 03:53:00+00:00,55277.80078125,55301.05078125,55261.0,55285.55078125,0
2025-08-07 03:54:00+00:00,55264.05078125,55275.0,55235.05078125,55275.0,0
2025-08-07 03:55:00+00:00,55272.1015625,55280.6015625,55250.19921875,55263.3984375,0
2025-08-07 03:56:00+00:00,55279.6484375,55285.1015625,55258.55078125,55270.69921875,0
2025-08-07 03:57:00+00:00,55289.94921875,55299.5,55276.75,55281.44921875,0
2025-08-07 03:58:00+00:00,55293.8984375,55302.6015625,55282.5,55288.05078125,0
2025-08-07 03:59:00+00:00,55308.3515625,55314.8984375,55290.6484375,55293.05078125,0
2025-08-07 04:00:00+00:00,55290.1015625,55309.5,55287.6484375,55308.3515625,0
2025-08-07 04:01:00+00:00,55282.19921875,55295.3984375,55263.1484375,55290.0,0
2025-08-07 04:02:00+00:00,55296.19921875,55310.69921875,55278.80078125,55282.30078125,0
2025-08-07 04:03:00+00:00,55286.44921875,55306.8515625,55279.44921875,55300.8515625,0
2025-08-07 04:04:00+00:00,55283.55078125,55288.3515625,55266.80078125,55286.3984375,0
2025-08-07 04:05:00+00:00,55265.3984375,55285.55078125,55263.5,55282.75,0
2025-08-07 04:06:00+00:00,55231.19921875,55268.44921875,55226.6015625,55264.55078125,0
2025-08-07 04:07:00+00:00,55254.80078125,55258.3515625,55228.0,55230.6015625,0
2025-08-07 04:08:00+00:00,55263.69921875,55265.94921875,55248.30078125,55254.30078125,0
2025-08-07 04:09:00+00:00,55249.75,55263.25,55236.30078125,55261.55078125,0
2025-08-07 04:10:00+00:00,55247.1484375,55269.44921875,55247.1484375,55248.3984375,0
2025-08-07 04:11:00+00:00,55243.6484375,55260.30078125,55242.5,55247.69921875,0
2025-08-07 04:12:00+00:00,55237.05078125,55264.1484375,55235.0,55244.0,0
2025-08-07 04:13:00+00:00,55240.0,55249.75,55234.19921875,55238.1484375,0
2025-08-07 04:14:00+00:00,55250.55078125,55260.94921875,55237.94921875,55243.1015625,0
2025-08-07 04:15:00+00:00,55244.8984375,55250.8515625,55229.6015625,55250.6015625,0
2025-08-07 04:16:00+00:00,55280.94921875,55280.94921875,55233.30078125,55244.8515625,0
2025-08-07 04:17:00+00:00,55271.30078125,55288.8984375,55256.30078125,55278.6015625,0
2025-08-07 04:18:00+00:00,55271.3515625,55275.55078125,55260.19921875,55271.05078125,0
2025-08-07 04:19:00+00:00,55262.6484375,55273.6484375,55255.1484375,55269.1484375,0
2025-08-07 04:20:00+00:00,55244.5,55262.6484375,55242.5,55262.6484375,0
2025-08-07 04:21:00+00:00,55251.8984375,55255.05078125,55232.75,55242.1015625,0
2025-08-07 04:22:00+00:00,55256.6015625,55260.69921875,55242.0,55249.44921875,0
2025-08-07 04:23:00+00:00,55263.75,55276.8984375,55252.05078125,55252.05078125,0
2025-08-07 04:24:00+00:00,55260.55078125,55266.3984375,55247.75,55264.6484375,0
2025-08-07 04:25:00+00:00,55259.6015625,55264.25,55252.25,55256.8984375,0
2025-08-07 04:26:00+00:00,55235.94921875,55259.8984375,55230.0,55255.0,0
2025-08-07 04:27:00+00:00,55228.80078125,55235.94921875,55220.6484375,55235.94921875,0
2025-08-07 04:28:00+00:00,55226.1015625,55234.55078125,55211.75,55225.3984375,0
2025-08-07 04:29:00+00:00,55219.3984375,55229.8515625,55214.6484375,55224.94921875,0
2025-08-07 04:30:00+00:00,55218.6015625,55233.3984375,55211.3515625,55221.19921875,0
2025-08-07 04:31:00+00:00,55209.1015625,55218.6015625,55192.44921875,55218.6015625,0
2025-08-07 04:32:00+00:00,55198.1015625,55210.1484375,55191.8515625,55209.05078125,0
2025-08-07 04:33:00+00:00,55196.0,55198.25,55185.80078125,55197.8984375,0
2025-08-07 04:34:00+00:00,55169.30078125,55197.1015625,55166.25,55194.3984375,0
2025-08-07 04:35:00+00:00,55166.8515625,55181.8984375,55163.6484375,55179.94921875,0
2025-08-07 04:36:00+00:00,55174.25,55182.3515625,55158.6015625,55166.55078125,0
2025-08-07 04:37:00+00:00,55161.69921875,55184.3515625,55160.55078125,55179.05078125,0
2025-08-07 04:38:00+00:00,55170.1484375,55172.8515625,55151.94921875,55161.6484375,0
2025-08-07 04:39:00+00:00,55162.80078125,55171.30078125,55148.30078125,55171.1484375,0
2025-08-07 04:40:00+00:00,55163.5,55171.5,55155.6484375,55163.19921875,0
2025-08-07 04:41:00+00:00,55172.3984375,55172.69921875,55155.25,55162.75,0
2025-08-07 04:42:00+00:00,55175.0,55180.8515625,55168.05078125,55169.94921875,0
2025-08-07 04:43:00+00:00,55164.94921875,55175.0,55158.6015625,55175.0,0
2025-08-07 04:44:00+00:00,55173.25,55176.44921875,55163.6484375,55166.3984375,0
2025-08-07 04:45:00+00:00,55178.75,55180.75,55166.25,55173.25,0
2025-08-07 04:46:00+00:00,55172.0,55201.19921875,55166.8515625,55179.05078125,0
2025-08-07 04:47:00+00:00,55169.1484375,55181.1484375,55161.3515625,55168.75,0
2025-08-07 04:48:00+00:00,55169.94921875,55174.30078125,55161.3984375,55165.8984375,0
2025-08-07 04:49:00+00:00,55179.5,55179.75,55166.75,55168.44921875,0
2025-08-07 04:50:00+00:00,55174.3515625,55187.25,55171.44921875,55179.5,0
2025-08-07 04:51:00+00:00,55164.94921875,55174.05078125,55157.6015625,55173.0,0
2025-08-07 04:52:00+00:00,55155.0,55162.3515625,55142.55078125,55158.1484375,0
2025-08-07 04:53:00+00:00,55160.3984375,55164.6484375,55151.3515625,55153.30078125,0
2025-08-07 04:54:00+00:00,55178.25,55178.25,55155.75,55158.55078125,0
2025-08-07 04:55:00+00:00,55203.05078125,55203.25,55174.0,55177.75,0
2025-08-07 04:56:00+00:00,55193.1484375,55205.80078125,55193.1484375,55201.8984375,0
2025-08-07 04:57:00+00:00,55161.1484375,55194.6484375,55161.1484375,55194.6484375,0
2025-08-07 04:58:00+00:00,55139.05078125,55162.3984375,55134.25,55159.3515625,0
2025-08-07 04:59:00+00:00,55125.05078125,55144.75,55125.05078125,55139.3515625,0
2025-08-07 05:00:00+00:00,55101.05078125,55127.1015625,55100.55078125,55123.6484375,0
2025-08-07 05:01:00+00:00,55086.94921875,55103.0,55085.05078125,55100.3515625,0
2025-08-07 05:02:00+00:00,55110.55078125,55110.8515625,55076.3984375,55085.6015625,0
2025-08-07 05:03:00+00:00,55111.25,55113.30078125,55093.8984375,55104.8984375,0
2025-08-07 05:04:00+00:00,55123.05078125,55131.75,55110.05078125,55111.25,0
2025-08-07 05:05:00+00:00,55113.6484375,55123.3515625,55099.44921875,55122.6484375,0
2025-08-07 05:06:00+00:00,55127.3515625,55130.05078125,55108.69921875,55113.55078125,0
2025-08-07 05:07:00+00:00,55141.75,55148.75,55127.3515625,55127.3515625,0
2025-08-07 05:08:00+00:00,55130.0,55149.05078125,55127.8984375,55142.0,0
2025-08-07 05:09:00+00:00,55123.1015625,55134.6484375,55116.69921875,55129.44921875,0
2025-08-07 05:10:00+00:00,55125.0,55129.19921875,55119.55078125,55123.55078125,0
2025-08-07 05:11:00+00:00,55134.0,55137.80078125,55122.19921875,55124.05078125,0
2025-08-07 05:12:00+00:00,55118.1015625,55145.8515625,55118.1015625,55136.19921875,0
2025-08-07 05:13:00+00:00,55096.94921875,55123.5,55096.94921875,55117.8984375,0
2025-08-07 05:14:00+00:00,55130.8984375,55132.69921875,55094.44921875,55098.80078125,0
2025-08-07 05:15:00+00:00,55104.5,55135.1484375,55097.0,55130.6015625,0
2025-08-07 05:16:00+00:00,55102.44921875,55106.0,55095.94921875,55103.3984375,0
2025-08-07 05:17:00+00:00,55104.19921875,55116.3984375,55101.75,55106.94921875,0
2025-08-07 05:18:00+00:00,55096.5,55114.3984375,55096.05078125,55104.75,0
2025-08-07 05:19:00+00:00,55104.25,55104.25,55086.8984375,55097.69921875,0
2025-08-07 05:20:00+00:00,55114.05078125,55115.1015625,55097.75,55103.75,0
2025-08-07 05:21:00+00:00,55104.19921875,55113.19921875,55098.75,55113.19921875,0
2025-08-07 05:22:00+00:00,55107.3515625,55113.55078125,55099.80078125,55106.6015625,0
2025-08-07 05:23:00+00:00,55099.94921875,55113.0,55099.19921875,55106.05078125,0
2025-08-07 05:24:00+00:00,55101.8515625,55106.75,55095.80078125,55100.6015625,0
2025-08-07 05:25:00+00:00,55129.8515625,55137.3984375,55102.3984375,55102.3984375,0
2025-08-07 05:26:00+00:00,55132.19921875,55138.75,55127.25,55129.8515625,0
2025-08-07 05:27:00+00:00,55136.8515625,55138.3984375,55127.3515625,55132.19921875,0
2025-08-07 05:28:00+00:00,55137.05078125,55144.05078125,55131.5,55136.05078125,0
2025-08-07 05:29:00+00:00,55129.55078125,55139.44921875,55127.69921875,55135.25,0
2025-08-07 05:30:00+00:00,55140.94921875,55146.3515625,55131.3984375,55131.3984375,0
2025-08-07 05:31:00+00:00,55118.6015625,55141.1015625,55117.55078125,55141.1015625,0
2025-08-07 05:32:00+00:00,55115.25,55118.55078125,55098.44921875,55118.3515625,0
2025-08-07 05:33:00+00:00,55108.8515625,55120.1015625,55108.05078125,55113.30078125,0
2025-08-07 05:34:00+00:00,55111.1015625,55118.69921875,55094.8515625,55108.05078125,0
2025-08-07 05:35:00+00:00,55113.3984375,55114.6484375,55097.3515625,55111.0,0
2025-08-07 05:36:00+00:00,55098.0,55111.19921875,55083.55078125,55110.75,0
2025-08-07 05:37:00+00:00,55106.05078125,55115.80078125,55097.19921875,55100.1484375,0
2025-08-07 05:38:00+00:00,55103.6484375,55111.3984375,55100.0,55106.05078125,0
2025-08-07 05:39:00+00:00,55112.19921875,55115.25,55095.55078125,55100.25,0
2025-08-07 05:40:00+00:00,55097.19921875,55114.44921875,55094.69921875,55108.94921875,0
2025-08-07 05:41:00+00:00,55118.69921875,55125.6484375,55092.05078125,55096.0,0
2025-08-07 05:42:00+00:00,55126.25,55133.05078125,55103.3984375,55118.94921875,0
2025-08-07 05:43:00+00:00,55110.6484375,55125.8515625,55109.3515625,55125.8515625,0
2025-08-07 05:44:00+00:00,55111.44921875,55117.5,55107.8984375,55110.6484375,0
2025-08-07 05:45:00+00:00,55113.69921875,55122.1015625,55105.3984375,55113.3515625,0
2025-08-07 05:46:00+00:00,55128.8984375,55136.94921875,55110.25,55113.19921875,0
2025-08-07 05:47:00+00:00,55148.44921875,55148.44921875,55123.3515625,55135.75,0
2025-08-07 05:48:00+00:00,55134.80078125,55157.6484375,55127.44921875,55143.8515625,0
2025-08-07 05:49:00+00:00,55130.69921875,55139.05078125,55114.5,55128.3515625,0
2025-08-07 05:50:00+00:00,55130.8984375,55136.1015625,55116.3984375,55128.0,0
2025-08-07 05:51:00+00:00,55127.05078125,55141.05078125,55126.0,55130.3515625,0
2025-08-07 05:52:00+00:00,55131.25,55136.6484375,55109.8984375,55125.25,0
2025-08-07 05:53:00+00:00,55130.80078125,55141.80078125,55121.1015625,55129.6484375,0
2025-08-07 05:54:00+00:00,55130.30078125,55144.8984375,55128.75,55131.8984375,0
2025-08-07 05:55:00+00:00,55133.94921875,55139.1015625,55124.0,55130.30078125,0
2025-08-07 05:56:00+00:00,55151.3984375,55151.3984375,55131.1015625,55131.1015625,0
2025-08-07 05:57:00+00:00,55143.3984375,55151.6015625,55127.1015625,55149.55078125,0
2025-08-07 05:58:00+00:00,55127.1484375,55142.05078125,55122.30078125,55142.05078125,0
2025-08-07 05:59:00+00:00,55121.55078125,55132.8515625,55117.30078125,55127.55078125,0
2025-08-07 06:00:00+00:00,55110.69921875,55127.1484375,55107.55078125,55125.5,0
2025-08-07 06:01:00+00:00,55138.6015625,55146.3515625,55111.75,55112.3515625,0
2025-08-07 06:02:00+00:00,55122.1015625,55141.30078125,55113.6015625,55137.6015625,0
2025-08-07 06:03:00+00:00,55114.94921875,55132.1484375,55114.94921875,55122.1015625,0
2025-08-07 06:04:00+00:00,55131.30078125,55142.1484375,55111.8984375,55114.69921875,0
2025-08-07 06:05:00+00:00,55144.69921875,55145.75,55128.6015625,55133.75,0
2025-08-07 06:06:00+00:00,55137.55078125,55144.8515625,55126.8515625,55141.5,0
2025-08-07 06:07:00+00:00,55150.3984375,55157.5,55130.69921875,55139.8515625,0
2025-08-07 06:08:00+00:00,55142.80078125,55150.8515625,55134.3984375,55149.1484375,0
2025-08-07 06:09:00+00:00,55183.1015625,55184.19921875,55139.5,55142.3515625,0
2025-08-07 06:10:00+00:00,55160.1015625,55191.69921875,55159.25,55182.6484375,0
2025-08-07 06:11:00+00:00,55158.80078125,55165.55078125,55154.6484375,55160.1015625,0
2025-08-07 06:12:00+00:00,55138.75,55162.6015625,55138.75,55157.6015625,0
2025-08-07 06:13:00+00:00,55130.8515625,55149.6484375,55128.19921875,55139.6015625,0
2025-08-07 06:14:00+00:00,55117.69921875,55132.80078125,55112.0,55131.3984375,0
2025-08-07 06:15:00+00:00,55117.05078125,55130.80078125,55111.69921875,55119.94921875,0
2025-08-07 06:16:00+00:00,55113.19921875,55127.3515625,55105.94921875,55120.6015625,0
2025-08-07 06:17:00+00:00,55119.3515625,55121.6015625,55102.8984375,55113.1015625,0
2025-08-07 06:18:00+00:00,55117.55078125,55130.44921875,55113.55078125,55120.25,0
2025-08-07 06:19:00+00:00,55116.30078125,55120.44921875,55112.3984375,55117.94921875,0
2025-08-07 06:20:00+00:00,55117.55078125,55123.3515625,55111.19921875,55112.69921875,0
2025-08-07 06:21:00+00:00,55111.94921875,55132.1484375,55111.94921875,55116.6484375,0
2025-08-07 06:22:00+00:00,55111.0,55116.25,55102.75,55110.0,0
2025-08-07 06:23:00+00:00,55104.69921875,55113.5,55096.69921875,55110.6015625,0
2025-08-07 06:24:00+00:00,55118.8984375,55120.8515625,55104.6484375,55104.69921875,0
2025-08-07 06:25:00+00:00,55123.05078125,55132.19921875,55113.1015625,55116.94921875,0
2025-08-07 06:26:00+00:00,55118.8984375,55126.0,55111.8984375,55123.3515625,0
2025-08-07 06:27:00+00:00,55117.8515625,55126.69921875,55112.8515625,55118.75,0
2025-08-07 06:28:00+00:00,55118.25,55120.8984375,55108.3984375,55115.25,0
2025-08-07 06:29:00+00:00,55123.75,55126.6484375,55111.25,55121.55078125,0
2025-08-07 06:30:00+00:00,55130.1015625,55139.75,55120.30078125,55125.3515625,0
2025-08-07 06:31:00+00:00,55118.0,55134.6484375,55113.75,55131.19921875,0
2025-08-07 06:32:00+00:00,55154.80078125,55160.69921875,55117.8984375,55117.8984375,0
2025-08-07 06:33:00+00:00,55147.19921875,55165.0,55143.55078125,55154.80078125,0
2025-08-07 06:34:00+00:00,55148.0,55150.05078125,55138.8984375,55147.3515625,0
2025-08-07 06:35:00+00:00,55157.69921875,55162.8515625,55147.25,55148.69921875,0
2025-08-07 06:36:00+00:00,55149.75,55163.6484375,55144.8984375,55156.8515625,0
2025-08-07 06:37:00+00:00,55136.44921875,55153.1484375,55132.8984375,55149.75,0
2025-08-07 06:38:00+00:00,55144.0,55151.3515625,55122.44921875,55135.69921875,0
2025-08-07 06:39:00+00:00,55145.6484375,55150.6015625,55137.75,55144.8984375,0
2025-08-07 06:40:00+00:00,55157.75,55161.3515625,55140.44921875,55140.80078125,0
2025-08-07 06:41:00+00:00,55161.0,55166.0,55154.25,55157.1484375,0
2025-08-07 06:42:00+00:00,55186.8984375,55202.75,55158.6015625,55158.6015625,0
2025-08-07 06:43:00+00:00,55192.1484375,55192.1484375,55169.8515625,55190.19921875,0
2025-08-07 06:44:00+00:00,55172.3984375,55195.44921875,55169.25,55194.0,0
2025-08-07 06:45:00+00:00,55190.44921875,55196.25,55164.3515625,55175.0,0
2025-08-07 06:46:00+00:00,55186.80078125,55195.80078125,55184.1484375,55190.80078125,0
2025-08-07 06:47:00+00:00,55182.6484375,55196.1015625,55180.3984375,55186.5,0
2025-08-07 06:48:00+00:00,55167.05078125,55183.6015625,55166.1484375,55182.6484375,0
2025-08-07 06:49:00+00:00,55169.94921875,55181.69921875,55159.0,55165.1015625,0
2025-08-07 06:50:00+00:00,55171.1015625,55175.69921875,55164.30078125,55167.3984375,0
2025-08-07 06:51:00+00:00,55173.0,55175.94921875,55167.05078125,55170.80078125,0
2025-08-07 06:52:00+00:00,55152.8984375,55173.05078125,55150.3984375,55170.8515625,0
2025-08-07 06:53:00+00:00,55163.80078125,55167.75,55145.05078125,55152.6015625,0
2025-08-07 06:54:00+00:00,55155.5,55163.3984375,55149.19921875,55162.19921875,0
2025-08-07 06:55:00+00:00,55144.69921875,55160.19921875,55130.80078125,55154.44921875,0
2025-08-07 06:56:00+00:00,55153.80078125,55156.69921875,55138.6015625,55144.69921875,0
2025-08-07 06:57:00+00:00,55146.3984375,55154.6015625,55140.75,55146.3984375,0
2025-08-07 06:58:00+00:00,55152.80078125,55152.8515625,55140.30078125,55146.05078125,0
2025-08-07 06:59:00+00:00,55159.0,55161.75,55148.05078125,55152.0,0
2025-08-07 07:00:00+00:00,55163.75,55171.44921875,55155.25,55159.3984375,0
2025-08-07 07:01:00+00:00,55157.1484375,55169.8984375,55155.44921875,55163.1484375,0
2025-08-07 07:03:00+00:00,55127.80078125,55144.6015625,55125.3515625,55136.0,0
2025-08-07 07:04:00+00:00,55131.8984375,55141.6484375,55119.8515625,55127.80078125,0
2025-08-07 07:05:00+00:00,55132.8984375,55153.0,55121.8515625,55131.75,0
2025-08-07 07:06:00+00:00,55158.3984375,55158.3984375,55127.8515625,55128.8984375,0
2025-08-07 07:07:00+00:00,55151.25,55160.1484375,55143.1484375,55157.3984375,0
2025-08-07 07:08:00+00:00,55156.25,55157.05078125,55141.1015625,55150.3515625,0
2025-08-07 07:09:00+00:00,55158.0,55161.6484375,55146.94921875,55156.75,0
2025-08-07 07:10:00+00:00,55154.25,55167.1484375,55151.30078125,55158.3984375,0
2025-08-07 07:11:00+00:00,55158.75,55158.94921875,55145.0,55157.05078125,0
2025-08-07 07:12:00+00:00,55157.80078125,55160.30078125,55149.6015625,55159.55078125,0
2025-08-07 07:13:00+00:00,55115.6015625,55159.30078125,55110.75,55156.5,0
2025-08-07 07:14:00+00:00,55136.80078125,55144.94921875,55115.55078125,55115.8984375,0
2025-08-07 07:15:00+00:00,55124.75,55151.5,55123.3984375,55137.80078125,0
2025-08-07 07:16:00+00:00,55139.5,55144.8515625,55119.8984375,55124.94921875,0
2025-08-07 07:17:00+00:00,55142.55078125,55146.69921875,55135.3515625,55139.5,0
2025-08-07 07:18:00+00:00,55143.94921875,55150.6484375,55137.6015625,55142.8515625,0
2025-08-07 07:19:00+00:00,55130.75,55145.1015625,55124.69921875,55143.5,0
2025-08-07 07:20:00+00:00,55140.19921875,55142.8515625,55126.1015625,55130.75,0
2025-08-07 07:21:00+00:00,55139.75,55146.5,55132.94921875,55140.30078125,0
2025-08-07 07:22:00+00:00,55132.3515625,55148.6484375,55131.0,55138.8515625,0
2025-08-07 07:23:00+00:00,55140.30078125,55140.5,55125.8984375,55132.5,0
2025-08-07 07:24:00+00:00,55142.30078125,55144.6484375,55134.25,55138.69921875,0
2025-08-07 07:25:00+00:00,55129.3984375,55143.8515625,55120.69921875,55142.44921875,0
2025-08-07 07:26:00+00:00,55125.69921875,55134.44921875,55116.44921875,55125.3984375,0
2025-08-07 07:27:00+00:00,55145.80078125,55146.05078125,55124.94921875,55126.6484375,0
2025-08-07 07:28:00+00:00,55143.6015625,55147.6015625,55138.25,55143.75,0
2025-08-07 07:29:00+00:00,55146.5,55149.55078125,55141.8515625,55141.8515625,0
2025-08-07 07:30:00+00:00,55130.3984375,55148.6484375,55128.69921875,55146.75,0
2025-08-07 07:31:00+00:00,55127.30078125,55135.1015625,55120.6484375,55130.3984375,0
2025-08-07 07:32:00+00:00,55145.3515625,55145.3515625,55122.6484375,55125.69921875,0
2025-08-07 07:33:00+00:00,55143.3515625,55148.30078125,55140.3984375,55145.3515625,0
2025-08-07 07:34:00+00:00,55146.5,55148.6015625,55139.94921875,55143.25,0
2025-08-07 07:35:00+00:00,55138.6484375,55147.19921875,55132.8984375,55146.5,0
2025-08-07 07:36:00+00:00,55130.30078125,55139.69921875,55119.30078125,55138.55078125,0
2025-08-07 07:37:00+00:00,55121.19921875,55129.0,55110.6015625,55129.0,0
2025-08-07 07:38:00+00:00,55113.19921875,55121.8515625,55110.55078125,55120.0,0
2025-08-07 07:39:00+00:00,55111.3515625,55115.6484375,55106.8984375,55111.0,0
2025-08-07 07:40:00+00:00,55123.1015625,55127.8515625,55108.94921875,55108.94921875,0
2025-08-07 07:41:00+00:00,55104.19921875,55121.3515625,55093.75,55121.05078125,0
2025-08-07 07:42:00+00:00,55118.1484375,55119.75,55092.25,55101.69921875,0
2025-08-07 07:43:00+00:00,55110.30078125,55118.75,55102.5,55116.80078125,0
2025-08-07 07:44:00+00:00,55115.80078125,55119.5,55106.8515625,55107.05078125,0
2025-08-07 07:45:00+00:00,55120.55078125,55123.94921875,55110.8984375,55115.3984375,0
2025-08-07 07:46:00+00:00,55110.1484375,55122.0,55106.55078125,55120.94921875,0
2025-08-07 07:47:00+00:00,55086.75,55109.6484375,55086.75,55109.05078125,0
2025-08-07 07:48:00+00:00,55091.19921875,55096.6015625,55083.6015625,55088.3984375,0
2025-08-07 07:49:00+00:00,55111.25,55115.55078125,55072.94921875,55088.1484375,0
2025-08-07 07:50:00+00:00,55091.94921875,55109.05078125,55090.3515625,55106.19921875,0
2025-08-07 07:51:00+00:00,55079.8515625,55101.94921875,55079.69921875,55092.25,0
2025-08-07 07:52:00+00:00,55072.8515625,55087.69921875,55068.19921875,55079.8515625,0
2025-08-07 07:53:00+00:00,55056.3515625,55073.25,55052.1484375,55073.25,0
2025-08-07 07:54:00+00:00,55034.05078125,55057.5,55026.05078125,55055.05078125,0
2025-08-07 07:55:00+00:00,55036.55078125,55038.1484375,55016.30078125,55030.44921875,0
2025-08-07 07:56:00+00:00,55044.69921875,55056.1484375,55037.3515625,55037.3515625,0
2025-08-07 07:57:00+00:00,55030.1484375,55045.19921875,55024.94921875,55045.19921875,0
2025-08-07 07:58:00+00:00,55013.1015625,55032.94921875,55008.05078125,55029.25,0
2025-08-07 07:59:00+00:00,55011.30078125,55020.30078125,55002.75,55012.8984375,0
2025-08-07 08:00:00+00:00,55020.6015625,55020.6015625,54997.3984375,55013.5,0
2025-08-07 08:01:00+00:00,55030.30078125,55034.8984375,55020.80078125,55020.80078125,0
2025-08-07 08:02:00+00:00,55015.25,55030.1015625,55012.05078125,55029.05078125,0
2025-08-07 08:03:00+00:00,54997.94921875,55015.1484375,54995.5,55014.30078125,0
2025-08-07 08:04:00+00:00,55008.1015625,55020.5,54982.8515625,54999.05078125,0
2025-08-07 08:05:00+00:00,55010.1015625,55014.5,54998.8515625,55008.55078125,0
2025-08-07 08:06:00+00:00,54989.1015625,55015.80078125,54987.8515625,55009.1484375,0
2025-08-07 08:07:00+00:00,54989.94921875,55000.1015625,54986.3984375,54989.3515625,0
2025-08-07 08:08:00+00:00,54988.3984375,54993.3984375,54983.30078125,54989.44921875,0
2025-08-07 08:09:00+00:00,54996.25,55000.8515625,54973.8984375,54986.8515625,0
2025-08-07 08:10:00+00:00,54988.94921875,54998.94921875,54984.6484375,54996.1015625,0
2025-08-07 08:11:00+00:00,54995.19921875,55002.55078125,54984.1484375,54990.5,0
2025-08-07 08:12:00+00:00,54993.44921875,55000.1015625,54980.6484375,54986.1015625,0
2025-08-07 08:13:00+00:00,54988.30078125,54996.5,54985.5,54991.25,0
2025-08-07 08:14:00+00:00,55025.0,55040.30078125,54985.8984375,54986.69921875,0
2025-08-07 08:15:00+00:00,55040.44921875,55050.55078125,55014.94921875,55021.8515625,0
2025-08-07 08:16:00+00:00,55016.8515625,55054.1484375,55016.30078125,55037.55078125,0
2025-08-07 08:17:00+00:00,55024.69921875,55036.1015625,55009.30078125,55014.55078125,0
2025-08-07 08:18:00+00:00,55014.8984375,55028.6015625,55009.6015625,55019.75,0
2025-08-07 08:19:00+00:00,55022.8515625,55027.8984375,55012.75,55013.3515625,0
2025-08-07 08:20:00+00:00,55022.94921875,55032.80078125,55015.1484375,55024.05078125,0
2025-08-07 08:21:00+00:00,55009.0,55025.80078125,55006.3515625,55025.80078125,0
2025-08-07 08:22:00+00:00,55038.6484375,55042.25,55002.25,55009.0,0
2025-08-07 08:23:00+00:00,55020.44921875,55039.94921875,55008.1484375,55036.5,0
2025-08-07 08:24:00+00:00,55026.6015625,55028.69921875,55011.8515625,55018.8515625,0
2025-08-07 08:25:00+00:00,55028.30078125,55033.80078125,55019.80078125,55023.6015625,0
2025-08-07 08:26:00+00:00,55038.55078125,55040.3515625,55023.44921875,55026.94921875,0
2025-08-07 08:27:00+00:00,55060.1015625,55066.6484375,55035.8515625,55038.75,0
2025-08-07 08:28:00+00:00,55052.19921875,55067.6015625,55043.94921875,55060.80078125,0
2025-08-07 08:29:00+00:00,55043.6015625,55053.1015625,55034.69921875,55052.8984375,0
2025-08-07 08:30:00+00:00,55058.3984375,55065.8984375,55043.6015625,55043.6015625,0
2025-08-07 08:31:00+00:00,55060.69921875,55066.6015625,55048.8984375,55057.75,0
2025-08-07 08:32:00+00:00,55073.1484375,55083.1484375,55051.80078125,55059.69921875,0
2025-08-07 08:33:00+00:00,55074.55078125,55079.05078125,55054.1015625,55072.55078125,0
2025-08-07 08:34:00+00:00,55077.44921875,55077.44921875,55062.6484375,55074.5,0
2025-08-07 08:35:00+00:00,55097.19921875,55102.6484375,55074.3515625,55076.6484375,0
2025-08-07 08:36:00+00:00,55082.55078125,55109.6484375,55079.1015625,55098.75,0
2025-08-07 08:37:00+00:00,55084.1484375,55093.6015625,55067.6015625,55082.25,0
2025-08-07 08:38:00+00:00,55082.3984375,55095.25,55075.44921875,55083.1015625,0
2025-08-07 08:39:00+00:00,55079.3984375,55089.55078125,55075.1015625,55082.8984375,0
2025-08-07 08:40:00+00:00,55088.6484375,55096.44921875,55073.55078125,55078.3984375,0
2025-08-07 08:41:00+00:00,55086.6015625,55098.05078125,55076.30078125,55087.75,0
2025-08-07 08:42:00+00:00,55127.3984375,55142.44921875,55084.30078125,55084.30078125,0
2025-08-07 08:43:00+00:00,55109.1015625,55136.69921875,55103.25,55127.1484375,0
2025-08-07 08:44:00+00:00,55124.30078125,55131.69921875,55102.6484375,55108.3984375,0
2025-08-07 08:45:00+00:00,55156.1484375,55162.6015625,55122.3984375,55122.3984375,0
2025-08-07 08:46:00+00:00,55177.3515625,55180.5,55155.5,55155.5,0
2025-08-07 08:47:00+00:00,55185.8515625,55200.8515625,55168.3515625,55176.8984375,0
2025-08-07 08:48:00+00:00,55193.3515625,55213.55078125,55185.1484375,55185.8984375,0
2025-08-07 08:49:00+00:00,55194.25,55208.75,55186.0,55192.3515625,0
2025-08-07 08:50:00+00:00,55216.94921875,55236.05078125,55189.30078125,55191.8515625,0
2025-08-07 08:51:00+00:00,55222.30078125,55229.30078125,55213.94921875,55216.55078125,0
2025-08-07 08:52:00+00:00,55250.1015625,55295.94921875,55219.1015625,55219.1015625,0
2025-08-07 08:53:00+00:00,55228.69921875,55260.0,55222.44921875,55250.3515625,0
2025-08-07 08:54:00+00:00,55186.3984375,55227.94921875,55178.1484375,55226.8984375,0
2025-08-07 08:55:00+00:00,55195.25,55215.1015625,55177.1015625,55185.0,0
2025-08-07 08:56:00+00:00,55191.6015625,55200.0,55176.75,55194.3515625,0
2025-08-07 08:57:00+00:00,55184.5,55201.5,55176.3984375,55190.75,0
2025-08-07 08:58:00+00:00,55179.94921875,55183.3984375,55154.25,55177.1015625,0
2025-08-07 08:59:00+00:00,55231.94921875,55231.94921875,55178.75,55180.1015625,0
2025-08-07 09:00:00+00:00,55230.80078125,55256.8984375,55227.5,55228.0,0
2025-08-07 09:01:00+00:00,55255.8984375,55257.5,55226.30078125,55229.8515625,0
2025-08-07 09:02:00+00:00,55249.19921875,55266.69921875,55243.30078125,55255.6015625,0
2025-08-07 09:03:00+00:00,55262.30078125,55264.5,55246.3984375,55247.0,0
2025-08-07 09:04:00+00:00,55255.3984375,55269.0,55247.5,55261.69921875,0
2025-08-07 09:05:00+00:00,55240.5,55273.19921875,55239.5,55260.5,0
2025-08-07 09:06:00+00:00,55267.80078125,55297.19921875,55238.6484375,55239.44921875,0
2025-08-07 09:07:00+00:00,55278.1484375,55286.8984375,55262.05078125,55265.5,0
2025-08-07 09:08:00+00:00,55292.05078125,55307.3515625,55257.0,55275.94921875,0
2025-08-07 09:09:00+00:00,55274.30078125,55303.19921875,55258.69921875,55284.3984375,0
2025-08-07 09:10:00+00:00,55254.30078125,55284.25,55245.05078125,55275.0,0
2025-08-07 09:11:00+00:00,55258.1015625,55264.1484375,55240.3984375,55254.3515625,0
2025-08-07 09:12:00+00:00,55270.30078125,55274.44921875,55252.5,55254.5,0
2025-08-07 09:13:00+00:00,55288.5,55288.5,55263.8515625,55270.25,0
2025-08-07 09:14:00+00:00,55311.30078125,55320.3984375,55286.1015625,55286.1015625,0
2025-08-07 09:15:00+00:00,55299.25,55325.75,55284.1484375,55309.5,0
2025-08-07 09:16:00+00:00,55299.6484375,55309.55078125,55288.30078125,55304.3984375,0
2025-08-07 09:17:00+00:00,55292.05078125,55306.3984375,55286.55078125,55293.80078125,0
2025-08-07 09:18:00+00:00,55281.8984375,55295.75,55272.3984375,55292.44921875,0
2025-08-07 09:19:00+00:00,55288.75,55308.75,55277.94921875,55281.1015625,0
2025-08-07 09:20:00+00:00,55322.8515625,55336.25,55288.30078125,55290.05078125,0
2025-08-07 09:21:00+00:00,55338.69921875,55345.8515625,55318.69921875,55323.8984375,0
2025-08-07 09:22:00+00:00,55357.3515625,55361.1484375,55334.0,55338.6015625,0
2025-08-07 09:23:00+00:00,55345.75,55368.80078125,55342.3984375,55355.05078125,0
2025-08-07 09:24:00+00:00,55349.75,55362.25,55340.55078125,55348.05078125,0
2025-08-07 09:25:00+00:00,55308.1484375,55361.30078125,55304.8515625,55348.69921875,0
2025-08-07 09:26:00+00:00,55343.3984375,55348.69921875,55310.55078125,55313.8515625,0
2025-08-07 09:27:00+00:00,55342.19921875,55351.94921875,55331.6484375,55345.5,0
2025-08-07 09:28:00+00:00,55331.69921875,55343.05078125,55319.0,55341.3515625,0
2025-08-07 09:29:00+00:00,55357.44921875,55357.8515625,55323.6015625,55323.6015625,0
2025-08-07 09:30:00+00:00,55377.3984375,55382.69921875,55356.8515625,55356.8515625,0
2025-08-07 09:31:00+00:00,55383.55078125,55394.0,55369.3515625,55371.80078125,0
2025-08-07 09:32:00+00:00,55405.1015625,55405.1015625,55377.8984375,55383.6484375,0
2025-08-07 09:33:00+00:00,55391.69921875,55403.6015625,55388.69921875,55402.6484375,0
2025-08-07 09:34:00+00:00,55417.19921875,55420.6015625,55389.5,55391.8984375,0
2025-08-07 09:35:00+00:00,55457.19921875,55457.19921875,55406.5,55411.5,0
2025-08-07 09:36:00+00:00,55476.8984375,55487.0,55451.69921875,55453.6015625,0
2025-08-07 09:37:00+00:00,55477.69921875,55481.05078125,55464.1484375,55471.19921875,0
2025-08-07 09:38:00+00:00,55444.0,55475.94921875,55429.75,55475.1484375,0
2025-08-07 09:39:00+00:00,55474.5,55474.5,55443.6015625,55453.80078125,0
2025-08-07 09:40:00+00:00,55475.0,55481.19921875,55459.6015625,55466.75,0
2025-08-07 09:41:00+00:00,55511.3984375,55515.75,55472.55078125,55474.19921875,0
2025-08-07 09:42:00+00:00,55540.6484375,55550.6484375,55507.0,55507.0,0
2025-08-07 09:43:00+00:00,55549.80078125,55551.80078125,55537.30078125,55539.8515625,0
2025-08-07 09:44:00+00:00,55513.3984375,55550.1015625,55508.05078125,55547.44921875,0
2025-08-07 09:45:00+00:00,55571.6015625,55572.5,55507.19921875,55514.1484375,0
2025-08-07 09:46:00+00:00,55584.75,55588.69921875,55558.6484375,55572.3984375,0
2025-08-07 09:47:00+00:00,55580.94921875,55594.94921875,55577.0,55586.0,0
2025-08-07 09:48:00+00:00,55583.0,55589.80078125,55576.8515625,55584.8515625,0
2025-08-07 09:49:00+00:00,55575.3515625,55590.6484375,55568.6015625,55583.5,0
2025-08-07 09:50:00+00:00,55568.05078125,55578.69921875,55560.19921875,55577.44921875,0
2025-08-07 09:51:00+00:00,55578.1015625,55587.05078125,55567.8984375,55573.55078125,0
2025-08-07 09:52:00+00:00,55590.80078125,55606.25,55571.25,55579.69921875,0
2025-08-07 09:53:00+00:00,55587.5,55594.94921875,55581.1015625,55592.19921875,0
2025-08-07 09:54:00+00:00,55611.80078125,55614.05078125,55582.55078125,55588.55078125,0
2025-08-07 09:55:00+00:00,55602.0,55613.69921875,55597.30078125,55611.25,0
2025-08-07 09:56:00+00:00,55596.30078125,55609.69921875,55591.1484375,55605.5,0
2025-08-07 09:57:00+00:00,55581.80078125,55597.25,55573.5,55595.0,0
2025-08-07 09:58:00+00:00,55588.80078125,55601.1484375,55583.3515625,55589.94921875,0
2025-08-07 09:59:00+00:00,55591.3515625,55602.80078125,55565.6484375,55586.55078125,0
2025-08-08 03:45:00+00:00,55478.3515625,55622.94921875,55453.6015625,55610.3515625,0
2025-08-08 03:46:00+00:00,55446.8515625,55483.44921875,55438.44921875,55471.75,0
2025-08-08 03:47:00+00:00,55479.8984375,55490.0,55448.05078125,55451.0,0
2025-08-08 03:48:00+00:00,55476.1015625,55484.75,55443.6484375,55484.75,0
2025-08-08 03:49:00+00:00,55478.8515625,55489.5,55454.19921875,55471.3984375,0
2025-08-08 03:50:00+00:00,55483.3515625,55510.19921875,55466.05078125,55477.19921875,0
2025-08-08 03:51:00+00:00,55458.8984375,55491.05078125,55442.44921875,55491.05078125,0
2025-08-08 03:52:00+00:00,55448.3515625,55464.8515625,55431.05078125,55458.3515625,0
2025-08-08 03:53:00+00:00,55459.6484375,55467.25,55446.75,55446.75,0
2025-08-08 03:54:00+00:00,55445.1015625,55458.6015625,55436.5,55457.8515625,0
2025-08-08 03:55:00+00:00,55431.75,55447.6015625,55417.30078125,55447.1484375,0
2025-08-08 03:56:00+00:00,55445.1015625,55450.19921875,55424.94921875,55430.8984375,0
2025-08-08 03:57:00+00:00,55440.1015625,55454.3984375,55434.8984375,55442.69921875,0
2025-08-08 03:58:00+00:00,55402.80078125,55442.05078125,55398.30078125,55440.6484375,0
2025-08-08 03:59:00+00:00,55392.0,55410.1484375,55388.69921875,55400.30078125,0
2025-08-08 04:00:00+00:00,55391.55078125,55400.05078125,55381.75,55391.8515625,0
2025-08-08 04:01:00+00:00,55405.8515625,55412.25,55354.8515625,55386.80078125,0
2025-08-08 04:02:00+00:00,55395.44921875,55411.6015625,55392.1484375,55409.1015625,0
2025-08-08 04:03:00+00:00,55388.0,55395.75,55375.80078125,55393.8515625,0
2025-08-08 04:04:00+00:00,55394.05078125,55405.8515625,55388.3515625,55388.44921875,0
2025-08-08 04:05:00+00:00,55383.0,55400.1015625,55380.3515625,55394.05078125,0
2025-08-08 04:06:00+00:00,55414.3515625,55414.3515625,55379.55078125,55383.8984375,0
2025-08-08 04:07:00+00:00,55423.3515625,55429.75,55417.25,55418.80078125,0
2025-08-08 04:08:00+00:00,55415.55078125,55454.3984375,55410.19921875,55423.5,0
2025-08-08 04:09:00+00:00,55401.8515625,55416.3984375,55396.3515625,55414.55078125,0
2025-08-08 04:10:00+00:00,55382.6015625,55407.19921875,55376.8515625,55405.1484375,0
2025-08-08 04:11:00+00:00,55382.8984375,55402.0,55373.3984375,55383.94921875,0
2025-08-08 04:12:00+00:00,55378.3515625,55389.55078125,55377.8984375,55385.19921875,0
2025-08-08 04:13:00+00:00,55383.94921875,55394.0,55376.8984375,55376.8984375,0
2025-08-08 04:14:00+00:00,55376.75,55391.25,55375.05078125,55384.94921875,0
2025-08-08 04:15:00+00:00,55381.30078125,55384.44921875,55364.1484375,55380.3515625,0
2025-08-08 04:16:00+00:00,55381.6015625,55404.55078125,55380.6484375,55381.3515625,0
2025-08-08 04:17:00+00:00,55368.25,55385.05078125,55368.25,55380.30078125,0
2025-08-08 04:18:00+00:00,55379.30078125,55384.94921875,55366.3984375,55366.3984375,0
2025-08-08 04:19:00+00:00,55362.25,55381.94921875,55357.19921875,55378.8984375,0
2025-08-08 04:20:00+00:00,55353.19921875,55369.5,55346.44921875,55362.3515625,0
2025-08-08 04:21:00+00:00,55373.8515625,55376.44921875,55351.69921875,55353.19921875,0
2025-08-08 04:22:00+00:00,55362.3984375,55374.8984375,55350.55078125,55373.8515625,0
2025-08-08 04:23:00+00:00,55349.80078125,55368.1015625,55347.5,55362.3984375,0
2025-08-08 04:24:00+00:00,55357.44921875,55357.44921875,55339.0,55343.94921875,0
2025-08-08 04:25:00+00:00,55371.80078125,55385.3515625,55356.1484375,55357.44921875,0
2025-08-08 04:26:00+00:00,55344.8515625,55375.3515625,55344.8515625,55370.6015625,0
2025-08-08 04:27:00+00:00,55349.1484375,55365.30078125,55343.1015625,55350.1015625,0
2025-08-08 04:28:00+00:00,55353.44921875,55354.5,55341.3984375,55349.1484375,0
2025-08-08 04:29:00+00:00,55347.0,55359.1484375,55341.80078125,55353.05078125,0
2025-08-08 04:30:00+00:00,55328.1484375,55358.25,55325.75,55346.94921875,0
2025-08-08 04:31:00+00:00,55322.30078125,55330.0,55303.8515625,55326.94921875,0
2025-08-08 04:32:00+00:00,55319.05078125,55326.25,55314.3515625,55322.05078125,0
2025-08-08 04:33:00+00:00,55314.1484375,55321.1484375,55306.19921875,55318.0,0
2025-08-08 04:34:00+00:00,55287.25,55314.25,55280.1015625,55314.25,0
2025-08-08 04:35:00+00:00,55282.55078125,55299.1484375,55279.0,55286.44921875,0
2025-08-08 04:36:00+00:00,55268.69921875,55285.55078125,55268.25,55280.80078125,0
2025-08-08 04:37:00+00:00,55258.80078125,55273.8984375,55230.3984375,55273.55078125,0
2025-08-08 04:38:00+00:00,55265.75,55272.75,55242.19921875,55247.94921875,0
2025-08-08 04:39:00+00:00,55264.3515625,55271.55078125,55255.69921875,55271.55078125,0
2025-08-08 04:40:00+00:00,55274.5,55286.0,55263.75,55265.1015625,0
2025-08-08 04:41:00+00:00,55266.0,55280.75,55258.94921875,55274.8984375,0
2025-08-08 04:42:00+00:00,55256.55078125,55265.8984375,55236.8515625,55265.80078125,0
2025-08-08 04:43:00+00:00,55247.75,55257.19921875,55239.19921875,55256.55078125,0
2025-08-08 04:44:00+00:00,55252.3515625,55253.44921875,55238.3515625,55248.25,0
2025-08-08 04:45:00+00:00,55236.1484375,55246.8515625,55234.6015625,55243.6015625,0
2025-08-08 04:46:00+00:00,55239.1015625,55242.6484375,55223.05078125,55236.3984375,0
2025-08-08 04:47:00+00:00,55261.44921875,55261.8515625,55237.30078125,55242.1015625,0
2025-08-08 04:48:00+00:00,55257.3515625,55276.94921875,55254.6484375,55259.8984375,0
2025-08-08 04:49:00+00:00,55257.94921875,55261.25,55247.05078125,55259.1484375,0
2025-08-08 04:50:00+00:00,55236.05078125,55261.80078125,55234.25,55258.44921875,0
2025-08-08 04:51:00+00:00,55249.1484375,55252.6484375,55224.25,55235.44921875,0
2025-08-08 04:52:00+00:00,55244.3984375,55252.44921875,55230.6015625,55249.05078125,0
2025-08-08 04:53:00+00:00,55275.30078125,55279.25,55235.69921875,55246.6015625,0
2025-08-08 04:54:00+00:00,55282.1484375,55286.80078125,55264.94921875,55274.1015625,0
2025-08-08 04:55:00+00:00,55295.25,55299.30078125,55275.6015625,55282.1484375,0
2025-08-08 04:56:00+00:00,55320.69921875,55324.1015625,55292.25,55298.1015625,0
2025-08-08 04:57:00+00:00,55297.5,55321.80078125,55288.8984375,55321.25,0
2025-08-08 04:58:00+00:00,55272.94921875,55295.75,55271.5,55294.19921875,0
2025-08-08 04:59:00+00:00,55275.19921875,55280.8984375,55269.0,55272.44921875,0
2025-08-08 05:00:00+00:00,55259.19921875,55278.19921875,55250.6484375,55275.3984375,0
2025-08-08 05:01:00+00:00,55232.30078125,55259.8984375,55229.30078125,55259.80078125,0
2025-08-08 05:02:00+00:00,55216.8515625,55240.6015625,55203.6484375,55233.3515625,0
2025-08-08 05:03:00+00:00,55239.1015625,55239.55078125,55221.94921875,55221.94921875,0
2025-08-08 05:04:00+00:00,55238.19921875,55245.6484375,55231.75,55238.8515625,0
2025-08-08 05:05:00+00:00,55227.1484375,55238.19921875,55221.80078125,55238.19921875,0
2025-08-08 05:06:00+00:00,55223.8515625,55228.55078125,55218.75,55227.94921875,0
2025-08-08 05:07:00+00:00,55227.30078125,55234.6484375,55217.6484375,55223.6015625,0
2025-08-08 05:08:00+00:00,55224.8984375,55229.94921875,55224.25,55227.8515625,0
2025-08-08 05:09:00+00:00,55213.44921875,55226.05078125,55207.8984375,55225.69921875,0
2025-08-08 05:10:00+00:00,55218.6484375,55223.1015625,55204.5,55215.3515625,0
2025-08-08 05:11:00+00:00,55240.1484375,55241.3515625,55213.8515625,55213.8515625,0
2025-08-08 05:12:00+00:00,55251.94921875,55262.69921875,55238.05078125,55241.75,0
2025-08-08 05:13:00+00:00,55234.75,55262.55078125,55234.75,55252.55078125,0
2025-08-08 05:14:00+00:00,55231.19921875,55239.1015625,55225.05078125,55235.6484375,0
2025-08-08 05:15:00+00:00,55223.1484375,55232.19921875,55220.6015625,55231.19921875,0
2025-08-08 05:16:00+00:00,55231.80078125,55246.19921875,55218.19921875,55223.6484375,0
2025-08-08 05:17:00+00:00,55220.30078125,55235.8984375,55213.25,55235.80078125,0
2025-08-08 05:18:00+00:00,55205.8515625,55223.30078125,55201.5,55220.80078125,0
2025-08-08 05:19:00+00:00,55199.1484375,55211.19921875,55198.0,55206.25,0
2025-08-08 05:20:00+00:00,55191.3984375,55207.8984375,55191.0,55201.5,0
2025-08-08 05:21:00+00:00,55185.3515625,55193.3515625,55184.44921875,55187.94921875,0
2025-08-08 05:22:00+00:00,55195.75,55198.25,55182.80078125,55185.3515625,0
2025-08-08 05:23:00+00:00,55215.6484375,55216.5,55190.19921875,55195.75,0
2025-08-08 05:24:00+00:00,55206.8515625,55217.3515625,55200.8984375,55214.8515625,0
2025-08-08 05:25:00+00:00,55205.6015625,55209.05078125,55198.69921875,55206.8515625,0
2025-08-08 05:26:00+00:00,55204.8515625,55212.8984375,55203.8515625,55205.6015625,0
2025-08-08 05:27:00+00:00,55195.25,55206.25,55195.25,55206.25,0
2025-08-08 05:28:00+00:00,55198.6015625,55207.69921875,55196.19921875,55197.30078125,0
2025-08-08 05:29:00+00:00,55181.05078125,55200.19921875,55170.05078125,55199.1015625,0
2025-08-08 05:30:00+00:00,55176.6484375,55183.8515625,55162.3984375,55182.3515625,0
2025-08-08 05:31:00+00:00,55168.0,55178.3515625,55163.25,55175.94921875,0
2025-08-08 05:32:00+00:00,55171.3984375,55183.69921875,55163.55078125,55168.3984375,0
2025-08-08 05:33:00+00:00,55168.30078125,55174.19921875,55159.8984375,55173.25,0
2025-08-08 05:34:00+00:00,55179.1015625,55195.3515625,55168.44921875,55169.5,0
2025-08-08 05:35:00+00:00,55174.6484375,55182.8984375,55167.8515625,55179.1015625,0
2025-08-08 05:36:00+00:00,55171.8515625,55183.69921875,55171.8515625,55174.3515625,0
2025-08-08 05:37:00+00:00,55182.55078125,55193.1484375,55172.8515625,55176.19921875,0
2025-08-08 05:38:00+00:00,55190.8515625,55196.80078125,55181.1484375,55181.8984375,0
2025-08-08 05:39:00+00:00,55200.3984375,55205.30078125,55189.1015625,55194.1484375,0
2025-08-08 05:40:00+00:00,55192.3515625,55205.44921875,55189.1484375,55200.05078125,0
2025-08-08 05:41:00+00:00,55197.1484375,55201.05078125,55184.3515625,55187.19921875,0
2025-08-08 05:42:00+00:00,55203.19921875,55214.44921875,55196.05078125,55199.69921875,0
2025-08-08 05:43:00+00:00,55223.1015625,55227.1015625,55202.75,55208.8984375,0
2025-08-08 05:44:00+00:00,55210.8515625,55227.75,55205.30078125,55224.75,0
2025-08-08 05:45:00+00:00,55209.3515625,55220.3515625,55204.19921875,55213.3515625,0
2025-08-08 05:46:00+00:00,55199.1484375,55217.3515625,55198.69921875,55210.05078125,0
2025-08-08 05:47:00+00:00,55204.6015625,55209.05078125,55198.5,55200.94921875,0
2025-08-08 05:48:00+00:00,55218.8515625,55219.80078125,55203.1015625,55205.1015625,0
2025-08-08 05:49:00+00:00,55215.1015625,55221.25,55205.69921875,55217.55078125,0
2025-08-08 05:50:00+00:00,55204.69921875,55217.3984375,55203.19921875,55215.44921875,0
2025-08-08 05:51:00+00:00,55212.8984375,55216.1484375,55202.05078125,55205.80078125,0
2025-08-08 05:52:00+00:00,55198.05078125,55211.1015625,55196.6015625,55210.80078125,0
2025-08-08 05:53:00+00:00,55169.30078125,55200.6015625,55161.3515625,55200.6015625,0
2025-08-08 05:54:00+00:00,55163.3515625,55173.30078125,55158.94921875,55169.5,0
2025-08-08 05:55:00+00:00,55159.6484375,55165.94921875,55154.1484375,55163.19921875,0
2025-08-08 05:56:00+00:00,55166.3515625,55166.3515625,55152.19921875,55162.19921875,0
2025-08-08 05:57:00+00:00,55157.19921875,55170.44921875,55150.55078125,55167.75,0
2025-08-08 05:58:00+00:00,55154.6484375,55158.30078125,55147.8515625,55157.25,0
2025-08-08 05:59:00+00:00,55155.1484375,55161.69921875,55147.6015625,55155.1015625,0
2025-08-08 06:00:00+00:00,55139.5,55162.1015625,55130.1015625,55154.3515625,0
2025-08-08 06:01:00+00:00,55143.0,55162.19921875,55139.8984375,55139.8984375,0
2025-08-08 06:02:00+00:00,55145.1484375,55151.3515625,55132.3984375,55149.05078125,0
2025-08-08 06:03:00+00:00,55133.94921875,55148.8984375,55121.0,55140.1015625,0
2025-08-08 06:04:00+00:00,55136.19921875,55148.30078125,55130.44921875,55143.75,0
2025-08-08 06:05:00+00:00,55144.8984375,55150.8515625,55133.8515625,55139.30078125,0
2025-08-08 06:06:00+00:00,55148.55078125,55150.75,55141.5,55145.25,0
2025-08-08 06:07:00+00:00,55147.25,55156.25,55141.44921875,55149.1484375,0
2025-08-08 06:08:00+00:00,55114.94921875,55150.80078125,55108.94921875,55147.3984375,0
2025-08-08 06:09:00+00:00,55109.1484375,55115.80078125,55105.05078125,55115.3984375,0
2025-08-08 06:10:00+00:00,55097.19921875,55111.55078125,55091.05078125,55109.1015625,0
2025-08-08 06:11:00+00:00,55105.8984375,55116.8984375,55085.55078125,55097.8515625,0
2025-08-08 06:12:00+00:00,55106.6484375,55112.8984375,55098.0,55110.75,0
2025-08-08 06:13:00+00:00,55120.75,55127.5,55105.69921875,55106.1015625,0
2025-08-08 06:14:00+00:00,55122.3515625,55125.8984375,55109.94921875,55120.69921875,0
2025-08-08 06:15:00+00:00,55142.5,55146.44921875,55116.6015625,55123.30078125,0
2025-08-08 06:16:00+00:00,55139.8515625,55148.69921875,55136.6484375,55142.3515625,0
2025-08-08 06:17:00+00:00,55129.25,55143.80078125,55124.3984375,55141.0,0
2025-08-08 06:18:00+00:00,55118.44921875,55136.1015625,55115.1484375,55126.8515625,0
2025-08-08 06:19:00+00:00,55125.44921875,55133.0,55110.94921875,55118.55078125,0
2025-08-08 06:20:00+00:00,55136.25,55142.75,55115.6484375,55125.55078125,0
2025-08-08 06:21:00+00:00,55136.75,55142.8984375,55129.75,55136.8984375,0
2025-08-08 06:22:00+00:00,55153.80078125,55158.19921875,55134.0,55141.0,0
2025-08-08 06:23:00+00:00,55143.69921875,55159.75,55140.0,55154.6015625,0
2025-08-08 06:24:00+00:00,55139.30078125,55157.25,55137.1015625,55142.55078125,0
2025-08-08 06:25:00+00:00,55150.55078125,55151.94921875,55134.80078125,55139.8984375,0
2025-08-08 06:26:00+00:00,55146.0,55156.3984375,55139.1015625,55151.30078125,0
2025-08-08 06:27:00+00:00,55123.94921875,55145.94921875,55121.55078125,55145.94921875,0
2025-08-08 06:28:00+00:00,55117.69921875,55131.25,55097.1484375,55125.05078125,0
2025-08-08 06:29:00+00:00,55122.19921875,55129.55078125,55110.3984375,55119.6015625,0
2025-08-08 06:30:00+00:00,55110.1015625,55128.44921875,55109.30078125,55123.6015625,0
2025-08-08 06:31:00+00:00,55111.1015625,55116.3515625,55105.69921875,55114.05078125,0
2025-08-08 06:32:00+00:00,55094.94921875,55114.75,55091.6015625,55110.8984375,0
2025-08-08 06:33:00+00:00,55095.6015625,55099.3984375,55085.6015625,55092.94921875,0
2025-08-08 06:34:00+00:00,55092.30078125,55103.69921875,55087.3984375,55095.3984375,0
2025-08-08 06:35:00+00:00,55087.3984375,55095.1484375,55078.6015625,55094.19921875,0
2025-08-08 06:36:00+00:00,55098.75,55108.94921875,55084.44921875,55087.80078125,0
2025-08-08 06:37:00+00:00,55106.30078125,55115.8515625,55096.19921875,55098.80078125,0
2025-08-08 06:38:00+00:00,55119.0,55120.0,55102.8984375,55107.1484375,0
2025-08-08 06:39:00+00:00,55118.3984375,55130.5,55116.1015625,55120.19921875,0
2025-08-08 06:40:00+00:00,55116.30078125,55122.69921875,55102.3984375,55121.3984375,0
2025-08-08 06:41:00+00:00,55117.05078125,55120.6484375,55106.6484375,55113.19921875,0
2025-08-08 06:42:00+00:00,55114.80078125,55119.19921875,55105.69921875,55116.1484375,0
2025-08-08 06:43:00+00:00,55112.1484375,55118.8984375,55108.05078125,55113.3515625,0
2025-08-08 06:44:00+00:00,55114.1015625,55120.5,55107.69921875,55112.1484375,0
2025-08-08 06:45:00+00:00,55111.25,55116.75,55107.5,55114.80078125,0
2025-08-08 06:46:00+00:00,55113.8515625,55117.1484375,55106.3984375,55110.80078125,0
2025-08-08 06:47:00+00:00,55101.19921875,55114.0,55095.6484375,55113.8515625,0
2025-08-08 06:48:00+00:00,55093.05078125,55105.19921875,55087.8984375,55100.94921875,0
2025-08-08 06:49:00+00:00,55101.1484375,55110.25,55089.5,55092.80078125,0
2025-08-08 06:50:00+00:00,55100.19921875,55106.69921875,55093.1015625,55103.75,0
2025-08-08 06:51:00+00:00,55099.6015625,55103.19921875,55093.8984375,55100.94921875,0
2025-08-08 06:52:00+00:00,55106.6015625,55111.1484375,55098.6015625,55102.0,0
2025-08-08 06:53:00+00:00,55125.6015625,55125.6015625,55103.1484375,55106.5,0
2025-08-08 06:54:00+00:00,55137.0,55140.8984375,55120.80078125,55127.19921875,0
2025-08-08 06:55:00+00:00,55123.3515625,55136.80078125,55117.6484375,55135.8515625,0
2025-08-08 06:56:00+00:00,55132.8515625,55137.30078125,55118.75,55122.44921875,0
2025-08-08 06:57:00+00:00,55164.44921875,55166.5,55130.30078125,55132.44921875,0
2025-08-08 06:58:00+00:00,55156.30078125,55166.25,55147.80078125,55166.0,0
2025-08-08 06:59:00+00:00,55171.3515625,55181.6015625,55152.25,55154.8984375,0
2025-08-08 07:00:00+00:00,55185.94921875,55189.8515625,55167.8984375,55173.94921875,0
2025-08-08 07:01:00+00:00,55194.8984375,55203.30078125,55185.55078125,55190.94921875,0
2025-08-08 07:02:00+00:00,55182.8984375,55199.8515625,55176.5,55196.3984375,0
2025-08-08 07:03:00+00:00,55152.1015625,55183.6484375,55152.1015625,55183.6484375,0
2025-08-08 07:04:00+00:00,55171.05078125,55171.05078125,55156.3984375,55159.69921875,0
2025-08-08 07:05:00+00:00,55177.19921875,55182.30078125,55165.3984375,55171.6484375,0
2025-08-08 07:06:00+00:00,55172.30078125,55189.6484375,55168.3984375,55176.44921875,0
2025-08-08 07:07:00+00:00,55180.94921875,55200.1015625,55171.8984375,55173.05078125,0
2025-08-08 07:08:00+00:00,55166.3984375,55189.8515625,55158.1015625,55179.1015625,0
2025-08-08 07:09:00+00:00,55165.69921875,55172.44921875,55154.8515625,55166.0,0
2025-08-08 07:10:00+00:00,55170.25,55170.25,55154.44921875,55163.69921875,0
2025-08-08 07:11:00+00:00,55182.05078125,55182.69921875,55165.5,55169.19921875,0
2025-08-08 07:12:00+00:00,55176.0,55183.25,55163.94921875,55180.0,0
2025-08-08 07:13:00+00:00,55191.3984375,55201.5,55169.0,55175.6484375,0
2025-08-08 07:14:00+00:00,55179.6015625,55191.3984375,55170.6015625,55191.1015625,0
2025-08-08 07:15:00+00:00,55177.6484375,55187.75,55167.19921875,55179.6015625,0
2025-08-08 07:16:00+00:00,55192.94921875,55195.05078125,55167.8515625,55178.1484375,0
2025-08-08 07:17:00+00:00,55191.3515625,55202.5,55182.8984375,55195.5,0
2025-08-08 07:18:00+00:00,55214.0,55221.05078125,55189.0,55192.1015625,0
2025-08-08 07:19:00+00:00,55214.0,55218.19921875,55201.1015625,55216.69921875,0
2025-08-08 07:20:00+00:00,55230.55078125,55231.6484375,55209.1484375,55209.1484375,0
2025-08-08 07:21:00+00:00,55215.8984375,55238.94921875,55210.1015625,55232.25,0
2025-08-08 07:22:00+00:00,55207.05078125,55214.1015625,55193.44921875,55214.1015625,0
2025-08-08 07:23:00+00:00,55222.30078125,55229.5,55205.19921875,55213.1484375,0
2025-08-08 07:24:00+00:00,55244.80078125,55244.80078125,55215.19921875,55222.8515625,0
2025-08-08 07:25:00+00:00,55262.5,55267.3984375,55235.1484375,55254.80078125,0
2025-08-08 07:26:00+00:00,55259.75,55272.25,55251.69921875,55263.44921875,0
2025-08-08 07:27:00+00:00,55247.3515625,55262.30078125,55239.1015625,55258.3515625,0
2025-08-08 07:28:00+00:00,55226.8515625,55248.0,55216.80078125,55247.94921875,0
2025-08-08 07:29:00+00:00,55214.19921875,55224.3984375,55210.19921875,55224.3984375,0
2025-08-08 07:30:00+00:00,55189.1015625,55225.6484375,55188.8515625,55212.3984375,0
2025-08-08 07:31:00+00:00,55169.8984375,55189.75,55161.6015625,55189.0,0
2025-08-08 07:32:00+00:00,55152.5,55169.3984375,55131.75,55169.3984375,0
2025-08-08 07:33:00+00:00,55148.6484375,55154.6015625,55140.6015625,55153.19921875,0
2025-08-08 07:34:00+00:00,55160.25,55167.25,55139.8984375,55148.8515625,0
2025-08-08 07:35:00+00:00,55166.3984375,55174.69921875,55148.3984375,55160.94921875,0
2025-08-08 07:36:00+00:00,55175.0,55188.05078125,55160.1484375,55166.1015625,0
2025-08-08 07:37:00+00:00,55151.94921875,55177.6484375,55141.25,55176.8515625,0
2025-08-08 07:38:00+00:00,55134.75,55152.69921875,55111.0,55149.69921875,0
2025-08-08 07:39:00+00:00,55138.69921875,55142.19921875,55127.0,55135.25,0
2025-08-08 07:40:00+00:00,55108.8984375,55138.69921875,55102.1015625,55138.69921875,0
2025-08-08 07:41:00+00:00,55123.8515625,55132.80078125,55110.25,55110.44921875,0
2025-08-08 07:42:00+00:00,55126.94921875,55139.1015625,55105.55078125,55116.69921875,0
2025-08-08 07:43:00+00:00,55126.0,55140.94921875,55118.5,55134.05078125,0
2025-08-08 07:44:00+00:00,55137.94921875,55137.94921875,55115.75,55128.8984375,0
2025-08-08 07:45:00+00:00,55162.1484375,55166.3984375,55127.6484375,55137.44921875,0
2025-08-08 07:46:00+00:00,55189.55078125,55191.1015625,55156.80078125,55162.55078125,0
2025-08-08 07:47:00+00:00,55147.6484375,55196.75,55140.80078125,55193.8515625,0
2025-08-08 07:48:00+00:00,55129.6015625,55154.6015625,55120.6484375,55140.75,0
2025-08-08 07:49:00+00:00,55121.8515625,55144.6484375,55121.8515625,55133.44921875,0
2025-08-08 07:50:00+00:00,55122.1484375,55140.30078125,55110.94921875,55123.55078125,0
2025-08-08 07:51:00+00:00,55126.1484375,55131.05078125,55104.75,55128.0,0
2025-08-08 07:52:00+00:00,55112.55078125,55127.5,55104.3984375,55127.5,0
2025-08-08 07:53:00+00:00,55105.1484375,55120.94921875,55101.6015625,55113.6015625,0
2025-08-08 07:54:00+00:00,55113.25,55120.30078125,55098.6015625,55110.6015625,0
2025-08-08 07:55:00+00:00,55105.80078125,55118.8515625,55099.6484375,55115.94921875,0
2025-08-08 07:56:00+00:00,55111.44921875,55121.80078125,55095.25,55105.1484375,0
2025-08-08 07:57:00+00:00,55097.69921875,55114.3515625,55088.6015625,55113.1484375,0
2025-08-08 07:58:00+00:00,55072.94921875,55103.25,55068.1484375,55102.8984375,0
2025-08-08 07:59:00+00:00,55085.80078125,55093.6484375,55070.44921875,55072.3515625,0
2025-08-08 08:00:00+00:00,55094.3984375,55094.3984375,55060.69921875,55086.05078125,0
2025-08-08 08:01:00+00:00,55130.3984375,55137.8515625,55086.19921875,55090.1015625,0
2025-08-08 08:02:00+00:00,55151.19921875,55161.94921875,55123.05078125,55128.6484375,0
2025-08-08 08:03:00+00:00,55127.1015625,55154.94921875,55122.05078125,55154.94921875,0
2025-08-08 08:04:00+00:00,55155.3984375,55155.8515625,55119.94921875,55127.8515625,0
2025-08-08 08:05:00+00:00,55155.1015625,55167.05078125,55146.19921875,55154.6015625,0
2025-08-08 08:06:00+00:00,55154.55078125,55174.05078125,55149.55078125,55160.69921875,0
2025-08-08 08:07:00+00:00,55145.3515625,55154.1484375,55139.8984375,55154.1484375,0
2025-08-08 08:08:00+00:00,55181.1015625,55181.1015625,55132.3984375,55148.8984375,0
2025-08-08 08:09:00+00:00,55170.3515625,55191.44921875,55163.6015625,55174.30078125,0
2025-08-08 08:10:00+00:00,55166.55078125,55177.30078125,55153.8515625,55169.8515625,0
2025-08-08 08:11:00+00:00,55177.6015625,55177.6015625,55145.6484375,55168.6015625,0
2025-08-08 08:12:00+00:00,55189.94921875,55195.1484375,55165.80078125,55178.25,0
2025-08-08 08:13:00+00:00,55186.5,55198.6015625,55179.6015625,55193.80078125,0
2025-08-08 08:14:00+00:00,55187.5,55191.19921875,55177.8515625,55183.0,0
2025-08-08 08:15:00+00:00,55178.44921875,55188.94921875,55168.44921875,55187.3984375,0
2025-08-08 08:16:00+00:00,55156.8984375,55180.19921875,55139.8984375,55180.19921875,0
2025-08-08 08:17:00+00:00,55150.5,55171.0,55134.44921875,55153.69921875,0
2025-08-08 08:18:00+00:00,55137.25,55149.55078125,55110.0,55149.3515625,0
2025-08-08 08:19:00+00:00,55135.55078125,55137.25,55121.19921875,55134.94921875,0
2025-08-08 08:20:00+00:00,55132.05078125,55134.94921875,55118.6484375,55134.05078125,0
2025-08-08 08:21:00+00:00,55155.69921875,55155.69921875,55117.8515625,55132.05078125,0
2025-08-08 08:22:00+00:00,55139.5,55156.69921875,55123.44921875,55156.69921875,0
2025-08-08 08:23:00+00:00,55136.3984375,55138.5,55122.1484375,55138.5,0
2025-08-08 08:24:00+00:00,55138.19921875,55138.19921875,55127.25,55137.5,0
2025-08-08 08:25:00+00:00,55131.8984375,55143.8515625,55126.94921875,55137.5,0
2025-08-08 08:26:00+00:00,55142.75,55147.25,55127.5,55132.69921875,0
2025-08-08 08:27:00+00:00,55139.6015625,55146.0,55129.75,55142.3984375,0
2025-08-08 08:28:00+00:00,55132.19921875,55137.55078125,55124.6484375,55137.55078125,0
2025-08-08 08:29:00+00:00,55133.44921875,55135.8515625,55117.44921875,55133.1015625,0
2025-08-08 08:30:00+00:00,55165.8515625,55174.1015625,55128.1484375,55133.44921875,0
2025-08-08 08:31:00+00:00,55188.25,55188.25,55160.6484375,55168.25,0
2025-08-08 08:32:00+00:00,55170.6484375,55200.30078125,55166.6484375,55189.3984375,0
2025-08-08 08:33:00+00:00,55147.80078125,55171.0,55144.69921875,55170.3515625,0
2025-08-08 08:34:00+00:00,55152.8984375,55161.44921875,55142.3984375,55152.69921875,0
2025-08-08 08:35:00+00:00,55167.80078125,55169.55078125,55151.8984375,55153.6015625,0
2025-08-08 08:36:00+00:00,55164.1015625,55174.05078125,55154.75,55165.94921875,0
2025-08-08 08:37:00+00:00,55146.30078125,55164.6015625,55139.6015625,55164.1015625,0
2025-08-08 08:38:00+00:00,55150.55078125,55150.8984375,55131.25,55144.6015625,0
2025-08-08 08:39:00+00:00,55156.6015625,55167.1484375,55145.5,55150.55078125,0
2025-08-08 08:40:00+00:00,55151.8984375,55156.94921875,55147.6015625,55156.55078125,0
2025-08-08 08:41:00+00:00,55129.19921875,55153.30078125,55122.75,55151.6015625,0
2025-08-08 08:42:00+00:00,55079.0,55129.8984375,55077.6015625,55129.44921875,0
2025-08-08 08:43:00+00:00,55118.3984375,55122.69921875,55070.0,55078.25,0
2025-08-08 08:44:00+00:00,55125.8984375,55125.8984375,55103.55078125,55120.1484375,0
2025-08-08 08:45:00+00:00,55118.19921875,55126.6484375,55112.69921875,55122.05078125,0
2025-08-08 08:46:00+00:00,55149.5,55156.3515625,55106.1484375,55118.75,0
2025-08-08 08:47:00+00:00,55154.94921875,55162.8515625,55141.6015625,55151.0,0
2025-08-08 08:48:00+00:00,55169.1015625,55172.05078125,55146.44921875,55152.5,0
2025-08-08 08:49:00+00:00,55155.0,55172.25,55150.69921875,55170.69921875,0
2025-08-08 08:50:00+00:00,55157.8984375,55161.6484375,55147.1484375,55155.75,0
2025-08-08 08:51:00+00:00,55154.8984375,55163.1015625,55150.19921875,55156.1484375,0
2025-08-08 08:52:00+00:00,55157.30078125,55160.25,55148.55078125,55155.3984375,0
2025-08-08 08:53:00+00:00,55147.1015625,55161.3984375,55143.3515625,55159.75,0
2025-08-08 08:54:00+00:00,55146.19921875,55152.55078125,55143.1015625,55150.05078125,0
2025-08-08 08:55:00+00:00,55120.80078125,55149.30078125,55113.75,55147.69921875,0
2025-08-08 08:56:00+00:00,55111.8984375,55125.55078125,55107.44921875,55121.3984375,0
2025-08-08 08:57:00+00:00,55099.55078125,55116.05078125,55097.3984375,55116.05078125,0
2025-08-08 08:58:00+00:00,55087.75,55106.80078125,55086.55078125,55099.69921875,0
2025-08-08 08:59:00+00:00,55108.0,55110.80078125,55081.44921875,55092.6015625,0
2025-08-08 09:00:00+00:00,55119.80078125,55125.05078125,55090.3984375,55109.69921875,0
2025-08-08 09:01:00+00:00,55099.8515625,55125.3515625,55095.69921875,55123.55078125,0
2025-08-08 09:02:00+00:00,55092.6015625,55119.75,55080.94921875,55101.05078125,0
2025-08-08 09:03:00+00:00,55130.1484375,55130.1484375,55079.5,55093.80078125,0
2025-08-08 09:04:00+00:00,55115.80078125,55134.44921875,55109.05078125,55130.05078125,0
2025-08-08 09:05:00+00:00,55152.19921875,55152.25,55112.30078125,55116.69921875,0
2025-08-08 09:06:00+00:00,55139.6484375,55149.19921875,55131.80078125,55147.25,0
2025-08-08 09:07:00+00:00,55131.55078125,55145.30078125,55129.44921875,55133.1015625,0
2025-08-08 09:08:00+00:00,55149.05078125,55149.05078125,55127.1484375,55135.0,0
2025-08-08 09:09:00+00:00,55135.1015625,55154.0,55125.69921875,55144.3515625,0
2025-08-08 09:10:00+00:00,55147.05078125,55159.19921875,55126.8984375,55130.69921875,0
2025-08-08 09:11:00+00:00,55162.3984375,55162.3984375,55140.30078125,55152.1015625,0
2025-08-08 09:12:00+00:00,55181.30078125,55181.30078125,55160.3515625,55163.3984375,0
2025-08-08 09:13:00+00:00,55172.19921875,55183.69921875,55163.6484375,55182.30078125,0
2025-08-08 09:14:00+00:00,55159.80078125,55175.94921875,55152.1484375,55175.80078125,0
2025-08-08 09:15:00+00:00,55173.19921875,55175.75,55156.8515625,55163.75,0
2025-08-08 09:16:00+00:00,55156.1484375,55178.55078125,55156.1484375,55174.44921875,0
2025-08-08 09:17:00+00:00,55140.55078125,55156.1484375,55134.05078125,55155.75,0
2025-08-08 09:18:00+00:00,55141.25,55144.8984375,55126.3984375,55142.5,0
2025-08-08 09:19:00+00:00,55155.3984375,55173.5,55136.5,55136.5,0
2025-08-08 09:20:00+00:00,55137.3984375,55154.94921875,55133.94921875,55154.94921875,0
2025-08-08 09:21:00+00:00,55141.5,55151.8515625,55127.3515625,55145.1484375,0
2025-08-08 09:22:00+00:00,55147.80078125,55149.8984375,55130.44921875,55142.5,0
2025-08-08 09:23:00+00:00,55138.8515625,55153.19921875,55127.6015625,55146.1015625,0
2025-08-08 09:24:00+00:00,55138.94921875,55147.0,55131.1484375,55145.94921875,0
2025-08-08 09:25:00+00:00,55134.44921875,55142.6015625,55125.8515625,55139.30078125,0
2025-08-08 09:26:00+00:00,55133.55078125,55136.25,55115.1015625,55134.25,0
2025-08-08 09:27:00+00:00,55123.25,55133.8515625,55115.3984375,55132.5,0
2025-08-08 09:28:00+00:00,55124.8515625,55131.6015625,55114.1484375,55125.8984375,0
2025-08-08 09:29:00+00:00,55127.30078125,55133.75,55117.8515625,55125.69921875,0
2025-08-08 09:30:00+00:00,55105.3515625,55131.94921875,55103.69921875,55128.69921875,0
2025-08-08 09:31:00+00:00,55104.0,55113.69921875,55096.3515625,55108.25,0
2025-08-08 09:32:00+00:00,55100.6484375,55111.8515625,55095.8984375,55105.44921875,0
2025-08-08 09:33:00+00:00,55089.1484375,55102.94921875,55083.05078125,55099.94921875,0
2025-08-08 09:34:00+00:00,55108.3515625,55110.05078125,55087.75,55088.25,0
2025-08-08 09:35:00+00:00,55094.3515625,55113.94921875,55092.1015625,55109.3984375,0
2025-08-08 09:36:00+00:00,55097.25,55107.05078125,55092.44921875,55095.3984375,0
2025-08-08 09:37:00+00:00,55096.5,55101.3984375,55088.8984375,55099.1015625,0
2025-08-08 09:38:00+00:00,55068.69921875,55098.05078125,55065.44921875,55097.44921875,0
2025-08-08 09:39:00+00:00,55045.8984375,55078.30078125,55042.80078125,55072.1484375,0
2025-08-08 09:40:00+00:00,55025.05078125,55060.3984375,55025.0,55046.6015625,0
2025-08-08 09:41:00+00:00,55035.6484375,55038.6484375,55015.94921875,55027.44921875,0
2025-08-08 09:42:00+00:00,54948.69921875,55037.1015625,54945.19921875,55036.8515625,0
2025-08-08 09:43:00+00:00,54949.3515625,54953.69921875,54928.0,54949.8984375,0
2025-08-08 09:44:00+00:00,54985.55078125,54987.75,54959.6484375,54959.6484375,0
2025-08-08 09:45:00+00:00,55013.3515625,55023.8984375,54963.05078125,54987.6015625,0
2025-08-08 09:46:00+00:00,54976.30078125,55020.3515625,54970.44921875,55015.3515625,0
2025-08-08 09:47:00+00:00,54973.55078125,54992.8515625,54961.6484375,54979.8984375,0
2025-08-08 09:48:00+00:00,54951.5,54978.8515625,54948.25,54978.8515625,0
2025-08-08 09:49:00+00:00,54942.30078125,54955.69921875,54936.05078125,54952.8515625,0
2025-08-08 09:50:00+00:00,54940.8984375,54951.44921875,54925.1015625,54944.6015625,0
2025-08-08 09:51:00+00:00,54943.1015625,54944.30078125,54929.44921875,54940.1484375,0
2025-08-08 09:52:00+00:00,54932.6015625,54945.05078125,54927.8515625,54944.6015625,0
2025-08-08 09:53:00+00:00,54951.1484375,54951.1484375,54928.94921875,54934.30078125,0
2025-08-08 09:54:00+00:00,54935.5,54954.30078125,54923.94921875,54952.0,0
2025-08-08 09:55:00+00:00,54951.19921875,54963.0,54929.8515625,54939.25,0
2025-08-08 09:56:00+00:00,54949.1015625,54959.55078125,54940.75,54951.3515625,0
2025-08-08 09:57:00+00:00,54954.05078125,54960.3984375,54943.3984375,54952.8515625,0
2025-08-08 09:58:00+00:00,54966.69921875,54973.6015625,54945.8984375,54957.1484375,0
2025-08-08 09:59:00+00:00,54920.1484375,54967.0,54907.80078125,54958.8984375,0
