Price,Close,High,Low,Open,Volume
Ticker,^NSEI,^NSEI,^NSEI,^NSEI,^NSEI
Datetime,,,,,
2025-07-31 03:45:00+00:00,24699.099609375,24699.400390625,24654.05078125,24654.599609375,0
2025-07-31 03:46:00+00:00,24665.25,24695.55078125,24664.349609375,24693.5,0
2025-07-31 03:47:00+00:00,24661.25,24666.650390625,24639.55078125,24665.349609375,0
2025-07-31 03:48:00+00:00,24666.69921875,24676.80078125,24657.150390625,24661.400390625,0
2025-07-31 03:49:00+00:00,24680.30078125,24683.94921875,24667.55078125,24667.55078125,0
2025-07-31 03:50:00+00:00,24702.69921875,24714.80078125,24669.900390625,24680.349609375,0
2025-07-31 03:51:00+00:00,24706.5,24714.44921875,24696.80078125,24703.05078125,0
2025-07-31 03:52:00+00:00,24705.05078125,24706.599609375,24686.55078125,24704.650390625,0
2025-07-31 03:53:00+00:00,24711.849609375,24728.55078125,24705.5,24707.19921875,0
2025-07-31 03:54:00+00:00,24718.650390625,24719.19921875,24703.55078125,24713.650390625,0
2025-07-31 03:55:00+00:00,24699.599609375,24719.30078125,24695.44921875,24718.55078125,0
2025-07-31 03:56:00+00:00,24714.599609375,24715.69921875,24693.69921875,24698.349609375,0
2025-07-31 03:57:00+00:00,24718.44921875,24725.849609375,24713.55078125,24713.55078125,0
2025-07-31 03:58:00+00:00,24715.55078125,24720.650390625,24712.55078125,24719.30078125,0
2025-07-31 03:59:00+00:00,24709.400390625,24719.400390625,24707.19921875,24715.55078125,0
2025-07-31 04:00:00+00:00,24703.05078125,24708.55078125,24695.0,24708.400390625,0
2025-07-31 04:01:00+00:00,24709.400390625,24712.0,24694.75,24703.099609375,0
2025-07-31 04:02:00+00:00,24712.650390625,24719.25,24708.94921875,24708.94921875,0
2025-07-31 04:03:00+00:00,24696.599609375,24713.900390625,24696.5,24712.349609375,0
2025-07-31 04:04:00+00:00,24711.55078125,24711.55078125,24696.80078125,24697.349609375,0
2025-07-31 04:05:00+00:00,24696.900390625,24712.75,24696.25,24711.900390625,0
2025-07-31 04:06:00+00:00,24695.80078125,24700.44921875,24693.80078125,24697.400390625,0
2025-07-31 04:07:00+00:00,24697.80078125,24699.94921875,24693.05078125,24696.849609375,0
2025-07-31 04:08:00+00:00,24691.900390625,24698.69921875,24689.900390625,24698.69921875,0
2025-07-31 04:09:00+00:00,24687.94921875,24692.150390625,24686.349609375,24691.900390625,0
2025-07-31 04:10:00+00:00,24690.30078125,24691.55078125,24684.650390625,24687.599609375,0
2025-07-31 04:11:00+00:00,24700.900390625,24706.44921875,24690.349609375,24690.5,0
2025-07-31 04:12:00+00:00,24702.19921875,24704.599609375,24695.69921875,24701.55078125,0
2025-07-31 04:13:00+00:00,24703.25,24705.400390625,24701.150390625,24703.75,0
2025-07-31 04:14:00+00:00,24707.94921875,24710.69921875,24703.5,24703.5,0
2025-07-31 04:15:00+00:00,24703.69921875,24708.94921875,24701.0,24707.55078125,0
2025-07-31 04:16:00+00:00,24704.599609375,24705.849609375,24701.849609375,24702.900390625,0
2025-07-31 04:17:00+00:00,24696.94921875,24705.55078125,24694.94921875,24704.94921875,0
2025-07-31 04:18:00+00:00,24700.75,24702.75,24689.400390625,24695.650390625,0
2025-07-31 04:19:00+00:00,24693.349609375,24700.849609375,24687.80078125,24700.25,0
2025-07-31 04:20:00+00:00,24691.400390625,24695.650390625,24690.0,24694.05078125,0
2025-07-31 04:21:00+00:00,24700.80078125,24704.650390625,24688.650390625,24692.0,0
2025-07-31 04:22:00+00:00,24706.400390625,24707.349609375,24701.400390625,24701.599609375,0
2025-07-31 04:23:00+00:00,24705.849609375,24707.349609375,24702.650390625,24706.69921875,0
2025-07-31 04:24:00+00:00,24702.150390625,24706.69921875,24700.900390625,24705.94921875,0
2025-07-31 04:25:00+00:00,24704.69921875,24704.80078125,24701.599609375,24701.94921875,0
2025-07-31 04:26:00+00:00,24708.19921875,24708.55078125,24703.400390625,24703.400390625,0
2025-07-31 04:27:00+00:00,24693.349609375,24709.349609375,24693.349609375,24708.55078125,0
2025-07-31 04:28:00+00:00,24694.55078125,24696.25,24690.599609375,24693.0,0
2025-07-31 04:29:00+00:00,24694.099609375,24696.400390625,24691.150390625,24694.05078125,0
2025-07-31 04:30:00+00:00,24668.099609375,24693.75,24666.400390625,24692.75,0
2025-07-31 04:31:00+00:00,24670.900390625,24676.099609375,24661.55078125,24667.75,0
2025-07-31 04:32:00+00:00,24654.849609375,24671.94921875,24653.900390625,24671.400390625,0
2025-07-31 04:33:00+00:00,24656.650390625,24659.099609375,24653.599609375,24654.69921875,0
2025-07-31 04:34:00+00:00,24661.900390625,24663.75,24654.05078125,24656.5,0
2025-07-31 04:35:00+00:00,24666.44921875,24668.099609375,24659.5,24660.94921875,0
2025-07-31 04:36:00+00:00,24666.69921875,24668.30078125,24663.599609375,24666.650390625,0
2025-07-31 04:37:00+00:00,24682.599609375,24682.599609375,24667.44921875,24667.44921875,0
2025-07-31 04:38:00+00:00,24679.44921875,24687.0,24679.44921875,24682.75,0
2025-07-31 04:39:00+00:00,24678.150390625,24682.900390625,24677.69921875,24679.099609375,0
2025-07-31 04:40:00+00:00,24672.5,24678.75,24667.349609375,24678.099609375,0
2025-07-31 04:41:00+00:00,24678.650390625,24683.44921875,24673.150390625,24673.150390625,0
2025-07-31 04:42:00+00:00,24672.400390625,24679.349609375,24671.849609375,24679.349609375,0
2025-07-31 04:43:00+00:00,24665.599609375,24673.599609375,24665.30078125,24672.44921875,0
2025-07-31 04:44:00+00:00,24673.599609375,24674.0,24665.94921875,24665.94921875,0
2025-07-31 04:45:00+00:00,24674.849609375,24674.849609375,24667.150390625,24673.19921875,0
2025-07-31 04:46:00+00:00,24679.099609375,24682.94921875,24675.150390625,24675.150390625,0
2025-07-31 04:47:00+00:00,24674.0,24679.05078125,24671.44921875,24678.55078125,0
2025-07-31 04:48:00+00:00,24674.5,24680.0,24673.30078125,24673.849609375,0
2025-07-31 04:49:00+00:00,24675.30078125,24677.05078125,24672.80078125,24674.5,0
2025-07-31 04:50:00+00:00,24671.150390625,24676.19921875,24667.349609375,24676.19921875,0
2025-07-31 04:51:00+00:00,24668.05078125,24672.099609375,24666.69921875,24670.599609375,0
2025-07-31 04:52:00+00:00,24683.099609375,24683.900390625,24668.0,24668.44921875,0
2025-07-31 04:53:00+00:00,24680.30078125,24683.650390625,24678.099609375,24683.30078125,0
2025-07-31 04:54:00+00:00,24686.25,24686.900390625,24680.19921875,24680.94921875,0
2025-07-31 04:55:00+00:00,24686.75,24687.44921875,24683.19921875,24686.400390625,0
2025-07-31 04:56:00+00:00,24684.150390625,24689.75,24680.19921875,24687.30078125,0
2025-07-31 04:57:00+00:00,24690.349609375,24691.75,24683.30078125,24683.650390625,0
2025-07-31 04:58:00+00:00,24687.30078125,24692.80078125,24683.69921875,24690.55078125,0
2025-07-31 04:59:00+00:00,24678.400390625,24688.25,24671.80078125,24687.30078125,0
2025-07-31 05:00:00+00:00,24685.19921875,24685.69921875,24672.150390625,24677.30078125,0
2025-07-31 05:01:00+00:00,24674.75,24685.30078125,24673.30078125,24685.30078125,0
2025-07-31 05:02:00+00:00,24674.75,24675.5,24671.44921875,24675.349609375,0
2025-07-31 05:03:00+00:00,24671.80078125,24677.30078125,24671.80078125,24674.19921875,0
2025-07-31 05:04:00+00:00,24671.150390625,24674.80078125,24669.0,24674.099609375,0
2025-07-31 05:05:00+00:00,24672.5,24675.849609375,24668.5,24671.099609375,0
2025-07-31 05:06:00+00:00,24671.099609375,24675.69921875,24668.900390625,24672.349609375,0
2025-07-31 05:07:00+00:00,24677.400390625,24677.400390625,24662.599609375,24671.5,0
2025-07-31 05:08:00+00:00,24672.599609375,24680.94921875,24671.400390625,24677.0,0
2025-07-31 05:09:00+00:00,24680.75,24681.19921875,24671.099609375,24672.44921875,0
2025-07-31 05:10:00+00:00,24679.75,24684.55078125,24679.099609375,24680.849609375,0
2025-07-31 05:11:00+00:00,24681.650390625,24683.0,24677.849609375,24679.650390625,0
2025-07-31 05:12:00+00:00,24679.900390625,24683.55078125,24676.94921875,24681.599609375,0
2025-07-31 05:13:00+00:00,24681.650390625,24684.05078125,24677.599609375,24680.44921875,0
2025-07-31 05:14:00+00:00,24693.099609375,24693.099609375,24679.349609375,24681.75,0
2025-07-31 05:15:00+00:00,24704.400390625,24713.099609375,24693.05078125,24693.5,0
2025-07-31 05:16:00+00:00,24705.650390625,24707.25,24701.0,24703.25,0
2025-07-31 05:17:00+00:00,24709.75,24710.30078125,24703.650390625,24705.650390625,0
2025-07-31 05:18:00+00:00,24720.25,24722.94921875,24708.349609375,24709.44921875,0
2025-07-31 05:19:00+00:00,24719.150390625,24721.55078125,24714.349609375,24720.599609375,0
2025-07-31 05:20:00+00:00,24723.5,24728.44921875,24719.0,24719.0,0
2025-07-31 05:21:00+00:00,24718.599609375,24723.25,24711.349609375,24723.25,0
2025-07-31 05:22:00+00:00,24721.80078125,24724.25,24717.349609375,24718.849609375,0
2025-07-31 05:23:00+00:00,24723.05078125,24725.75,24720.400390625,24721.94921875,0
2025-07-31 05:24:00+00:00,24725.349609375,24727.44921875,24719.25,24720.55078125,0
2025-07-31 05:25:00+00:00,24726.599609375,24728.69921875,24722.44921875,24724.94921875,0
2025-07-31 05:26:00+00:00,24723.650390625,24725.75,24721.150390625,24724.599609375,0
2025-07-31 05:27:00+00:00,24720.05078125,24724.05078125,24711.30078125,24723.650390625,0
2025-07-31 05:28:00+00:00,24699.5,24720.25,24695.0,24720.25,0
2025-07-31 05:29:00+00:00,24713.400390625,24715.55078125,24698.099609375,24698.349609375,0
2025-07-31 05:30:00+00:00,24724.44921875,24725.80078125,24713.19921875,24713.19921875,0
2025-07-31 05:31:00+00:00,24745.099609375,24749.0,24723.69921875,24724.5,0
2025-07-31 05:32:00+00:00,24754.19921875,24756.599609375,24745.400390625,24745.400390625,0
2025-07-31 05:33:00+00:00,24756.80078125,24764.75,24754.69921875,24754.69921875,0
2025-07-31 05:34:00+00:00,24758.849609375,24762.400390625,24753.75,24757.900390625,0
2025-07-31 05:35:00+00:00,24770.650390625,24770.650390625,24758.0,24760.349609375,0
2025-07-31 05:36:00+00:00,24773.349609375,24776.19921875,24765.25,24770.30078125,0
2025-07-31 05:37:00+00:00,24771.099609375,24773.30078125,24763.80078125,24771.5,0
2025-07-31 05:38:00+00:00,24769.05078125,24773.5,24766.5,24770.650390625,0
2025-07-31 05:39:00+00:00,24758.80078125,24770.25,24757.400390625,24768.55078125,0
2025-07-31 05:40:00+00:00,24748.80078125,24758.5,24746.0,24758.5,0
2025-07-31 05:41:00+00:00,24749.69921875,24752.80078125,24748.80078125,24750.099609375,0
2025-07-31 05:42:00+00:00,24744.5,24750.599609375,24742.75,24749.0,0
2025-07-31 05:43:00+00:00,24744.80078125,24745.94921875,24740.69921875,24744.349609375,0
2025-07-31 05:44:00+00:00,24747.150390625,24749.400390625,24743.150390625,24744.69921875,0
2025-07-31 05:45:00+00:00,24744.75,24749.349609375,24742.05078125,24746.94921875,0
2025-07-31 05:46:00+00:00,24747.55078125,24749.80078125,24743.30078125,24744.099609375,0
2025-07-31 05:47:00+00:00,24752.150390625,24752.25,24746.900390625,24747.5,0
2025-07-31 05:48:00+00:00,24748.150390625,24752.150390625,24746.400390625,24751.900390625,0
2025-07-31 05:49:00+00:00,24757.150390625,24757.650390625,24747.099609375,24748.25,0
2025-07-31 05:50:00+00:00,24768.69921875,24769.400390625,24756.44921875,24757.5,0
2025-07-31 05:51:00+00:00,24770.05078125,24771.30078125,24766.349609375,24769.400390625,0
2025-07-31 05:52:00+00:00,24782.25,24783.44921875,24769.400390625,24770.599609375,0
2025-07-31 05:53:00+00:00,24775.849609375,24782.94921875,24774.69921875,24782.69921875,0
2025-07-31 05:54:00+00:00,24787.69921875,24787.69921875,24775.44921875,24776.150390625,0
2025-07-31 05:55:00+00:00,24787.849609375,24805.25,24786.44921875,24787.849609375,0
2025-07-31 05:56:00+00:00,24783.69921875,24787.650390625,24781.900390625,24787.650390625,0
2025-07-31 05:57:00+00:00,24788.849609375,24792.849609375,24780.25,24783.150390625,0
2025-07-31 05:58:00+00:00,24786.25,24789.94921875,24784.099609375,24787.75,0
2025-07-31 05:59:00+00:00,24781.94921875,24788.400390625,24779.5,24785.69921875,0
2025-07-31 06:00:00+00:00,24787.650390625,24788.349609375,24780.30078125,24782.19921875,0
2025-07-31 06:01:00+00:00,24792.19921875,24792.349609375,24782.55078125,24787.44921875,0
2025-07-31 06:02:00+00:00,24795.5,24800.150390625,24790.69921875,24792.0,0
2025-07-31 06:03:00+00:00,24804.19921875,24808.75,24794.5,24794.80078125,0
2025-07-31 06:04:00+00:00,24807.400390625,24812.599609375,24802.44921875,24803.0,0
2025-07-31 06:05:00+00:00,24798.69921875,24814.099609375,24797.650390625,24807.55078125,0
2025-07-31 06:06:00+00:00,24797.099609375,24798.55078125,24792.30078125,24798.55078125,0
2025-07-31 06:07:00+00:00,24795.75,24801.5,24795.650390625,24797.599609375,0
2025-07-31 06:08:00+00:00,24790.55078125,24798.349609375,24790.55078125,24794.94921875,0
2025-07-31 06:09:00+00:00,24799.05078125,24799.05078125,24788.650390625,24791.5,0
2025-07-31 06:10:00+00:00,24799.75,24800.94921875,24795.0,24798.55078125,0
2025-07-31 06:11:00+00:00,24799.30078125,24800.94921875,24796.849609375,24799.599609375,0
2025-07-31 06:12:00+00:00,24810.55078125,24811.150390625,24799.30078125,24799.44921875,0
2025-07-31 06:13:00+00:00,24817.599609375,24819.80078125,24809.349609375,24810.30078125,0
2025-07-31 06:14:00+00:00,24813.900390625,24818.80078125,24812.44921875,24817.30078125,0
2025-07-31 06:15:00+00:00,24796.349609375,24815.150390625,24793.25,24814.900390625,0
2025-07-31 06:16:00+00:00,24813.05078125,24821.80078125,24793.0,24793.0,0
2025-07-31 06:17:00+00:00,24817.80078125,24817.80078125,24810.599609375,24813.30078125,0
2025-07-31 06:18:00+00:00,24818.94921875,24820.25,24816.099609375,24817.44921875,0
2025-07-31 06:19:00+00:00,24809.5,24821.099609375,24806.75,24819.94921875,0
2025-07-31 06:20:00+00:00,24810.25,24811.44921875,24806.30078125,24808.75,0
2025-07-31 06:21:00+00:00,24811.69921875,24814.599609375,24809.05078125,24810.099609375,0
2025-07-31 06:22:00+00:00,24801.94921875,24811.5,24801.150390625,24811.5,0
2025-07-31 06:23:00+00:00,24802.349609375,24809.349609375,24797.650390625,24802.69921875,0
2025-07-31 06:24:00+00:00,24804.349609375,24804.900390625,24796.94921875,24803.30078125,0
2025-07-31 06:25:00+00:00,24803.80078125,24808.69921875,24802.05078125,24804.349609375,0
2025-07-31 06:26:00+00:00,24804.599609375,24806.80078125,24799.44921875,24802.69921875,0
2025-07-31 06:27:00+00:00,24804.599609375,24806.849609375,24802.80078125,24804.599609375,0
2025-07-31 06:28:00+00:00,24797.849609375,24805.69921875,24795.69921875,24804.55078125,0
2025-07-31 06:29:00+00:00,24798.650390625,24799.900390625,24795.80078125,24797.5,0
2025-07-31 06:30:00+00:00,24791.30078125,24799.94921875,24790.25,24798.55078125,0
2025-07-31 06:31:00+00:00,24786.900390625,24793.349609375,24785.349609375,24791.099609375,0
2025-07-31 06:32:00+00:00,24781.5,24788.75,24781.44921875,24786.900390625,0
2025-07-31 06:33:00+00:00,24776.349609375,24782.19921875,24771.25,24781.650390625,0
2025-07-31 06:34:00+00:00,24777.849609375,24780.900390625,24774.44921875,24776.150390625,0
2025-07-31 06:35:00+00:00,24775.5,24777.80078125,24772.5,24777.80078125,0
2025-07-31 06:36:00+00:00,24773.349609375,24776.900390625,24772.5,24774.75,0
2025-07-31 06:37:00+00:00,24762.55078125,24772.650390625,24762.55078125,24772.650390625,0
2025-07-31 06:38:00+00:00,24761.25,24764.94921875,24755.599609375,24762.19921875,0
2025-07-31 06:39:00+00:00,24760.55078125,24762.849609375,24758.599609375,24761.349609375,0
2025-07-31 06:40:00+00:00,24775.099609375,24776.099609375,24759.599609375,24759.80078125,0
2025-07-31 06:41:00+00:00,24788.900390625,24789.150390625,24773.349609375,24774.30078125,0
2025-07-31 06:42:00+00:00,24800.75,24804.80078125,24788.599609375,24788.75,0
2025-07-31 06:43:00+00:00,24812.30078125,24813.69921875,24800.650390625,24801.599609375,0
2025-07-31 06:44:00+00:00,24819.349609375,24819.349609375,24812.150390625,24812.19921875,0
2025-07-31 06:45:00+00:00,24833.0,24836.900390625,24819.25,24819.69921875,0
2025-07-31 06:46:00+00:00,24823.150390625,24837.0,24822.44921875,24834.099609375,0
2025-07-31 06:47:00+00:00,24821.80078125,24823.55078125,24819.900390625,24823.19921875,0
2025-07-31 06:48:00+00:00,24836.80078125,24837.05078125,24821.349609375,24822.0,0
2025-07-31 06:49:00+00:00,24840.25,24842.30078125,24832.0,24838.80078125,0
2025-07-31 06:50:00+00:00,24841.849609375,24842.900390625,24836.30078125,24841.5,0
2025-07-31 06:51:00+00:00,24837.900390625,24843.0,24835.75,24842.400390625,0
2025-07-31 06:52:00+00:00,24844.25,24847.349609375,24836.150390625,24838.650390625,0
2025-07-31 06:53:00+00:00,24843.44921875,24847.69921875,24841.599609375,24845.650390625,0
2025-07-31 06:54:00+00:00,24846.55078125,24849.75,24840.150390625,24845.150390625,0
2025-07-31 06:55:00+00:00,24841.55078125,24848.55078125,24841.55078125,24847.80078125,0
2025-07-31 06:56:00+00:00,24834.69921875,24842.55078125,24833.599609375,24842.55078125,0
2025-07-31 06:57:00+00:00,24830.0,24835.19921875,24829.0,24835.19921875,0
2025-07-31 06:58:00+00:00,24827.55078125,24834.150390625,24826.30078125,24830.55078125,0
2025-07-31 06:59:00+00:00,24826.44921875,24829.400390625,24825.5,24828.05078125,0
2025-07-31 07:00:00+00:00,24832.30078125,24836.650390625,24827.900390625,24827.900390625,0
2025-07-31 07:01:00+00:00,24829.5,24833.650390625,24828.5,24832.75,0
2025-07-31 07:02:00+00:00,24830.900390625,24832.900390625,24828.0,24830.44921875,0
2025-07-31 07:03:00+00:00,24845.75,24847.650390625,24827.650390625,24831.849609375,0
2025-07-31 07:04:00+00:00,24857.0,24860.30078125,24843.44921875,24848.650390625,0
2025-07-31 07:05:00+00:00,24862.05078125,24863.150390625,24856.30078125,24857.849609375,0
2025-07-31 07:06:00+00:00,24865.599609375,24865.94921875,24858.55078125,24861.80078125,0
2025-07-31 07:07:00+00:00,24870.30078125,24872.69921875,24864.400390625,24865.30078125,0
2025-07-31 07:08:00+00:00,24872.30078125,24873.900390625,24867.150390625,24870.599609375,0
2025-07-31 07:09:00+00:00,24867.44921875,24873.25,24865.849609375,24873.19921875,0
2025-07-31 07:10:00+00:00,24863.30078125,24867.55078125,24857.150390625,24867.55078125,0
2025-07-31 07:11:00+00:00,24865.849609375,24868.900390625,24862.349609375,24864.849609375,0
2025-07-31 07:12:00+00:00,24857.55078125,24867.849609375,24854.849609375,24866.80078125,0
2025-07-31 07:13:00+00:00,24847.599609375,24857.30078125,24846.05078125,24857.25,0
2025-07-31 07:14:00+00:00,24856.349609375,24859.5,24844.349609375,24848.150390625,0
2025-07-31 07:15:00+00:00,24847.55078125,24861.5,24846.25,24856.75,0
2025-07-31 07:16:00+00:00,24853.55078125,24855.150390625,24846.44921875,24847.75,0
2025-07-31 07:17:00+00:00,24857.650390625,24859.849609375,24853.0,24854.25,0
2025-07-31 07:18:00+00:00,24860.349609375,24861.75,24853.599609375,24858.599609375,0
2025-07-31 07:19:00+00:00,24868.80078125,24870.94921875,24860.849609375,24862.25,0
2025-07-31 07:20:00+00:00,24879.099609375,24879.599609375,24871.25,24873.25,0
2025-07-31 07:21:00+00:00,24876.30078125,24879.400390625,24872.099609375,24879.400390625,0
2025-07-31 07:22:00+00:00,24878.30078125,24879.55078125,24873.900390625,24877.19921875,0
2025-07-31 07:23:00+00:00,24878.599609375,24882.05078125,24875.400390625,24878.900390625,0
2025-07-31 07:24:00+00:00,24876.150390625,24880.150390625,24872.69921875,24878.25,0
2025-07-31 07:25:00+00:00,24874.150390625,24877.849609375,24872.30078125,24877.05078125,0
2025-07-31 07:26:00+00:00,24879.349609375,24879.69921875,24874.150390625,24875.69921875,0
2025-07-31 07:27:00+00:00,24897.650390625,24899.69921875,24876.75,24879.400390625,0
2025-07-31 07:28:00+00:00,24904.349609375,24906.05078125,24897.55078125,24899.69921875,0
2025-07-31 07:29:00+00:00,24897.150390625,24905.400390625,24896.30078125,24905.400390625,0
2025-07-31 07:30:00+00:00,24898.80078125,24899.150390625,24892.349609375,24897.650390625,0
2025-07-31 07:31:00+00:00,24899.19921875,24901.30078125,24888.19921875,24899.55078125,0
2025-07-31 07:32:00+00:00,24901.44921875,24902.30078125,24896.349609375,24900.400390625,0
2025-07-31 07:33:00+00:00,24897.650390625,24902.900390625,24896.25,24901.94921875,0
2025-07-31 07:34:00+00:00,24890.150390625,24898.30078125,24886.75,24898.30078125,0
2025-07-31 07:35:00+00:00,24896.69921875,24898.25,24886.19921875,24889.30078125,0
2025-07-31 07:36:00+00:00,24890.55078125,24897.400390625,24888.599609375,24897.099609375,0
2025-07-31 07:37:00+00:00,24900.5,24900.599609375,24889.900390625,24891.25,0
2025-07-31 07:38:00+00:00,24895.5,24902.5,24892.19921875,24901.05078125,0
2025-07-31 07:39:00+00:00,24893.80078125,24895.80078125,24892.0,24895.80078125,0
2025-07-31 07:40:00+00:00,24898.25,24898.80078125,24893.19921875,24894.650390625,0
2025-07-31 07:41:00+00:00,24910.150390625,24910.349609375,24897.349609375,24898.150390625,0
2025-07-31 07:42:00+00:00,24927.25,24927.44921875,24910.25,24910.44921875,0
2025-07-31 07:43:00+00:00,24901.80078125,24927.94921875,24900.849609375,24927.94921875,0
2025-07-31 07:44:00+00:00,24900.150390625,24905.55078125,24898.55078125,24902.5,0
2025-07-31 07:45:00+00:00,24899.650390625,24909.0,24896.25,24900.44921875,0
2025-07-31 07:46:00+00:00,24901.400390625,24901.849609375,24896.349609375,24900.05078125,0
2025-07-31 07:47:00+00:00,24906.69921875,24906.94921875,24899.75,24901.5,0
2025-07-31 07:48:00+00:00,24909.69921875,24911.44921875,24903.80078125,24906.349609375,0
2025-07-31 07:49:00+00:00,24910.5,24913.5,24909.0,24909.25,0
2025-07-31 07:50:00+00:00,24902.0,24910.900390625,24897.099609375,24910.75,0
2025-07-31 07:51:00+00:00,24904.400390625,24909.19921875,24901.650390625,24902.349609375,0
2025-07-31 07:52:00+00:00,24903.05078125,24906.69921875,24902.849609375,24905.099609375,0
2025-07-31 07:53:00+00:00,24902.80078125,24906.099609375,24900.44921875,24902.80078125,0
2025-07-31 07:54:00+00:00,24897.0,24904.30078125,24894.099609375,24902.19921875,0
2025-07-31 07:55:00+00:00,24894.05078125,24901.150390625,24893.150390625,24897.349609375,0
2025-07-31 07:56:00+00:00,24909.849609375,24909.94921875,24890.099609375,24894.099609375,0
2025-07-31 07:57:00+00:00,24912.55078125,24915.94921875,24909.05078125,24909.80078125,0
2025-07-31 07:58:00+00:00,24922.44921875,24922.44921875,24912.400390625,24912.900390625,0
2025-07-31 07:59:00+00:00,24926.94921875,24927.44921875,24920.69921875,24922.75,0
2025-07-31 08:00:00+00:00,24925.25,24926.75,24915.150390625,24926.30078125,0
2025-07-31 08:01:00+00:00,24930.44921875,24932.0,24926.05078125,24926.150390625,0
2025-07-31 08:02:00+00:00,24930.349609375,24935.0,24928.19921875,24929.900390625,0
2025-07-31 08:03:00+00:00,24931.30078125,24932.400390625,24929.05078125,24929.5,0
2025-07-31 08:04:00+00:00,24933.0,24934.849609375,24930.349609375,24930.75,0
2025-07-31 08:05:00+00:00,24932.599609375,24934.5,24930.55078125,24932.900390625,0
2025-07-31 08:06:00+00:00,24934.80078125,24943.900390625,24931.19921875,24932.75,0
2025-07-31 08:07:00+00:00,24945.94921875,24946.599609375,24933.25,24934.400390625,0
2025-07-31 08:08:00+00:00,24952.900390625,24955.80078125,24946.25,24946.75,0
2025-07-31 08:09:00+00:00,24944.900390625,24953.650390625,24940.75,24952.849609375,0
2025-07-31 08:10:00+00:00,24937.44921875,24948.349609375,24936.05078125,24946.349609375,0
2025-07-31 08:11:00+00:00,24930.44921875,24938.599609375,24929.69921875,24937.69921875,0
2025-07-31 08:12:00+00:00,24921.25,24930.19921875,24919.94921875,24930.19921875,0
2025-07-31 08:13:00+00:00,24920.75,24923.5,24917.900390625,24920.75,0
2025-07-31 08:14:00+00:00,24921.650390625,24923.599609375,24916.69921875,24920.849609375,0
2025-07-31 08:15:00+00:00,24918.650390625,24926.5,24916.19921875,24921.5,0
2025-07-31 08:16:00+00:00,24925.30078125,24935.05078125,24922.400390625,24922.650390625,0
2025-07-31 08:17:00+00:00,24924.25,24927.5,24919.69921875,24925.44921875,0
2025-07-31 08:18:00+00:00,24922.150390625,24925.0,24917.5,24924.25,0
2025-07-31 08:19:00+00:00,24919.69921875,24922.05078125,24917.55078125,24921.55078125,0
2025-07-31 08:20:00+00:00,24912.44921875,24920.94921875,24911.55078125,24920.349609375,0
2025-07-31 08:21:00+00:00,24917.5,24920.25,24909.55078125,24912.25,0
2025-07-31 08:22:00+00:00,24912.75,24917.75,24908.849609375,24917.150390625,0
2025-07-31 08:23:00+00:00,24908.05078125,24915.30078125,24907.849609375,24912.349609375,0
2025-07-31 08:24:00+00:00,24907.349609375,24910.75,24905.099609375,24908.75,0
2025-07-31 08:25:00+00:00,24914.25,24917.69921875,24907.150390625,24907.30078125,0
2025-07-31 08:26:00+00:00,24912.349609375,24914.25,24908.69921875,24914.25,0
2025-07-31 08:27:00+00:00,24923.55078125,24924.80078125,24911.900390625,24913.150390625,0
2025-07-31 08:28:00+00:00,24907.94921875,24924.150390625,24901.30078125,24923.599609375,0
2025-07-31 08:29:00+00:00,24907.69921875,24910.05078125,24903.0,24908.099609375,0
2025-07-31 08:30:00+00:00,24908.69921875,24913.150390625,24905.900390625,24907.349609375,0
2025-07-31 08:31:00+00:00,24913.75,24915.25,24907.849609375,24907.849609375,0
2025-07-31 08:32:00+00:00,24921.05078125,24922.30078125,24912.599609375,24914.19921875,0
2025-07-31 08:33:00+00:00,24918.5,24928.05078125,24916.55078125,24922.80078125,0
2025-07-31 08:34:00+00:00,24918.400390625,24918.849609375,24913.75,24918.5,0
2025-07-31 08:35:00+00:00,24927.0,24927.0,24916.150390625,24917.150390625,0
2025-07-31 08:36:00+00:00,24931.94921875,24932.44921875,24925.69921875,24926.80078125,0
2025-07-31 08:37:00+00:00,24936.349609375,24939.94921875,24931.44921875,24932.69921875,0
2025-07-31 08:38:00+00:00,24951.75,24952.69921875,24937.400390625,24937.400390625,0
2025-07-31 08:39:00+00:00,24941.150390625,24952.05078125,24935.400390625,24951.599609375,0
2025-07-31 08:40:00+00:00,24941.19921875,24947.650390625,24935.69921875,24941.099609375,0
2025-07-31 08:41:00+00:00,24949.650390625,24951.69921875,24940.55078125,24942.75,0
2025-07-31 08:42:00+00:00,24935.099609375,24951.19921875,24932.349609375,24949.55078125,0
2025-07-31 08:43:00+00:00,24931.349609375,24935.849609375,24929.75,24934.75,0
2025-07-31 08:44:00+00:00,24924.69921875,24932.0,24921.650390625,24930.55078125,0
2025-07-31 08:45:00+00:00,24917.94921875,24926.099609375,24917.05078125,24924.44921875,0
2025-07-31 08:46:00+00:00,24916.150390625,24922.75,24915.0,24917.80078125,0
2025-07-31 08:47:00+00:00,24909.69921875,24917.900390625,24907.599609375,24915.44921875,0
2025-07-31 08:48:00+00:00,24913.599609375,24918.69921875,24907.5,24909.19921875,0
2025-07-31 08:49:00+00:00,24907.05078125,24913.69921875,24905.900390625,24911.150390625,0
2025-07-31 08:50:00+00:00,24905.80078125,24911.599609375,24903.75,24906.400390625,0
2025-07-31 08:51:00+00:00,24905.75,24914.05078125,24904.650390625,24905.80078125,0
2025-07-31 08:52:00+00:00,24904.400390625,24908.30078125,24898.69921875,24907.150390625,0
2025-07-31 08:53:00+00:00,24904.19921875,24905.150390625,24899.75,24905.099609375,0
2025-07-31 08:54:00+00:00,24903.30078125,24907.900390625,24900.349609375,24904.55078125,0
2025-07-31 08:55:00+00:00,24886.30078125,24903.30078125,24883.55078125,24903.30078125,0
2025-07-31 08:56:00+00:00,24884.5,24889.25,24882.0,24886.599609375,0
2025-07-31 08:57:00+00:00,24891.599609375,24891.94921875,24883.849609375,24885.5,0
2025-07-31 08:58:00+00:00,24881.80078125,24890.400390625,24879.849609375,24889.75,0
2025-07-31 08:59:00+00:00,24867.150390625,24881.900390625,24863.400390625,24880.94921875,0
2025-07-31 09:00:00+00:00,24847.0,24862.75,24843.05078125,24862.75,0
2025-07-31 09:01:00+00:00,24866.94921875,24867.5,24844.69921875,24846.94921875,0
2025-07-31 09:02:00+00:00,24865.849609375,24867.099609375,24857.5,24867.099609375,0
2025-07-31 09:03:00+00:00,24879.5,24880.599609375,24866.150390625,24866.19921875,0
2025-07-31 09:04:00+00:00,24872.400390625,24882.5,24868.75,24879.5,0
2025-07-31 09:05:00+00:00,24870.0,24876.650390625,24867.19921875,24871.650390625,0
2025-07-31 09:06:00+00:00,24865.94921875,24870.44921875,24861.650390625,24868.80078125,0
2025-07-31 09:07:00+00:00,24882.80078125,24883.150390625,24864.55078125,24866.099609375,0
2025-07-31 09:08:00+00:00,24887.599609375,24889.69921875,24880.25,24881.80078125,0
2025-07-31 09:09:00+00:00,24886.94921875,24890.80078125,24881.80078125,24888.19921875,0
2025-07-31 09:10:00+00:00,24893.150390625,24893.349609375,24883.44921875,24887.0,0
2025-07-31 09:11:00+00:00,24855.099609375,24892.900390625,24853.099609375,24892.80078125,0
2025-07-31 09:12:00+00:00,24864.099609375,24867.650390625,24853.650390625,24853.650390625,0
2025-07-31 09:13:00+00:00,24872.80078125,24873.80078125,24860.55078125,24863.55078125,0
2025-07-31 09:14:00+00:00,24879.0,24882.44921875,24871.150390625,24872.44921875,0
2025-07-31 09:15:00+00:00,24871.69921875,24881.19921875,24868.75,24878.849609375,0
2025-07-31 09:16:00+00:00,24862.099609375,24871.599609375,24861.400390625,24869.69921875,0
2025-07-31 09:17:00+00:00,24855.5,24864.5,24852.44921875,24861.900390625,0
2025-07-31 09:18:00+00:00,24863.30078125,24864.400390625,24850.05078125,24856.44921875,0
2025-07-31 09:19:00+00:00,24858.30078125,24865.900390625,24856.400390625,24862.150390625,0
2025-07-31 09:20:00+00:00,24856.44921875,24859.849609375,24851.05078125,24856.80078125,0
2025-07-31 09:21:00+00:00,24855.150390625,24861.650390625,24849.80078125,24857.099609375,0
2025-07-31 09:22:00+00:00,24855.400390625,24858.05078125,24851.55078125,24854.099609375,0
2025-07-31 09:23:00+00:00,24857.0,24857.099609375,24851.55078125,24855.44921875,0
2025-07-31 09:24:00+00:00,24836.75,24856.75,24836.75,24856.75,0
2025-07-31 09:25:00+00:00,24848.849609375,24849.150390625,24835.099609375,24837.25,0
2025-07-31 09:26:00+00:00,24852.0,24852.0,24843.150390625,24849.5,0
2025-07-31 09:27:00+00:00,24847.19921875,24852.5,24845.150390625,24851.650390625,0
2025-07-31 09:28:00+00:00,24861.150390625,24861.900390625,24845.099609375,24847.05078125,0
2025-07-31 09:29:00+00:00,24851.44921875,24863.55078125,24848.05078125,24861.55078125,0
2025-07-31 09:30:00+00:00,24809.80078125,24851.900390625,24807.650390625,24851.900390625,0
2025-07-31 09:31:00+00:00,24800.349609375,24811.94921875,24799.5,24807.94921875,0
2025-07-31 09:32:00+00:00,24795.849609375,24802.150390625,24794.75,24800.5,0
2025-07-31 09:33:00+00:00,24793.400390625,24798.349609375,24791.599609375,24795.5,0
2025-07-31 09:34:00+00:00,24790.650390625,24794.25,24786.849609375,24793.94921875,0
2025-07-31 09:35:00+00:00,24777.5,24790.30078125,24776.099609375,24788.75,0
2025-07-31 09:36:00+00:00,24776.400390625,24780.099609375,24772.55078125,24777.0,0
2025-07-31 09:37:00+00:00,24770.19921875,24776.900390625,24769.599609375,24776.849609375,0
2025-07-31 09:38:00+00:00,24772.849609375,24774.599609375,24770.150390625,24770.94921875,0
2025-07-31 09:39:00+00:00,24760.55078125,24773.80078125,24757.25,24773.099609375,0
2025-07-31 09:40:00+00:00,24775.55078125,24775.849609375,24752.5,24758.55078125,0
2025-07-31 09:41:00+00:00,24768.900390625,24780.94921875,24767.05078125,24775.5,0
2025-07-31 09:42:00+00:00,24766.349609375,24774.150390625,24764.849609375,24770.099609375,0
2025-07-31 09:43:00+00:00,24759.94921875,24766.94921875,24757.75,24766.150390625,0
2025-07-31 09:44:00+00:00,24762.44921875,24762.849609375,24757.80078125,24760.25,0
2025-07-31 09:45:00+00:00,24758.849609375,24764.55078125,24758.400390625,24762.30078125,0
2025-07-31 09:46:00+00:00,24755.0,24759.19921875,24749.400390625,24759.19921875,0
2025-07-31 09:47:00+00:00,24753.69921875,24756.05078125,24748.849609375,24755.44921875,0
2025-07-31 09:48:00+00:00,24756.05078125,24758.30078125,24751.150390625,24753.849609375,0
2025-07-31 09:49:00+00:00,24754.19921875,24755.94921875,24750.900390625,24755.400390625,0
2025-07-31 09:50:00+00:00,24752.150390625,24756.25,24750.75,24754.25,0
2025-07-31 09:51:00+00:00,24757.69921875,24757.69921875,24750.25,24751.55078125,0
2025-07-31 09:52:00+00:00,24753.400390625,24758.94921875,24749.30078125,24757.44921875,0
2025-07-31 09:53:00+00:00,24754.80078125,24758.099609375,24752.80078125,24753.75,0
2025-07-31 09:54:00+00:00,24755.30078125,24755.80078125,24751.5,24754.099609375,0
2025-07-31 09:55:00+00:00,24757.0,24758.099609375,24753.099609375,24754.400390625,0
2025-07-31 09:56:00+00:00,24755.0,24759.400390625,24753.599609375,24756.94921875,0
2025-07-31 09:57:00+00:00,24756.05078125,24756.25,24750.25,24755.05078125,0
2025-07-31 09:58:00+00:00,24754.55078125,24763.5,24749.25,24756.69921875,0
2025-07-31 09:59:00+00:00,24765.599609375,24766.599609375,24747.55078125,24754.400390625,0
2025-08-01 03:45:00+00:00,24723.55078125,24759.19921875,24701.099609375,24736.400390625,0
2025-08-01 03:46:00+00:00,24712.80078125,24727.44921875,24712.25,24723.05078125,0
2025-08-01 03:47:00+00:00,24718.150390625,24724.69921875,24709.05078125,24712.599609375,0
2025-08-01 03:48:00+00:00,24722.5,24724.75,24710.900390625,24716.599609375,0
2025-08-01 03:49:00+00:00,24726.0,24730.099609375,24720.099609375,24722.30078125,0
2025-08-01 03:50:00+00:00,24731.19921875,24732.19921875,24713.44921875,24725.900390625,0
2025-08-01 03:51:00+00:00,24726.94921875,24732.599609375,24725.349609375,24731.5,0
2025-08-01 03:52:00+00:00,24725.25,24729.05078125,24717.94921875,24726.150390625,0
2025-08-01 03:53:00+00:00,24719.0,24730.650390625,24718.80078125,24725.30078125,0
2025-08-01 03:54:00+00:00,24712.69921875,24722.30078125,24712.19921875,24719.900390625,0
2025-08-01 03:55:00+00:00,24698.05078125,24714.150390625,24698.05078125,24712.599609375,0
2025-08-01 03:56:00+00:00,24695.05078125,24698.25,24685.94921875,24698.25,0
2025-08-01 03:57:00+00:00,24685.30078125,24696.75,24684.599609375,24695.5,0
2025-08-01 03:58:00+00:00,24682.69921875,24687.0,24679.69921875,24687.0,0
2025-08-01 03:59:00+00:00,24686.900390625,24688.30078125,24681.80078125,24682.75,0
2025-08-01 04:00:00+00:00,24680.19921875,24685.5,24673.349609375,24685.5,0
2025-08-01 04:01:00+00:00,24692.55078125,24692.55078125,24672.30078125,24681.599609375,0
2025-08-01 04:02:00+00:00,24698.80078125,24699.599609375,24690.30078125,24693.19921875,0
2025-08-01 04:03:00+00:00,24734.69921875,24738.69921875,24695.94921875,24699.25,0
2025-08-01 04:04:00+00:00,24713.94921875,24736.30078125,24712.849609375,24736.30078125,0
2025-08-01 04:05:00+00:00,24716.25,24721.150390625,24711.94921875,24713.349609375,0
2025-08-01 04:06:00+00:00,24721.900390625,24724.94921875,24715.94921875,24716.25,0
2025-08-01 04:07:00+00:00,24709.5,24721.94921875,24697.5,24721.94921875,0
2025-08-01 04:08:00+00:00,24712.30078125,24712.30078125,24703.5,24708.900390625,0
2025-08-01 04:09:00+00:00,24697.80078125,24711.69921875,24697.19921875,24711.69921875,0
2025-08-01 04:10:00+00:00,24714.25,24714.25,24695.599609375,24699.25,0
2025-08-01 04:11:00+00:00,24717.75,24719.30078125,24712.44921875,24713.900390625,0
2025-08-01 04:12:00+00:00,24717.25,24718.80078125,24706.599609375,24718.30078125,0
2025-08-01 04:13:00+00:00,24722.30078125,24725.30078125,24717.150390625,24717.150390625,0
2025-08-01 04:14:00+00:00,24709.0,24722.400390625,24707.80078125,24722.400390625,0
2025-08-01 04:15:00+00:00,24713.349609375,24713.400390625,24701.30078125,24708.349609375,0
2025-08-01 04:16:00+00:00,24704.55078125,24712.650390625,24701.05078125,24712.55078125,0
2025-08-01 04:17:00+00:00,24706.0,24707.0,24694.599609375,24706.0,0
2025-08-01 04:18:00+00:00,24718.5,24719.69921875,24703.900390625,24706.099609375,0
2025-08-01 04:19:00+00:00,24711.55078125,24722.69921875,24711.05078125,24717.05078125,0
2025-08-01 04:20:00+00:00,24713.099609375,24713.099609375,24709.19921875,24710.80078125,0
2025-08-01 04:21:00+00:00,24713.25,24724.650390625,24711.900390625,24713.44921875,0
2025-08-01 04:22:00+00:00,24713.599609375,24714.94921875,24710.75,24712.69921875,0
2025-08-01 04:23:00+00:00,24705.349609375,24716.0,24703.150390625,24714.349609375,0
2025-08-01 04:24:00+00:00,24697.25,24705.25,24696.05078125,24704.55078125,0
2025-08-01 04:25:00+00:00,24697.75,24701.44921875,24695.650390625,24697.44921875,0
2025-08-01 04:26:00+00:00,24693.099609375,24703.650390625,24692.349609375,24697.5,0
2025-08-01 04:27:00+00:00,24692.099609375,24696.44921875,24691.349609375,24693.0,0
2025-08-01 04:28:00+00:00,24689.400390625,24692.0,24685.150390625,24690.94921875,0
2025-08-01 04:29:00+00:00,24696.900390625,24699.44921875,24686.55078125,24689.05078125,0
2025-08-01 04:30:00+00:00,24691.599609375,24696.55078125,24684.650390625,24696.55078125,0
2025-08-01 04:31:00+00:00,24705.44921875,24705.44921875,24691.19921875,24692.400390625,0
2025-08-01 04:32:00+00:00,24708.599609375,24711.25,24703.19921875,24704.599609375,0
2025-08-01 04:33:00+00:00,24725.69921875,24728.44921875,24704.94921875,24708.05078125,0
2025-08-01 04:34:00+00:00,24727.0,24729.349609375,24721.150390625,24725.599609375,0
2025-08-01 04:35:00+00:00,24720.75,24728.94921875,24714.400390625,24726.900390625,0
2025-08-01 04:36:00+00:00,24719.0,24722.25,24715.44921875,24721.349609375,0
2025-08-01 04:37:00+00:00,24714.25,24724.599609375,24713.75,24719.75,0
2025-08-01 04:38:00+00:00,24715.650390625,24718.599609375,24712.44921875,24714.150390625,0
2025-08-01 04:39:00+00:00,24727.05078125,24727.05078125,24714.94921875,24714.94921875,0
2025-08-01 04:40:00+00:00,24737.80078125,24737.80078125,24721.650390625,24727.349609375,0
2025-08-01 04:41:00+00:00,24738.0,24741.55078125,24736.150390625,24738.69921875,0
2025-08-01 04:42:00+00:00,24746.0,24746.599609375,24736.099609375,24738.599609375,0
2025-08-01 04:43:00+00:00,24746.94921875,24747.349609375,24739.05078125,24745.0,0
2025-08-01 04:44:00+00:00,24745.650390625,24747.30078125,24740.25,24746.599609375,0
2025-08-01 04:45:00+00:00,24748.849609375,24749.44921875,24743.80078125,24745.599609375,0
2025-08-01 04:46:00+00:00,24745.650390625,24752.05078125,24743.650390625,24749.80078125,0
2025-08-01 04:47:00+00:00,24737.94921875,24746.400390625,24737.19921875,24744.69921875,0
2025-08-01 04:48:00+00:00,24741.599609375,24741.599609375,24735.099609375,24737.400390625,0
2025-08-01 04:49:00+00:00,24751.349609375,24751.69921875,24742.099609375,24742.150390625,0
2025-08-01 04:50:00+00:00,24766.099609375,24766.900390625,24748.5,24752.650390625,0
2025-08-01 04:51:00+00:00,24774.55078125,24775.25,24765.05078125,24765.849609375,0
2025-08-01 04:52:00+00:00,24768.75,24777.55078125,24767.349609375,24774.5,0
2025-08-01 04:53:00+00:00,24756.80078125,24768.150390625,24752.05078125,24768.150390625,0
2025-08-01 04:54:00+00:00,24756.099609375,24761.94921875,24755.5,24757.150390625,0
2025-08-01 04:55:00+00:00,24766.099609375,24767.0,24755.400390625,24756.44921875,0
2025-08-01 04:56:00+00:00,24763.599609375,24768.05078125,24761.30078125,24768.05078125,0
2025-08-01 04:57:00+00:00,24766.400390625,24766.400390625,24762.05078125,24763.55078125,0
2025-08-01 04:58:00+00:00,24757.349609375,24766.5,24755.599609375,24766.5,0
2025-08-01 04:59:00+00:00,24764.44921875,24764.80078125,24754.69921875,24757.05078125,0
2025-08-01 05:00:00+00:00,24758.25,24770.19921875,24756.25,24764.69921875,0
2025-08-01 05:01:00+00:00,24773.0,24773.05078125,24756.650390625,24758.0,0
2025-08-01 05:02:00+00:00,24779.25,24780.75,24771.55078125,24773.150390625,0
2025-08-01 05:03:00+00:00,24780.19921875,24780.19921875,24775.69921875,24779.0,0
2025-08-01 05:04:00+00:00,24778.099609375,24782.349609375,24777.400390625,24779.69921875,0
2025-08-01 05:05:00+00:00,24776.80078125,24779.25,24772.400390625,24778.94921875,0
2025-08-01 05:06:00+00:00,24779.05078125,24781.849609375,24776.75,24777.400390625,0
2025-08-01 05:07:00+00:00,24781.650390625,24783.55078125,24778.55078125,24779.25,0
2025-08-01 05:08:00+00:00,24775.80078125,24784.099609375,24775.80078125,24782.099609375,0
2025-08-01 05:09:00+00:00,24771.30078125,24775.599609375,24769.30078125,24775.0,0
2025-08-01 05:10:00+00:00,24774.19921875,24776.599609375,24771.099609375,24771.099609375,0
2025-08-01 05:11:00+00:00,24768.349609375,24774.44921875,24767.55078125,24774.19921875,0
2025-08-01 05:12:00+00:00,24758.25,24769.19921875,24756.0,24766.900390625,0
2025-08-01 05:13:00+00:00,24761.80078125,24762.150390625,24757.30078125,24758.55078125,0
2025-08-01 05:14:00+00:00,24769.44921875,24770.55078125,24761.05078125,24761.5,0
2025-08-01 05:15:00+00:00,24768.849609375,24772.599609375,24768.19921875,24769.349609375,0
2025-08-01 05:16:00+00:00,24757.80078125,24768.55078125,24756.05078125,24768.55078125,0
2025-08-01 05:17:00+00:00,24769.75,24769.75,24756.650390625,24757.75,0
2025-08-01 05:18:00+00:00,24758.349609375,24772.150390625,24757.69921875,24769.5,0
2025-08-01 05:19:00+00:00,24757.650390625,24759.80078125,24756.5,24758.900390625,0
2025-08-01 05:20:00+00:00,24742.25,24758.69921875,24742.25,24757.80078125,0
2025-08-01 05:21:00+00:00,24747.05078125,24747.80078125,24735.30078125,24741.599609375,0
2025-08-01 05:22:00+00:00,24749.19921875,24750.900390625,24746.55078125,24747.5,0
2025-08-01 05:23:00+00:00,24750.19921875,24753.5,24748.25,24748.25,0
2025-08-01 05:24:00+00:00,24739.849609375,24750.05078125,24739.849609375,24749.099609375,0
2025-08-01 05:25:00+00:00,24740.599609375,24744.19921875,24735.94921875,24740.400390625,0
2025-08-01 05:26:00+00:00,24740.80078125,24741.69921875,24738.19921875,24740.19921875,0
2025-08-01 05:27:00+00:00,24744.94921875,24744.94921875,24740.05078125,24740.75,0
2025-08-01 05:28:00+00:00,24741.400390625,24745.400390625,24738.30078125,24744.94921875,0
2025-08-01 05:29:00+00:00,24743.400390625,24744.75,24739.44921875,24741.5,0
2025-08-01 05:30:00+00:00,24751.80078125,24753.25,24743.44921875,24743.44921875,0
2025-08-01 05:31:00+00:00,24759.849609375,24759.849609375,24750.55078125,24752.349609375,0
2025-08-01 05:32:00+00:00,24767.0,24771.150390625,24759.849609375,24760.05078125,0
2025-08-01 05:33:00+00:00,24767.19921875,24768.650390625,24765.25,24766.849609375,0
2025-08-01 05:34:00+00:00,24767.25,24771.349609375,24765.900390625,24766.849609375,0
2025-08-01 05:35:00+00:00,24761.19921875,24767.599609375,24760.19921875,24766.349609375,0
2025-08-01 05:36:00+00:00,24756.849609375,24761.849609375,24753.599609375,24761.099609375,0
2025-08-01 05:37:00+00:00,24748.19921875,24756.900390625,24746.75,24756.900390625,0
2025-08-01 05:38:00+00:00,24722.650390625,24748.099609375,24722.650390625,24748.099609375,0
2025-08-01 05:39:00+00:00,24721.349609375,24724.30078125,24718.099609375,24722.0,0
2025-08-01 05:40:00+00:00,24719.75,24722.25,24714.55078125,24721.05078125,0
2025-08-01 05:41:00+00:00,24723.0,24725.849609375,24718.69921875,24719.05078125,0
2025-08-01 05:42:00+00:00,24723.19921875,24724.599609375,24720.30078125,24723.150390625,0
2025-08-01 05:43:00+00:00,24710.400390625,24722.5,24708.94921875,24722.5,0
2025-08-01 05:44:00+00:00,24710.25,24712.69921875,24707.099609375,24710.75,0
2025-08-01 05:45:00+00:00,24706.349609375,24711.25,24705.55078125,24710.849609375,0
2025-08-01 05:46:00+00:00,24717.94921875,24717.94921875,24706.30078125,24706.75,0
2025-08-01 05:47:00+00:00,24713.099609375,24718.0,24710.5,24717.44921875,0
2025-08-01 05:48:00+00:00,24672.150390625,24713.400390625,24671.099609375,24712.94921875,0
2025-08-01 05:49:00+00:00,24689.25,24689.849609375,24670.25,24670.25,0
2025-08-01 05:50:00+00:00,24691.80078125,24691.80078125,24686.05078125,24690.349609375,0
2025-08-01 05:51:00+00:00,24695.75,24695.75,24690.650390625,24692.05078125,0
2025-08-01 05:52:00+00:00,24701.900390625,24705.55078125,24694.650390625,24695.25,0
2025-08-01 05:53:00+00:00,24700.69921875,24702.94921875,24699.30078125,24702.30078125,0
2025-08-01 05:54:00+00:00,24701.099609375,24704.69921875,24698.650390625,24700.099609375,0
2025-08-01 05:55:00+00:00,24704.5,24706.650390625,24701.05078125,24701.05078125,0
2025-08-01 05:56:00+00:00,24698.25,24705.099609375,24696.30078125,24705.099609375,0
2025-08-01 05:57:00+00:00,24696.25,24700.349609375,24694.69921875,24698.900390625,0
2025-08-01 05:58:00+00:00,24690.44921875,24697.0,24688.75,24696.30078125,0
2025-08-01 05:59:00+00:00,24692.69921875,24694.75,24689.19921875,24691.099609375,0
2025-08-01 06:00:00+00:00,24681.599609375,24694.5,24681.150390625,24692.650390625,0
2025-08-01 06:01:00+00:00,24689.0,24689.0,24681.69921875,24681.69921875,0
2025-08-01 06:02:00+00:00,24679.30078125,24689.400390625,24678.30078125,24689.400390625,0
2025-08-01 06:03:00+00:00,24680.94921875,24683.75,24677.55078125,24679.19921875,0
2025-08-01 06:04:00+00:00,24682.150390625,24685.05078125,24679.75,24680.94921875,0
2025-08-01 06:05:00+00:00,24678.900390625,24682.400390625,24674.0,24682.349609375,0
2025-08-01 06:06:00+00:00,24677.05078125,24684.30078125,24676.599609375,24679.19921875,0
2025-08-01 06:07:00+00:00,24683.099609375,24683.44921875,24675.599609375,24676.900390625,0
2025-08-01 06:08:00+00:00,24678.150390625,24685.30078125,24676.94921875,24683.19921875,0
2025-08-01 06:09:00+00:00,24669.44921875,24679.44921875,24667.75,24677.80078125,0
2025-08-01 06:10:00+00:00,24672.94921875,24673.650390625,24667.099609375,24669.55078125,0
2025-08-01 06:11:00+00:00,24667.69921875,24674.349609375,24666.400390625,24672.599609375,0
2025-08-01 06:12:00+00:00,24666.69921875,24669.0,24660.30078125,24667.849609375,0
2025-08-01 06:13:00+00:00,24664.05078125,24669.19921875,24664.05078125,24666.849609375,0
2025-08-01 06:14:00+00:00,24646.849609375,24664.599609375,24644.650390625,24664.400390625,0
2025-08-01 06:15:00+00:00,24654.349609375,24660.849609375,24646.900390625,24647.19921875,0
2025-08-01 06:16:00+00:00,24658.75,24659.25,24652.650390625,24653.849609375,0
2025-08-01 06:17:00+00:00,24658.19921875,24661.5,24657.099609375,24658.94921875,0
2025-08-01 06:18:00+00:00,24659.900390625,24660.599609375,24656.55078125,24658.44921875,0
2025-08-01 06:19:00+00:00,24666.94921875,24668.900390625,24658.5,24660.099609375,0
2025-08-01 06:20:00+00:00,24662.599609375,24667.30078125,24662.05078125,24667.30078125,0
2025-08-01 06:21:00+00:00,24669.0,24669.25,24660.849609375,24663.19921875,0
2025-08-01 06:22:00+00:00,24672.400390625,24674.0,24668.150390625,24668.900390625,0
2025-08-01 06:23:00+00:00,24674.900390625,24675.19921875,24669.650390625,24673.150390625,0
2025-08-01 06:24:00+00:00,24665.55078125,24675.75,24665.19921875,24675.75,0
2025-08-01 06:25:00+00:00,24662.650390625,24666.849609375,24661.75,24666.0,0
2025-08-01 06:26:00+00:00,24657.849609375,24664.5,24657.849609375,24662.69921875,0
2025-08-01 06:27:00+00:00,24656.650390625,24658.650390625,24656.19921875,24657.099609375,0
2025-08-01 06:28:00+00:00,24667.19921875,24669.0,24656.30078125,24656.94921875,0
2025-08-01 06:29:00+00:00,24659.400390625,24668.900390625,24658.44921875,24666.55078125,0
2025-08-01 06:30:00+00:00,24657.05078125,24661.349609375,24656.349609375,24659.099609375,0
2025-08-01 06:31:00+00:00,24654.44921875,24657.05078125,24652.349609375,24656.69921875,0
2025-08-01 06:32:00+00:00,24648.599609375,24654.75,24646.150390625,24654.349609375,0
2025-08-01 06:33:00+00:00,24650.599609375,24652.0,24646.400390625,24648.400390625,0
2025-08-01 06:34:00+00:00,24650.69921875,24659.19921875,24649.30078125,24650.69921875,0
2025-08-01 06:35:00+00:00,24652.5,24655.099609375,24649.900390625,24652.849609375,0
2025-08-01 06:36:00+00:00,24660.05078125,24660.05078125,24652.05078125,24653.30078125,0
2025-08-01 06:37:00+00:00,24663.599609375,24666.30078125,24660.05078125,24660.599609375,0
2025-08-01 06:38:00+00:00,24663.44921875,24666.19921875,24661.80078125,24663.75,0
2025-08-01 06:39:00+00:00,24670.599609375,24671.05078125,24663.150390625,24664.650390625,0
2025-08-01 06:40:00+00:00,24666.55078125,24671.19921875,24662.55078125,24671.19921875,0
2025-08-01 06:41:00+00:00,24665.150390625,24667.69921875,24663.900390625,24666.80078125,0
2025-08-01 06:42:00+00:00,24659.19921875,24665.849609375,24656.150390625,24665.849609375,0
2025-08-01 06:43:00+00:00,24660.44921875,24661.69921875,24658.94921875,24660.150390625,0
2025-08-01 06:44:00+00:00,24654.05078125,24661.650390625,24653.69921875,24661.099609375,0
2025-08-01 06:45:00+00:00,24658.55078125,24659.30078125,24649.900390625,24654.94921875,0
2025-08-01 06:46:00+00:00,24653.150390625,24660.05078125,24653.150390625,24658.94921875,0
2025-08-01 06:47:00+00:00,24654.55078125,24655.5,24651.849609375,24653.349609375,0
2025-08-01 06:48:00+00:00,24652.900390625,24655.400390625,24648.80078125,24655.19921875,0
2025-08-01 06:49:00+00:00,24653.599609375,24653.94921875,24647.099609375,24652.650390625,0
2025-08-01 06:50:00+00:00,24658.94921875,24659.19921875,24653.75,24654.400390625,0
2025-08-01 06:51:00+00:00,24662.849609375,24662.849609375,24655.5,24658.599609375,0
2025-08-01 06:52:00+00:00,24669.650390625,24671.05078125,24662.400390625,24663.25,0
2025-08-01 06:53:00+00:00,24671.94921875,24671.94921875,24662.650390625,24670.80078125,0
2025-08-01 06:54:00+00:00,24674.349609375,24675.94921875,24672.80078125,24672.94921875,0
2025-08-01 06:55:00+00:00,24672.69921875,24675.25,24666.80078125,24675.25,0
2025-08-01 06:56:00+00:00,24668.44921875,24673.55078125,24667.400390625,24673.19921875,0
2025-08-01 06:57:00+00:00,24665.25,24669.0,24663.55078125,24669.0,0
2025-08-01 06:58:00+00:00,24662.5,24666.94921875,24661.400390625,24666.44921875,0
2025-08-01 06:59:00+00:00,24664.75,24665.94921875,24660.19921875,24663.5,0
2025-08-01 07:00:00+00:00,24670.25,24670.5,24662.5,24665.30078125,0
2025-08-01 07:01:00+00:00,24691.80078125,24697.69921875,24669.19921875,24670.849609375,0
2025-08-01 07:03:00+00:00,24673.650390625,24676.849609375,24672.75,24676.55078125,0
2025-08-01 07:04:00+00:00,24660.400390625,24674.349609375,24657.69921875,24674.30078125,0
2025-08-01 07:05:00+00:00,24645.349609375,24660.849609375,24640.5,24660.849609375,0
2025-08-01 07:06:00+00:00,24648.849609375,24652.400390625,24646.0,24646.44921875,0
2025-08-01 07:07:00+00:00,24657.25,24660.150390625,24648.44921875,24648.69921875,0
2025-08-01 07:08:00+00:00,24654.30078125,24658.349609375,24653.30078125,24658.349609375,0
2025-08-01 07:09:00+00:00,24646.25,24655.150390625,24645.55078125,24655.0,0
2025-08-01 07:10:00+00:00,24638.400390625,24646.69921875,24636.349609375,24646.69921875,0
2025-08-01 07:11:00+00:00,24647.44921875,24647.44921875,24636.30078125,24638.75,0
2025-08-01 07:12:00+00:00,24642.400390625,24647.05078125,24640.05078125,24647.05078125,0
2025-08-01 07:13:00+00:00,24613.25,24643.349609375,24611.150390625,24643.349609375,0
2025-08-01 07:14:00+00:00,24635.44921875,24637.349609375,24614.30078125,24614.30078125,0
2025-08-01 07:15:00+00:00,24634.30078125,24636.650390625,24632.900390625,24636.150390625,0
2025-08-01 07:16:00+00:00,24635.94921875,24636.5,24633.0,24635.349609375,0
2025-08-01 07:17:00+00:00,24648.30078125,24648.30078125,24636.650390625,24636.75,0
2025-08-01 07:18:00+00:00,24645.099609375,24648.650390625,24642.94921875,24648.650390625,0
2025-08-01 07:19:00+00:00,24642.0,24647.150390625,24641.599609375,24645.55078125,0
2025-08-01 07:20:00+00:00,24640.44921875,24643.55078125,24635.150390625,24641.80078125,0
2025-08-01 07:21:00+00:00,24643.75,24643.900390625,24636.650390625,24640.599609375,0
2025-08-01 07:22:00+00:00,24644.19921875,24649.05078125,24643.69921875,24644.55078125,0
2025-08-01 07:23:00+00:00,24645.55078125,24645.849609375,24640.75,24645.400390625,0
2025-08-01 07:24:00+00:00,24649.900390625,24650.0,24644.349609375,24645.650390625,0
2025-08-01 07:25:00+00:00,24652.69921875,24653.349609375,24647.5,24650.650390625,0
2025-08-01 07:26:00+00:00,24648.849609375,24655.849609375,24648.400390625,24653.30078125,0
2025-08-01 07:27:00+00:00,24652.30078125,24653.19921875,24647.150390625,24649.900390625,0
2025-08-01 07:28:00+00:00,24647.150390625,24652.900390625,24643.80078125,24652.900390625,0
2025-08-01 07:29:00+00:00,24644.80078125,24649.69921875,24644.400390625,24647.349609375,0
2025-08-01 07:30:00+00:00,24643.0,24646.55078125,24640.0,24645.69921875,0
2025-08-01 07:31:00+00:00,24644.150390625,24644.150390625,24637.25,24643.30078125,0
2025-08-01 07:32:00+00:00,24641.400390625,24647.19921875,24640.849609375,24644.849609375,0
2025-08-01 07:33:00+00:00,24640.80078125,24642.19921875,24635.849609375,24642.19921875,0
2025-08-01 07:34:00+00:00,24639.400390625,24640.94921875,24634.5,24640.94921875,0
2025-08-01 07:35:00+00:00,24652.44921875,24652.44921875,24639.25,24640.19921875,0
2025-08-01 07:36:00+00:00,24659.400390625,24661.099609375,24649.19921875,24653.0,0
2025-08-01 07:37:00+00:00,24661.75,24666.94921875,24660.5,24660.5,0
2025-08-01 07:38:00+00:00,24661.25,24665.5,24659.80078125,24663.05078125,0
2025-08-01 07:39:00+00:00,24652.69921875,24661.19921875,24651.44921875,24661.05078125,0
2025-08-01 07:40:00+00:00,24646.25,24654.19921875,24645.25,24654.19921875,0
2025-08-01 07:41:00+00:00,24647.19921875,24651.099609375,24646.80078125,24647.25,0
2025-08-01 07:42:00+00:00,24657.75,24658.349609375,24646.19921875,24647.80078125,0
2025-08-01 07:43:00+00:00,24661.94921875,24662.849609375,24656.19921875,24657.900390625,0
2025-08-01 07:44:00+00:00,24655.400390625,24663.05078125,24655.400390625,24663.05078125,0
2025-08-01 07:45:00+00:00,24655.150390625,24657.599609375,24653.650390625,24656.099609375,0
2025-08-01 07:46:00+00:00,24655.849609375,24658.099609375,24653.400390625,24655.349609375,0
2025-08-01 07:47:00+00:00,24659.5,24660.19921875,24653.900390625,24656.5,0
2025-08-01 07:48:00+00:00,24649.94921875,24659.94921875,24649.94921875,24659.94921875,0
2025-08-01 07:49:00+00:00,24651.349609375,24653.05078125,24648.900390625,24651.0,0
2025-08-01 07:50:00+00:00,24649.900390625,24652.099609375,24648.5,24651.599609375,0
2025-08-01 07:51:00+00:00,24654.150390625,24654.150390625,24648.44921875,24650.25,0
2025-08-01 07:52:00+00:00,24658.94921875,24658.94921875,24653.349609375,24655.25,0
2025-08-01 07:53:00+00:00,24664.099609375,24664.099609375,24657.650390625,24659.44921875,0
2025-08-01 07:54:00+00:00,24661.599609375,24665.19921875,24661.55078125,24664.19921875,0
2025-08-01 07:55:00+00:00,24676.0,24676.44921875,24657.94921875,24663.05078125,0
2025-08-01 07:56:00+00:00,24682.75,24683.69921875,24674.94921875,24676.0,0
2025-08-01 07:57:00+00:00,24681.55078125,24684.75,24679.75,24683.80078125,0
2025-08-01 07:58:00+00:00,24683.25,24684.5,24681.400390625,24682.19921875,0
2025-08-01 07:59:00+00:00,24683.75,24683.75,24678.05078125,24683.0,0
2025-08-01 08:00:00+00:00,24677.599609375,24684.349609375,24677.55078125,24684.19921875,0
2025-08-01 08:01:00+00:00,24689.19921875,24691.400390625,24677.849609375,24678.400390625,0
2025-08-01 08:02:00+00:00,24689.55078125,24692.650390625,24686.5,24690.30078125,0
2025-08-01 08:03:00+00:00,24681.55078125,24690.80078125,24680.69921875,24688.94921875,0
2025-08-01 08:04:00+00:00,24671.5,24683.599609375,24671.19921875,24682.400390625,0
2025-08-01 08:05:00+00:00,24666.849609375,24674.849609375,24666.0,24672.599609375,0
2025-08-01 08:06:00+00:00,24663.44921875,24670.400390625,24663.44921875,24668.55078125,0
2025-08-01 08:07:00+00:00,24659.400390625,24664.55078125,24658.099609375,24664.55078125,0
2025-08-01 08:08:00+00:00,24618.19921875,24660.849609375,24615.599609375,24660.5,0
2025-08-01 08:09:00+00:00,24636.25,24639.55078125,24617.0,24617.0,0
2025-08-01 08:10:00+00:00,24643.30078125,24645.150390625,24638.599609375,24638.900390625,0
2025-08-01 08:11:00+00:00,24646.349609375,24646.349609375,24639.94921875,24643.44921875,0
2025-08-01 08:12:00+00:00,24654.94921875,24655.94921875,24647.19921875,24647.349609375,0
2025-08-01 08:13:00+00:00,24656.650390625,24659.19921875,24653.25,24655.900390625,0
2025-08-01 08:14:00+00:00,24668.599609375,24671.75,24656.5,24657.30078125,0
2025-08-01 08:15:00+00:00,24668.099609375,24671.75,24667.69921875,24669.5,0
2025-08-01 08:16:00+00:00,24668.44921875,24669.849609375,24664.5,24669.19921875,0
2025-08-01 08:17:00+00:00,24664.69921875,24669.900390625,24663.69921875,24668.849609375,0
2025-08-01 08:18:00+00:00,24667.94921875,24672.44921875,24662.69921875,24665.55078125,0
2025-08-01 08:19:00+00:00,24665.5,24668.75,24664.599609375,24668.75,0
2025-08-01 08:20:00+00:00,24659.900390625,24665.849609375,24659.150390625,24664.94921875,0
2025-08-01 08:21:00+00:00,24658.44921875,24660.849609375,24657.25,24659.94921875,0
2025-08-01 08:22:00+00:00,24664.25,24664.55078125,24656.80078125,24659.0,0
2025-08-01 08:23:00+00:00,24659.650390625,24664.25,24659.650390625,24664.25,0
2025-08-01 08:24:00+00:00,24658.650390625,24661.400390625,24657.05078125,24660.650390625,0
2025-08-01 08:25:00+00:00,24656.900390625,24666.650390625,24656.75,24661.349609375,0
2025-08-01 08:26:00+00:00,24653.05078125,24658.55078125,24652.849609375,24656.75,0
2025-08-01 08:27:00+00:00,24653.150390625,24656.75,24651.30078125,24652.349609375,0
2025-08-01 08:28:00+00:00,24653.25,24654.94921875,24650.19921875,24653.69921875,0
2025-08-01 08:29:00+00:00,24643.849609375,24654.0,24637.5,24654.0,0
2025-08-01 08:30:00+00:00,24650.75,24651.94921875,24644.55078125,24644.55078125,0
2025-08-01 08:31:00+00:00,24649.400390625,24651.30078125,24646.849609375,24650.349609375,0
2025-08-01 08:32:00+00:00,24640.650390625,24648.849609375,24640.400390625,24648.849609375,0
2025-08-01 08:33:00+00:00,24640.44921875,24642.55078125,24639.25,24641.099609375,0
2025-08-01 08:34:00+00:00,24644.599609375,24645.5,24636.900390625,24640.30078125,0
2025-08-01 08:35:00+00:00,24646.25,24649.099609375,24645.19921875,24645.44921875,0
2025-08-01 08:36:00+00:00,24649.5,24650.5,24643.30078125,24646.30078125,0
2025-08-01 08:37:00+00:00,24643.0,24650.599609375,24639.55078125,24649.849609375,0
2025-08-01 08:38:00+00:00,24642.80078125,24645.599609375,24638.44921875,24643.55078125,0
2025-08-01 08:39:00+00:00,24644.75,24646.0,24641.599609375,24643.25,0
2025-08-01 08:40:00+00:00,24646.900390625,24648.099609375,24641.150390625,24646.0,0
2025-08-01 08:41:00+00:00,24661.0,24661.349609375,24646.849609375,24647.44921875,0
2025-08-01 08:42:00+00:00,24658.5,24663.94921875,24657.150390625,24661.400390625,0
2025-08-01 08:43:00+00:00,24647.099609375,24658.69921875,24647.099609375,24658.69921875,0
2025-08-01 08:44:00+00:00,24651.75,24657.05078125,24645.599609375,24646.349609375,0
2025-08-01 08:45:00+00:00,24650.44921875,24652.0,24645.69921875,24651.44921875,0
2025-08-01 08:46:00+00:00,24653.25,24655.150390625,24648.599609375,24650.80078125,0
2025-08-01 08:47:00+00:00,24655.30078125,24655.30078125,24648.900390625,24653.900390625,0
2025-08-01 08:48:00+00:00,24653.849609375,24659.69921875,24652.099609375,24655.599609375,0
2025-08-01 08:49:00+00:00,24642.150390625,24654.400390625,24640.69921875,24653.5,0
2025-08-01 08:50:00+00:00,24644.400390625,24644.849609375,24640.80078125,24641.900390625,0
2025-08-01 08:51:00+00:00,24638.44921875,24646.400390625,24636.349609375,24644.75,0
2025-08-01 08:52:00+00:00,24637.150390625,24639.849609375,24631.400390625,24639.150390625,0
2025-08-01 08:53:00+00:00,24634.650390625,24637.5,24632.69921875,24637.0,0
2025-08-01 08:54:00+00:00,24631.05078125,24634.849609375,24629.75,24634.75,0
2025-08-01 08:55:00+00:00,24631.849609375,24633.75,24629.69921875,24631.80078125,0
2025-08-01 08:56:00+00:00,24629.400390625,24634.349609375,24627.650390625,24632.150390625,0
2025-08-01 08:57:00+00:00,24625.150390625,24629.94921875,24623.75,24629.44921875,0
2025-08-01 08:58:00+00:00,24622.900390625,24626.25,24618.44921875,24625.900390625,0
2025-08-01 08:59:00+00:00,24628.44921875,24628.900390625,24621.44921875,24622.80078125,0
2025-08-01 09:00:00+00:00,24627.69921875,24628.69921875,24622.44921875,24628.30078125,0
2025-08-01 09:01:00+00:00,24639.75,24640.150390625,24625.25,24628.44921875,0
2025-08-01 09:02:00+00:00,24637.150390625,24639.44921875,24634.0,24638.849609375,0
2025-08-01 09:03:00+00:00,24650.19921875,24651.0,24635.19921875,24637.30078125,0
2025-08-01 09:04:00+00:00,24642.69921875,24650.69921875,24640.25,24649.80078125,0
2025-08-01 09:05:00+00:00,24648.30078125,24652.099609375,24642.150390625,24642.25,0
2025-08-01 09:06:00+00:00,24649.099609375,24649.150390625,24641.650390625,24647.849609375,0
2025-08-01 09:07:00+00:00,24643.849609375,24650.150390625,24641.900390625,24647.80078125,0
2025-08-01 09:08:00+00:00,24606.75,24644.44921875,24605.55078125,24643.94921875,0
2025-08-01 09:09:00+00:00,24628.69921875,24632.650390625,24606.55078125,24606.55078125,0
2025-08-01 09:10:00+00:00,24623.650390625,24630.94921875,24621.25,24627.349609375,0
2025-08-01 09:11:00+00:00,24621.849609375,24624.44921875,24619.55078125,24624.44921875,0
2025-08-01 09:12:00+00:00,24619.650390625,24623.69921875,24617.900390625,24620.94921875,0
2025-08-01 09:13:00+00:00,24616.55078125,24620.30078125,24614.25,24619.400390625,0
2025-08-01 09:14:00+00:00,24619.599609375,24622.349609375,24614.349609375,24616.25,0
2025-08-01 09:15:00+00:00,24618.099609375,24622.5,24616.25,24620.19921875,0
2025-08-01 09:16:00+00:00,24621.75,24624.30078125,24617.75,24618.849609375,0
2025-08-01 09:17:00+00:00,24631.25,24632.900390625,24620.849609375,24622.349609375,0
2025-08-01 09:18:00+00:00,24636.400390625,24636.44921875,24631.05078125,24631.94921875,0
2025-08-01 09:19:00+00:00,24638.900390625,24641.30078125,24635.900390625,24635.900390625,0
2025-08-01 09:20:00+00:00,24638.900390625,24640.05078125,24634.69921875,24639.150390625,0
2025-08-01 09:21:00+00:00,24634.849609375,24639.900390625,24632.75,24638.25,0
2025-08-01 09:22:00+00:00,24630.55078125,24634.55078125,24629.150390625,24633.94921875,0
2025-08-01 09:23:00+00:00,24629.25,24632.0,24623.900390625,24630.80078125,0
2025-08-01 09:24:00+00:00,24625.099609375,24629.849609375,24623.80078125,24629.849609375,0
2025-08-01 09:25:00+00:00,24618.30078125,24625.650390625,24617.900390625,24625.599609375,0
2025-08-01 09:26:00+00:00,24617.349609375,24621.94921875,24617.099609375,24619.5,0
2025-08-01 09:27:00+00:00,24612.900390625,24617.80078125,24612.25,24616.80078125,0
2025-08-01 09:28:00+00:00,24614.099609375,24622.849609375,24611.80078125,24612.5,0
2025-08-01 09:29:00+00:00,24613.80078125,24616.80078125,24610.400390625,24613.19921875,0
2025-08-01 09:30:00+00:00,24606.5,24611.19921875,24600.80078125,24610.75,0
2025-08-01 09:31:00+00:00,24614.25,24617.69921875,24606.650390625,24606.650390625,0
2025-08-01 09:32:00+00:00,24611.19921875,24617.69921875,24610.650390625,24614.69921875,0
2025-08-01 09:33:00+00:00,24604.05078125,24613.849609375,24602.349609375,24609.69921875,0
2025-08-01 09:34:00+00:00,24595.849609375,24603.650390625,24594.19921875,24601.69921875,0
2025-08-01 09:35:00+00:00,24590.05078125,24600.30078125,24589.55078125,24595.400390625,0
2025-08-01 09:36:00+00:00,24581.849609375,24590.5,24579.75,24590.5,0
2025-08-01 09:37:00+00:00,24583.099609375,24585.5,24578.94921875,24580.44921875,0
2025-08-01 09:38:00+00:00,24565.400390625,24582.94921875,24565.400390625,24582.05078125,0
2025-08-01 09:39:00+00:00,24553.849609375,24565.900390625,24553.75,24564.650390625,0
2025-08-01 09:40:00+00:00,24544.55078125,24561.150390625,24543.099609375,24556.650390625,0
2025-08-01 09:41:00+00:00,24540.75,24551.849609375,24540.349609375,24543.80078125,0
2025-08-01 09:42:00+00:00,24540.900390625,24541.25,24535.349609375,24538.900390625,0
2025-08-01 09:43:00+00:00,24545.19921875,24549.0,24540.349609375,24540.349609375,0
2025-08-01 09:44:00+00:00,24545.650390625,24547.599609375,24542.94921875,24545.0,0
2025-08-01 09:45:00+00:00,24545.150390625,24547.75,24543.400390625,24544.30078125,0
2025-08-01 09:46:00+00:00,24541.69921875,24547.349609375,24541.69921875,24543.849609375,0
2025-08-01 09:47:00+00:00,24545.69921875,24547.25,24541.5,24541.5,0
2025-08-01 09:48:00+00:00,24547.0,24547.75,24539.900390625,24543.94921875,0
2025-08-01 09:49:00+00:00,24551.900390625,24559.099609375,24547.0,24547.44921875,0
2025-08-01 09:50:00+00:00,24553.150390625,24560.599609375,24551.099609375,24551.099609375,0
2025-08-01 09:51:00+00:00,24557.900390625,24558.0,24550.69921875,24550.69921875,0
2025-08-01 09:52:00+00:00,24558.650390625,24559.099609375,24556.099609375,24557.400390625,0
2025-08-01 09:53:00+00:00,24561.0,24563.25,24557.5,24557.5,0
2025-08-01 09:54:00+00:00,24560.5,24561.69921875,24556.0,24560.0,0
2025-08-01 09:55:00+00:00,24562.30078125,24570.650390625,24559.94921875,24559.94921875,0
2025-08-01 09:56:00+00:00,24548.099609375,24562.05078125,24547.19921875,24561.30078125,0
2025-08-01 09:57:00+00:00,24554.44921875,24554.44921875,24546.80078125,24546.80078125,0
2025-08-01 09:58:00+00:00,24563.44921875,24564.5,24553.0,24553.0,0
2025-08-01 09:59:00+00:00,24572.150390625,24575.19921875,24557.44921875,24563.599609375,0
2025-08-04 03:45:00+00:00,24613.849609375,24626.650390625,24566.0,24600.400390625,0
2025-08-04 03:46:00+00:00,24625.400390625,24626.30078125,24600.599609375,24611.349609375,0
2025-08-04 03:47:00+00:00,24619.75,24633.099609375,24617.19921875,24625.19921875,0
2025-08-04 03:48:00+00:00,24633.400390625,24633.400390625,24617.69921875,24617.69921875,0
2025-08-04 03:49:00+00:00,24639.75,24642.650390625,24633.5,24633.5,0
2025-08-04 03:50:00+00:00,24624.349609375,24648.150390625,24624.349609375,24642.75,0
2025-08-04 03:51:00+00:00,24626.75,24638.849609375,24624.94921875,24625.19921875,0
2025-08-04 03:52:00+00:00,24638.150390625,24638.349609375,24627.05078125,24628.150390625,0
2025-08-04 03:53:00+00:00,24650.849609375,24651.75,24639.650390625,24639.650390625,0
2025-08-04 03:54:00+00:00,24646.25,24652.650390625,24645.19921875,24649.80078125,0
2025-08-04 03:55:00+00:00,24642.849609375,24653.19921875,24641.30078125,24647.349609375,0
2025-08-04 03:56:00+00:00,24651.94921875,24657.150390625,24640.650390625,24641.94921875,0
2025-08-04 03:57:00+00:00,24653.400390625,24657.30078125,24650.25,24653.099609375,0
2025-08-04 03:58:00+00:00,24664.05078125,24664.349609375,24649.099609375,24653.5,0
2025-08-04 03:59:00+00:00,24660.5,24666.25,24658.25,24663.55078125,0
2025-08-04 04:00:00+00:00,24664.69921875,24669.75,24659.55078125,24659.650390625,0
2025-08-04 04:01:00+00:00,24659.44921875,24668.599609375,24659.099609375,24667.0,0
2025-08-04 04:02:00+00:00,24649.25,24659.849609375,24641.75,24658.349609375,0
2025-08-04 04:03:00+00:00,24645.599609375,24653.849609375,24644.5,24648.400390625,0
2025-08-04 04:04:00+00:00,24656.55078125,24658.19921875,24644.80078125,24645.75,0
2025-08-04 04:05:00+00:00,24650.599609375,24661.349609375,24649.849609375,24657.80078125,0
2025-08-04 04:06:00+00:00,24651.900390625,24654.400390625,24649.05078125,24651.80078125,0
2025-08-04 04:07:00+00:00,24651.30078125,24652.55078125,24644.05078125,24651.150390625,0
2025-08-04 04:08:00+00:00,24651.349609375,24658.05078125,24651.25,24653.05078125,0
2025-08-04 04:09:00+00:00,24649.650390625,24653.94921875,24645.94921875,24653.650390625,0
2025-08-04 04:10:00+00:00,24649.30078125,24651.30078125,24642.5,24651.19921875,0
2025-08-04 04:11:00+00:00,24644.5,24650.75,24642.69921875,24650.599609375,0
2025-08-04 04:12:00+00:00,24638.849609375,24645.05078125,24635.75,24645.05078125,0
2025-08-04 04:13:00+00:00,24618.44921875,24639.150390625,24618.05078125,24639.150390625,0
2025-08-04 04:14:00+00:00,24598.0,24619.69921875,24597.5,24619.25,0
2025-08-04 04:15:00+00:00,24585.75,24598.150390625,24582.400390625,24598.150390625,0
2025-08-04 04:16:00+00:00,24578.94921875,24588.650390625,24577.75,24588.650390625,0
2025-08-04 04:17:00+00:00,24572.849609375,24578.099609375,24567.55078125,24578.099609375,0
2025-08-04 04:18:00+00:00,24561.19921875,24572.80078125,24555.349609375,24572.75,0
2025-08-04 04:19:00+00:00,24604.400390625,24605.80078125,24563.849609375,24563.94921875,0
2025-08-04 04:20:00+00:00,24623.75,24646.349609375,24605.55078125,24605.55078125,0
2025-08-04 04:21:00+00:00,24625.849609375,24631.55078125,24622.650390625,24623.94921875,0
2025-08-04 04:22:00+00:00,24613.44921875,24624.25,24612.099609375,24624.25,0
2025-08-04 04:23:00+00:00,24608.5,24612.099609375,24597.150390625,24612.099609375,0
2025-08-04 04:24:00+00:00,24607.0,24608.05078125,24601.75,24607.30078125,0
2025-08-04 04:25:00+00:00,24609.849609375,24612.400390625,24605.44921875,24607.30078125,0
2025-08-04 04:26:00+00:00,24605.0,24609.400390625,24600.19921875,24609.400390625,0
2025-08-04 04:27:00+00:00,24606.0,24613.900390625,24604.5,24604.849609375,0
2025-08-04 04:28:00+00:00,24608.400390625,24609.05078125,24602.75,24606.349609375,0
2025-08-04 04:29:00+00:00,24608.099609375,24612.80078125,24607.5,24608.75,0
2025-08-04 04:30:00+00:00,24608.75,24617.150390625,24605.30078125,24607.75,0
2025-08-04 04:31:00+00:00,24600.25,24608.5,24597.0,24608.5,0
2025-08-04 04:32:00+00:00,24606.55078125,24606.650390625,24598.0,24600.349609375,0
2025-08-04 04:33:00+00:00,24615.599609375,24615.599609375,24601.05078125,24606.400390625,0
2025-08-04 04:34:00+00:00,24626.900390625,24626.900390625,24615.05078125,24615.94921875,0
2025-08-04 04:35:00+00:00,24636.25,24638.349609375,24625.599609375,24626.349609375,0
2025-08-04 04:36:00+00:00,24623.599609375,24634.19921875,24618.599609375,24634.150390625,0
2025-08-04 04:37:00+00:00,24624.55078125,24626.05078125,24622.69921875,24624.099609375,0
2025-08-04 04:38:00+00:00,24627.900390625,24632.099609375,24624.94921875,24625.0,0
2025-08-04 04:39:00+00:00,24625.44921875,24629.0,24625.19921875,24627.900390625,0
2025-08-04 04:40:00+00:00,24620.099609375,24627.150390625,24618.25,24626.400390625,0
2025-08-04 04:41:00+00:00,24626.349609375,24630.69921875,24617.900390625,24620.25,0
2025-08-04 04:42:00+00:00,24625.599609375,24626.599609375,24616.75,24626.05078125,0
2025-08-04 04:43:00+00:00,24627.80078125,24628.94921875,24623.900390625,24625.19921875,0
2025-08-04 04:44:00+00:00,24624.30078125,24630.099609375,24623.19921875,24626.900390625,0
2025-08-04 04:45:00+00:00,24628.400390625,24630.44921875,24623.650390625,24623.69921875,0
2025-08-04 04:46:00+00:00,24630.55078125,24634.25,24625.80078125,24628.0,0
2025-08-04 04:47:00+00:00,24638.5,24640.150390625,24629.44921875,24630.69921875,0
2025-08-04 04:48:00+00:00,24643.80078125,24645.30078125,24638.0,24639.25,0
2025-08-04 04:49:00+00:00,24632.75,24644.0,24631.19921875,24643.650390625,0
2025-08-04 04:50:00+00:00,24631.599609375,24635.19921875,24627.849609375,24633.650390625,0
2025-08-04 04:51:00+00:00,24636.69921875,24637.650390625,24630.05078125,24632.0,0
2025-08-04 04:52:00+00:00,24640.150390625,24642.099609375,24636.30078125,24636.94921875,0
2025-08-04 04:53:00+00:00,24646.55078125,24648.400390625,24639.80078125,24640.30078125,0
2025-08-04 04:54:00+00:00,24646.150390625,24652.30078125,24645.349609375,24646.400390625,0
2025-08-04 04:55:00+00:00,24638.650390625,24646.75,24636.69921875,24644.94921875,0
2025-08-04 04:56:00+00:00,24630.55078125,24640.0,24630.55078125,24638.80078125,0
2025-08-04 04:57:00+00:00,24610.30078125,24630.150390625,24610.30078125,24630.150390625,0
2025-08-04 04:58:00+00:00,24621.30078125,24623.099609375,24609.19921875,24609.80078125,0
2025-08-04 04:59:00+00:00,24618.5,24623.75,24617.94921875,24621.400390625,0
2025-08-04 05:00:00+00:00,24629.80078125,24631.150390625,24618.44921875,24618.5,0
2025-08-04 05:01:00+00:00,24634.25,24637.44921875,24626.400390625,24629.44921875,0
2025-08-04 05:02:00+00:00,24636.94921875,24637.25,24631.599609375,24632.94921875,0
2025-08-04 05:03:00+00:00,24637.5,24640.05078125,24635.80078125,24636.599609375,0
2025-08-04 05:04:00+00:00,24636.44921875,24638.900390625,24635.94921875,24638.05078125,0
2025-08-04 05:05:00+00:00,24636.349609375,24637.75,24633.5,24637.75,0
2025-08-04 05:06:00+00:00,24641.05078125,24642.650390625,24636.19921875,24636.94921875,0
2025-08-04 05:07:00+00:00,24636.599609375,24640.55078125,24633.5,24640.55078125,0
2025-08-04 05:08:00+00:00,24640.650390625,24641.30078125,24635.599609375,24635.650390625,0
2025-08-04 05:09:00+00:00,24650.69921875,24652.80078125,24638.650390625,24640.650390625,0
2025-08-04 05:10:00+00:00,24645.650390625,24651.400390625,24645.30078125,24651.099609375,0
2025-08-04 05:11:00+00:00,24650.400390625,24650.400390625,24642.44921875,24645.19921875,0
2025-08-04 05:12:00+00:00,24654.94921875,24656.0,24648.19921875,24650.30078125,0
2025-08-04 05:13:00+00:00,24647.150390625,24655.150390625,24645.400390625,24654.80078125,0
2025-08-04 05:14:00+00:00,24641.650390625,24647.69921875,24641.650390625,24646.849609375,0
2025-08-04 05:15:00+00:00,24639.25,24642.150390625,24637.099609375,24641.75,0
2025-08-04 05:16:00+00:00,24637.94921875,24640.80078125,24634.849609375,24639.400390625,0
2025-08-04 05:17:00+00:00,24631.05078125,24638.849609375,24630.849609375,24638.150390625,0
2025-08-04 05:18:00+00:00,24619.94921875,24631.0,24616.75,24630.75,0
2025-08-04 05:19:00+00:00,24612.75,24620.650390625,24612.75,24620.05078125,0
2025-08-04 05:20:00+00:00,24613.150390625,24615.5,24609.55078125,24612.599609375,0
2025-08-04 05:21:00+00:00,24608.849609375,24612.650390625,24603.55078125,24612.650390625,0
2025-08-04 05:22:00+00:00,24621.05078125,24621.5,24609.650390625,24609.650390625,0
2025-08-04 05:23:00+00:00,24623.400390625,24630.849609375,24620.400390625,24621.80078125,0
2025-08-04 05:24:00+00:00,24625.849609375,24625.849609375,24620.650390625,24623.099609375,0
2025-08-04 05:25:00+00:00,24624.400390625,24626.5,24622.0,24625.94921875,0
2025-08-04 05:26:00+00:00,24630.19921875,24630.599609375,24620.0,24625.30078125,0
2025-08-04 05:27:00+00:00,24620.75,24632.099609375,24617.5,24630.5,0
2025-08-04 05:28:00+00:00,24624.30078125,24626.0,24620.349609375,24620.94921875,0
2025-08-04 05:29:00+00:00,24625.25,24626.94921875,24623.80078125,24624.30078125,0
2025-08-04 05:30:00+00:00,24632.05078125,24632.900390625,24622.150390625,24625.55078125,0
2025-08-04 05:31:00+00:00,24644.099609375,24644.5,24630.80078125,24631.349609375,0
2025-08-04 05:32:00+00:00,24645.69921875,24646.150390625,24641.55078125,24644.55078125,0
2025-08-04 05:33:00+00:00,24648.900390625,24649.349609375,24644.44921875,24645.650390625,0
2025-08-04 05:34:00+00:00,24661.400390625,24663.150390625,24648.80078125,24649.25,0
2025-08-04 05:35:00+00:00,24662.44921875,24664.900390625,24660.05078125,24660.05078125,0
2025-08-04 05:36:00+00:00,24666.19921875,24669.5,24662.599609375,24662.75,0
2025-08-04 05:37:00+00:00,24649.25,24666.349609375,24647.5,24666.05078125,0
2025-08-04 05:38:00+00:00,24646.05078125,24653.55078125,24645.150390625,24649.349609375,0
2025-08-04 05:39:00+00:00,24648.44921875,24649.400390625,24642.400390625,24644.900390625,0
2025-08-04 05:40:00+00:00,24653.5,24654.599609375,24647.900390625,24648.099609375,0
2025-08-04 05:41:00+00:00,24656.25,24656.75,24650.25,24653.099609375,0
2025-08-04 05:42:00+00:00,24654.94921875,24658.05078125,24653.900390625,24656.400390625,0
2025-08-04 05:43:00+00:00,24664.400390625,24664.55078125,24655.099609375,24655.150390625,0
2025-08-04 05:44:00+00:00,24664.349609375,24666.099609375,24660.0,24664.5,0
2025-08-04 05:45:00+00:00,24673.0,24673.349609375,24664.099609375,24664.5,0
2025-08-04 05:46:00+00:00,24666.30078125,24677.349609375,24666.30078125,24673.25,0
2025-08-04 05:47:00+00:00,24666.650390625,24668.19921875,24662.349609375,24666.349609375,0
2025-08-04 05:48:00+00:00,24672.150390625,24673.900390625,24665.650390625,24665.650390625,0
2025-08-04 05:49:00+00:00,24667.94921875,24672.5,24665.75,24671.900390625,0
2025-08-04 05:50:00+00:00,24671.400390625,24674.25,24668.099609375,24668.099609375,0
2025-08-04 05:51:00+00:00,24669.0,24675.150390625,24668.599609375,24671.900390625,0
2025-08-04 05:52:00+00:00,24681.25,24681.25,24668.80078125,24668.80078125,0
2025-08-04 05:53:00+00:00,24673.849609375,24682.19921875,24673.849609375,24681.5,0
2025-08-04 05:54:00+00:00,24676.25,24677.400390625,24673.19921875,24674.849609375,0
2025-08-04 05:55:00+00:00,24674.5,24677.150390625,24673.849609375,24676.0,0
2025-08-04 05:56:00+00:00,24673.650390625,24679.55078125,24673.650390625,24674.25,0
2025-08-04 05:57:00+00:00,24669.44921875,24674.69921875,24668.150390625,24674.44921875,0
2025-08-04 05:58:00+00:00,24668.94921875,24670.900390625,24668.0,24669.69921875,0
2025-08-04 05:59:00+00:00,24666.44921875,24669.30078125,24665.099609375,24668.900390625,0
2025-08-04 06:00:00+00:00,24680.80078125,24680.849609375,24666.75,24666.75,0
2025-08-04 06:01:00+00:00,24678.25,24683.849609375,24678.25,24680.19921875,0
2025-08-04 06:02:00+00:00,24681.400390625,24682.599609375,24676.80078125,24678.05078125,0
2025-08-04 06:03:00+00:00,24673.69921875,24682.44921875,24673.400390625,24682.150390625,0
2025-08-04 06:04:00+00:00,24671.349609375,24673.44921875,24669.599609375,24673.099609375,0
2025-08-04 06:05:00+00:00,24664.75,24673.5,24664.75,24671.69921875,0
2025-08-04 06:06:00+00:00,24661.25,24665.55078125,24655.94921875,24665.55078125,0
2025-08-04 06:07:00+00:00,24661.30078125,24664.94921875,24661.0,24661.900390625,0
2025-08-04 06:08:00+00:00,24636.94921875,24660.099609375,24632.55078125,24660.099609375,0
2025-08-04 06:09:00+00:00,24652.94921875,24654.69921875,24636.900390625,24636.900390625,0
2025-08-04 06:10:00+00:00,24652.44921875,24656.599609375,24652.25,24653.349609375,0
2025-08-04 06:11:00+00:00,24656.650390625,24658.55078125,24652.349609375,24652.55078125,0
2025-08-04 06:12:00+00:00,24664.69921875,24665.55078125,24655.099609375,24656.650390625,0
2025-08-04 06:13:00+00:00,24667.19921875,24669.099609375,24663.900390625,24664.44921875,0
2025-08-04 06:14:00+00:00,24669.349609375,24670.44921875,24666.94921875,24667.5,0
2025-08-04 06:15:00+00:00,24670.55078125,24671.19921875,24667.849609375,24669.25,0
2025-08-04 06:16:00+00:00,24672.849609375,24674.099609375,24670.19921875,24670.80078125,0
2025-08-04 06:17:00+00:00,24674.30078125,24674.44921875,24670.69921875,24672.900390625,0
2025-08-04 06:18:00+00:00,24670.55078125,24674.25,24669.05078125,24673.94921875,0
2025-08-04 06:19:00+00:00,24672.599609375,24674.44921875,24670.75,24670.75,0
2025-08-04 06:20:00+00:00,24676.05078125,24677.5,24670.80078125,24672.30078125,0
2025-08-04 06:21:00+00:00,24672.849609375,24677.900390625,24672.400390625,24676.599609375,0
2025-08-04 06:22:00+00:00,24672.5,24674.349609375,24670.400390625,24671.75,0
2025-08-04 06:23:00+00:00,24676.650390625,24676.849609375,24672.599609375,24673.349609375,0
2025-08-04 06:24:00+00:00,24675.75,24677.69921875,24675.75,24676.5,0
2025-08-04 06:25:00+00:00,24671.849609375,24676.349609375,24670.099609375,24676.349609375,0
2025-08-04 06:26:00+00:00,24677.75,24680.80078125,24671.75,24672.0,0
2025-08-04 06:27:00+00:00,24677.25,24682.19921875,24677.25,24677.94921875,0
2025-08-04 06:28:00+00:00,24683.05078125,24684.400390625,24675.44921875,24677.05078125,0
2025-08-04 06:29:00+00:00,24679.44921875,24684.05078125,24678.30078125,24683.94921875,0
2025-08-04 06:30:00+00:00,24675.55078125,24683.849609375,24674.94921875,24679.0,0
2025-08-04 06:31:00+00:00,24670.900390625,24675.69921875,24670.900390625,24675.0,0
2025-08-04 06:32:00+00:00,24663.05078125,24671.900390625,24660.75,24671.0,0
2025-08-04 06:33:00+00:00,24661.80078125,24664.19921875,24659.55078125,24663.05078125,0
2025-08-04 06:34:00+00:00,24670.69921875,24671.80078125,24662.44921875,24662.80078125,0
2025-08-04 06:35:00+00:00,24676.150390625,24679.099609375,24670.5,24670.599609375,0
2025-08-04 06:36:00+00:00,24668.69921875,24677.599609375,24668.69921875,24676.099609375,0
2025-08-04 06:37:00+00:00,24668.19921875,24671.349609375,24667.650390625,24668.849609375,0
2025-08-04 06:38:00+00:00,24669.19921875,24672.25,24668.0,24668.5,0
2025-08-04 06:39:00+00:00,24668.94921875,24670.69921875,24667.349609375,24669.30078125,0
2025-08-04 06:40:00+00:00,24677.150390625,24679.19921875,24668.599609375,24669.849609375,0
2025-08-04 06:41:00+00:00,24675.849609375,24681.44921875,24675.849609375,24677.44921875,0
2025-08-04 06:42:00+00:00,24672.05078125,24677.400390625,24671.650390625,24675.44921875,0
2025-08-04 06:43:00+00:00,24673.400390625,24677.44921875,24670.099609375,24672.099609375,0
2025-08-04 06:44:00+00:00,24676.80078125,24678.69921875,24672.94921875,24673.650390625,0
2025-08-04 06:45:00+00:00,24676.05078125,24680.150390625,24675.30078125,24676.75,0
2025-08-04 06:46:00+00:00,24671.44921875,24678.849609375,24670.0,24676.44921875,0
2025-08-04 06:47:00+00:00,24677.44921875,24679.69921875,24669.849609375,24671.75,0
2025-08-04 06:48:00+00:00,24675.05078125,24679.05078125,24674.75,24677.69921875,0
2025-08-04 06:49:00+00:00,24678.150390625,24680.599609375,24675.75,24675.80078125,0
2025-08-04 06:50:00+00:00,24675.25,24678.25,24671.25,24677.75,0
2025-08-04 06:51:00+00:00,24670.19921875,24676.349609375,24668.849609375,24675.0,0
2025-08-04 06:52:00+00:00,24668.25,24672.25,24667.349609375,24670.55078125,0
2025-08-04 06:53:00+00:00,24676.19921875,24677.400390625,24667.30078125,24668.349609375,0
2025-08-04 06:54:00+00:00,24670.0,24681.25,24669.599609375,24676.69921875,0
2025-08-04 06:55:00+00:00,24678.650390625,24680.75,24669.400390625,24669.400390625,0
2025-08-04 06:56:00+00:00,24681.44921875,24682.900390625,24676.849609375,24678.599609375,0
2025-08-04 06:57:00+00:00,24687.30078125,24690.349609375,24680.349609375,24681.5,0
2025-08-04 06:58:00+00:00,24690.25,24691.69921875,24686.75,24687.44921875,0
2025-08-04 06:59:00+00:00,24694.599609375,24696.599609375,24690.599609375,24690.599609375,0
2025-08-04 07:00:00+00:00,24695.5,24698.30078125,24692.150390625,24694.94921875,0
2025-08-04 07:01:00+00:00,24695.650390625,24698.900390625,24693.44921875,24695.30078125,0
2025-08-04 07:02:00+00:00,24693.099609375,24697.25,24693.099609375,24695.94921875,0
2025-08-04 07:03:00+00:00,24697.44921875,24698.5,24692.75,24693.400390625,0
2025-08-04 07:04:00+00:00,24694.099609375,24697.94921875,24691.05078125,24697.05078125,0
2025-08-04 07:05:00+00:00,24699.349609375,24700.349609375,24693.400390625,24694.849609375,0
2025-08-04 07:06:00+00:00,24705.19921875,24707.69921875,24699.0,24699.25,0
2025-08-04 07:07:00+00:00,24707.19921875,24708.69921875,24701.55078125,24705.75,0
2025-08-04 07:08:00+00:00,24710.5,24715.05078125,24707.05078125,24707.55078125,0
2025-08-04 07:09:00+00:00,24717.30078125,24719.650390625,24709.75,24710.5,0
2025-08-04 07:10:00+00:00,24714.55078125,24720.80078125,24714.400390625,24716.75,0
2025-08-04 07:11:00+00:00,24704.5,24714.650390625,24704.05078125,24714.650390625,0
2025-08-04 07:12:00+00:00,24697.94921875,24705.80078125,24697.849609375,24704.80078125,0
2025-08-04 07:13:00+00:00,24696.69921875,24698.44921875,24693.30078125,24696.650390625,0
2025-08-04 07:14:00+00:00,24692.400390625,24697.599609375,24689.650390625,24696.400390625,0
2025-08-04 07:15:00+00:00,24699.400390625,24700.0,24692.349609375,24692.80078125,0
2025-08-04 07:16:00+00:00,24687.599609375,24701.25,24687.19921875,24699.5,0
2025-08-04 07:17:00+00:00,24693.5,24696.30078125,24686.75,24687.30078125,0
2025-08-04 07:18:00+00:00,24688.94921875,24698.349609375,24688.94921875,24694.400390625,0
2025-08-04 07:19:00+00:00,24694.05078125,24696.150390625,24689.05078125,24689.80078125,0
2025-08-04 07:20:00+00:00,24693.650390625,24699.05078125,24692.94921875,24695.05078125,0
2025-08-04 07:21:00+00:00,24702.0,24703.94921875,24692.44921875,24693.650390625,0
2025-08-04 07:22:00+00:00,24699.900390625,24702.75,24697.349609375,24702.05078125,0
2025-08-04 07:23:00+00:00,24698.400390625,24700.30078125,24695.94921875,24700.0,0
2025-08-04 07:24:00+00:00,24692.19921875,24699.650390625,24691.75,24698.69921875,0
2025-08-04 07:25:00+00:00,24694.94921875,24697.25,24691.900390625,24693.25,0
2025-08-04 07:26:00+00:00,24702.0,24702.30078125,24694.400390625,24694.80078125,0
2025-08-04 07:27:00+00:00,24702.900390625,24703.599609375,24700.150390625,24702.400390625,0
2025-08-04 07:28:00+00:00,24705.69921875,24709.5,24702.900390625,24702.900390625,0
2025-08-04 07:29:00+00:00,24705.69921875,24706.400390625,24701.0,24705.44921875,0
2025-08-04 07:30:00+00:00,24710.849609375,24711.900390625,24705.0,24705.650390625,0
2025-08-04 07:31:00+00:00,24715.5,24719.75,24711.349609375,24711.349609375,0
2025-08-04 07:32:00+00:00,24721.25,24722.0,24714.900390625,24715.69921875,0
2025-08-04 07:33:00+00:00,24716.5,24721.80078125,24716.0,24720.94921875,0
2025-08-04 07:34:00+00:00,24716.19921875,24719.94921875,24715.94921875,24716.44921875,0
2025-08-04 07:35:00+00:00,24713.80078125,24721.0,24713.80078125,24716.0,0
2025-08-04 07:36:00+00:00,24710.5,24713.75,24703.94921875,24713.75,0
2025-08-04 07:37:00+00:00,24708.099609375,24710.75,24706.55078125,24710.75,0
2025-08-04 07:38:00+00:00,24707.75,24714.650390625,24706.80078125,24708.05078125,0
2025-08-04 07:39:00+00:00,24709.150390625,24711.75,24706.69921875,24707.599609375,0
2025-08-04 07:40:00+00:00,24702.30078125,24709.30078125,24700.650390625,24708.94921875,0
2025-08-04 07:41:00+00:00,24703.55078125,24705.19921875,24700.55078125,24702.30078125,0
2025-08-04 07:42:00+00:00,24708.30078125,24708.650390625,24703.30078125,24704.150390625,0
2025-08-04 07:43:00+00:00,24703.599609375,24712.05078125,24703.599609375,24708.5,0
2025-08-04 07:44:00+00:00,24698.75,24704.05078125,24693.05078125,24703.150390625,0
2025-08-04 07:45:00+00:00,24698.900390625,24699.349609375,24695.69921875,24698.650390625,0
2025-08-04 07:46:00+00:00,24703.75,24704.5,24698.55078125,24699.05078125,0
2025-08-04 07:47:00+00:00,24697.400390625,24703.900390625,24695.650390625,24703.650390625,0
2025-08-04 07:48:00+00:00,24695.349609375,24697.44921875,24693.30078125,24696.900390625,0
2025-08-04 07:49:00+00:00,24693.599609375,24697.75,24692.5,24695.599609375,0
2025-08-04 07:50:00+00:00,24690.80078125,24701.099609375,24690.55078125,24693.650390625,0
2025-08-04 07:51:00+00:00,24687.94921875,24692.0,24686.5,24691.44921875,0
2025-08-04 07:52:00+00:00,24689.75,24690.650390625,24686.849609375,24688.150390625,0
2025-08-04 07:53:00+00:00,24689.599609375,24690.80078125,24686.099609375,24688.900390625,0
2025-08-04 07:54:00+00:00,24688.25,24693.650390625,24688.25,24689.599609375,0
2025-08-04 07:55:00+00:00,24684.150390625,24689.5,24682.5,24688.80078125,0
2025-08-04 07:56:00+00:00,24685.55078125,24687.55078125,24683.349609375,24683.349609375,0
2025-08-04 07:57:00+00:00,24671.650390625,24686.19921875,24671.650390625,24686.05078125,0
2025-08-04 07:58:00+00:00,24649.150390625,24671.650390625,24644.099609375,24671.650390625,0
2025-08-04 07:59:00+00:00,24668.80078125,24669.400390625,24651.0,24651.0,0
2025-08-04 08:00:00+00:00,24679.80078125,24681.599609375,24667.30078125,24671.05078125,0
2025-08-04 08:01:00+00:00,24678.5,24681.0,24677.19921875,24678.69921875,0
2025-08-04 08:02:00+00:00,24681.900390625,24684.30078125,24677.80078125,24677.80078125,0
2025-08-04 08:03:00+00:00,24688.5,24691.25,24681.599609375,24681.75,0
2025-08-04 08:04:00+00:00,24687.150390625,24690.0,24687.150390625,24688.5,0
2025-08-04 08:05:00+00:00,24688.150390625,24688.599609375,24683.19921875,24687.55078125,0
2025-08-04 08:06:00+00:00,24679.80078125,24688.5,24677.5,24688.5,0
2025-08-04 08:07:00+00:00,24683.94921875,24686.0,24679.5,24679.55078125,0
2025-08-04 08:08:00+00:00,24684.94921875,24687.55078125,24680.75,24683.900390625,0
2025-08-04 08:09:00+00:00,24689.349609375,24689.849609375,24683.0,24684.94921875,0
2025-08-04 08:10:00+00:00,24689.30078125,24690.150390625,24687.099609375,24689.05078125,0
2025-08-04 08:11:00+00:00,24690.94921875,24692.55078125,24686.150390625,24689.44921875,0
2025-08-04 08:12:00+00:00,24697.400390625,24698.55078125,24690.5,24691.19921875,0
2025-08-04 08:13:00+00:00,24694.900390625,24698.349609375,24694.900390625,24697.650390625,0
2025-08-04 08:14:00+00:00,24701.69921875,24702.69921875,24695.05078125,24695.05078125,0
2025-08-04 08:15:00+00:00,24708.0,24709.80078125,24700.69921875,24701.349609375,0
2025-08-04 08:16:00+00:00,24726.5,24726.75,24707.30078125,24707.849609375,0
2025-08-04 08:17:00+00:00,24730.25,24733.94921875,24726.5,24726.5,0
2025-08-04 08:18:00+00:00,24725.25,24734.30078125,24724.75,24730.25,0
2025-08-04 08:19:00+00:00,24719.5,24726.55078125,24718.55078125,24725.150390625,0
2025-08-04 08:20:00+00:00,24720.19921875,24720.69921875,24718.05078125,24718.75,0
2025-08-04 08:21:00+00:00,24717.599609375,24723.44921875,24716.05078125,24720.349609375,0
2025-08-04 08:22:00+00:00,24715.80078125,24721.150390625,24715.80078125,24717.69921875,0
2025-08-04 08:23:00+00:00,24714.0,24716.19921875,24712.650390625,24715.80078125,0
2025-08-04 08:24:00+00:00,24719.19921875,24720.69921875,24713.0,24714.0,0
2025-08-04 08:25:00+00:00,24718.69921875,24721.0,24717.30078125,24719.30078125,0
2025-08-04 08:26:00+00:00,24717.099609375,24720.0,24712.44921875,24718.5,0
2025-08-04 08:27:00+00:00,24718.30078125,24720.55078125,24716.349609375,24717.150390625,0
2025-08-04 08:28:00+00:00,24720.55078125,24720.80078125,24716.599609375,24718.19921875,0
2025-08-04 08:29:00+00:00,24718.650390625,24720.849609375,24715.849609375,24720.5,0
2025-08-04 08:30:00+00:00,24720.94921875,24725.25,24716.900390625,24718.30078125,0
2025-08-04 08:31:00+00:00,24722.94921875,24724.44921875,24719.94921875,24720.19921875,0
2025-08-04 08:32:00+00:00,24700.599609375,24724.099609375,24700.30078125,24723.400390625,0
2025-08-04 08:33:00+00:00,24686.05078125,24699.69921875,24682.19921875,24699.69921875,0
2025-08-04 08:34:00+00:00,24699.0,24706.849609375,24685.599609375,24685.599609375,0
2025-08-04 08:35:00+00:00,24705.05078125,24705.30078125,24698.099609375,24698.75,0
2025-08-04 08:36:00+00:00,24709.349609375,24709.650390625,24703.650390625,24704.849609375,0
2025-08-04 08:37:00+00:00,24710.349609375,24710.94921875,24706.80078125,24709.19921875,0
2025-08-04 08:38:00+00:00,24714.349609375,24714.849609375,24710.349609375,24710.44921875,0
2025-08-04 08:39:00+00:00,24722.400390625,24723.19921875,24714.05078125,24714.5,0
2025-08-04 08:40:00+00:00,24718.0,24722.849609375,24714.30078125,24722.849609375,0
2025-08-04 08:41:00+00:00,24717.150390625,24718.44921875,24714.150390625,24717.44921875,0
2025-08-04 08:42:00+00:00,24719.94921875,24722.099609375,24716.94921875,24716.94921875,0
2025-08-04 08:43:00+00:00,24720.099609375,24721.25,24715.5,24719.5,0
2025-08-04 08:44:00+00:00,24719.44921875,24721.400390625,24718.69921875,24720.05078125,0
2025-08-04 08:45:00+00:00,24721.400390625,24724.150390625,24719.75,24721.099609375,0
2025-08-04 08:46:00+00:00,24716.099609375,24722.150390625,24715.94921875,24721.400390625,0
2025-08-04 08:47:00+00:00,24721.650390625,24723.349609375,24716.44921875,24716.75,0
2025-08-04 08:48:00+00:00,24718.349609375,24721.75,24714.849609375,24721.75,0
2025-08-04 08:49:00+00:00,24720.0,24720.900390625,24717.0,24718.400390625,0
2025-08-04 08:50:00+00:00,24719.19921875,24720.75,24717.150390625,24719.94921875,0
2025-08-04 08:51:00+00:00,24726.05078125,24726.5,24716.349609375,24718.94921875,0
2025-08-04 08:52:00+00:00,24717.44921875,24726.150390625,24716.80078125,24726.150390625,0
2025-08-04 08:53:00+00:00,24718.44921875,24721.650390625,24718.099609375,24718.150390625,0
2025-08-04 08:54:00+00:00,24717.44921875,24720.5,24716.900390625,24718.150390625,0
2025-08-04 08:55:00+00:00,24718.19921875,24719.5,24713.94921875,24717.69921875,0
2025-08-04 08:56:00+00:00,24717.150390625,24719.55078125,24713.80078125,24718.19921875,0
2025-08-04 08:57:00+00:00,24718.400390625,24720.44921875,24715.25,24717.25,0
2025-08-04 08:58:00+00:00,24721.55078125,24723.400390625,24717.30078125,24717.80078125,0
2025-08-04 08:59:00+00:00,24721.80078125,24724.599609375,24720.80078125,24721.44921875,0
2025-08-04 09:00:00+00:00,24719.19921875,24725.30078125,24718.650390625,24721.80078125,0
2025-08-04 09:01:00+00:00,24728.44921875,24728.900390625,24717.400390625,24719.80078125,0
2025-08-04 09:02:00+00:00,24725.650390625,24731.5,24723.349609375,24728.30078125,0
2025-08-04 09:03:00+00:00,24728.80078125,24734.349609375,24724.900390625,24725.5,0
2025-08-04 09:04:00+00:00,24730.05078125,24731.099609375,24726.099609375,24728.25,0
2025-08-04 09:05:00+00:00,24718.5,24730.599609375,24718.5,24729.55078125,0
2025-08-04 09:06:00+00:00,24718.0,24718.94921875,24708.25,24718.30078125,0
2025-08-04 09:07:00+00:00,24714.25,24718.05078125,24709.599609375,24718.05078125,0
2025-08-04 09:08:00+00:00,24714.599609375,24719.69921875,24713.5,24714.150390625,0
2025-08-04 09:09:00+00:00,24718.900390625,24719.75,24712.75,24714.19921875,0
2025-08-04 09:10:00+00:00,24714.900390625,24725.19921875,24712.099609375,24718.150390625,0
2025-08-04 09:11:00+00:00,24711.69921875,24715.5,24709.75,24714.849609375,0
2025-08-04 09:12:00+00:00,24712.25,24714.25,24709.099609375,24711.400390625,0
2025-08-04 09:13:00+00:00,24713.05078125,24715.849609375,24710.650390625,24712.19921875,0
2025-08-04 09:14:00+00:00,24699.30078125,24714.650390625,24699.30078125,24713.5,0
2025-08-04 09:15:00+00:00,24691.349609375,24698.5,24689.099609375,24698.5,0
2025-08-04 09:16:00+00:00,24710.30078125,24712.099609375,24692.05078125,24692.05078125,0
2025-08-04 09:17:00+00:00,24713.099609375,24715.099609375,24709.55078125,24710.94921875,0
2025-08-04 09:18:00+00:00,24716.599609375,24717.30078125,24712.19921875,24713.25,0
2025-08-04 09:19:00+00:00,24716.150390625,24719.349609375,24713.150390625,24716.44921875,0
2025-08-04 09:20:00+00:00,24719.80078125,24720.44921875,24715.75,24716.30078125,0
2025-08-04 09:21:00+00:00,24727.44921875,24728.599609375,24719.5,24720.349609375,0
2025-08-04 09:22:00+00:00,24723.94921875,24729.44921875,24723.25,24727.44921875,0
2025-08-04 09:23:00+00:00,24726.349609375,24728.599609375,24722.900390625,24724.19921875,0
2025-08-04 09:24:00+00:00,24727.400390625,24728.55078125,24723.30078125,24726.19921875,0
2025-08-04 09:25:00+00:00,24725.849609375,24727.94921875,24718.55078125,24727.94921875,0
2025-08-04 09:26:00+00:00,24726.75,24728.25,24722.69921875,24725.55078125,0
2025-08-04 09:27:00+00:00,24726.75,24729.650390625,24725.150390625,24725.599609375,0
2025-08-04 09:28:00+00:00,24723.599609375,24727.30078125,24723.349609375,24726.55078125,0
2025-08-04 09:29:00+00:00,24725.75,24727.099609375,24722.099609375,24723.44921875,0
2025-08-04 09:30:00+00:00,24716.05078125,24727.19921875,24701.69921875,24726.349609375,0
2025-08-04 09:31:00+00:00,24719.05078125,24722.94921875,24716.25,24716.69921875,0
2025-08-04 09:32:00+00:00,24718.44921875,24720.75,24717.900390625,24719.30078125,0
2025-08-04 09:33:00+00:00,24714.0,24718.25,24712.80078125,24717.900390625,0
2025-08-04 09:34:00+00:00,24719.400390625,24720.349609375,24714.349609375,24714.69921875,0
2025-08-04 09:35:00+00:00,24716.75,24720.599609375,24716.349609375,24719.849609375,0
2025-08-04 09:36:00+00:00,24718.05078125,24718.94921875,24716.900390625,24717.400390625,0
2025-08-04 09:37:00+00:00,24720.80078125,24721.150390625,24717.75,24718.400390625,0
2025-08-04 09:38:00+00:00,24722.80078125,24723.05078125,24720.80078125,24720.80078125,0
2025-08-04 09:39:00+00:00,24725.25,24725.75,24722.69921875,24723.099609375,0
2025-08-04 09:40:00+00:00,24724.94921875,24726.0,24722.94921875,24725.150390625,0
2025-08-04 09:41:00+00:00,24720.5,24725.5,24719.0,24725.19921875,0
2025-08-04 09:42:00+00:00,24718.94921875,24721.94921875,24718.75,24721.25,0
2025-08-04 09:43:00+00:00,24714.650390625,24719.44921875,24713.75,24719.349609375,0
2025-08-04 09:44:00+00:00,24719.25,24720.94921875,24714.099609375,24715.150390625,0
2025-08-04 09:45:00+00:00,24723.5,24723.5,24718.55078125,24719.5,0
2025-08-04 09:46:00+00:00,24723.30078125,24723.80078125,24721.55078125,24723.5,0
2025-08-04 09:47:00+00:00,24721.5,24724.94921875,24721.150390625,24724.05078125,0
2025-08-04 09:48:00+00:00,24721.30078125,24722.25,24719.0,24721.55078125,0
2025-08-04 09:49:00+00:00,24723.150390625,24724.25,24721.349609375,24721.69921875,0
2025-08-04 09:50:00+00:00,24725.25,24726.900390625,24722.650390625,24723.349609375,0
2025-08-04 09:51:00+00:00,24726.150390625,24726.80078125,24724.349609375,24725.400390625,0
2025-08-04 09:52:00+00:00,24726.30078125,24727.25,24725.150390625,24726.75,0
2025-08-04 09:53:00+00:00,24731.599609375,24731.900390625,24725.900390625,24726.900390625,0
2025-08-04 09:54:00+00:00,24730.25,24734.150390625,24728.849609375,24732.150390625,0
2025-08-04 09:55:00+00:00,24724.400390625,24730.94921875,24722.349609375,24730.19921875,0
2025-08-04 09:56:00+00:00,24726.94921875,24728.05078125,24724.5,24724.80078125,0
2025-08-04 09:57:00+00:00,24730.75,24732.69921875,24725.80078125,24727.400390625,0
2025-08-04 09:58:00+00:00,24729.900390625,24733.150390625,24728.19921875,24731.849609375,0
2025-08-04 09:59:00+00:00,24726.900390625,24735.80078125,24725.900390625,24730.150390625,0
2025-08-05 03:45:00+00:00,24714.400390625,24720.400390625,24681.150390625,24720.25,0
2025-08-05 03:46:00+00:00,24694.80078125,24714.599609375,24689.099609375,24714.599609375,0
2025-08-05 03:47:00+00:00,24707.19921875,24710.19921875,24689.650390625,24696.19921875,0
2025-08-05 03:48:00+00:00,24702.30078125,24706.94921875,24695.69921875,24706.30078125,0
2025-08-05 03:49:00+00:00,24689.900390625,24706.900390625,24678.75,24700.94921875,0
2025-08-05 03:50:00+00:00,24693.400390625,24702.900390625,24681.849609375,24690.599609375,0
2025-08-05 03:51:00+00:00,24687.900390625,24693.55078125,24680.19921875,24693.55078125,0
2025-08-05 03:52:00+00:00,24688.80078125,24690.400390625,24677.150390625,24686.75,0
2025-08-05 03:53:00+00:00,24697.44921875,24697.94921875,24687.94921875,24688.349609375,0
2025-08-05 03:54:00+00:00,24680.30078125,24696.900390625,24679.94921875,24696.900390625,0
2025-08-05 03:55:00+00:00,24676.900390625,24685.0,24672.5,24680.05078125,0
2025-08-05 03:56:00+00:00,24675.44921875,24682.650390625,24672.30078125,24677.900390625,0
2025-08-05 03:57:00+00:00,24675.099609375,24676.849609375,24670.0,24675.94921875,0
2025-08-05 03:58:00+00:00,24675.099609375,24675.900390625,24664.55078125,24675.349609375,0
2025-08-05 03:59:00+00:00,24673.400390625,24675.55078125,24670.150390625,24675.05078125,0
2025-08-05 04:00:00+00:00,24675.25,24684.05078125,24670.349609375,24673.0,0
2025-08-05 04:01:00+00:00,24667.0,24676.150390625,24661.19921875,24675.599609375,0
2025-08-05 04:02:00+00:00,24664.05078125,24668.30078125,24661.650390625,24667.44921875,0
2025-08-05 04:03:00+00:00,24664.55078125,24667.400390625,24659.599609375,24664.900390625,0
2025-08-05 04:04:00+00:00,24675.25,24676.19921875,24664.5,24666.849609375,0
2025-08-05 04:05:00+00:00,24673.44921875,24675.599609375,24669.75,24675.25,0
2025-08-05 04:06:00+00:00,24657.349609375,24675.650390625,24655.599609375,24674.150390625,0
2025-08-05 04:07:00+00:00,24648.05078125,24656.650390625,24641.599609375,24656.650390625,0
2025-08-05 04:08:00+00:00,24639.19921875,24647.650390625,24636.30078125,24647.650390625,0
2025-08-05 04:09:00+00:00,24632.900390625,24638.849609375,24632.25,24638.849609375,0
2025-08-05 04:10:00+00:00,24631.349609375,24633.5,24628.55078125,24633.44921875,0
2025-08-05 04:11:00+00:00,24632.55078125,24640.19921875,24629.30078125,24631.099609375,0
2025-08-05 04:12:00+00:00,24639.19921875,24639.69921875,24631.80078125,24632.75,0
2025-08-05 04:13:00+00:00,24639.0,24647.5,24635.099609375,24638.599609375,0
2025-08-05 04:14:00+00:00,24631.400390625,24639.099609375,24629.75,24639.099609375,0
2025-08-05 04:15:00+00:00,24623.80078125,24632.75,24621.849609375,24631.900390625,0
2025-08-05 04:16:00+00:00,24628.099609375,24628.25,24620.400390625,24622.69921875,0
2025-08-05 04:17:00+00:00,24619.80078125,24628.150390625,24619.80078125,24626.55078125,0
2025-08-05 04:18:00+00:00,24616.0,24619.69921875,24610.349609375,24619.69921875,0
2025-08-05 04:19:00+00:00,24614.30078125,24618.5,24613.94921875,24616.0,0
2025-08-05 04:20:00+00:00,24614.0,24615.69921875,24608.900390625,24615.400390625,0
2025-08-05 04:21:00+00:00,24620.44921875,24621.19921875,24612.44921875,24614.25,0
2025-08-05 04:22:00+00:00,24615.25,24621.150390625,24612.349609375,24620.69921875,0
2025-08-05 04:23:00+00:00,24617.650390625,24617.75,24611.44921875,24615.099609375,0
2025-08-05 04:24:00+00:00,24614.55078125,24623.150390625,24610.150390625,24617.75,0
2025-08-05 04:25:00+00:00,24614.150390625,24617.80078125,24612.25,24614.55078125,0
2025-08-05 04:26:00+00:00,24621.349609375,24623.099609375,24613.150390625,24613.25,0
2025-08-05 04:27:00+00:00,24621.650390625,24622.599609375,24618.25,24620.900390625,0
2025-08-05 04:28:00+00:00,24603.400390625,24622.30078125,24603.400390625,24622.30078125,0
2025-08-05 04:29:00+00:00,24605.099609375,24608.150390625,24599.400390625,24604.25,0
2025-08-05 04:30:00+00:00,24597.30078125,24607.44921875,24597.05078125,24605.099609375,0
2025-08-05 04:31:00+00:00,24598.599609375,24603.30078125,24593.19921875,24597.400390625,0
2025-08-05 04:32:00+00:00,24611.55078125,24611.55078125,24595.099609375,24599.349609375,0
2025-08-05 04:33:00+00:00,24615.69921875,24616.19921875,24611.44921875,24611.5,0
2025-08-05 04:34:00+00:00,24613.849609375,24617.099609375,24611.19921875,24615.099609375,0
2025-08-05 04:35:00+00:00,24613.80078125,24614.55078125,24610.599609375,24614.5,0
2025-08-05 04:36:00+00:00,24618.900390625,24618.900390625,24609.5,24612.69921875,0
2025-08-05 04:37:00+00:00,24619.599609375,24622.55078125,24613.94921875,24618.5,0
2025-08-05 04:38:00+00:00,24621.75,24623.05078125,24619.19921875,24619.75,0
2025-08-05 04:39:00+00:00,24632.75,24634.55078125,24619.5,24621.900390625,0
2025-08-05 04:40:00+00:00,24622.900390625,24634.30078125,24620.94921875,24633.650390625,0
2025-08-05 04:41:00+00:00,24622.30078125,24623.55078125,24616.150390625,24622.650390625,0
2025-08-05 04:42:00+00:00,24624.900390625,24628.05078125,24621.900390625,24621.900390625,0
2025-08-05 04:43:00+00:00,24611.05078125,24624.75,24611.0,24624.5,0
2025-08-05 04:44:00+00:00,24618.69921875,24618.69921875,24608.25,24611.80078125,0
2025-08-05 04:45:00+00:00,24617.25,24618.75,24611.099609375,24618.75,0
2025-08-05 04:46:00+00:00,24619.650390625,24622.69921875,24615.150390625,24617.30078125,0
2025-08-05 04:47:00+00:00,24623.05078125,24624.900390625,24617.44921875,24619.0,0
2025-08-05 04:48:00+00:00,24628.0,24628.69921875,24622.5,24623.849609375,0
2025-08-05 04:49:00+00:00,24635.69921875,24638.25,24627.05078125,24627.94921875,0
2025-08-05 04:50:00+00:00,24631.19921875,24634.80078125,24627.599609375,24634.80078125,0
2025-08-05 04:51:00+00:00,24631.30078125,24632.599609375,24628.69921875,24631.0,0
2025-08-05 04:52:00+00:00,24637.099609375,24637.30078125,24629.599609375,24631.30078125,0
2025-08-05 04:53:00+00:00,24638.94921875,24640.30078125,24636.900390625,24637.55078125,0
2025-08-05 04:54:00+00:00,24641.80078125,24644.599609375,24638.5,24639.099609375,0
2025-08-05 04:55:00+00:00,24633.900390625,24644.69921875,24629.849609375,24642.599609375,0
2025-08-05 04:56:00+00:00,24636.650390625,24636.650390625,24631.44921875,24634.44921875,0
2025-08-05 04:57:00+00:00,24626.55078125,24637.099609375,24626.55078125,24636.75,0
2025-08-05 04:58:00+00:00,24629.19921875,24632.80078125,24621.0,24626.25,0
2025-08-05 04:59:00+00:00,24625.19921875,24631.0,24624.099609375,24628.599609375,0
2025-08-05 05:00:00+00:00,24615.55078125,24626.650390625,24615.55078125,24625.80078125,0
2025-08-05 05:01:00+00:00,24607.30078125,24615.94921875,24605.349609375,24615.94921875,0
2025-08-05 05:02:00+00:00,24606.69921875,24610.05078125,24604.80078125,24607.599609375,0
2025-08-05 05:03:00+00:00,24609.25,24609.94921875,24606.349609375,24606.900390625,0
2025-08-05 05:04:00+00:00,24613.150390625,24613.55078125,24607.94921875,24609.05078125,0
2025-08-05 05:05:00+00:00,24618.05078125,24618.80078125,24609.94921875,24613.400390625,0
2025-08-05 05:06:00+00:00,24616.25,24620.900390625,24614.75,24618.69921875,0
2025-08-05 05:07:00+00:00,24612.44921875,24617.30078125,24610.19921875,24616.650390625,0
2025-08-05 05:08:00+00:00,24625.30078125,24629.150390625,24613.0,24613.349609375,0
2025-08-05 05:09:00+00:00,24630.099609375,24633.400390625,24624.5,24624.5,0
2025-08-05 05:10:00+00:00,24621.80078125,24633.0,24620.55078125,24630.44921875,0
2025-08-05 05:11:00+00:00,24622.849609375,24623.94921875,24619.30078125,24620.75,0
2025-08-05 05:12:00+00:00,24604.30078125,24622.5,24596.849609375,24622.5,0
2025-08-05 05:13:00+00:00,24609.400390625,24611.44921875,24604.19921875,24604.19921875,0
2025-08-05 05:14:00+00:00,24616.0,24618.05078125,24609.75,24609.75,0
2025-08-05 05:15:00+00:00,24612.75,24616.75,24608.650390625,24615.849609375,0
2025-08-05 05:16:00+00:00,24614.19921875,24615.75,24612.80078125,24612.80078125,0
2025-08-05 05:17:00+00:00,24608.400390625,24614.5,24605.05078125,24613.94921875,0
2025-08-05 05:18:00+00:00,24611.400390625,24612.19921875,24608.0,24608.150390625,0
2025-08-05 05:19:00+00:00,24611.75,24612.94921875,24607.0,24611.25,0
2025-08-05 05:20:00+00:00,24619.19921875,24620.849609375,24610.349609375,24611.0,0
2025-08-05 05:21:00+00:00,24620.650390625,24622.150390625,24617.099609375,24619.099609375,0
2025-08-05 05:22:00+00:00,24624.69921875,24626.400390625,24619.650390625,24620.599609375,0
2025-08-05 05:23:00+00:00,24623.55078125,24627.400390625,24622.19921875,24624.75,0
2025-08-05 05:24:00+00:00,24626.900390625,24629.349609375,24623.75,24623.80078125,0
2025-08-05 05:25:00+00:00,24624.5,24627.25,24621.150390625,24626.900390625,0
2025-08-05 05:26:00+00:00,24619.650390625,24624.400390625,24617.400390625,24623.349609375,0
2025-08-05 05:27:00+00:00,24620.849609375,24622.599609375,24618.94921875,24619.94921875,0
2025-08-05 05:28:00+00:00,24617.5,24622.150390625,24616.75,24620.900390625,0
2025-08-05 05:29:00+00:00,24619.94921875,24621.25,24616.44921875,24617.55078125,0
2025-08-05 05:30:00+00:00,24619.25,24622.5,24617.55078125,24620.19921875,0
2025-08-05 05:31:00+00:00,24620.0,24623.150390625,24618.30078125,24619.150390625,0
2025-08-05 05:32:00+00:00,24623.94921875,24623.94921875,24615.25,24620.75,0
2025-08-05 05:33:00+00:00,24625.55078125,24626.75,24623.94921875,24624.30078125,0
2025-08-05 05:34:00+00:00,24624.400390625,24625.400390625,24621.55078125,24625.0,0
2025-08-05 05:35:00+00:00,24624.55078125,24624.599609375,24621.349609375,24624.05078125,0
2025-08-05 05:36:00+00:00,24620.400390625,24624.25,24617.55078125,24624.150390625,0
2025-08-05 05:37:00+00:00,24618.0,24622.099609375,24615.80078125,24620.25,0
2025-08-05 05:38:00+00:00,24613.25,24618.19921875,24612.55078125,24618.099609375,0
2025-08-05 05:39:00+00:00,24606.94921875,24614.849609375,24606.150390625,24613.150390625,0
2025-08-05 05:40:00+00:00,24611.0,24612.099609375,24604.150390625,24607.44921875,0
2025-08-05 05:41:00+00:00,24616.05078125,24616.05078125,24611.19921875,24611.19921875,0
2025-08-05 05:42:00+00:00,24623.400390625,24623.69921875,24615.099609375,24616.05078125,0
2025-08-05 05:43:00+00:00,24629.599609375,24630.19921875,24621.349609375,24623.30078125,0
2025-08-05 05:44:00+00:00,24633.599609375,24634.900390625,24629.0,24629.44921875,0
2025-08-05 05:45:00+00:00,24628.150390625,24635.05078125,24627.849609375,24635.0,0
2025-08-05 05:46:00+00:00,24635.19921875,24635.19921875,24625.75,24628.55078125,0
2025-08-05 05:47:00+00:00,24632.75,24635.349609375,24630.19921875,24635.349609375,0
2025-08-05 05:48:00+00:00,24636.599609375,24636.80078125,24631.849609375,24632.80078125,0
2025-08-05 05:49:00+00:00,24641.94921875,24642.150390625,24634.30078125,24636.30078125,0
2025-08-05 05:50:00+00:00,24636.650390625,24641.650390625,24634.400390625,24640.55078125,0
2025-08-05 05:51:00+00:00,24636.30078125,24641.55078125,24635.44921875,24636.69921875,0
2025-08-05 05:52:00+00:00,24635.099609375,24637.44921875,24631.75,24636.80078125,0
2025-08-05 05:53:00+00:00,24642.099609375,24642.599609375,24634.349609375,24634.55078125,0
2025-08-05 05:54:00+00:00,24644.80078125,24644.80078125,24639.69921875,24641.900390625,0
2025-08-05 05:55:00+00:00,24644.25,24646.599609375,24643.650390625,24645.150390625,0
2025-08-05 05:56:00+00:00,24639.44921875,24644.25,24637.44921875,24644.05078125,0
2025-08-05 05:57:00+00:00,24642.599609375,24643.25,24638.19921875,24639.900390625,0
2025-08-05 05:58:00+00:00,24644.55078125,24644.55078125,24641.25,24642.650390625,0
2025-08-05 05:59:00+00:00,24638.05078125,24644.94921875,24637.650390625,24643.75,0
2025-08-05 06:00:00+00:00,24629.30078125,24638.30078125,24629.099609375,24637.099609375,0
2025-08-05 06:01:00+00:00,24621.849609375,24629.30078125,24618.25,24629.099609375,0
2025-08-05 06:02:00+00:00,24623.900390625,24628.349609375,24621.19921875,24621.19921875,0
2025-08-05 06:03:00+00:00,24621.80078125,24625.69921875,24621.0,24624.19921875,0
2025-08-05 06:04:00+00:00,24620.55078125,24622.150390625,24618.650390625,24621.0,0
2025-08-05 06:05:00+00:00,24625.19921875,24626.0,24619.349609375,24619.349609375,0
2025-08-05 06:06:00+00:00,24627.099609375,24628.69921875,24623.5,24624.650390625,0
2025-08-05 06:07:00+00:00,24631.44921875,24632.0,24623.25,24627.099609375,0
2025-08-05 06:08:00+00:00,24632.94921875,24634.19921875,24629.599609375,24632.25,0
2025-08-05 06:09:00+00:00,24630.94921875,24631.44921875,24628.099609375,24631.44921875,0
2025-08-05 06:10:00+00:00,24630.400390625,24631.19921875,24627.55078125,24629.150390625,0
2025-08-05 06:11:00+00:00,24634.55078125,24636.099609375,24629.44921875,24629.44921875,0
2025-08-05 06:12:00+00:00,24633.849609375,24635.400390625,24630.80078125,24634.349609375,0
2025-08-05 06:13:00+00:00,24629.099609375,24633.849609375,24624.150390625,24633.0,0
2025-08-05 06:14:00+00:00,24633.650390625,24634.0,24628.55078125,24628.94921875,0
2025-08-05 06:15:00+00:00,24630.849609375,24634.25,24629.69921875,24632.900390625,0
2025-08-05 06:16:00+00:00,24632.30078125,24632.650390625,24625.099609375,24629.75,0
2025-08-05 06:17:00+00:00,24634.19921875,24634.349609375,24630.650390625,24631.55078125,0
2025-08-05 06:18:00+00:00,24633.900390625,24634.5,24631.80078125,24634.05078125,0
2025-08-05 06:19:00+00:00,24632.150390625,24635.0,24631.30078125,24633.44921875,0
2025-08-05 06:20:00+00:00,24634.55078125,24634.599609375,24631.19921875,24632.349609375,0
2025-08-05 06:21:00+00:00,24630.80078125,24634.55078125,24627.5,24634.25,0
2025-08-05 06:22:00+00:00,24633.30078125,24636.099609375,24630.55078125,24630.55078125,0
2025-08-05 06:23:00+00:00,24627.75,24634.05078125,24625.94921875,24633.5,0
2025-08-05 06:24:00+00:00,24628.150390625,24631.25,24625.599609375,24625.94921875,0
2025-08-05 06:25:00+00:00,24624.25,24629.19921875,24620.30078125,24628.5,0
2025-08-05 06:26:00+00:00,24623.0,24625.150390625,24621.5,24622.849609375,0
2025-08-05 06:27:00+00:00,24618.69921875,24624.75,24615.69921875,24624.099609375,0
2025-08-05 06:28:00+00:00,24620.75,24621.900390625,24618.099609375,24619.599609375,0
2025-08-05 06:29:00+00:00,24625.150390625,24627.05078125,24620.599609375,24620.599609375,0
2025-08-05 06:30:00+00:00,24621.599609375,24626.5,24619.30078125,24624.69921875,0
2025-08-05 06:31:00+00:00,24621.69921875,24623.05078125,24619.80078125,24619.80078125,0
2025-08-05 06:32:00+00:00,24626.30078125,24627.400390625,24621.099609375,24621.25,0
2025-08-05 06:33:00+00:00,24622.0,24628.05078125,24621.150390625,24625.75,0
2025-08-05 06:34:00+00:00,24624.55078125,24625.150390625,24621.650390625,24621.650390625,0
2025-08-05 06:35:00+00:00,24625.19921875,24625.75,24620.599609375,24624.900390625,0
2025-08-05 06:36:00+00:00,24629.5,24629.69921875,24624.0,24624.099609375,0
2025-08-05 06:37:00+00:00,24628.400390625,24630.25,24626.5,24628.69921875,0
2025-08-05 06:38:00+00:00,24631.55078125,24631.55078125,24627.75,24627.94921875,0
2025-08-05 06:39:00+00:00,24629.5,24631.900390625,24627.44921875,24630.30078125,0
2025-08-05 06:40:00+00:00,24640.400390625,24640.400390625,24627.849609375,24629.69921875,0
2025-08-05 06:41:00+00:00,24656.75,24656.75,24641.44921875,24641.44921875,0
2025-08-05 06:42:00+00:00,24660.25,24668.69921875,24655.55078125,24655.650390625,0
2025-08-05 06:43:00+00:00,24660.75,24663.099609375,24658.44921875,24659.900390625,0
2025-08-05 06:44:00+00:00,24658.69921875,24660.94921875,24657.900390625,24659.75,0
2025-08-05 06:45:00+00:00,24657.69921875,24659.80078125,24653.650390625,24658.099609375,0
2025-08-05 06:46:00+00:00,24652.94921875,24659.69921875,24651.94921875,24658.099609375,0
2025-08-05 06:47:00+00:00,24654.30078125,24655.349609375,24652.19921875,24652.19921875,0
2025-08-05 06:48:00+00:00,24653.75,24655.25,24651.849609375,24653.75,0
2025-08-05 06:49:00+00:00,24660.69921875,24662.0,24653.349609375,24653.650390625,0
2025-08-05 06:50:00+00:00,24658.30078125,24660.400390625,24655.80078125,24659.44921875,0
2025-08-05 06:51:00+00:00,24663.05078125,24663.05078125,24654.19921875,24657.349609375,0
2025-08-05 06:52:00+00:00,24664.349609375,24664.55078125,24660.30078125,24662.0,0
2025-08-05 06:53:00+00:00,24661.150390625,24665.05078125,24657.44921875,24665.05078125,0
2025-08-05 06:54:00+00:00,24661.0,24662.75,24659.900390625,24661.650390625,0
2025-08-05 06:55:00+00:00,24655.30078125,24662.0,24653.94921875,24662.0,0
2025-08-05 06:56:00+00:00,24654.349609375,24656.5,24647.849609375,24656.099609375,0
2025-08-05 06:57:00+00:00,24660.25,24661.05078125,24653.94921875,24656.650390625,0
2025-08-05 06:58:00+00:00,24655.44921875,24661.30078125,24653.69921875,24660.94921875,0
2025-08-05 06:59:00+00:00,24655.849609375,24657.44921875,24653.5,24655.900390625,0
2025-08-05 07:00:00+00:00,24653.650390625,24657.80078125,24651.900390625,24657.099609375,0
2025-08-05 07:01:00+00:00,24642.69921875,24654.44921875,24642.30078125,24654.44921875,0
2025-08-05 07:02:00+00:00,24638.0,24643.849609375,24636.30078125,24643.849609375,0
2025-08-05 07:03:00+00:00,24635.69921875,24639.900390625,24620.94921875,24639.900390625,0
2025-08-05 07:04:00+00:00,24640.69921875,24646.05078125,24634.25,24634.900390625,0
2025-08-05 07:05:00+00:00,24643.80078125,24646.05078125,24639.349609375,24641.599609375,0
2025-08-05 07:06:00+00:00,24642.94921875,24645.150390625,24639.94921875,24645.0,0
2025-08-05 07:07:00+00:00,24639.25,24645.94921875,24635.55078125,24644.05078125,0
2025-08-05 07:08:00+00:00,24645.69921875,24646.25,24638.75,24640.400390625,0
2025-08-05 07:09:00+00:00,24646.30078125,24647.150390625,24642.44921875,24645.900390625,0
2025-08-05 07:10:00+00:00,24646.75,24648.849609375,24644.69921875,24647.30078125,0
2025-08-05 07:11:00+00:00,24646.30078125,24648.0,24644.349609375,24646.25,0
2025-08-05 07:12:00+00:00,24650.650390625,24651.94921875,24645.69921875,24646.69921875,0
2025-08-05 07:13:00+00:00,24651.599609375,24652.099609375,24646.69921875,24651.75,0
2025-08-05 07:14:00+00:00,24649.599609375,24651.75,24648.30078125,24651.44921875,0
2025-08-05 07:15:00+00:00,24644.650390625,24650.44921875,24643.849609375,24649.94921875,0
2025-08-05 07:16:00+00:00,24649.400390625,24649.400390625,24644.150390625,24645.80078125,0
2025-08-05 07:17:00+00:00,24648.349609375,24649.19921875,24644.650390625,24649.19921875,0
2025-08-05 07:18:00+00:00,24646.19921875,24648.5,24644.5,24648.30078125,0
2025-08-05 07:19:00+00:00,24640.349609375,24647.599609375,24639.0,24647.599609375,0
2025-08-05 07:20:00+00:00,24635.349609375,24641.05078125,24633.849609375,24641.05078125,0
2025-08-05 07:21:00+00:00,24634.25,24640.0,24633.94921875,24636.19921875,0
2025-08-05 07:22:00+00:00,24632.05078125,24635.05078125,24630.69921875,24635.05078125,0
2025-08-05 07:23:00+00:00,24632.69921875,24633.349609375,24629.599609375,24632.5,0
2025-08-05 07:24:00+00:00,24632.69921875,24635.05078125,24632.0,24633.599609375,0
2025-08-05 07:25:00+00:00,24636.599609375,24636.75,24630.0,24634.44921875,0
2025-08-05 07:26:00+00:00,24635.44921875,24637.150390625,24633.400390625,24637.0,0
2025-08-05 07:27:00+00:00,24636.94921875,24639.900390625,24635.0,24635.80078125,0
2025-08-05 07:28:00+00:00,24638.30078125,24639.44921875,24636.400390625,24639.19921875,0
2025-08-05 07:29:00+00:00,24638.5,24639.400390625,24635.55078125,24638.80078125,0
2025-08-05 07:30:00+00:00,24639.55078125,24642.349609375,24637.19921875,24639.099609375,0
2025-08-05 07:31:00+00:00,24628.099609375,24641.099609375,24628.099609375,24641.099609375,0
2025-08-05 07:32:00+00:00,24632.44921875,24635.150390625,24627.80078125,24630.25,0
2025-08-05 07:33:00+00:00,24628.80078125,24633.75,24627.94921875,24633.75,0
2025-08-05 07:34:00+00:00,24626.44921875,24629.75,24622.19921875,24629.44921875,0
2025-08-05 07:35:00+00:00,24624.5,24627.599609375,24622.400390625,24626.94921875,0
2025-08-05 07:36:00+00:00,24625.30078125,24628.400390625,24623.150390625,24625.099609375,0
2025-08-05 07:37:00+00:00,24627.05078125,24629.849609375,24624.05078125,24626.0,0
2025-08-05 07:38:00+00:00,24628.150390625,24629.30078125,24626.25,24628.05078125,0
2025-08-05 07:39:00+00:00,24624.05078125,24628.25,24623.150390625,24628.25,0
2025-08-05 07:40:00+00:00,24629.650390625,24630.099609375,24623.69921875,24626.400390625,0
2025-08-05 07:41:00+00:00,24621.69921875,24634.400390625,24619.69921875,24630.80078125,0
2025-08-05 07:42:00+00:00,24624.44921875,24624.849609375,24617.0,24622.650390625,0
2025-08-05 07:43:00+00:00,24622.05078125,24625.55078125,24620.80078125,24625.55078125,0
2025-08-05 07:44:00+00:00,24626.599609375,24628.80078125,24620.099609375,24623.75,0
2025-08-05 07:45:00+00:00,24625.849609375,24628.80078125,24623.25,24628.80078125,0
2025-08-05 07:46:00+00:00,24624.150390625,24626.30078125,24621.94921875,24626.30078125,0
2025-08-05 07:47:00+00:00,24620.400390625,24624.5,24617.94921875,24624.5,0
2025-08-05 07:48:00+00:00,24625.349609375,24629.30078125,24618.55078125,24621.099609375,0
2025-08-05 07:49:00+00:00,24622.69921875,24626.849609375,24622.400390625,24626.44921875,0
2025-08-05 07:50:00+00:00,24616.80078125,24626.25,24616.80078125,24624.55078125,0
2025-08-05 07:51:00+00:00,24613.849609375,24617.55078125,24610.25,24617.55078125,0
2025-08-05 07:52:00+00:00,24613.0,24614.19921875,24610.650390625,24614.19921875,0
2025-08-05 07:53:00+00:00,24597.400390625,24614.150390625,24597.0,24614.150390625,0
2025-08-05 07:54:00+00:00,24603.599609375,24603.94921875,24594.30078125,24598.30078125,0
2025-08-05 07:55:00+00:00,24601.0,24603.5,24598.05078125,24603.5,0
2025-08-05 07:56:00+00:00,24603.75,24605.05078125,24599.099609375,24601.150390625,0
2025-08-05 07:57:00+00:00,24606.30078125,24607.19921875,24602.25,24604.349609375,0
2025-08-05 07:58:00+00:00,24604.75,24607.150390625,24603.19921875,24606.599609375,0
2025-08-05 07:59:00+00:00,24604.650390625,24606.0,24602.900390625,24606.0,0
2025-08-05 08:00:00+00:00,24599.05078125,24606.75,24599.0,24605.0,0
2025-08-05 08:01:00+00:00,24599.80078125,24601.650390625,24593.5,24599.849609375,0
2025-08-05 08:02:00+00:00,24600.849609375,24603.75,24599.80078125,24601.75,0
2025-08-05 08:03:00+00:00,24605.55078125,24605.80078125,24600.599609375,24602.150390625,0
2025-08-05 08:04:00+00:00,24611.69921875,24615.0,24605.099609375,24606.5,0
2025-08-05 08:05:00+00:00,24613.25,24613.349609375,24609.25,24612.55078125,0
2025-08-05 08:06:00+00:00,24617.900390625,24617.94921875,24610.30078125,24613.400390625,0
2025-08-05 08:07:00+00:00,24616.400390625,24618.650390625,24613.55078125,24618.650390625,0
2025-08-05 08:08:00+00:00,24610.80078125,24618.19921875,24610.44921875,24617.349609375,0
2025-08-05 08:09:00+00:00,24611.25,24615.099609375,24608.30078125,24610.900390625,0
2025-08-05 08:10:00+00:00,24610.5,24613.900390625,24610.400390625,24611.849609375,0
2025-08-05 08:11:00+00:00,24610.75,24613.19921875,24610.349609375,24611.099609375,0
2025-08-05 08:12:00+00:00,24617.599609375,24617.650390625,24610.30078125,24611.599609375,0
2025-08-05 08:13:00+00:00,24608.650390625,24617.599609375,24608.400390625,24617.599609375,0
2025-08-05 08:14:00+00:00,24609.75,24611.25,24605.849609375,24608.599609375,0
2025-08-05 08:15:00+00:00,24607.94921875,24610.599609375,24606.400390625,24609.75,0
2025-08-05 08:16:00+00:00,24615.349609375,24616.400390625,24607.80078125,24608.400390625,0
2025-08-05 08:17:00+00:00,24616.349609375,24617.30078125,24612.30078125,24617.0,0
2025-08-05 08:18:00+00:00,24617.75,24618.55078125,24615.650390625,24617.19921875,0
2025-08-05 08:19:00+00:00,24619.25,24619.599609375,24616.900390625,24618.25,0
2025-08-05 08:20:00+00:00,24619.349609375,24620.55078125,24617.099609375,24619.599609375,0
2025-08-05 08:21:00+00:00,24616.69921875,24620.75,24615.849609375,24620.55078125,0
2025-08-05 08:22:00+00:00,24622.44921875,24622.900390625,24617.900390625,24618.30078125,0
2025-08-05 08:23:00+00:00,24625.900390625,24628.0,24622.849609375,24623.75,0
2025-08-05 08:24:00+00:00,24624.099609375,24626.75,24621.30078125,24626.75,0
2025-08-05 08:25:00+00:00,24625.099609375,24628.099609375,24621.099609375,24625.150390625,0
2025-08-05 08:26:00+00:00,24622.19921875,24625.849609375,24620.849609375,24625.849609375,0
2025-08-05 08:27:00+00:00,24624.0,24625.099609375,24619.900390625,24623.099609375,0
2025-08-05 08:28:00+00:00,24627.400390625,24628.25,24622.80078125,24624.349609375,0
2025-08-05 08:29:00+00:00,24623.650390625,24628.150390625,24622.75,24628.05078125,0
2025-08-05 08:30:00+00:00,24617.5,24629.05078125,24617.5,24624.900390625,0
2025-08-05 08:31:00+00:00,24616.94921875,24617.650390625,24614.5,24617.55078125,0
2025-08-05 08:32:00+00:00,24613.19921875,24617.94921875,24612.099609375,24617.94921875,0
2025-08-05 08:33:00+00:00,24612.55078125,24615.19921875,24611.19921875,24614.25,0
2025-08-05 08:34:00+00:00,24615.75,24616.94921875,24610.900390625,24613.0,0
2025-08-05 08:35:00+00:00,24611.94921875,24616.94921875,24609.900390625,24616.94921875,0
2025-08-05 08:36:00+00:00,24603.900390625,24613.44921875,24603.400390625,24613.44921875,0
2025-08-05 08:37:00+00:00,24600.150390625,24606.30078125,24599.44921875,24606.30078125,0
2025-08-05 08:38:00+00:00,24596.900390625,24601.650390625,24592.349609375,24601.650390625,0
2025-08-05 08:39:00+00:00,24601.599609375,24602.19921875,24594.400390625,24597.19921875,0
2025-08-05 08:40:00+00:00,24600.55078125,24601.849609375,24598.25,24601.69921875,0
2025-08-05 08:41:00+00:00,24606.69921875,24606.69921875,24598.349609375,24602.599609375,0
2025-08-05 08:42:00+00:00,24605.80078125,24609.80078125,24605.0,24606.849609375,0
2025-08-05 08:43:00+00:00,24612.5,24614.30078125,24605.44921875,24607.900390625,0
2025-08-05 08:44:00+00:00,24611.650390625,24614.05078125,24609.19921875,24614.05078125,0
2025-08-05 08:45:00+00:00,24607.650390625,24612.25,24602.849609375,24612.25,0
2025-08-05 08:46:00+00:00,24612.400390625,24612.400390625,24605.849609375,24607.150390625,0
2025-08-05 08:47:00+00:00,24618.75,24618.75,24608.400390625,24613.599609375,0
2025-08-05 08:48:00+00:00,24615.44921875,24619.19921875,24613.400390625,24618.5,0
2025-08-05 08:49:00+00:00,24618.25,24620.599609375,24614.599609375,24614.900390625,0
2025-08-05 08:50:00+00:00,24617.25,24619.44921875,24613.900390625,24619.44921875,0
2025-08-05 08:51:00+00:00,24612.25,24618.19921875,24609.599609375,24618.19921875,0
2025-08-05 08:52:00+00:00,24609.44921875,24615.400390625,24608.599609375,24612.650390625,0
2025-08-05 08:53:00+00:00,24608.44921875,24610.25,24605.30078125,24610.05078125,0
2025-08-05 08:54:00+00:00,24605.80078125,24608.30078125,24603.25,24608.099609375,0
2025-08-05 08:55:00+00:00,24606.099609375,24609.5,24604.099609375,24607.69921875,0
2025-08-05 08:56:00+00:00,24607.55078125,24609.69921875,24604.69921875,24606.5,0
2025-08-05 08:57:00+00:00,24613.5,24613.5,24607.0,24610.19921875,0
2025-08-05 08:58:00+00:00,24620.30078125,24621.650390625,24612.150390625,24612.349609375,0
2025-08-05 08:59:00+00:00,24621.25,24622.0,24618.099609375,24619.849609375,0
2025-08-05 09:00:00+00:00,24622.55078125,24622.55078125,24617.900390625,24622.349609375,0
2025-08-05 09:01:00+00:00,24629.69921875,24631.099609375,24621.55078125,24621.55078125,0
2025-08-05 09:02:00+00:00,24625.150390625,24631.849609375,24621.5,24631.0,0
2025-08-05 09:03:00+00:00,24600.0,24625.0,24594.599609375,24625.0,0
2025-08-05 09:04:00+00:00,24614.349609375,24616.599609375,24600.650390625,24600.650390625,0
2025-08-05 09:05:00+00:00,24615.349609375,24618.849609375,24613.75,24614.69921875,0
2025-08-05 09:06:00+00:00,24618.400390625,24621.44921875,24613.849609375,24616.900390625,0
2025-08-05 09:07:00+00:00,24621.5,24622.69921875,24617.0,24620.400390625,0
2025-08-05 09:08:00+00:00,24626.349609375,24628.150390625,24618.44921875,24621.849609375,0
2025-08-05 09:09:00+00:00,24627.94921875,24631.25,24625.5,24627.25,0
2025-08-05 09:10:00+00:00,24622.849609375,24631.69921875,24621.849609375,24629.19921875,0
2025-08-05 09:11:00+00:00,24621.349609375,24626.900390625,24618.30078125,24624.94921875,0
2025-08-05 09:12:00+00:00,24624.099609375,24626.05078125,24619.0,24622.30078125,0
2025-08-05 09:13:00+00:00,24624.05078125,24626.55078125,24621.650390625,24624.69921875,0
2025-08-05 09:14:00+00:00,24623.44921875,24623.94921875,24619.75,24623.94921875,0
2025-08-05 09:15:00+00:00,24625.19921875,24629.900390625,24622.400390625,24624.25,0
2025-08-05 09:16:00+00:00,24627.19921875,24627.849609375,24623.5,24626.900390625,0
2025-08-05 09:17:00+00:00,24617.400390625,24627.849609375,24614.44921875,24627.69921875,0
2025-08-05 09:18:00+00:00,24599.44921875,24617.650390625,24592.650390625,24617.650390625,0
2025-08-05 09:19:00+00:00,24608.25,24611.55078125,24596.400390625,24596.400390625,0
2025-08-05 09:20:00+00:00,24607.849609375,24608.650390625,24603.05078125,24607.94921875,0
2025-08-05 09:21:00+00:00,24604.55078125,24608.900390625,24600.80078125,24608.650390625,0
2025-08-05 09:22:00+00:00,24606.30078125,24610.19921875,24603.25,24605.80078125,0
2025-08-05 09:23:00+00:00,24610.19921875,24610.19921875,24603.44921875,24606.650390625,0
2025-08-05 09:24:00+00:00,24605.75,24611.30078125,24602.5,24609.849609375,0
2025-08-05 09:25:00+00:00,24603.25,24608.25,24596.75,24606.5,0
2025-08-05 09:26:00+00:00,24610.400390625,24610.400390625,24602.55078125,24606.69921875,0
2025-08-05 09:27:00+00:00,24612.599609375,24613.150390625,24606.05078125,24609.849609375,0
2025-08-05 09:28:00+00:00,24611.849609375,24614.400390625,24606.900390625,24613.5,0
2025-08-05 09:29:00+00:00,24611.099609375,24611.80078125,24605.650390625,24611.75,0
2025-08-05 09:30:00+00:00,24610.05078125,24616.099609375,24597.900390625,24611.5,0
2025-08-05 09:31:00+00:00,24615.94921875,24615.94921875,24607.05078125,24612.150390625,0
2025-08-05 09:32:00+00:00,24618.30078125,24619.80078125,24613.400390625,24616.80078125,0
2025-08-05 09:33:00+00:00,24620.80078125,24620.900390625,24615.400390625,24618.05078125,0
2025-08-05 09:34:00+00:00,24627.30078125,24627.30078125,24618.94921875,24621.349609375,0
2025-08-05 09:35:00+00:00,24629.19921875,24631.349609375,24626.099609375,24627.19921875,0
2025-08-05 09:36:00+00:00,24642.849609375,24642.94921875,24628.94921875,24631.099609375,0
2025-08-05 09:37:00+00:00,24640.44921875,24644.0,24637.44921875,24643.69921875,0
2025-08-05 09:38:00+00:00,24641.25,24642.94921875,24637.650390625,24640.400390625,0
2025-08-05 09:39:00+00:00,24658.19921875,24658.900390625,24642.05078125,24643.150390625,0
2025-08-05 09:40:00+00:00,24656.650390625,24658.599609375,24651.75,24658.25,0
2025-08-05 09:41:00+00:00,24656.80078125,24662.19921875,24655.94921875,24656.650390625,0
2025-08-05 09:42:00+00:00,24659.150390625,24659.150390625,24650.0,24658.19921875,0
2025-08-05 09:43:00+00:00,24663.55078125,24664.099609375,24657.30078125,24657.30078125,0
2025-08-05 09:44:00+00:00,24666.650390625,24671.150390625,24661.69921875,24664.400390625,0
2025-08-05 09:45:00+00:00,24653.30078125,24669.30078125,24652.25,24667.5,0
2025-08-05 09:46:00+00:00,24652.349609375,24656.94921875,24646.849609375,24653.80078125,0
2025-08-05 09:47:00+00:00,24662.55078125,24664.05078125,24652.05078125,24653.349609375,0
2025-08-05 09:48:00+00:00,24663.0,24664.849609375,24656.94921875,24662.5,0
2025-08-05 09:49:00+00:00,24662.25,24664.0,24658.69921875,24663.0,0
2025-08-05 09:50:00+00:00,24667.0,24667.80078125,24661.650390625,24661.650390625,0
2025-08-05 09:51:00+00:00,24655.75,24667.099609375,24653.900390625,24667.099609375,0
2025-08-05 09:52:00+00:00,24664.150390625,24665.099609375,24655.80078125,24655.80078125,0
2025-08-05 09:53:00+00:00,24663.55078125,24664.94921875,24662.0,24663.849609375,0
2025-08-05 09:54:00+00:00,24655.69921875,24664.55078125,24654.849609375,24664.5,0
2025-08-05 09:55:00+00:00,24656.19921875,24657.80078125,24649.599609375,24657.80078125,0
2025-08-05 09:56:00+00:00,24655.349609375,24659.150390625,24652.5,24656.80078125,0
2025-08-05 09:57:00+00:00,24658.25,24659.650390625,24654.849609375,24656.5,0
2025-08-05 09:58:00+00:00,24651.94921875,24665.55078125,24647.900390625,24659.55078125,0
2025-08-05 09:59:00+00:00,24648.849609375,24656.849609375,24646.400390625,24652.150390625,0
2025-08-06 03:45:00+00:00,24643.69921875,24664.5,24643.099609375,24652.0,0
2025-08-06 03:46:00+00:00,24645.900390625,24647.099609375,24634.55078125,24643.69921875,0
2025-08-06 03:47:00+00:00,24647.75,24648.30078125,24640.0,24645.599609375,0
2025-08-06 03:48:00+00:00,24654.849609375,24664.650390625,24649.44921875,24649.44921875,0
2025-08-06 03:49:00+00:00,24652.349609375,24659.150390625,24650.150390625,24654.19921875,0
2025-08-06 03:50:00+00:00,24651.349609375,24657.349609375,24645.44921875,24652.099609375,0
2025-08-06 03:51:00+00:00,24658.0,24661.75,24650.599609375,24653.349609375,0
2025-08-06 03:52:00+00:00,24659.75,24665.400390625,24656.19921875,24657.19921875,0
2025-08-06 03:53:00+00:00,24670.849609375,24670.849609375,24659.30078125,24662.05078125,0
2025-08-06 03:54:00+00:00,24662.55078125,24671.30078125,24662.55078125,24669.599609375,0
2025-08-06 03:55:00+00:00,24657.150390625,24662.650390625,24651.099609375,24662.44921875,0
2025-08-06 03:56:00+00:00,24658.650390625,24660.5,24648.69921875,24656.55078125,0
2025-08-06 03:57:00+00:00,24649.599609375,24660.650390625,24645.94921875,24658.150390625,0
2025-08-06 03:58:00+00:00,24655.25,24660.94921875,24648.849609375,24649.5,0
2025-08-06 03:59:00+00:00,24651.30078125,24661.5,24648.849609375,24655.55078125,0
2025-08-06 04:00:00+00:00,24650.69921875,24659.44921875,24649.650390625,24650.55078125,0
2025-08-06 04:01:00+00:00,24647.55078125,24655.05078125,24645.150390625,24649.94921875,0
2025-08-06 04:02:00+00:00,24641.400390625,24648.5,24639.94921875,24648.5,0
2025-08-06 04:03:00+00:00,24641.69921875,24644.900390625,24639.30078125,24640.400390625,0
2025-08-06 04:04:00+00:00,24644.349609375,24648.19921875,24640.44921875,24641.650390625,0
2025-08-06 04:05:00+00:00,24636.25,24644.19921875,24630.150390625,24643.849609375,0
2025-08-06 04:06:00+00:00,24631.849609375,24636.30078125,24630.5,24636.30078125,0
2025-08-06 04:07:00+00:00,24623.69921875,24632.900390625,24619.599609375,24631.69921875,0
2025-08-06 04:08:00+00:00,24622.80078125,24624.94921875,24620.150390625,24624.400390625,0
2025-08-06 04:09:00+00:00,24622.150390625,24628.0,24618.44921875,24623.0,0
2025-08-06 04:10:00+00:00,24620.44921875,24622.849609375,24617.05078125,24622.849609375,0
2025-08-06 04:11:00+00:00,24624.900390625,24625.19921875,24618.900390625,24621.0,0
2025-08-06 04:12:00+00:00,24624.099609375,24625.19921875,24620.25,24625.0,0
2025-08-06 04:13:00+00:00,24622.44921875,24624.30078125,24620.80078125,24622.94921875,0
2025-08-06 04:14:00+00:00,24621.05078125,24622.5,24619.5,24622.25,0
2025-08-06 04:15:00+00:00,24622.0,24627.44921875,24618.650390625,24620.849609375,0
2025-08-06 04:16:00+00:00,24613.94921875,24623.05078125,24613.94921875,24622.25,0
2025-08-06 04:17:00+00:00,24612.599609375,24615.099609375,24608.19921875,24614.44921875,0
2025-08-06 04:18:00+00:00,24613.44921875,24613.44921875,24606.349609375,24611.94921875,0
2025-08-06 04:19:00+00:00,24609.650390625,24613.400390625,24606.94921875,24613.400390625,0
2025-08-06 04:20:00+00:00,24609.80078125,24610.05078125,24606.5,24609.75,0
2025-08-06 04:21:00+00:00,24620.05078125,24620.400390625,24607.900390625,24609.44921875,0
2025-08-06 04:22:00+00:00,24642.55078125,24642.94921875,24618.650390625,24620.0,0
2025-08-06 04:23:00+00:00,24637.349609375,24643.400390625,24635.599609375,24642.400390625,0
2025-08-06 04:24:00+00:00,24626.94921875,24637.25,24623.69921875,24637.25,0
2025-08-06 04:25:00+00:00,24620.099609375,24628.69921875,24620.099609375,24627.30078125,0
2025-08-06 04:26:00+00:00,24619.69921875,24621.25,24612.69921875,24620.75,0
2025-08-06 04:27:00+00:00,24624.94921875,24626.05078125,24618.650390625,24619.150390625,0
2025-08-06 04:28:00+00:00,24618.44921875,24625.5,24618.44921875,24624.5,0
2025-08-06 04:29:00+00:00,24620.099609375,24621.900390625,24617.900390625,24618.400390625,0
2025-08-06 04:30:00+00:00,24627.19921875,24627.19921875,24619.55078125,24619.94921875,0
2025-08-06 04:31:00+00:00,24631.099609375,24641.5,24626.900390625,24626.900390625,0
2025-08-06 04:32:00+00:00,24622.80078125,24632.0,24619.599609375,24631.900390625,0
2025-08-06 04:33:00+00:00,24596.19921875,24623.400390625,24593.19921875,24623.400390625,0
2025-08-06 04:34:00+00:00,24595.849609375,24595.900390625,24579.80078125,24595.150390625,0
2025-08-06 04:35:00+00:00,24598.75,24598.75,24590.80078125,24596.44921875,0
2025-08-06 04:36:00+00:00,24595.75,24613.80078125,24595.5,24598.25,0
2025-08-06 04:37:00+00:00,24596.849609375,24597.94921875,24592.400390625,24597.05078125,0
2025-08-06 04:38:00+00:00,24600.150390625,24603.05078125,24596.25,24596.80078125,0
2025-08-06 04:39:00+00:00,24603.099609375,24603.25,24598.05078125,24599.05078125,0
2025-08-06 04:40:00+00:00,24594.400390625,24603.30078125,24592.900390625,24602.55078125,0
2025-08-06 04:41:00+00:00,24592.19921875,24599.849609375,24592.19921875,24593.349609375,0
2025-08-06 04:42:00+00:00,24588.650390625,24592.849609375,24585.80078125,24592.849609375,0
2025-08-06 04:43:00+00:00,24593.599609375,24594.69921875,24586.900390625,24587.80078125,0
2025-08-06 04:44:00+00:00,24605.400390625,24606.05078125,24591.75,24593.19921875,0
2025-08-06 04:45:00+00:00,24599.650390625,24606.25,24594.44921875,24605.849609375,0
2025-08-06 04:46:00+00:00,24615.849609375,24616.94921875,24598.55078125,24598.55078125,0
2025-08-06 04:47:00+00:00,24620.30078125,24620.30078125,24613.80078125,24615.55078125,0
2025-08-06 04:48:00+00:00,24624.0,24625.94921875,24619.849609375,24620.55078125,0
2025-08-06 04:49:00+00:00,24631.0,24632.25,24622.44921875,24622.5,0
2025-08-06 04:50:00+00:00,24633.599609375,24634.80078125,24630.25,24631.099609375,0
2025-08-06 04:51:00+00:00,24646.69921875,24649.44921875,24632.69921875,24634.25,0
2025-08-06 04:52:00+00:00,24641.5,24647.25,24639.75,24646.900390625,0
2025-08-06 04:53:00+00:00,24632.5,24641.80078125,24630.05078125,24641.30078125,0
2025-08-06 04:54:00+00:00,24633.19921875,24634.80078125,24631.0,24631.94921875,0
2025-08-06 04:55:00+00:00,24623.099609375,24632.650390625,24621.849609375,24631.80078125,0
2025-08-06 04:56:00+00:00,24606.650390625,24623.44921875,24606.650390625,24622.599609375,0
2025-08-06 04:57:00+00:00,24608.349609375,24610.19921875,24605.55078125,24606.44921875,0
2025-08-06 04:58:00+00:00,24606.75,24611.900390625,24606.75,24608.75,0
2025-08-06 04:59:00+00:00,24602.5,24607.69921875,24602.05078125,24607.099609375,0
2025-08-06 05:00:00+00:00,24599.94921875,24603.75,24598.44921875,24602.69921875,0
2025-08-06 05:01:00+00:00,24606.099609375,24606.099609375,24597.349609375,24600.5,0
2025-08-06 05:02:00+00:00,24605.25,24610.5,24603.44921875,24607.0,0
2025-08-06 05:03:00+00:00,24603.0,24606.69921875,24602.19921875,24604.94921875,0
2025-08-06 05:04:00+00:00,24591.25,24603.25,24590.44921875,24602.400390625,0
2025-08-06 05:05:00+00:00,24570.400390625,24591.0,24570.400390625,24591.0,0
2025-08-06 05:06:00+00:00,24556.099609375,24570.849609375,24544.55078125,24570.349609375,0
2025-08-06 05:07:00+00:00,24573.650390625,24574.94921875,24555.099609375,24555.099609375,0
2025-08-06 05:08:00+00:00,24569.69921875,24573.650390625,24568.900390625,24573.05078125,0
2025-08-06 05:09:00+00:00,24569.099609375,24572.30078125,24568.55078125,24569.5,0
2025-08-06 05:10:00+00:00,24570.25,24573.150390625,24567.80078125,24569.0,0
2025-08-06 05:11:00+00:00,24569.75,24572.0,24568.25,24570.0,0
2025-08-06 05:12:00+00:00,24574.80078125,24577.19921875,24569.150390625,24569.94921875,0
2025-08-06 05:13:00+00:00,24567.5,24574.849609375,24564.349609375,24574.849609375,0
2025-08-06 05:14:00+00:00,24564.599609375,24568.650390625,24563.30078125,24567.55078125,0
2025-08-06 05:15:00+00:00,24555.25,24565.0,24555.150390625,24564.05078125,0
2025-08-06 05:16:00+00:00,24563.05078125,24565.05078125,24554.94921875,24555.349609375,0
2025-08-06 05:17:00+00:00,24564.5,24564.5,24561.55078125,24562.849609375,0
2025-08-06 05:18:00+00:00,24570.19921875,24571.80078125,24563.25,24563.75,0
2025-08-06 05:19:00+00:00,24564.349609375,24571.80078125,24562.849609375,24570.849609375,0
2025-08-06 05:20:00+00:00,24561.599609375,24565.69921875,24560.19921875,24564.849609375,0
2025-08-06 05:21:00+00:00,24561.150390625,24562.55078125,24557.349609375,24561.900390625,0
2025-08-06 05:22:00+00:00,24566.599609375,24566.599609375,24560.69921875,24561.30078125,0
2025-08-06 05:23:00+00:00,24566.599609375,24569.400390625,24564.69921875,24566.55078125,0
2025-08-06 05:24:00+00:00,24563.650390625,24567.19921875,24557.099609375,24566.849609375,0
2025-08-06 05:25:00+00:00,24557.0,24563.5,24556.099609375,24563.5,0
2025-08-06 05:26:00+00:00,24554.400390625,24556.94921875,24552.0,24556.94921875,0
2025-08-06 05:27:00+00:00,24553.5,24558.5,24552.80078125,24554.80078125,0
2025-08-06 05:28:00+00:00,24555.650390625,24557.599609375,24548.650390625,24553.80078125,0
2025-08-06 05:29:00+00:00,24556.44921875,24558.400390625,24552.849609375,24555.900390625,0
2025-08-06 05:30:00+00:00,24563.0,24563.0,24551.25,24556.69921875,0
2025-08-06 05:31:00+00:00,24554.0,24561.94921875,24553.099609375,24561.400390625,0
2025-08-06 05:32:00+00:00,24559.94921875,24559.94921875,24552.69921875,24554.349609375,0
2025-08-06 05:33:00+00:00,24556.849609375,24560.05078125,24556.25,24559.69921875,0
2025-08-06 05:34:00+00:00,24561.0,24562.05078125,24556.55078125,24557.0,0
2025-08-06 05:35:00+00:00,24559.05078125,24562.30078125,24558.25,24561.0,0
2025-08-06 05:36:00+00:00,24554.05078125,24560.5,24553.0,24558.900390625,0
2025-08-06 05:37:00+00:00,24554.44921875,24555.5,24553.400390625,24554.55078125,0
2025-08-06 05:38:00+00:00,24555.599609375,24557.599609375,24553.80078125,24554.400390625,0
2025-08-06 05:39:00+00:00,24550.0,24554.80078125,24549.650390625,24554.80078125,0
2025-08-06 05:40:00+00:00,24550.849609375,24551.80078125,24548.19921875,24549.44921875,0
2025-08-06 05:41:00+00:00,24552.650390625,24553.80078125,24550.44921875,24551.099609375,0
2025-08-06 05:42:00+00:00,24557.099609375,24558.900390625,24550.0,24551.30078125,0
2025-08-06 05:43:00+00:00,24555.650390625,24558.400390625,24553.349609375,24557.44921875,0
2025-08-06 05:44:00+00:00,24561.099609375,24561.94921875,24555.75,24555.849609375,0
2025-08-06 05:45:00+00:00,24560.599609375,24561.900390625,24558.94921875,24561.55078125,0
2025-08-06 05:46:00+00:00,24555.05078125,24560.30078125,24554.849609375,24560.30078125,0
2025-08-06 05:47:00+00:00,24556.0,24560.900390625,24554.75,24554.900390625,0
2025-08-06 05:48:00+00:00,24555.55078125,24557.849609375,24554.5,24556.05078125,0
2025-08-06 05:49:00+00:00,24551.25,24555.75,24551.0,24555.75,0
2025-08-06 05:50:00+00:00,24553.400390625,24555.400390625,24550.30078125,24551.55078125,0
2025-08-06 05:51:00+00:00,24560.400390625,24560.94921875,24551.599609375,24552.849609375,0
2025-08-06 05:52:00+00:00,24558.099609375,24560.69921875,24555.400390625,24560.599609375,0
2025-08-06 05:53:00+00:00,24556.75,24559.349609375,24555.849609375,24558.05078125,0
2025-08-06 05:54:00+00:00,24555.5,24557.349609375,24553.69921875,24556.55078125,0
2025-08-06 05:55:00+00:00,24555.849609375,24559.69921875,24554.849609375,24555.900390625,0
2025-08-06 05:56:00+00:00,24555.349609375,24556.150390625,24553.0,24555.599609375,0
2025-08-06 05:57:00+00:00,24565.80078125,24566.900390625,24554.55078125,24555.44921875,0
2025-08-06 05:58:00+00:00,24567.25,24568.349609375,24564.5,24566.30078125,0
2025-08-06 05:59:00+00:00,24569.400390625,24570.599609375,24565.650390625,24567.05078125,0
2025-08-06 06:00:00+00:00,24566.0,24572.75,24564.5,24568.75,0
2025-08-06 06:01:00+00:00,24559.94921875,24567.19921875,24559.55078125,24566.400390625,0
2025-08-06 06:02:00+00:00,24558.099609375,24559.44921875,24554.900390625,24559.19921875,0
2025-08-06 06:03:00+00:00,24556.94921875,24559.099609375,24556.69921875,24557.900390625,0
2025-08-06 06:04:00+00:00,24557.25,24558.5,24556.349609375,24557.400390625,0
2025-08-06 06:05:00+00:00,24553.650390625,24558.849609375,24553.55078125,24557.099609375,0
2025-08-06 06:06:00+00:00,24556.599609375,24557.44921875,24553.55078125,24554.05078125,0
2025-08-06 06:07:00+00:00,24561.099609375,24562.0,24554.849609375,24556.599609375,0
2025-08-06 06:08:00+00:00,24571.55078125,24578.44921875,24560.80078125,24560.80078125,0
2025-08-06 06:09:00+00:00,24561.400390625,24572.900390625,24560.400390625,24572.19921875,0
2025-08-06 06:10:00+00:00,24566.19921875,24566.650390625,24561.349609375,24561.5,0
2025-08-06 06:11:00+00:00,24562.75,24565.900390625,24561.099609375,24565.900390625,0
2025-08-06 06:12:00+00:00,24558.599609375,24563.55078125,24557.05078125,24561.94921875,0
2025-08-06 06:13:00+00:00,24557.099609375,24560.69921875,24556.05078125,24558.349609375,0
2025-08-06 06:14:00+00:00,24566.400390625,24566.650390625,24554.80078125,24557.400390625,0
2025-08-06 06:15:00+00:00,24563.44921875,24566.650390625,24560.650390625,24566.0,0
2025-08-06 06:16:00+00:00,24566.5,24566.5,24560.25,24562.25,0
2025-08-06 06:17:00+00:00,24571.849609375,24571.849609375,24564.05078125,24566.94921875,0
2025-08-06 06:18:00+00:00,24577.94921875,24581.099609375,24570.19921875,24572.349609375,0
2025-08-06 06:19:00+00:00,24580.19921875,24580.5,24575.55078125,24577.25,0
2025-08-06 06:20:00+00:00,24582.900390625,24582.900390625,24579.30078125,24580.650390625,0
2025-08-06 06:21:00+00:00,24585.400390625,24590.599609375,24582.69921875,24582.75,0
2025-08-06 06:22:00+00:00,24582.44921875,24585.94921875,24580.349609375,24585.94921875,0
2025-08-06 06:23:00+00:00,24580.599609375,24582.5,24579.150390625,24582.30078125,0
2025-08-06 06:24:00+00:00,24588.0,24588.400390625,24580.400390625,24580.400390625,0
2025-08-06 06:25:00+00:00,24588.94921875,24589.900390625,24585.849609375,24587.19921875,0
2025-08-06 06:26:00+00:00,24589.400390625,24589.849609375,24584.650390625,24589.0,0
2025-08-06 06:27:00+00:00,24585.0,24588.75,24582.349609375,24588.150390625,0
2025-08-06 06:28:00+00:00,24562.900390625,24583.69921875,24558.30078125,24583.69921875,0
2025-08-06 06:29:00+00:00,24580.349609375,24583.30078125,24562.55078125,24562.55078125,0
2025-08-06 06:30:00+00:00,24579.099609375,24581.25,24577.30078125,24580.25,0
2025-08-06 06:31:00+00:00,24584.19921875,24584.19921875,24577.400390625,24579.099609375,0
2025-08-06 06:32:00+00:00,24596.0,24596.0,24582.69921875,24583.849609375,0
2025-08-06 06:33:00+00:00,24598.94921875,24599.650390625,24594.599609375,24595.349609375,0
2025-08-06 06:34:00+00:00,24594.349609375,24600.099609375,24593.19921875,24599.19921875,0
2025-08-06 06:35:00+00:00,24592.349609375,24598.099609375,24591.099609375,24594.19921875,0
2025-08-06 06:36:00+00:00,24594.19921875,24595.0,24590.30078125,24591.44921875,0
2025-08-06 06:37:00+00:00,24599.25,24599.349609375,24593.19921875,24593.75,0
2025-08-06 06:38:00+00:00,24589.099609375,24599.05078125,24588.150390625,24599.05078125,0
2025-08-06 06:39:00+00:00,24593.19921875,24594.44921875,24587.44921875,24588.55078125,0
2025-08-06 06:40:00+00:00,24590.099609375,24593.650390625,24588.849609375,24593.05078125,0
2025-08-06 06:41:00+00:00,24588.69921875,24591.55078125,24584.80078125,24589.44921875,0
2025-08-06 06:42:00+00:00,24587.599609375,24589.150390625,24585.849609375,24588.44921875,0
2025-08-06 06:43:00+00:00,24589.5,24592.650390625,24587.44921875,24587.599609375,0
2025-08-06 06:44:00+00:00,24587.94921875,24590.30078125,24585.80078125,24589.349609375,0
2025-08-06 06:45:00+00:00,24587.599609375,24589.150390625,24586.19921875,24587.900390625,0
2025-08-06 06:46:00+00:00,24594.349609375,24595.05078125,24586.599609375,24586.849609375,0
2025-08-06 06:47:00+00:00,24597.25,24597.25,24591.19921875,24594.25,0
2025-08-06 06:48:00+00:00,24602.75,24603.05078125,24596.44921875,24596.900390625,0
2025-08-06 06:49:00+00:00,24607.25,24607.900390625,24601.55078125,24602.80078125,0
2025-08-06 06:50:00+00:00,24611.25,24611.69921875,24606.30078125,24606.69921875,0
2025-08-06 06:51:00+00:00,24624.75,24633.599609375,24610.44921875,24611.19921875,0
2025-08-06 06:52:00+00:00,24617.0,24624.849609375,24615.05078125,24624.849609375,0
2025-08-06 06:53:00+00:00,24615.05078125,24619.349609375,24614.0,24616.900390625,0
2025-08-06 06:54:00+00:00,24612.69921875,24615.599609375,24610.0,24614.69921875,0
2025-08-06 06:55:00+00:00,24612.44921875,24614.55078125,24612.150390625,24612.150390625,0
2025-08-06 06:56:00+00:00,24612.55078125,24615.099609375,24606.099609375,24612.400390625,0
2025-08-06 06:57:00+00:00,24610.400390625,24617.599609375,24609.900390625,24612.44921875,0
2025-08-06 06:58:00+00:00,24610.19921875,24613.30078125,24608.349609375,24609.900390625,0
2025-08-06 06:59:00+00:00,24616.5,24616.5,24608.900390625,24609.849609375,0
2025-08-06 07:00:00+00:00,24615.900390625,24618.599609375,24613.75,24615.599609375,0
2025-08-06 07:01:00+00:00,24616.349609375,24616.349609375,24612.900390625,24615.44921875,0
2025-08-06 07:02:00+00:00,24617.30078125,24618.44921875,24614.94921875,24615.94921875,0
2025-08-06 07:03:00+00:00,24621.25,24621.69921875,24616.849609375,24617.599609375,0
2025-08-06 07:04:00+00:00,24620.19921875,24623.30078125,24619.55078125,24621.349609375,0
2025-08-06 07:05:00+00:00,24619.5,24622.30078125,24619.5,24620.349609375,0
2025-08-06 07:06:00+00:00,24613.30078125,24619.25,24612.599609375,24619.25,0
2025-08-06 07:07:00+00:00,24608.69921875,24612.900390625,24607.099609375,24612.900390625,0
2025-08-06 07:08:00+00:00,24600.94921875,24608.5,24599.849609375,24608.30078125,0
2025-08-06 07:09:00+00:00,24597.69921875,24603.25,24596.80078125,24601.400390625,0
2025-08-06 07:10:00+00:00,24599.05078125,24600.099609375,24596.099609375,24597.80078125,0
2025-08-06 07:11:00+00:00,24598.55078125,24602.19921875,24595.55078125,24599.25,0
2025-08-06 07:12:00+00:00,24599.5,24600.5,24596.80078125,24598.44921875,0
2025-08-06 07:13:00+00:00,24599.25,24600.94921875,24597.55078125,24599.25,0
2025-08-06 07:14:00+00:00,24600.099609375,24603.30078125,24598.400390625,24599.19921875,0
2025-08-06 07:15:00+00:00,24605.55078125,24606.650390625,24599.400390625,24600.599609375,0
2025-08-06 07:16:00+00:00,24606.75,24608.599609375,24604.55078125,24605.55078125,0
2025-08-06 07:17:00+00:00,24609.30078125,24610.650390625,24605.80078125,24606.69921875,0
2025-08-06 07:18:00+00:00,24608.5,24609.5,24606.75,24608.75,0
2025-08-06 07:19:00+00:00,24603.94921875,24608.400390625,24603.55078125,24607.849609375,0
2025-08-06 07:20:00+00:00,24598.0,24603.94921875,24596.80078125,24603.099609375,0
2025-08-06 07:21:00+00:00,24590.900390625,24598.849609375,24590.75,24598.349609375,0
2025-08-06 07:22:00+00:00,24587.30078125,24590.75,24584.55078125,24590.75,0
2025-08-06 07:23:00+00:00,24584.94921875,24589.05078125,24583.44921875,24587.69921875,0
2025-08-06 07:24:00+00:00,24589.599609375,24590.5,24583.25,24584.900390625,0
2025-08-06 07:25:00+00:00,24596.30078125,24596.5,24588.80078125,24589.44921875,0
2025-08-06 07:26:00+00:00,24597.0,24597.0,24593.19921875,24596.05078125,0
2025-08-06 07:27:00+00:00,24601.19921875,24605.0,24595.25,24596.55078125,0
2025-08-06 07:28:00+00:00,24603.30078125,24604.19921875,24599.30078125,24601.0,0
2025-08-06 07:29:00+00:00,24608.0,24608.150390625,24600.94921875,24602.55078125,0
2025-08-06 07:30:00+00:00,24606.75,24612.5,24605.650390625,24609.0,0
2025-08-06 07:31:00+00:00,24608.349609375,24609.25,24604.849609375,24606.900390625,0
2025-08-06 07:32:00+00:00,24610.69921875,24612.099609375,24607.44921875,24608.55078125,0
2025-08-06 07:33:00+00:00,24615.5,24616.099609375,24609.69921875,24610.80078125,0
2025-08-06 07:34:00+00:00,24612.599609375,24616.349609375,24610.80078125,24615.150390625,0
2025-08-06 07:35:00+00:00,24607.650390625,24612.349609375,24606.55078125,24612.349609375,0
2025-08-06 07:36:00+00:00,24606.25,24608.599609375,24604.599609375,24607.599609375,0
2025-08-06 07:37:00+00:00,24607.80078125,24608.30078125,24605.19921875,24605.5,0
2025-08-06 07:38:00+00:00,24605.80078125,24609.5,24605.80078125,24607.599609375,0
2025-08-06 07:39:00+00:00,24608.05078125,24609.19921875,24604.400390625,24605.75,0
2025-08-06 07:40:00+00:00,24611.94921875,24612.400390625,24607.05078125,24608.25,0
2025-08-06 07:41:00+00:00,24612.25,24615.94921875,24610.44921875,24611.599609375,0
2025-08-06 07:42:00+00:00,24614.44921875,24615.400390625,24608.94921875,24612.19921875,0
2025-08-06 07:43:00+00:00,24616.94921875,24620.69921875,24612.69921875,24614.349609375,0
2025-08-06 07:44:00+00:00,24618.099609375,24620.25,24615.80078125,24616.30078125,0
2025-08-06 07:45:00+00:00,24614.0,24618.30078125,24611.150390625,24617.400390625,0
2025-08-06 07:46:00+00:00,24615.94921875,24617.650390625,24613.349609375,24614.30078125,0
2025-08-06 07:47:00+00:00,24618.0,24619.55078125,24613.599609375,24616.349609375,0
2025-08-06 07:48:00+00:00,24617.5,24619.30078125,24613.849609375,24617.349609375,0
2025-08-06 07:49:00+00:00,24616.900390625,24619.30078125,24615.75,24617.55078125,0
2025-08-06 07:50:00+00:00,24614.650390625,24618.099609375,24611.599609375,24617.05078125,0
2025-08-06 07:51:00+00:00,24617.599609375,24618.650390625,24612.69921875,24615.0,0
2025-08-06 07:52:00+00:00,24615.69921875,24617.80078125,24614.69921875,24617.55078125,0
2025-08-06 07:53:00+00:00,24611.94921875,24616.400390625,24611.19921875,24615.44921875,0
2025-08-06 07:54:00+00:00,24609.849609375,24612.849609375,24607.650390625,24611.69921875,0
2025-08-06 07:55:00+00:00,24613.19921875,24614.0,24608.0,24609.900390625,0
2025-08-06 07:56:00+00:00,24614.75,24614.80078125,24611.349609375,24613.55078125,0
2025-08-06 07:57:00+00:00,24613.05078125,24615.400390625,24611.80078125,24614.44921875,0
2025-08-06 07:58:00+00:00,24614.19921875,24615.30078125,24610.900390625,24613.599609375,0
2025-08-06 07:59:00+00:00,24620.25,24622.25,24613.44921875,24614.44921875,0
2025-08-06 08:00:00+00:00,24625.30078125,24625.44921875,24619.69921875,24620.44921875,0
2025-08-06 08:01:00+00:00,24618.80078125,24627.0,24618.80078125,24625.75,0
2025-08-06 08:02:00+00:00,24618.55078125,24619.349609375,24612.94921875,24617.599609375,0
2025-08-06 08:03:00+00:00,24613.650390625,24622.05078125,24613.25,24619.0,0
2025-08-06 08:04:00+00:00,24617.150390625,24620.400390625,24613.0,24613.599609375,0
2025-08-06 08:05:00+00:00,24619.400390625,24621.650390625,24615.150390625,24617.25,0
2025-08-06 08:06:00+00:00,24621.349609375,24621.349609375,24614.650390625,24619.19921875,0
2025-08-06 08:07:00+00:00,24620.94921875,24621.849609375,24618.650390625,24619.849609375,0
2025-08-06 08:08:00+00:00,24625.5,24626.44921875,24619.80078125,24620.650390625,0
2025-08-06 08:09:00+00:00,24626.599609375,24628.80078125,24624.69921875,24624.94921875,0
2025-08-06 08:10:00+00:00,24625.5,24626.5,24620.599609375,24625.650390625,0
2025-08-06 08:11:00+00:00,24619.099609375,24625.55078125,24617.599609375,24625.55078125,0
2025-08-06 08:12:00+00:00,24587.05078125,24619.05078125,24584.5,24619.05078125,0
2025-08-06 08:13:00+00:00,24603.25,24604.400390625,24588.0,24589.75,0
2025-08-06 08:14:00+00:00,24615.94921875,24617.599609375,24602.80078125,24602.80078125,0
2025-08-06 08:15:00+00:00,24606.80078125,24616.0,24601.69921875,24615.400390625,0
2025-08-06 08:16:00+00:00,24610.55078125,24610.55078125,24603.30078125,24605.94921875,0
2025-08-06 08:17:00+00:00,24607.5,24610.900390625,24606.30078125,24610.75,0
2025-08-06 08:18:00+00:00,24606.30078125,24607.44921875,24603.400390625,24607.44921875,0
2025-08-06 08:19:00+00:00,24606.0,24608.05078125,24605.19921875,24606.599609375,0
2025-08-06 08:20:00+00:00,24602.19921875,24606.900390625,24600.900390625,24605.44921875,0
2025-08-06 08:21:00+00:00,24598.19921875,24601.80078125,24595.349609375,24601.80078125,0
2025-08-06 08:22:00+00:00,24603.55078125,24603.55078125,24597.75,24598.80078125,0
2025-08-06 08:23:00+00:00,24603.05078125,24604.25,24599.94921875,24603.099609375,0
2025-08-06 08:24:00+00:00,24599.650390625,24603.150390625,24597.849609375,24603.150390625,0
2025-08-06 08:25:00+00:00,24599.44921875,24600.05078125,24596.0,24599.94921875,0
2025-08-06 08:26:00+00:00,24601.599609375,24602.55078125,24597.30078125,24598.75,0
2025-08-06 08:27:00+00:00,24602.25,24603.44921875,24600.349609375,24601.400390625,0
2025-08-06 08:28:00+00:00,24606.19921875,24606.69921875,24601.25,24602.30078125,0
2025-08-06 08:29:00+00:00,24598.099609375,24605.599609375,24597.94921875,24605.44921875,0
2025-08-06 08:30:00+00:00,24593.349609375,24600.400390625,24593.349609375,24598.25,0
2025-08-06 08:31:00+00:00,24593.150390625,24595.099609375,24591.150390625,24593.599609375,0
2025-08-06 08:32:00+00:00,24590.19921875,24594.05078125,24588.75,24593.5,0
2025-08-06 08:33:00+00:00,24589.80078125,24591.900390625,24588.349609375,24589.19921875,0
2025-08-06 08:34:00+00:00,24589.05078125,24589.650390625,24586.55078125,24589.55078125,0
2025-08-06 08:35:00+00:00,24587.599609375,24589.25,24585.900390625,24588.94921875,0
2025-08-06 08:36:00+00:00,24590.94921875,24590.94921875,24584.849609375,24588.0,0
2025-08-06 08:37:00+00:00,24595.349609375,24595.75,24590.099609375,24590.849609375,0
2025-08-06 08:38:00+00:00,24598.80078125,24599.0,24594.55078125,24595.099609375,0
2025-08-06 08:39:00+00:00,24595.44921875,24599.75,24594.849609375,24598.599609375,0
2025-08-06 08:40:00+00:00,24589.849609375,24595.599609375,24588.150390625,24595.599609375,0
2025-08-06 08:41:00+00:00,24596.80078125,24597.849609375,24589.75,24589.75,0
2025-08-06 08:42:00+00:00,24593.0,24598.650390625,24590.69921875,24596.55078125,0
2025-08-06 08:43:00+00:00,24585.599609375,24594.599609375,24585.599609375,24593.5,0
2025-08-06 08:44:00+00:00,24583.80078125,24585.19921875,24578.44921875,24585.19921875,0
2025-08-06 08:45:00+00:00,24579.94921875,24585.650390625,24579.349609375,24583.599609375,0
2025-08-06 08:46:00+00:00,24586.25,24586.849609375,24579.69921875,24580.19921875,0
2025-08-06 08:47:00+00:00,24585.900390625,24589.0,24585.099609375,24586.349609375,0
2025-08-06 08:48:00+00:00,24587.150390625,24587.30078125,24580.55078125,24585.75,0
2025-08-06 08:49:00+00:00,24588.80078125,24588.94921875,24585.5,24587.150390625,0
2025-08-06 08:50:00+00:00,24594.400390625,24595.599609375,24589.0,24589.0,0
2025-08-06 08:51:00+00:00,24592.94921875,24596.150390625,24592.400390625,24595.099609375,0
2025-08-06 08:52:00+00:00,24594.05078125,24594.849609375,24591.900390625,24592.55078125,0
2025-08-06 08:53:00+00:00,24595.19921875,24595.80078125,24592.25,24594.150390625,0
2025-08-06 08:54:00+00:00,24591.650390625,24596.05078125,24591.650390625,24595.5,0
2025-08-06 08:55:00+00:00,24590.900390625,24594.5,24589.650390625,24591.349609375,0
2025-08-06 08:56:00+00:00,24596.55078125,24601.25,24590.30078125,24590.900390625,0
2025-08-06 08:57:00+00:00,24590.55078125,24597.25,24587.94921875,24596.400390625,0
2025-08-06 08:58:00+00:00,24581.75,24591.69921875,24581.25,24590.0,0
2025-08-06 08:59:00+00:00,24574.349609375,24582.150390625,24574.099609375,24582.150390625,0
2025-08-06 09:00:00+00:00,24568.94921875,24574.69921875,24567.94921875,24574.5,0
2025-08-06 09:01:00+00:00,24569.099609375,24571.400390625,24565.80078125,24569.099609375,0
2025-08-06 09:02:00+00:00,24569.75,24569.80078125,24564.05078125,24568.849609375,0
2025-08-06 09:03:00+00:00,24568.150390625,24569.80078125,24564.0,24569.80078125,0
2025-08-06 09:04:00+00:00,24567.849609375,24569.44921875,24566.400390625,24567.69921875,0
2025-08-06 09:05:00+00:00,24562.19921875,24567.900390625,24561.55078125,24567.900390625,0
2025-08-06 09:06:00+00:00,24542.849609375,24562.349609375,24539.849609375,24562.349609375,0
2025-08-06 09:07:00+00:00,24554.0,24556.400390625,24541.44921875,24541.75,0
2025-08-06 09:08:00+00:00,24555.5,24555.75,24548.349609375,24554.599609375,0
2025-08-06 09:09:00+00:00,24560.349609375,24562.80078125,24554.400390625,24555.30078125,0
2025-08-06 09:10:00+00:00,24554.44921875,24560.25,24551.69921875,24560.25,0
2025-08-06 09:11:00+00:00,24553.69921875,24556.75,24552.349609375,24553.94921875,0
2025-08-06 09:12:00+00:00,24557.900390625,24558.849609375,24550.599609375,24553.900390625,0
2025-08-06 09:13:00+00:00,24559.849609375,24560.849609375,24555.80078125,24557.69921875,0
2025-08-06 09:14:00+00:00,24560.400390625,24564.69921875,24558.400390625,24559.599609375,0
2025-08-06 09:15:00+00:00,24560.44921875,24560.80078125,24556.849609375,24560.05078125,0
2025-08-06 09:16:00+00:00,24564.05078125,24564.5,24559.44921875,24560.69921875,0
2025-08-06 09:17:00+00:00,24563.75,24565.44921875,24561.25,24563.849609375,0
2025-08-06 09:18:00+00:00,24566.80078125,24567.19921875,24562.75,24563.94921875,0
2025-08-06 09:19:00+00:00,24565.900390625,24566.849609375,24561.849609375,24566.75,0
2025-08-06 09:20:00+00:00,24566.0,24566.099609375,24563.650390625,24565.150390625,0
2025-08-06 09:21:00+00:00,24567.44921875,24568.05078125,24563.75,24565.30078125,0
2025-08-06 09:22:00+00:00,24566.099609375,24569.150390625,24565.099609375,24567.650390625,0
2025-08-06 09:23:00+00:00,24570.44921875,24570.80078125,24564.25,24565.69921875,0
2025-08-06 09:24:00+00:00,24579.05078125,24579.650390625,24570.94921875,24570.94921875,0
2025-08-06 09:25:00+00:00,24580.150390625,24581.150390625,24576.849609375,24579.349609375,0
2025-08-06 09:26:00+00:00,24585.30078125,24585.5,24578.900390625,24580.400390625,0
2025-08-06 09:27:00+00:00,24581.19921875,24585.599609375,24579.349609375,24585.349609375,0
2025-08-06 09:28:00+00:00,24574.650390625,24581.099609375,24572.05078125,24581.099609375,0
2025-08-06 09:29:00+00:00,24567.05078125,24576.69921875,24565.25,24574.650390625,0
2025-08-06 09:30:00+00:00,24573.44921875,24574.30078125,24556.349609375,24570.349609375,0
2025-08-06 09:31:00+00:00,24572.849609375,24574.099609375,24568.75,24574.099609375,0
2025-08-06 09:32:00+00:00,24568.69921875,24573.349609375,24568.69921875,24573.349609375,0
2025-08-06 09:33:00+00:00,24565.099609375,24570.94921875,24564.80078125,24569.30078125,0
2025-08-06 09:34:00+00:00,24568.44921875,24568.94921875,24563.599609375,24566.0,0
2025-08-06 09:35:00+00:00,24573.94921875,24575.25,24568.150390625,24569.650390625,0
2025-08-06 09:36:00+00:00,24576.94921875,24577.650390625,24573.900390625,24575.25,0
2025-08-06 09:37:00+00:00,24574.94921875,24577.650390625,24571.44921875,24577.5,0
2025-08-06 09:38:00+00:00,24578.349609375,24579.349609375,24574.75,24575.69921875,0
2025-08-06 09:39:00+00:00,24580.849609375,24581.5,24578.19921875,24579.30078125,0
2025-08-06 09:40:00+00:00,24577.05078125,24581.0,24576.599609375,24581.0,0
2025-08-06 09:41:00+00:00,24575.849609375,24578.05078125,24575.44921875,24577.44921875,0
2025-08-06 09:42:00+00:00,24579.05078125,24579.599609375,24575.0,24576.849609375,0
2025-08-06 09:43:00+00:00,24580.0,24581.599609375,24578.150390625,24579.400390625,0
2025-08-06 09:44:00+00:00,24576.349609375,24581.94921875,24576.099609375,24581.94921875,0
2025-08-06 09:45:00+00:00,24570.75,24577.599609375,24570.75,24577.599609375,0
2025-08-06 09:46:00+00:00,24573.19921875,24574.400390625,24568.150390625,24572.0,0
2025-08-06 09:47:00+00:00,24572.849609375,24574.75,24572.400390625,24574.69921875,0
2025-08-06 09:48:00+00:00,24571.19921875,24574.19921875,24568.0,24574.19921875,0
2025-08-06 09:49:00+00:00,24573.94921875,24574.80078125,24571.349609375,24572.900390625,0
2025-08-06 09:50:00+00:00,24577.30078125,24578.150390625,24573.849609375,24575.55078125,0
2025-08-06 09:51:00+00:00,24582.25,24582.55078125,24576.69921875,24578.19921875,0
2025-08-06 09:52:00+00:00,24584.25,24584.599609375,24580.900390625,24582.400390625,0
2025-08-06 09:53:00+00:00,24580.5,24585.75,24580.05078125,24584.94921875,0
2025-08-06 09:54:00+00:00,24581.5,24583.599609375,24578.849609375,24581.599609375,0
2025-08-06 09:55:00+00:00,24573.349609375,24582.5,24572.80078125,24582.5,0
2025-08-06 09:56:00+00:00,24575.30078125,24577.0,24573.30078125,24574.150390625,0
2025-08-06 09:57:00+00:00,24574.05078125,24578.94921875,24573.44921875,24576.849609375,0
2025-08-06 09:58:00+00:00,24574.05078125,24576.099609375,24570.650390625,24575.69921875,0
2025-08-06 09:59:00+00:00,24569.599609375,24575.0,24563.400390625,24570.30078125,0
2025-08-07 03:45:00+00:00,24501.69921875,24513.05078125,24466.55078125,24466.55078125,0
2025-08-07 03:46:00+00:00,24493.80078125,24500.900390625,24490.150390625,24498.349609375,0
2025-08-07 03:47:00+00:00,24517.400390625,24517.400390625,24492.150390625,24492.599609375,0
2025-08-07 03:48:00+00:00,24513.19921875,24528.80078125,24506.05078125,24517.69921875,0
2025-08-07 03:49:00+00:00,24519.44921875,24524.650390625,24511.44921875,24512.69921875,0
2025-08-07 03:50:00+00:00,24516.30078125,24519.19921875,24512.349609375,24519.19921875,0
2025-08-07 03:51:00+00:00,24517.05078125,24533.599609375,24514.30078125,24515.150390625,0
2025-08-07 03:52:00+00:00,24510.099609375,24517.05078125,24506.0,24516.25,0
2025-08-07 03:53:00+00:00,24508.5,24517.650390625,24503.900390625,24512.0,0
2025-08-07 03:54:00+00:00,24504.44921875,24507.650390625,24496.650390625,24507.650390625,0
2025-08-07 03:55:00+00:00,24510.0,24514.05078125,24501.650390625,24505.75,0
2025-08-07 03:56:00+00:00,24510.0,24512.94921875,24502.69921875,24509.099609375,0
2025-08-07 03:57:00+00:00,24517.5,24520.19921875,24510.30078125,24510.30078125,0
2025-08-07 03:58:00+00:00,24522.599609375,24522.599609375,24512.05078125,24517.44921875,0
2025-08-07 03:59:00+00:00,24525.849609375,24529.30078125,24521.80078125,24522.849609375,0
2025-08-07 04:00:00+00:00,24526.19921875,24528.650390625,24518.849609375,24526.25,0
2025-08-07 04:01:00+00:00,24531.650390625,24531.650390625,24523.05078125,24526.80078125,0
2025-08-07 04:02:00+00:00,24530.650390625,24542.69921875,24529.25,24531.849609375,0
2025-08-07 04:03:00+00:00,24527.75,24535.25,24527.05078125,24530.5,0
2025-08-07 04:04:00+00:00,24518.94921875,24528.400390625,24512.30078125,24528.400390625,0
2025-08-07 04:05:00+00:00,24514.05078125,24519.099609375,24513.55078125,24519.0,0
2025-08-07 04:06:00+00:00,24506.0,24518.099609375,24505.150390625,24515.0,0
2025-08-07 04:07:00+00:00,24504.75,24506.349609375,24500.25,24506.30078125,0
2025-08-07 04:08:00+00:00,24518.25,24520.75,24502.650390625,24504.19921875,0
2025-08-07 04:09:00+00:00,24517.400390625,24519.25,24513.349609375,24518.400390625,0
2025-08-07 04:10:00+00:00,24514.349609375,24522.5,24513.400390625,24517.349609375,0
2025-08-07 04:11:00+00:00,24507.099609375,24516.30078125,24507.099609375,24513.400390625,0
2025-08-07 04:12:00+00:00,24500.0,24509.150390625,24498.5,24504.80078125,0
2025-08-07 04:13:00+00:00,24502.30078125,24503.400390625,24498.5,24501.05078125,0
2025-08-07 04:14:00+00:00,24504.55078125,24506.75,24500.900390625,24502.900390625,0
2025-08-07 04:15:00+00:00,24502.55078125,24504.349609375,24500.150390625,24503.75,0
2025-08-07 04:16:00+00:00,24519.0,24519.349609375,24500.349609375,24503.150390625,0
2025-08-07 04:17:00+00:00,24510.25,24519.349609375,24507.75,24519.30078125,0
2025-08-07 04:18:00+00:00,24510.0,24510.44921875,24505.599609375,24509.75,0
2025-08-07 04:19:00+00:00,24502.25,24509.19921875,24500.099609375,24509.19921875,0
2025-08-07 04:20:00+00:00,24501.5,24504.30078125,24499.75,24502.650390625,0
2025-08-07 04:21:00+00:00,24504.400390625,24506.400390625,24499.94921875,24502.25,0
2025-08-07 04:22:00+00:00,24507.55078125,24509.0,24502.349609375,24503.80078125,0
2025-08-07 04:23:00+00:00,24505.75,24510.80078125,24504.400390625,24507.900390625,0
2025-08-07 04:24:00+00:00,24506.150390625,24506.150390625,24499.349609375,24505.5,0
2025-08-07 04:25:00+00:00,24504.55078125,24506.75,24503.44921875,24506.05078125,0
2025-08-07 04:26:00+00:00,24495.05078125,24504.80078125,24493.69921875,24504.599609375,0
2025-08-07 04:27:00+00:00,24493.599609375,24497.94921875,24492.5,24495.05078125,0
2025-08-07 04:28:00+00:00,24482.19921875,24493.80078125,24479.099609375,24493.80078125,0
2025-08-07 04:29:00+00:00,24481.349609375,24485.19921875,24479.599609375,24480.5,0
2025-08-07 04:30:00+00:00,24484.150390625,24487.849609375,24481.099609375,24481.099609375,0
2025-08-07 04:31:00+00:00,24481.5,24484.349609375,24473.44921875,24484.349609375,0
2025-08-07 04:32:00+00:00,24485.19921875,24485.349609375,24479.44921875,24481.80078125,0
2025-08-07 04:33:00+00:00,24484.349609375,24487.099609375,24482.19921875,24484.650390625,0
2025-08-07 04:34:00+00:00,24476.099609375,24485.44921875,24473.80078125,24485.150390625,0
2025-08-07 04:35:00+00:00,24474.599609375,24478.44921875,24473.94921875,24476.55078125,0
2025-08-07 04:36:00+00:00,24481.400390625,24482.349609375,24470.80078125,24474.349609375,0
2025-08-07 04:37:00+00:00,24475.80078125,24482.0,24474.849609375,24481.05078125,0
2025-08-07 04:38:00+00:00,24475.349609375,24476.900390625,24473.80078125,24475.849609375,0
2025-08-07 04:39:00+00:00,24471.400390625,24476.349609375,24468.0,24474.69921875,0
2025-08-07 04:40:00+00:00,24473.25,24477.349609375,24470.94921875,24470.94921875,0
2025-08-07 04:41:00+00:00,24475.30078125,24475.30078125,24470.849609375,24472.80078125,0
2025-08-07 04:42:00+00:00,24476.0,24480.19921875,24474.5,24474.650390625,0
2025-08-07 04:43:00+00:00,24475.30078125,24476.349609375,24470.94921875,24476.099609375,0
2025-08-07 04:44:00+00:00,24476.05078125,24477.55078125,24474.599609375,24475.349609375,0
2025-08-07 04:45:00+00:00,24480.94921875,24481.349609375,24473.099609375,24476.94921875,0
2025-08-07 04:46:00+00:00,24474.349609375,24484.0,24471.55078125,24480.75,0
2025-08-07 04:47:00+00:00,24478.30078125,24478.849609375,24472.44921875,24473.30078125,0
2025-08-07 04:48:00+00:00,24484.44921875,24484.44921875,24478.5,24478.75,0
2025-08-07 04:49:00+00:00,24483.05078125,24486.05078125,24480.75,24483.849609375,0
2025-08-07 04:50:00+00:00,24480.44921875,24486.650390625,24479.900390625,24483.55078125,0
2025-08-07 04:51:00+00:00,24478.400390625,24481.0,24474.30078125,24480.30078125,0
2025-08-07 04:52:00+00:00,24478.69921875,24479.69921875,24474.849609375,24477.69921875,0
2025-08-07 04:53:00+00:00,24477.25,24479.55078125,24475.099609375,24478.5,0
2025-08-07 04:54:00+00:00,24479.25,24479.25,24474.44921875,24477.0,0
2025-08-07 04:55:00+00:00,24483.599609375,24483.599609375,24478.0,24479.349609375,0
2025-08-07 04:56:00+00:00,24477.849609375,24484.099609375,24477.849609375,24483.75,0
2025-08-07 04:57:00+00:00,24468.599609375,24477.75,24467.44921875,24477.75,0
2025-08-07 04:58:00+00:00,24456.599609375,24468.900390625,24455.69921875,24468.400390625,0
2025-08-07 04:59:00+00:00,24450.69921875,24456.94921875,24450.55078125,24456.94921875,0
2025-08-07 05:00:00+00:00,24434.30078125,24450.44921875,24432.5,24450.30078125,0
2025-08-07 05:01:00+00:00,24429.25,24433.150390625,24428.44921875,24433.0,0
2025-08-07 05:02:00+00:00,24433.80078125,24433.94921875,24425.5,24429.05078125,0
2025-08-07 05:03:00+00:00,24436.599609375,24436.94921875,24429.44921875,24432.25,0
2025-08-07 05:04:00+00:00,24439.30078125,24443.650390625,24436.349609375,24436.650390625,0
2025-08-07 05:05:00+00:00,24435.349609375,24439.849609375,24432.80078125,24438.55078125,0
2025-08-07 05:06:00+00:00,24438.94921875,24439.25,24433.05078125,24435.25,0
2025-08-07 05:07:00+00:00,24440.849609375,24443.849609375,24438.5,24438.5,0
2025-08-07 05:08:00+00:00,24440.150390625,24442.599609375,24439.0,24441.05078125,0
2025-08-07 05:09:00+00:00,24436.099609375,24441.099609375,24434.400390625,24440.099609375,0
2025-08-07 05:10:00+00:00,24433.400390625,24437.19921875,24432.30078125,24436.150390625,0
2025-08-07 05:11:00+00:00,24435.099609375,24435.849609375,24430.599609375,24433.19921875,0
2025-08-07 05:12:00+00:00,24432.25,24439.05078125,24432.25,24435.30078125,0
2025-08-07 05:13:00+00:00,24429.55078125,24433.650390625,24429.55078125,24431.25,0
2025-08-07 05:14:00+00:00,24435.75,24436.19921875,24429.25,24429.80078125,0
2025-08-07 05:15:00+00:00,24422.05078125,24437.349609375,24421.900390625,24435.25,0
2025-08-07 05:16:00+00:00,24423.30078125,24423.650390625,24419.69921875,24421.900390625,0
2025-08-07 05:17:00+00:00,24419.650390625,24425.650390625,24417.349609375,24423.099609375,0
2025-08-07 05:18:00+00:00,24422.44921875,24426.19921875,24419.69921875,24419.75,0
2025-08-07 05:19:00+00:00,24418.25,24423.5,24413.599609375,24422.69921875,0
2025-08-07 05:20:00+00:00,24423.599609375,24423.650390625,24416.5,24417.75,0
2025-08-07 05:21:00+00:00,24420.5,24423.599609375,24418.80078125,24423.599609375,0
2025-08-07 05:22:00+00:00,24420.400390625,24421.900390625,24418.099609375,24420.5,0
2025-08-07 05:23:00+00:00,24418.0,24421.0,24416.69921875,24421.0,0
2025-08-07 05:24:00+00:00,24416.69921875,24418.69921875,24416.0,24418.05078125,0
2025-08-07 05:25:00+00:00,24425.30078125,24425.849609375,24417.05078125,24417.05078125,0
2025-08-07 05:26:00+00:00,24426.55078125,24429.44921875,24424.349609375,24424.69921875,0
2025-08-07 05:27:00+00:00,24427.650390625,24427.650390625,24425.099609375,24425.900390625,0
2025-08-07 05:28:00+00:00,24428.55078125,24430.44921875,24427.400390625,24427.849609375,0
2025-08-07 05:29:00+00:00,24426.05078125,24430.099609375,24425.650390625,24428.599609375,0
2025-08-07 05:30:00+00:00,24426.849609375,24433.80078125,24425.30078125,24426.80078125,0
2025-08-07 05:31:00+00:00,24418.94921875,24426.55078125,24418.69921875,24426.55078125,0
2025-08-07 05:32:00+00:00,24413.5,24419.099609375,24408.900390625,24419.099609375,0
2025-08-07 05:33:00+00:00,24409.849609375,24413.25,24409.599609375,24413.25,0
2025-08-07 05:34:00+00:00,24408.55078125,24409.599609375,24401.25,24409.599609375,0
2025-08-07 05:35:00+00:00,24406.150390625,24408.30078125,24403.69921875,24408.099609375,0
2025-08-07 05:36:00+00:00,24388.55078125,24405.94921875,24388.55078125,24405.94921875,0
2025-08-07 05:37:00+00:00,24405.69921875,24408.400390625,24390.099609375,24390.099609375,0
2025-08-07 05:38:00+00:00,24404.849609375,24408.25,24404.849609375,24405.75,0
2025-08-07 05:39:00+00:00,24411.94921875,24411.94921875,24404.400390625,24405.849609375,0
2025-08-07 05:40:00+00:00,24411.44921875,24416.44921875,24410.69921875,24411.44921875,0
2025-08-07 05:41:00+00:00,24414.150390625,24416.349609375,24408.19921875,24411.19921875,0
2025-08-07 05:42:00+00:00,24411.5,24415.099609375,24409.400390625,24414.5,0
2025-08-07 05:43:00+00:00,24410.0,24413.5,24409.30078125,24411.94921875,0
2025-08-07 05:44:00+00:00,24411.599609375,24413.0,24409.55078125,24409.900390625,0
2025-08-07 05:45:00+00:00,24413.25,24415.69921875,24410.30078125,24410.94921875,0
2025-08-07 05:46:00+00:00,24420.599609375,24421.44921875,24412.55078125,24413.69921875,0
2025-08-07 05:47:00+00:00,24425.25,24425.55078125,24419.400390625,24421.75,0
2025-08-07 05:48:00+00:00,24423.650390625,24428.69921875,24422.19921875,24425.05078125,0
2025-08-07 05:49:00+00:00,24421.55078125,24424.19921875,24418.599609375,24422.150390625,0
2025-08-07 05:50:00+00:00,24422.349609375,24423.44921875,24418.650390625,24420.94921875,0
2025-08-07 05:51:00+00:00,24420.650390625,24423.400390625,24419.849609375,24422.349609375,0
2025-08-07 05:52:00+00:00,24425.69921875,24428.44921875,24416.69921875,24419.5,0
2025-08-07 05:53:00+00:00,24426.150390625,24428.75,24422.650390625,24426.0,0
2025-08-07 05:54:00+00:00,24426.849609375,24430.44921875,24425.19921875,24425.75,0
2025-08-07 05:55:00+00:00,24428.150390625,24432.05078125,24424.900390625,24426.900390625,0
2025-08-07 05:56:00+00:00,24433.30078125,24433.30078125,24427.5,24427.599609375,0
2025-08-07 05:57:00+00:00,24429.900390625,24433.5,24426.25,24432.94921875,0
2025-08-07 05:58:00+00:00,24425.099609375,24429.30078125,24424.349609375,24429.30078125,0
2025-08-07 05:59:00+00:00,24424.150390625,24427.900390625,24423.099609375,24424.75,0
2025-08-07 06:00:00+00:00,24422.05078125,24424.80078125,24420.80078125,24424.44921875,0
2025-08-07 06:01:00+00:00,24427.599609375,24429.44921875,24422.30078125,24422.30078125,0
2025-08-07 06:02:00+00:00,24418.400390625,24427.55078125,24417.599609375,24427.30078125,0
2025-08-07 06:03:00+00:00,24414.400390625,24419.5,24413.75,24418.80078125,0
2025-08-07 06:04:00+00:00,24419.849609375,24422.30078125,24412.5,24413.75,0
2025-08-07 06:05:00+00:00,24427.80078125,24428.849609375,24420.0,24420.19921875,0
2025-08-07 06:06:00+00:00,24423.30078125,24427.900390625,24420.55078125,24426.94921875,0
2025-08-07 06:07:00+00:00,24426.5,24428.599609375,24420.69921875,24423.94921875,0
2025-08-07 06:08:00+00:00,24426.849609375,24427.19921875,24423.75,24426.05078125,0
2025-08-07 06:09:00+00:00,24441.599609375,24441.599609375,24426.25,24426.80078125,0
2025-08-07 06:10:00+00:00,24441.349609375,24448.19921875,24440.349609375,24441.25,0
2025-08-07 06:11:00+00:00,24435.80078125,24442.30078125,24435.099609375,24441.650390625,0
2025-08-07 06:12:00+00:00,24429.849609375,24436.80078125,24429.75,24435.599609375,0
2025-08-07 06:13:00+00:00,24424.599609375,24431.5,24422.099609375,24429.900390625,0
2025-08-07 06:14:00+00:00,24423.69921875,24426.55078125,24421.19921875,24424.19921875,0
2025-08-07 06:15:00+00:00,24426.05078125,24428.75,24422.25,24423.849609375,0
2025-08-07 06:16:00+00:00,24421.900390625,24429.5,24419.80078125,24426.19921875,0
2025-08-07 06:17:00+00:00,24425.80078125,24426.19921875,24420.05078125,24421.900390625,0
2025-08-07 06:18:00+00:00,24423.599609375,24429.150390625,24422.150390625,24425.80078125,0
2025-08-07 06:19:00+00:00,24422.19921875,24424.94921875,24421.75,24423.69921875,0
2025-08-07 06:20:00+00:00,24422.05078125,24423.94921875,24421.349609375,24421.900390625,0
2025-08-07 06:21:00+00:00,24420.099609375,24424.599609375,24420.099609375,24421.80078125,0
2025-08-07 06:22:00+00:00,24420.25,24421.05078125,24416.900390625,24419.349609375,0
2025-08-07 06:23:00+00:00,24423.599609375,24425.44921875,24417.80078125,24420.0,0
2025-08-07 06:24:00+00:00,24426.650390625,24428.400390625,24423.150390625,24423.150390625,0
2025-08-07 06:25:00+00:00,24428.599609375,24430.44921875,24425.400390625,24427.099609375,0
2025-08-07 06:26:00+00:00,24428.599609375,24430.30078125,24426.94921875,24427.75,0
2025-08-07 06:27:00+00:00,24428.94921875,24430.69921875,24426.69921875,24428.900390625,0
2025-08-07 06:28:00+00:00,24429.19921875,24432.05078125,24427.650390625,24428.25,0
2025-08-07 06:29:00+00:00,24426.44921875,24430.150390625,24424.05078125,24429.5,0
2025-08-07 06:30:00+00:00,24427.150390625,24429.099609375,24425.75,24426.80078125,0
2025-08-07 06:31:00+00:00,24424.0,24427.400390625,24421.150390625,24426.69921875,0
2025-08-07 06:32:00+00:00,24432.55078125,24433.25,24423.599609375,24423.599609375,0
2025-08-07 06:33:00+00:00,24432.599609375,24436.80078125,24431.94921875,24432.349609375,0
2025-08-07 06:34:00+00:00,24434.30078125,24434.900390625,24430.55078125,24432.150390625,0
2025-08-07 06:35:00+00:00,24436.75,24437.849609375,24434.349609375,24434.349609375,0
2025-08-07 06:36:00+00:00,24433.19921875,24438.94921875,24432.05078125,24436.5,0
2025-08-07 06:37:00+00:00,24428.80078125,24434.650390625,24428.0,24432.900390625,0
2025-08-07 06:38:00+00:00,24429.349609375,24430.900390625,24421.55078125,24428.55078125,0
2025-08-07 06:39:00+00:00,24429.25,24430.55078125,24426.69921875,24428.349609375,0
2025-08-07 06:40:00+00:00,24433.400390625,24434.900390625,24427.599609375,24427.75,0
2025-08-07 06:41:00+00:00,24435.75,24435.75,24431.94921875,24433.5,0
2025-08-07 06:42:00+00:00,24445.94921875,24449.69921875,24434.150390625,24435.69921875,0
2025-08-07 06:43:00+00:00,24444.55078125,24447.400390625,24439.94921875,24446.900390625,0
2025-08-07 06:44:00+00:00,24442.30078125,24445.69921875,24440.650390625,24444.0,0
2025-08-07 06:45:00+00:00,24447.25,24449.400390625,24438.0,24440.19921875,0
2025-08-07 06:46:00+00:00,24449.30078125,24449.650390625,24445.69921875,24447.5,0
2025-08-07 06:47:00+00:00,24447.25,24452.5,24446.25,24448.69921875,0
2025-08-07 06:48:00+00:00,24440.69921875,24447.0,24440.25,24446.849609375,0
2025-08-07 06:49:00+00:00,24441.349609375,24445.69921875,24438.94921875,24440.44921875,0
2025-08-07 06:50:00+00:00,24442.19921875,24443.19921875,24440.0,24441.30078125,0
2025-08-07 06:51:00+00:00,24442.349609375,24443.599609375,24441.19921875,24441.69921875,0
2025-08-07 06:52:00+00:00,24432.75,24442.849609375,24432.75,24442.80078125,0
2025-08-07 06:53:00+00:00,24435.849609375,24436.25,24430.849609375,24433.19921875,0
2025-08-07 06:54:00+00:00,24435.349609375,24436.900390625,24432.94921875,24435.5,0
2025-08-07 06:55:00+00:00,24435.0,24435.69921875,24430.650390625,24435.599609375,0
2025-08-07 06:56:00+00:00,24433.55078125,24435.900390625,24430.94921875,24435.44921875,0
2025-08-07 06:57:00+00:00,24433.55078125,24435.0,24431.75,24433.849609375,0
2025-08-07 06:58:00+00:00,24434.0,24435.44921875,24432.44921875,24433.75,0
2025-08-07 06:59:00+00:00,24436.80078125,24440.19921875,24434.69921875,24434.849609375,0
2025-08-07 07:00:00+00:00,24440.44921875,24441.69921875,24436.55078125,24437.900390625,0
2025-08-07 07:01:00+00:00,24439.0,24442.099609375,24438.94921875,24439.94921875,0
2025-08-07 07:03:00+00:00,24428.44921875,24433.5,24426.900390625,24431.150390625,0
2025-08-07 07:04:00+00:00,24431.94921875,24433.80078125,24426.69921875,24428.55078125,0
2025-08-07 07:05:00+00:00,24435.099609375,24437.55078125,24429.650390625,24431.94921875,0
2025-08-07 07:06:00+00:00,24446.400390625,24446.400390625,24433.849609375,24434.099609375,0
2025-08-07 07:07:00+00:00,24442.30078125,24446.30078125,24440.80078125,24446.05078125,0
2025-08-07 07:08:00+00:00,24444.400390625,24445.44921875,24440.94921875,24441.849609375,0
2025-08-07 07:09:00+00:00,24445.25,24446.599609375,24442.55078125,24444.099609375,0
2025-08-07 07:10:00+00:00,24442.5,24447.349609375,24441.650390625,24444.849609375,0
2025-08-07 07:11:00+00:00,24443.69921875,24445.0,24441.349609375,24443.599609375,0
2025-08-07 07:12:00+00:00,24440.80078125,24444.400390625,24439.0,24444.349609375,0
2025-08-07 07:13:00+00:00,24420.25,24440.75,24417.849609375,24440.400390625,0
2025-08-07 07:14:00+00:00,24434.900390625,24435.400390625,24420.55078125,24420.55078125,0
2025-08-07 07:15:00+00:00,24429.849609375,24439.5,24429.849609375,24434.94921875,0
2025-08-07 07:16:00+00:00,24431.349609375,24433.19921875,24429.19921875,24429.30078125,0
2025-08-07 07:17:00+00:00,24431.94921875,24434.69921875,24430.150390625,24431.599609375,0
2025-08-07 07:18:00+00:00,24430.849609375,24434.30078125,24430.75,24432.0,0
2025-08-07 07:19:00+00:00,24425.19921875,24431.150390625,24424.30078125,24430.69921875,0
2025-08-07 07:20:00+00:00,24433.19921875,24433.849609375,24424.25,24425.150390625,0
2025-08-07 07:21:00+00:00,24429.5,24433.25,24428.599609375,24433.19921875,0
2025-08-07 07:22:00+00:00,24427.849609375,24430.599609375,24426.94921875,24429.30078125,0
2025-08-07 07:23:00+00:00,24427.94921875,24428.44921875,24425.349609375,24428.0,0
2025-08-07 07:24:00+00:00,24431.849609375,24432.80078125,24426.75,24427.30078125,0
2025-08-07 07:25:00+00:00,24431.19921875,24432.400390625,24428.599609375,24431.69921875,0
2025-08-07 07:26:00+00:00,24427.69921875,24431.75,24426.69921875,24430.30078125,0
2025-08-07 07:27:00+00:00,24433.44921875,24434.55078125,24426.80078125,24428.19921875,0
2025-08-07 07:28:00+00:00,24436.80078125,24437.150390625,24432.099609375,24433.150390625,0
2025-08-07 07:29:00+00:00,24435.5,24438.75,24434.94921875,24436.44921875,0
2025-08-07 07:30:00+00:00,24434.650390625,24436.44921875,24433.0,24435.80078125,0
2025-08-07 07:31:00+00:00,24430.30078125,24435.099609375,24427.599609375,24434.75,0
2025-08-07 07:32:00+00:00,24436.30078125,24436.30078125,24428.150390625,24430.44921875,0
2025-08-07 07:33:00+00:00,24435.05078125,24436.05078125,24433.900390625,24435.650390625,0
2025-08-07 07:34:00+00:00,24434.849609375,24435.94921875,24432.94921875,24435.25,0
2025-08-07 07:35:00+00:00,24427.5,24435.400390625,24426.94921875,24435.400390625,0
2025-08-07 07:36:00+00:00,24420.94921875,24427.75,24417.55078125,24427.75,0
2025-08-07 07:37:00+00:00,24413.849609375,24421.25,24413.44921875,24421.05078125,0
2025-08-07 07:38:00+00:00,24411.75,24414.849609375,24410.5,24414.0,0
2025-08-07 07:39:00+00:00,24411.849609375,24412.349609375,24408.94921875,24412.0,0
2025-08-07 07:40:00+00:00,24410.5,24413.69921875,24408.75,24411.5,0
2025-08-07 07:41:00+00:00,24403.30078125,24409.05078125,24400.400390625,24408.599609375,0
2025-08-07 07:42:00+00:00,24405.69921875,24407.150390625,24398.69921875,24403.349609375,0
2025-08-07 07:43:00+00:00,24402.69921875,24407.150390625,24400.0,24405.349609375,0
2025-08-07 07:44:00+00:00,24403.150390625,24405.099609375,24400.599609375,24402.099609375,0
2025-08-07 07:45:00+00:00,24403.0,24404.5,24401.900390625,24402.94921875,0
2025-08-07 07:46:00+00:00,24397.400390625,24403.75,24396.44921875,24403.5,0
2025-08-07 07:47:00+00:00,24389.80078125,24397.099609375,24385.5,24396.599609375,0
2025-08-07 07:48:00+00:00,24387.900390625,24390.900390625,24384.94921875,24389.900390625,0
2025-08-07 07:49:00+00:00,24404.44921875,24405.599609375,24381.80078125,24387.05078125,0
2025-08-07 07:50:00+00:00,24391.25,24404.650390625,24391.25,24404.650390625,0
2025-08-07 07:51:00+00:00,24384.69921875,24393.150390625,24384.69921875,24391.5,0
2025-08-07 07:52:00+00:00,24379.599609375,24386.849609375,24379.599609375,24385.349609375,0
2025-08-07 07:53:00+00:00,24370.80078125,24379.30078125,24369.55078125,24379.30078125,0
2025-08-07 07:54:00+00:00,24362.349609375,24371.349609375,24359.5,24370.599609375,0
2025-08-07 07:55:00+00:00,24365.44921875,24367.099609375,24357.05078125,24362.25,0
2025-08-07 07:56:00+00:00,24367.150390625,24370.75,24365.05078125,24365.099609375,0
2025-08-07 07:57:00+00:00,24364.849609375,24366.80078125,24361.30078125,24366.80078125,0
2025-08-07 07:58:00+00:00,24359.849609375,24365.19921875,24359.80078125,24365.05078125,0
2025-08-07 07:59:00+00:00,24358.0,24360.849609375,24355.94921875,24358.80078125,0
2025-08-07 08:00:00+00:00,24358.25,24359.25,24354.650390625,24357.849609375,0
2025-08-07 08:01:00+00:00,24365.30078125,24365.849609375,24357.849609375,24358.75,0
2025-08-07 08:02:00+00:00,24359.400390625,24366.349609375,24358.94921875,24365.900390625,0
2025-08-07 08:03:00+00:00,24351.75,24359.599609375,24346.150390625,24359.5,0
2025-08-07 08:04:00+00:00,24356.849609375,24359.599609375,24344.5,24351.80078125,0
2025-08-07 08:05:00+00:00,24353.150390625,24356.80078125,24347.55078125,24355.55078125,0
2025-08-07 08:06:00+00:00,24351.55078125,24355.150390625,24350.30078125,24352.5,0
2025-08-07 08:07:00+00:00,24347.900390625,24352.25,24347.69921875,24351.05078125,0
2025-08-07 08:08:00+00:00,24347.30078125,24348.75,24346.349609375,24347.80078125,0
2025-08-07 08:09:00+00:00,24358.349609375,24359.400390625,24345.19921875,24346.69921875,0
2025-08-07 08:10:00+00:00,24356.900390625,24358.5,24354.150390625,24358.5,0
2025-08-07 08:11:00+00:00,24360.400390625,24365.349609375,24355.75,24356.650390625,0
2025-08-07 08:12:00+00:00,24362.30078125,24363.05078125,24358.849609375,24361.650390625,0
2025-08-07 08:13:00+00:00,24360.80078125,24364.099609375,24359.69921875,24362.19921875,0
2025-08-07 08:14:00+00:00,24385.400390625,24394.80078125,24360.69921875,24361.19921875,0
2025-08-07 08:15:00+00:00,24390.05078125,24395.5,24382.650390625,24386.150390625,0
2025-08-07 08:16:00+00:00,24377.650390625,24393.400390625,24377.650390625,24389.849609375,0
2025-08-07 08:17:00+00:00,24376.30078125,24381.94921875,24374.80078125,24376.75,0
2025-08-07 08:18:00+00:00,24373.650390625,24377.0,24370.05078125,24376.400390625,0
2025-08-07 08:19:00+00:00,24377.05078125,24379.25,24372.849609375,24373.5,0
2025-08-07 08:20:00+00:00,24378.400390625,24379.30078125,24373.5,24377.650390625,0
2025-08-07 08:21:00+00:00,24372.900390625,24378.30078125,24371.349609375,24378.25,0
2025-08-07 08:22:00+00:00,24382.849609375,24385.19921875,24372.349609375,24372.849609375,0
2025-08-07 08:23:00+00:00,24380.150390625,24384.150390625,24375.30078125,24381.94921875,0
2025-08-07 08:24:00+00:00,24383.44921875,24383.69921875,24377.30078125,24379.849609375,0
2025-08-07 08:25:00+00:00,24383.0,24385.05078125,24379.75,24382.599609375,0
2025-08-07 08:26:00+00:00,24382.69921875,24383.80078125,24379.349609375,24382.75,0
2025-08-07 08:27:00+00:00,24389.44921875,24390.69921875,24381.5,24382.400390625,0
2025-08-07 08:28:00+00:00,24386.75,24393.75,24384.75,24389.5,0
2025-08-07 08:29:00+00:00,24388.25,24388.25,24385.0,24387.150390625,0
2025-08-07 08:30:00+00:00,24392.400390625,24394.44921875,24388.400390625,24388.400390625,0
2025-08-07 08:31:00+00:00,24394.599609375,24397.349609375,24390.099609375,24392.400390625,0
2025-08-07 08:32:00+00:00,24401.0,24402.400390625,24391.099609375,24394.55078125,0
2025-08-07 08:33:00+00:00,24399.599609375,24402.150390625,24390.849609375,24400.650390625,0
2025-08-07 08:34:00+00:00,24404.900390625,24404.900390625,24395.44921875,24399.44921875,0
2025-08-07 08:35:00+00:00,24416.80078125,24417.44921875,24404.30078125,24404.94921875,0
2025-08-07 08:36:00+00:00,24413.0,24422.849609375,24413.0,24416.94921875,0
2025-08-07 08:37:00+00:00,24415.80078125,24418.30078125,24406.25,24412.30078125,0
2025-08-07 08:38:00+00:00,24416.650390625,24422.44921875,24413.25,24415.099609375,0
2025-08-07 08:39:00+00:00,24413.69921875,24417.5,24412.44921875,24416.80078125,0
2025-08-07 08:40:00+00:00,24417.400390625,24419.44921875,24413.400390625,24413.400390625,0
2025-08-07 08:41:00+00:00,24422.55078125,24424.400390625,24413.80078125,24417.5,0
2025-08-07 08:42:00+00:00,24433.150390625,24442.75,24421.5,24421.55078125,0
2025-08-07 08:43:00+00:00,24418.900390625,24436.099609375,24417.94921875,24433.19921875,0
2025-08-07 08:44:00+00:00,24427.599609375,24430.19921875,24417.94921875,24419.05078125,0
2025-08-07 08:45:00+00:00,24433.099609375,24436.19921875,24426.599609375,24427.349609375,0
2025-08-07 08:46:00+00:00,24441.19921875,24444.25,24432.849609375,24432.849609375,0
2025-08-07 08:47:00+00:00,24449.400390625,24453.44921875,24440.19921875,24441.19921875,0
2025-08-07 08:48:00+00:00,24464.599609375,24467.05078125,24448.5,24448.5,0
2025-08-07 08:49:00+00:00,24467.30078125,24468.599609375,24464.05078125,24464.599609375,0
2025-08-07 08:50:00+00:00,24478.75,24487.19921875,24466.5,24466.69921875,0
2025-08-07 08:51:00+00:00,24481.099609375,24484.25,24476.5,24477.5,0
2025-08-07 08:52:00+00:00,24490.650390625,24513.69921875,24480.599609375,24480.599609375,0
2025-08-07 08:53:00+00:00,24485.0,24495.150390625,24480.94921875,24490.19921875,0
2025-08-07 08:54:00+00:00,24453.94921875,24485.599609375,24452.44921875,24485.599609375,0
2025-08-07 08:55:00+00:00,24455.0,24463.75,24450.099609375,24453.55078125,0
2025-08-07 08:56:00+00:00,24454.75,24456.94921875,24449.5,24454.55078125,0
2025-08-07 08:57:00+00:00,24451.0,24456.25,24448.099609375,24453.849609375,0
2025-08-07 08:58:00+00:00,24447.55078125,24450.650390625,24436.94921875,24448.25,0
2025-08-07 08:59:00+00:00,24469.650390625,24469.650390625,24445.650390625,24447.25,0
2025-08-07 09:00:00+00:00,24471.599609375,24478.599609375,24467.80078125,24469.349609375,0
2025-08-07 09:01:00+00:00,24476.150390625,24476.94921875,24465.69921875,24469.650390625,0
2025-08-07 09:02:00+00:00,24469.55078125,24477.80078125,24468.44921875,24476.05078125,0
2025-08-07 09:03:00+00:00,24476.30078125,24476.80078125,24467.05078125,24469.30078125,0
2025-08-07 09:04:00+00:00,24478.5,24481.44921875,24470.44921875,24476.19921875,0
2025-08-07 09:05:00+00:00,24470.150390625,24483.5,24469.94921875,24478.599609375,0
2025-08-07 09:06:00+00:00,24487.400390625,24503.5,24469.44921875,24469.80078125,0
2025-08-07 09:07:00+00:00,24491.5,24493.55078125,24486.19921875,24487.19921875,0
2025-08-07 09:08:00+00:00,24499.900390625,24507.650390625,24484.25,24491.30078125,0
2025-08-07 09:09:00+00:00,24494.099609375,24506.099609375,24488.80078125,24499.0,0
2025-08-07 09:10:00+00:00,24482.900390625,24497.19921875,24479.69921875,24493.75,0
2025-08-07 09:11:00+00:00,24491.599609375,24491.599609375,24479.099609375,24483.25,0
2025-08-07 09:12:00+00:00,24495.849609375,24497.55078125,24489.55078125,24491.80078125,0
2025-08-07 09:13:00+00:00,24509.75,24509.80078125,24494.30078125,24495.25,0
2025-08-07 09:14:00+00:00,24515.05078125,24521.650390625,24508.400390625,24511.05078125,0
2025-08-07 09:15:00+00:00,24508.900390625,24519.80078125,24504.75,24514.900390625,0
2025-08-07 09:16:00+00:00,24509.55078125,24510.94921875,24504.25,24508.75,0
2025-08-07 09:17:00+00:00,24511.400390625,24515.25,24506.900390625,24508.55078125,0
2025-08-07 09:18:00+00:00,24509.05078125,24512.69921875,24504.650390625,24511.19921875,0
2025-08-07 09:19:00+00:00,24518.94921875,24520.150390625,24507.30078125,24508.94921875,0
2025-08-07 09:20:00+00:00,24535.099609375,24540.44921875,24519.19921875,24519.19921875,0
2025-08-07 09:21:00+00:00,24533.150390625,24539.150390625,24531.349609375,24532.30078125,0
2025-08-07 09:22:00+00:00,24539.19921875,24541.349609375,24531.69921875,24532.099609375,0
2025-08-07 09:23:00+00:00,24532.0,24542.599609375,24530.55078125,24538.55078125,0
2025-08-07 09:24:00+00:00,24534.19921875,24536.94921875,24530.0,24531.849609375,0
2025-08-07 09:25:00+00:00,24518.650390625,24540.19921875,24517.400390625,24534.349609375,0
2025-08-07 09:26:00+00:00,24533.25,24533.849609375,24518.650390625,24519.349609375,0
2025-08-07 09:27:00+00:00,24530.099609375,24535.44921875,24528.25,24533.80078125,0
2025-08-07 09:28:00+00:00,24526.150390625,24529.80078125,24521.849609375,24529.400390625,0
2025-08-07 09:29:00+00:00,24537.099609375,24537.849609375,24524.0,24524.349609375,0
2025-08-07 09:30:00+00:00,24546.900390625,24550.349609375,24537.150390625,24537.150390625,0
2025-08-07 09:31:00+00:00,24553.05078125,24556.900390625,24545.80078125,24545.80078125,0
2025-08-07 09:32:00+00:00,24558.75,24559.75,24550.5,24553.0,0
2025-08-07 09:33:00+00:00,24560.400390625,24561.55078125,24554.25,24558.30078125,0
2025-08-07 09:34:00+00:00,24568.19921875,24568.80078125,24559.150390625,24560.400390625,0
2025-08-07 09:35:00+00:00,24587.30078125,24587.55078125,24566.75,24568.25,0
2025-08-07 09:36:00+00:00,24593.650390625,24594.099609375,24586.30078125,24586.30078125,0
2025-08-07 09:37:00+00:00,24591.94921875,24596.349609375,24591.349609375,24593.900390625,0
2025-08-07 09:38:00+00:00,24577.19921875,24592.0,24572.599609375,24591.19921875,0
2025-08-07 09:39:00+00:00,24584.400390625,24584.400390625,24575.650390625,24578.599609375,0
2025-08-07 09:40:00+00:00,24583.94921875,24586.05078125,24578.5,24581.69921875,0
2025-08-07 09:41:00+00:00,24593.400390625,24594.44921875,24582.5,24583.44921875,0
2025-08-07 09:42:00+00:00,24595.55078125,24597.30078125,24591.650390625,24591.94921875,0
2025-08-07 09:43:00+00:00,24600.80078125,24601.30078125,24593.099609375,24595.44921875,0
2025-08-07 09:44:00+00:00,24592.0,24601.19921875,24590.900390625,24601.19921875,0
2025-08-07 09:45:00+00:00,24604.94921875,24605.69921875,24590.05078125,24592.25,0
2025-08-07 09:46:00+00:00,24601.44921875,24606.650390625,24596.30078125,24604.44921875,0
2025-08-07 09:47:00+00:00,24607.19921875,24610.400390625,24599.44921875,24601.19921875,0
2025-08-07 09:48:00+00:00,24607.5,24610.25,24605.5,24608.0,0
2025-08-07 09:49:00+00:00,24604.69921875,24607.94921875,24601.650390625,24607.44921875,0
2025-08-07 09:50:00+00:00,24602.75,24605.849609375,24601.150390625,24604.19921875,0
2025-08-07 09:51:00+00:00,24612.150390625,24612.400390625,24603.55078125,24604.69921875,0
2025-08-07 09:52:00+00:00,24622.099609375,24623.94921875,24609.94921875,24612.150390625,0
2025-08-07 09:53:00+00:00,24624.69921875,24625.650390625,24621.5,24621.94921875,0
2025-08-07 09:54:00+00:00,24629.25,24629.25,24621.55078125,24624.400390625,0
2025-08-07 09:55:00+00:00,24630.900390625,24632.94921875,24624.94921875,24627.349609375,0
2025-08-07 09:56:00+00:00,24628.94921875,24633.80078125,24628.5,24631.5,0
2025-08-07 09:57:00+00:00,24626.69921875,24631.349609375,24622.650390625,24629.30078125,0
2025-08-07 09:58:00+00:00,24625.19921875,24630.400390625,24622.75,24629.349609375,0
2025-08-07 09:59:00+00:00,24626.650390625,24631.650390625,24620.0,24626.099609375,0
2025-08-08 03:45:00+00:00,24561.599609375,24573.5,24544.25,24544.25,0
2025-08-08 03:46:00+00:00,24555.349609375,24560.849609375,24546.349609375,24558.75,0
2025-08-08 03:47:00+00:00,24567.25,24569.30078125,24552.349609375,24555.94921875,0
2025-08-08 03:48:00+00:00,24584.349609375,24584.349609375,24563.400390625,24567.650390625,0
2025-08-08 03:49:00+00:00,24575.30078125,24585.30078125,24575.30078125,24585.30078125,0
2025-08-08 03:50:00+00:00,24575.650390625,24581.94921875,24568.5,24573.349609375,0
2025-08-08 03:51:00+00:00,24567.099609375,24577.099609375,24564.349609375,24574.44921875,0
2025-08-08 03:52:00+00:00,24565.19921875,24569.349609375,24557.44921875,24566.400390625,0
2025-08-08 03:53:00+00:00,24560.150390625,24567.80078125,24559.349609375,24565.400390625,0
2025-08-08 03:54:00+00:00,24560.0,24564.5,24557.849609375,24561.599609375,0
2025-08-08 03:55:00+00:00,24557.19921875,24562.349609375,24553.650390625,24561.0,0
2025-08-08 03:56:00+00:00,24554.55078125,24560.400390625,24551.599609375,24557.69921875,0
2025-08-08 03:57:00+00:00,24545.25,24554.349609375,24543.400390625,24553.94921875,0
2025-08-08 03:58:00+00:00,24525.94921875,24545.80078125,24525.849609375,24545.69921875,0
2025-08-08 03:59:00+00:00,24515.150390625,24527.099609375,24514.80078125,24525.75,0
2025-08-08 04:00:00+00:00,24516.0,24523.150390625,24511.849609375,24515.5,0
2025-08-08 04:01:00+00:00,24517.55078125,24518.5,24503.650390625,24515.19921875,0
2025-08-08 04:02:00+00:00,24515.849609375,24518.19921875,24510.69921875,24517.94921875,0
2025-08-08 04:03:00+00:00,24510.44921875,24516.44921875,24510.44921875,24514.900390625,0
2025-08-08 04:04:00+00:00,24509.69921875,24515.150390625,24509.19921875,24510.849609375,0
2025-08-08 04:05:00+00:00,24503.05078125,24511.349609375,24502.30078125,24509.25,0
2025-08-08 04:06:00+00:00,24515.05078125,24515.05078125,24502.150390625,24502.80078125,0
2025-08-08 04:07:00+00:00,24520.150390625,24521.0,24516.0,24516.44921875,0
2025-08-08 04:08:00+00:00,24517.94921875,24532.94921875,24517.30078125,24520.349609375,0
2025-08-08 04:09:00+00:00,24516.400390625,24519.25,24512.30078125,24517.650390625,0
2025-08-08 04:10:00+00:00,24512.05078125,24517.55078125,24508.849609375,24517.0,0
2025-08-08 04:11:00+00:00,24504.599609375,24514.0,24504.099609375,24512.150390625,0
2025-08-08 04:12:00+00:00,24496.400390625,24505.25,24496.400390625,24505.19921875,0
2025-08-08 04:13:00+00:00,24501.94921875,24503.44921875,24496.400390625,24496.400390625,0
2025-08-08 04:14:00+00:00,24499.5,24502.94921875,24498.05078125,24502.150390625,0
2025-08-08 04:15:00+00:00,24496.849609375,24500.099609375,24490.650390625,24499.75,0
2025-08-08 04:16:00+00:00,24497.599609375,24506.599609375,24495.94921875,24496.55078125,0
2025-08-08 04:17:00+00:00,24489.599609375,24497.900390625,24489.599609375,24497.150390625,0
2025-08-08 04:18:00+00:00,24489.75,24495.099609375,24489.55078125,24489.55078125,0
2025-08-08 04:19:00+00:00,24484.5,24492.19921875,24484.05078125,24489.849609375,0
2025-08-08 04:20:00+00:00,24481.55078125,24488.05078125,24481.349609375,24484.69921875,0
2025-08-08 04:21:00+00:00,24484.80078125,24484.849609375,24479.75,24481.5,0
2025-08-08 04:22:00+00:00,24488.0,24488.599609375,24478.30078125,24484.650390625,0
2025-08-08 04:23:00+00:00,24480.599609375,24489.5,24480.599609375,24487.599609375,0
2025-08-08 04:24:00+00:00,24487.30078125,24487.55078125,24477.099609375,24480.349609375,0
2025-08-08 04:25:00+00:00,24494.5,24496.80078125,24487.650390625,24487.650390625,0
2025-08-08 04:26:00+00:00,24481.69921875,24494.5,24479.5,24494.5,0
2025-08-08 04:27:00+00:00,24483.150390625,24488.94921875,24480.94921875,24482.19921875,0
2025-08-08 04:28:00+00:00,24485.0,24485.19921875,24478.849609375,24483.19921875,0
2025-08-08 04:29:00+00:00,24476.849609375,24484.849609375,24476.55078125,24484.849609375,0
2025-08-08 04:30:00+00:00,24469.650390625,24480.900390625,24469.650390625,24477.19921875,0
2025-08-08 04:31:00+00:00,24467.25,24471.150390625,24462.849609375,24469.30078125,0
2025-08-08 04:32:00+00:00,24461.650390625,24467.75,24460.19921875,24467.30078125,0
2025-08-08 04:33:00+00:00,24457.900390625,24462.69921875,24456.55078125,24461.5,0
2025-08-08 04:34:00+00:00,24452.19921875,24458.400390625,24451.69921875,24458.400390625,0
2025-08-08 04:35:00+00:00,24448.400390625,24452.849609375,24447.69921875,24452.55078125,0
2025-08-08 04:36:00+00:00,24445.25,24449.30078125,24444.650390625,24448.349609375,0
2025-08-08 04:37:00+00:00,24445.30078125,24446.30078125,24437.55078125,24446.150390625,0
2025-08-08 04:38:00+00:00,24454.05078125,24454.30078125,24442.400390625,24444.849609375,0
2025-08-08 04:39:00+00:00,24450.80078125,24455.05078125,24449.5,24454.75,0
2025-08-08 04:40:00+00:00,24457.0,24459.05078125,24451.099609375,24451.19921875,0
2025-08-08 04:41:00+00:00,24457.0,24458.849609375,24455.099609375,24457.150390625,0
2025-08-08 04:42:00+00:00,24450.94921875,24456.5,24446.44921875,24456.25,0
2025-08-08 04:43:00+00:00,24450.30078125,24454.599609375,24448.55078125,24450.25,0
2025-08-08 04:44:00+00:00,24449.599609375,24452.900390625,24448.599609375,24450.0,0
2025-08-08 04:45:00+00:00,24447.30078125,24453.099609375,24447.19921875,24449.30078125,0
2025-08-08 04:46:00+00:00,24449.900390625,24450.099609375,24443.19921875,24447.349609375,0
2025-08-08 04:47:00+00:00,24452.400390625,24452.69921875,24448.69921875,24449.30078125,0
2025-08-08 04:48:00+00:00,24459.94921875,24464.150390625,24452.349609375,24452.599609375,0
2025-08-08 04:49:00+00:00,24456.55078125,24460.349609375,24456.25,24460.0,0
2025-08-08 04:50:00+00:00,24449.5,24458.19921875,24448.150390625,24457.400390625,0
2025-08-08 04:51:00+00:00,24450.30078125,24451.19921875,24443.150390625,24449.69921875,0
2025-08-08 04:52:00+00:00,24448.80078125,24450.69921875,24446.44921875,24450.05078125,0
2025-08-08 04:53:00+00:00,24462.099609375,24463.75,24449.5,24449.5,0
2025-08-08 04:54:00+00:00,24468.25,24468.25,24460.75,24462.599609375,0
2025-08-08 04:55:00+00:00,24468.400390625,24470.849609375,24461.69921875,24467.400390625,0
2025-08-08 04:56:00+00:00,24480.400390625,24480.44921875,24468.599609375,24468.599609375,0
2025-08-08 04:57:00+00:00,24471.150390625,24481.25,24470.05078125,24480.75,0
2025-08-08 04:58:00+00:00,24466.30078125,24472.400390625,24466.30078125,24470.5,0
2025-08-08 04:59:00+00:00,24467.150390625,24470.0,24464.5,24466.400390625,0
2025-08-08 05:00:00+00:00,24460.94921875,24468.599609375,24460.94921875,24467.599609375,0
2025-08-08 05:01:00+00:00,24449.19921875,24462.150390625,24449.19921875,24461.69921875,0
2025-08-08 05:02:00+00:00,24438.55078125,24451.0,24435.849609375,24449.69921875,0
2025-08-08 05:03:00+00:00,24450.400390625,24451.44921875,24439.75,24439.75,0
2025-08-08 05:04:00+00:00,24444.05078125,24451.0,24442.30078125,24451.0,0
2025-08-08 05:05:00+00:00,24439.150390625,24444.69921875,24438.5,24444.30078125,0
2025-08-08 05:06:00+00:00,24439.19921875,24442.05078125,24438.5,24441.25,0
2025-08-08 05:07:00+00:00,24440.099609375,24443.05078125,24439.05078125,24439.900390625,0
2025-08-08 05:08:00+00:00,24437.44921875,24440.599609375,24437.05078125,24440.5,0
2025-08-08 05:09:00+00:00,24435.0,24438.349609375,24434.69921875,24437.5,0
2025-08-08 05:10:00+00:00,24437.5,24438.650390625,24433.099609375,24435.25,0
2025-08-08 05:11:00+00:00,24446.55078125,24447.05078125,24436.349609375,24437.30078125,0
2025-08-08 05:12:00+00:00,24446.55078125,24450.94921875,24446.25,24447.349609375,0
2025-08-08 05:13:00+00:00,24438.650390625,24448.150390625,24438.19921875,24443.94921875,0
2025-08-08 05:14:00+00:00,24437.400390625,24440.94921875,24437.19921875,24439.0,0
2025-08-08 05:15:00+00:00,24435.25,24439.650390625,24435.19921875,24437.599609375,0
2025-08-08 05:16:00+00:00,24435.0,24440.69921875,24434.19921875,24435.599609375,0
2025-08-08 05:17:00+00:00,24430.25,24436.55078125,24427.80078125,24435.5,0
2025-08-08 05:18:00+00:00,24427.30078125,24430.30078125,24423.75,24430.05078125,0
2025-08-08 05:19:00+00:00,24426.25,24429.69921875,24425.849609375,24427.55078125,0
2025-08-08 05:20:00+00:00,24426.650390625,24429.19921875,24425.44921875,24426.75,0
2025-08-08 05:21:00+00:00,24421.900390625,24428.19921875,24421.849609375,24425.80078125,0
2025-08-08 05:22:00+00:00,24427.19921875,24427.849609375,24419.400390625,24421.349609375,0
2025-08-08 05:23:00+00:00,24435.5,24435.849609375,24425.94921875,24426.75,0
2025-08-08 05:24:00+00:00,24437.80078125,24439.5,24433.0,24435.349609375,0
2025-08-08 05:25:00+00:00,24438.0,24439.55078125,24436.099609375,24437.150390625,0
2025-08-08 05:26:00+00:00,24432.80078125,24439.69921875,24432.55078125,24438.05078125,0
2025-08-08 05:27:00+00:00,24424.80078125,24432.900390625,24424.80078125,24432.650390625,0
2025-08-08 05:28:00+00:00,24426.75,24429.900390625,24425.05078125,24425.05078125,0
2025-08-08 05:29:00+00:00,24421.849609375,24426.900390625,24409.0,24426.5,0
2025-08-08 05:30:00+00:00,24424.44921875,24426.25,24418.849609375,24422.69921875,0
2025-08-08 05:31:00+00:00,24422.0,24424.650390625,24420.900390625,24424.400390625,0
2025-08-08 05:32:00+00:00,24423.44921875,24429.25,24418.80078125,24422.0,0
2025-08-08 05:33:00+00:00,24427.150390625,24428.30078125,24420.099609375,24423.150390625,0
2025-08-08 05:34:00+00:00,24427.150390625,24434.19921875,24426.900390625,24427.75,0
2025-08-08 05:35:00+00:00,24423.75,24427.849609375,24422.400390625,24427.19921875,0
2025-08-08 05:36:00+00:00,24423.400390625,24425.5,24422.69921875,24423.55078125,0
2025-08-08 05:37:00+00:00,24427.5,24429.849609375,24423.5,24424.150390625,0
2025-08-08 05:38:00+00:00,24430.099609375,24433.849609375,24429.05078125,24429.400390625,0
2025-08-08 05:39:00+00:00,24431.849609375,24435.349609375,24429.400390625,24430.55078125,0
2025-08-08 05:40:00+00:00,24428.150390625,24432.30078125,24428.150390625,24431.900390625,0
2025-08-08 05:41:00+00:00,24435.25,24436.94921875,24428.400390625,24428.400390625,0
2025-08-08 05:42:00+00:00,24435.25,24437.44921875,24433.400390625,24435.650390625,0
2025-08-08 05:43:00+00:00,24445.19921875,24446.19921875,24435.5,24436.55078125,0
2025-08-08 05:44:00+00:00,24440.80078125,24445.69921875,24439.5,24445.19921875,0
2025-08-08 05:45:00+00:00,24442.650390625,24444.849609375,24438.349609375,24441.05078125,0
2025-08-08 05:46:00+00:00,24441.650390625,24446.19921875,24440.55078125,24442.19921875,0
2025-08-08 05:47:00+00:00,24444.5,24446.05078125,24442.05078125,24442.400390625,0
2025-08-08 05:48:00+00:00,24452.099609375,24452.75,24442.69921875,24443.80078125,0
2025-08-08 05:49:00+00:00,24450.150390625,24452.55078125,24449.55078125,24452.099609375,0
2025-08-08 05:50:00+00:00,24449.30078125,24452.75,24447.599609375,24450.25,0
2025-08-08 05:51:00+00:00,24449.94921875,24451.05078125,24448.05078125,24449.349609375,0
2025-08-08 05:52:00+00:00,24443.69921875,24449.44921875,24443.69921875,24448.900390625,0
2025-08-08 05:53:00+00:00,24433.0,24444.80078125,24431.19921875,24444.80078125,0
2025-08-08 05:54:00+00:00,24433.55078125,24435.94921875,24430.30078125,24432.849609375,0
2025-08-08 05:55:00+00:00,24431.55078125,24434.25,24431.05078125,24433.44921875,0
2025-08-08 05:56:00+00:00,24438.75,24438.75,24430.75,24431.5,0
2025-08-08 05:57:00+00:00,24434.25,24439.849609375,24434.25,24438.55078125,0
2025-08-08 05:58:00+00:00,24433.25,24435.19921875,24432.25,24434.0,0
2025-08-08 05:59:00+00:00,24432.599609375,24434.94921875,24432.55078125,24433.55078125,0
2025-08-08 06:00:00+00:00,24429.19921875,24434.80078125,24427.44921875,24432.80078125,0
2025-08-08 06:01:00+00:00,24434.25,24437.05078125,24429.349609375,24429.349609375,0
2025-08-08 06:02:00+00:00,24433.650390625,24435.0,24430.80078125,24434.099609375,0
2025-08-08 06:03:00+00:00,24439.25,24442.44921875,24429.5,24433.19921875,0
2025-08-08 06:04:00+00:00,24440.900390625,24442.0,24437.400390625,24440.650390625,0
2025-08-08 06:05:00+00:00,24442.30078125,24445.94921875,24439.599609375,24440.599609375,0
2025-08-08 06:06:00+00:00,24443.25,24443.25,24439.150390625,24442.150390625,0
2025-08-08 06:07:00+00:00,24439.900390625,24444.44921875,24439.69921875,24442.94921875,0
2025-08-08 06:08:00+00:00,24429.44921875,24439.900390625,24428.150390625,24439.0,0
2025-08-08 06:09:00+00:00,24427.900390625,24429.55078125,24427.099609375,24429.099609375,0
2025-08-08 06:10:00+00:00,24423.349609375,24428.94921875,24423.150390625,24428.19921875,0
2025-08-08 06:11:00+00:00,24426.19921875,24427.80078125,24422.30078125,24423.650390625,0
2025-08-08 06:12:00+00:00,24424.25,24427.44921875,24422.80078125,24426.5,0
2025-08-08 06:13:00+00:00,24430.849609375,24434.099609375,24423.599609375,24424.25,0
2025-08-08 06:14:00+00:00,24432.05078125,24432.650390625,24427.55078125,24431.400390625,0
2025-08-08 06:15:00+00:00,24433.900390625,24435.69921875,24427.94921875,24431.80078125,0
2025-08-08 06:16:00+00:00,24439.900390625,24441.69921875,24433.849609375,24434.599609375,0
2025-08-08 06:17:00+00:00,24434.0,24440.25,24433.150390625,24439.75,0
2025-08-08 06:18:00+00:00,24433.30078125,24436.55078125,24432.349609375,24434.150390625,0
2025-08-08 06:19:00+00:00,24433.400390625,24435.0,24429.19921875,24433.349609375,0
2025-08-08 06:20:00+00:00,24438.25,24440.0,24430.849609375,24434.05078125,0
2025-08-08 06:21:00+00:00,24440.0,24443.69921875,24437.30078125,24437.94921875,0
2025-08-08 06:22:00+00:00,24444.0,24444.650390625,24440.099609375,24440.5,0
2025-08-08 06:23:00+00:00,24442.150390625,24445.55078125,24441.94921875,24443.75,0
2025-08-08 06:24:00+00:00,24442.25,24446.44921875,24440.650390625,24442.849609375,0
2025-08-08 06:25:00+00:00,24444.30078125,24445.400390625,24441.150390625,24442.55078125,0
2025-08-08 06:26:00+00:00,24442.80078125,24445.400390625,24441.349609375,24444.349609375,0
2025-08-08 06:27:00+00:00,24436.80078125,24444.19921875,24436.80078125,24443.30078125,0
2025-08-08 06:28:00+00:00,24427.900390625,24438.30078125,24416.30078125,24437.0,0
2025-08-08 06:29:00+00:00,24433.75,24435.400390625,24427.69921875,24428.25,0
2025-08-08 06:30:00+00:00,24427.69921875,24435.849609375,24427.19921875,24433.849609375,0
2025-08-08 06:31:00+00:00,24424.349609375,24428.400390625,24423.94921875,24428.0,0
2025-08-08 06:32:00+00:00,24408.75,24425.099609375,24408.75,24424.55078125,0
2025-08-08 06:33:00+00:00,24408.05078125,24410.099609375,24405.80078125,24408.5,0
2025-08-08 06:34:00+00:00,24404.05078125,24408.69921875,24403.44921875,24408.099609375,0
2025-08-08 06:35:00+00:00,24405.650390625,24406.150390625,24403.05078125,24404.400390625,0
2025-08-08 06:36:00+00:00,24413.44921875,24415.80078125,24405.55078125,24405.55078125,0
2025-08-08 06:37:00+00:00,24414.900390625,24417.5,24412.94921875,24413.25,0
2025-08-08 06:38:00+00:00,24417.19921875,24417.349609375,24413.5,24415.150390625,0
2025-08-08 06:39:00+00:00,24414.5,24417.69921875,24414.5,24417.30078125,0
2025-08-08 06:40:00+00:00,24414.44921875,24415.44921875,24407.099609375,24415.44921875,0
2025-08-08 06:41:00+00:00,24417.650390625,24418.69921875,24413.599609375,24413.599609375,0
2025-08-08 06:42:00+00:00,24421.05078125,24422.80078125,24416.69921875,24418.19921875,0
2025-08-08 06:43:00+00:00,24419.849609375,24421.55078125,24416.94921875,24421.55078125,0
2025-08-08 06:44:00+00:00,24423.099609375,24423.55078125,24418.75,24419.30078125,0
2025-08-08 06:45:00+00:00,24420.349609375,24424.0,24419.30078125,24423.05078125,0
2025-08-08 06:46:00+00:00,24417.0,24420.599609375,24415.19921875,24420.599609375,0
2025-08-08 06:47:00+00:00,24416.650390625,24418.30078125,24411.80078125,24416.19921875,0
2025-08-08 06:48:00+00:00,24415.55078125,24417.44921875,24414.05078125,24416.44921875,0
2025-08-08 06:49:00+00:00,24418.55078125,24421.05078125,24415.400390625,24415.400390625,0
2025-08-08 06:50:00+00:00,24415.5,24419.650390625,24415.19921875,24419.400390625,0
2025-08-08 06:51:00+00:00,24412.5,24416.400390625,24411.599609375,24415.75,0
2025-08-08 06:52:00+00:00,24414.69921875,24417.19921875,24412.25,24412.650390625,0
2025-08-08 06:53:00+00:00,24417.75,24418.900390625,24413.900390625,24414.44921875,0
2025-08-08 06:54:00+00:00,24422.44921875,24424.0,24417.400390625,24418.19921875,0
2025-08-08 06:55:00+00:00,24419.19921875,24422.94921875,24415.900390625,24422.349609375,0
2025-08-08 06:56:00+00:00,24424.0,24424.94921875,24418.05078125,24418.900390625,0
2025-08-08 06:57:00+00:00,24433.599609375,24433.599609375,24423.19921875,24424.19921875,0
2025-08-08 06:58:00+00:00,24427.5,24434.25,24426.30078125,24434.099609375,0
2025-08-08 06:59:00+00:00,24434.55078125,24436.099609375,24427.150390625,24427.69921875,0
2025-08-08 07:00:00+00:00,24437.099609375,24438.849609375,24434.19921875,24436.30078125,0
2025-08-08 07:01:00+00:00,24440.19921875,24441.900390625,24436.5,24438.75,0
2025-08-08 07:02:00+00:00,24437.05078125,24441.25,24435.400390625,24441.25,0
2025-08-08 07:03:00+00:00,24430.849609375,24437.75,24430.30078125,24437.75,0
2025-08-08 07:04:00+00:00,24434.400390625,24435.5,24430.94921875,24432.25,0
2025-08-08 07:05:00+00:00,24435.69921875,24439.30078125,24433.75,24435.80078125,0
2025-08-08 07:06:00+00:00,24430.69921875,24438.19921875,24430.69921875,24436.19921875,0
2025-08-08 07:07:00+00:00,24430.94921875,24437.400390625,24430.5,24432.30078125,0
2025-08-08 07:08:00+00:00,24426.900390625,24434.19921875,24425.349609375,24431.80078125,0
2025-08-08 07:09:00+00:00,24428.30078125,24430.05078125,24424.349609375,24427.150390625,0
2025-08-08 07:10:00+00:00,24430.94921875,24432.849609375,24426.349609375,24429.30078125,0
2025-08-08 07:11:00+00:00,24434.900390625,24435.30078125,24431.099609375,24431.650390625,0
2025-08-08 07:12:00+00:00,24431.900390625,24435.94921875,24431.80078125,24435.900390625,0
2025-08-08 07:13:00+00:00,24436.849609375,24440.5,24432.75,24434.19921875,0
2025-08-08 07:14:00+00:00,24435.349609375,24440.349609375,24434.900390625,24438.5,0
2025-08-08 07:15:00+00:00,24437.05078125,24437.44921875,24434.05078125,24436.75,0
2025-08-08 07:16:00+00:00,24439.80078125,24441.05078125,24434.650390625,24436.80078125,0
2025-08-08 07:17:00+00:00,24440.30078125,24444.44921875,24438.900390625,24441.75,0
2025-08-08 07:18:00+00:00,24445.80078125,24448.349609375,24439.94921875,24441.099609375,0
2025-08-08 07:19:00+00:00,24446.94921875,24448.349609375,24443.849609375,24447.0,0
2025-08-08 07:20:00+00:00,24462.349609375,24463.30078125,24448.30078125,24448.30078125,0
2025-08-08 07:21:00+00:00,24456.849609375,24464.69921875,24455.30078125,24463.400390625,0
2025-08-08 07:22:00+00:00,24454.55078125,24457.19921875,24452.150390625,24457.19921875,0
2025-08-08 07:23:00+00:00,24459.05078125,24461.099609375,24455.05078125,24455.94921875,0
2025-08-08 07:24:00+00:00,24469.05078125,24469.05078125,24458.599609375,24459.849609375,0
2025-08-08 07:25:00+00:00,24478.400390625,24481.349609375,24468.900390625,24469.80078125,0
2025-08-08 07:26:00+00:00,24474.0,24479.75,24473.849609375,24478.400390625,0
2025-08-08 07:27:00+00:00,24470.599609375,24476.349609375,24469.349609375,24475.44921875,0
2025-08-08 07:28:00+00:00,24465.150390625,24471.05078125,24461.25,24470.75,0
2025-08-08 07:29:00+00:00,24458.69921875,24465.599609375,24456.650390625,24465.599609375,0
2025-08-08 07:30:00+00:00,24455.94921875,24464.400390625,24455.94921875,24459.849609375,0
2025-08-08 07:31:00+00:00,24447.44921875,24456.099609375,24446.69921875,24456.099609375,0
2025-08-08 07:32:00+00:00,24443.0,24448.150390625,24439.099609375,24448.150390625,0
2025-08-08 07:33:00+00:00,24442.75,24445.30078125,24441.150390625,24443.349609375,0
2025-08-08 07:34:00+00:00,24446.55078125,24450.80078125,24440.75,24443.75,0
2025-08-08 07:35:00+00:00,24449.44921875,24450.400390625,24444.25,24446.69921875,0
2025-08-08 07:36:00+00:00,24451.900390625,24454.849609375,24447.849609375,24450.19921875,0
2025-08-08 07:37:00+00:00,24439.400390625,24452.599609375,24436.099609375,24452.599609375,0
2025-08-08 07:38:00+00:00,24436.55078125,24439.5,24419.55078125,24439.30078125,0
2025-08-08 07:39:00+00:00,24436.650390625,24439.05078125,24434.19921875,24437.0,0
2025-08-08 07:40:00+00:00,24429.44921875,24437.0,24427.099609375,24437.0,0
2025-08-08 07:41:00+00:00,24432.25,24435.30078125,24429.80078125,24429.849609375,0
2025-08-08 07:42:00+00:00,24435.900390625,24438.0,24428.44921875,24431.19921875,0
2025-08-08 07:43:00+00:00,24433.150390625,24437.349609375,24430.80078125,24437.349609375,0
2025-08-08 07:44:00+00:00,24435.94921875,24436.599609375,24431.849609375,24434.150390625,0
2025-08-08 07:45:00+00:00,24442.30078125,24442.349609375,24434.150390625,24435.94921875,0
2025-08-08 07:46:00+00:00,24450.25,24450.5,24441.75,24442.599609375,0
2025-08-08 07:47:00+00:00,24445.44921875,24453.099609375,24442.25,24451.94921875,0
2025-08-08 07:48:00+00:00,24438.80078125,24445.25,24437.900390625,24444.44921875,0
2025-08-08 07:49:00+00:00,24438.849609375,24443.599609375,24437.80078125,24439.69921875,0
2025-08-08 07:50:00+00:00,24442.05078125,24445.349609375,24436.19921875,24439.150390625,0
2025-08-08 07:51:00+00:00,24444.349609375,24445.0,24440.75,24443.80078125,0
2025-08-08 07:52:00+00:00,24438.55078125,24444.44921875,24438.05078125,24444.44921875,0
2025-08-08 07:53:00+00:00,24437.44921875,24440.80078125,24436.150390625,24439.400390625,0
2025-08-08 07:54:00+00:00,24439.400390625,24440.69921875,24437.25,24438.94921875,0
2025-08-08 07:55:00+00:00,24432.94921875,24440.349609375,24432.94921875,24440.19921875,0
2025-08-08 07:56:00+00:00,24430.400390625,24433.599609375,24429.30078125,24433.0,0
2025-08-08 07:57:00+00:00,24429.05078125,24431.80078125,24426.650390625,24431.80078125,0
2025-08-08 07:58:00+00:00,24422.0,24430.05078125,24417.849609375,24430.05078125,0
2025-08-08 07:59:00+00:00,24425.05078125,24426.69921875,24421.650390625,24423.150390625,0
2025-08-08 08:00:00+00:00,24428.55078125,24428.55078125,24418.0,24425.599609375,0
2025-08-08 08:01:00+00:00,24439.69921875,24441.650390625,24427.05078125,24427.849609375,0
2025-08-08 08:02:00+00:00,24449.5,24452.599609375,24438.69921875,24440.19921875,0
2025-08-08 08:03:00+00:00,24442.5,24450.19921875,24442.0,24450.19921875,0
2025-08-08 08:04:00+00:00,24450.55078125,24450.55078125,24440.80078125,24443.099609375,0
2025-08-08 08:05:00+00:00,24447.69921875,24454.599609375,24447.69921875,24451.150390625,0
2025-08-08 08:06:00+00:00,24452.19921875,24455.349609375,24447.0,24449.400390625,0
2025-08-08 08:07:00+00:00,24446.25,24452.650390625,24446.099609375,24452.650390625,0
2025-08-08 08:08:00+00:00,24455.19921875,24455.19921875,24443.650390625,24447.30078125,0
2025-08-08 08:09:00+00:00,24457.349609375,24461.150390625,24454.5,24454.5,0
2025-08-08 08:10:00+00:00,24454.650390625,24459.0,24452.30078125,24457.349609375,0
2025-08-08 08:11:00+00:00,24456.5,24456.5,24447.349609375,24455.849609375,0
2025-08-08 08:12:00+00:00,24460.900390625,24462.099609375,24455.349609375,24457.44921875,0
2025-08-08 08:13:00+00:00,24457.05078125,24463.5,24456.80078125,24462.400390625,0
2025-08-08 08:14:00+00:00,24456.94921875,24459.099609375,24455.80078125,24455.80078125,0
2025-08-08 08:15:00+00:00,24451.150390625,24457.75,24449.69921875,24457.75,0
2025-08-08 08:16:00+00:00,24444.94921875,24452.05078125,24440.5,24451.75,0
2025-08-08 08:17:00+00:00,24437.44921875,24447.94921875,24435.099609375,24445.650390625,0
2025-08-08 08:18:00+00:00,24432.05078125,24438.099609375,24418.30078125,24437.94921875,0
2025-08-08 08:19:00+00:00,24430.599609375,24433.44921875,24428.5,24432.349609375,0
2025-08-08 08:20:00+00:00,24430.5,24430.94921875,24426.599609375,24430.94921875,0
2025-08-08 08:21:00+00:00,24434.599609375,24434.599609375,24426.30078125,24431.05078125,0
2025-08-08 08:22:00+00:00,24430.80078125,24438.349609375,24427.44921875,24435.80078125,0
2025-08-08 08:23:00+00:00,24430.05078125,24431.900390625,24427.25,24431.900390625,0
2025-08-08 08:24:00+00:00,24427.849609375,24431.25,24427.349609375,24431.25,0
2025-08-08 08:25:00+00:00,24426.349609375,24429.19921875,24424.55078125,24428.25,0
2025-08-08 08:26:00+00:00,24427.349609375,24429.25,24423.94921875,24426.400390625,0
2025-08-08 08:27:00+00:00,24425.150390625,24428.599609375,24423.349609375,24428.599609375,0
2025-08-08 08:28:00+00:00,24422.599609375,24427.150390625,24421.900390625,24427.150390625,0
2025-08-08 08:29:00+00:00,24423.650390625,24424.099609375,24418.650390625,24423.400390625,0
2025-08-08 08:30:00+00:00,24438.599609375,24442.150390625,24423.94921875,24424.75,0
2025-08-08 08:31:00+00:00,24444.900390625,24445.349609375,24437.80078125,24439.599609375,0
2025-08-08 08:32:00+00:00,24437.650390625,24449.44921875,24437.650390625,24445.55078125,0
2025-08-08 08:33:00+00:00,24430.150390625,24440.150390625,24430.150390625,24438.849609375,0
2025-08-08 08:34:00+00:00,24433.30078125,24435.30078125,24430.69921875,24431.900390625,0
2025-08-08 08:35:00+00:00,24432.900390625,24436.69921875,24432.30078125,24433.69921875,0
2025-08-08 08:36:00+00:00,24431.599609375,24435.599609375,24430.400390625,24434.0,0
2025-08-08 08:37:00+00:00,24425.5,24432.849609375,24425.400390625,24432.849609375,0
2025-08-08 08:38:00+00:00,24426.650390625,24427.599609375,24422.5,24427.349609375,0
2025-08-08 08:39:00+00:00,24428.5,24430.849609375,24426.44921875,24428.25,0
2025-08-08 08:40:00+00:00,24426.80078125,24428.80078125,24425.150390625,24428.80078125,0
2025-08-08 08:41:00+00:00,24420.55078125,24428.650390625,24419.0,24427.30078125,0
2025-08-08 08:42:00+00:00,24392.69921875,24421.400390625,24392.150390625,24421.400390625,0
2025-08-08 08:43:00+00:00,24409.30078125,24410.900390625,24388.25,24392.94921875,0
2025-08-08 08:44:00+00:00,24413.25,24413.55078125,24405.55078125,24410.099609375,0
2025-08-08 08:45:00+00:00,24410.099609375,24413.650390625,24408.94921875,24413.05078125,0
2025-08-08 08:46:00+00:00,24424.55078125,24426.349609375,24406.599609375,24410.19921875,0
2025-08-08 08:47:00+00:00,24427.349609375,24430.69921875,24423.05078125,24425.099609375,0
2025-08-08 08:48:00+00:00,24433.650390625,24433.80078125,24426.0,24427.099609375,0
2025-08-08 08:49:00+00:00,24432.099609375,24434.849609375,24430.55078125,24433.94921875,0
2025-08-08 08:50:00+00:00,24429.5,24432.5,24425.349609375,24432.5,0
2025-08-08 08:51:00+00:00,24426.75,24432.849609375,24424.55078125,24429.55078125,0
2025-08-08 08:52:00+00:00,24430.05078125,24430.80078125,24425.0,24427.05078125,0
2025-08-08 08:53:00+00:00,24426.650390625,24432.849609375,24426.0,24430.900390625,0
2025-08-08 08:54:00+00:00,24424.75,24428.75,24424.25,24427.25,0
2025-08-08 08:55:00+00:00,24412.19921875,24425.150390625,24410.150390625,24425.150390625,0
2025-08-08 08:56:00+00:00,24410.05078125,24414.30078125,24409.099609375,24412.69921875,0
2025-08-08 08:57:00+00:00,24402.75,24412.05078125,24402.55078125,24412.05078125,0
2025-08-08 08:58:00+00:00,24399.75,24405.25,24399.5,24403.55078125,0
2025-08-08 08:59:00+00:00,24400.69921875,24401.94921875,24395.0,24400.25,0
2025-08-08 09:00:00+00:00,24405.80078125,24407.25,24397.349609375,24401.5,0
2025-08-08 09:01:00+00:00,24401.150390625,24407.19921875,24398.94921875,24407.19921875,0
2025-08-08 09:02:00+00:00,24388.150390625,24405.650390625,24384.400390625,24401.55078125,0
2025-08-08 09:03:00+00:00,24407.19921875,24408.099609375,24383.25,24389.30078125,0
2025-08-08 09:04:00+00:00,24403.400390625,24408.900390625,24401.0,24408.55078125,0
2025-08-08 09:05:00+00:00,24414.349609375,24415.05078125,24403.0,24404.55078125,0
2025-08-08 09:06:00+00:00,24411.05078125,24413.75,24408.5,24413.75,0
2025-08-08 09:07:00+00:00,24403.75,24412.099609375,24403.400390625,24408.599609375,0
2025-08-08 09:08:00+00:00,24409.400390625,24409.69921875,24402.650390625,24405.650390625,0
2025-08-08 09:09:00+00:00,24408.94921875,24411.25,24404.849609375,24409.900390625,0
2025-08-08 09:10:00+00:00,24413.0,24415.400390625,24407.650390625,24411.05078125,0
2025-08-08 09:11:00+00:00,24416.5,24418.05078125,24411.05078125,24413.599609375,0
2025-08-08 09:12:00+00:00,24423.099609375,24424.900390625,24418.19921875,24419.150390625,0
2025-08-08 09:13:00+00:00,24420.75,24424.099609375,24419.05078125,24424.099609375,0
2025-08-08 09:14:00+00:00,24417.30078125,24422.30078125,24415.099609375,24422.30078125,0
2025-08-08 09:15:00+00:00,24419.349609375,24421.94921875,24416.5,24418.400390625,0
2025-08-08 09:16:00+00:00,24410.55078125,24420.599609375,24410.55078125,24419.55078125,0
2025-08-08 09:17:00+00:00,24408.55078125,24411.349609375,24406.55078125,24411.349609375,0
2025-08-08 09:18:00+00:00,24409.55078125,24411.19921875,24405.55078125,24410.5,0
2025-08-08 09:19:00+00:00,24414.099609375,24418.80078125,24410.099609375,24410.599609375,0
2025-08-08 09:20:00+00:00,24410.05078125,24415.25,24410.05078125,24415.25,0
2025-08-08 09:21:00+00:00,24410.150390625,24414.400390625,24407.75,24412.25,0
2025-08-08 09:22:00+00:00,24412.80078125,24412.849609375,24407.55078125,24411.55078125,0
2025-08-08 09:23:00+00:00,24408.44921875,24413.19921875,24405.849609375,24413.0,0
2025-08-08 09:24:00+00:00,24408.44921875,24410.349609375,24406.650390625,24409.400390625,0
2025-08-08 09:25:00+00:00,24406.5,24409.599609375,24405.599609375,24408.650390625,0
2025-08-08 09:26:00+00:00,24406.94921875,24409.099609375,24400.5,24406.650390625,0
2025-08-08 09:27:00+00:00,24404.5,24407.900390625,24402.349609375,24407.650390625,0
2025-08-08 09:28:00+00:00,24403.05078125,24405.69921875,24401.75,24404.650390625,0
2025-08-08 09:29:00+00:00,24406.44921875,24407.30078125,24403.349609375,24403.94921875,0
2025-08-08 09:30:00+00:00,24398.400390625,24407.349609375,24395.599609375,24407.150390625,0
2025-08-08 09:31:00+00:00,24392.80078125,24400.5,24392.25,24399.69921875,0
2025-08-08 09:32:00+00:00,24390.69921875,24395.599609375,24390.19921875,24394.150390625,0
2025-08-08 09:33:00+00:00,24387.599609375,24391.25,24383.25,24390.849609375,0
2025-08-08 09:34:00+00:00,24395.94921875,24396.599609375,24387.30078125,24387.900390625,0
2025-08-08 09:35:00+00:00,24392.599609375,24396.94921875,24392.44921875,24396.5,0
2025-08-08 09:36:00+00:00,24394.75,24399.349609375,24393.0,24393.349609375,0
2025-08-08 09:37:00+00:00,24393.849609375,24397.19921875,24392.400390625,24395.5,0
2025-08-08 09:38:00+00:00,24386.94921875,24394.30078125,24386.44921875,24394.30078125,0
2025-08-08 09:39:00+00:00,24376.80078125,24389.69921875,24376.19921875,24387.55078125,0
2025-08-08 09:40:00+00:00,24376.400390625,24386.150390625,24375.94921875,24378.849609375,0
2025-08-08 09:41:00+00:00,24372.94921875,24376.80078125,24371.55078125,24376.80078125,0
2025-08-08 09:42:00+00:00,24346.44921875,24373.0,24345.44921875,24372.900390625,0
2025-08-08 09:43:00+00:00,24340.05078125,24348.650390625,24337.94921875,24347.400390625,0
2025-08-08 09:44:00+00:00,24344.44921875,24350.94921875,24340.900390625,24340.900390625,0
2025-08-08 09:45:00+00:00,24362.25,24365.349609375,24342.05078125,24349.19921875,0
2025-08-08 09:46:00+00:00,24351.900390625,24363.75,24348.05078125,24363.0,0
2025-08-08 09:47:00+00:00,24351.44921875,24356.099609375,24347.650390625,24352.099609375,0
2025-08-08 09:48:00+00:00,24349.44921875,24354.19921875,24346.849609375,24353.80078125,0
2025-08-08 09:49:00+00:00,24344.75,24350.44921875,24342.75,24349.44921875,0
2025-08-08 09:50:00+00:00,24344.150390625,24347.25,24339.19921875,24345.19921875,0
2025-08-08 09:51:00+00:00,24347.5,24348.0,24343.05078125,24344.69921875,0
2025-08-08 09:52:00+00:00,24345.19921875,24348.44921875,24345.05078125,24347.5,0
2025-08-08 09:53:00+00:00,24346.94921875,24346.94921875,24343.25,24345.400390625,0
2025-08-08 09:54:00+00:00,24346.650390625,24347.400390625,24342.150390625,24346.69921875,0
2025-08-08 09:55:00+00:00,24351.69921875,24354.94921875,24346.150390625,24347.650390625,0
2025-08-08 09:56:00+00:00,24348.19921875,24354.44921875,24348.19921875,24352.150390625,0
2025-08-08 09:57:00+00:00,24348.900390625,24350.05078125,24345.650390625,24348.650390625,0
2025-08-08 09:58:00+00:00,24347.400390625,24351.94921875,24346.05078125,24349.05078125,0
2025-08-08 09:59:00+00:00,24349.19921875,24356.349609375,24345.849609375,24349.94921875,0
