Price,Close,High,Low,Open,Volume,rsi,macd,macd_signal,ema_20,ema_50,atr
2025-05-20 09:45:00+00:00,54932.3515625,54934.30078125,54854.3984375,54910.8515625,0.0,34.776309229928714,-114.82349903762224,-110.5496672224812,55035.88145982502,55198.241913799655,92.7157600456241
2025-05-21 03:45:00+00:00,54978.94921875,55114.3515625,54933.3515625,55069.5,0.0,40.2291958609148,-105.30351827522827,-109.50043743303063,55030.4593416274,55189.642200268296,99.09320575665095
2025-05-21 04:00:00+00:00,55110.8984375,55124.8984375,54945.44921875,54986.19921875,0.0,52.37181923425542,-86.11894019044848,-104.8241379845142,55038.12020790098,55186.5542095715,104.8329209704616
2025-05-21 04:15:00+00:00,55142.25,55190.55078125,55100.75,55108.6484375,0.0,54.725327839135545,-67.60589607626025,-97.3804896028634,55048.03733095803,55184.8167895883,103.75919670471434
2025-05-21 04:30:00+00:00,55260.30078125,55265.44921875,55132.6015625,55146.05078125,0.0,62.282931121418564,-42.91378043323493,-86.48714776893772,55068.2528976525,55187.77694612405,105.83694381509189
2025-05-21 04:45:00+00:00,55240.3984375,55331.25,55211.5,55261.0,0.0,60.45082326365346,-24.66671120654064,-74.1230604564583,55084.64771097131,55189.840534021154,106.83073354258532
2025-05-21 05:00:00+00:00,55270.6015625,55336.75,55235.5,55240.6015625,0.0,62.26491668375153,-7.68010612915532,-60.83446959099771,55102.35760159309,55193.00763317719,106.43210971811494
2025-05-21 05:15:00+00:00,55240.55078125,55307.05078125,55221.6015625,55269.80078125,0.0,59.348045871738506,3.31879685032618,-48.003816302732936,55115.51885679851,55194.87207035652,104.93333179182102
2025-05-21 05:30:00+00:00,55218.1015625,55283.3515625,55163.8515625,55241.69921875,0.0,57.19256819164497,10.107529063876427,-36.38154722941106,55125.28863829389,55195.78303083274,105.97380809240522
2025-05-21 05:45:00+00:00,55156.44921875,55233.8515625,55143.3984375,55219.25,0.0,51.64504865820988,10.393015153538727,-27.026634752821103,55128.25631262304,55194.24052839813,104.86518787151913
2025-05-21 06:00:00+00:00,55105.80078125,55167.1484375,55082.80078125,55154.94921875,0.0,47.56342026345923,6.457916475599632,-20.329724507136955,55126.11769058751,55190.772303019774,103.39964989855346
2025-05-21 06:15:00+00:00,55033.05078125,55106.19921875,54995.3515625,55104.8515625,0.0,42.38211663532588,-2.5021513373285416,-16.764209873175275,55117.25417541251,55184.58714530331,103.93165035222822
2025-05-21 06:30:00+00:00,54813.25,55045.19921875,54790.94921875,55037.6015625,0.0,31.291168683285207,-27.027598397733527,-18.816887578086927,55088.3013968018,55170.02490431102,114.66867532706907
2025-05-21 06:45:00+00:00,54837.30078125,54877.5,54690.80078125,54817.55078125,0.0,33.34655410378407,-44.01610458867799,-23.856730980205143,55064.39657627306,55156.976899485104,119.81371414299271
2025-05-21 07:00:00+00:00,54908.8515625,54992.75,54832.3515625,54836.3984375,0.0,39.17597901502075,-51.11682512758853,-29.30874980968182,55049.58276543753,55147.24649411314,122.71262295420752
2025-05-21 07:15:00+00:00,54913.1015625,54931.19921875,54816.6015625,54908.8515625,0.0,39.514366717019065,-55.75850845433888,-34.598701538613234,55036.584555633955,55138.064339932236,122.13298247533555
2025-05-21 07:30:00+00:00,55011.1484375,55026.69921875,54896.0,54913.30078125,0.0,46.85942435142914,-50.93832720373757,-37.8666266716381,55034.16206819263,55133.08724571921,122.74485649495445
2025-05-21 07:45:00+00:00,54958.19921875,55109.3515625,54958.19921875,55012.94921875,0.0,43.76832219269777,-50.80520746661932,-40.454342830634346,55026.927511102855,55126.22889172042,124.7739627274577
2025-05-21 08:00:00+00:00,54941.69921875,55043.75,54935.75,54963.55078125,0.0,42.82039250675331,-51.438173969247146,-42.65110905835691,55018.81053087877,55118.992433956875,123.5758225326393
2025-05-21 08:15:00+00:00,54977.94921875,55022.1015625,54936.19921875,54941.80078125,0.0,45.607562738523235,-48.456159987334104,-43.81211924415235,55014.91897734269,55113.46132747818,120.88485976245077
2025-05-21 08:30:00+00:00,55007.94921875,55007.94921875,54891.8984375,54978.8515625,0.0,47.87215502295771,-43.174454901927675,-43.68458637570742,55014.25519081005,55109.323597724135,120.53956844013285
2025-05-21 08:45:00+00:00,55022.75,55050.44921875,54990.3984375,55007.75,0.0,49.00030579394652,-37.36366118941805,-42.42040133844955,55015.06422025671,55105.92855467613,116.2189407836948
2025-05-21 09:00:00+00:00,55011.8515625,55071.44921875,54998.30078125,55023.55078125,0.0,48.17356299010047,-33.25463934981235,-40.58724894072211,55014.758252851316,55102.2392608653,113.1424762634309
2025-05-21 09:15:00+00:00,55047.05078125,55066.30078125,55007.19921875,55012.6484375,0.0,51.04639219430162,-26.84843510967039,-37.83948617451177,55017.83373174643,55100.075006762745,109.28241099461441
2025-05-21 09:30:00+00:00,55066.8984375,55112.44921875,55045.6015625,55045.6015625,0.0,52.640531118635025,-19.940075333382993,-34.25960400628601,55022.50656086582,55098.77396483087,106.2513570842848
2025-05-21 09:45:00+00:00,55065.6015625,55097.44921875,55036.5,55066.6015625,0.0,52.520182458281646,-14.40375983533886,-30.288435172096584,55026.61084673574,55097.47308630809,103.01549006040732
2025-05-22 03:45:00+00:00,54779.25,54934.3984375,54732.3515625,54869.19921875,0.0,34.023713366797296,-32.74490498832165,-30.779729135341597,55003.052670856145,55084.99374959013,119.46081219894964
2025-05-22 04:00:00+00:00,54829.44921875,54854.55078125,54719.8515625,54775.69921875,0.0,38.13688181743243,-42.737090663868,-33.171201441046875,54986.519008750794,55074.97239543954,120.54926980973895
2025-05-22 04:15:00+00:00,54864.30078125,54864.30078125,54767.05078125,54828.3515625,0.0,40.892028112902516,-47.298512168483285,-35.99666358653416,54974.879177560244,55066.71076351054,118.88503625190046
2025-05-22 04:30:00+00:00,54849.5,54890.75,54783.05078125,54865.75,0.0,40.075743673634875,-51.51395017444884,-39.1001209041171,54962.93830350689,55058.19269435327,118.086049287479
2025-05-22 04:45:00+00:00,54806.8515625,54889.6015625,54786.75,54849.80078125,0.0,37.73806069981928,-57.63174476403219,-42.80644567610012,54948.07289960147,55048.33617937863,116.99787165980193
2025-05-22 05:00:00+00:00,54764.19921875,54854.1015625,54755.1484375,54806.8515625,0.0,35.50733311618761,-65.17058282122889,-47.279273105125874,54930.56112047276,55037.193553471625,115.7089611841018
2025-05-22 05:15:00+00:00,54786.6484375,54808.8984375,54742.1484375,54766.19921875,0.0,37.598110126440034,-68.54357430113305,-51.532133344327306,54916.855150665826,55027.36825480607,112.21189252809452
2025-05-22 05:30:00+00:00,54747.75,54807.1484375,54747.05078125,54791.30078125,0.0,35.45338939990539,-73.50811734891613,-55.92733014524508,54900.74989822146,55016.40283304897,108.4894470796592
2025-05-22 05:45:00+00:00,54732.8984375,54776.6015625,54720.8984375,54746.44921875,0.0,34.64089840911545,-77.74475728835387,-60.290815573866844,54884.764044819414,55005.28501361568,104.71899550254068
2025-05-22 06:00:00+00:00,54645.5,54744.5,54588.80078125,54734.3515625,0.0,30.24780124761307,-87.15003707238066,-65.66265987356961,54861.97699293186,54991.17579739546,108.36044002021633
2025-05-22 06:15:00+00:00,54666.44921875,54715.19921875,54620.6484375,54641.05078125,0.0,32.458853158070795,-91.85452045506099,-70.90103198986789,54843.35530015263,54978.441421762305,107.37403582234374
2025-05-22 06:30:00+00:00,54644.80078125,54694.3515625,54628.69921875,54667.05078125,0.0,31.35283744883705,-96.22053498044988,-75.9649325879843,54824.44534597143,54965.35747507555,104.39391496003348
2025-05-22 06:45:00+00:00,54632.80078125,54652.25,54609.44921875,54646.6484375,0.0,30.727809977383757,-99.50193627549743,-80.67233332548693,54806.193482664625,54952.316036102,99.9944054093168
2025-05-22 07:00:00+00:00,54648.8984375,54671.80078125,54617.1015625,54632.3515625,0.0,32.666982372579554,-99.6547660077922,-84.46881986194799,54791.21300217276,54940.41730674506,96.75903493365131
2025-05-22 07:15:00+00:00,54633.0,54652.8984375,54577.69921875,54647.69921875,0.0,31.72248409848794,-99.90708897745935,-87.55647368505026,54776.145097203924,54928.36172608839,95.21904806339049
2025-05-22 07:30:00+00:00,54647.3515625,54655.75,54593.44921875,54631.80078125,0.0,33.58912500486319,-97.82138160066097,-89.60945526817241,54763.87904627974,54917.34171967317,92.86774329100545
2025-05-22 07:45:00+00:00,54665.0,54692.1015625,54647.1015625,54651.80078125,0.0,35.909553149481724,-93.66465423593763,-90.42049506172546,54754.4619942531,54907.4459659605,89.44861877021935
2025-05-22 08:00:00+00:00,54647.69921875,54682.1484375,54616.25,54665.3515625,0.0,34.63208041278011,-90.72067484207946,-90.48053101779627,54744.29411087185,54897.259819011066,87.76646296520369
2025-05-22 08:15:00+00:00,54644.94921875,54680.6484375,54624.1484375,54647.75,0.0,34.42245921619016,-87.59965765495872,-89.90435634522876,54734.832692574535,54887.365285667496,85.53314418197485
2025-05-22 08:30:00+00:00,54653.75,54688.55078125,54636.44921875,54646.30078125,0.0,35.76250134498886,-83.4540729481887,-88.61429966582075,54727.11053137696,54878.20390191583,83.14517406183379
2025-05-22 08:45:00+00:00,54640.3515625,54667.8515625,54587.1484375,54653.5,0.0,34.60319777675588,-80.32388538078521,-86.95621680881365,54718.8477724363,54868.876359193644,82.97074198598851
2025-05-22 09:00:00+00:00,54775.19921875,54805.25,54597.0,54641.8515625,0.0,51.60641237215638,-66.19900931937445,-82.8047753109258,54724.21457684713,54865.202745842915,91.91926041556076
2025-05-22 09:15:00+00:00,54951.6015625,54985.8515625,54700.05078125,54775.5,0.0,64.58018852765031,-40.3061244784476,-74.30504514443017,54745.870480242644,54868.59093473143,105.76794047516356
2025-05-22 09:30:00+00:00,54937.6484375,54995.94921875,54914.25,54941.69921875,0.0,63.13832727789365,-20.673416987934615,-63.57871951313106,54764.13504760049,54871.29907209491,104.0487460662233
2025-05-22 09:45:00+00:00,54963.25,54989.6015625,54889.80078125,54938.75,0.0,64.6958335147252,-3.01378172342811,-51.46573195519048,54783.09837640044,54874.904990836294,103.74532000792165
2025-05-23 03:45:00+00:00,54968.19921875,55075.25,54855.19921875,54959.30078125,0.0,65.00367845144243,11.251269415130082,-38.922331681126366,54800.727028052774,54878.563588009376,112.0528529537844
2025-05-23 04:00:00+00:00,55151.75,55157.3515625,54936.0,54969.1484375,0.0,74.0434474736099,36.9415995018644,-23.749545444528213,54834.15778728584,54889.27678063646,119.85990363565693
2025-05-23 04:15:00+00:00,55142.1015625,55200.6015625,55104.19921875,55150.44921875,0.0,72.9763538366058,55.87868817948765,-7.8238987197250385,54863.48576587766,54899.191477964436,118.1843636438243
2025-05-23 04:30:00+00:00,55171.1484375,55197.1015625,55130.8515625,55139.69921875,0.0,74.18265192643445,72.39577403027943,8.220035830275854,54892.78697269883,54909.856456769754,114.47476624069398
2025-05-23 04:45:00+00:00,55057.6015625,55179.1484375,55031.69921875,55170.05078125,0.0,62.44755713187544,75.45361737172061,21.666752138564807,54908.48360029894,54915.650382484666,116.83008427707298
2025-05-23 05:00:00+00:00,55128.19921875,55129.44921875,55002.94921875,55056.75,0.0,66.04420508082254,82.62121516204934,33.857644743261716,54929.40889729428,54923.98563096566,117.52079254299635
2025-05-23 05:15:00+00:00,55275.44921875,55338.44921875,55113.0,55130.1484375,0.0,72.05592999599747,99.04174089337175,46.89446397328372,54962.3651183853,54937.76851676113,125.22996584349661
2025-05-23 05:30:00+00:00,55309.25,55334.05078125,55268.5,55283.1484375,0.0,73.22766025120525,113.47450296613533,60.210471771854046,54995.40177377718,54952.33641806462,120.96716694396115
2025-05-23 05:45:00+00:00,55356.69921875,55359.6484375,55267.69921875,55311.8515625,0.0,74.8236073711135,127.27418867310917,73.62321515210508,55029.81105425078,54968.19378279738,118.89445635867821
2025-05-23 06:00:00+00:00,55325.30078125,55431.80078125,55293.69921875,55362.94921875,0.0,71.77454524824496,134.13077147858712,85.72472641740148,55057.95293301261,54982.19797881513,120.26639251162977
2025-05-23 06:15:00+00:00,55246.30078125,55336.1015625,55192.6484375,55333.44921875,0.0,64.63753745360343,131.67218796176167,94.91421872627352,55075.89082332094,54992.554951459635,121.9225876893705
2025-05-23 06:30:00+00:00,55236.3984375,55282.19921875,55195.44921875,55244.25,0.0,63.78141582793313,127.45547900457314,101.42247078193344,55091.17726276656,55002.11744110828,119.41025999727262
2025-05-23 06:45:00+00:00,55349.6015625,55359.69921875,55230.6015625,55232.05078125,0.0,68.85931353440961,131.729754277374,107.48392748102157,55115.78910083642,55015.74426939816,120.10221687246744
2025-05-23 07:00:00+00:00,55346.6484375,55430.5,55339.6015625,55351.05078125,0.0,68.58915664990836,133.34177474150783,112.65549693311883,55137.77570432819,55028.72090344137,118.01623263157691
2025-05-23 07:15:00+00:00,55362.8984375,55416.94921875,55344.25,55347.3515625,0.0,69.30284353603088,134.3814856493991,117.00069467637488,55159.21596463027,55041.825904777,114.77930306860712
2025-05-23 07:30:00+00:00,55362.25,55414.55078125,55353.94921875,55363.05078125,0.0,69.23524227818216,133.6129338177052,120.32314250464096,55178.55253942739,55054.39155557006,110.90946445656375
2025-05-23 07:45:00+00:00,55394.1484375,55424.44921875,55350.3984375,55361.69921875,0.0,70.74692688280888,134.03274225363566,123.06506245443991,55199.08548210097,55067.71535486143,108.27670137038062
2025-05-23 08:00:00+00:00,55326.25,55415.8984375,55303.30078125,55396.6484375,0.0,63.58488829060918,127.41781376607832,123.9356127167676,55211.19638856754,55077.85396839627,108.58534100463915
2025-05-23 08:15:00+00:00,55392.5,55399.44921875,55302.6015625,55325.0,0.0,67.08610609156746,126.06802291382337,124.36209475617875,55228.46339918016,55090.193028459165,107.74693495073635
2025-05-23 08:30:00+00:00,55395.75,55438.94921875,55384.1015625,55392.69921875,0.0,67.25244678193476,123.83308110177313,124.25629202529763,55244.39545640109,55102.1756547941,103.96841504354089
2025-05-23 08:45:00+00:00,55394.3984375,55420.8984375,55363.3515625,55394.55078125,0.0,67.10057296108033,120.56303815955471,123.51764125214905,55258.68145460099,55113.63537176295,100.65259075471654
2025-05-23 09:00:00+00:00,55325.80078125,55404.6484375,55323.94921875,55398.5,0.0,59.728127677047524,111.15492324004299,121.04509764972785,55265.07377142471,55121.955583899704,99.22734989723679
2025-05-23 09:15:00+00:00,55340.1484375,55385.8984375,55303.1015625,55326.8984375,0.0,60.70071006716591,103.66171263939759,117.56842064766181,55272.22373962236,55130.51216639383,98.05374454743416
2025-05-23 09:30:00+00:00,55391.25,55411.1015625,55340.0,55340.0,0.0,64.0324657430277,100.68611145497562,114.19195880912459,55283.55957394404,55140.73717947643,96.12858868690316
2025-05-23 09:45:00+00:00,55389.6015625,55426.1015625,55379.6484375,55391.25,0.0,63.844432574775304,97.07588062438299,110.76874317217627,55293.658810949375,55150.496567045986,92.58034128069578
2025-05-26 03:45:00+00:00,55834.80078125,55844.8984375,55520.44921875,55534.8984375,0.0,80.49950374261803,128.65554194657307,114.34610292705564,55345.196141454195,55177.332026426535,118.48866511778894
2025-05-26 04:00:00+00:00,55817.6015625,55875.6015625,55779.75,55832.1015625,0.0,78.98573687598504,150.55926437055314,121.58873521575514,55390.18713393475,55202.44063568432,116.87172921651829
2025-05-26 04:15:00+00:00,55789.19921875,55869.6015625,55758.8984375,55816.55078125,0.0,76.42975140034426,163.73881133383838,130.0187504393718,55428.18828486954,55225.4507761967,116.43111462962413
2025-05-26 04:30:00+00:00,55741.3515625,55805.80078125,55700.3984375,55798.6484375,0.0,72.191497857972,168.38179080553527,137.6913585126045,55458.01335892959,55245.68217958115,115.64334528107955
2025-05-26 04:45:00+00:00,55547.5,55760.1015625,55428.3984375,55739.55078125,0.0,58.127743539577004,154.63662967020355,141.08041274412432,55466.535896174384,55257.51817253875,131.07618668957386
2025-05-26 05:00:00+00:00,55447.5,55548.69921875,55308.05078125,55543.0,0.0,52.45117580951028,134.1281800095312,139.6899661972057,55464.72295368158,55264.96844028233,138.9027760331757
2025-05-26 05:15:00+00:00,55472.6015625,55516.30078125,55388.8515625,55453.05078125,0.0,53.674133274387046,118.53418392199819,135.4588097421642,55465.47329737857,55273.11091566342,138.08466479866317
2025-05-26 05:30:00+00:00,55480.1015625,55486.8984375,55439.25,55477.30078125,0.0,54.05437600087402,105.56413930729468,129.4798756551903,55466.86646548538,55281.22819593152,131.62493427733008
2025-05-26 05:45:00+00:00,55464.1015625,55576.25,55425.0,55481.3515625,0.0,53.05391943650067,92.92306003016711,122.16851253018568,55466.60314139153,55288.399700502836,133.02672468609222
2025-05-26 06:00:00+00:00,55470.19921875,55472.55078125,55406.80078125,55461.6484375,0.0,53.40784167118943,82.44655100927775,114.22412022600409,55466.94562494948,55295.52909337527,128.22124435137135
2025-05-26 06:15:00+00:00,55539.3515625,55564.05078125,55462.25,55469.8515625,0.0,57.33608070306204,78.8153243432389,107.14236104945107,55473.841428525724,55305.090758831146,126.33406841555912
2025-05-26 06:30:00+00:00,55531.1015625,55558.75,55494.44921875,55539.0,0.0,56.72166014457256,74.41404619356763,100.59669807827439,55479.29477461851,55313.95392760248,121.9031193323049
2025-05-26 06:45:00+00:00,55596.0,55611.1015625,55495.8515625,55531.19921875,0.0,60.323588707598944,75.2948113618404,95.5363207349876,55490.409557988176,55325.01455789259,121.42789652285455
2025-05-26 07:00:00+00:00,55480.69921875,55599.3984375,55477.19921875,55591.1015625,0.0,52.03726891335977,65.92902589411824,89.61486176681373,55489.48476377501,55331.11983871053,121.48299096765065
2025-05-26 07:15:00+00:00,55495.6015625,55506.80078125,55422.75,55476.8984375,0.0,52.93709841863753,59.02862281091802,83.49761397563461,55490.06731603454,55337.57010238855,118.80926170210418
2025-05-26 07:30:00+00:00,55509.1015625,55560.44921875,55471.3984375,55493.3515625,0.0,53.78300404429988,54.026556317694485,77.60340244404658,55491.8801014122,55344.29682631449,116.68365595552531
2025-05-26 07:45:00+00:00,55482.05078125,55516.6484375,55456.8984375,55506.1484375,0.0,51.77486884529046,47.33397402166156,71.54951675956958,55490.94397568247,55349.698942194314,112.61696624441636
2025-05-26 08:00:00+00:00,55529.19921875,55540.30078125,55466.0,55479.55078125,0.0,54.93332998203029,45.312208273819124,66.3020550624195,55494.587332165094,55356.73816872591,109.88009588767234
2025-05-26 08:15:00+00:00,55497.80078125,55555.1484375,55496.25,55530.0,0.0,52.46882948047778,40.70710666767991,61.18306538347158,55494.89337493509,55362.270035883725,106.23854885998146
2025-05-26 08:30:00+00:00,55527.1015625,55542.5,55471.05078125,55495.6015625,0.0,54.51940139065825,38.97260668659874,56.74097364409702,55497.960821369845,55368.734017319664,103.7535967092685
2025-05-26 08:45:00+00:00,55491.19921875,55529.44921875,55447.30078125,55528.94921875,0.0,51.58289793921406,34.305531055419124,52.25388512636144,55497.31685921557,55373.536574238504,102.21037105146362
2025-05-26 09:00:00+00:00,55506.19921875,55539.8984375,55474.3515625,55489.94921875,0.0,52.72849530164001,31.454625292470155,48.094033159583184,55498.16279821885,55378.73903088602,99.5915499049305
2025-05-26 09:15:00+00:00,55550.0,55570.75,55486.30078125,55508.44921875,0.0,56.00219967701087,32.356631813891,44.94655289044475,55503.09967457896,55385.45514732187,98.50995482243547
2025-05-26 09:30:00+00:00,55577.1015625,55598.3515625,55547.1484375,55554.1484375,0.0,57.94297703399273,34.85654354077269,42.92855102051034,55510.14747342858,55392.97069301513,95.13089554940437
2025-05-26 09:45:00+00:00,55558.8984375,55612.6484375,55548.3515625,55578.25,0.0,56.15137537806707,34.965837132585875,41.33600824292545,55514.79042238776,55399.477663387086,92.9284655101612
2025-05-27 03:45:00+00:00,55136.75,55493.94921875,55130.19921875,55483.8984375,0.0,31.68408938989954,0.9773361047264189,33.26427381528565,55478.78657263655,55389.17461776406,116.91209074157825
2025-05-27 04:00:00+00:00,55224.05078125,55264.75,55055.80078125,55136.6484375,0.0,37.72721112929516,-18.698804214589472,22.871658209310624,55454.52602107592,55382.69917319488,123.48617131360837
2025-05-27 04:15:00+00:00,55085.5,55224.3984375,55076.3515625,55222.8984375,0.0,32.772438092386864,-44.95397585548926,9.306531396350648,55419.380685735356,55371.04430365783,125.24050729120778
2025-05-27 04:30:00+00:00,55112.44921875,55154.69921875,55041.3515625,55087.80078125,0.0,34.572354109240806,-62.86217577806383,-5.127210038532247,55390.14911745104,55360.903319935955,124.39101793112151
2025-05-27 04:45:00+00:00,55067.5,55117.5,55054.69921875,55109.55078125,0.0,32.98601725621464,-79.76213133531564,-20.054194297888927,55359.42063007475,55349.397307389445,119.9917153110414
2025-05-27 05:00:00+00:00,55103.8984375,55159.8984375,55067.1015625,55068.05078125,0.0,35.56434421894167,-89.19028803874971,-33.881413046061084,55335.08518316287,55339.769900727115,118.0492267173956
2025-05-27 05:15:00+00:00,55121.75,55174.6484375,55083.69921875,55098.19921875,0.0,36.84767926044033,-94.1365506919974,-45.93244057524835,55314.767546671166,55331.2201006986,116.11351186258163
2025-05-27 05:30:00+00:00,55354.3515625,55449.75,55104.8515625,55121.3515625,0.0,50.64180414060961,-78.38393609619379,-52.42273967943744,55318.53745294058,55332.12721684768,132.45529226525437
2025-05-27 05:45:00+00:00,55741.3984375,55741.3984375,55364.44921875,55365.6484375,0.0,64.52668677819847,-34.27334561691532,-48.792860866933026,55358.80992766053,55348.17706863796,150.6404053177362
2025-05-27 06:00:00+00:00,55608.44921875,55828.44921875,55550.5,55739.1484375,0.0,58.44483310875805,-9.928822428104468,-41.02005317916731,55382.58509824047,55358.38381962275,159.73389199146933
2025-05-27 06:15:00+00:00,55601.94921875,55658.19921875,55487.1484375,55603.8984375,0.0,58.15622729446636,8.739152405614732,-31.068212062210904,55403.47691924138,55367.93540390226,160.54224122422153
2025-05-27 06:30:00+00:00,55593.44921875,55659.3984375,55543.1015625,55600.69921875,0.0,57.754588458833545,22.587404455902288,-20.337088758588266,55421.569519194585,55376.7790829159,157.38185792249143
2025-05-27 06:45:00+00:00,55444.30078125,55623.1015625,55397.75,55598.80078125,0.0,51.08746777456616,21.281887208053377,-12.013293565259938,55423.7344012951,55379.42699265449,162.2368368208849
2025-05-27 07:00:00+00:00,55485.30078125,55527.80078125,55340.8515625,55440.3984375,0.0,52.70379018348677,23.2871727009624,-4.953200312015471,55429.59786605271,55383.57890593274,164.0020069586788
2025-05-27 07:15:00+00:00,55409.8984375,55531.3984375,55388.30078125,55476.6484375,0.0,49.466338580387614,18.577882657504233,-0.24698371811152997,55427.72173000007,55384.611044425576,162.50883905091604
2025-05-27 07:30:00+00:00,55411.5,55457.3984375,55367.69921875,55410.5,0.0,49.53724346195568,14.80431416011561,2.7632758575338983,55426.176803333394,55385.66551327163,157.3081518865649
2025-05-27 07:45:00+00:00,55371.44921875,55442.3515625,55318.94921875,55412.55078125,0.0,47.7335173547817,8.484170375442773,3.907454761115673,55420.96465242069,55385.10801152569,154.88630844823885
2025-05-27 08:00:00+00:00,55451.3984375,55451.75,55339.05078125,55376.3984375,0.0,51.527716729278566,9.813520525618515,5.088667914016241,55423.863108142534,55387.70763607371,151.87294489836464
2025-05-27 08:15:00+00:00,55282.80078125,55529.75,55272.55078125,55449.8515625,0.0,44.23506411012014,-2.7061864994684584,3.5296970313193015,55410.42860081944,55383.5936417669,159.39625017348143
2025-05-27 08:30:00+00:00,55266.94921875,55315.05078125,55213.55078125,55275.6484375,0.0,43.61012573393474,-13.748746145909536,0.07400839587353403,55396.7638977652,55379.0193506682,155.26080373251847
2025-05-27 08:45:00+00:00,55127.05078125,55309.25,55110.05078125,55258.8984375,0.0,38.44756846362912,-33.4036326649657,-6.621519816294313,55371.076934287565,55369.13823029886,158.3992619480529
2025-05-27 09:00:00+00:00,55241.55078125,55263.19921875,55125.69921875,55132.0,0.0,44.26319997476244,-39.28818896717712,-13.154853646470876,55358.74111018875,55364.134800924396,156.90645752319196
2025-05-27 09:15:00+00:00,55332.19921875,55332.19921875,55213.8515625,55241.75,0.0,48.4183474135608,-36.219653289808775,-17.767813575138454,55356.21331100411,55362.88242515285,154.15225743224968
2025-05-27 09:30:00+00:00,55384.55078125,55393.94921875,55307.0,55333.30078125,0.0,50.70399938648652,-29.226577294262825,-20.05956631896333,55358.91211769419,55363.73216460764,149.35204038351756
2025-05-27 09:45:00+00:00,55352.44921875,55406.1015625,55319.05078125,55386.55078125,0.0,49.26250630954824,-25.975413596388535,-21.242735774448374,55358.296603509036,55363.28969614264,144.90195044540917
2025-05-28 03:45:00+00:00,55285.69921875,55521.6015625,55236.55078125,55328.6015625,0.0,46.314061555504004,-28.45697578641557,-22.685583776841813,55351.382566865315,55360.24693232332,154.91258121716564
2025-05-28 04:00:00+00:00,55445.6015625,55445.6015625,55268.0,55285.19921875,0.0,53.49475907076455,-17.32118112576427,-21.612703246626303,55360.35580454481,55363.594172722405,156.5332227373681
2025-05-28 04:15:00+00:00,55393.3515625,55475.1015625,55329.6484375,55442.25,0.0,51.090071055388016,-12.567254469984618,-19.80361349129797,55363.49825768339,55364.76112918428,155.74178718469895
2025-05-28 04:30:00+00:00,55335.6015625,55400.8515625,55297.8984375,55393.94921875,0.0,48.495308587690815,-13.30628909044026,-18.50414861112643,55360.84142957069,55363.61761676529,151.97116845722044
2025-05-28 04:45:00+00:00,55322.1015625,55348.6484375,55288.6484375,55335.30078125,0.0,47.88308551609235,-14.810589273525693,-17.765436743606283,55357.1519184211,55361.98953620587,145.40179928170468
2025-05-28 05:00:00+00:00,55326.0,55375.3515625,55278.94921875,55324.25,0.0,48.08689690338173,-15.509403926655068,-17.314230180216043,55354.18506904766,55360.57818184486,141.9018381722972
2025-05-28 05:15:00+00:00,55396.1484375,55428.69921875,55324.69921875,55327.5,0.0,51.743811944814375,-10.284276188504009,-15.908239381873637,55358.18158032883,55361.97309383134,139.19456401713313
2025-05-28 05:30:00+00:00,55384.8984375,55463.05078125,55365.5,55396.1015625,0.0,51.12185023489183,-6.9707513088942505,-14.12074176727776,55360.726042916554,55362.87212691638,136.22000810519506
2025-05-28 05:45:00+00:00,55355.1484375,55432.55078125,55341.69921875,55383.6015625,0.0,49.42980014808488,-6.668465419628774,-12.630286497747964,55360.1948424007,55362.56923713535,132.97940484768114
2025-05-28 06:00:00+00:00,55325.1484375,55370.1015625,55305.6484375,55355.55078125,0.0,47.714744479264986,-8.748800230954657,-11.853989244389304,55356.857089553014,55361.10175479671,128.08467057284676
2025-05-28 06:15:00+00:00,55333.5,55371.6015625,55306.69921875,55324.94921875,0.0,48.25302111661119,-9.612769240040507,-11.405745243519545,55354.632604833685,55360.01933303998,123.5716472283577
2025-05-28 06:30:00+00:00,55318.5,55348.1015625,55303.80078125,55333.19921875,0.0,47.31092345075637,-11.37670200510911,-11.399936595837458,55351.191404373334,55358.39112390116,117.90944251561787
2025-05-28 06:45:00+00:00,55346.19921875,55360.80078125,55311.30078125,55319.94921875,0.0,49.280213905183075,-10.419427296765207,-11.203834736023008,55350.71595812349,55357.913009973665,113.02305376450231
2025-05-28 07:00:00+00:00,55391.05078125,55415.80078125,55346.55078125,55347.30078125,0.0,52.38363137783267,-5.972783410776174,-10.15762447097364,55354.55736984982,55359.212530415876,109.9215186741807
2025-05-28 07:15:00+00:00,55450.80078125,55483.6484375,55385.1015625,55391.0,0.0,56.2262034218239,2.3455020658293506,-7.656999163613042,55363.72340903079,55362.80422652702,109.10904412602494
2025-05-28 07:30:00+00:00,55433.55078125,55506.8515625,55421.94921875,55444.19921875,0.0,54.85001354314649,7.4598795524507295,-4.633623420400289,55370.37363495643,55365.57860122204,107.37999409916601
2025-05-28 07:45:00+00:00,55429.5,55464.6484375,55350.3984375,55433.19921875,0.0,54.512593544047405,11.058718343359942,-1.4951550676482426,55376.00471734153,55368.08532274275,107.87070880636843
2025-05-28 08:00:00+00:00,55389.80078125,55437.8515625,55345.6015625,55434.6484375,0.0,51.18906703183773,10.585406859390787,0.9209573177595634,55377.318628189954,55368.93690935088,106.75494389162782
2025-05-28 08:15:00+00:00,55384.0,55423.80078125,55346.75,55388.44921875,0.0,50.70263513493565,9.631206971840584,2.6630072485757674,55377.95494931472,55369.527618788095,104.63321798865441
2025-05-28 08:30:00+00:00,55415.05078125,55437.0,55363.19921875,55382.94921875,0.0,53.26285765027256,11.250842521811137,4.380574303222842,55381.48788568951,55371.31284084543,102.43090107875052
2025-05-28 08:45:00+00:00,55349.05078125,55436.3515625,55344.6484375,55415.6015625,0.0,47.6037115094025,7.126615758708795,4.929782594320033,55378.398637647646,55370.439818900515,101.66463135883977
2025-05-28 09:00:00+00:00,55465.44921875,55469.19921875,55335.5,55342.3984375,0.0,56.40170859808455,13.099514411456767,6.563728957747379,55386.689169181205,55374.16567771814,103.95281617249407
2025-05-28 09:15:00+00:00,55456.55078125,55478.25,55423.3515625,55466.3984375,0.0,55.63264145488268,16.920006781430857,8.634984522484075,55393.3426560449,55377.396466091945,100.44893198160163
2025-05-28 09:30:00+00:00,55407.75,55468.5,55400.3515625,55456.25,0.0,51.486332517707616,15.827509629336419,10.073489543854544,55394.714784040625,55378.586800755,98.14175380434438
2025-05-28 09:45:00+00:00,55447.55078125,55454.25,55396.1015625,55410.05078125,0.0,54.46696275645737,17.966185183911875,11.65202867186601,55399.74678377485,55381.29127057834,95.28508835403406
2025-05-29 03:45:00+00:00,55480.44921875,55725.3515625,55439.5,55589.3515625,0.0,56.828060230687576,22.061419619167282,13.733906861326265,55407.43272996296,55385.17981756546,108.8969793644602
2025-05-29 04:00:00+00:00,55444.30078125,55555.1484375,55360.30078125,55483.8984375,0.0,53.542674986488635,22.1348883975661,15.414103168574233,55410.943972942674,55387.49828672956,115.03631342771304
2025-05-29 04:15:00+00:00,55467.6015625,55472.69921875,55370.80078125,55441.5,0.0,55.33515744302296,23.79895174648118,17.091072884155622,55416.33993385289,55390.63959166174,114.09789371859067
2025-05-29 04:30:00+00:00,55350.80078125,55524.3515625,55319.0,55468.44921875,0.0,45.79639642001004,15.514050717894861,16.77566845090347,55410.09810979548,55389.07728537109,120.61601291726276
2025-05-29 04:45:00+00:00,55315.75,55385.0,55295.55078125,55351.55078125,0.0,43.3797426835471,6.050159376769443,14.630566636076665,55401.11257552924,55386.201705552616,118.38981333388685
2025-05-29 05:00:00+00:00,55254.5,55339.69921875,55247.0,55315.6015625,0.0,39.46102022875363,-6.319557877686748,10.440541733323982,55387.14947309788,55381.03693278585,116.5547708636092
2025-05-29 05:15:00+00:00,55248.6484375,55331.75,55247.69921875,55251.6015625,0.0,39.09764230319185,-16.40570535195002,5.071292316269182,55373.95889827903,55375.845227088364,114.23305731977997
2025-05-29 05:30:00+00:00,55213.1015625,55284.8984375,55196.8984375,55253.25,0.0,36.87612465040643,-26.95664618959563,-1.3342953849037809,55358.63915201436,55369.46312259471,112.35926751122426
2025-05-29 05:45:00+00:00,55198.1484375,55221.80078125,55160.8515625,55197.25,0.0,35.95074007792263,-36.10869646193896,-8.289175600310816,55343.354322060615,55362.74489964982,108.68712117113681
2025-05-29 06:00:00+00:00,55161.80078125,55241.30078125,55157.8515625,55198.25,0.0,33.73467436366863,-45.76713923700299,-15.784768327649251,55326.063508650084,55354.864738143944,106.88441385534132
2025-05-29 06:15:00+00:00,55187.80078125,55202.80078125,55150.6015625,55161.0,0.0,36.73863988498517,-50.73865834296885,-22.775546330713173,55312.89562985007,55348.31321042261,102.97832849067409
2025-05-29 06:30:00+00:00,55191.44921875,55215.0,55170.8984375,55187.0,0.0,37.169067728501304,-53.76446139359177,-28.973329343288896,55301.329304983396,55342.16168133741,98.77284520562594
2025-05-29 06:45:00+00:00,55210.75,55235.44921875,55162.25,55189.6484375,0.0,39.51368323416041,-53.98274093303917,-33.97521166123895,55292.70270450878,55337.00828206928,96.94615760165266
2025-05-29 07:00:00+00:00,55132.94921875,55223.44921875,55096.69921875,55208.80078125,0.0,34.00514341967707,-59.744899863573664,-39.129149301705894,55277.48808681747,55329.00596586068,99.07500348724889
2025-05-29 07:15:00+00:00,55262.6015625,55282.3984375,55124.1484375,55133.8984375,0.0,47.212141628659616,-53.23592117822409,-41.950503677009536,55276.07032259676,55326.40187161124,103.30178895244539
2025-05-29 07:30:00+00:00,55266.3515625,55273.5,55203.30078125,55261.55078125,0.0,47.53915453547983,-47.230471539522114,-43.00649724951205,55275.14472639707,55324.046957528444,100.93731965227072
2025-05-29 07:45:00+00:00,55242.19921875,55270.75,55210.75,55261.6015625,0.0,45.5806522457809,-43.91379087911628,-43.1879559754329,55272.00705900211,55320.83724228223,98.01322539139424
2025-05-29 08:00:00+00:00,55259.0,55286.5,55239.25,55242.0,0.0,47.20987402743427,-39.474576576765685,-42.44528009569946,55270.7682914781,55318.412252388815,94.38728072058038
2025-05-29 08:15:00+00:00,55264.25,55302.25,55246.55078125,55261.8984375,0.0,47.73642509520734,-35.127903529879404,-40.981804782535455,55270.147501813524,55316.28824249122,91.62384772268179
2025-05-29 08:30:00+00:00,55201.25,55273.0,55187.94921875,55263.1484375,0.0,42.285778111756585,-36.347713495655626,-40.05498652515949,55263.58583497415,55311.77693886411,91.1543429746331
2025-05-29 08:45:00+00:00,55239.69921875,55264.5,55177.69921875,55201.55078125,0.0,46.31466853533065,-33.8220119617763,-38.80839161248285,55261.310919143274,55308.95036160474,90.84337428001643
2025-05-29 09:00:00+00:00,55263.3515625,55279.69921875,55224.6015625,55240.1015625,0.0,48.68765791534007,-29.570953287511657,-36.96090394748862,55261.505266129636,55307.162173404555,88.29010870644383
2025-05-29 09:15:00+00:00,55267.55078125,55282.75,55194.1015625,55262.8984375,0.0,49.11767538580586,-25.568380428332603,-34.682399243657414,55262.08102947444,55305.60878547693,88.31570362026926
2025-05-29 09:30:00+00:00,55591.80078125,55594.8515625,55269.55078125,55270.94921875,0.0,70.01425695514979,3.7250128992600366,-27.00091681507393,55293.48291059592,55316.83200099744,105.38606630810717
2025-05-29 09:45:00+00:00,55765.19921875,55781.1015625,55566.0,55591.0,0.0,75.74978891191331,40.46558088641905,-13.507617274775336,55338.40827327726,55334.415029144606,113.22288746467095
2025-05-30 03:45:00+00:00,55644.1484375,55695.55078125,55476.30078125,55611.3984375,0.0,66.22629231722979,59.13330737622891,1.0205676554255145,55367.526384155615,55346.5614373154,125.77114103862301
2025-05-30 04:00:00+00:00,55569.55078125,55670.8984375,55519.75,55644.94921875,0.0,61.12612809263858,67.13432498360635,14.243319121061683,55386.766802926504,55355.30611746971,127.58380507157851
2025-05-30 04:15:00+00:00,55505.80078125,55585.69921875,55469.69921875,55569.1484375,0.0,57.08054157301525,67.55239490410895,24.905134277671138,55398.10337229064,55361.20786899051,126.75639042360862
2025-05-30 04:30:00+00:00,55559.8515625,55577.55078125,55461.8984375,55502.3984375,0.0,59.526408477168474,71.42185793408862,34.20847900895464,55413.50796183439,55368.99781775559,125.96324423263658
2025-05-30 04:45:00+00:00,55523.1015625,55562.1484375,55506.3515625,55557.1015625,0.0,57.142034688995494,70.70794027456577,41.50837126207687,55423.945447612066,55375.041101863215,120.95136071601969
2025-05-30 05:00:00+00:00,55403.80078125,55526.5,55378.3515625,55526.5,0.0,50.12307152937795,59.825943145035126,45.17188563866852,55422.02690795854,55376.168932427405,122.89400905773257
2025-05-30 05:15:00+00:00,55432.75,55447.44921875,55356.8515625,55407.3984375,0.0,51.674292706823145,52.92772417579545,46.723053346093906,55423.04815481963,55378.38779782241,120.5871267143231
2025-05-30 05:30:00+00:00,55460.8515625,55481.80078125,55432.25,55434.6015625,0.0,53.19601417308539,49.16169180187717,47.210781037250555,55426.64847936062,55381.621670947025,115.51310203830003
2025-05-30 05:45:00+00:00,55516.69921875,55535.25,55461.5,55462.94921875,0.0,56.1511300835384,50.105933126564196,47.78981145511328,55435.224740254846,55386.9188296844,112.57634028556433
2025-05-30 06:00:00+00:00,55476.94921875,55551.44921875,55471.8984375,55519.1484375,0.0,53.55908987603743,47.1037753823548,47.65260424056159,55439.198500111524,55390.44943317717,110.217371783024
2025-05-30 06:15:00+00:00,55476.75,55536.8984375,55463.8984375,55478.3515625,0.0,53.54574894953923,44.198970236524474,46.96187743975416,55442.77483343424,55393.83376913101,107.55898808423657
2025-05-30 06:30:00+00:00,55430.5,55484.69921875,55426.8515625,55480.5,0.0,50.40663746353243,37.72997509108245,45.11549697001982,55441.6058016786,55395.27166053764,104.00817866750539
2025-05-30 06:45:00+00:00,55446.19921875,55471.30078125,55402.25,55415.80078125,0.0,51.44715032888841,33.484062155592255,42.78921000713431,55442.04326997111,55397.268819683224,101.51122170911215
2025-05-30 07:00:00+00:00,55428.8515625,55464.19921875,55408.5,55448.44921875,0.0,50.1939437418683,28.392048819740012,39.90977776965545,55440.78691687862,55398.507358617215,98.23893578346129
2025-05-30 07:15:00+00:00,55452.1015625,55472.1484375,55428.30078125,55429.44921875,0.0,51.88556663202401,25.93372442475811,37.114567100675984,55441.8645021759,55400.609092102815,94.35384438821406
2025-05-30 07:30:00+00:00,55557.8515625,55581.94921875,55450.19921875,55453.1015625,0.0,58.74841143855504,32.148043210174365,36.12126232257566,55452.91088887343,55406.77546349094,97.02499836048447
2025-05-30 07:45:00+00:00,55692.19921875,55719.0,55557.5,55557.5,0.0,65.48410529218724,47.3676439741248,38.370538652885486,55475.70025362358,55417.96855193248,101.63035562044988
2025-05-30 08:00:00+00:00,55717.6015625,55746.6015625,55663.19921875,55693.19921875,0.0,66.5947737970022,60.77842818834324,42.85211655997704,55498.738473516576,55429.718866072384,100.3283547725606
2025-05-30 08:15:00+00:00,55742.1484375,55776.3984375,55702.44921875,55718.3515625,0.0,67.67715925655784,72.5509764679955,48.79188854158073,55521.92037484833,55441.97100612837,98.44413077094912
2025-05-30 08:30:00+00:00,55624.1484375,55772.25,55624.1484375,55742.94921875,0.0,57.95564809981452,71.53458578717255,53.3404279906991,55531.656380815155,55449.115219123334,101.99109018016703
2025-05-30 08:45:00+00:00,55741.44921875,55753.1015625,55618.1015625,55626.0,0.0,63.55942078564914,79.28038662656036,58.52841971787135,55551.63665109467,55460.57929754007,104.34886945301226
2025-05-30 09:00:00+00:00,55706.75,55812.6015625,55694.8515625,55740.44921875,0.0,60.97062970481593,81.67752497221227,63.158240768739546,55566.40935099041,55470.23305057772,105.30609306351138
2025-05-30 09:15:00+00:00,55719.55078125,55749.3515625,55679.3515625,55706.55078125,0.0,61.592126365559736,83.64597175331437,67.25578696565452,55580.99424911037,55480.010216486444,102.78422927326058
2025-05-30 09:30:00+00:00,55755.75,55788.94921875,55715.1015625,55721.25,0.0,63.36855868974694,87.12265865585505,71.22916130369464,55597.637653957005,55490.823541330115,100.71733120017053
2025-05-30 09:45:00+00:00,55755.69921875,55778.8984375,55729.05078125,55755.44921875,0.0,63.364131167419835,88.84965691390244,74.7532604257362,55612.691136318244,55501.21082279756,97.08378298944407
2025-06-02 03:45:00+00:00,55502.3515625,55672.94921875,55401.94921875,55598.25,0.0,46.069867347990275,68.98011708002014,73.598631756593,55602.18260547841,55501.25555768785,115.41708420448379
2025-06-02 04:00:00+00:00,55647.8515625,55683.3515625,55450.94921875,55501.44921875,0.0,53.858804873302866,64.2335531978606,71.72561604484652,55606.53202995666,55507.00442062166,123.77317417202065
2025-06-02 04:15:00+00:00,55582.1484375,55651.3984375,55537.8984375,55646.1015625,0.0,50.324272578857325,54.54145410844649,68.28878365756651,55604.20978305602,55509.951244812975,123.03937601687632
2025-06-02 04:30:00+00:00,55585.25,55626.30078125,55523.3984375,55580.55078125,0.0,50.489450570775986,46.573792239432805,63.94578537393977,55602.40408943164,55512.90413717325,121.6010165692423
2025-06-02 04:45:00+00:00,55599.3984375,55603.6484375,55551.5,55585.55078125,0.0,51.285209305742896,40.92921693191602,59.342471685535024,55602.117836866724,55516.2960705194,116.64011806429643
2025-06-02 05:00:00+00:00,55662.55078125,55677.3984375,55579.69921875,55600.25,0.0,54.77894490764196,41.078192851317,55.68961591869142,55607.873355379415,55522.031549371575,115.28719668470383
2025-06-02 05:15:00+00:00,55640.8984375,55686.44921875,55607.80078125,55666.30078125,0.0,53.36578210680656,38.99953182973695,52.351599100900536,55611.01860129566,55526.69299596485,112.67014245722498
2025-06-02 05:30:00+00:00,55615.69921875,55669.8515625,55605.94921875,55639.1484375,0.0,51.694351047633496,34.91631805978977,48.86454289267839,55611.46437438655,55530.18343607407,109.18672826385178
2025-06-02 05:45:00+00:00,55637.25,55674.3515625,55572.8515625,55616.55078125,0.0,53.0487098825654,33.03846283478924,45.69932688110056,55613.9201482545,55534.382124855474,108.63767624500522
2025-06-02 06:00:00+00:00,55649.8515625,55699.30078125,55616.3515625,55641.75,0.0,53.863280237248745,32.19595489115454,42.998652483111364,55617.342187706454,55538.91033809644,106.80278642393343
2025-06-02 06:15:00+00:00,55712.55078125,55722.19921875,55642.30078125,55650.75,0.0,57.787427565095875,36.170611930858286,41.63304437266075,55626.409672805836,55545.719767239716,104.88104721508104
2025-06-02 06:30:00+00:00,55726.1015625,55752.19921875,55694.3984375,55711.25,0.0,58.60686129688677,39.953432766174956,41.297122051363594,55635.904138490994,55552.793563132276,101.51817107471811
2025-06-02 06:45:00+00:00,55723.19921875,55748.75,55690.25,55725.1015625,0.0,58.34561542228934,42.23034551161254,41.48376674341339,55644.21795565852,55559.47613786239,98.44544456938111
2025-06-02 07:00:00+00:00,55817.80078125,55831.1015625,55717.80078125,55727.5,0.0,63.98148490334264,51.07955740035686,43.40292487480208,55660.7496533339,55569.60651603445,99.50654004656818
2025-06-02 07:15:00+00:00,55754.6484375,55834.8515625,55746.8515625,55818.75,0.0,58.309734443934296,52.39280359636905,45.20090061911547,55669.69239468306,55576.863061974276,98.68464432895617
2025-06-02 07:30:00+00:00,55780.8984375,55808.3984375,55747.25,55747.25,0.0,59.90092316700127,54.9186482958612,47.14445015446462,55680.28344637991,55584.8644492498,96.00348669831645
2025-06-02 07:45:00+00:00,55789.5,55819.55078125,55771.05078125,55781.25,0.0,60.43382089459486,56.957897438813234,49.10713961133435,55690.68502291516,55592.889372808626,92.61038050557956
2025-06-02 08:00:00+00:00,55854.3984375,55864.1484375,55776.3515625,55791.55078125,0.0,64.28986955276582,63.083590243819344,51.902429737831355,55706.27677668515,55603.1446302475,92.26655868375245
2025-06-02 08:15:00+00:00,55846.25,55872.1015625,55821.1484375,55856.44921875,0.0,63.45368902459017,66.51400309396558,54.8247444090582,55719.607559857985,55612.678174159366,89.31559913491299
2025-06-02 08:30:00+00:00,55787.1484375,55854.3515625,55759.05078125,55847.3515625,0.0,57.6017169921495,63.72899959370989,56.60559544598854,55726.04002439532,55619.52014527076,89.7431121431335
2025-06-02 08:45:00+00:00,55790.1484375,55817.1484375,55757.44921875,55787.94921875,0.0,57.81439209582065,61.060076628062234,57.49649168240328,55732.14558754814,55626.21145084839,87.59711975790968
2025-06-02 09:00:00+00:00,55758.6015625,55804.8984375,55702.75,55788.94921875,0.0,54.706763022268575,55.75663895835169,57.148521137592965,55734.66520421022,55631.40321993276,88.63649959663041
2025-06-02 09:15:00+00:00,55877.19921875,55883.69921875,55727.3515625,55766.0,0.0,62.80181141161858,60.42690237714851,57.804197385504075,55748.239872261634,55641.04227870991,93.47301078615682
2025-06-02 09:30:00+00:00,55918.30078125,55964.0,55877.94921875,55877.94921875,0.0,65.12792434903358,66.67607212263101,59.57857233292947,55764.436149308145,55651.91516116246,92.99642296214562
2025-06-02 09:45:00+00:00,55862.05078125,55921.8515625,55811.5,55918.0,0.0,59.63204041247311,66.32512452010269,60.92788277036412,55773.73278092166,55660.15577371492,94.23607578627808
2025-06-03 03:45:00+00:00,55802.44921875,56143.8984375,55788.05078125,56104.80078125,0.0,54.39430507361328,60.53978309909144,60.850262836109586,55776.46767976245,55665.735908814335,112.92261724797251
2025-06-03 04:00:00+00:00,55834.1484375,55915.1484375,55716.5,55794.44921875,0.0,56.5787533470365,57.84590874532296,60.24939201795226,55781.96108526127,55672.340321703974,119.04589012311733
2025-06-03 04:15:00+00:00,55798.30078125,55909.3515625,55776.05078125,55834.19921875,0.0,53.46022049063658,52.21646869612596,58.642807353587,55783.517246784,55677.27994756853,120.06409663218038
2025-06-03 04:30:00+00:00,55841.6484375,55858.0,55775.19921875,55796.69921875,0.0,56.57700155583465,50.66881196304166,57.04800827547794,55789.053550661716,55683.725770703095,117.40243124773893
2025-06-03 04:45:00+00:00,55946.1484375,56016.3984375,55827.1484375,55841.94921875,0.0,63.00858959495557,57.21502036916354,57.081410694215066,55804.014968455835,55694.01685567552,122.53440044432901
2025-06-03 05:00:00+00:00,55817.44921875,56006.44921875,55746.1484375,55944.19921875,0.0,52.66313812282258,51.42518876006943,55.95016630738594,55805.294420864804,55698.85734050197,132.37485621616264
2025-06-03 05:15:00+00:00,55820.55078125,55861.3515625,55797.25,55820.44921875,0.0,52.86399733233914,46.55037195795012,54.07020743749878,55806.74740756815,55703.62963229602,127.49819237929388
2025-06-03 05:30:00+00:00,55706.80078125,55834.69921875,55704.19921875,55821.1015625,0.0,45.27616881139386,33.126508401219326,49.881467630242895,55797.228681252134,55703.75399107853,127.71260720934433
2025-06-03 05:45:00+00:00,55750.5,55762.55078125,55673.3984375,55709.44921875,0.0,48.34369178329948,25.71770388069126,45.04871488033257,55792.77833065669,55705.58716789898,124.95830267653402
2025-06-03 06:00:00+00:00,55706.05078125,55805.30078125,55660.80078125,55750.1484375,0.0,45.54699003497735,16.074199083916028,39.25381172104926,55784.51856404653,55705.60534881471,126.35413819963874
2025-06-03 06:15:00+00:00,55718.0,55749.80078125,55675.94921875,55705.25,0.0,46.44395382627886,9.288778883208579,33.26080515348112,55778.18346270877,55706.091413567076,122.60395422109312
2025-06-03 06:30:00+00:00,55680.05078125,55737.6484375,55664.3515625,55718.19921875,0.0,43.96694625183514,0.8394233398212236,26.776528790749143,55768.83749304603,55705.07021229974,119.08201999101504
2025-06-03 06:45:00+00:00,55661.0,55683.25,55584.1484375,55683.25,0.0,42.734766357903005,-7.309728633947088,19.9592773058099,55758.567255613074,55703.34196868014,117.65484445594254
2025-06-03 07:00:00+00:00,55684.69921875,55727.25,55651.5,55658.30078125,0.0,44.80699548733927,-11.720554141771572,13.623311016293606,55751.53220448326,55702.610880447595,114.66164128051807
2025-06-03 07:15:00+00:00,55515.8515625,55687.6015625,55487.19921875,55683.25,0.0,35.06994340972726,-28.512090247430024,5.19623076354888,55729.08642905628,55695.28698562612,120.78597717119534
2025-06-03 07:30:00+00:00,55524.1015625,55548.25,55459.75,55520.0,0.0,35.80400616800033,-40.68480839006952,-3.9799770671748,55709.56406081282,55688.573831778034,118.4798359446814
2025-06-03 07:45:00+00:00,55554.75,55561.44921875,55467.69921875,55523.1484375,0.0,38.58194416457303,-47.31330413270189,-12.646642480280217,55694.81986454494,55683.32583837498,116.71341909148987
2025-06-03 08:00:00+00:00,55553.0,55625.6015625,55543.3984375,55553.55078125,0.0,38.47955381103672,-52.1069882144584,-20.538711627115855,55681.31321077875,55678.21502118381,114.24839808495487
2025-06-03 08:15:00+00:00,55606.94921875,55619.44921875,55526.30078125,55556.05078125,0.0,43.46099376568219,-50.96527039287321,-26.624023380267325,55674.230925823635,55675.42028383347,112.74125804317238
2025-06-03 08:30:00+00:00,55647.6015625,55659.44921875,55592.0,55604.80078125,0.0,46.94701750013371,-46.247039317349845,-30.54862656768383,55671.69479598329,55674.3293535851,109.50611237937436
2025-06-03 08:45:00+00:00,55593.3515625,55660.8984375,55593.05078125,55650.3515625,0.0,43.125667347845116,-46.35102306937915,-33.709105868022895,55664.23353565155,55671.153753934705,106.53050837013333
2025-06-03 09:00:00+00:00,55696.69921875,55722.1015625,55596.05078125,55596.19921875,0.0,51.26414201494783,-37.66001755522302,-34.499288205462925,55667.32550547044,55672.15553686864,108.11761491512381
2025-06-03 09:15:00+00:00,55646.75,55705.8515625,55620.25,55696.0,0.0,47.7106542426304,-34.40620427427348,-34.48067141922503,55665.36593352087,55671.15924130516,106.50932545690068
2025-06-03 09:30:00+00:00,55600.94921875,55684.05078125,55582.19921875,55647.6015625,0.0,44.65410503878686,-35.118450444191694,-34.60822722421837,55659.231008304596,55668.40590708732,106.17662810283635
2025-06-03 09:45:00+00:00,55540.0,55635.8515625,55525.3515625,55598.80078125,0.0,40.899106437521006,-40.13831374888832,-35.71424452915236,55647.87567418035,55663.37038131919,106.48544038120518
2025-06-04 03:45:00+00:00,55590.3515625,55779.5,55588.05078125,55652.1484375,0.0,45.0128665431604,-39.59718954318669,-36.490833531959225,55642.39718735365,55660.50689822825,115.98648035397625
2025-06-04 04:00:00+00:00,55463.44921875,55617.25,55430.30078125,55587.44921875,0.0,37.86018317508475,-48.84524569777568,-38.96171596512252,55625.35452367712,55652.779146091845,121.05524738226366
2025-06-04 04:15:00+00:00,55502.8515625,55503.55078125,55408.44921875,55459.30078125,0.0,40.995315786750325,-52.391025853670726,-41.647577942832164,55613.68757499358,55646.899633009816,119.20141274781625
2025-06-04 04:30:00+00:00,55522.44921875,55558.75,55489.5,55501.94921875,0.0,42.54791201698307,-53.00866421394312,-43.919795197054356,55604.998207732286,55642.01922460747,115.63345469440081
2025-06-04 04:45:00+00:00,55548.25,55553.75,55493.3984375,55522.44921875,0.0,44.6141680052015,-50.83029959063424,-45.30189607577034,55599.59361651969,55638.342000113065,111.68474810908647
2025-06-04 05:00:00+00:00,55586.6015625,55609.94921875,55552.3515625,55552.3515625,0.0,47.629268799265496,-45.48495708416158,-45.33850827744859,55598.356278041625,55636.312963343924,108.11435315486601
2025-06-04 05:15:00+00:00,55616.3984375,55641.6015625,55569.8515625,55591.19921875,0.0,49.91076570366715,-38.40170489722368,-43.95114760140361,55600.07457894242,55635.532001546126,105.51689935808986
2025-06-04 05:30:00+00:00,55595.5,55636.6484375,55586.80078125,55616.75,0.0,48.32078090732203,-34.08163389722904,-41.9772448605687,55599.63890475743,55633.96211913256,101.54052485036915
2025-06-04 05:45:00+00:00,55656.94921875,55658.8515625,55588.6484375,55594.5,0.0,53.0562573715308,-25.406636217492633,-38.66312313195349,55605.09702989958,55634.86357401952,99.30213914677135
2025-06-04 06:00:00+00:00,55663.5,55702.3515625,55654.5,55655.05078125,0.0,53.544957013780866,-17.797881853395666,-34.49007487624193,55610.6592175282,55635.98657111679,95.62709795771626
2025-06-04 06:15:00+00:00,55660.75,55680.5,55631.80078125,55665.0,0.0,53.29413364497734,-11.853155421653355,-29.962690985324215,55615.429768239796,55636.95768597496,92.27510658573654
2025-06-04 06:30:00+00:00,55686.05078125,55689.6484375,55634.6015625,55661.80078125,0.0,55.365723807797885,-5.042231588573486,-24.97859910597407,55622.15557900267,55638.88290539751,89.61594718675535
2025-06-04 06:45:00+00:00,55665.1484375,55700.19921875,55658.44921875,55687.05078125,0.0,53.26383108953986,-1.3159998066475964,-20.246079246108778,55626.2501369548,55639.91292626428,86.19695095912996
2025-06-04 07:00:00+00:00,55653.55078125,55668.8984375,55624.55078125,55665.30078125,0.0,52.082367847582354,0.693240547356254,-16.05821528741577,55628.85019831624,55640.44774410686,83.20771562276354
2025-06-04 07:15:00+00:00,55647.75,55666.55078125,55636.3984375,55656.25,0.0,51.467443974985,1.7967911461091717,-12.487214000710782,55630.65017942898,55640.73410708306,79.41804620328044
2025-06-04 07:30:00+00:00,55645.3984375,55691.6015625,55641.75,55651.3984375,0.0,51.20351617403666,2.4533310323531623,-9.499104994097994,55632.05477543575,55640.91702200137,77.30615451018899
2025-06-04 07:45:00+00:00,55635.8984375,55649.05078125,55597.19921875,55645.55078125,0.0,50.086083478361765,2.1819211878755596,-7.162899757703284,55632.42083848949,55640.72021476602,75.48796936660405
2025-06-04 08:00:00+00:00,55629.6015625,55659.6484375,55613.1015625,55636.44921875,0.0,49.31781752226153,1.442098133789841,-5.441900179404659,55632.1523360143,55640.28418918696,73.42074834041806
2025-06-04 08:15:00+00:00,55647.1015625,55662.75,55623.0,55630.1015625,0.0,51.542427251195654,2.2420419161062455,-3.9051117603024776,55633.576071870084,55640.55153716002,71.01569488753105
2025-06-04 08:30:00+00:00,55670.6484375,55690.05078125,55622.8984375,55647.0,0.0,54.440174417401295,4.721611353343178,-2.1797671375733465,55637.10677335865,55641.73180776159,70.73974123485026
2025-06-04 08:45:00+00:00,55639.8984375,55679.3515625,55628.8515625,55670.1015625,0.0,50.21693627397925,4.157494971084816,-0.912314715841714,55637.37264613402,55641.65991088859,69.29404543236095
2025-06-04 09:00:00+00:00,55655.0,55681.19921875,55624.30078125,55637.25,0.0,52.17896986472202,4.872827634892019,0.24471375430503262,55639.0514417403,55642.183051638065,68.40864486576373
2025-06-04 09:15:00+00:00,55712.1015625,55714.1484375,55643.8515625,55656.1015625,0.0,58.79221840118891,9.93285305370955,2.182341614185936,55646.00859609837,55644.92495402481,68.54351844678061
2025-06-04 09:30:00+00:00,55666.30078125,55738.0,55652.5,55708.69921875,0.0,52.51859308110645,10.1304419510343,3.7719616815556085,55647.94118516043,55645.76322175914,69.75469570058199
2025-06-04 09:45:00+00:00,55665.55078125,55693.6015625,55656.30078125,55665.55078125,0.0,52.41994960004793,10.10997237542324,5.0395638203291355,55649.61828954991,55646.539204484274,67.43655895411185
2025-06-05 03:45:00+00:00,55737.1015625,55825.55078125,55586.44921875,55798.1484375,0.0,60.11635519275539,15.686476227856474,7.168946301834604,55657.95002983087,55650.0906695045,79.69834492167527
2025-06-05 04:00:00+00:00,55804.19921875,55823.6484375,55698.44921875,55736.55078125,0.0,65.71679482410345,25.229288277740125,10.78101469701571,55671.87852401365,55656.13414202393,82.9484073379842
2025-06-05 04:15:00+00:00,55809.80078125,55849.44921875,55777.8984375,55804.25,0.0,66.14420690289904,32.86518545895524,15.197848849403616,55685.01397708378,55662.16028473868,82.13429118884247
2025-06-05 04:30:00+00:00,55748.80078125,55830.8984375,55721.6484375,55808.19921875,0.0,57.70699146003299,33.607097091437026,18.8796984978103,55691.088910813894,55665.557951268536,84.07112753249658
2025-06-05 04:45:00+00:00,55732.1484375,55781.6484375,55679.6015625,55744.6015625,0.0,55.62116754739303,32.47698793350719,21.59915638494968,55694.99934192686,55668.169342885456,85.3551094944611
2025-06-05 05:00:00+00:00,55728.30078125,55752.19921875,55684.05078125,55728.69921875,0.0,55.12536781223708,30.914531109665404,23.462231329892827,55698.170907576685,55670.5274385076,84.12606149485673
2025-06-05 05:15:00+00:00,55703.6484375,55746.05078125,55666.6484375,55724.5,0.0,51.93131465540124,27.371512944446295,24.244087652803522,55698.69257709319,55671.82630121318,83.78865308450982
2025-06-05 05:30:00+00:00,55718.44921875,55744.1484375,55693.44921875,55704.8515625,0.0,53.6670815635048,25.46440704070119,24.488151530383057,55700.57416201288,55673.65465092051,81.42512206061626
2025-06-05 05:45:00+00:00,55757.8984375,55818.5,55715.5,55720.25,0.0,58.01845201638339,26.826989300832793,24.955919084473006,55706.03361682118,55676.95832882559,82.96618477057224
2025-06-05 06:00:00+00:00,55731.69921875,55776.05078125,55719.25,55763.1484375,0.0,54.36667861406486,25.4988526607558,25.064505799729567,55708.47795986202,55679.105030391256,81.09722737624566
2025-06-05 06:15:00+00:00,55757.6015625,55759.1484375,55694.1484375,55731.55078125,0.0,57.232733986581366,26.23398838250432,25.29840231628452,55713.1563982085,55682.18332576807,79.94742542079953
2025-06-05 06:30:00+00:00,55953.75,55970.55078125,55756.6484375,55758.0,0.0,71.71836644168918,42.15815539092728,28.670352931213074,55736.070074569594,55692.83299926736,89.51563387288527
2025-06-05 06:45:00+00:00,55852.5,56009.1484375,55802.30078125,55968.55078125,0.0,60.35440373770583,46.0769967178494,32.15168168854034,55747.158638896304,55699.09445027648,97.89649261410776
2025-06-05 07:00:00+00:00,55825.94921875,55885.3515625,55817.6015625,55854.75,0.0,57.76938263210562,46.504208977203234,35.02218714627293,55754.66250364428,55704.06914707937,95.74317171310007
2025-06-05 07:15:00+00:00,55804.25,55878.8515625,55773.6015625,55827.8984375,0.0,55.670762773675435,44.577965132237296,36.9333427434658,55759.38512234482,55707.997807978216,96.42223087645006
2025-06-05 07:30:00+00:00,55788.25,55836.25,55776.75,55805.75,0.0,54.10986985910219,41.284435451620084,37.80356128509666,55762.13415831198,55711.14495276339,93.78492867098933
2025-06-05 07:45:00+00:00,55759.8515625,55796.94921875,55732.0,55762.5,0.0,51.35748697607289,35.96815438615886,37.4364799053091,55761.916768234645,55713.05501589032,91.72523510520439
2025-06-05 08:00:00+00:00,55665.5,55761.55078125,55653.75,55761.55078125,0.0,43.44964586718668,23.866463045567798,34.72247653336084,55752.73421887896,55711.19011330639,92.87348840126121
2025-06-05 08:15:00+00:00,55704.1015625,55732.8515625,55662.55078125,55665.3515625,0.0,47.04236465904461,17.19242537934042,31.216466302556757,55748.102537319064,55710.912130921824,91.26115217617112
2025-06-05 08:30:00+00:00,55676.8515625,55717.8515625,55629.25,55704.5,0.0,44.874968215685904,9.593764240511518,26.89192589014771,55741.31673019344,55709.57642235626,91.07118148501604
2025-06-05 08:45:00+00:00,55715.75,55748.6484375,55660.19921875,55677.1015625,0.0,48.52107210775729,6.634075864043552,22.840355884926883,55738.88180350835,55709.81852344033,90.8838984325149
2025-06-05 09:00:00+00:00,55729.3984375,55763.1015625,55676.30078125,55721.8515625,0.0,49.776304995546155,5.3283939353059395,19.337963495002693,55737.97862579327,55710.586363207374,90.59224720519241
2025-06-05 09:15:00+00:00,55711.8984375,55783.3515625,55698.55078125,55729.3515625,0.0,48.15495926464935,2.848689929203829,16.04010878184292,55735.494798336775,55710.637817101204,90.1785710655358
2025-06-05 09:30:00+00:00,55770.19921875,55770.19921875,55659.1015625,55714.55078125,0.0,53.5797329119452,5.524212759984948,13.936929577471327,55738.79998123327,55712.97355834234,91.67279143585468
2025-06-05 09:45:00+00:00,55809.75,55841.5,55753.69921875,55764.5,0.0,56.876256807356505,10.712514191392984,13.29204650025566,55745.55712587772,55716.76871291715,91.3962192797222
2025-06-06 03:45:00+00:00,55733.75,55792.75,55637.55078125,55699.44921875,0.0,49.58880866822532,8.59266472379386,12.352170144963301,55744.43263769889,55717.43464574393,97.16786209902776
2025-06-06 04:00:00+00:00,55630.1484375,55743.8984375,55623.0,55732.94921875,0.0,41.73801356328417,-1.430620212056965,9.595612073559249,55733.54842815614,55714.01165718535,98.8629031990972
2025-06-06 04:15:00+00:00,55692.1484375,55695.94921875,55617.6015625,55630.30078125,0.0,47.13225997496191,-4.321448920069088,6.812199874833581,55729.60557190317,55713.154276021225,97.39752841701883
2025-06-06 04:30:00+00:00,55690.55078125,55992.55078125,55560.3515625,55693.44921875,0.0,47.01147145081373,-6.664544287661556,4.116851042334554,55725.88606803144,55712.267864461566,121.31193486937464
2025-06-06 04:45:00+00:00,56056.30078125,56064.5,55536.5,55691.3984375,0.0,67.52794920047194,20.752284632748342,7.443937760417311,55757.354135957015,55725.759351394445,150.36108237870505
2025-06-06 05:00:00+00:00,56407.94921875,56456.44921875,56050.05078125,56059.75,0.0,76.82048631821493,70.04794008740282,19.964738225814415,55819.31557241349,55752.51189521231,168.649464887369
2025-06-06 05:15:00+00:00,56430.6484375,56515.0,56346.69921875,56412.6015625,0.0,77.27261387597211,109.68238913206733,37.908268407064995,55877.53775004078,55779.105485105945,168.6245589132712
2025-06-06 05:30:00+00:00,56567.8515625,56577.1015625,56423.55078125,56429.94921875,0.0,79.8331583489911,150.43005702596565,60.412626130845126,55943.281922655944,55810.03670382728,167.54786050875182
2025-06-06 05:45:00+00:00,56488.55078125,56596.3984375,56478.6015625,56569.3515625,0.0,74.60162197848695,174.31457716190926,83.19301633705795,55995.21229014109,55836.64509902033,163.99421868669813
2025-06-06 06:00:00+00:00,56611.80078125,56612.30078125,56485.6015625,56489.5,0.0,77.11204586105757,200.87293821244384,106.72900071213515,56053.93500358004,55867.04336106856,161.3302901197911
2025-06-06 06:15:00+00:00,56623.8515625,56627.30078125,56567.30078125,56611.80078125,0.0,77.34780273728136,220.35293653451663,129.45378787661144,56108.21277109623,55896.72211406587,154.09241225409173
2025-06-06 06:30:00+00:00,56591.8984375,56649.80078125,56573.6484375,56627.30078125,0.0,75.13777095315677,230.5549316696488,149.67401663521892,56154.27807265849,55923.98393067114,148.52526450379946
2025-06-06 06:45:00+00:00,56550.44921875,56609.3984375,56454.8515625,56590.5,0.0,72.25374863550142,232.6140507878299,166.26202346574112,56192.00865800054,55948.55119687031,148.95537953924236
2025-06-06 07:00:00+00:00,56584.6015625,56611.05078125,56501.69921875,56549.0,0.0,73.16762668178066,234.3008518685965,179.86978914631223,56229.39845842906,55973.49434846363,146.12653546501076
2025-06-06 07:15:00+00:00,56599.5,56627.30078125,56574.3515625,56586.69921875,0.0,73.57649109406199,234.14080383365217,190.72399208378022,56264.64622429296,55998.043589700355,139.47101284251
2025-06-06 07:30:00+00:00,56568.3515625,56610.6015625,56553.94921875,56601.6015625,0.0,71.1359311990051,228.86236316430586,198.35166629988535,56293.57054221744,56020.408608241516,133.55539362161642
2025-06-06 07:45:00+00:00,56536.69921875,56592.3515625,56517.80078125,56567.75,0.0,68.64415932310914,219.59374133601523,202.60008130711134,56316.725654268164,56040.6552988497,129.34077845221526
2025-06-06 08:00:00+00:00,56600.0,56624.8515625,56495.94921875,56532.6484375,0.0,70.8437355598247,214.87914278011158,205.0558936017114,56343.70416338548,56062.590385169315,129.30946168777132
2025-06-06 08:15:00+00:00,56605.3515625,56626.1015625,56569.3984375,56601.3984375,0.0,71.02876625279161,209.16350909351604,205.87741670007236,56368.622963301146,56083.875137221505,124.12329478150194
2025-06-06 08:30:00+00:00,56636.69921875,56638.05078125,56556.44921875,56606.94921875,0.0,72.1439355666608,204.80248651463626,205.66243066298514,56394.154035248655,56105.55451296772,121.08602818996609
2025-06-06 08:45:00+00:00,56667.1484375,56693.6484375,56629.8515625,56634.30078125,0.0,73.22215034710115,201.48079696975765,204.82610392433966,56420.15350212973,56127.577804125845,116.99394581925422
2025-06-06 09:00:00+00:00,56604.55078125,56670.44921875,56570.8984375,56667.25,0.0,67.44269342736331,191.5887109648611,202.17862533244397,56437.71514776023,56146.28262675816,115.74800549287893
2025-06-06 09:15:00+00:00,56595.5,56635.3515625,56574.19921875,56605.44921875,0.0,66.62387590926616,180.93315435458499,197.92953113687219,56452.742276544974,56163.898994336276,111.84831536838759
2025-06-06 09:30:00+00:00,56571.1484375,56632.1484375,56548.1015625,56599.25,0.0,64.35979310518466,168.58029271570558,192.05968345263886,56464.019053778786,56179.869560734856,109.86249819921704
2025-06-06 09:45:00+00:00,56584.80078125,56594.05078125,56539.8984375,56571.1484375,0.0,65.07634422019666,158.07005768279487,185.2617582986701,56475.522075442714,56195.749216441334,105.8832014528444
2025-06-09 03:45:00+00:00,56811.8984375,57008.30078125,56793.8984375,57002.0,0.0,74.32388715092685,166.15022722758295,181.43945208445268,56507.55791944817,56219.911930992654,128.5701156347841
2025-06-09 04:00:00+00:00,56923.1484375,56936.94921875,56793.25,56810.30078125,0.0,77.47105281847385,179.46203838400106,181.04396934436238,56547.13796878644,56247.48983320862,129.65076585729952
2025-06-09 04:15:00+00:00,56932.19921875,56971.5,56887.75,56922.8984375,0.0,77.71041909498109,188.56836826856306,182.54884912920252,56583.81046878297,56274.34118166123,126.37213972463528
2025-06-09 04:30:00+00:00,56996.3515625,57002.3984375,56927.6484375,56932.19921875,0.0,79.38254247127948,198.67159581893065,185.77339846714816,56623.100096756025,56302.65531424314,122.68484403001847
2025-06-09 04:45:00+00:00,56953.44921875,57008.19921875,56942.8515625,56991.25,0.0,75.31349824435198,200.9007569815367,188.79887017002588,56654.56191789831,56328.17664383165,118.58933061716002
2025-06-09 05:00:00+00:00,57004.94921875,57011.05078125,56944.19921875,56952.1015625,0.0,76.84766675633644,204.46604556214152,191.932305248449,56687.93213702704,56354.71674480884,114.89377575164859
2025-06-09 05:15:00+00:00,56993.80078125,57032.55078125,56989.19921875,57004.94921875,0.0,75.75020652408648,204.03993139522936,194.3538304778051,56717.06248409589,56379.77886388496,109.78361766224512
2025-06-09 05:30:00+00:00,56947.8984375,57031.69921875,56946.80078125,56995.69921875,0.0,71.23910988091829,197.71911445369187,195.02688727298246,56739.04686061057,56402.05806285025,108.00610479351333
2025-06-09 05:45:00+00:00,56872.3515625,56956.0,56871.25,56949.8515625,0.0,64.43761897958106,184.48716682766099,192.9189431839182,56751.7425465048,56420.50094518946,106.34495445111952
2025-06-09 06:00:00+00:00,56925.3984375,56939.55078125,56856.6484375,56871.8984375,0.0,66.83220386012495,176.2494979830226,189.58505414373911,56768.28120279006,56440.300846848695,104.67048225818242
2025-06-09 06:15:00+00:00,56908.80078125,56929.55078125,56885.69921875,56926.55078125,0.0,65.34950366993705,166.4629130849935,184.96062593199002,56781.66401978624,56458.67339329581,100.32627370402653
2025-06-09 06:30:00+00:00,56933.55078125,56956.05078125,56904.3515625,56920.69921875,0.0,66.54153241329064,158.87270653428277,179.74304205244857,56796.129425639934,56477.29603596068,96.85291263588178
2025-06-09 06:45:00+00:00,56959.3515625,56965.44921875,56904.3515625,56934.6484375,0.0,67.78567081940196,153.17363031610148,174.4291597051792,56811.67439105518,56496.200174256344,94.29896575117594
2025-06-09 07:00:00+00:00,56923.8515625,56981.94921875,56912.6484375,56959.5,0.0,64.24579877784657,144.13106484241143,168.36954073262564,56822.35793119278,56512.97081693257,92.51338114394909
2025-06-09 07:15:00+00:00,56899.69921875,56926.1015625,56878.94921875,56922.8984375,0.0,61.878227085556155,133.4772318235191,161.39107895080434,56829.72376810299,56528.136636611685,89.2733070443813
2025-06-09 07:30:00+00:00,56935.05078125,56939.3984375,56889.25,56897.6015625,0.0,63.97110258261659,126.42917126086104,154.3986974128157,56839.75491221222,56544.09405404848,86.47867350549691
2025-06-09 07:45:00+00:00,56916.94921875,56955.30078125,56899.94921875,56937.55078125,0.0,62.09138004071252,118.02239892532816,147.12343771531818,56847.10675093011,56558.71582521325,84.25530843367571
2025-06-09 08:00:00+00:00,56930.69921875,56933.80078125,56892.8515625,56915.1015625,0.0,62.98120284987013,111.18777787697036,139.93630574764862,56855.067938341526,56573.30340927352,81.16201631341315
2025-06-09 08:15:00+00:00,56922.0,56949.1015625,56910.5,56930.0,0.0,61.98980478889682,103.87196584048797,132.7234377662165,56861.44242040424,56586.97778538044,78.12198389816935
2025-06-09 08:30:00+00:00,56850.0,56929.69921875,56845.1015625,56924.44921875,0.0,54.36246362307501,91.21288842340437,124.4213278976541,56860.35266608003,56597.29238203219,78.58453192330012
2025-06-09 08:45:00+00:00,56867.5,56879.5,56833.6015625,56847.19921875,0.0,55.78642678496398,81.65135610605648,115.86733353933457,56861.033364548595,56607.888759207395,76.24981089306439
2025-06-09 09:00:00+00:00,56867.3515625,56893.1484375,56856.05078125,56866.5,0.0,55.77053137949916,73.21778612970957,107.33742405740958,56861.63509768683,56618.063771101224,73.45322841855979
2025-06-09 09:15:00+00:00,56853.6015625,56878.6484375,56845.05078125,56865.44921875,0.0,54.22911719805621,64.67903146300523,98.80574553852871,56860.8699990976,56627.30054723451,70.60640183509123
2025-06-09 09:30:00+00:00,56851.0,56866.05078125,56827.05078125,56855.19921875,0.0,53.92543142605737,57.044508929684525,90.45349821675988,56859.92999918354,56636.07307479394,68.3488017040133
2025-06-09 09:45:00+00:00,56846.19921875,56857.44921875,56811.3984375,56851.30078125,0.0,53.33190326396294,50.02999722774257,82.36879801895643,56858.622305808916,56644.313315733394,66.75608595729805
2025-06-10 03:45:00+00:00,56635.05078125,57012.6015625,56626.0,56993.8984375,0.0,35.05622545123046,27.120404757821234,71.3191193667294,56837.329779660446,56643.95007908699,89.6021914246339
2025-06-10 04:00:00+00:00,56680.55078125,56733.94921875,56570.44921875,56629.3984375,0.0,39.84032389701958,12.491859036279493,59.55366730063942,56822.3984464785,56645.385400740444,94.88060632287433
2025-06-10 04:15:00+00:00,56652.3984375,56749.5,56649.6015625,56678.5,0.0,37.97625254601453,-1.357380663350341,47.37145770784147,56806.20796943294,56645.66042178984,95.23902283552616
2025-06-10 04:30:00+00:00,56781.69921875,56793.19921875,56648.75,56651.80078125,0.0,49.63255630515308,-1.8778636255883612,37.52159344115551,56803.87380270123,56650.99527657259,98.75403682941715
2025-06-10 04:45:00+00:00,56729.3984375,56804.69921875,56726.05078125,56783.6484375,0.0,45.8768777215118,-6.436391360955895,28.729996480733227,56796.7809107773,56654.069910334445,97.31792259160163
2025-06-10 05:00:00+00:00,56752.19921875,56774.5,56701.8515625,56728.80078125,0.0,47.733697636296256,-8.115672519881628,21.36086268061026,56792.535035346125,56657.9181185076,95.55581651363009
2025-06-10 05:15:00+00:00,56626.75,56753.69921875,56604.3515625,56753.1484375,0.0,39.669724941117785,-19.346207430484355,13.219448658391336,56776.74598436078,56656.69583935044,99.39809078051367
2025-06-10 05:30:00+00:00,56666.8515625,56685.80078125,56602.80078125,56628.3515625,0.0,42.985516214755016,-24.72560492534103,5.630437941644863,56766.279848945465,56657.094103003365,98.22679858190556
2025-06-10 05:45:00+00:00,56613.0,56676.69921875,56607.8984375,56670.30078125,0.0,39.82047065900155,-32.95431045634905,-2.086511737953919,56751.68176809351,56655.364922493434,96.12494020105517
2025-06-10 06:00:00+00:00,56623.5,56627.1015625,56584.69921875,56611.0,0.0,40.73673143008061,-38.18814743413532,-9.306838877190199,56739.47398065603,56654.11531768977,92.28761188312265
2025-06-10 06:15:00+00:00,56588.30078125,56636.5,56584.8984375,56623.8515625,0.0,38.614238790836296,-44.66145428357413,-16.377761958466987,56725.076533093554,56651.53435547645,89.38146549861389
2025-06-10 06:30:00+00:00,56610.1015625,56630.0,56573.3984375,56589.30078125,0.0,40.67588893382719,-47.48507733617589,-22.599225034008768,56714.12653589417,56649.90954006561,87.04004385585576
2025-06-10 06:45:00+00:00,56610.69921875,56624.55078125,56586.30078125,56608.05078125,0.0,40.73465305500888,-49.108500855036255,-27.901080198214267,56704.27631521377,56648.37188040618,83.55504072329462
2025-06-10 07:00:00+00:00,56652.3515625,56677.0,56599.25,56610.44921875,0.0,44.83584976817189,-46.49807874468388,-31.62047990750819,56699.3311006696,56648.52794637065,83.14039495734501
2025-06-10 07:15:00+00:00,56702.80078125,56718.19921875,56646.94921875,56655.8984375,0.0,49.40289316695909,-39.8985444987411,-33.27609282575477,56699.661546439165,56650.65629283651,82.29108103182037
2025-06-10 07:30:00+00:00,56688.3515625,56732.55078125,56682.19921875,56702.55078125,0.0,48.17275389204731,-35.42592919780873,-33.706060100165566,56698.58440511163,56652.13453870567,80.00968685097607
2025-06-10 07:45:00+00:00,56681.19921875,56698.1015625,56650.19921875,56676.8984375,0.0,47.54170164143457,-32.08858646405861,-33.38256537294418,56696.92867307719,56653.27433007996,77.71630520090635
2025-06-10 08:00:00+00:00,56668.19921875,56709.8984375,56663.80078125,56681.1484375,0.0,46.353137462039626,-30.145214391006448,-32.735095176556634,56694.19253456984,56653.85961983173,75.45783027584162
2025-06-10 08:15:00+00:00,56658.1015625,56684.69921875,56640.44921875,56666.94921875,0.0,45.40362566935207,-29.08460526663839,-32.00499719457299,56690.75529913462,56654.025970524606,73.22869954185293
2025-06-10 08:30:00+00:00,56652.05078125,56688.69921875,56639.1484375,56656.5,0.0,44.811268001567136,-28.40487861345173,-31.284973478348736,56687.06915457417,56653.94851212168,71.53741966386345
2025-06-10 08:45:00+00:00,56641.1484375,56657.1015625,56621.6484375,56652.30078125,0.0,43.70485749629924,-28.418329556247045,-30.7116446939284,56682.69575294806,56653.446548411026,68.95997004501605
2025-06-10 09:00:00+00:00,56640.0,56668.1015625,56619.69921875,56639.25,0.0,43.582785451829956,-28.19662568456988,-30.2086408920567,56678.62949076253,56652.91923278707,67.49156816680062
2025-06-10 09:15:00+00:00,56616.8984375,56659.44921875,56595.30078125,56642.1015625,0.0,41.096181315859496,-29.544456688992796,-30.075804051443917,56672.75034283276,56651.50665257974,67.252773119172
2025-06-10 09:30:00+00:00,56647.3515625,56679.80078125,56591.8515625,56617.8515625,0.0,45.50971026098961,-27.8344515592471,-29.627533553004554,56670.3314113725,56651.34370787073,68.73109066423115
2025-06-10 09:45:00+00:00,56579.55078125,56653.80078125,56565.1015625,56648.05078125,0.0,38.578955795383585,-31.586111553784576,-30.01924915316056,56661.68563707512,56648.52829898364,70.15738552750035
2025-06-11 03:45:00+00:00,56500.19921875,56662.55078125,56493.1484375,56640.75,0.0,32.36632792220891,-40.495529793908645,-32.11450528131018,56646.30597818701,56642.71147230781,77.24631111482176
2025-06-11 04:00:00+00:00,56504.1015625,56552.69921875,56489.1484375,56500.19921875,0.0,32.93827300305675,-46.70305763396027,-35.0322157518402,56632.762700502535,56637.27578957025,76.26805898162021
2025-06-11 04:15:00+00:00,56575.25,56581.8984375,56444.3515625,56504.30078125,0.0,42.48768702619949,-45.35861796295649,-37.09749619406345,56627.28530045467,56634.84340566554,80.64511726864735
2025-06-11 04:30:00+00:00,56621.3515625,56634.25,56557.75,56573.8515625,0.0,47.68591786037802,-40.1107571898101,-37.700148393212785,56626.72018255422,56634.3143137767,80.34903746374398
2025-06-11 04:45:00+00:00,56577.3515625,56641.80078125,56568.25,56619.6484375,0.0,43.63245591234375,-39.052054222927836,-37.9705295591558,56622.01840921573,56632.0804803933,79.86344773419084
2025-06-11 05:00:00+00:00,56694.19921875,56694.19921875,56572.55078125,56577.05078125,0.0,54.65572540834582,-28.456367875958676,-36.06769722251638,56628.892772028514,56634.51650934846,82.84808986032007
2025-06-11 05:15:00+00:00,56683.44921875,56717.6484375,56659.8515625,56690.1015625,0.0,53.61686810785536,-20.688164978753775,-32.99179077376386,56634.088624097225,56636.435439128916,81.05871737029722
2025-06-11 05:30:00+00:00,56713.69921875,56723.1484375,56683.0,56683.0,0.0,56.14302601685946,-11.953098150705046,-28.7840522491521,56641.67058549273,56639.465391270925,78.13655452241883
2025-06-11 05:45:00+00:00,56682.05078125,56748.80078125,56674.19921875,56711.3984375,0.0,52.89706303681021,-7.497828862047754,-24.526807571731233,56645.51631842199,56641.13540656423,77.88405509224606
2025-06-11 06:00:00+00:00,56703.3515625,56735.44921875,56678.8984375,56682.75,0.0,54.791565424663204,-2.2225803012916003,-20.065962117643306,56651.024436905616,56643.57525581662,76.3602498177999
2025-06-11 06:15:00+00:00,56755.0,56780.44921875,56698.75,56702.8515625,0.0,59.088322453827274,6.055881024680275,-14.841593489178589,56660.92687148603,56647.944853627734,76.74160474152848
2025-06-11 06:30:00+00:00,56743.25,56754.8984375,56723.0,56753.8515625,0.0,57.743727416158556,11.535520171528333,-9.566170757037206,56668.76716943974,56651.68231034822,73.5457758314193
2025-06-11 06:45:00+00:00,56736.8515625,56781.5,56730.3984375,56743.25,0.0,56.98329926965475,15.186809159269615,-4.615574773775842,56675.25139735024,56655.022281020836,71.94261773631793
2025-06-11 07:00:00+00:00,56704.25,56757.0,56682.5,56735.1015625,0.0,53.1431357973679,15.273742164943542,-0.6377113860319654,56678.013169031175,56656.952779804335,72.1252878980095
2025-06-11 07:15:00+00:00,56716.19921875,56727.19921875,56696.8984375,56702.1484375,0.0,54.3572504492775,16.12100636123796,2.71403216342202,56681.64993567106,56659.27616956691,69.1378231374374
2025-06-11 07:30:00+00:00,56666.80078125,56723.55078125,56664.30078125,56713.0,0.0,48.73528266769346,12.660486072170897,4.703322945171795,56680.2357304881,56659.57125237801,68.43155005619187
2025-06-11 07:45:00+00:00,56569.69921875,56672.5,56567.6015625,56667.75,0.0,39.981634189882406,2.0589795941486955,4.174454274967175,56669.708443655894,56656.0468589024,71.03632773074959
2025-06-11 08:00:00+00:00,56516.69921875,56571.05078125,56506.19921875,56571.05078125,0.0,36.16350623388807,-10.498428382576094,1.2398777434585213,56655.136136522,56650.5822455631,70.59455878569605
2025-06-11 08:15:00+00:00,56497.0,56516.25,56423.6484375,56516.25,0.0,34.83205031368307,-21.78866087564529,-3.3658299803622413,56640.07555209133,56644.55941240376,72.19857467600347
2025-06-11 08:30:00+00:00,56423.0,56495.1015625,56400.44921875,56492.5,0.0,30.316572053053648,-36.28911469927698,-9.950486924145189,56619.40168998739,56635.870807995765,73.93801800271751
2025-06-11 08:45:00+00:00,56439.5,56471.30078125,56417.05078125,56425.75,0.0,32.42024507309257,-45.920078638591804,-17.14440526703451,56602.268195702876,56628.169991995936,72.5317310025234
2025-06-11 09:00:00+00:00,56418.25,56471.6015625,56411.1484375,56441.8515625,0.0,31.11734548868033,-54.6375566122515,-24.64303553607791,56584.74265325498,56619.937835447075,71.66897343091459
2025-06-11 09:15:00+00:00,56476.05078125,56507.30078125,56416.25,56417.6015625,0.0,38.37223088529567,-56.23395074703876,-30.961218578270085,56574.391046397366,56614.29520587072,73.05338827513498
2025-06-11 09:30:00+00:00,56454.75,56492.94921875,56446.80078125,56474.1484375,0.0,36.83265801585112,-58.54305177005881,-36.47758521662783,56562.99666102618,56608.038531130696,71.13160607691104
2025-06-11 09:45:00+00:00,56438.05078125,56473.25,56416.3515625,56454.6484375,0.0,35.625861949816255,-61.01715062832227,-41.38549829896672,56551.09705342846,56601.372344860865,70.11495117856025
2025-06-12 03:45:00+00:00,56530.6015625,56565.19921875,56451.6015625,56454.69921875,0.0,46.15544624781767,-54.87722672093514,-44.08384398336041,56549.14510191146,56598.5970200624,74.18877163009165
2025-06-12 04:00:00+00:00,56424.55078125,56611.0,56422.19921875,56534.05078125,0.0,38.40382198832095,-57.90125490778155,-46.84732616824464,56537.27897613418,56591.77167736388,82.37534374579938
2025-06-12 04:15:00+00:00,56437.69921875,56501.8984375,56394.25,56425.1015625,0.0,39.75476618706391,-58.56178619482671,-49.190218173561064,56527.795189716635,56585.72962016334,84.18056472824229
2025-06-12 04:30:00+00:00,56395.80078125,56452.1484375,56383.0,56437.8515625,0.0,36.97207009933674,-61.75425117818668,-51.703024774486195,56515.224293672196,56578.281430402036,83.10684135479642
2025-06-12 04:45:00+00:00,56416.44921875,56425.55078125,56334.05078125,56397.75,0.0,39.22964614654244,-61.90454922864592,-53.74332966531814,56505.817143679604,56571.93506916078,83.70635268659667
2025-06-12 05:00:00+00:00,56288.30078125,56439.05078125,56282.5,56412.55078125,0.0,31.652183203449823,-71.53950654192886,-57.30256504064029,56485.101299638685,56560.812155909385,88.9095261554112
2025-06-12 05:15:00+00:00,56292.80078125,56338.25,56272.3515625,56287.8984375,0.0,32.14781272237633,-77.91402288091194,-61.424856608694625,56466.78696455405,56550.301905922744,87.26587696573897
2025-06-12 05:30:00+00:00,56268.1015625,56317.69921875,56242.1015625,56293.1015625,0.0,30.82648102087029,-83.99070101964753,-65.93802549088521,56447.864545310804,56539.235225788514,86.43243262890046
2025-06-12 05:45:00+00:00,56311.3515625,56354.05078125,56260.6484375,56267.75,0.0,35.802330840438486,-84.34432974920492,-69.61928634254916,56434.86330885263,56530.29861154191,86.9302834232647
2025-06-12 06:00:00+00:00,56258.69921875,56316.0,56229.0,56312.94921875,0.0,32.716899971220684,-87.8603873179527,-73.26750653762987,56418.08577646191,56519.64765496184,86.93526317874579
2025-06-12 06:15:00+00:00,56238.3984375,56272.0,56232.19921875,56259.3984375,0.0,31.58661655894153,-91.23331084255187,-76.86066739861428,56400.97269656078,56508.6182738849,83.56851446954965
2025-06-12 06:30:00+00:00,56257.94921875,56270.0,56197.30078125,56236.3984375,0.0,33.95310118120479,-91.27661241205351,-79.74385640130212,56387.351412959746,56498.788114860006,82.79213620386754
2025-06-12 06:45:00+00:00,56275.3515625,56304.44921875,56250.25,56259.80078125,0.0,36.07281158510653,-88.88212767405639,-81.57151065585298,56376.684760535005,56490.0258971204,80.74978495716273
2025-06-12 07:00:00+00:00,56292.1484375,56333.55078125,56268.44921875,56271.6484375,0.0,38.13659147587647,-84.65328347563627,-82.18786521980964,56368.63368215072,56482.26599674314,79.63205478165112
2025-06-12 07:15:00+00:00,56247.44921875,56312.55078125,56230.75,56292.80078125,0.0,34.90700793726613,-83.9411263147631,-82.53851743880034,56357.09230468398,56473.05749564537,79.78696381510461
2025-06-12 07:30:00+00:00,56245.0,56253.3515625,56209.80078125,56248.5,0.0,34.73344188088582,-82.62195366661035,-82.55520468436234,56346.41684709503,56464.114064443595,77.19866506045427
2025-06-12 07:45:00+00:00,56169.5,56263.05078125,56154.69921875,56245.0,0.0,29.81243784146598,-86.66964513980929,-83.37809277545173,56329.56762356217,56452.560571720314,79.42387202042184
2025-06-12 08:00:00+00:00,56086.6015625,56196.3984375,56075.6484375,56166.6484375,0.0,25.534644564144372,-95.46620589356462,-85.79571539907433,56306.4279986991,56438.2092380254,82.37573830467741
2025-06-12 08:15:00+00:00,56070.3984375,56116.0,56037.8515625,56084.94921875,0.0,24.786016408915472,-102.56272123177041,-89.14911656561354,56283.94899287062,56423.78528506362,82.07378824720045
2025-06-12 08:30:00+00:00,56012.75,56078.94921875,55969.80078125,56069.6015625,0.0,22.282897692710392,-111.55259896133794,-93.62981304475842,56258.12051735913,56407.66625427682,84.00769176525758
2025-06-12 08:45:00+00:00,56090.19921875,56127.05078125,56004.25,56015.0,0.0,32.19071646807913,-111.14641051343642,-97.13313253849404,56242.128012729685,56395.216566609095,86.77862672845346
2025-06-12 09:00:00+00:00,56133.1015625,56205.69921875,56088.1484375,56089.1484375,0.0,36.98325980669976,-106.13913675210642,-98.93433338121653,56231.74454127924,56384.93754684011,88.97663776570678
2025-06-12 09:15:00+00:00,56151.6015625,56184.05078125,56122.1015625,56132.30078125,0.0,38.98580877871661,-99.53071273109526,-99.05360925119228,56224.1118766336,56375.78711608168,87.04610783601345
2025-06-12 09:30:00+00:00,56076.8984375,56176.25,56063.3984375,56169.25,0.0,34.252438957578335,-99.17814305387583,-99.078516011729,56210.091549097066,56364.06599143142,88.88935459772678
2025-06-12 09:45:00+00:00,55997.80078125,56081.19921875,55980.44921875,56076.1015625,0.0,30.08707136263608,-104.08146254548046,-100.0791053184793,56189.87338073068,56349.70264985567,89.736543555032
2025-06-13 03:45:00+00:00,55496.19921875,55514.8984375,55165.5,55165.5,0.0,16.436494911584887,-146.750780950053,-109.41344044479405,56123.80917482776,56316.231927067216,142.7768462475297
2025-06-13 04:00:00+00:00,55434.05078125,55498.5,55331.6015625,55498.5,0.0,15.498263165640566,-183.4664951593295,-124.22405138770114,56058.11789924892,56281.636588015564,144.49981705127757
2025-06-13 04:15:00+00:00,55437.69921875,55474.8515625,55376.25,55432.6484375,0.0,15.802116125052976,-209.8505383984084,-141.3493487898426,55999.03040586807,56248.541004907114,141.2213702976149
2025-06-13 04:30:00+00:00,55455.8984375,55467.25,55376.1484375,55435.19921875,0.0,17.39770307861896,-226.67854868944414,-158.41518876976292,55947.30355173778,56217.45698265586,137.6413840263567
2025-06-13 04:45:00+00:00,55505.6015625,55511.8515625,55380.8515625,55452.8515625,0.0,21.75855933795833,-233.31473426002776,-173.3950978678159,55905.2366956199,56189.54108382622,137.1669994530455
2025-06-13 05:00:00+00:00,55560.69921875,55591.0,55483.69921875,55502.5,0.0,26.397374498614354,-231.459912949118,-185.00806088407631,55872.42360258467,56164.88061852911,135.03369815282795
2025-06-13 05:15:00+00:00,55532.8515625,55588.3515625,55527.1015625,55555.44921875,0.0,25.572139751254923,-229.59045101950323,-193.9245389111617,55840.08340829089,56140.0951653515,129.7634339990545
2025-06-13 05:30:00+00:00,55446.55078125,55567.1015625,55440.0,55533.30078125,0.0,23.15615604472744,-232.39375027955248,-201.61838118483988,55802.60411047748,56112.89734636713,129.5733003205506
2025-06-13 05:45:00+00:00,55478.1484375,55485.80078125,55419.0,55440.75,0.0,25.91594886787523,-229.42109478210477,-207.17892390429287,55771.70357019391,56088.00523229391,125.08954895836841
2025-06-13 06:00:00+00:00,55507.80078125,55542.55078125,55469.69921875,55476.05078125,0.0,28.510709071208368,-222.11217664556898,-210.1655744525481,55746.56997124688,56065.2521165667,121.35826421134209
2025-06-13 06:15:00+00:00,55482.8984375,55517.1484375,55440.5,55507.80078125,0.0,27.63531655338545,-215.8411351380637,-211.30068658965124,55721.45839660432,56042.41471738761,118.16470516053194
2025-06-13 06:30:00+00:00,55471.80078125,55516.19921875,55453.6015625,55482.8984375,0.0,27.2340046450489,-209.3534810636629,-210.9112454844536,55697.68148085629,56020.03770028418,114.19563023835109
2025-06-13 06:45:00+00:00,55500.25,55553.6484375,55469.6484375,55471.8515625,0.0,30.038784063544952,-199.61531320122594,-208.6520590278081,55678.8784826795,55999.65386890048,112.0387995070403
2025-06-13 07:00:00+00:00,55486.19921875,55509.5,55445.6015625,55493.1484375,0.0,29.435316735606193,-190.8317361642621,-205.0879944550989,55660.52807659098,55979.518392424,108.60020222082314
2025-06-13 07:15:00+00:00,55482.55078125,55492.30078125,55455.8984375,55485.0,0.0,29.27088020043921,-182.0663390707632,-200.4836633782318,55643.577857987075,55960.0294664956,103.44321233005006
2025-06-13 07:30:00+00:00,55501.55078125,55502.3984375,55440.0,55482.55078125,0.0,31.419509838472436,-171.60836312490574,-194.7086033275666,55630.0514697264,55942.04991021146,100.51144269933219
2025-06-13 07:45:00+00:00,55521.44921875,55562.1015625,55480.55078125,55498.0,0.0,33.69137923266247,-159.87180162173172,-187.74124298639964,55619.70839820484,55925.55576544827,99.1571097386656
2025-06-13 08:00:00+00:00,55629.55078125,55635.30078125,55515.1015625,55515.1015625,0.0,44.456391864126466,-140.23110256230575,-178.23921490158088,55620.64576801867,55913.94772685226,100.66011752518948
2025-06-13 08:15:00+00:00,55555.19921875,55687.5,55547.30078125,55627.3515625,0.0,39.684326585024486,-129.1761940107608,-168.42661072341687,55614.412763326414,55899.879157907075,103.48433904124737
2025-06-13 08:30:00+00:00,55560.8984375,55600.19921875,55533.6484375,55556.6484375,0.0,40.21408873690463,-118.58820896028192,-158.4589303707899,55609.31616086676,55886.585796322484,100.84622777044399
2025-06-13 08:45:00+00:00,55565.55078125,55575.1015625,55538.19921875,55560.6484375,0.0,40.67217820083437,-108.57021935993544,-148.48118816861898,55605.14802947469,55873.996187888275,96.2788074832694
2025-06-13 09:00:00+00:00,55484.8515625,55586.44921875,55475.6484375,55565.30078125,0.0,35.57963054754708,-105.92164416752348,-139.9692793683999,55593.691223096146,55858.73561434364,97.31609132375016
2025-06-13 09:15:00+00:00,55416.69921875,55524.3515625,55376.19921875,55486.05078125,0.0,31.94217042252741,-108.07611958182679,-133.59064741108529,55576.83484172985,55841.40085373213,100.94725221133943
2025-06-13 09:30:00+00:00,55546.8515625,55554.80078125,55413.3984375,55415.1484375,0.0,43.76585384691999,-98.14993905647862,-126.50250574016395,55573.97929132701,55829.84990113479,103.83690160695804
2025-06-13 09:45:00+00:00,55577.1015625,55581.3515625,55514.3515625,55545.75,0.0,46.10925663136281,-86.84139375534869,-118.57028334320091,55574.27665048634,55819.93820158048,101.20569434931818
2025-06-16 03:45:00+00:00,55486.19921875,55601.8984375,55471.1015625,55565.8515625,0.0,40.62992882754493,-84.24324586978764,-111.70487584851826,55565.888323654304,55806.85039833223,103.31935011008116
2025-06-16 04:00:00+00:00,55468.1015625,55514.8984375,55406.1015625,55481.5,0.0,39.62046521117179,-82.69131060766085,-105.90216280034679,55556.57529878247,55793.566130260384,103.71060188793251
2025-06-16 04:15:00+00:00,55428.75,55476.6015625,55382.25,55470.80078125,0.0,37.44210737165572,-83.67221177713509,-101.45617259570446,55544.40146080319,55779.259615348215,103.04209907450877
2025-06-16 04:30:00+00:00,55477.30078125,55499.6484375,55409.80078125,55426.1484375,0.0,41.700935950867446,-79.61419781557925,-97.08777763967942,55538.010919893364,55767.41809244241,102.09963887275815
2025-06-16 04:45:00+00:00,55614.8515625,55633.6484375,55469.19921875,55476.8984375,0.0,51.72763821844195,-64.5548459475176,-90.58119130124706,55545.3290763321,55761.4350912682,106.55318029256114
2025-06-16 05:00:00+00:00,55672.5,55693.8984375,55601.94921875,55618.05078125,0.0,55.20489125153248,-47.42180492897751,-81.94931402679316,55557.4405928719,55757.94744063023,105.5100401823782
2025-06-16 05:15:00+00:00,55660.0,55697.5,55618.8515625,55679.80078125,0.0,54.29166566988173,-34.45521376141551,-72.45049397371763,55567.208155455526,55754.10636452709,103.59135427649404
2025-06-16 05:30:00+00:00,55739.6015625,55801.6484375,55648.3515625,55661.0,0.0,58.94883722194624,-17.553569384988805,-61.471109055971866,55583.62657517404,55753.53754876132,107.14174861388733
2025-06-16 05:45:00+00:00,55678.3984375,55777.94921875,55657.3515625,55736.69921875,0.0,54.36252955264026,-8.99380020818353,-50.9756472864142,55592.65246682413,55750.59091694715,108.10288487360967
2025-06-16 06:00:00+00:00,55768.8515625,55776.19921875,55677.8984375,55682.30078125,0.0,59.39109269575826,5.030699006783834,-39.774378027774596,55609.43333307898,55751.30702069432,107.40273461478041
2025-06-16 06:15:00+00:00,55744.55078125,55842.3984375,55738.25,55769.25,0.0,57.55626089126704,14.022700753470417,-29.014962271525594,55622.301661476224,55751.04207012788,107.17028482086754
2025-06-16 06:30:00+00:00,55809.30078125,55812.25,55737.6015625,55744.55078125,0.0,61.012505640498304,26.073155674625013,-17.997338682295474,55640.11110145468,55753.326725466,104.84729572651986
2025-06-16 06:45:00+00:00,55752.30078125,55824.1484375,55739.55078125,55810.3984375,0.0,56.639967426481626,30.670256759003678,-8.263819594035645,55650.795832863754,55753.2864923595,103.40089290676845
2025-06-16 07:00:00+00:00,55859.3984375,55896.8515625,55745.5,55745.5,0.0,62.13137947542655,42.4658583150449,1.8821159877804625,55670.66274759102,55757.44774511011,106.82594073485642
2025-06-16 07:15:00+00:00,55832.25,55880.05078125,55811.5,55858.05078125,0.0,60.05506269851723,49.057797758498054,11.317252341923982,55686.05200972521,55760.3811668705,104.09200077165238
2025-06-16 07:30:00+00:00,55876.1484375,55914.19921875,55830.1484375,55831.80078125,0.0,62.25175050982304,57.16522911438369,20.486847696415925,55704.15643141805,55764.92105983637,102.66048509153435
2025-06-16 07:45:00+00:00,55877.5,55898.69921875,55846.80078125,55876.80078125,0.0,62.32045482304924,62.973566597029276,28.984191476538594,55720.66534271157,55769.335920234946,99.0346245492819
2025-06-16 08:00:00+00:00,55891.1015625,55944.0,55869.3984375,55876.30078125,0.0,63.04931962310493,67.89163580312743,36.76568034185636,55736.897363643795,55774.111043461024,97.28940583147606
2025-06-16 08:15:00+00:00,55878.3515625,55910.6484375,55836.6484375,55884.1015625,0.0,61.8417036824219,69.95403605516185,43.40335148451746,55750.36919210629,55778.19890695275,95.6258768435135
2025-06-16 08:30:00+00:00,55945.3515625,55956.0,55871.3984375,55875.94921875,0.0,65.57328816463891,76.11740906110936,49.946162999835835,55768.9389416676,55784.75391305264,94.83842581897682
2025-06-16 08:45:00+00:00,55878.80078125,55955.6015625,55878.80078125,55947.19921875,0.0,59.363369852423695,74.76993346393283,54.91091709265523,55779.401974008775,55788.442025530974,93.55002263547847
2025-06-16 09:00:00+00:00,55884.0,55907.1484375,55857.69921875,55880.0,0.0,59.68458768451592,73.27689244376961,58.584112162878114,55789.36369076984,55792.18939707878,90.39996521508715
2025-06-16 09:15:00+00:00,55914.69921875,55924.30078125,55864.1015625,55876.8515625,0.0,61.61401560788952,73.72100718643924,61.611491167590344,55801.30040772033,55796.993703810986,88.2427690390095
2025-06-16 09:30:00+00:00,55957.3515625,55961.1015625,55898.55078125,55917.80078125,0.0,64.17905893569258,76.63130106248718,64.6154531465697,55816.16242246125,55803.28224728898,86.40762705408027
2025-06-16 09:45:00+00:00,55973.5,55999.1484375,55942.3515625,55957.6015625,0.0,65.12913213872716,79.32634910141496,67.55763233753876,55831.14695365542,55809.957453277646,84.29257333593168
2025-06-17 03:45:00+00:00,55897.6015625,56067.30078125,55873.8984375,55983.0,0.0,57.4205510469184,74.47927378602617,68.94196062723626,55837.47596402157,55813.394477168724,92.08612836550799
2025-06-17 04:00:00+00:00,55882.05078125,56006.3984375,55857.44921875,55898.8984375,0.0,55.959133899629826,68.5924228405056,68.87205306989013,55841.72118471,55816.08688125035,96.147777678686
2025-06-17 04:15:00+00:00,55870.30078125,55897.3984375,55815.6015625,55887.25,0.0,54.823741835901394,62.261215714068385,67.54988559872578,55844.44305104714,55818.21291654445,95.122713201637
2025-06-17 04:30:00+00:00,55850.3984375,55874.8984375,55788.8515625,55871.1484375,0.0,52.86709972726328,55.00368737325334,65.0406459536313,55845.01023070932,55819.47509383682,94.4744390443772
2025-06-17 04:45:00+00:00,55888.80078125,55923.30078125,55840.8984375,55846.8515625,0.0,56.12123295091884,51.754201851261314,62.383357133157304,55849.18075933224,55822.19374824518,93.61214652335026
2025-06-17 05:00:00+00:00,55913.0,55958.3515625,55877.1015625,55888.6484375,0.0,58.085081916032934,50.548939170490485,60.01647354062395,55855.258782252975,55825.754777725764,92.72913605739667
2025-06-17 05:15:00+00:00,55828.0,55918.5,55823.69921875,55918.5,0.0,49.67510629022218,42.247961979905085,56.46277122848018,55852.662707752694,55825.84282565809,92.8771107140112
2025-06-17 05:30:00+00:00,55826.05078125,55829.8984375,55795.25,55827.0,0.0,49.49811774752306,35.10739588209253,52.19169615920266,55850.12823856196,55825.85098077934,88.71791977015324
2025-06-17 05:45:00+00:00,55815.55078125,55826.5,55776.8984375,55821.19921875,0.0,48.495758261827575,28.27524414299114,47.40840575596036,55846.83514738939,55825.44705138603,85.92389425085659
2025-06-17 06:00:00+00:00,55807.0,55820.0,55772.3984375,55816.94921875,0.0,47.649516413670156,21.91808009790111,42.31034062434851,55843.0413238285,55824.723637606185,83.18658484008111
2025-06-17 06:15:00+00:00,55760.1015625,55811.3984375,55749.55078125,55806.1015625,0.0,43.1972224807767,12.94643142897985,36.43755878527478,55835.14229894007,55822.18943858241,81.66237565507531
2025-06-17 06:30:00+00:00,55728.0,55780.8515625,55721.0,55759.30078125,0.0,40.41362989080755,3.2090158743667416,29.791850203093176,55824.93827046959,55818.49573510859,80.10446042971277
2025-06-17 06:45:00+00:00,55708.55078125,55750.19921875,55689.3515625,55728.0,0.0,38.78301253024712,-6.008088017413684,22.631862558991806,55813.85374768677,55814.18416829061,78.72897441687614
2025-06-17 07:00:00+00:00,55704.6484375,55745.80078125,55696.3984375,55707.3515625,0.0,38.447812627311485,-13.472295547806425,15.41103093763216,55803.453241954696,55809.88864943607,76.63421508352783
2025-06-17 07:15:00+00:00,55680.30078125,55722.0,55654.0,55701.6015625,0.0,36.33756010139304,-21.109054133761674,8.107013923353396,55791.724436173296,55804.806772252305,76.01748543470441
2025-06-17 07:30:00+00:00,55683.94921875,55703.8515625,55663.19921875,55678.44921875,0.0,36.89648157976604,-26.560667081343126,1.1734777224140913,55781.46012975203,55800.06726035026,73.49140388579697
2025-06-17 07:45:00+00:00,55672.1015625,55704.19921875,55651.1015625,55683.25,0.0,35.7974017368098,-31.474300321402552,-5.3560778863492375,55771.04502810897,55795.04899768946,72.03470762609719
2025-06-17 08:00:00+00:00,55666.8515625,55699.30078125,55666.8515625,55670.80078125,0.0,35.29566352087801,-35.38413490752282,-11.361689290583953,55761.12184090811,55790.021647289876,69.20717270637596
2025-06-17 08:15:00+00:00,55692.8515625,55712.44921875,55643.94921875,55666.5,0.0,39.79604593786782,-35.97008354443096,-16.283368141353357,55754.61990963115,55786.211055729495,69.15666037020625
2025-06-17 08:30:00+00:00,55715.80078125,55725.6015625,55666.8515625,55692.8515625,0.0,43.52954913391528,-34.18853772098373,-19.864402057279435,55750.922849785326,55783.44986849501,68.41332748662009
2025-06-17 08:45:00+00:00,55709.55078125,55730.25,55690.1484375,55715.19921875,0.0,42.751970280273525,-32.90170224425674,-22.471862094674897,55746.98265278196,55780.551865073634,66.39105855900438
2025-06-17 09:00:00+00:00,55718.75,55752.80078125,55679.25,55708.44921875,0.0,44.32831166270411,-30.78470882523834,-24.134431440787587,55744.29382870749,55778.12826252173,66.90246732264693
2025-06-17 09:15:00+00:00,55729.3515625,55749.25,55699.05078125,55719.6015625,0.0,46.16795743390272,-27.92956416560628,-24.893457985751326,55742.87075573534,55776.21545075617,65.70937813888644
2025-06-17 09:30:00+00:00,55742.75,55769.75,55687.3984375,55733.6484375,0.0,48.48483900835027,-24.305520609872474,-24.775870510575558,55742.85925518912,55774.90308013828,66.89810559325169
2025-06-17 09:45:00+00:00,55678.69921875,55743.6015625,55660.1015625,55742.44921875,0.0,39.69047838394923,-26.29864828717109,-25.080426065894667,55736.74877552825,55771.13037969168,68.08395519373371
2025-06-18 03:45:00+00:00,55785.1484375,55786.25,55528.44921875,55567.80078125,0.0,54.47098442136545,-19.068840290332446,-23.878108910782224,55741.358267144606,55771.68010744887,81.63515705489559
2025-06-18 04:00:00+00:00,55895.6015625,55923.80078125,55784.19921875,55784.19921875,0.0,64.25892356505597,-4.37607658579509,-19.977702445784796,55756.0481047975,55776.53977235284,85.77561458668876
2025-06-18 04:15:00+00:00,55838.80078125,55914.3515625,55833.05078125,55896.55078125,0.0,57.422259187183194,2.6541013346868567,-15.451341689690466,55763.92931207869,55778.98138054488,85.45598363406813
2025-06-18 04:30:00+00:00,55889.3984375,55933.44921875,55841.69921875,55841.69921875,0.0,61.365447144118015,12.168109590507811,-9.927451433650813,55775.878752595,55783.311461209785,86.11258748163469
2025-06-18 04:45:00+00:00,55825.30078125,55905.30078125,55809.25,55889.3984375,0.0,54.48188239216284,14.370233399597055,-5.0679144670012395,55780.58561246691,55784.95810121136,86.82245846508935
2025-06-18 05:00:00+00:00,55897.80078125,55901.6484375,55775.6015625,55825.55078125,0.0,59.95370912377282,21.71525651612319,0.28871972962364634,55791.74896187482,55789.383304350136,89.62420250329725
2025-06-18 05:15:00+00:00,55803.05078125,55908.0,55762.8984375,55894.5,0.0,51.27799942069178,19.66403238786006,4.16378226127093,55792.82532562484,55789.91928383641,93.5868710744903
2025-06-18 05:30:00+00:00,55752.8984375,55803.25,55715.6015625,55802.55078125,0.0,47.37054405259291,13.832099653322075,6.097445739681159,55789.02276485105,55788.46748594087,93.162697247741
2025-06-18 05:45:00+00:00,55690.6484375,55752.6015625,55674.05078125,55752.6015625,0.0,42.991508761077775,4.139478853860055,5.705852362516939,55779.653781293804,55784.63144482554,92.14019431933093
2025-06-18 06:00:00+00:00,55702.94921875,55718.5,55612.19921875,55690.3515625,0.0,44.09134280140664,-2.5203694659940084,4.06060799681475,55772.34858486106,55781.42822027356,93.15166481437872
2025-06-18 06:15:00+00:00,55653.44921875,55707.0,55650.44921875,55702.55078125,0.0,40.689406684164325,-11.658195135787537,0.9168473702942928,55761.02483570763,55776.40943590009,90.53731598835166
2025-06-18 06:30:00+00:00,55776.19921875,55799.69921875,55650.55078125,55651.8984375,0.0,50.822465539960625,-8.89258054504171,-1.0450382127729079,55762.47001504499,55776.40119209028,94.72382466775512
2025-06-18 06:45:00+00:00,55761.0,55793.25,55739.3984375,55776.8984375,0.0,49.69041614082461,-7.836921828136838,-2.403414935845694,55762.33001361214,55775.797223773014,91.80437737005833
2025-06-18 07:00:00+00:00,55747.75,55789.80078125,55732.44921875,55760.0,0.0,48.67259045729267,-7.977509194344748,-3.5182337875455048,55760.941440887174,55774.69733264466,89.34346202219703
2025-06-18 07:15:00+00:00,55738.05078125,55764.3515625,55712.30078125,55746.69921875,0.0,47.89913728958772,-8.770471057388932,-4.568681241514191,55758.761378064584,55773.260212982124,86.67969910989724
2025-06-18 07:30:00+00:00,55770.1484375,55776.8984375,55725.0,55738.25,0.0,50.69162641220407,-6.731292291311547,-5.001203451473662,55759.84585991558,55773.13818257106,84.19532328061887
2025-06-18 07:45:00+00:00,55768.94921875,55775.30078125,55736.44921875,55770.5,0.0,50.58254342801585,-5.152599400040344,-5.031482641186999,55760.71284647124,55772.97390948004,80.95648322486036
2025-06-18 08:00:00+00:00,55770.8515625,55831.3984375,55764.3515625,55769.69921875,0.0,50.76354520086129,-3.705258751324436,-4.766237863214487,55761.67843847397,55772.890680186705,79.96293978022747
2025-06-18 08:15:00+00:00,55706.5,55776.5,55681.8515625,55770.94921875,0.0,44.78749792812732,-7.662535208866757,-5.345497332344941,55756.4233490955,55770.28712410095,81.01190390306837
2025-06-18 08:30:00+00:00,55694.69921875,55714.05078125,55681.6484375,55708.6484375,0.0,43.76990511317677,-11.617016006552149,-6.599801067186382,55750.544860491165,55767.32289251856,77.53979246356349
2025-06-18 08:45:00+00:00,55683.8515625,55699.25,55641.1015625,55695.8515625,0.0,42.80709026962486,-15.448208400681324,-8.369482533885371,55744.19311782534,55764.04950702764,76.15469568045181
2025-06-18 09:00:00+00:00,55751.69921875,55759.30078125,55675.75,55675.75,0.0,50.18762812974755,-12.861458257604681,-9.267877678629233,55744.90798458007,55763.565181997146,76.68298750684811
2025-06-18 09:15:00+00:00,55833.30078125,55848.19921875,55739.6015625,55752.19921875,0.0,57.3211899684813,-4.178706484453869,-8.250043439794162,55753.32634616768,55766.29991137962,78.96260670278753
2025-06-18 09:30:00+00:00,55823.25,55858.94921875,55819.05078125,55856.75,0.0,56.252632003688234,1.8698681268069777,-6.226061126473934,55759.98574177076,55768.533248188265,76.17230890258841
2025-06-18 09:45:00+00:00,55802.8515625,55857.8515625,55775.05078125,55827.19921875,0.0,54.05039758609693,4.960245037320419,-3.9887998937150635,55764.06820088783,55769.87906443579,76.6457712131178
2025-06-19 03:45:00+00:00,55872.3515625,55882.69921875,55685.75,55803.19921875,0.0,59.82182792941333,12.86911304370733,-0.617217306230585,55774.38090199375,55773.89759377164,85.2388746086094
2025-06-19 04:00:00+00:00,55895.19921875,55926.8984375,55831.3515625,55872.3515625,0.0,61.53238849824915,20.741468099491613,3.6545197749138545,55785.88740835148,55778.65452024138,85.97516035085157
2025-06-19 04:15:00+00:00,55863.3984375,55941.94921875,55793.5,55895.1015625,0.0,57.841198645553796,24.13608317910257,7.750832455751598,55793.26941112753,55781.97781111427,90.43759309364789
2025-06-19 04:30:00+00:00,55809.94921875,55863.3515625,55777.1484375,55862.19921875,0.0,52.17592346382774,22.256871467347082,10.652040258070695,55794.857964234434,55783.074729060776,90.13847930124447
2025-06-19 04:45:00+00:00,55773.94921875,55818.05078125,55753.94921875,55808.6015625,0.0,48.71499806755428,17.659120166492357,12.053456239755029,55792.86665514068,55782.71686591134,88.278699529727
2025-06-19 05:00:00+00:00,55728.1015625,55775.69921875,55702.6015625,55772.94921875,0.0,44.652722691669595,10.198286937433295,11.682422379290683,55786.69855107966,55780.57508930698,87.19433929546078
2025-06-19 05:15:00+00:00,55727.1484375,55750.75,55714.1484375,55730.3515625,0.0,44.56951528497043,4.160652220220072,10.178068347476563,55781.02711169112,55778.479926491025,83.58056952435643
2025-06-19 05:30:00+00:00,55685.3515625,55747.55078125,55662.05078125,55726.75,0.0,40.96455169458048,-3.951326857029926,7.352189306575266,55771.9151546253,55774.82783378549,83.71767170118812
2025-06-19 05:45:00+00:00,55632.0,55688.3984375,55612.3515625,55686.5,0.0,36.86560431308366,-14.517801753943786,2.978191094471456,55758.58990180385,55769.226742264495,83.16975765110325
2025-06-19 06:00:00+00:00,55648.25,55694.05078125,55629.1484375,55633.94921875,0.0,38.87190447333504,-21.334637621846923,-1.8843746487922206,55748.081339727294,55764.48255629334,81.86494237245302
2025-06-19 06:15:00+00:00,55669.1484375,55679.94921875,55644.94921875,55647.0,0.0,41.44887958852522,-24.76522184744681,-6.460544088523139,55740.563920467546,55760.74396339949,78.51744648870637
2025-06-19 06:30:00+00:00,55653.8984375,55680.5,55628.80078125,55667.30078125,0.0,40.119747151234705,-28.38730097750522,-10.845895466319556,55732.310064946825,55756.55394277598,76.60185879308449
2025-06-19 06:45:00+00:00,55631.6484375,55657.8984375,55625.3984375,55653.19921875,0.0,38.195282058547285,-32.67653903122118,-15.212024179299883,55722.72324328522,55751.655687667124,73.45172602214987
2025-06-19 07:00:00+00:00,55578.3515625,55636.3984375,55562.1484375,55630.30078125,0.0,33.98944591326237,-39.91627352879732,-20.15287404919937,55708.97355940091,55744.85944746449,73.5087455919963
2025-06-19 07:15:00+00:00,55634.3515625,55634.69921875,55543.0,55577.94921875,0.0,41.30301527442929,-40.6663074111857,-24.255560721596638,55701.866702553205,55740.52580491686,74.80806510328229
2025-06-19 07:30:00+00:00,55653.30078125,55706.80078125,55596.55078125,55633.5,0.0,43.580891850942905,-39.278888502391055,-27.26022627775552,55697.2413767148,55737.10521575346,77.33963188161927
2025-06-19 07:45:00+00:00,55620.1484375,55664.0,55619.0,55652.94921875,0.0,40.61147753489898,-40.38888813507219,-29.885958649218857,55689.899192027675,55732.51867542979,75.02965817578932
2025-06-19 08:00:00+00:00,55599.19921875,55646.05078125,55596.3515625,55619.6015625,0.0,38.81187107788042,-42.469436486768245,-32.402654216728735,55681.261099334566,55727.290461442346,73.22034107394722
2025-06-19 08:15:00+00:00,55653.80078125,55656.30078125,55592.69921875,55602.1484375,0.0,45.58056260908,-39.259833355063165,-33.77409004439562,55678.645830945556,55724.40851319951,72.53328546152242
2025-06-19 08:30:00+00:00,55678.25,55710.3515625,55632.30078125,55661.75,0.0,48.33647967194692,-34.34741648998897,-33.88875533351429,55678.60813276026,55722.598375426984,72.92739230355654
2025-06-19 08:45:00+00:00,55636.94921875,55705.3515625,55613.05078125,55677.1015625,0.0,44.259001266183176,-33.40188250464416,-33.791380767740264,55674.640617140234,55719.239584969066,74.31120579973107
2025-06-19 09:00:00+00:00,55618.5,55673.80078125,55576.30078125,55637.1015625,0.0,42.53297725665025,-33.75216384086525,-33.78353738236526,55669.293891698304,55715.2890130095,75.96754824260744
2025-06-19 09:15:00+00:00,55647.80078125,55658.05078125,55613.3515625,55619.80078125,0.0,46.126390781143066,-31.304576482172706,-33.287745202326754,55667.246928798464,55712.6424156856,73.73409613599263
2025-06-19 09:30:00+00:00,55565.6015625,55648.8984375,55562.1484375,55648.69921875,0.0,38.797114401609065,-35.58740638368181,-33.74767743859777,55657.56641772242,55706.876107717544,74.6638035548503
2025-06-19 09:45:00+00:00,55497.05078125,55597.8984375,55482.3984375,55570.25,0.0,33.95197702536056,-44.005783797874756,-35.79929871045317,55642.27921424885,55698.64766354235,77.58067472950385
2025-06-20 03:45:00+00:00,55708.05078125,55833.6015625,55566.69921875,55566.69921875,0.0,53.28871506961437,-33.267979392490815,-35.29303484686071,55648.54317301086,55699.01641325638,96.07853948096786
2025-06-20 04:00:00+00:00,55776.6484375,55786.55078125,55668.75,55709.3984375,0.0,57.63158765008626,-19.003869694344758,-32.03520181635752,55660.74367439078,55702.060806363974,97.63012817875587
2025-06-20 04:15:00+00:00,55776.94921875,55792.3984375,55736.6484375,55776.19921875,0.0,57.65017994537563,-7.5877229115285445,-27.14570603539173,55671.810869091656,55704.9976068497,94.63869045170188
2025-06-20 04:30:00+00:00,55799.69921875,55802.75,55739.55078125,55775.69921875,0.0,59.11170135834964,3.257836224998755,-21.064997583313634,55683.99071191626,55708.711395551676,92.3930139015803
2025-06-20 04:45:00+00:00,56000.0,56034.5,55796.25,55798.19921875,0.0,69.19251846882506,27.696352728264173,-11.312727520998072,55714.086834590904,55720.13447807907,102.81137005146742
2025-06-20 05:00:00+00:00,56065.94921875,56118.80078125,55992.19921875,55998.30078125,0.0,71.66918460102431,51.788616980353254,1.3075413792721946,55747.59753784415,55733.69584045832,104.51066951207689
2025-06-20 05:15:00+00:00,56021.80078125,56105.8515625,56007.0,56065.0,0.0,67.74303978169334,66.55232624361088,14.356498352139932,55773.71213245423,55744.99407343054,104.10644758264282
2025-06-20 05:30:00+00:00,56132.8984375,56134.69921875,56019.94921875,56019.94921875,0.0,71.91284564093456,86.22339495421329,28.729877672554604,55807.9203519824,55760.20600927641,104.86670132673976
2025-06-20 05:45:00+00:00,56129.8984375,56155.75,56104.94921875,56133.94921875,0.0,71.64352454022296,100.4132818932485,43.06655851669339,55838.5849315555,55774.70375155969,101.00484989268692
2025-06-20 06:00:00+00:00,56142.8984375,56198.3984375,56120.75,56128.6484375,0.0,72.13060226740149,111.42344081251213,56.737934975857144,55867.567170216884,55789.14275885146,99.33653472178071
2025-06-20 06:15:00+00:00,56110.05078125,56167.5,56108.05078125,56140.19921875,0.0,68.90973860360529,116.15952504198503,68.62225298908272,55890.66084745813,55801.72738718082,96.48744072379637
2025-06-20 06:30:00+00:00,56165.75,56169.5,56095.3515625,56112.1484375,0.0,71.25376827862836,122.98961959451844,79.49572631016987,55916.85981436688,55816.00278376197,94.89179763638234
2025-06-20 06:45:00+00:00,56068.5,56169.05078125,56062.6484375,56167.0,0.0,62.4067756342732,119.18140741095704,87.43286253032731,55931.30173680813,55825.90463537915,95.71397950164075
2025-06-20 07:00:00+00:00,56117.5,56120.6484375,56027.44921875,56066.69921875,0.0,64.779639277336,118.74840461857093,93.69597094797604,55949.03490473116,55837.339747717226,95.5343537336664
2025-06-20 07:15:00+00:00,56135.19921875,56173.5,56109.5,56114.19921875,0.0,65.62368358217714,118.46780273429613,98.65033730524006,55966.76483939962,55849.02051128714,93.28189989554737
2025-06-20 07:30:00+00:00,56168.6015625,56186.8984375,56104.5,56133.94921875,0.0,67.22024165261577,119.56247195335891,102.83276423486383,55985.9873844568,55861.553101530786,92.50450972443684
2025-06-20 07:45:00+00:00,56216.3515625,56242.1015625,56165.55078125,56169.3515625,0.0,69.4076005203277,122.86670029359811,106.8395514466107,56007.926829984724,55875.46676666684,91.36495769054851
2025-06-20 08:00:00+00:00,56191.55078125,56230.1015625,56152.44921875,56218.8515625,0.0,66.91022720273132,122.07688296423294,109.88701775013514,56025.41482534332,55887.86221821912,90.38548526622363
2025-06-20 08:15:00+00:00,56166.94921875,56212.3515625,56160.5,56191.44921875,0.0,64.43354394657165,118.10437285758962,111.53048877162605,56038.89429138206,55898.80680647524,87.63306221149337
2025-06-20 08:30:00+00:00,56155.0,56182.05078125,56137.80078125,56166.80078125,0.0,63.20970787155532,112.69287457907922,111.76296593311669,56049.951977917095,55908.85359837817,84.53427205352955
2025-06-20 08:45:00+00:00,56084.80078125,56186.30078125,56082.55078125,56156.25,0.0,56.428776954994596,101.56890976452996,109.72415469939935,56053.270911567844,55915.753487902555,85.906824049706
2025-06-20 09:00:00+00:00,56101.25,56113.44921875,56067.0,56086.75,0.0,57.57720166846516,93.00826065325236,106.38097589016996,56057.84034856138,55923.02786092599,83.08842367115558
2025-06-20 09:15:00+00:00,56120.6015625,56148.6484375,56082.8515625,56101.3515625,0.0,58.948057961930985,86.78499057287263,102.4617788267105,56063.81760703173,55930.77584922301,81.85331305178734
2025-06-20 09:30:00+00:00,56239.1484375,56294.80078125,56107.1484375,56124.8984375,0.0,66.16177288068639,90.37693719852541,100.04481050107348,56080.51578136204,55942.86889190054,89.41038667308825
2025-06-20 09:45:00+00:00,56216.5,56323.25,56208.69921875,56240.94921875,0.0,63.85321454698706,90.35449082605192,98.10674656606918,56093.46665932756,55953.59952359072,91.20612914286767
2025-06-23 03:45:00+00:00,55896.25,56057.44921875,55848.19921875,55855.3515625,0.0,41.69771483557074,63.76021528264391,91.23744030938414,56074.68412034398,55951.35052266559,110.99860429337711
2025-06-23 04:00:00+00:00,55872.0,55955.0,55841.30078125,55895.6484375,0.0,40.55035220025693,40.263159340851416,81.0425841156776,56055.38087078741,55948.23873746302,111.19150532599303
2025-06-23 04:15:00+00:00,55843.8984375,55875.55078125,55790.1015625,55872.80078125,0.0,39.204109234953506,19.15322551933059,68.6647123964082,56035.239686664805,55944.14696099388,109.35277057056497
2025-06-23 04:30:00+00:00,55828.3984375,55859.1484375,55782.80078125,55842.80078125,0.0,38.445941616292174,1.159365966632322,55.16364311045303,56015.54052007768,55939.60780320981,106.99526240481033
2025-06-23 04:45:00+00:00,55898.80078125,55933.19921875,55811.55078125,55826.69921875,0.0,43.76551121291618,-7.335458010165894,42.66382288632925,56004.422449713136,55938.00752783884,108.04191776875246
2025-06-23 05:00:00+00:00,55917.0,55941.25,55879.6015625,55900.44921875,0.0,45.086648840888316,-12.455562387891405,31.639945831485118,55996.09650212141,55937.183703217706,104.72809774955586
2025-06-23 05:15:00+00:00,55930.8515625,55950.80078125,55903.19921875,55917.5,0.0,46.12410677969604,-15.220128497065161,22.26793096577506,55989.882698347945,55936.935383973876,100.64763094601616
2025-06-23 05:30:00+00:00,55917.69921875,55942.3984375,55887.25,55930.3984375,0.0,45.24992947816532,-18.261840152430523,14.161976742133945,55983.00808124337,55936.181024553334,97.39768855701502
2025-06-23 05:45:00+00:00,55906.19921875,55924.75,55856.8984375,55917.6015625,0.0,44.45653972751066,-21.354214353617863,7.058738522983584,55975.6929514821,55935.00526746301,95.28725098151394
2025-06-23 06:00:00+00:00,55927.6015625,55946.8984375,55889.44921875,55907.55078125,0.0,46.34214240316878,-21.82635231063614,1.2817203562596404,55971.11281919809,55934.71492609192,92.58453439354865
2025-06-23 06:15:00+00:00,55868.44921875,55949.1015625,55859.5,55929.3984375,0.0,42.089255775834836,-26.66623309109127,-4.307870333210542,55961.33533344113,55932.116270902035,92.37146497258088
2025-06-23 06:30:00+00:00,55914.0,55936.75,55858.1484375,55871.8984375,0.0,46.184884070569964,-26.52059322573041,-8.750414911714516,55956.82720644673,55931.40582890588,91.38790051025367
2025-06-23 06:45:00+00:00,55920.19921875,55950.5,55905.69921875,55914.1015625,0.0,46.73697804390004,-25.609734362835297,-12.122278801938673,55953.33882666609,55930.96635399781,88.06024913452127
2025-06-23 07:00:00+00:00,55955.6015625,55961.55078125,55902.5,55919.75,0.0,49.89810963607412,-21.78013108720188,-14.053849258991317,55953.55432531694,55931.932440605735,85.98814428562689
2025-06-23 07:15:00+00:00,55939.55078125,55970.0,55920.3515625,55952.6015625,0.0,48.4928916539593,-19.81192724063294,-15.205464855319642,55952.22065445342,55932.23119906238,83.39245094379639
2025-06-23 07:30:00+00:00,55973.55078125,55975.6484375,55929.3984375,55935.3515625,0.0,51.60212504692076,-15.331859529025678,-15.23074379006085,55954.25209510071,55933.85157483444,80.73941873352521
2025-06-23 07:45:00+00:00,56175.1484375,56177.30078125,55961.30078125,55976.25,0.0,65.06724524308963,4.4347513934990275,-11.297644753348877,55975.28984199588,55943.31419689976,90.4008888239877
2025-06-23 08:00:00+00:00,56128.0,56204.6484375,56110.3515625,56202.05078125,0.0,60.806363488647506,16.109744977882656,-5.8161668071025705,55989.8336665677,55950.5567774135,90.67917355084572
2025-06-23 08:15:00+00:00,56143.94921875,56169.55078125,56113.80078125,56130.69921875,0.0,61.71957341534736,26.34553523656359,0.6161736016306625,56004.5113382041,55958.14079472081,88.18423258292817
2025-06-23 08:30:00+00:00,56125.44921875,56231.8984375,56120.94921875,56148.25,0.0,59.97401188689843,32.58901153339684,7.010741187983899,56016.029231589426,55964.70190938863,89.8103030234333
2025-06-23 08:45:00+00:00,56065.25,56129.8984375,56029.55078125,56125.69921875,0.0,54.565993913676635,32.307022389511985,12.069997428289518,56020.716923819,55968.64497176554,90.5629711110452
2025-06-23 09:00:00+00:00,56047.1484375,56096.5,56021.30078125,56065.75,0.0,53.01786489473478,30.27392024100118,15.710781990831851,56023.234210836235,55971.72353904924,89.4655602281134
2025-06-23 09:15:00+00:00,56063.1015625,56068.1015625,56011.8984375,56045.1015625,0.0,54.24981280128817,29.608645962354785,18.49035478513644,56027.03110147088,55975.30699094927,87.08967199753387
2025-06-23 09:30:00+00:00,56063.19921875,56078.25,56049.6484375,56060.6015625,0.0,54.257719885464304,28.757789451032295,20.543841718315612,56030.47568406889,55978.75374498068,82.91194989056716
2025-06-23 09:45:00+00:00,56034.55078125,56085.80078125,56021.55078125,56057.25,0.0,51.44852422526055,25.478094441292342,21.530692262910957,56030.86378856233,55980.941864050066,81.57895346981236
2025-06-24 03:45:00+00:00,56613.8515625,56728.0,56488.80078125,56529.44921875,0.0,77.17886524960345,68.83021230326995,30.990596270982756,56086.386433699256,56005.761852224576,125.2839724183972
2025-06-24 04:00:00+00:00,56557.3515625,56668.19921875,56479.94921875,56614.44921875,0.0,73.109328994562,97.50403441960225,44.293283900706655,56131.2402554898,56027.39282125498,129.7815458170831
2025-06-24 04:15:00+00:00,56567.6484375,56605.05078125,56461.44921875,56556.94921875,0.0,73.3847636209079,119.67952571393107,59.370532263351535,56172.802939490764,56048.57931600969,130.76868986586288
2025-06-24 04:30:00+00:00,56619.6015625,56640.75,56545.80078125,56568.75,0.0,74.78795188328112,139.83402572273917,75.46323095522906,56215.35518930117,56070.97234528382,128.2101562147298
2025-06-24 04:45:00+00:00,56618.55078125,56708.1484375,56571.05078125,56620.6484375,0.0,74.70216830740537,153.94721525130444,91.16002781444415,56253.75476948677,56092.44600943936,128.84497764582053
2025-06-24 05:00:00+00:00,56597.1484375,56655.8515625,56562.6015625,56623.44921875,0.0,72.86880779246127,161.54286378221877,105.23659500799909,56286.45892834517,56112.238261520164,126.30247924254763
2025-06-24 05:15:00+00:00,56608.25,56623.69921875,56487.19921875,56596.25,0.0,73.23573293966166,166.53852087871928,117.49698018214312,56317.10569707421,56131.68970224487,127.03087358236566
2025-06-24 05:30:00+00:00,56692.80078125,56711.8515625,56592.3515625,56608.25,0.0,75.9081096423668,175.2994140212395,129.0574669499624,56352.88618128142,56153.69405828429,126.49295404076811
2025-06-24 05:45:00+00:00,56787.3515625,56800.05078125,56653.55078125,56691.75,0.0,78.49412776378625,187.70815998451144,140.7876055568722,56394.263836635575,56178.5433721751,127.92202875214183
2025-06-24 06:00:00+00:00,56791.44921875,56821.55078125,56749.3984375,56788.44921875,0.0,78.6013296824236,195.61786618098267,151.75365768169428,56432.09101588457,56202.578895570194,123.93847982341741
2025-06-24 06:15:00+00:00,56787.1484375,56797.3515625,56747.1484375,56790.25,0.0,78.16094539559599,199.2425837431001,161.25144289397545,56465.90600841937,56225.50319133215,118.67166876460189
2025-06-24 06:30:00+00:00,56826.19921875,56860.8515625,56777.5,56787.6015625,0.0,79.29527296480208,202.92705345709692,169.58656500659976,56500.219647498474,56249.05989828971,116.14880403141603
2025-06-24 06:45:00+00:00,56772.55078125,56840.3515625,56674.44921875,56831.30078125,0.0,73.6366505745043,199.22153980330768,175.51355996594134,56526.155945950995,56269.58895252345,119.70262829702918
2025-06-24 07:00:00+00:00,56556.30078125,56786.5,56488.6484375,56772.1484375,0.0,56.22081627996041,176.7973164015857,175.77031125307025,56529.02688264614,56280.83255364998,132.42755216866996
2025-06-24 07:15:00+00:00,56692.3515625,56765.6484375,56534.0,56558.3984375,0.0,62.26723832060926,168.06674994551577,174.22959899155939,56544.58161406079,56296.970553997045,139.51475826376495
2025-06-24 07:30:00+00:00,56566.05078125,56703.3984375,56566.05078125,56694.30078125,0.0,54.71268934737693,149.23599595634005,169.2308783845155,56546.62629665024,56307.522719771674,139.35996526278174
2025-06-24 07:45:00+00:00,56446.80078125,56614.6015625,56433.1015625,56566.44921875,0.0,48.70435900179978,123.2690405977919,160.0385108271708,56537.11910470736,56312.98460453553,142.3699677440116
2025-06-24 08:00:00+00:00,56330.55078125,56505.6015625,56285.8984375,56449.80078125,0.0,43.66975046755307,92.24628023884725,146.48006470950608,56517.44593104475,56313.67347421061,147.89376469086793
2025-06-24 08:15:00+00:00,56425.19921875,56425.19921875,56278.3515625,56330.80078125,0.0,48.35103134978147,74.43976180674508,132.0720041289539,56508.66052987382,56318.04703282,147.81904265937737
2025-06-24 08:30:00+00:00,56370.6484375,56437.80078125,56282.80078125,56420.1015625,0.0,45.979341050752645,55.288840179811814,116.71537133912548,56495.516521076315,56320.10983300353,148.33196818370757
2025-06-24 08:45:00+00:00,56405.25,56415.55078125,56349.69921875,56372.0,0.0,47.7307123782178,42.41472320509638,101.85524171231967,56486.91970954524,56323.44866308183,142.44051063487132
2025-06-24 09:00:00+00:00,56468.6484375,56492.3984375,56402.30078125,56404.94921875,0.0,50.8734093743241,36.90223086644255,88.86463954314425,56485.179588398074,56329.14277188254,138.70173532166623
2025-06-24 09:15:00+00:00,56442.94921875,56513.3515625,56409.69921875,56438.5,0.0,49.572278856563194,30.11270824080566,77.11425328267654,56481.15764843159,56333.605769798916,136.1982073522615
2025-06-24 09:30:00+00:00,56457.6484375,56490.44921875,56433.1484375,56444.05078125,0.0,50.35439250428319,25.62270416669344,66.81594345947993,56478.91867596192,56338.470188140134,130.56267691638567
2025-06-24 09:45:00+00:00,56471.3984375,56506.6484375,56440.80078125,56457.75,0.0,51.118125409953514,22.90976417510683,58.03470760260531,56478.202462775065,56343.68306066406,125.94017544021527
2025-06-25 03:45:00+00:00,56558.44921875,56586.44921875,56435.3984375,56566.0,0.0,55.7584239406427,27.467383322160458,51.92124274651634,56485.84501096315,56352.105262941936,127.73379014091418
2025-06-25 04:00:00+00:00,56643.3515625,56663.5,56554.19921875,56558.8515625,0.0,59.76970401582269,37.49798547928367,49.03659129306981,56500.84563491904,56363.52668645402,126.41714664870604
2025-06-25 04:15:00+00:00,56599.44921875,56646.80078125,56551.75,56638.94921875,0.0,56.89697737563326,41.42721062541386,47.514715159538625,56510.23645242675,56372.77855046562,124.17669197736988
2025-06-25 04:30:00+00:00,56567.25,56620.8515625,56564.0,56602.8984375,0.0,54.81602081353115,41.46495976411825,46.30476408045455,56515.666314100396,56380.40488181991,119.36775415755775
2025-06-25 04:45:00+00:00,56622.6015625,56642.19921875,56562.5,56571.1015625,0.0,57.68135206771979,45.4375094053903,46.1313131454417,56525.850623471786,56389.90279086619,116.5342873427322
2025-06-25 05:00:00+00:00,56630.69921875,56636.6015625,56593.5,56622.6015625,0.0,58.09997095714028,48.67806635332818,46.640663787019,56535.836203974475,56399.3457880381,111.28909271110847
2025-06-25 05:15:00+00:00,56618.75,56646.75,56594.55078125,56630.5,0.0,57.20077609429341,49.70901441678143,47.25433391297149,56543.732755976904,56407.949874781705,107.06838742817214
2025-06-25 05:30:00+00:00,56566.0,56626.8515625,56561.25,56617.44921875,0.0,53.28052375356228,45.74227555575635,46.951922241528464,56545.85344588386,56414.14791890792,104.10647136187413
2025-06-25 05:45:00+00:00,56606.80078125,56609.1015625,56558.8515625,56566.8984375,0.0,55.80359626547583,45.36791540190461,46.6351208736037,56551.65795401397,56421.70293311741,100.2595805503117
2025-06-25 06:00:00+00:00,56596.8515625,56619.80078125,56595.69921875,56606.30078125,0.0,55.02325738218186,43.76393013433699,46.06088272575035,56555.962107203115,56428.57150681869,94.81972211814659
2025-06-25 06:15:00+00:00,56574.94921875,56603.1015625,56570.1015625,56599.80078125,0.0,53.25766881876373,40.261316760777845,44.90096953275585,56557.77040354091,56434.311809247374,90.40402768113611
2025-06-25 06:30:00+00:00,56564.55078125,56578.80078125,56519.94921875,56577.05078125,0.0,52.39802156984517,36.22878059333016,43.16653174487071,56558.41615379892,56439.41921991415,88.15028016819782
2025-06-25 06:45:00+00:00,56559.19921875,56578.69921875,56529.75,56564.19921875,0.0,51.93341833020801,32.22961729299277,40.97914885449513,56558.4907314133,56444.11647477045,85.35020435261227
2025-06-25 07:00:00+00:00,56583.80078125,56600.25,56551.69921875,56560.3515625,0.0,53.95466694650922,30.691598413322936,38.92163876626069,56560.90121235012,56449.594290710826,82.72167413099712
2025-06-25 07:15:00+00:00,56606.25,56612.1015625,56555.1484375,56583.5,0.0,55.781923664291234,30.927656930231024,37.322842399054764,56565.22014450726,56455.73765185942,80.88106347878303
2025-06-25 07:30:00+00:00,56610.30078125,56634.55078125,56556.6015625,56610.44921875,0.0,56.120299890035284,31.08329037589283,36.07493199442238,56569.51353848276,56461.79895105121,80.67164599815567
2025-06-25 07:45:00+00:00,56623.1015625,56631.3515625,56596.6015625,56609.44921875,0.0,57.23403182738789,31.872144823348208,35.23437456020755,56574.61715981773,56468.124543657046,77.39152842685884
2025-06-25 08:00:00+00:00,56609.44921875,56643.3984375,56589.44921875,56622.1015625,0.0,55.61279243553797,31.037901999290625,34.39508004802416,56577.93449876366,56473.66668777834,75.71707773565466
2025-06-25 08:15:00+00:00,56588.6484375,56615.1484375,56583.6015625,56608.8984375,0.0,53.14280689235912,28.37126308301231,33.19031665502179,56578.954873881405,56478.175776002725,72.56206325453647
2025-06-25 08:30:00+00:00,56625.3984375,56636.44921875,56567.05078125,56589.05078125,0.0,56.79393292376888,28.890320763042837,32.330317476626,56583.37807041651,56483.9492137085,72.33608998635529
2025-06-25 08:45:00+00:00,56634.25,56646.3515625,56620.3984375,56622.05078125,0.0,57.64989075578319,29.673863010779314,31.799026583456666,56588.22301609113,56489.84336219052,69.02302105875849
2025-06-25 09:00:00+00:00,56652.05078125,56653.8515625,56586.94921875,56635.75,0.0,59.39218331104865,31.3695910480601,31.713139476377354,56594.30185086816,56496.204437447755,68.87154410813288
2025-06-25 09:15:00+00:00,56641.8515625,56681.05078125,56613.3515625,56650.6484375,0.0,57.92183117762034,31.52705179181794,31.67592193946547,56598.8303948331,56501.91608941059,68.78780658255197
2025-06-25 09:30:00+00:00,56616.94921875,56673.94921875,56591.25,56642.1015625,0.0,54.38182634589681,29.304624077762128,31.201662367124804,56600.5559971109,56506.42719252194,69.78147888022683
2025-06-25 09:45:00+00:00,56591.0,56629.69921875,56564.30078125,56617.19921875,0.0,50.89142829259949,25.15942680518492,29.99321525473683,56599.64590214796,56509.74377320735,69.46840449592491
2025-06-26 03:45:00+00:00,56696.1015625,56719.69921875,56569.55078125,56689.8515625,0.0,61.63262798800523,30.009218237719324,29.996415851333328,56608.83215551482,56517.05192180707,75.23126399621599
2025-06-26 04:00:00+00:00,56714.1484375,56795.5,56666.3984375,56696.8984375,0.0,63.1241017471002,34.90656373912498,30.97844542889166,56618.86227760864,56524.78119693228,79.07914246077199
2025-06-26 04:15:00+00:00,56777.44921875,56802.5,56706.44921875,56714.19921875,0.0,67.8456557758513,43.39535471613635,33.4618272863406,56633.96579581258,56534.68974680749,80.29140237428828
2025-06-26 04:30:00+00:00,56695.69921875,56785.69921875,56639.44921875,56777.75,0.0,57.59021301083604,43.0302153993689,35.37550490894626,56639.845169425666,56541.00384374641,85.00273077612484
2025-06-26 04:45:00+00:00,56691.30078125,56721.5,56631.94921875,56693.19921875,0.0,57.09019089551529,41.90289225488959,36.68098237813493,56644.74570388513,56546.89784129557,85.32759152425878
2025-06-26 05:00:00+00:00,56629.3515625,56743.75,56623.75,56688.25,0.0,50.44671300558776,35.60031801344303,36.464849505196554,56643.27959518178,56550.13132055849,87.80419212966886
2025-06-26 05:15:00+00:00,56587.1484375,56676.75,56578.8515625,56628.3515625,0.0,46.47862975901466,26.890071037800226,34.54989381171729,56637.93377064066,56551.58297220326,88.52520965612109
2025-06-26 05:30:00+00:00,56609.75,56640.75,56560.5,56596.05078125,0.0,48.80128882760313,21.56233755502035,31.952382560377902,56635.24960200822,56553.86403211686,87.93412325211246
2025-06-26 05:45:00+00:00,56612.1484375,56635.25,56567.3984375,56609.75,0.0,49.05395282428269,17.33379109352245,29.028664267006814,56633.049491102676,56556.14969507306,86.49965462696157
2025-06-26 06:00:00+00:00,56656.69921875,56690.3515625,56614.44921875,56616.8984375,0.0,53.631367164924306,17.377199736591137,26.69837136092368,56635.30184611671,56560.092813648625,85.90704536789289
2025-06-26 06:15:00+00:00,56731.1015625,56742.69921875,56656.94921875,56657.0,0.0,60.08189973861142,23.148408291846863,25.98837874710832,56644.425628629404,56566.79903909378,85.91368498447197
2025-06-26 06:30:00+00:00,56989.8515625,57033.6015625,56783.25,56795.8515625,0.0,73.75560620496395,48.04723655261478,30.400150308209614,56677.323336617075,56583.389334129315,101.38413605700968
2025-06-26 06:45:00+00:00,56948.1484375,57027.0,56931.1015625,56997.75,0.0,69.61654562809466,63.68057366229186,37.056234979026065,56703.11620336783,56597.69361269288,100.99230044579471
2025-06-26 07:00:00+00:00,56890.1484375,56973.80078125,56844.1484375,56949.1484375,0.0,64.21879318407937,70.57642953270988,43.76027388976283,56720.9287970947,56609.16242935198,103.03944639609509
2025-06-26 07:15:00+00:00,56865.8984375,56902.30078125,56804.5,56895.1015625,0.0,62.05244709884865,73.2404028837991,49.65629968857009,56734.73542951425,56619.23050810288,102.66525602851686
2025-06-26 07:30:00+00:00,56861.69921875,56926.94921875,56822.6015625,56868.1015625,0.0,61.66452676840545,74.15793261318322,54.55662627349271,56746.82721896527,56628.73908499101,102.78542747290852
2025-06-26 07:45:00+00:00,56870.05078125,56974.19921875,56857.55078125,56863.44921875,0.0,62.17104132919046,74.6979118015879,58.58488337911175,56758.56279632572,56638.202288765875,103.77564247484362
2025-06-26 08:00:00+00:00,56960.0,56962.8984375,56843.75,56872.8515625,0.0,67.19800460524459,81.44515041868726,63.156936787026865,56777.74729191375,56650.821806853484,104.87369926235479
2025-06-26 08:15:00+00:00,57037.44921875,57040.0,56955.75,56957.1015625,0.0,70.79649710820335,91.98158387461444,68.92186620454439,56802.4808087553,56665.98366614355,103.4005778864723
2025-06-26 08:30:00+00:00,57150.1484375,57157.0,57021.69921875,57037.6484375,0.0,75.08048699769026,108.17865222186083,76.77322340800768,56835.59201149289,56684.97051992223,105.67916384101
2025-06-26 08:45:00+00:00,57161.5,57193.30078125,57135.69921875,57156.1015625,0.0,75.4708028998057,120.54139563098579,85.52685785260331,56866.630867541186,56703.657950513516,102.24504945950927
2025-06-26 09:00:00+00:00,57163.30078125,57215.1015625,57123.0,57155.44921875,0.0,75.53626492825597,128.99726665658818,94.22093961340029,56894.88514503727,56721.68315956201,101.52051467668718
2025-06-26 09:15:00+00:00,57230.3984375,57245.3984375,57092.05078125,57187.1484375,0.0,77.90261051229689,139.50470209935884,103.27769211059201,56926.838791938484,56741.63277830468,105.22245336049524
2025-06-26 09:30:00+00:00,57187.8515625,57250.75,57167.94921875,57232.80078125,0.0,73.07565681523542,142.75317343373172,111.17278837521997,56951.69715103958,56759.13155415548,103.62090535260272
2025-06-26 09:45:00+00:00,57173.8515625,57246.55078125,57143.6484375,57184.05078125,0.0,71.50563233195321,142.5546461494523,117.44915993006644,56972.854714035806,56775.39508389448,103.56957952384538
2025-06-27 03:45:00+00:00,57093.94921875,57251.8515625,57092.6484375,57228.30078125,0.0,63.164535374228116,134.4005743181915,120.83944280769146,56984.38752400858,56787.887402908425,107.54340420071357
2025-06-27 04:00:00+00:00,57066.44921875,57176.6484375,57061.6015625,57089.05078125,0.0,60.54676400560744,124.28669383138185,121.52889301242953,56992.202923507764,56798.811395686535,108.0793664006626
2025-06-27 04:15:00+00:00,57024.44921875,57095.44921875,56995.05078125,57066.94921875,0.0,56.68298398592469,111.59591346329398,119.54229710260243,56995.27399924512,56807.65993776746,107.53072862204384
2025-06-27 04:30:00+00:00,57159.5,57162.55078125,57008.75,57021.05078125,0.0,64.52276178214456,111.15452776506572,117.86474323509509,57010.914570745575,56821.45758726678,110.83573238118356
2025-06-27 04:45:00+00:00,57179.0,57215.69921875,57158.1015625,57160.1015625,0.0,65.49386138908159,111.09755004975159,116.51130459802638,57026.92270686504,56835.478858354356,107.03301265752759
2025-06-27 05:00:00+00:00,57246.8515625,57266.55078125,57177.3984375,57177.6484375,0.0,68.70392590315738,115.19950069958577,116.24894381833826,57047.868312163606,56851.61112126203,105.75582202127563
2025-06-27 05:15:00+00:00,57303.75,57340.19921875,57244.1484375,57246.80078125,0.0,71.12940895148986,121.6393715711165,117.3270293688939,57072.23799671945,56869.342057683134,105.06260482332736
2025-06-27 05:30:00+00:00,57294.6015625,57325.94921875,57251.5,57307.1015625,0.0,70.18752033040025,124.56886089700129,118.77539567451538,57093.415479174735,56886.01890100929,102.87593438951826
2025-06-27 05:45:00+00:00,57289.8984375,57322.3984375,57263.6015625,57296.05078125,0.0,69.67670697103175,125.06927862073644,120.0341722637596,57112.12814187238,56901.85731420501,99.72743014740982
2025-06-27 06:00:00+00:00,57313.75,57324.1015625,57275.80078125,57290.69921875,0.0,70.83592608684398,125.93874161088752,121.2150861331852,57131.33022359882,56918.00996854991,96.05409808330911
2025-06-27 06:15:00+00:00,57357.44921875,57381.0,57283.8984375,57312.8515625,0.0,72.88141757541892,128.6707230378015,122.70621351410847,57152.86536599418,56935.24288032246,96.12891697021561
2025-06-27 06:30:00+00:00,57352.80078125,57372.1484375,57332.55078125,57357.75,0.0,72.30050759304373,128.97401577355777,123.95977396599834,57171.90683411378,56951.61769996668,92.09096977591449
2025-06-27 06:45:00+00:00,57340.44921875,57387.30078125,57315.69921875,57352.44921875,0.0,70.6882339754513,126.75653910471738,124.51912699374215,57187.95848979342,56966.865994820924,90.62744068477774
2025-06-27 07:00:00+00:00,57374.5,57399.25,57329.94921875,57340.6484375,0.0,72.50830675400643,126.29098250828974,124.87349809665167,57205.724347908326,56982.851642082846,89.1041078680079
2025-06-27 07:15:00+00:00,57385.55078125,57413.0,57357.75,57376.3984375,0.0,73.09225539326233,125.36856051668292,124.97251058065794,57222.85067489325,56998.643765187444,86.68595730600734
2025-06-27 07:30:00+00:00,57370.05078125,57405.25,57349.8984375,57387.3984375,0.0,70.82002362183685,121.98069644330826,124.37414775318801,57236.869732641506,57013.20874620951,84.44778624843538
2025-06-27 07:45:00+00:00,57384.19921875,57394.80078125,57341.6484375,57374.1484375,0.0,71.68529970556584,119.06494386224222,123.31230697499886,57250.90111227089,57027.75739219149,82.21239749854713
2025-06-27 08:00:00+00:00,57401.55078125,57435.8515625,57377.6484375,57384.05078125,0.0,72.75241790164823,116.8078270951737,122.01141099903384,57265.24869979271,57042.4159564683,80.49744946293663
2025-06-27 08:15:00+00:00,57402.8515625,57414.30078125,57367.6484375,57402.44921875,0.0,72.83507106735559,113.81205346461502,120.37153949215008,57278.35373433626,57056.5506861166,78.07994191201259
2025-06-27 08:30:00+00:00,57379.3515625,57414.94921875,57368.1015625,57404.75,0.0,68.77608773839043,108.29329003937164,117.95588960159441,57287.97257511377,57069.20954401399,75.84906436472598
2025-06-27 08:45:00+00:00,57341.30078125,57386.5,57312.25,57380.5,0.0,62.684668994676244,99.6999710162927,114.30470588453407,57293.05145188865,57079.879788611484,75.73484548153127
2025-06-27 09:00:00+00:00,57416.1015625,57419.8984375,57326.25,57345.30078125,0.0,68.576642818011,97.79814554504264,111.00339381663579,57304.770510042115,57093.064956214956,77.01438776856473
2025-06-27 09:15:00+00:00,57408.19921875,57423.55078125,57385.75,57416.30078125,0.0,67.36645802581627,94.56321616675996,107.71535828666063,57314.620863252385,57105.42316258888,74.21341587438154
2025-06-27 09:30:00+00:00,57451.94921875,57461.30078125,57407.30078125,57414.44921875,0.0,70.47315787254132,94.44111233857984,105.06050909704447,57327.699754252164,57119.01241969324,72.76960045478286
2025-06-27 09:45:00+00:00,57399.94921875,57472.75,57380.1484375,57452.05078125,0.0,62.818392703160704,89.12104680550692,101.87261663873697,57334.58065563291,57130.029549068015,74.18616917229838
2025-06-30 03:45:00+00:00,57431.75,57605.3515625,57396.8515625,57529.25,0.0,65.30065966665484,86.47409428752144,98.79291216849387,57343.83487890597,57141.86172361437,83.78001423141993
2025-06-30 04:00:00+00:00,57415.3984375,57453.6484375,57378.75,57434.1484375,0.0,62.972682718957856,82.11041317755735,95.45641237030658,57350.650455914925,57152.58865357067,83.14561589346135
2025-06-30 04:15:00+00:00,57347.1484375,57429.1484375,57338.30078125,57413.94921875,0.0,54.27525100010845,72.31139905234159,90.82740970671358,57350.3169303516,57160.21844901888,83.69576163321412
2025-06-30 04:30:00+00:00,57414.5,57461.8515625,57323.80078125,57347.75,0.0,60.12772569105229,69.18282147215359,86.49849205980158,57356.42960365144,57170.19027454756,87.57826303441311
2025-06-30 04:45:00+00:00,57363.3984375,57470.05078125,57352.1484375,57415.8984375,0.0,54.43479385191989,61.866770559230645,81.5721477596874,57357.09330211321,57177.76706525158,89.74426879981218
2025-06-30 05:00:00+00:00,57338.25,57404.25,57324.3984375,57366.5,0.0,51.83382029683956,53.423644253547536,75.94244705845942,57355.29870191195,57184.06051367309,89.03764692125417
2025-06-30 05:15:00+00:00,57358.3515625,57377.75,57297.80078125,57336.1015625,0.0,53.73665000973672,47.80338624478463,70.31463489572447,57355.58945053938,57190.895456764345,88.3884734804503
2025-06-30 05:30:00+00:00,57358.80078125,57415.55078125,57336.0,57358.6015625,0.0,53.78059352837458,42.89111737757776,64.82993139209513,57355.89529155944,57197.479979293195,87.75720974970385
2025-06-30 05:45:00+00:00,57371.30078125,57384.0,57332.25,57358.0,0.0,55.05976828382941,39.55083701293188,59.774112516262484,57357.36248105378,57204.29648133072,85.18526619615356
2025-06-30 06:00:00+00:00,57380.25,57410.0,57362.3515625,57371.69921875,0.0,55.99869324418818,37.196984239912126,55.25868686099241,57359.54224476294,57211.19661931776,82.5040641464283
2025-06-30 06:15:00+00:00,57420.8984375,57435.3515625,57376.44921875,57379.19921875,0.0,60.07855327882813,38.17151073694549,51.84125163618303,57365.38569169028,57219.420220030785,80.81822697525486
2025-06-30 06:30:00+00:00,57496.5,57509.0,57417.8515625,57422.25,0.0,66.33138255902804,44.53091955101263,50.37918521914896,57377.87276867216,57230.286093755065,81.5560991555938
2025-06-30 06:45:00+00:00,57466.3515625,57524.75,57466.3515625,57496.0,0.0,62.150809563169815,46.6008839261267,49.623524960544515,57386.29932046529,57239.543563117615,79.90198046590852
2025-06-30 07:00:00+00:00,57422.80078125,57483.75,57417.19921875,57467.30078125,0.0,56.601248936139164,44.21745028637815,48.542310025711245,57389.77565006383,57246.730120691434,78.94832337905791
2025-06-30 07:15:00+00:00,57367.1015625,57433.1015625,57363.1015625,57417.8984375,0.0,50.40252950378636,37.40294265938428,46.314436552445855,57387.616213152985,57251.45056938982,78.30915742341092
2025-06-30 07:30:00+00:00,57347.3515625,57371.25,57310.6484375,57366.3984375,0.0,48.37933096215971,30.062198021041695,43.063988846165024,57383.781484519364,57255.21139264904,77.04432921459586
2025-06-30 07:45:00+00:00,57368.44921875,57388.05078125,57320.69921875,57349.8515625,0.0,50.65786691902724,25.65131713035953,39.581454503003926,57382.32126873181,57259.65209171183,76.35198873498187
2025-06-30 08:00:00+00:00,57349.94921875,57381.25,57336.3515625,57366.6015625,0.0,48.63080992452452,20.42739259058726,35.750642120520595,57379.23821635259,57263.19315551725,74.10530650391173
2025-06-30 08:15:00+00:00,57292.8515625,57364.80078125,57248.0,57351.1015625,0.0,42.922177917659255,11.546984631044324,30.909910622625343,57371.01091598568,57264.35623030089,77.15498327148946
2025-06-30 08:30:00+00:00,57248.1484375,57302.3515625,57212.6484375,57292.3984375,0.0,39.05656085377376,0.8917492253531236,24.9062783431709,57359.30972755847,57263.72063058321,78.05127910924021
2025-06-30 08:45:00+00:00,57232.3515625,57285.30078125,57211.44921875,57252.25,0.0,37.762323964651344,-8.726681639222079,18.179686346692304,57347.218473743385,57262.490471050536,77.75129935143734
2025-06-30 09:00:00+00:00,57241.3984375,57243.3515625,57196.19921875,57232.05078125,0.0,39.00884250540935,-15.441351899055007,11.455478697542842,57337.14037505354,57261.66333247993,75.56565966562039
2025-06-30 09:15:00+00:00,57318.05078125,57334.25,57231.69921875,57240.0,0.0,48.43274751363466,-14.411446739111852,6.282093610211904,57335.32231850082,57263.87460498072,77.49316835021894
2025-06-30 09:30:00+00:00,57332.1484375,57340.6015625,57297.3984375,57315.5,0.0,49.96402039991321,-12.315708616763004,2.562533164816922,57335.02004411979,57266.55201017756,75.04387953948901
2025-06-30 09:45:00+00:00,57278.1484375,57341.0,57261.1484375,57331.1484375,0.0,44.5116671300206,-14.841090901347343,-0.9181916484159314,57329.60370063219,57267.006772033346,75.38728546523978
2025-07-01 03:45:00+00:00,57334.30078125,57422.1015625,57311.6015625,57376.69921875,0.0,50.554148025100474,-12.1711482792889,-3.1687829745905254,57330.05104164341,57269.64575278694,80.28484543200837
2025-07-01 04:00:00+00:00,57277.94921875,57349.44921875,57275.1484375,57335.3984375,0.0,45.23095598652296,-14.435891686167452,-5.422204716905911,57325.08896327261,57269.971378903145,79.85741227615063
2025-07-01 04:15:00+00:00,57295.5,57341.1015625,57253.0,57277.69921875,0.0,47.09927958261239,-14.645689393139037,-7.266901652152537,57322.270966770455,57270.9725012991,80.44628014928273
2025-07-01 04:30:00+00:00,57205.94921875,57300.1015625,57197.80078125,57294.0,0.0,39.664378408486314,-21.786810438279645,-10.170883409377959,57311.19270505422,57268.422568650116,82.0073159421911
2025-07-01 04:45:00+00:00,57236.1015625,57239.1015625,57175.25,57202.69921875,0.0,42.93099110785617,-24.728107933042338,-13.082328314110836,57304.0411676681,57267.155078212854,80.71047641060602
2025-07-01 05:00:00+00:00,57209.19921875,57262.80078125,57193.19921875,57238.1484375,0.0,40.80811748405183,-28.896797404056997,-16.245222132100068,57295.00860110447,57264.88229941039,79.91698255984845
2025-07-01 05:15:00+00:00,57181.30078125,57231.5,57175.6484375,57210.75,0.0,38.67246992830393,-34.05907280266547,-19.807992266213148,57284.17928492785,57261.604592815864,78.198023984145
2025-07-01 05:30:00+00:00,57213.1015625,57222.1015625,57151.75,57182.0,0.0,42.374503034552255,-35.17863852462324,-22.882121517895165,57277.40997802996,57259.70251319563,77.63756244956322
2025-07-01 05:45:00+00:00,57212.1015625,57238.6484375,57189.1484375,57211.55078125,0.0,42.28805613131083,-35.73466707003536,-25.452630628323206,57271.19012893187,57257.83580924678,75.6277365603087
2025-07-01 06:00:00+00:00,57227.3515625,57247.44921875,57200.0,57215.0,0.0,44.15896572961964,-34.54654508060776,-27.27141351878012,57267.015027366935,57256.640348590045,73.6149852881438
2025-07-01 06:15:00+00:00,57263.55078125,57269.94921875,57227.3515625,57232.55078125,0.0,48.43240934903842,-30.334300486829306,-27.883990912389958,57266.68509916533,57256.91134594926,71.39946178541923
2025-07-01 06:30:00+00:00,57283.80078125,57303.44921875,57232.75,57266.1484375,0.0,50.70508350580556,-25.07303420410608,-27.321799570733184,57268.31516412577,57257.96583360811,71.34944442574643
2025-07-01 06:45:00+00:00,57360.5,57360.6484375,57271.44921875,57284.6015625,0.0,58.21641059251524,-14.546770701068453,-24.76679379680024,57277.09467230427,57261.98678130976,72.62442830605025
2025-07-01 07:00:00+00:00,57363.94921875,57390.6015625,57329.0,57361.25,0.0,58.52249530653584,-5.858771637984319,-20.98518936503706,57285.36653387053,57265.9853082682,71.83708074847523
2025-07-01 07:15:00+00:00,57416.0,57447.25,57356.5,57362.94921875,0.0,62.935053729143974,5.167030937220261,-15.754745304585596,57297.80781635905,57271.868237355724,73.18800355215558
2025-07-01 07:30:00+00:00,57439.1484375,57460.5,57412.8515625,57416.1484375,0.0,64.732010632104,15.593195707690029,-9.48515710213047,57311.268827896274,57278.42824520452,71.36374883414446
2025-07-01 07:45:00+00:00,57426.94921875,57443.30078125,57405.55078125,57439.3984375,0.0,62.99860485839208,22.610986032617802,-3.065928475180816,57322.286007977586,57284.25259710827,68.96276677456271
2025-07-01 08:00:00+00:00,57454.05078125,57479.69921875,57427.3984375,57427.3984375,0.0,65.22641223673523,30.013527756891563,3.5499627712336594,57334.835034003525,57290.91134942755,67.80471200495109
2025-07-01 08:15:00+00:00,57467.19921875,57470.30078125,57401.5,57457.30078125,0.0,66.28694040054265,36.52008363480854,10.143986943948637,57347.44114683653,57297.8245992049,67.87585980816887
2025-07-01 08:30:00+00:00,57530.3515625,57530.3515625,57457.6015625,57469.6484375,0.0,70.88056644671065,46.23942311312567,17.363074177784043,57364.86118642352,57306.943303647844,68.22401267901395
2025-07-01 08:45:00+00:00,57494.3515625,57533.3515625,57482.55078125,57530.3515625,0.0,65.40922075078642,50.45555036122096,23.981569414471426,57377.1936031927,57314.29264713224,66.9794961483701
2025-07-01 09:00:00+00:00,57437.0,57500.0,57422.19921875,57493.80078125,0.0,57.75993151644406,48.608738514449215,28.907003234466984,57382.88945050768,57319.10470018588,67.7524450842008
2025-07-01 09:15:00+00:00,57453.94921875,57473.1484375,57420.44921875,57437.6015625,0.0,59.2756730017789,47.959934848004195,32.71758955717443,57389.65704748314,57324.39272052173,66.67721463175789
2025-07-01 09:30:00+00:00,57441.8984375,57475.69921875,57406.80078125,57455.0,0.0,57.69057686731599,45.94374503985455,35.36282065371046,57394.63241796094,57329.00078785421,66.8358734080609
2025-07-01 09:45:00+00:00,57442.69921875,57501.30078125,57425.8984375,57439.05078125,0.0,57.77138764755513,43.9044136939774,37.07113926176385,57399.210208512275,57333.45954985013,67.44776414677084
2025-07-02 03:45:00+00:00,57352.44921875,57590.25,57347.25,57535.30078125,0.0,46.899226635900554,34.606881571773556,36.57828772376579,57394.75678091587,57334.204242748165,79.98720956485863
2025-07-02 04:00:00+00:00,57261.05078125,57371.0,57254.44921875,57351.80078125,0.0,38.912505583619435,19.63706644388003,33.19004346778864,57382.02287618579,57331.33547955216,82.59889325665445
2025-07-02 04:15:00+00:00,57268.55078125,57302.30078125,57236.1484375,57260.55078125,0.0,39.81818663182179,8.283085173374275,28.20865180890577,57371.21601000143,57328.87333452071,81.42413972046485
2025-07-02 04:30:00+00:00,57268.3515625,57282.44921875,57209.75,57267.69921875,0.0,39.80130657409417,-0.722770425149065,22.422367362094803,57361.41939595367,57326.49993169637,80.80093107971736
2025-07-02 04:45:00+00:00,57271.3984375,57278.75,57174.19921875,57268.94921875,0.0,40.21872033927169,-7.527347940515028,16.43242430157284,57352.84597133904,57324.33908878671,82.49734894902326
2025-07-02 05:00:00+00:00,57231.1484375,57271.75,57185.6484375,57271.3984375,0.0,36.60756270099733,-15.983614108503389,9.949216619557594,57341.25573002104,57320.68455344214,82.75479277409303
2025-07-02 05:15:00+00:00,57244.6484375,57258.0,57211.25,57230.19921875,0.0,38.598909278431215,-21.34982134429447,3.6894090267871817,57332.05503549523,57317.70274497382,80.18302186165782
2025-07-02 05:30:00+00:00,57202.05078125,57248.8984375,57153.30078125,57242.55078125,0.0,34.87607561534382,-28.708915587791125,-2.7902558961284796,57319.67367794806,57313.1673738474,81.28406717511083
2025-07-02 05:45:00+00:00,57204.94921875,57235.30078125,57140.3984375,57201.3984375,0.0,35.333104376354456,-33.91620619921741,-9.015445956746266,57308.74753897682,57308.92352462789,82.25680121617435
2025-07-02 06:00:00+00:00,57184.69921875,57209.94921875,57138.69921875,57208.75,0.0,33.56102196174783,-39.22486743382615,-15.057330252162243,57296.933413240935,57304.05198322092,81.47060112930475
2025-07-02 06:15:00+00:00,57173.05078125,57197.55078125,57155.1015625,57191.25,0.0,32.54972935791599,-43.866288002995134,-20.819121802328823,57285.13506733704,57298.91468118285,78.683359530783
2025-07-02 06:30:00+00:00,57158.30078125,57176.8515625,57144.3515625,57175.3515625,0.0,31.265007193319505,-48.17946607852355,-26.291190657567768,57273.05561151923,57293.40041059724,75.38454813572707
2025-07-02 06:45:00+00:00,57158.55078125,57167.8984375,57120.30078125,57155.75,0.0,31.31449060446664,-50.98973988609214,-31.230900503272643,57262.15038958883,57288.11218983853,73.39977014388943
2025-07-02 07:00:00+00:00,57115.44921875,57177.6484375,57105.30078125,57159.75,0.0,27.622336351926748,-56.04874298447976,-36.19446899951407,57248.17884950894,57281.3410929331,73.32461915146875
2025-07-02 07:15:00+00:00,57065.75,57121.75,57045.25,57120.69921875,0.0,24.094604839668023,-63.338227329550136,-41.62322066552129,57230.80467336524,57272.88654026906,73.55143206922098
2025-07-02 07:30:00+00:00,57043.30078125,57119.0,57043.30078125,57061.19921875,0.0,22.685266232558064,-70.11837949643814,-47.322252431704655,57212.94715983045,57263.883177170275,73.70484540356233
2025-07-02 07:45:00+00:00,56919.44921875,57050.75,56907.6015625,57042.30078125,0.0,16.834820326933283,-84.51129139930708,-54.760060225225146,57184.994974965644,57250.37596311458,78.6651019818793
2025-07-02 08:00:00+00:00,56883.69921875,56951.30078125,56871.8515625,56918.1484375,0.0,15.58536347684418,-97.67654954088357,-63.34335808835684,57156.300141040345,57235.99648294342,78.72111032245935
2025-07-02 08:15:00+00:00,56905.6015625,56926.25,56852.5,56883.19921875,0.0,19.526010511855645,-105.13089189351012,-71.7008648493875,57132.42408594126,57223.03981939662,78.36603101371225
2025-07-02 08:30:00+00:00,56888.1484375,56921.3515625,56862.5,56902.6015625,0.0,18.773916791862064,-111.16538784620207,-79.59376944875041,57109.15973847067,57209.90682402813,76.97214040558994
2025-07-02 08:45:00+00:00,56880.8984375,56908.0,56861.25,56891.8984375,0.0,18.45590495934249,-115.20477484222647,-86.71597052744562,57087.42056694965,57197.004534360356,74.81341609090495
2025-07-02 09:00:00+00:00,56857.05078125,56901.1015625,56834.1015625,56880.8984375,0.0,17.411164101901434,-118.95903894346702,-93.1645842106499,57065.48058735921,57183.673014630534,74.2553149415546
2025-07-02 09:15:00+00:00,56962.30078125,56962.30078125,56851.75,56851.75,0.0,34.92078123963091,-112.14874399210385,-96.96141616694071,57055.653939158336,57174.991750576395,76.8478482493007
2025-07-02 09:30:00+00:00,57017.05078125,57066.1015625,56960.55078125,56962.8515625,0.0,41.82960366665421,-101.16747308727645,-97.80262755100786,57051.97744792897,57168.7979870734,78.89805774935066
2025-07-02 09:45:00+00:00,56972.1484375,57019.5,56951.80078125,57018.69921875,0.0,38.24375620807062,-94.99296093293378,-97.24069422739305,57044.374685030976,57161.086240031305,78.09814067796846
2025-07-03 03:45:00+00:00,56905.8515625,57100.8515625,56895.3984375,57022.19921875,0.0,33.65619559952846,-94.36147892103327,-96.6648511661211,57031.18200669469,57151.077036990864,87.19492527239929
2025-07-03 04:00:00+00:00,57025.05078125,57070.69921875,56901.55078125,56901.55078125,0.0,46.16114931929962,-83.28261398098402,-93.98840372909369,57030.59808046186,57146.13483088338,93.04874757437076
2025-07-03 04:15:00+00:00,57150.69921875,57166.75,57017.3515625,57024.69921875,0.0,55.65054166842583,-63.630264794548566,-87.91677594218467,57042.03628410835,57146.31382648599,97.07372542620143
2025-07-03 04:30:00+00:00,57119.3515625,57190.19921875,57095.19921875,57149.94921875,0.0,53.13431159732501,-50.00866163088358,-80.33515307992447,57049.39964395517,57145.256482800265,96.92560218147275
2025-07-03 04:45:00+00:00,57125.3984375,57154.6015625,57096.94921875,57121.05078125,0.0,53.57041189380663,-38.28419434731768,-71.92496133340312,57056.63762429277,57144.47773592574,94.12036943636755
2025-07-03 05:00:00+00:00,57095.94921875,57158.44921875,57083.80078125,57126.30078125,0.0,51.07760095126161,-31.011296468772343,-63.74222836047697,57060.38158566965,57142.57465682081,92.72951715519844
2025-07-03 05:15:00+00:00,57067.8984375,57127.1015625,57061.44921875,57096.19921875,0.0,48.75058144671018,-27.19742117682472,-56.43326692374652,57061.09747632017,57139.64617763176,90.79543334054141
2025-07-03 05:30:00+00:00,57103.25,57156.6484375,57069.55078125,57069.55078125,0.0,51.734938181582216,-21.079332458895806,-49.36248003077638,57065.112002384914,57138.21887654816,90.64933095907416
2025-07-03 05:45:00+00:00,57062.80078125,57135.5,57062.80078125,57103.6015625,0.0,48.27126668697328,-19.27245609916281,-43.34447524445367,57064.891886086356,57135.26130418353,89.36718008699744
2025-07-03 06:00:00+00:00,57003.05078125,57111.3515625,56997.5,57070.1015625,0.0,43.62503362606202,-22.403564864616783,-39.15629316848629,57059.00225705432,57130.07657779398,91.11606454506905
2025-07-03 06:15:00+00:00,56999.19921875,57032.6484375,56956.69921875,57004.25,0.0,43.335472964839454,-24.90864862827584,-36.306764260444204,57053.30672959676,57124.944132341276,90.03271841684985
2025-07-03 06:30:00+00:00,56989.75,57011.8515625,56969.0,56999.25,0.0,42.58861006204322,-27.341245680960128,-34.51366054454739,57047.2537077304,57119.64240166123,86.66263585136058
2025-07-03 06:45:00+00:00,56993.8984375,57010.5,56949.8515625,56989.3515625,0.0,43.05263817054184,-28.604615928146814,-33.331851621267276,57042.172253422745,57114.71126581177,84.8044788262634
2025-07-03 07:00:00+00:00,57009.0,57048.3984375,56971.1015625,56994.25,0.0,44.80165621756848,-28.0637743448533,-32.27823616598448,57039.01299119201,57110.56572597602,84.26822141010175
2025-07-03 07:15:00+00:00,57000.6015625,57035.6015625,56985.55078125,57008.6484375,0.0,43.99244832985929,-27.990183795605844,-31.420625691908754,57035.354759888,57106.25340583971,81.82411854152305
2025-07-03 07:30:00+00:00,56978.80078125,57003.5,56950.94921875,57001.55078125,0.0,41.87793910012712,-29.35264458983147,-31.007029471493297,57029.968666684385,57101.255263698935,79.73316587784282
2025-07-03 07:45:00+00:00,56958.30078125,56981.8515625,56907.25,56978.55078125,0.0,39.93417884213044,-31.720924191118684,-31.149808415418374,57023.14315378587,57095.649205563685,79.36662277942548
2025-07-03 08:00:00+00:00,57088.69921875,57116.1484375,56936.6484375,56958.80078125,0.0,54.42485538925261,-22.812767335257377,-29.482400199386177,57029.38658854436,57095.376657061184,86.51900686660939
2025-07-03 08:15:00+00:00,56958.44921875,57098.6484375,56918.30078125,57089.80078125,0.0,43.21119193866814,-25.96378099706635,-28.778676358922215,57022.63064856395,57090.006953598,93.22105325113729
2025-07-03 08:30:00+00:00,56923.30078125,56974.8515625,56915.19921875,56957.94921875,0.0,40.76998942920089,-30.940504310485267,-29.211041949234826,57013.17066120072,57083.46945664317,90.82328828677034
2025-07-03 08:45:00+00:00,56864.1015625,56945.94921875,56836.44921875,56921.8515625,0.0,36.98054530472903,-39.209492968460836,-31.21073215308003,56998.9736041816,57074.86679412775,92.1573391234296
2025-07-03 09:00:00+00:00,56814.44921875,56872.30078125,56767.44921875,56868.8515625,0.0,34.11632990349342,-49.20208423362055,-34.80900256918814,56981.399853188115,57064.654340191366,93.06406936461319
2025-07-03 09:15:00+00:00,56790.3515625,56875.75,56773.25,56813.80078125,0.0,32.78899590910606,-58.39265014810371,-39.52573208497125,56963.20477788448,57053.897368517195,93.73806440999796
2025-07-03 09:30:00+00:00,56794.1484375,56847.1015625,56772.25,56793.0,0.0,33.22979107706105,-64.62490805661946,-44.5455672793009,56947.10417403834,57043.71113592829,92.38902855928382
2025-07-03 09:45:00+00:00,56772.75,56832.6015625,56765.80078125,56798.94921875,0.0,31.957716346413832,-70.47826287888165,-49.732106399217045,56930.49901460612,57033.085209029145,90.56129660862068
2025-07-04 03:45:00+00:00,56861.44921875,56920.8984375,56782.80078125,56825.6484375,0.0,41.888226503774455,-67.18533239344106,-53.22275159806185,56923.9228435722,57026.35438588094,94.67466381514778
2025-07-04 04:00:00+00:00,56733.1484375,56876.19921875,56680.19921875,56860.05078125,0.0,34.12911642334171,-74.07457644451642,-57.39311656735277,56905.75385251771,57014.85611339541,101.91218782835152
2025-07-04 04:15:00+00:00,56785.19921875,56785.19921875,56712.30078125,56733.1484375,0.0,39.06084327874802,-74.47577853361145,-60.80964896060451,56894.27245882555,57005.84996066422,99.83977709061212
2025-07-04 04:30:00+00:00,56795.6015625,56812.55078125,56754.44921875,56784.44921875,0.0,40.027224115110286,-73.11156723834574,-63.27003261615276,56884.87523060407,56997.604925442094,96.85847604842554
2025-07-04 04:45:00+00:00,56833.44921875,56848.1015625,56776.3984375,56796.3515625,0.0,43.53569843719651,-68.19037421797839,-64.25410093651789,56879.9775151894,56991.16744674829,95.0616652592523
2025-07-04 05:00:00+00:00,56855.94921875,56871.80078125,56814.8984375,56833.44921875,0.0,45.5741372704751,-61.76276858415076,-63.75583446604446,56877.68910600469,56985.864771140514,92.33599943716284
2025-07-04 05:15:00+00:00,56865.8515625,56888.6015625,56820.8984375,56856.3515625,0.0,46.48972729362667,-55.233115454124345,-62.05129066366044,56876.561720909005,56981.15837080168,90.57650840593692
2025-07-04 05:30:00+00:00,56855.69921875,56898.19921875,56831.5,56866.30078125,0.0,45.64196698121645,-50.29772671459796,-59.70057787384795,56874.57481594148,56976.23840405455,88.87098771622713
2025-07-04 05:45:00+00:00,56811.6015625,56861.75,56782.94921875,56855.5,0.0,42.05469392061987,-49.37553744044271,-57.63556978716691,56868.57736323276,56969.78205732693,88.15168725435376
2025-07-04 06:00:00+00:00,56720.1015625,56814.30078125,56695.05078125,56810.44921875,0.0,35.77215168391379,-55.38948558815173,-57.18635294736387,56854.43681078202,56959.990665372934,90.37299530761422
2025-07-04 06:15:00+00:00,56650.1484375,56719.75,56637.55078125,56719.75,0.0,31.854205810306638,-65.05035538378434,-58.75915343464796,56834.98077523135,56947.83998977007,89.81426573207034
2025-07-04 06:30:00+00:00,56639.05078125,56691.05078125,56628.8984375,56650.69921875,0.0,31.269095807305007,-72.76338144436158,-61.559999036590696,56816.320775804554,56935.7306090438,87.83841416192247
2025-07-04 06:45:00+00:00,56632.8515625,56668.6484375,56623.6015625,56639.30078125,0.0,30.927349508426403,-78.47166282864782,-64.94233179500212,56798.84751739459,56923.85299937541,84.78187565035658
2025-07-04 07:00:00+00:00,56675.44921875,56691.80078125,56631.8515625,56633.3984375,0.0,36.09570052374363,-78.65159546215727,-67.68418452843315,56787.09529847606,56914.111674645006,83.00811444318825
2025-07-04 07:15:00+00:00,56678.25,56712.05078125,56663.75,56675.25,0.0,36.43249056851662,-77.67282969966618,-69.68191356267977,56776.729079573575,56904.86219720795,80.52901921510338
2025-07-04 07:30:00+00:00,56752.1015625,56759.3515625,56666.25,56670.8515625,0.0,44.707368699320156,-70.129537239598,-69.77143829806342,56774.38360175704,56898.87158408215,81.42705802116743
2025-07-04 07:45:00+00:00,56756.30078125,56769.1484375,56728.3515625,56751.25,0.0,45.14462801296667,-63.085372850779095,-68.43422520860655,56772.66142837542,56893.280572206386,78.52490209108404
2025-07-04 08:00:00+00:00,56764.1015625,56784.3984375,56751.1484375,56755.6015625,0.0,45.99896300487821,-56.22523446522973,-65.99242705993119,56771.846203053945,56888.214728688494,75.29098051314948
2025-07-04 08:15:00+00:00,56826.44921875,56838.19921875,56735.6015625,56764.75,0.0,52.38225318690163,-45.236136548177456,-61.84116895758045,56777.04649026309,56885.79255182816,77.24145735149594
2025-07-04 08:30:00+00:00,56864.44921875,56872.19921875,56776.75,56826.25,0.0,55.810775759461286,-33.07959388895688,-56.08885394385574,56785.3705596428,56884.95555837412,78.54201173710337
2025-07-04 08:45:00+00:00,56826.94921875,56868.80078125,56793.8515625,56863.55078125,0.0,51.84373376582309,-26.169714667201333,-50.10502608852486,56789.330431938724,56882.68079995749,78.28538366659599
2025-07-04 09:00:00+00:00,57037.55078125,57037.55078125,56814.1484375,56821.19921875,0.0,66.32184793027602,-3.657636619747791,-40.81554819476945,56812.97046520647,56888.754132557195,88.65088081541057
2025-07-04 09:15:00+00:00,57032.05078125,57056.30078125,56986.5,57037.44921875,0.0,65.76575828813553,13.582967395996093,-29.93584507661634,56833.835257210616,56894.37360897652,87.30444513216696
2025-07-04 09:30:00+00:00,57045.55078125,57048.8515625,57009.69921875,57030.69921875,0.0,66.50806634110481,28.01269456051523,-18.346137149190024,56853.99864045246,56900.30212553627,83.86500931915505
2025-07-04 09:45:00+00:00,57044.80078125,57072.19921875,56997.8984375,57044.8515625,0.0,66.42189816111568,38.938974309807236,-6.889114857390572,56872.17027290937,56905.96873948583,83.18185017135826
2025-07-07 03:45:00+00:00,56962.25,57064.75,56871.0,56938.69921875,0.0,57.579234735661466,40.470453394758806,2.582798793039304,56880.74929453705,56908.17584774129,91.07957515911838
2025-07-07 04:00:00+00:00,56966.3984375,57044.6484375,56955.3515625,56963.05078125,0.0,57.88268015534967,41.540057909798634,10.374250616391171,56888.906355771614,56910.45908655536,90.95223943346707
2025-07-07 04:15:00+00:00,56955.94921875,56988.19921875,56900.75,56967.8515625,0.0,56.780916507722445,41.07112026021787,16.51362454515651,56895.291390340986,56912.24301330809,90.7020236703623
2025-07-07 04:30:00+00:00,56919.3515625,56976.25,56854.05078125,56956.1015625,0.0,52.97740590322492,37.31620085943723,20.674139808012654,56897.58283530851,56912.521779943076,92.95182331890784
2025-07-07 04:45:00+00:00,56904.3984375,56980.55078125,56896.1015625,56920.25,0.0,51.46063242585339,32.756214709428605,23.090554788295847,56898.23194027913,56912.20321749433,92.34449442112872
2025-07-07 05:00:00+00:00,56969.75,56987.55078125,56896.94921875,56901.05078125,0.0,57.22473196445356,34.02351584877033,25.277147000390745,56905.04318406207,56914.459954063175,92.21999928390524
2025-07-07 05:15:00+00:00,57100.44921875,57116.0,56967.19921875,56968.8515625,0.0,65.93685181936019,45.05483173175162,29.232683946662924,56923.65328260378,56921.75365071756,96.26148371005488
2025-07-07 05:30:00+00:00,57021.69921875,57152.19921875,57004.30078125,57106.3984375,0.0,58.23997500232502,46.90210392801964,32.76656794293427,56932.99099080818,56925.67308475805,99.94983755219381
2025-07-07 05:45:00+00:00,56970.30078125,57042.6015625,56962.3515625,57028.3984375,0.0,53.82381459550955,43.71473979201255,34.95620231274993,56936.5443041836,56927.42319050283,98.54270629846567
2025-07-07 06:00:00+00:00,56990.05078125,57004.8515625,56947.55078125,56967.6015625,0.0,55.228650855139804,42.29484208099166,36.42393026639827,56941.640159142305,56929.8791744537,95.59685450928956
2025-07-07 06:15:00+00:00,56954.19921875,56990.6484375,56932.6015625,56990.6484375,0.0,52.12832665376226,37.84044040334993,36.70723229378861,56942.836260057324,56930.83290168101,92.91471311576888
2025-07-07 06:30:00+00:00,56909.8515625,56968.6484375,56899.8984375,56955.05078125,0.0,48.501357684902146,30.38158969689539,35.442103774409965,56939.69486028996,56930.010104066074,91.18866217892824
2025-07-07 06:45:00+00:00,56949.30078125,56965.0,56881.30078125,56909.94921875,0.0,51.71942349183067,27.338478078476328,33.82137863522324,56940.6097099052,56930.76660121054,90.65370193400479
2025-07-07 07:00:00+00:00,56967.8984375,56969.80078125,56933.80078125,56949.75,0.0,53.204032410880885,26.12629792925145,32.28236249402888,56943.2086363428,56932.222751653266,86.74986608157587
2025-07-07 07:15:00+00:00,56871.75,56968.94921875,56848.75,56965.05078125,0.0,45.42687058295973,17.208887721972133,29.267667539617534,56936.40305192921,56929.851271196276,89.13910555789188
2025-07-07 07:30:00+00:00,56950.6484375,56985.19921875,56838.8515625,56862.6015625,0.0,51.67002417473434,16.320092542795464,26.678152540253123,56937.7597553169,56930.66684634544,93.22543060732816
2025-07-07 07:45:00+00:00,56941.05078125,56971.8515625,56925.55078125,56947.3515625,0.0,50.907093745285586,14.672134082837147,24.27694884876993,56938.073186358146,56931.07405947895,89.87366993894759
2025-07-07 08:00:00+00:00,56935.3515625,56952.8515625,56909.30078125,56936.80078125,0.0,50.43090638355368,12.75915619731677,21.9733903184793,56937.813984085944,56931.24180469547,86.56489217545132
2025-07-07 08:15:00+00:00,56955.80078125,56978.44921875,56910.8515625,56935.8515625,0.0,52.16007032574183,12.746257569662703,20.12796376871598,56939.52701238728,56932.204901815254,85.21008960934765
2025-07-07 08:30:00+00:00,56965.94921875,57029.5,56949.3515625,56960.05078125,0.0,53.03565985981797,13.400457276547968,18.78246247028238,56942.043412993255,56933.52820836171,84.84854303010853
2025-07-07 08:45:00+00:00,56950.8984375,56986.69921875,56944.19921875,56975.44921875,0.0,51.52936711807809,12.559663018109859,17.537902579847874,56942.88674866056,56934.20939381811,81.82364709938649
2025-07-07 09:00:00+00:00,56878.1484375,56961.30078125,56864.1015625,56948.30078125,0.0,44.892357368866534,5.954372211432201,15.22119650616474,56936.7211952167,56932.01092494289,82.92190221728745
2025-07-07 09:15:00+00:00,56912.25,56921.1484375,56856.1015625,56884.3515625,0.0,48.25668192779477,3.431783292107866,12.863313863353365,56934.39060519606,56931.235986709835,81.64511455890978
2025-07-07 09:30:00+00:00,56947.1015625,56977.3984375,56908.1015625,56910.19921875,0.0,51.514526439943324,4.196468944574008,11.129944879597495,56935.60117255834,56931.85816615258,80.76309744755908
2025-07-07 09:45:00+00:00,56919.8515625,56965.3515625,56913.3515625,56947.8515625,0.0,48.92094521247146,2.573969453551399,9.418749794388276,56934.10120969564,56931.38731895052,78.70859048701914
2025-07-08 03:45:00+00:00,57117.69921875,57184.19921875,56941.30078125,56996.19921875,0.0,63.34893503445022,17.056166425500123,10.946233120610646,56951.58673436748,56938.69366796227,91.96852375580349
2025-07-08 04:00:00+00:00,57192.3515625,57209.30078125,57118.75,57120.19921875,0.0,67.12255573860415,34.16341749839194,15.589669996166904,56974.516717999155,56948.64103637551,91.94231223753181
2025-07-08 04:15:00+00:00,57123.25,57257.55078125,57116.3984375,57194.6015625,0.0,60.87461399110193,41.66483238457295,20.804702473848117,56988.68179247543,56955.48844671373,95.4573144884224
2025-07-08 04:30:00+00:00,57146.80078125,57154.1484375,57096.94921875,57123.8984375,0.0,62.16714145109591,48.94589118561271,26.432940216201036,57003.7407437873,56962.99089120535,92.72459336424937
2025-07-08 04:45:00+00:00,57195.3515625,57206.8515625,57139.1015625,57147.0,0.0,64.75230183287412,57.96563329541095,32.73947883204302,57021.9893931885,56972.10307439338,90.94069383823157
2025-07-08 05:00:00+00:00,57195.44921875,57220.5,57167.55078125,57194.0,0.0,64.75751826213511,64.37959603619674,39.06750227287377,57038.50937657531,56980.861746721086,88.22701704621502
2025-07-08 05:15:00+00:00,57164.6484375,57210.3515625,57110.3515625,57195.75,0.0,61.65810758324773,66.21406753070187,44.49681532443939,57050.5226204729,56988.06906792811,89.06794440005682
2025-07-08 05:30:00+00:00,57087.5,57178.1484375,57077.1015625,57160.6015625,0.0,54.608006603972306,60.742463943432085,47.74594504823793,57054.044275665954,56991.96832016623,89.92358230005276
2025-07-08 05:45:00+00:00,57136.25,57136.25,57060.69921875,57087.3984375,0.0,57.88498987616611,59.65226211358822,50.12720846130799,57061.8733922692,56997.626425257746,88.89695365362043
2025-07-08 06:00:00+00:00,57107.55078125,57162.0,57089.8984375,57135.69921875,0.0,55.35158184042658,55.828921154432464,51.26755099993289,57066.22361979118,57001.937184316266,87.69728285693326
2025-07-08 06:15:00+00:00,57117.8515625,57131.75,57072.5,57106.44921875,0.0,56.094335011616955,53.01891382285976,51.61782356451827,57071.140566715825,57006.48284620583,85.66533408143802
2025-07-08 06:30:00+00:00,57110.8984375,57175.80078125,57099.8515625,57120.75,0.0,55.424093088614924,49.658471738883236,51.22595319939126,57074.92703060003,57010.57757527619,84.97132584347817
2025-07-08 06:45:00+00:00,57139.3984375,57166.1015625,57097.19921875,57103.44921875,0.0,57.65735703165456,48.733242507973046,50.72741106110762,57081.0671645905,57015.62937379478,83.82354140822973
2025-07-08 07:00:00+00:00,57139.1484375,57200.0,57100.25,57136.6484375,0.0,57.63008176945812,47.43304020445794,50.06853688977768,57086.5987143914,57020.47325864596,84.96114559335618
2025-07-08 07:15:00+00:00,57104.6484375,57154.6484375,57101.6015625,57139.3984375,0.0,53.84460839504152,43.12167896718893,48.679165305259936,57088.317735639845,57023.774246051995,82.68155483668788
2025-07-08 07:30:00+00:00,57147.8984375,57159.3515625,57076.6484375,57105.1015625,0.0,57.60423835681998,42.7025591491838,47.48384407404471,57093.992088197956,57028.641861402895,82.68309556263874
2025-07-08 07:45:00+00:00,57145.5,57169.1015625,57120.6484375,57146.05078125,0.0,57.325371745687505,41.69622172311938,46.32631960385965,57098.89760360768,57033.22453350474,80.2380976653074
2025-07-08 08:00:00+00:00,57134.69921875,57152.6015625,57098.69921875,57146.75,0.0,56.01038289762216,39.57100931838795,44.97525754676531,57102.30728124028,57037.203932926124,78.35697238564258
2025-07-08 08:15:00+00:00,57119.30078125,57158.30078125,57109.5,57135.1015625,0.0,54.104845320497105,36.226639806787716,43.2255339987698,57103.92570981263,57040.42341717412,76.24581587595382
2025-07-08 08:30:00+00:00,57094.30078125,57140.25,57074.30078125,57120.55078125,0.0,51.067186823848054,31.19926608906826,40.82028041682949,57103.00904994953,57042.536254981016,75.5103446526714
2025-07-08 08:45:00+00:00,57097.1015625,57120.94921875,57081.55078125,57094.55078125,0.0,51.39641346442385,27.128317480150145,38.081887829493624,57102.44643209719,57044.67607096216,72.93092271319487
2025-07-08 09:00:00+00:00,57102.80078125,57137.44921875,57092.69921875,57097.05078125,0.0,52.10261299943573,24.084311746897583,35.28237261297442,57102.48017963555,57046.95547136561,70.91799966225238
2025-07-08 09:15:00+00:00,57182.44921875,57194.44921875,57082.19921875,57105.80078125,0.0,60.697268300309055,27.778663388977293,33.781630768175,57110.09627859883,57052.2689516552,73.87028540066294
2025-07-08 09:30:00+00:00,57271.3515625,57287.75,57172.80078125,57187.25,0.0,67.67052862881349,37.44845732918475,34.51499608037695,57125.453924684654,57060.86042659029,76.80449492561559
2025-07-08 09:45:00+00:00,57240.8515625,57302.1015625,57220.6015625,57272.1015625,0.0,63.507499337075245,42.1646952330193,36.04493591090542,57136.44417590516,57067.91890250832,77.13988814521447
2025-07-09 03:45:00+00:00,57085.30078125,57231.1484375,57038.69921875,57168.8515625,0.0,47.46863313181458,32.97063474191236,35.430075677106814,57131.57337641419,57068.60054481192,86.06934925984201
2025-07-09 04:00:00+00:00,57066.75,57102.0,57055.30078125,57085.05078125,0.0,45.97732614008233,23.911742864351254,33.1264091145557,57125.399721517606,57068.52797442714,83.2571970805676
2025-07-09 04:15:00+00:00,57149.25,57160.1484375,57047.75,57055.8515625,0.0,53.04276682380192,23.123018540165504,31.125730999677664,57127.67117661117,57071.69354405745,85.3387142533842
2025-07-09 04:30:00+00:00,57193.8515625,57200.1484375,57098.55078125,57150.30078125,0.0,56.36534731363889,25.799521351254953,30.060489069993125,57133.97407050534,57076.48405458461,86.50006725314246
2025-07-09 04:45:00+00:00,57140.80078125,57217.8984375,57140.5,57193.94921875,0.0,51.68118566768255,23.370513694972033,28.72249399498891,57134.62423343341,57079.00627915972,85.84995084220371
2025-07-09 05:00:00+00:00,57169.80078125,57175.0,57127.80078125,57142.0,0.0,53.93481953533477,23.51450469138217,27.680896134267563,57137.97438084451,57082.56684786915,83.08918426418916
2025-07-09 05:15:00+00:00,57161.30078125,57192.8984375,57143.19921875,57168.6484375,0.0,53.15230075182893,22.681283908612386,26.68097368913653,57140.19594278789,57085.65445309977,80.70418672746135
2025-07-09 05:30:00+00:00,57186.0,57191.25,57144.55078125,57157.8515625,0.0,55.186902793903485,23.740307481559284,26.09284044762108,57144.55823395094,57089.589572586054,78.27526044335697
2025-07-09 05:45:00+00:00,57177.3515625,57217.0,57158.8984375,57186.69921875,0.0,54.297677956844694,23.60957814433641,25.596187986964146,57147.68140809847,57093.031219249344,76.83428201883147
2025-07-09 06:00:00+00:00,57160.19921875,57193.8515625,57158.8515625,57178.6015625,0.0,52.49120039419406,21.8698217189376,24.850914733358838,57148.87358054147,57095.66525844545,73.84611901748637
2025-07-09 06:15:00+00:00,57130.6015625,57169.5,57097.19921875,57160.5,0.0,49.434850488035316,17.89646935751807,23.460025658190688,57147.13338834704,57097.03530958485,73.7357377483802
2025-07-09 06:30:00+00:00,57197.44921875,57203.05078125,57115.6484375,57130.1015625,0.0,55.7076174960344,19.912072201324918,22.750434966817537,57151.92537219494,57100.973109944265,74.71192389135305
2025-07-09 06:45:00+00:00,57227.6015625,57246.25,57188.8515625,57201.8984375,0.0,58.22497093725184,23.669645187772403,22.93427701100851,57159.132628414474,57105.93893161311,73.4752462919707
2025-07-09 07:00:00+00:00,57220.3984375,57251.3515625,57216.19921875,57227.1015625,0.0,57.385888134128336,25.76926481888222,23.501274572583252,57164.967467375005,57110.42753968711,70.73789611040137
2025-07-09 07:15:00+00:00,57253.30078125,57258.75,57185.6015625,57224.19921875,0.0,60.20683308288596,29.7452875091476,24.750077159896126,57173.380163934526,57116.03041190526,70.91007763822984
2025-07-09 07:30:00+00:00,57268.44921875,57270.75,57174.5,57249.0,0.0,61.47142331352521,33.72984973075654,26.54603167406821,57182.43435963124,57122.00762001682,72.72007209264198
2025-07-09 07:45:00+00:00,57255.44921875,57290.6484375,57246.44921875,57267.44921875,0.0,59.71752929749307,35.43023495018133,28.322872329290835,57189.38815573779,57127.24062388871,70.68286828245327
2025-07-09 08:00:00+00:00,57224.6015625,57264.80078125,57222.3984375,57255.55078125,0.0,55.659345815635184,33.89790053576871,29.437877970586413,57192.74181352467,57131.05869991269,68.66283081584946
2025-07-09 08:15:00+00:00,57230.3984375,57237.1015625,57191.8515625,57224.0,0.0,56.26087456515072,32.77348154401989,30.10499868527311,57196.32815866518,57134.95437589651,66.99048575757449
2025-07-09 08:30:00+00:00,57212.8984375,57245.3984375,57187.0,57235.44921875,0.0,53.884332024973894,30.12302812832786,30.10860457388406,57197.90628045897,57138.011005763314,66.3767680248906
2025-07-09 08:45:00+00:00,57212.05078125,57246.8515625,57202.19921875,57221.55078125,0.0,53.765861006538664,27.635560388072918,29.613995736721833,57199.2533757724,57140.91452637064,64.82502343382698
2025-07-09 09:00:00+00:00,57207.25,57230.0,57179.3984375,57212.25,0.0,53.0544052444025,24.988786185451318,28.68895382646773,57200.014959032174,57143.515917493365,63.809061938553626
2025-07-09 09:15:00+00:00,57170.75,57217.1484375,57154.5,57206.3984375,0.0,47.8681534193749,19.71864928953437,26.89489291908106,57197.22782007673,57144.583920728925,63.72616019294265
2025-07-09 09:30:00+00:00,57218.0,57228.5,57165.8515625,57165.8515625,0.0,54.12051792159733,19.134141473201453,25.34274262990514,57199.20612292657,57147.46298266113,63.6491800005896
2025-07-09 09:45:00+00:00,57187.8515625,57230.69921875,57170.05078125,57218.0,0.0,49.999938144923405,16.053137298309593,23.48482156358603,57198.12473621927,57149.04684853717,63.434841250547485
2025-07-10 03:45:00+00:00,57251.80078125,57361.30078125,57224.1484375,57339.75,0.0,57.40763579116789,18.55766558239702,22.49939036734823,57203.23674050791,57153.07641452591,71.29301107193695
2025-07-10 04:00:00+00:00,57198.94921875,57264.8515625,57170.1484375,57249.19921875,0.0,50.71963797447645,16.092340413713828,21.21798037662135,57202.828405102395,57154.87534802489,72.96516206679858
2025-07-10 04:15:00+00:00,57200.55078125,57233.69921875,57152.80078125,57198.0,0.0,50.90628586838318,14.105189322428487,19.79542216578278,57202.61148854502,57156.6665414847,73.53182459774153
2025-07-10 04:30:00+00:00,57184.6484375,57235.0,57160.94921875,57200.55078125,0.0,48.92484730054123,11.11899863184226,18.060137458994678,57200.90072177883,57157.76387074021,73.56889293004572
2025-07-10 04:45:00+00:00,57257.80078125,57272.69921875,57135.80078125,57180.69921875,0.0,57.181315493437125,14.488192906945187,17.34574854858478,57206.3197750618,57161.68688683863,78.0924318278996
2025-07-10 05:00:00+00:00,57240.3515625,57280.1015625,57231.3984375,57257.3984375,0.0,54.901492070267956,15.570806949755934,16.990760228819013,57209.56089767496,57164.77177608025,75.99319562590676
2025-07-10 05:15:00+00:00,57167.55078125,57272.1484375,57160.44921875,57238.6484375,0.0,46.560634664728674,10.434094012365676,15.679426985528348,57205.559934205914,57164.88075667514,78.54362584905628
2025-07-10 05:30:00+00:00,57187.1484375,57205.6015625,57116.55078125,57164.30078125,0.0,48.814988754055,7.85404256269976,14.114350100962632,57203.806458329156,57165.753999060435,79.29413694912368
2025-07-10 05:45:00+00:00,57111.69921875,57194.05078125,57083.94921875,57187.1015625,0.0,41.54811721971353,-0.2756111236521974,11.236357856039668,57195.034340274,57163.63420375414,81.49466734561484
2025-07-10 06:00:00+00:00,57099.55078125,57132.30078125,57091.05078125,57110.30078125,0.0,40.502608537896066,-7.610963172803167,7.4668936502711,57185.940667986004,57161.121128361825,78.6200482494995
2025-07-10 06:15:00+00:00,57084.3984375,57130.6484375,57081.1484375,57098.1484375,0.0,39.17836849550679,-14.480033217885648,3.0775082766397506,57176.26997936829,57158.11239538685,76.54004480310667
2025-07-10 06:30:00+00:00,57058.8984375,57084.94921875,57023.94921875,57081.1484375,0.0,36.986702425619626,-21.730956663828692,-1.8841847114539378,57165.0917372856,57154.22165194031,75.43004160288476
2025-07-10 06:45:00+00:00,57145.8984375,57148.75,57039.69921875,57058.5,0.0,47.73013723471595,-20.224062421606504,-5.552160253484451,57163.26380397269,57153.89525137402,77.83152300625014
2025-07-10 07:00:00+00:00,57123.5,57203.3515625,57113.69921875,57143.80078125,0.0,45.57573031128675,-20.599743571758154,-8.561676917139192,57159.47677502291,57152.703280731905,78.6758673450894
2025-07-10 07:15:00+00:00,57120.80078125,57154.3984375,57086.0,57123.30078125,0.0,45.31030819273125,-20.874648036151484,-11.02427114094165,57155.793347044535,57151.45220232085,77.9417652132973
2025-07-10 07:30:00+00:00,57075.30078125,57128.1015625,57061.05078125,57126.69921875,0.0,40.978064172509576,-24.48177092950209,-13.71577109865374,57148.127388397435,57148.46587208278,77.16383778734749
2025-07-10 07:45:00+00:00,57101.8515625,57120.1484375,57066.8984375,57074.30078125,0.0,44.323396154202776,-24.910858784074662,-15.954788635737923,57143.720166883395,57146.63785994228,75.45570651682267
2025-07-10 08:00:00+00:00,57025.8515625,57116.6015625,57018.05078125,57100.55078125,0.0,37.73097722918496,-31.02583235919883,-18.968997380430107,57132.494585513545,57141.90114239552,77.10535471204962
2025-07-10 08:15:00+00:00,57053.3984375,57067.25,56994.5,57023.05078125,0.0,41.14776614308024,-33.26572382279119,-21.828342668902323,57124.96161903606,57138.4304480859,76.79425794690322
2025-07-10 08:30:00+00:00,57098.6484375,57172.55078125,57042.19921875,57053.69921875,0.0,46.35499120361594,-31.03184136467462,-23.669042408056782,57122.455601746915,57136.8703692394,80.61977970069584
2025-07-10 08:45:00+00:00,57138.1015625,57150.5,57091.80078125,57097.3984375,0.0,50.469899088975914,-25.78075150301447,-24.091384227048323,57123.94569324721,57136.91865132805,79.05402534707471
2025-07-10 09:00:00+00:00,57090.5,57143.25,57069.3515625,57137.80078125,0.0,45.89558300185272,-25.170127662648156,-24.307132914168292,57120.76038912842,57135.09831206028,78.68576907228366
2025-07-10 09:15:00+00:00,57014.6484375,57092.3515625,57013.3515625,57086.5,0.0,39.71811665446172,-30.455716503813164,-25.536849632097265,57110.65448897334,57130.37478756772,78.70821413854911
2025-07-10 09:30:00+00:00,57002.25,57057.19921875,56976.5,57012.3515625,0.0,38.798841826850065,-35.23882281522674,-27.47724426872316,57100.33025192826,57125.35028609448,78.85042875365275
2025-07-10 09:45:00+00:00,56956.94921875,57046.6484375,56946.1484375,57005.8515625,0.0,35.56032703177148,-42.19842628923652,-30.421480672825837,57086.67491543509,57118.746322669205,80.39682669982041
2025-07-11 03:45:00+00:00,57066.8984375,57090.30078125,56843.44921875,56843.44921875,0.0,47.101318290667884,-38.39933547782857,-32.017051633826384,57084.79144134604,57116.71307227042,92.28645068554752
2025-07-11 04:00:00+00:00,57019.05078125,57077.3515625,57003.5,57066.8984375,0.0,43.45400709130404,-38.80214761443494,-33.374070829948096,57078.5304260988,57112.88317850491,90.96967295800842
2025-07-11 04:15:00+00:00,56931.3515625,57020.80078125,56923.6484375,57019.5,0.0,37.69274925672503,-45.6715005264341,-35.8335567692453,57064.51339147034,57105.76429160276,91.41129230029354
2025-07-11 04:30:00+00:00,56816.5,56934.05078125,56808.0,56933.0,0.0,31.754958410708923,-59.69494724635297,-40.60583486466683,57040.89306847316,57094.42059389285,93.88554151098685
2025-07-11 04:45:00+00:00,56755.19921875,56823.1484375,56743.25,56814.6015625,0.0,29.118338899176763,-74.8917846651384,-47.46302482476115,57013.68413040429,57081.11779486764,92.88646265305923
2025-07-11 05:00:00+00:00,56719.30078125,56765.75,56706.3515625,56752.3984375,0.0,27.66946402851066,-88.80836415660451,-55.73209269112982,56985.64762096102,57066.92889237283,90.49446085641215
2025-07-11 05:15:00+00:00,56700.6015625,56759.3984375,56681.6484375,56718.25,0.0,26.91811533967531,-100.19128161679691,-64.62393047626324,56958.50037729806,57052.56311473076,89.58414222381127
2025-07-11 05:30:00+00:00,56689.3515625,56767.05078125,56647.19921875,56705.44921875,0.0,26.452717014814752,-108.86517670251487,-73.47217972151357,56932.8671568411,57038.3195244472,91.7461008149676
2025-07-11 05:45:00+00:00,56681.44921875,56703.8515625,56656.1015625,56689.0,0.0,26.111213404979978,-115.05072105225554,-81.78788798766197,56908.92259130862,57024.32461049829,88.60352218532707
2025-07-11 06:00:00+00:00,56691.05078125,56736.19921875,56680.75,56681.44921875,0.0,27.33865024214674,-117.81988931998058,-88.99428825412569,56888.17289511256,57011.255048566985,86.23535765423227
2025-07-11 06:15:00+00:00,56653.44921875,56709.80078125,56647.1484375,56694.5,0.0,25.548711058852007,-121.6463436400445,-95.52469933130945,56865.818259268504,56997.22344739769,84.55085666107281
2025-07-11 06:30:00+00:00,56661.25,56668.3515625,56608.80078125,56654.25,0.0,26.622066528904128,-122.63571027383296,-100.94690151981416,56846.335567909606,56984.04801808798,82.76513698885333
2025-07-11 06:45:00+00:00,56677.19921875,56695.30078125,56639.44921875,56660.1484375,0.0,28.87968738441353,-120.7409947701235,-104.90572016987605,56830.22734418012,56972.01473183944,80.84273881107809
2025-07-11 07:00:00+00:00,56789.75,56837.94921875,56672.94921875,56677.19921875,0.0,42.35756812974778,-108.90215540373174,-105.7050072166472,56826.37235902011,56964.86709529672,86.85397175314394
2025-07-11 07:15:00+00:00,56778.05078125,56802.69921875,56751.0,56788.5,0.0,41.47766416585359,-99.31893226307875,-104.42779222593353,56821.77030399438,56957.540965334105,84.34291796720508
2025-07-11 07:30:00+00:00,56734.05078125,56794.55078125,56703.3515625,56777.3515625,0.0,38.25870805733348,-94.18884083078592,-102.38000194690402,56813.41606373301,56948.77664438963,84.83265373740471
2025-07-11 07:45:00+00:00,56715.44921875,56749.19921875,56711.05078125,56733.94921875,0.0,36.953041192180436,-90.58004665072076,-100.02001088766737,56804.085888020345,56939.62654926651,81.49806686330437
2025-07-11 08:00:00+00:00,56701.6484375,56733.19921875,56679.44921875,56715.19921875,0.0,35.97217952056481,-87.82130958199559,-97.58027062653302,56794.32994035174,56930.29407429528,79.51606208735406
2025-07-11 08:15:00+00:00,56784.80078125,56796.80078125,56687.1015625,56700.6484375,0.0,45.379552039889674,-78.02585785201518,-93.66938807162947,56793.42240138967,56924.588454960176,81.67200184897162
2025-07-11 08:30:00+00:00,56760.3984375,56816.30078125,56721.55078125,56784.80078125,0.0,43.36587656051314,-71.40880078035116,-89.21727061337381,56790.277261971605,56918.149630746055,82.60614457404508
2025-07-11 08:45:00+00:00,56717.8515625,56781.05078125,56706.0,56761.6015625,0.0,40.03052672963811,-68.80477400590462,-85.13477129187999,56783.37957630765,56910.29480454033,82.0664757651847
2025-07-11 09:00:00+00:00,56751.3984375,56769.3984375,56712.6484375,56717.44921875,0.0,43.70688343039591,-63.30437811133015,-80.76869265577002,56780.33375356406,56904.06357446032,80.25815606767151
2025-07-11 09:15:00+00:00,56784.19921875,56790.30078125,56719.19921875,56750.44921875,0.0,47.120328788359615,-55.65694717556471,-75.74634355972896,56780.70189310558,56899.36301149129,79.60411366998069
2025-07-11 09:30:00+00:00,56760.80078125,56799.75,56758.94921875,56783.1484375,0.0,45.02303264101931,-50.89764505009953,-70.77660385780308,56778.806549119334,56893.929198540645,76.8324470685535
2025-07-11 09:45:00+00:00,56712.8515625,56764.75,56695.69921875,56760.8515625,0.0,40.996108549824214,-50.41382584867097,-66.70404825597666,56772.525121822255,56886.82811477435,76.27661379579968
2025-07-14 03:45:00+00:00,56730.1015625,56792.8515625,56653.5,56765.55078125,0.0,42.972246284166076,-48.08418031081965,-62.98007466694526,56768.48478283919,56880.68197546947,80.78196727467113
2025-07-14 04:00:00+00:00,56839.19921875,56848.44921875,56683.3984375,56727.75,0.0,53.56468492837177,-37.008044643705944,-57.7856686622974,56775.21949102117,56879.05520069616,86.8011682729089
2025-07-14 04:15:00+00:00,56870.05078125,56894.75,56816.44921875,56834.5,0.0,56.05072342374099,-25.447323170687014,-51.31799956397532,56784.25104247154,56878.702086208075,86.19399777127254
2025-07-14 04:30:00+00:00,56848.0,56895.5,56780.69921875,56871.05078125,0.0,53.832351775733045,-17.858816553125507,-44.62616296180536,56790.32237175996,56877.49808282737,88.2373394483245
2025-07-14 04:45:00+00:00,56831.25,56892.5,56815.6015625,56849.1015625,0.0,52.1441129588427,-13.046068444746197,-38.31014405839353,56794.220241116156,56875.684432520415,87.42741788058704
2025-07-14 05:00:00+00:00,56753.05078125,56834.94921875,56721.94921875,56831.25,0.0,45.04210021745321,-15.364838021436299,-33.72108285100209,56790.29934017653,56870.8752697255,89.25403088911654
2025-07-14 05:15:00+00:00,56694.30078125,56759.8515625,56694.30078125,56754.8515625,0.0,40.57130033746069,-21.693049649649765,-31.315476210731624,56781.156620278765,56863.95077998136,87.56094162917964
2025-07-14 05:30:00+00:00,56673.5,56722.69921875,56659.8984375,56695.30078125,0.0,39.091820820701365,-28.063157553238852,-30.66501247923307,56770.903608823646,56856.48212194288,85.79235874495251
2025-07-14 05:45:00+00:00,56645.69921875,56699.55078125,56603.6484375,56673.5,0.0,37.1423299311127,-34.95190091014956,-31.522390165416372,56758.97938119758,56848.21612573924,86.51450053102734
2025-07-14 06:00:00+00:00,56633.69921875,56675.05078125,56597.69921875,56646.3984375,0.0,36.30081729357844,-40.908017205045326,-33.399515573342164,56747.04793715496,56839.80369801418,85.86000495738253
2025-07-14 06:15:00+00:00,56622.6484375,56655.05078125,56617.80078125,56635.25,0.0,35.50309068177651,-45.98984565882711,-35.917581590439156,56735.20036575925,56831.28780544499,82.38786174614093
2025-07-14 06:30:00+00:00,56659.44921875,56691.44921875,56623.8515625,56623.8515625,0.0,40.21481622911394,-46.511559525366465,-38.03637717742462,56727.98597080599,56824.549037339304,81.41735599641659
2025-07-14 06:45:00+00:00,56680.75,56704.19921875,56649.69921875,56659.8984375,0.0,42.818681011320145,-44.69105582222255,-39.36731290638421,56723.4873069197,56818.90985940443,79.49468771095826
2025-07-14 07:00:00+00:00,56700.5,56711.75,56669.94921875,56680.8515625,0.0,45.2018088140908,-41.17993690013827,-39.729837705135026,56721.29803959401,56814.266335506225,76.80226582088982
2025-07-14 07:15:00+00:00,56715.1484375,56728.44921875,56687.94921875,56700.05078125,0.0,46.96722224199796,-36.79123689678818,-39.14211754346566,56720.712363204104,56810.379359113824,74.20924683368341
2025-07-14 07:30:00+00:00,56648.80078125,56726.75,56617.8984375,56716.1484375,0.0,40.58890007400316,-38.22621389533742,-38.95893681384001,56713.86364111324,56804.04294429564,76.68369795270603
2025-07-14 07:45:00+00:00,56718.8515625,56726.0,56648.30078125,56650.19921875,0.0,48.53565954174502,-33.32676074439951,-37.83250159995191,56714.33868124531,56800.70210579385,76.75623515251274
2025-07-14 08:00:00+00:00,56653.44921875,56722.44921875,56643.94921875,56722.44921875,0.0,42.78194849408476,-34.325646686033,-37.131130617168125,56708.53968481718,56794.92748277252,76.88078978447614
2025-07-14 08:15:00+00:00,56631.3984375,56673.1484375,56595.19921875,56655.0,0.0,41.01647657127665,-36.47611085186509,-37.00012666410752,56701.1928993584,56788.51457903634,76.95710613915641
2025-07-14 08:30:00+00:00,56665.55078125,56668.75,56602.3984375,56630.8515625,0.0,44.8148994105652,-35.020861784047156,-36.60427368809545,56697.7984119195,56783.69246931923,76.1995673077881
2025-07-14 08:45:00+00:00,56655.6484375,56669.75,56635.69921875,56669.30078125,0.0,43.931512577497145,-34.27154179604986,-36.13772730968633,56693.784128641455,56778.671134738084,73.1889397322318
2025-07-14 09:00:00+00:00,56687.5,56689.69921875,56622.05078125,56658.8515625,0.0,47.51527219820178,-30.753043465898372,-35.06079054092874,56693.185640199416,56775.095796120906,72.79318957278667
2025-07-14 09:15:00+00:00,56823.1015625,56830.6484375,56667.44921875,56689.05078125,0.0,59.41006799816808,-16.828704535255383,-31.41437333979407,56705.55858518043,56776.9783751946,79.25076308544476
2025-07-14 09:30:00+00:00,56764.3515625,56826.94921875,56735.1015625,56825.6015625,0.0,53.728637129067145,-10.414151760138338,-27.214329023862927,56711.15791635372,56776.48320606932,80.15054116862727
2025-07-14 09:45:00+00:00,56763.6015625,56791.1015625,56732.44921875,56764.8515625,0.0,53.65809135980679,-5.329654266693979,-22.837394072429138,56716.152549320024,56775.978043576404,78.61495563872532
2025-07-15 03:45:00+00:00,56842.69921875,56909.05078125,56730.0,56730.0,0.0,59.67202461073085,5.024447735479043,-17.265025710847503,56728.20461307526,56778.59456024988,85.7889431823878
2025-07-15 04:00:00+00:00,56834.94921875,56878.75,56808.55078125,56849.44921875,0.0,58.86595664161182,12.461143631939194,-11.319791842290163,56738.37076599666,56780.80454685773,84.67539143721724
2025-07-15 04:15:00+00:00,56911.69921875,56941.6484375,56814.8984375,56835.25,0.0,64.04575057376033,24.2681145635579,-4.20221056112055,56754.87823768746,56785.937671245665,87.68072062027316
2025-07-15 04:30:00+00:00,57036.5,57063.05078125,56909.19921875,56911.69921875,0.0,70.54169668954096,43.19764853204833,5.277761257513227,56781.6993579077,56795.76364492231,92.40720932596794
2025-07-15 04:45:00+00:00,57019.8515625,57064.69921875,56989.8984375,57038.0,0.0,68.75705788789736,56.20811860955291,15.463832727921165,56804.380520249826,56804.55140639594,91.14960732054166
2025-07-15 05:00:00+00:00,57070.19921875,57083.6484375,57010.25,57020.8515625,0.0,71.13532972197297,69.7772957374109,26.326525329819113,56829.69658677365,56814.968967664725,89.8816666190744
2025-07-15 05:15:00+00:00,57078.19921875,57119.05078125,57043.25,57071.05078125,0.0,71.50648109172185,80.25141119954787,37.11150250376487,56853.36350410473,56825.29172260925,88.87588909271194
2025-07-15 05:30:00+00:00,57078.44921875,57134.44921875,57062.80078125,57078.19921875,0.0,71.51880582037906,87.56302404083544,47.20180681117898,56874.800238832846,56835.219467555944,87.64535683608968
2025-07-15 05:45:00+00:00,57062.5,57107.1015625,57053.3984375,57077.94921875,0.0,69.45476900271164,91.02132406986493,55.965710262916176,56892.67640656305,56844.132429612575,85.2209117049404
2025-07-15 06:00:00+00:00,57079.94921875,57114.75,57048.05078125,57068.25,0.0,70.45924604878827,94.08549881831277,63.589667973995496,56910.51191248562,56853.380146833646,83.89793363673037
2025-07-15 06:15:00+00:00,57046.30078125,57091.5,57037.1484375,57077.6484375,0.0,65.95504058283103,92.72980027287122,69.41769443377063,56923.44418570127,56860.9456619088,81.78747855553534
2025-07-15 06:30:00+00:00,57054.94921875,57074.3515625,57034.6484375,57049.80078125,0.0,66.54697424603349,91.30079727832344,73.7943150026812,56935.96847456306,56868.553644530024,78.78145330156853
2025-07-15 06:45:00+00:00,57065.3515625,57070.3984375,56992.05078125,57056.44921875,0.0,67.28379420709916,89.97055970676593,77.02956394349815,56948.290673414194,56876.27120994061,78.75046779788507
2025-07-15 07:00:00+00:00,57086.3515625,57110.8984375,57063.19921875,57070.3515625,0.0,68.77881797176688,89.57825893467816,79.53930294173415,56961.439329517605,56884.509655139016,76.53252143732185
2025-07-15 07:15:00+00:00,57063.25,57117.1015625,57059.94921875,57088.8515625,0.0,65.2465822695822,86.4072062336345,80.91288360011421,56971.13558384926,56891.519080427686,75.14822303108456
2025-07-15 07:30:00+00:00,57034.8515625,57087.55078125,57034.8515625,57062.1484375,0.0,61.092987668012036,80.67266330565326,80.86483954122203,56977.20377229219,56897.139962077585,73.5447227252928
2025-07-15 07:45:00+00:00,57000.3515625,57048.1484375,56975.55078125,57038.44921875,0.0,56.395954537432466,72.50830444975873,79.19353252292937,56979.40832374055,56901.18747581964,73.47707511991474
2025-07-15 08:00:00+00:00,56960.3984375,57012.6015625,56944.75,56998.6015625,0.0,51.46158407813275,62.09827766010858,75.77448155036522,56977.5978583843,56903.50947431691,73.07525278992084
2025-07-15 08:15:00+00:00,57001.8515625,57023.1484375,56956.19921875,56964.55078125,0.0,55.78425298620148,56.54140307949274,71.92786585619073,56979.90773496675,56907.366026794676,72.6376789299265
2025-07-15 08:30:00+00:00,56983.69921875,57006.75,56915.3984375,57005.5,0.0,53.53586472108548,50.09532972625311,67.56135863020322,56980.26882866039,56910.35948530273,73.97438489921747
2025-07-15 08:45:00+00:00,56977.0,57004.6484375,56961.69921875,56983.6484375,0.0,52.691794051870204,43.9396897944971,62.837024863062,56979.957511645116,56912.97283882028,71.7583016028448
2025-07-15 09:00:00+00:00,56959.6015625,57014.0,56928.5,56978.0,0.0,50.46639920656821,37.22824822637631,57.715269535724865,56978.018849821776,56914.80141621948,72.73985148835588
2025-07-15 09:15:00+00:00,56931.05078125,56962.6015625,56908.19921875,56962.6015625,0.0,46.96132763164272,29.26818754507258,52.02585313759441,56973.54570043399,56915.43864622068,71.43002950704475
2025-07-15 09:30:00+00:00,57038.3515625,57042.8984375,56931.1015625,56931.1015625,0.0,58.59918506725497,31.25773864895018,47.87223023986557,56979.71768729742,56920.25876058458,74.31700284582726
2025-07-15 09:45:00+00:00,57049.6015625,57076.80078125,57011.8515625,57043.5,0.0,59.60009512319394,33.35772611040011,44.96932941397248,56986.373294459576,56925.331027326356,73.64787541041103
2025-07-16 03:45:00+00:00,57032.5,57158.3515625,57000.0,57111.25,0.0,57.33104558328852,33.25864319717948,42.62719217061388,56990.76631403485,56929.53373213709,79.6981387739531
2025-07-16 04:00:00+00:00,57082.5,57142.8984375,57017.8984375,57035.25,0.0,61.89834760751086,36.79060224581917,41.45987418565494,56999.50285555534,56935.53240930819,82.93398600438502
2025-07-16 04:15:00+00:00,57024.30078125,57092.3984375,57015.69921875,57089.80078125,0.0,54.5755402685192,34.495867785408336,40.06707290560562,57001.86456276436,56939.01352193335,82.48864548621466
2025-07-16 04:30:00+00:00,57023.1015625,57058.44921875,56991.55078125,57025.8984375,0.0,54.43264300456356,32.20921942996938,38.49550221047837,57003.88713416775,56942.311092151656,81.37505920148506
2025-07-16 04:45:00+00:00,57042.05078125,57085.3984375,57012.30078125,57024.0,0.0,56.376327098161,31.562247776229924,37.108851323628684,57007.5217672232,56946.22245250845,80.78381613352185
2025-07-16 05:00:00+00:00,56979.1484375,57059.6484375,56973.75,57046.05078125,0.0,48.91711615768522,25.677826634106168,34.822646385724184,57004.819545344806,56947.51366760617,81.14914623112745
2025-07-16 05:15:00+00:00,56997.1484375,57008.25,56938.44921875,56976.25,0.0,50.918384477352845,22.210797800435103,32.30027666866637,57004.0889636453,56949.46012917063,80.33854873247549
2025-07-16 05:30:00+00:00,57030.80078125,57039.19921875,56994.94921875,56995.69921875,0.0,54.506808943663266,21.925867613936134,30.225394857720325,57006.63294627432,56952.64995866393,77.76079525158437
2025-07-16 05:45:00+00:00,57021.30078125,57053.8984375,56994.6015625,57030.6484375,0.0,53.321636881996206,20.694929517805576,28.319301789737374,57008.029882938674,56955.342147784955,76.44194380504261
2025-07-16 06:00:00+00:00,57013.30078125,57034.55078125,56984.6484375,57016.55078125,0.0,52.29052750608314,18.856503037721268,26.426742039334155,57008.53187325404,56957.61503537182,74.54625808682529
2025-07-16 06:15:00+00:00,57092.3984375,57123.6015625,56996.44921875,57010.6484375,0.0,60.43667638188602,23.511036031522963,25.843600837771916,57016.51916508698,56962.90065898469,78.30383563419491
2025-07-16 06:30:00+00:00,57109.94921875,57173.55078125,57085.05078125,57093.3984375,0.0,61.9876004482819,28.289880202944914,26.332856710806517,57025.41726543584,56968.667269171565,79.03213308889528
2025-07-16 06:45:00+00:00,57154.69921875,57173.8984375,57102.80078125,57113.5,0.0,65.68167087870259,35.28139765687956,28.12256490002113,57037.72983241814,56975.962639743266,78.46538474325989
2025-07-16 07:00:00+00:00,57217.3515625,57242.8515625,57143.8984375,57155.80078125,0.0,70.06750119719034,45.3549228255506,31.56903648512703,57054.83666385451,56985.42887200824,79.92879476159848
2025-07-16 07:15:00+00:00,57206.25,57271.0,57186.1015625,57218.19921875,0.0,68.39944852484697,51.84482590271364,35.62419436864435,57069.25698158265,56994.08852408635,80.28376924291287
2025-07-16 07:30:00+00:00,57249.6015625,57259.30078125,57204.8515625,57206.3984375,0.0,71.27522481818119,59.79692787594831,40.45874107010515,57086.43265595573,57004.10864323983,78.4384442077048
2025-07-16 07:45:00+00:00,57230.75,57268.44921875,57217.6015625,57251.8515625,0.0,68.36181678105658,63.84193238060834,45.13537933220579,57100.177164912326,57012.996539583364,76.46767363929732
2025-07-16 08:00:00+00:00,57231.75,57242.3515625,57163.44921875,57225.8515625,0.0,68.43552207114018,66.36332414488425,49.38096829474148,57112.70791111115,57021.57510665853,76.64157864720467
2025-07-16 08:15:00+00:00,57223.3515625,57253.5,57203.94921875,57228.6484375,0.0,67.02332193073832,66.91253550840338,52.887281737473856,57123.245401719614,57029.487908848394,74.70652169026148
2025-07-16 08:30:00+00:00,57237.69921875,57276.55078125,57207.0,57224.1015625,0.0,68.22948512119375,67.72483567346353,55.854792524671794,57134.14576524632,57037.6530582563,74.3382545159571
2025-07-16 08:45:00+00:00,57172.05078125,57252.6484375,57164.69921875,57239.6015625,0.0,57.810325428723694,62.35254778939998,57.15434357761744,57137.75576677048,57042.92355719723,75.31046624696016
2025-07-16 09:00:00+00:00,57188.6484375,57203.94921875,57153.75,57172.75,0.0,59.49447969909948,58.756949543603696,57.47486477081469,57142.60268779234,57048.63825838558,73.51680571146301
2025-07-16 09:15:00+00:00,57188.1015625,57224.3984375,57165.55078125,57191.3984375,0.0,59.41032785600144,55.22666516820027,57.02522485029181,57146.93591395498,57054.10740756654,72.46900932135851
2025-07-16 09:30:00+00:00,57179.05078125,57215.3984375,57166.80078125,57189.8984375,0.0,57.94943341288653,51.10940950179065,55.84206178059158,57149.994472744984,57059.00714771099,70.76391267340433
2025-07-16 09:45:00+00:00,57108.3984375,57195.1484375,57084.1484375,57181.25,0.0,48.02227775667317,41.66511157795321,53.00667174006391,57146.0329455788,57060.94406103605,73.63791891101832
2025-07-17 03:45:00+00:00,57077.1484375,57251.3515625,57050.8984375,57231.94921875,0.0,44.399344544042826,31.29803928345791,48.66494524874271,57139.47251623797,57061.57952677974,82.69614791737415
2025-07-17 04:00:00+00:00,57015.19921875,57087.0,56987.55078125,57076.25,0.0,38.2403486881641,17.87719836289034,42.50739587157224,57127.63696409626,57059.760691170726,83.89279583399028
2025-07-17 04:15:00+00:00,57074.69921875,57103.6015625,56982.6015625,57017.1484375,0.0,45.98986241672802,11.905004497908521,36.3869175968395,57122.595274063286,57060.34651578168,86.54331041727669
2025-07-17 04:30:00+00:00,56992.6015625,57095.80078125,56981.55078125,57073.3984375,0.0,38.762499446993566,0.5411648800654802,29.2177670534847,57110.21492058107,57057.689850947114,88.52235967318549
2025-07-17 04:45:00+00:00,56952.55078125,57004.5,56935.69921875,56990.6015625,0.0,35.806247263795925,-11.5632295057585,21.06156774163606,57095.19928826383,57053.56675017468,87.11367550010081
2025-07-17 05:00:00+00:00,56954.80078125,56978.1484375,56916.8984375,56951.94921875,0.0,36.10108252069136,-20.735467505997804,12.702160692109288,57081.82800188156,57049.693574922734,85.26627010723647
2025-07-17 05:15:00+00:00,56996.6015625,57025.0,56949.0,56953.1015625,0.0,41.478669076940605,-24.350856979035598,5.2915571578803124,57073.711198130935,57047.61153521988,84.60439367100528
2025-07-17 05:30:00+00:00,56991.6015625,57037.44921875,56948.1015625,56997.69921875,0.0,41.03382663426152,-27.30478483421757,-1.2277112405392652,57065.89123283275,57045.415065701454,84.94319814093349
2025-07-17 05:45:00+00:00,56997.30078125,57017.25,56960.19921875,56992.69921875,0.0,41.80001278735041,-28.85331160298665,-6.752831313028743,57059.35880887249,57043.52823101708,82.95088264872395
2025-07-17 06:00:00+00:00,57016.6015625,57037.8984375,56973.6484375,56995.69921875,0.0,44.43325354206313,-28.198068697012786,-11.041878789825553,57055.28669017034,57042.4722832321,81.61510531667224
2025-07-17 06:15:00+00:00,56994.8515625,57039.1015625,56987.94921875,57016.75,0.0,42.1204954664229,-29.09839897070924,-14.653182826002292,57049.53096372554,57040.6048039877,79.43919377619565
2025-07-17 06:30:00+00:00,56955.80078125,56995.25,56953.94921875,56993.3984375,0.0,38.269040584685754,-32.58734228803951,-18.240014718409736,57040.60427968025,57037.2791560372,76.71502145289595
2025-07-17 06:45:00+00:00,56923.3515625,56957.0,56899.0,56955.5,0.0,35.37449253308401,-37.53802082967013,-22.099615940661813,57029.43735423451,57032.81140727104,75.37823420626053
2025-07-17 07:00:00+00:00,56919.75,56960.69921875,56868.75,56923.3515625,0.0,35.057545934909854,-41.276277996708814,-25.934948351871213,57018.99093954551,57028.37762659375,76.56187595938478
2025-07-17 07:15:00+00:00,56901.0,56921.55078125,56877.5,56921.30078125,0.0,33.380725170583105,-45.230453520787705,-29.79404938565451,57007.75370720784,57023.38242555086,74.23965490871443
2025-07-17 07:30:00+00:00,56896.30078125,56919.3515625,56872.80078125,56901.3984375,0.0,32.955284243182035,-48.18787397673441,-33.47281430387049,56997.13914283091,57018.39883165671,72.26187821880625
2025-07-17 07:45:00+00:00,56889.75,56907.25,56856.6484375,56894.6015625,0.0,32.33657076059714,-50.47836116898543,-36.87392367689348,56986.91160541844,57013.35377943488,70.71471281032008
2025-07-17 08:00:00+00:00,56903.6015625,56912.0,56869.80078125,56891.30078125,0.0,35.110707776749805,-50.592682488619175,-39.617675439238624,56978.977315616685,57009.04977092763,68.6778918060115
2025-07-17 08:15:00+00:00,56944.94921875,56956.05078125,56881.30078125,56903.6015625,0.0,42.667102070448,-46.80730715513346,-41.05560178241759,56975.73654448652,57006.53602378341,69.11161381986783
2025-07-17 08:30:00+00:00,56862.80078125,56952.5,56835.0,56944.1484375,0.0,34.15669224059043,-49.86129235362023,-42.81673989665812,56964.980757511614,57000.899347605635,72.5679271184487
2025-07-17 08:45:00+00:00,56860.44921875,56889.05078125,56836.44921875,56861.3984375,0.0,33.94794883302481,-51.873384975187946,-44.628068912364085,56955.025372867654,56995.39149941522,71.14175821713093
2025-07-17 09:00:00+00:00,56882.5,56909.1015625,56832.8984375,56857.3515625,0.0,37.7873858775633,-51.09962445106066,-45.922380020103404,56948.11819449931,56990.9643817911,71.50328441590729
2025-07-17 09:15:00+00:00,56861.80078125,56888.69921875,56839.44921875,56879.8984375,0.0,35.690163713095274,-51.56228964496404,-47.05036194507553,56939.89748847556,56985.89914255419,69.91376410048534
2025-07-17 09:30:00+00:00,56854.25,56899.0,56817.3515625,56862.1484375,0.0,34.9286083331132,-51.93951370405557,-48.02819229687154,56931.74058481122,56980.736431081474,70.75195505759352
2025-07-17 09:45:00+00:00,56805.1015625,56852.19921875,56782.19921875,56849.5,0.0,30.383964066113492,-55.56382940615731,-49.535319718728694,56919.67972554348,56973.848789176314,70.84472835705112
2025-07-18 03:45:00+00:00,56477.44921875,56692.94921875,56447.19921875,56558.8984375,0.0,15.709378193369716,-83.90769586043461,-56.409794947069884,56877.56253442029,56954.38213935567,91.34884374226176
2025-07-18 04:00:00+00:00,56511.30078125,56552.69921875,56472.55078125,56481.05078125,0.0,20.007895379735274,-102.45780623503379,-65.61939720466268,56842.680462689794,56937.006399822116,90.54881472495735
2025-07-18 04:15:00+00:00,56523.1484375,56547.69921875,56472.75,56515.19921875,0.0,21.51643438617647,-114.8786459873736,-75.47124696120486,56812.24884124315,56920.77667580948,89.43455786960325
2025-07-18 04:30:00+00:00,56408.8984375,56530.1015625,56404.05078125,56522.75,0.0,17.992625078076415,-132.4148748988955,-86.85997254874299,56773.834517077135,56900.703019405184,92.05000239677445
2025-07-18 04:45:00+00:00,56324.0,56411.5,56295.1015625,56410.8984375,0.0,15.907754302993112,-151.41760909000004,-99.77149985699441,56730.993134498356,56878.087214722626,93.78917633271912
2025-07-18 05:00:00+00:00,56264.8984375,56327.6015625,56240.3984375,56325.80078125,0.0,14.636302406603576,-169.29488890821085,-113.67617766723771,56686.603163355656,56854.04059600801,93.31874409466775
2025-07-18 05:15:00+00:00,56222.69921875,56296.69921875,56222.69921875,56263.75,0.0,13.788861176040896,-184.73833768135955,-127.8886096700621,56642.42183529797,56829.28211062535,91.93883380219147
2025-07-18 05:30:00+00:00,56311.3515625,56324.6015625,56206.3984375,56222.1015625,0.0,23.77395392492238,-187.66064376936265,-139.8430164899222,56610.89133312674,56808.97110873808,93.81485460203494
2025-07-18 05:45:00+00:00,56342.80078125,56376.44921875,56298.69921875,56316.6015625,0.0,27.00388169575237,-185.30284739934723,-148.93498267180723,56585.35889961467,56790.689919424825,92.66736498760388
2025-07-18 06:00:00+00:00,56280.1484375,56354.0,56271.1015625,56342.5,0.0,24.753585547429907,-186.3417654439254,-156.4163392262309,56556.291236556135,56770.66868483954,91.96958445277502
2025-07-18 06:15:00+00:00,56308.5,56342.6484375,56275.6484375,56277.1015625,0.0,27.690122471069003,-182.77051658490382,-161.68717469796547,56532.69207116983,56752.544422688974,90.18604270614823
2025-07-18 06:30:00+00:00,56275.8515625,56318.0,56268.1015625,56309.94921875,0.0,26.411863677627352,-180.49410845791863,-165.44856144995612,56508.23107034413,56733.8505850345,87.30835661999478
2025-07-18 06:45:00+00:00,56280.8984375,56299.44921875,56249.69921875,56274.05078125,0.0,26.97306901415928,-176.25108518513298,-167.6090661969915,56486.5803434066,56716.08775571943,84.62561686142372
2025-07-18 07:00:00+00:00,56257.8515625,56299.5,56254.05078125,56282.05078125,0.0,25.998015682379588,-172.75671697784128,-168.6385963531615,56464.79664998692,56698.11770892652,81.82730271060775
2025-07-18 07:15:00+00:00,56301.0,56306.0,56240.80078125,56257.30078125,0.0,31.02521466207483,-164.60818599518097,-167.8325142815654,56449.19696903579,56682.544465439205,80.6395824277072
2025-07-18 07:30:00+00:00,56273.5,56376.5,56247.5,56303.55078125,0.0,29.643055731712806,-158.54186472961737,-165.97438437117583,56432.463924365715,56666.503506010224,84.09389796858525
2025-07-18 07:45:00+00:00,56259.8984375,56293.8515625,56245.30078125,56274.75,0.0,28.95595274040788,-153.06732895482855,-163.3929732879064,56416.02911609279,56650.558209205905,81.55510391725774
2025-07-18 08:00:00+00:00,56305.1484375,56318.69921875,56252.80078125,56258.05078125,0.0,34.40341887252539,-143.4241191146939,-159.3992024532639,56405.4690514649,56637.01272796254,80.43677060173933
2025-07-18 08:15:00+00:00,56303.05078125,56364.5,56249.30078125,56304.05078125,0.0,34.27222619971758,-134.40176923578838,-154.3997158097688,56395.71493049205,56623.91618103263,82.91980261232938
2025-07-18 08:30:00+00:00,56303.8984375,56335.25,56285.94921875,56300.05078125,0.0,34.38112094307522,-125.73371319977741,-148.66651528777052,56386.97050258805,56611.36646559998,80.51844394359156
2025-07-18 08:45:00+00:00,56368.69921875,56376.8515625,56269.25,56303.44921875,0.0,42.25705512920653,-112.34034528609482,-141.40128128743538,56385.23038031776,56601.85010297842,82.45295241190645
2025-07-18 09:00:00+00:00,56290.19921875,56431.94921875,56290.19921875,56368.19921875,0.0,36.536088437271985,-106.82884227354225,-134.48679348465677,56376.179793501775,56589.62849967534,86.68845581105599
2025-07-18 09:15:00+00:00,56317.55078125,56320.8515625,56265.6015625,56290.69921875,0.0,39.60421983225584,-99.11139940304565,-127.41171466833455,56370.596078049224,56578.95878522729,84.442851824552
2025-07-18 09:30:00+00:00,56280.80078125,56338.1015625,56264.44921875,56315.8984375,0.0,37.01491177456177,-94.8671190981986,-120.90279555430737,56362.04414502073,56567.26631448308,83.67210124779828
2025-07-18 09:45:00+00:00,56253.69921875,56307.6015625,56237.8984375,56280.05078125,0.0,35.18783627846537,-92.62266949641344,-115.2467703427286,56351.72558061399,56554.96956563081,82.6743172300984
2025-07-21 03:45:00+00:00,56281.19921875,56622.3515625,56259.1015625,56622.3515625,0.0,38.50482404658393,-87.61493639534456,-109.7204035532518,56345.00878424599,56544.23347359627,103.10131912437707
2025-07-21 04:00:00+00:00,56494.75,56497.5,56276.8515625,56281.94921875,0.0,56.93605424982703,-65.65764800966281,-100.907852444534,56359.26985241304,56542.292945219946,111.49754186549299
2025-07-21 04:15:00+00:00,56679.3984375,56734.80078125,56470.6484375,56495.6015625,0.0,66.332325585434,-32.976619097687944,-87.32160577516478,56389.758289087986,56547.66963119172,122.40145628581492
2025-07-21 04:30:00+00:00,56720.6015625,56760.3984375,56634.75,56674.0,0.0,68.00969717564574,-3.709163464685844,-70.599117313069,56421.26717227008,56554.45127555675,122.63338351539957
2025-07-21 04:45:00+00:00,56682.69921875,56740.8515625,56633.0,56725.19921875,0.0,64.81091329058344,16.23990014766605,-53.231313820922,56446.16546241103,56559.48060666237,121.57753915715674
2025-07-21 05:00:00+00:00,56734.3984375,56775.6015625,56679.5,56686.1484375,0.0,67.08501712009422,35.808592506087734,-35.42333255552005,56473.61622194331,56566.34012944032,119.75782653878841
2025-07-21 05:15:00+00:00,56786.6484375,56810.19921875,56711.1015625,56733.3515625,0.0,69.24804455897817,54.90020512301999,-17.35862501981204,56503.42881390109,56574.97967093286,118.28210008958924
2025-07-21 05:30:00+00:00,56769.25,56799.8984375,56749.6484375,56785.69921875,0.0,67.65374877551591,67.84446836849384,-0.3180063421508663,56528.74511733908,56582.59811521001,113.4226643689043
2025-07-21 05:45:00+00:00,56760.94921875,56796.6015625,56756.25,56770.1015625,0.0,66.86281621761658,76.55065823753102,15.055726573785511,56550.85979366393,56589.592276133146,108.20329994969686
2025-07-21 06:00:00+00:00,56691.19921875,56827.1484375,56647.3515625,56761.3515625,0.0,60.46593500742521,76.93527242851269,27.431635744730947,56564.22545319593,56593.57686211813,113.31712673900422
2025-07-21 06:15:00+00:00,56744.5,56749.30078125,56639.1484375,56693.3984375,0.0,63.351395359365306,80.61176726556732,38.06766204889823,56581.39445765346,56599.49541654487,113.0910708112182
2025-07-21 06:30:00+00:00,56777.8984375,56784.94921875,56725.8984375,56746.5,0.0,65.07167351735698,85.23782214057428,47.501694067233444,56600.109122400754,56606.491613445076,109.23105012827405
2025-07-21 06:45:00+00:00,56731.30078125,56784.5,56722.1015625,56776.44921875,0.0,60.784632545474295,84.17366096412297,54.83608744661135,56612.603566100675,56611.386090613894,105.88586351196876
2025-07-21 07:00:00+00:00,56791.30078125,56792.1484375,56690.69921875,56729.6484375,0.0,64.0673033287683,87.16699723938655,61.3022694051664,56629.62234849585,56618.441568678056,105.56896031468527
2025-07-21 07:15:00+00:00,56872.8984375,56885.69921875,56789.0,56791.6484375,0.0,67.99147356761753,95.02806237254845,68.0474279986428,56652.791499829575,56628.42026941617,104.93540734577917
2025-07-21 07:30:00+00:00,56895.1015625,56928.6015625,56873.3984375,56876.6484375,0.0,68.98405057561146,101.87526511366013,74.81299542164628,56675.86864865533,56638.878359341026,101.4188157496521
2025-07-21 07:45:00+00:00,56881.3984375,56923.05078125,56866.8515625,56894.3984375,0.0,67.59096631942285,104.98578418303077,80.84755317392317,56695.442914259576,56648.388950641376,98.18884453539124
2025-07-21 08:00:00+00:00,56872.3984375,56917.69921875,56868.6484375,56881.6015625,0.0,66.6391228425797,105.50843263701245,85.77972906654104,56712.29582123486,56657.17363640054,94.678982872149
2025-07-21 08:15:00+00:00,56775.8515625,56879.5,56733.30078125,56872.5,0.0,57.314675225458956,97.013794729035,88.02654219903982,56718.3487489744,56661.82767271817,98.35899972056693
2025-07-21 08:30:00+00:00,56816.8984375,56838.75,56763.69921875,56778.94921875,0.0,59.88466183282389,92.52727591531584,88.92668894229504,56727.734433595884,56667.908879180206,96.6941269726693
2025-07-21 08:45:00+00:00,56826.6015625,56851.8984375,56792.44921875,56817.6484375,0.0,60.490243657446314,88.73179364343378,88.8877098825228,56737.15035063437,56674.13212166334,94.03377638533577
2025-07-21 09:00:00+00:00,56837.55078125,56839.5,56757.8515625,56825.80078125,0.0,61.201994459026054,85.62037861681893,88.23424362938204,56746.71229640729,56680.54069654909,93.1491093220975
2025-07-21 09:15:00+00:00,56902.44921875,56904.05078125,56827.3515625,56838.19921875,0.0,65.20326487067433,87.38401281400002,88.06419746630563,56761.54438424946,56689.242991537365,91.97411713837626
2025-07-21 09:30:00+00:00,56954.30078125,56966.19921875,56900.8984375,56903.44921875,0.0,68.0393328031838,91.90625527260272,88.83260902756506,56779.90213634475,56699.63741466335,90.0688788606351
2025-07-21 09:45:00+00:00,56916.75,56982.3515625,56901.30078125,56953.05078125,0.0,63.97287902303847,91.40645407609554,89.34737803727116,56792.93526621667,56708.151633696165,89.42472903130401
2025-07-22 03:45:00+00:00,56999.1015625,57262.75,56998.30078125,57262.75,0.0,68.42922218153558,96.54255836286757,90.78641410239044,56812.57015157699,56719.56143482573,107.75153410049657
2025-07-22 04:00:00+00:00,56975.25,57065.25,56918.6484375,56996.8984375,0.0,65.8871974162164,97.56368285121425,92.1418678521552,56828.063470474415,56729.58843738158,110.52653612903252
2025-07-22 04:15:00+00:00,57002.25,57058.5,56963.3984375,56974.6484375,0.0,67.36512039472487,99.40571847198589,93.59463797612135,56844.652663762565,56740.28104768034,109.42475229838735
2025-07-22 04:30:00+00:00,57029.1015625,57037.6484375,56948.6015625,57009.19921875,0.0,68.81225477083163,101.85808505837485,95.24732739257205,56862.21922554708,56751.60734237915,107.96918963421682
2025-07-22 04:45:00+00:00,57045.6484375,57122.30078125,57021.55078125,57029.75,0.0,69.70380544619012,103.93865762540372,96.98559343913838,56879.6886743045,56763.13836571723,107.45353323177277
2025-07-22 05:00:00+00:00,56956.1484375,57065.80078125,56950.19921875,57045.8515625,0.0,59.753878585745504,97.24464858103602,97.03740446751792,56886.970556513596,56770.70738814008,108.03553532236042
2025-07-22 05:15:00+00:00,56966.94921875,56992.8984375,56920.75,56955.94921875,0.0,60.4869077210132,91.75345426045533,95.9806144261054,56894.58757196468,56778.403146203214,105.47217119219181
2025-07-22 05:30:00+00:00,56916.05078125,56969.19921875,56864.0,56969.19921875,0.0,55.368941791924826,82.34533886102872,93.25355931309008,56896.631687134715,56783.80109267564,105.4526745891781
2025-07-22 05:45:00+00:00,56900.1484375,56923.1015625,56862.1015625,56917.1484375,0.0,53.83625910213128,72.76733682317717,89.1563148151075,56896.96661574094,56788.36373364915,102.27748354709395
2025-07-22 06:00:00+00:00,56884.55078125,56907.1015625,56865.6015625,56903.55078125,0.0,52.3068369409403,63.18968929411494,83.962989710909,56895.78415531323,56792.13577473154,97.93623472230152
2025-07-22 06:15:00+00:00,56898.44921875,56905.3515625,56812.05078125,56883.75,0.0,53.5725028801823,56.07443123807025,78.38527801634125,56896.037970878635,56796.30492939894,97.60513090285141
2025-07-22 06:30:00+00:00,56882.6015625,56916.75,56872.69921875,56903.0,0.0,51.8818208992062,48.596573501985404,72.42753711347008,56894.75831293781,56799.68911108918,93.77982021336202
2025-07-22 06:45:00+00:00,56947.3984375,56962.80078125,56875.05078125,56884.69921875,0.0,57.75257551084113,47.353027429540816,67.41263517668423,56899.77165813421,56805.48163369353,93.34911876955043
2025-07-22 07:00:00+00:00,56947.80078125,56969.69921875,56922.05078125,56945.3984375,0.0,57.787015157480596,45.871199353641714,63.10434801207573,56904.345860335714,56811.062776734965,90.08478439315397
2025-07-22 07:15:00+00:00,56932.8984375,56967.94921875,56910.3984375,56948.69921875,0.0,55.96717260054352,42.998683275902295,59.08321506484105,56907.06515339898,56815.84064578458,87.76092702578582
2025-07-22 07:30:00+00:00,56888.44921875,56945.1484375,56873.94921875,56931.30078125,0.0,50.825768424301,36.7123163827855,54.60903532842994,56905.29220724193,56818.68804080283,86.5779478632297
2025-07-22 07:45:00+00:00,56873.0,56897.30078125,56861.3984375,56887.75,0.0,49.13619535647898,30.136309869565594,49.71449023665708,56902.21675893318,56820.81792155566,82.95826185514186
2025-07-22 08:00:00+00:00,56837.5,56875.80078125,56824.05078125,56872.44921875,0.0,45.40138431837481,21.80882545186614,44.13335727969889,56896.0532580824,56821.47212071034,80.7291002940603
2025-07-22 08:15:00+00:00,56849.3515625,56884.1015625,56794.30078125,56834.55078125,0.0,46.85373599337554,15.981333239120431,38.50295247158321,56891.605477550744,56822.565432153075,81.37707750519886
2025-07-22 08:30:00+00:00,56827.19921875,56877.3515625,56815.0,56849.3515625,0.0,44.47245827173271,9.466372223556391,32.695636421977845,56885.471548141155,56822.747149274524,80.01811214768465
2025-07-22 08:45:00+00:00,56777.05078125,56832.3515625,56735.6484375,56828.0,0.0,39.569594463706245,0.2537339951522881,26.207255936612732,56875.14576081819,56820.955134842196,81.20989877999288
2025-07-22 09:00:00+00:00,56807.69921875,56812.30078125,56755.6484375,56777.1015625,0.0,43.65775952240701,-4.522146913099277,20.06137536667033,56868.722280621216,56820.43529499545,79.45578770642196
2025-07-22 09:15:00+00:00,56798.5,56841.6015625,56793.3984375,56807.69921875,0.0,42.72350106296634,-8.946240323683014,14.25985222859966,56862.03444437158,56819.575087348574,77.22345465596324
2025-07-22 09:30:00+00:00,56769.5,56799.3515625,56736.19921875,56799.3515625,0.0,39.829850987889095,-14.623849231422355,8.483111936595257,56853.22164014571,56817.61135843294,76.2183753055373
2025-07-22 09:45:00+00:00,56721.75,56784.8984375,56693.44921875,56771.25,0.0,35.559225116566225,-22.714581575302873,2.2435732342156314,56840.700531560404,56813.852089474785,77.30629269442748
2025-07-23 03:45:00+00:00,56812.8515625,56918.1484375,56759.19921875,56918.1484375,0.0,47.19279844160392,-21.52725769571407,-2.5105929517703096,56838.04824879275,56813.812853122836,85.81287446625409
2025-07-23 04:00:00+00:00,56755.8515625,56833.1484375,56716.8984375,56815.8984375,0.0,42.07471592844205,-24.898701861900918,-6.988214733796432,56830.219992955346,56811.5398613337,87.98695486152165
2025-07-23 04:15:00+00:00,56769.25,56783.80078125,56729.1484375,56754.80078125,0.0,43.62246869699094,-26.187579606215877,-10.828087708280322,56824.4133269596,56809.88143539905,85.60591121069868
2025-07-23 04:30:00+00:00,56761.1015625,56778.05078125,56722.3984375,56769.25,0.0,42.87220470696588,-27.548967957387504,-14.17226375810176,56818.38363510631,56807.96849920693,83.46637067779163
2025-07-23 04:45:00+00:00,56798.3984375,56807.80078125,56727.30078125,56759.25,0.0,47.33691182730528,-25.326385121887142,-16.40308803085884,56816.48028295333,56807.593202669406,83.25448705794938
2025-07-23 05:00:00+00:00,56826.19921875,56828.3984375,56770.19921875,56798.55078125,0.0,50.44573344055942,-21.078699380435864,-17.338210300774247,56817.405895886346,56808.32285035884,81.464825035953
2025-07-23 05:15:00+00:00,56828.6015625,56854.8984375,56814.69921875,56826.30078125,0.0,50.716474473220686,-17.31888741057628,-17.334345722734653,56818.47214984956,56809.11809397222,78.51728172981349
2025-07-23 05:30:00+00:00,56862.55078125,56881.69921875,56821.19921875,56827.19921875,0.0,54.49973518380008,-11.467599757153948,-16.16099652961851,56822.67011474483,56811.21349347331,77.23033303482681
2025-07-23 05:45:00+00:00,56816.69921875,56871.6484375,56785.25,56859.44921875,0.0,49.025816104738524,-10.410247182451712,-15.010846660185152,56822.10145798342,56811.42861995475,77.88519763948204
2025-07-23 06:00:00+00:00,56843.69921875,56845.80078125,56809.19921875,56816.69921875,0.0,52.07814884104375,-7.309355596196838,-13.47054844738749,56824.15838758024,56812.694133633,74.93636655809048
2025-07-23 06:15:00+00:00,56890.69921875,56903.44921875,56837.75,56843.55078125,0.0,56.91463697730503,-1.047296882221417,-10.985898134354276,56830.49560959641,56815.753156578765,74.27657028608402
2025-07-23 06:30:00+00:00,56939.69921875,56957.3515625,56886.55078125,56890.19921875,0.0,61.29986269295127,7.7796413909163675,-7.232790229300148,56840.89595332532,56820.61378646783,74.02829964064946
2025-07-23 06:45:00+00:00,57004.8515625,57019.80078125,56934.1484375,56938.19921875,0.0,66.22260394005787,19.804014851171814,-1.825429213205756,56856.510773246715,56827.83879729262,74.85858850560307
2025-07-23 07:00:00+00:00,57033.1015625,57089.30078125,56983.5,57005.8515625,0.0,68.1164071549012,31.252694743372558,4.790195578109907,56873.328943651795,56835.88831749683,77.06874513020284
2025-07-23 07:15:00+00:00,57027.94921875,57060.3984375,57004.05078125,57032.75,0.0,67.37445650510853,39.45528894959716,11.72321425240736,56888.05468413734,56843.420117545975,75.5886673530455
2025-07-23 07:30:00+00:00,57049.5,57096.25,57022.1484375,57028.55078125,0.0,68.90034142088756,47.151340590375185,18.808839520000923,56903.43042850522,56851.50168156378,75.48244557782797
2025-07-23 07:45:00+00:00,57085.1015625,57088.1484375,57025.94921875,57050.5,0.0,71.28924875984175,55.48368414835568,26.143808445671876,56920.732441266635,56860.66246120834,74.53364366155454
2025-07-23 08:00:00+00:00,57096.94921875,57112.80078125,57065.94921875,57085.30078125,0.0,72.0584539147157,62.324693028269394,33.379985362191384,56937.51499150314,56869.92860856292,72.55635215001493
2025-07-23 08:15:00+00:00,57174.0,57188.6484375,57095.5,57095.5,0.0,76.4730634404558,73.12070597660204,41.32812948507352,56960.03737326475,56881.85297685458,74.02721538929958
2025-07-23 08:30:00+00:00,57192.3515625,57192.3515625,57134.8515625,57174.5,0.0,77.38935867437381,82.20977858881088,49.504459305820994,56982.1625341443,56894.02939197793,72.84670000434961
2025-07-23 08:45:00+00:00,57154.8984375,57216.0,57150.6484375,57192.25,0.0,71.28722843511801,85.40626962584793,56.68482136982638,56998.61357255912,56904.25955062585,72.31133303975322
2025-07-23 09:00:00+00:00,57199.8515625,57204.80078125,57138.05078125,57148.19921875,0.0,73.94294690565081,90.52335639702505,63.45252837526612,57017.77909541063,56915.85139422876,71.91409496548513
2025-07-23 09:15:00+00:00,57196.3515625,57248.5,57183.30078125,57199.3515625,0.0,73.37390871702505,93.22166248387657,69.40635519698822,57034.78599703819,56926.85140082763,71.43446095009334
2025-07-23 09:30:00+00:00,57212.8984375,57241.69921875,57195.55078125,57200.8515625,0.0,74.37781560914821,95.59334346379183,74.64375285034895,57051.74908660598,56938.06893167753,69.62831641794381
2025-07-23 09:45:00+00:00,57191.6484375,57219.44921875,57176.19921875,57210.44921875,0.0,70.69159412341902,94.66695855103899,78.64839399048695,57065.07283431017,56948.01322602351,67.74415095951925
2025-07-24 03:45:00+00:00,57071.94921875,57316.6015625,57070.8515625,57316.6015625,0.0,54.35115136156534,83.31367704045988,79.58145060048153,57065.72772806635,56952.87346103239,80.45885446241073
2025-07-24 04:00:00+00:00,57097.0,57100.8515625,57033.6015625,57078.94921875,0.0,56.611548939284454,75.4675652211663,78.75867352461849,57068.70603967908,56958.52548216837,79.51536485795282
2025-07-24 04:15:00+00:00,57048.8984375,57100.6015625,57013.30078125,57097.3984375,0.0,51.35324715213615,64.62313570210972,75.93156596011674,57066.81960137631,56962.06951963236,80.07146602881333
2025-07-24 04:30:00+00:00,57000.05078125,57053.05078125,56995.0,57047.69921875,0.0,46.61779524571923,51.493662666354794,71.04398530136436,57060.460666126186,56963.558980872265,78.4985599731838
2025-07-24 04:45:00+00:00,57049.5,57051.8984375,56982.55078125,56998.05078125,0.0,51.4940758676575,44.56488314926537,65.74816487094456,57059.416793161785,56966.9292169165,77.84492399295638
2025-07-24 05:00:00+00:00,57086.44921875,57088.19921875,57038.3515625,57048.05078125,0.0,54.8154133489786,41.57600629799708,60.91373315635507,57061.99130988447,56971.61627581193,75.84511915417377
2025-07-24 05:15:00+00:00,57057.3515625,57107.25,57054.6015625,57089.3515625,0.0,51.806956837582284,36.439312468108255,56.018849018705716,57061.549429181185,56974.978443917345,74.18821332173277
2025-07-24 05:30:00+00:00,57031.30078125,57065.44921875,57023.1484375,57055.44921875,0.0,49.20330592829596,29.92144942511368,50.79936909998732,57058.668605568695,56977.18716302843,71.91053960232328
2025-07-24 05:45:00+00:00,56998.0,57078.69921875,56968.75,57031.30078125,0.0,46.01944285202873,21.817403813933197,45.002976042776496,57052.890643133585,56978.00335271359,74.62758811287162
2025-07-24 06:00:00+00:00,56951.25,57001.3515625,56929.94921875,56997.25,0.0,41.91855168239672,11.4901042175552,38.30040167773224,57043.21058188277,56976.95420162678,74.39721351552365
2025-07-24 06:15:00+00:00,56924.19921875,56983.0,56904.80078125,56950.44921875,0.0,39.713311629149764,1.1100766367089818,30.86233666952759,57031.876166346316,56974.88537876887,74.66878531798625
2025-07-24 06:30:00+00:00,56905.94921875,56931.8984375,56852.30078125,56923.30078125,0.0,38.25125877124236,-8.49091450652486,22.991686434317103,57019.8831237181,56972.1819999446,75.0208475274158
2025-07-24 06:45:00+00:00,56952.6015625,56954.30078125,56899.3984375,56905.44921875,0.0,43.93357164457491,-12.194741518964292,15.954400843660824,57013.47535598304,56971.414139652654,73.58381154331467
2025-07-24 07:00:00+00:00,56937.3515625,56981.75,56922.75,56952.55078125,0.0,42.555002006328316,-16.17415309259377,9.528690056409907,57006.22547088942,56970.078352313336,72.54211071879219
2025-07-24 07:15:00+00:00,56868.94921875,56954.55078125,56868.94921875,56939.05078125,0.0,36.95384604484828,-24.564202082277916,2.710111628672342,56993.15154211424,56966.112503938304,73.47492870316418
2025-07-24 07:30:00+00:00,56931.80078125,56937.0,56854.1484375,56869.55078125,0.0,44.21897489110656,-25.843868503463455,-3.0006843977548177,56987.308612508124,56964.766946185824,74.14468826008103
2025-07-24 07:45:00+00:00,57028.69921875,57036.05078125,56913.05078125,56931.8984375,0.0,53.17729541558611,-18.822149249368522,-6.164977368077559,56991.250575007354,56967.27409412952,77.63435338436095
2025-07-24 08:00:00+00:00,57076.05078125,57094.94921875,56992.3515625,57034.0,0.0,56.82620075900945,-9.32897220698942,-6.797776335859932,56999.3267851257,56971.53984656562,79.41744644619232
2025-07-24 08:15:00+00:00,57050.80078125,57148.69921875,57016.44921875,57076.69921875,0.0,54.392018843172245,-3.799229826698138,-6.198067034027574,57004.229070470865,56974.64811851402,83.19120027146428
2025-07-24 08:30:00+00:00,57107.75,57126.69921875,57030.55078125,57044.1484375,0.0,58.69005530481034,5.1194431046096724,-3.934565006300125,57014.0882066165,56979.86780014093,84.11671721635969
2025-07-24 08:45:00+00:00,57064.5,57151.05078125,57057.8984375,57106.8515625,0.0,54.49023281479579,8.598523684915563,-1.4279472680569876,57018.88932979588,56983.18670993932,84.7621191116197
2025-07-24 09:00:00+00:00,57095.1484375,57147.19921875,57057.5,57061.6484375,0.0,56.846833476794174,13.671199795593566,1.5918821446731233,57026.15210195818,56987.577365922094,85.11476908578972
2025-07-24 09:15:00+00:00,57053.1015625,57110.80078125,57050.94921875,57097.3984375,0.0,52.80683165145326,14.135554870394117,4.100616689817322,57028.71871724787,56990.146942258485,83.31025432966189
2025-07-24 09:30:00+00:00,57075.05078125,57099.05078125,57051.30078125,57054.0,0.0,54.61988627753197,16.089211711092503,6.498335694072359,57033.13129477188,56993.47650457188,80.77023616325747
2025-07-24 09:45:00+00:00,57033.69921875,57086.69921875,57001.55078125,57074.75,0.0,50.67037453287417,14.137801552547899,8.026228865767468,57033.1853827698,56995.053865912196,81.08296483016764
2025-07-25 03:45:00+00:00,57090.44921875,57170.69921875,56869.44921875,57170.69921875,0.0,55.43318045793266,16.97486992915219,9.815957078444413,57038.63908143458,56998.79486014113,96.80918162801281
2025-07-25 04:00:00+00:00,57004.80078125,57136.75,56995.3515625,57089.44921875,0.0,47.91422073598631,12.171844498530845,10.287134562461699,57035.416386178906,56999.03038645913,99.99412847601188
2025-07-25 04:15:00+00:00,56977.44921875,57051.6015625,56969.8515625,57006.05078125,0.0,45.778723469241825,6.088188881964015,9.447345426362162,57029.895703566624,56998.18406615682,98.69097644201102
2025-07-25 04:30:00+00:00,56941.80078125,57014.75,56914.80078125,56981.75,0.0,43.08353603989021,-1.5913390385103412,7.239608533387662,57021.505710965044,56995.972956944795,98.78085089258165
2025-07-25 04:45:00+00:00,56830.69921875,56940.94921875,56804.19921875,56940.94921875,0.0,35.974859524029156,-16.452730981458444,2.501140630418441,57003.33366408742,56989.49163387834,101.5537588645401
2025-07-25 05:00:00+00:00,56774.19921875,56848.94921875,56710.19921875,56832.3515625,0.0,32.993472213073204,-32.415898674866185,-4.4822672306384845,56981.51133596005,56981.048794069386,104.21063323135867
2025-07-25 05:15:00+00:00,56723.44921875,56774.1484375,56710.3515625,56774.1484375,0.0,30.54480935944997,-48.601675087928015,-13.306148802096391,56956.933991463855,56970.94684993922,101.3275634469759
2025-07-25 05:30:00+00:00,56657.75,56769.3984375,56644.6484375,56725.0,0.0,27.680716230565196,-65.96993702025065,-23.838906445727247,56928.44027799111,56958.66462052984,103.00059462933476
2025-07-25 05:45:00+00:00,56689.44921875,56697.69921875,56627.0,56659.55078125,0.0,31.040540791015204,-76.29704288436187,-34.330533733454175,56905.67922473005,56948.107153793375,100.69335349509656
2025-07-25 06:00:00+00:00,56664.6015625,56778.80078125,56630.19921875,56689.6015625,0.0,29.869136770157823,-85.50074748862244,-44.56457648448783,56882.7194473748,56936.989287468146,104.11536842401823
2025-07-25 06:15:00+00:00,56568.80078125,56666.1015625,56549.3984375,56663.69921875,0.0,25.822904379309307,-99.37948723568115,-55.527558634726496,56852.822431553395,56922.55052251842,105.01449389373121
2025-07-25 06:30:00+00:00,56547.69921875,56572.44921875,56526.75,56568.55078125,0.0,25.01895704503167,-110.803929490663,-66.5828328059138,56823.76307795307,56907.85047139025,100.77768852632184
2025-07-25 06:45:00+00:00,56493.69921875,56552.19921875,56465.25,56547.3515625,0.0,23.041961093065055,-122.79967280164419,-77.82620080505988,56792.32842469563,56891.60924579652,99.789940685156
2025-07-25 07:00:00+00:00,56533.6015625,56600.30078125,56469.3515625,56491.6015625,0.0,27.59493198347353,-127.61552777120232,-87.78406619828837,56767.687771153185,56877.569728804505,102.01560340407343
2025-07-25 07:15:00+00:00,56518.6015625,56570.3984375,56493.30078125,56532.6484375,0.0,26.949472934021173,-131.13090670437668,-96.45343429950604,56743.96527509098,56863.49254581217,100.23575003592532
2025-07-25 07:30:00+00:00,56554.55078125,56562.1015625,56491.25,56519.30078125,0.0,31.108465152012798,-129.52300771522278,-103.0673489826494,56725.92579948708,56851.37718249601,98.13687949764494
2025-07-25 07:45:00+00:00,56556.19921875,56591.0,56514.1484375,56554.25,0.0,31.30160818053558,-126.6557128352215,-107.78502175316383,56709.761363226404,56839.8015760746,96.61649971209887
2025-07-25 08:00:00+00:00,56555.6484375,56560.5,56440.75,56555.3515625,0.0,31.270062981105326,-123.00982375162857,-110.82998215285679,56695.08394172865,56828.658315738336,98.2688925898061
2025-07-25 08:15:00+00:00,56597.8515625,56610.8984375,56543.30078125,56555.44921875,0.0,36.546854417484106,-115.38490553796146,-111.74096682987772,56685.82371513545,56819.6070705133,96.07808999410567
2025-07-25 08:30:00+00:00,56504.1484375,56609.69921875,56489.55078125,56597.8515625,0.0,30.878308895375426,-115.5709322305338,-112.50695991000894,56668.52130774159,56807.23614372847,97.79740053024098
2025-07-25 08:45:00+00:00,56511.5,56546.94921875,56466.3984375,56504.25,0.0,31.772420764710233,-113.81318254829966,-112.7682044376671,56653.56689748049,56795.63864789598,96.56549915308092
2025-07-25 09:00:00+00:00,56504.69921875,56528.6484375,56474.3515625,56501.75,0.0,31.36818867916473,-111.68152437790559,-112.5508684257148,56639.38902331568,56784.22925851771,93.54631171357515
2025-07-25 09:15:00+00:00,56518.80078125,56526.0,56463.8515625,56505.75,0.0,33.2641640694612,-107.61378692955623,-111.56345212648309,56627.90442883323,56773.820298624865,91.3036064126055
2025-07-25 09:30:00+00:00,56551.8984375,56564.1484375,56490.8515625,56525.05078125,0.0,37.61996044048545,-100.56017632837757,-109.36279696686199,56620.665762991965,56765.11748054154,90.01741131170512
2025-07-25 09:45:00+00:00,56520.44921875,56553.55078125,56475.75,56550.05078125,0.0,35.26466429445877,-96.39662790775765,-106.76956315504113,56611.12133020702,56755.5226467458,89.14479487872619
2025-07-28 03:45:00+00:00,56376.44921875,56415.8984375,56190.6015625,56254.94921875,0.0,26.945923773693366,-103.52323096388136,-106.12029671680918,56588.77160530635,56740.65702211852,106.33785640524574
2025-07-28 04:00:00+00:00,56349.1015625,56522.1015625,56349.1015625,56372.1484375,0.0,25.705728576285296,-110.10857937293622,-106.91795324803459,56565.94588694384,56725.30190605505,111.09943809058532
2025-07-28 04:15:00+00:00,56358.8515625,56435.25,56339.19921875,56348.6484375,0.0,26.99580071795981,-113.23546397407335,-108.18145539324235,56546.222617949184,56710.93130434701,110.0245340305435
2025-07-28 04:30:00+00:00,56476.1015625,56476.1015625,56338.6484375,56358.3515625,0.0,40.39891583679331,-105.04159334563155,-107.55348298372019,56539.54442219212,56701.72229486281,111.98371909979039
2025-07-28 04:45:00+00:00,56544.19921875,56577.1484375,56476.94921875,56478.6015625,0.0,46.538044593137656,-91.99254727382504,-104.44129584174117,56539.98773615002,56695.544919328975,111.20251594980537
2025-07-28 05:00:00+00:00,56428.0,56572.94921875,56415.8984375,56545.30078125,0.0,39.131225203674404,-89.99004090960807,-101.55104485531456,56529.32223746907,56685.052961708236,114.47739204267643
2025-07-28 05:15:00+00:00,56450.44921875,56461.5,56331.6015625,56427.94921875,0.0,41.08220518872204,-85.60477726630052,-98.36179133751176,56521.810521400585,56675.85281492556,115.57889528962811
2025-07-28 05:30:00+00:00,56418.0,56520.05078125,56376.1015625,56449.6015625,0.0,39.12987011281994,-83.78201804699347,-95.4458366794081,56511.923805076716,56665.74093983044,117.60534696536897
2025-07-28 05:45:00+00:00,56440.44921875,56459.8984375,56406.44921875,56418.1015625,0.0,41.211366424160616,-79.60832863817632,-92.27833507116176,56505.11670161703,56656.905970376305,113.0227663785569
2025-07-28 06:00:00+00:00,56392.55078125,56477.3984375,56385.25,56440.5,0.0,38.20913977631922,-79.25208461545117,-89.67308498001965,56494.39613777255,56646.53910021449,111.5317428872314
2025-07-28 06:15:00+00:00,56396.80078125,56404.05078125,56356.3515625,56399.44921875,0.0,38.63629947326698,-77.73078705216176,-87.28462539444808,56485.10134191326,56636.74544064726,106.97227687742917
2025-07-28 06:30:00+00:00,56361.05078125,56403.1484375,56335.5,56397.30078125,0.0,36.35934731064779,-78.50491816865542,-85.52868394928956,56473.28700280247,56625.933885376784,104.1634312076128
2025-07-28 06:45:00+00:00,56405.94921875,56414.1484375,56331.6484375,56361.30078125,0.0,41.057496718542424,-74.63514647167176,-83.349976453766,56466.873880511754,56617.30703570515,102.61604326421188
2025-07-28 07:00:00+00:00,56329.80078125,56406.5,56326.3984375,56406.5,0.0,36.179225753357876,-76.82725031053997,-82.04543122512081,56453.81929962968,56606.03228062848,101.00786606676817
2025-07-28 07:15:00+00:00,56251.75,56347.0,56230.44921875,56329.25,0.0,31.984411298753074,-83.89545951124455,-82.41543688234556,56434.57460442685,56592.138857858736,102.11807429414186
2025-07-28 07:30:00+00:00,56163.0,56260.0,56148.30078125,56252.75,0.0,28.007839029816793,-95.55692871964129,-85.04373524980471,56408.710356386204,56575.30988304075,102.80244175527459
2025-07-28 07:45:00+00:00,56086.19921875,56176.3984375,56077.3515625,56162.94921875,0.0,25.099664935224666,-109.7309976439501,-89.98118772863378,56377.99500994466,56556.129072676405,102.53418698704068
2025-07-28 08:00:00+00:00,56056.55078125,56113.69921875,56023.75,56088.05078125,0.0,24.06100032406742,-121.95065922119102,-96.37508202714523,56347.3812738785,56536.53776713028,101.63526068439492
2025-07-28 08:15:00+00:00,56077.30078125,56118.5,56034.75,56056.05078125,0.0,26.357861650401475,-128.47944639172056,-102.7959549000603,56321.65932219959,56518.52847356635,100.357742064081
2025-07-28 08:30:00+00:00,56060.30078125,56082.6015625,55998.3984375,56074.6484375,0.0,25.672755460912725,-133.48656515618495,-108.93407695128523,56296.76803258535,56500.55876014218,99.20384084521807
2025-07-28 08:45:00+00:00,56058.8515625,56104.44921875,56053.05078125,56064.75,0.0,25.611639477668064,-136.0039142291207,-114.34804440685232,56274.10932114865,56483.23690925425,95.7891691777025
2025-07-28 09:00:00+00:00,56171.44921875,56178.55078125,56040.3515625,56057.44921875,0.0,37.9677063090147,-127.44414489335031,-116.96726450415193,56264.33216853926,56471.00994099918,98.8184584328666
2025-07-28 09:15:00+00:00,56141.3984375,56170.3984375,56081.1484375,56169.75,0.0,36.2377026627357,-121.68263129816478,-117.9103378629545,56252.62419415457,56458.083999685485,98.21005291980471
2025-07-28 09:30:00+00:00,56074.5,56149.1015625,56070.30078125,56142.69921875,0.0,32.66897760109684,-121.11855576006928,-118.55198144237747,56235.65998518746,56443.0414898939,96.82367637196151
2025-07-28 09:45:00+00:00,56053.30078125,56113.3515625,56051.94921875,56074.3984375,0.0,31.606742290186958,-120.98745356344443,-119.03907586659086,56218.292441955324,56427.75754053532,94.29358118467856
2025-07-29 03:45:00+00:00,56098.19921875,56102.1015625,55863.3984375,55863.3984375,0.0,36.32872904574184,-115.9243220297576,-118.41612509922422,56206.854992126246,56414.833684779034,104.60854860005865
2025-07-29 04:00:00+00:00,56063.25,56116.69921875,56000.30078125,56095.8515625,0.0,34.34118103151721,-113.4243780557299,-117.41777569052536,56193.17832620946,56401.0460892975,105.45068352148303
2025-07-29 04:15:00+00:00,56075.6484375,56147.30078125,56039.3984375,56062.8515625,0.0,35.68546411334111,-109.18409784182586,-115.77104012078547,56181.98500347523,56388.285397070154,105.62580210923423
2025-07-29 04:30:00+00:00,56048.0,56148.0,56032.5,56077.55078125,0.0,34.01309500147106,-106.8232511176393,-113.98148232015625,56169.22452695378,56374.94087169486,106.33110195857465
2025-07-29 04:45:00+00:00,55945.25,56067.05078125,55941.1484375,56049.8515625,0.0,28.64119579488701,-111.95280709022336,-113.57574727416967,56147.89361962485,56358.090249275454,107.72904780081932
2025-07-29 05:00:00+00:00,55969.19921875,55986.05078125,55937.19921875,55945.3984375,0.0,31.362260559586957,-112.78539552071015,-113.41767692347777,56130.875105255815,56342.839620627405,103.52351313647509
2025-07-29 05:15:00+00:00,55955.8984375,55971.5,55897.94921875,55966.25,0.0,30.662941109619396,-113.21343572385376,-113.37682868355299,56114.21066070764,56327.6654565832,101.38260371601258
2025-07-29 05:30:00+00:00,55962.69921875,55977.5,55929.69921875,55957.44921875,0.0,31.503949096364806,-111.7161007892937,-113.04468310470114,56099.78099956882,56313.35305509954,97.55533068272597
2025-07-29 05:45:00+00:00,56032.19921875,56094.44921875,55961.05078125,55963.8984375,0.0,39.57060665125674,-103.72569762643252,-111.18088600904741,56093.34463949084,56302.327414458385,100.11555259824554
2025-07-29 06:00:00+00:00,55986.8984375,56086.1484375,55979.0,56037.19921875,0.0,36.54918488254946,-99.89708855152276,-108.92412651754248,56083.206905967905,56289.9576506561,100.61790151979945
2025-07-29 06:15:00+00:00,55988.25,56023.8515625,55956.19921875,55987.94921875,0.0,36.70446892151713,-95.6512207458145,-106.2695453631969,56074.16339111382,56278.125978081356,98.26321882195664
2025-07-29 06:30:00+00:00,56037.19921875,56054.6015625,55955.69921875,55986.55078125,0.0,42.21970007697773,-87.32986275563599,-102.48160884168472,56070.64299374584,56268.677869872285,98.30887060253117
2025-07-29 06:45:00+00:00,56019.5,56068.55078125,55992.1015625,56040.80078125,0.0,40.83419634631997,-81.22697166354192,-98.23068140605616,56065.772232436706,56258.90618870082,96.74746689877895
2025-07-29 07:00:00+00:00,56005.3984375,56048.69921875,55980.94921875,56020.05078125,0.0,39.7159053060666,-76.64475175762345,-93.91349547636963,56060.022347204635,56248.96470826158,94.67621926315188
2025-07-29 07:15:00+00:00,56011.6015625,56037.8984375,55992.1015625,56006.44921875,0.0,40.48798734629875,-71.68641277996358,-89.46807893708842,56055.41084389943,56239.656349604265,91.1848375300696
2025-07-29 07:30:00+00:00,56084.55078125,56102.94921875,56005.19921875,56013.75,0.0,48.79373285904463,-61.16542419027974,-83.80754798772668,56058.186076028054,56233.57377829626,91.6537777064932
2025-07-29 07:45:00+00:00,56083.55078125,56110.44921875,56075.05078125,56083.30078125,0.0,48.6934080844707,-52.305214620704646,-77.50708131432228,56060.60176223967,56227.69052351014,87.63553912031512
2025-07-29 08:00:00+00:00,56138.25,56159.19921875,56079.19921875,56083.25,0.0,54.236239381673336,-40.40391372294107,-70.08644779604604,56067.996832502555,56224.183051999935,87.09014346886404
2025-07-29 08:15:00+00:00,56199.8984375,56232.8515625,56138.5,56138.5,0.0,59.5413615592923,-25.70126514237927,-61.209411265312696,56080.55889012136,56223.23071417641,87.62667339965947
2025-07-29 08:30:00+00:00,56244.55078125,56295.6484375,56199.3515625,56199.3515625,0.0,62.89639364441545,-10.327193788463774,-51.032967769942914,56096.17716546695,56224.066795238126,88.2459735139695
2025-07-29 08:45:00+00:00,56270.05078125,56282.75,56201.19921875,56251.3515625,0.0,64.69683768767949,3.8698956630541943,-40.05239508334349,56112.73655744629,56225.87008880723,87.76774549511454
2025-07-29 09:00:00+00:00,56143.69921875,56277.3515625,56082.1015625,56269.19921875,0.0,51.390185393175926,4.869543146007345,-31.068007437473327,56115.685382332354,56222.647701746166,95.44504938832064
2025-07-29 09:15:00+00:00,56161.6015625,56189.55078125,56086.0,56144.55078125,0.0,52.86930587146189,7.025356565456605,-23.449334636887343,56120.05835187213,56220.253735501225,96.02403023558345
2025-07-29 09:30:00+00:00,56205.5,56229.3984375,56127.8515625,56170.1484375,0.0,56.37473743552965,12.136192787918844,-16.332229151926104,56128.19565169384,56219.67515763843,96.4185191473275
2025-07-29 09:45:00+00:00,56230.1484375,56279.30078125,56202.3984375,56207.44921875,0.0,58.252303343467496,17.968362132727634,-9.472110894995357,56137.905440818235,56220.085874495744,95.02450661894696
2025-07-30 03:45:00+00:00,56123.94921875,56292.8984375,56106.1015625,56292.8984375,0.0,48.555805382572736,13.86122537002666,-4.805443641990953,56136.57627681174,56216.31580956454,101.57967578902218
2025-07-30 04:00:00+00:00,56240.75,56240.75,56118.25,56127.30078125,0.0,57.028009137607576,19.80286173406057,0.1162174332193513,56146.49758378205,56217.27401311103,103.07398466123489
2025-07-30 04:15:00+00:00,56205.19921875,56250.30078125,56128.6015625,56240.75,0.0,54.10720009122917,21.396356543671573,4.372245255309796,56152.08821568376,56216.80049176355,104.4043585247181
2025-07-30 04:30:00+00:00,56201.94921875,56225.94921875,56148.75,56204.55078125,0.0,53.835740904185045,22.141728755836084,7.926141955415053,56156.836882642456,56216.21808890028,102.46113425509539
2025-07-30 04:45:00+00:00,56150.80078125,56210.8515625,56149.8984375,56201.3515625,0.0,49.616724021745675,18.393165204040997,10.019546605140242,56156.262015843175,56213.65270428654,99.49627645116001
2025-07-30 05:00:00+00:00,56144.05078125,56206.0,56118.0,56150.69921875,0.0,49.07019349547015,14.708186179654149,10.957274520043024,56155.09904112002,56210.92321710863,98.67511384750573
2025-07-30 05:15:00+00:00,56164.80078125,56180.25,56067.30078125,56147.19921875,0.0,50.862046640871,13.308750349387992,11.427569685912017,56156.0230163705,56209.11449413379,99.69469276911245
2025-07-30 05:30:00+00:00,56210.1015625,56211.6015625,56122.44921875,56164.80078125,0.0,54.61613220391654,15.67439713080239,12.276935174890092,56161.17335409712,56209.153202697176,98.94166783917584
2025-07-30 05:45:00+00:00,56318.3984375,56320.69921875,56207.69921875,56207.69921875,0.0,62.07549801803786,25.988265439540555,15.019201227820187,56176.14717156406,56213.437329552195,99.94583442209185
2025-07-30 06:00:00+00:00,56268.75,56319.80078125,56191.5,56318.80078125,0.0,57.416312125511496,29.812209807467298,17.97780294374961,56184.96648855796,56215.60645388348,101.97118776694244
2025-07-30 06:15:00+00:00,56279.75,56314.1015625,56239.5,56262.0,0.0,58.16550923978677,33.345930211893574,21.0514283973784,56193.993489647684,56218.12188706453,100.0162145335894
2025-07-30 06:30:00+00:00,56233.1484375,56299.05078125,56228.3984375,56283.3984375,0.0,53.84356546032094,32.01700041236472,23.24454280037567,56197.722532300286,56218.7111635522,97.91879519190445
2025-07-30 06:45:00+00:00,56268.8515625,56292.75,56225.3984375,56233.5,0.0,56.50978304331773,33.459062530542724,25.28744674640908,56204.496725652636,56220.677453707016,95.73542142819699
2025-07-30 07:00:00+00:00,56226.19921875,56281.6015625,56216.0,56270.1484375,0.0,52.600688977653405,30.80511725242104,26.390980847611473,56206.56362975715,56220.893993512625,93.58300293332577
2025-07-30 07:15:00+00:00,56251.0,56262.80078125,56198.05078125,56225.1484375,0.0,54.568644680749955,30.353169829359103,27.183418643961,56210.79566501837,56222.07462121801,91.52350272380251
2025-07-30 07:30:00+00:00,56190.55078125,56263.25,56156.69921875,56247.6484375,0.0,49.206085249686375,24.83101499841723,26.712937914852247,56208.867580849954,56220.83839219966,92.59687976138805
2025-07-30 07:45:00+00:00,56196.55078125,56215.55078125,56162.8515625,56189.6484375,0.0,49.73410192547837,20.700198364516837,25.510390004785165,56207.69455231663,56219.8859368683,89.74704683200319
2025-07-30 08:00:00+00:00,56222.8984375,56264.8984375,56182.94921875,56197.8515625,0.0,52.08938504683858,19.329711205587955,24.274254244945723,56209.14254138171,56220.004074147975,89.19005911186011
2025-07-30 08:15:00+00:00,56202.55078125,56230.05078125,56152.75,56227.55078125,0.0,50.13561647285247,16.412511238282605,22.7019056436131,56208.514754702504,56219.31963128923,88.34082497887009
2025-07-30 08:30:00+00:00,56188.19921875,56239.55078125,56161.1015625,56201.44921875,0.0,48.74681672820043,12.79506455462979,20.72053742581644,56206.57994175465,56218.099222954355,87.63428167680794
2025-07-30 08:45:00+00:00,56198.8984375,56211.8515625,56173.25,56184.8515625,0.0,49.86187840878914,10.668568910114118,18.710143722675976,56205.848369920874,56217.34625097576,84.13194459275023
2025-07-30 09:00:00+00:00,56185.55078125,56255.3515625,56172.6484375,56205.3984375,0.0,48.44584907796942,7.816161636947072,16.531347305530197,56203.915266237935,56216.09936981005,84.02988605041092
2025-07-30 09:15:00+00:00,56169.19921875,56214.5,56168.3515625,56181.05078125,0.0,46.69630433678675,4.187898398573452,14.062657524138848,56200.608976000985,56214.26014819986,81.32406829681015
2025-07-30 09:30:00+00:00,56140.8515625,56207.8984375,56133.25,56169.5,0.0,43.74674709315496,-0.9638348183652852,11.057359055638022,56194.9177937628,56211.3813801332,80.84723752560943
2025-07-30 09:45:00+00:00,56114.6015625,56160.8984375,56098.5,56144.80078125,0.0,41.154432138230675,-7.083126258214179,7.429261992867582,56187.26862888063,56207.58609316719,79.52946609520875
2025-07-31 03:45:00+00:00,55864.69921875,55956.8984375,55751.05078125,55755.69921875,0.0,25.60103574125816,-31.73195322666288,-0.4029810510385099,56156.54773267771,56194.139549072395,99.81670289197955
2025-07-31 04:00:00+00:00,55843.05078125,55883.25,55803.25,55864.05078125,0.0,24.729151646493406,-52.40903543012246,-10.8041919268553,56126.690880160786,56180.37136209897,98.401224113981
2025-07-31 04:15:00+00:00,55716.05078125,55857.80078125,55707.44921875,55843.94921875,0.0,20.350518616717935,-78.14282877551159,-24.27191929658656,56087.58229931214,56162.1627118696,102.11196257012521
2025-07-31 04:30:00+00:00,55607.19921875,55712.94921875,55564.5,55709.30078125,0.0,17.49175443208027,-106.09743163842359,-40.63702176495397,56041.831529734794,56140.39943762961,105.64330676154485
2025-07-31 04:45:00+00:00,55628.6484375,55648.3515625,55552.3515625,55606.75,0.0,19.880140475065943,-125.07904968898947,-57.525427349761074,56002.48075904577,56120.330770957866,104.95449913572021
2025-07-31 05:00:00+00:00,55636.6484375,55653.55078125,55582.1015625,55628.6484375,0.0,20.800993036195706,-137.8871088489468,-73.59776364959822,55967.63958556522,56101.36283631246,102.56126482245449
2025-07-31 05:15:00+00:00,55708.80078125,55720.30078125,55617.6484375,55635.75,0.0,28.754398411605735,-140.5948074489279,-86.99717240946416,55942.98827086854,56085.96824591785,102.56777046013632
2025-07-31 05:30:00+00:00,55809.3515625,55877.55078125,55710.05078125,55711.6484375,0.0,38.085733852416794,-133.0928587600356,-96.21630967957844,55930.26096530963,56075.120532842644,107.29507257012658
2025-07-31 05:45:00+00:00,55922.3515625,55956.25,55789.55078125,55808.8515625,0.0,46.55709974036469,-116.68429088400444,-100.30990592046365,55929.50768885157,56069.12959282921,111.53822586868897
2025-07-31 06:00:00+00:00,56035.5,56054.1015625,55918.05078125,55922.3515625,0.0,53.42839645798265,-93.47275362064102,-98.94247546049913,55939.60219467522,56067.810785267284,113.28912268163977
2025-07-31 06:15:00+00:00,56015.8515625,56121.19921875,56007.05078125,56039.30078125,0.0,52.17390934157755,-75.7892564357171,-94.31183165554273,55946.864039229964,56065.773168688174,113.35050231152265
2025-07-31 06:30:00+00:00,56090.30078125,56095.69921875,55905.5,56016.0,0.0,56.355490154674975,-55.13200037703791,-86.47586539984177,55960.52468132711,56066.735035847465,118.83969634284246
2025-07-31 06:45:00+00:00,56091.8984375,56169.30078125,56087.3515625,56091.55078125,0.0,56.44350105363961,-38.191807235605665,-76.81905376699454,55973.03646762929,56067.72183591227,116.204662229068
2025-07-31 07:00:00+00:00,56216.3984375,56270.05078125,56076.6015625,56092.0,0.0,62.74770881894996,-14.552717939768627,-64.36578660154936,55996.213798093166,56073.5522908765,121.72213055199173
2025-07-31 07:15:00+00:00,56299.1015625,56321.05078125,56192.6484375,56217.1484375,0.0,66.24296563503083,10.7311792913315,-49.346393422973186,56025.0602518462,56082.397360351926,122.19928863756375
2025-07-31 07:30:00+00:00,56306.55078125,56362.1015625,56273.44921875,56299.25,0.0,66.54742486751826,31.012447514651285,-33.2746252354483,56051.868873694184,56091.187690583225,119.80307828845206
2025-07-31 07:45:00+00:00,56383.69921875,56383.69921875,56289.8984375,56304.55078125,0.0,69.60494219117706,52.70320313105185,-16.079059562148267,56083.4717636995,56102.658730903495,117.94577135713405
2025-07-31 08:00:00+00:00,56304.8984375,56403.55078125,56285.5,56380.8515625,0.0,63.24632421394358,62.81067637032538,-0.30111237565353655,56104.56001834717,56110.589699789634,117.95327206376734
2025-07-31 08:15:00+00:00,56292.94921875,56344.3984375,56261.80078125,56305.3984375,0.0,62.31667184745464,69.06063167037064,13.5712364335513,56122.50184695696,56117.741053474354,115.42787093421252
2025-07-31 08:30:00+00:00,56308.0,56380.75,56282.5,56293.1484375,0.0,63.05332801530979,74.37093667273439,25.73117648138792,56140.168337722964,56125.202188632225,114.20088015319733
2025-07-31 08:45:00+00:00,56183.05078125,56312.19921875,56170.3984375,56307.19921875,0.0,53.67276820674727,67.71644095751981,34.1282293766143,56144.25237996363,56127.470760891745,116.1723016601118
2025-07-31 09:00:00+00:00,56196.6015625,56240.8984375,56092.19921875,56180.0,0.0,54.463977372794865,62.81208138341026,39.864999777973495,56149.23801639566,56130.18177271952,118.4956528808181
2025-07-31 09:15:00+00:00,56123.19921875,56203.44921875,56067.19921875,56197.05078125,0.0,49.52941715774527,52.398369607311906,42.37167374384118,56146.7581309056,56129.90794707366,119.76382053218823
2025-07-31 09:30:00+00:00,55967.6484375,56124.6015625,55937.8984375,56124.6015625,0.0,41.042987473370324,31.23373686697596,40.14408636846814,56129.700064866964,56123.54482905116,124.54519942274622
2025-07-31 09:45:00+00:00,55992.6484375,56005.55078125,55906.44921875,55968.19921875,0.0,42.74106517775041,16.29012162177969,35.37329341913045,56116.64752892725,56118.41163722563,122.72779678540721
2025-08-01 03:45:00+00:00,55821.05078125,55975.55078125,55789.69921875,55896.55078125,0.0,35.23870290288028,-9.292183375124296,26.440198060279503,56088.49545771989,56106.75042718737,128.45789835430668
2025-08-01 04:00:00+00:00,55875.3984375,55935.05078125,55774.69921875,55819.5,0.0,38.896923724720374,-24.893980428256327,16.173362362572338,56068.20050341323,56097.67780014081,130.7360172218562
2025-08-01 04:15:00+00:00,55867.05078125,55908.25,55836.8515625,55876.05078125,0.0,38.536843773152874,-37.499828413718205,5.4387242073142295,56049.04338701673,56088.63360332156,126.49761867029505
2025-08-01 04:30:00+00:00,55982.0,55982.44921875,55831.55078125,55866.6484375,0.0,45.95604214669772,-37.77911832069367,-3.204844298287351,56042.65830253895,56084.451893387384,128.24053430098826
2025-08-01 04:45:00+00:00,56053.3515625,56071.19921875,55958.1484375,55984.25,0.0,49.99128750060984,-31.875541400848306,-8.938983718799543,56043.67670824953,56083.232272568275,127.15555194020338
2025-08-01 05:00:00+00:00,56062.1015625,56096.69921875,56034.80078125,56055.1484375,0.0,50.47959816382598,-26.18897211719741,-12.388981398479118,56045.431456273385,56082.403617271484,122.49432948018885
2025-08-01 05:15:00+00:00,55975.6484375,56077.94921875,55967.25,56061.69921875,0.0,45.72849194063394,-28.331778551750176,-15.57754082913333,56038.78545448545,56078.21713963339,121.65182157088965
2025-08-01 05:30:00+00:00,55896.94921875,56059.05078125,55883.3984375,55978.30078125,0.0,41.865616126277295,-35.96574658677855,-19.655181980662377,56025.27724155826,56071.108593716395,125.50900172654039
2025-08-01 05:45:00+00:00,55863.19921875,55906.8515625,55803.5,55897.6484375,0.0,40.29363142130992,-44.229217308391526,-24.569989046208207,56009.84123938604,56062.95528489419,123.92632749607321
2025-08-01 06:00:00+00:00,55808.94921875,55868.1484375,55797.55078125,55864.6015625,0.0,37.834458859383645,-54.52704516938684,-30.561400270843937,55990.70866599213,56052.99426269246,120.11713669278227
2025-08-01 06:15:00+00:00,55834.30078125,55889.5,55810.25,55810.55078125,0.0,39.68693931803325,-59.95140622664621,-36.4394014620044,55975.81267696908,56044.41804773393,117.29096844686924
2025-08-01 06:30:00+00:00,55807.19921875,55862.25,55756.0,55834.5,0.0,38.37057381382086,-65.68000285296876,-42.28752174019727,55959.754252376784,56035.115348558094,116.50232784352144
2025-08-01 06:45:00+00:00,55827.94921875,55863.6015625,55792.6484375,55808.69921875,0.0,40.01119218785962,-67.76445886671718,-47.38290916550126,55947.20139203138,56026.991186604835,113.24881335469847
2025-08-01 07:00:00+00:00,55777.80078125,55895.55078125,55729.8515625,55825.1484375,0.0,37.41861807840469,-72.62578028641292,-52.4314833896836,55931.06800052839,56017.219013845825,116.99527088293429
2025-08-01 07:15:00+00:00,55804.05078125,55811.0,55757.80078125,55778.69921875,0.0,39.62393533045808,-73.51284658063378,-56.64775602787364,55918.97112250188,56008.85947531266,112.43841001629612
2025-08-01 07:30:00+00:00,55809.44921875,55831.1015625,55772.94921875,55809.44921875,0.0,40.09149587416354,-72.93944371621183,-59.90609356554128,55908.5404650017,56001.03946525138,108.56083385441782
2025-08-01 07:45:00+00:00,55887.80078125,55891.25,55793.55078125,55809.69921875,0.0,46.55999880565346,-65.40871063193481,-61.00661697881999,55906.56525702535,55996.59873254544,107.78500420410226
2025-08-01 08:00:00+00:00,55826.8515625,55923.05078125,55748.25,55887.55078125,0.0,42.6978706091875,-63.625211156999285,-61.53033581445585,55898.973476594365,55989.94198077896,112.57184542166638
2025-08-01 08:15:00+00:00,55774.8515625,55834.30078125,55759.05078125,55827.25,0.0,39.67415271972995,-65.65095702527469,-62.35446005661962,55887.152341918714,55981.507062415076,109.90599932011878
2025-08-01 08:30:00+00:00,55792.8515625,55806.69921875,55743.80078125,55776.69921875,0.0,41.22573950081554,-65.05402336622501,-62.89437271854071,55878.17131530741,55974.108807516444,106.54831633296745
2025-08-01 08:45:00+00:00,55739.6015625,55814.6484375,55715.5,55793.19921875,0.0,38.103479489115955,-68.0928471562438,-63.93406760608133,55864.974195992414,55964.91244496678,106.01975355918407
2025-08-01 09:00:00+00:00,55709.05078125,55785.75,55695.55078125,55743.0,0.0,36.400178055059776,-72.13480450276984,-65.57421498541903,55850.12434696933,55954.878654232794,104.88971535852806
2025-08-01 09:15:00+00:00,55699.6015625,55738.3984375,55681.6015625,55711.0,0.0,35.86614293716312,-75.23331497936306,-67.50603498420784,55835.78884368654,55944.86778789033,101.45451247577606
2025-08-01 09:30:00+00:00,55591.55078125,55727.6015625,55562.30078125,55693.6484375,0.0,30.37782056366268,-85.42299872906005,-71.08942773317828,55812.528075835435,55931.01221900248,106.01496024536348
2025-08-01 09:45:00+00:00,55639.55078125,55658.8984375,55570.05078125,55594.5,0.0,35.126983196127185,-88.60382789216965,-74.59230776497655,55796.05404777968,55919.582358698455,104.78872424569467
2025-08-04 03:45:00+00:00,55720.8515625,55747.94921875,55554.30078125,55554.30078125,0.0,42.305607095891176,-83.60066787304095,-76.39397978658943,55788.891906324476,55911.78899414166,111.13584662100219
2025-08-04 04:00:00+00:00,55536.3984375,55751.6015625,55536.3984375,55720.05078125,0.0,33.30188789148751,-93.44230839511874,-79.80364550829529,55764.84490929357,55897.067795841984,118.56922364807346
2025-08-04 04:15:00+00:00,55514.19921875,55609.75,55440.8515625,55536.3984375,0.0,32.40794082303307,-101.85900365150155,-84.21471713693654,55740.97389114657,55882.05334183838,122.16416749463964
2025-08-04 04:30:00+00:00,55528.05078125,55582.5,55492.44921875,55511.80078125,0.0,33.605564548882,-106.18752624664921,-88.60927895887907,55720.695499727844,55868.17088848197,119.87035419145109
2025-08-04 04:45:00+00:00,55557.75,55652.0,55528.1484375,55528.1484375,0.0,36.215159654773736,-105.99953617166466,-92.08733040143619,55705.176880706145,55855.997520306206,120.16170165991886
2025-08-04 05:00:00+00:00,55588.5,55624.5,55555.75,55557.8984375,0.0,38.89319203113003,-102.19128712520614,-94.10812174619018,55694.06479682937,55845.50742147067,116.48943725563893
2025-08-04 05:15:00+00:00,55499.05078125,55591.69921875,55462.75,55590.3984375,0.0,34.37230990089303,-105.1785933608844,-96.32221606912903,55675.49203344086,55831.92088656005,117.3794216480933
2025-08-04 05:30:00+00:00,55578.6484375,55597.25,55488.8984375,55498.75,0.0,40.95006134650426,-99.97078842176415,-97.05193053965606,55666.268833827446,55821.98863365574,116.73457456608664
2025-08-04 05:45:00+00:00,55592.6015625,55641.55078125,55557.55078125,55578.75,0.0,42.0466029810212,-93.63826132220856,-96.36919669616657,55659.25290322483,55812.99306223787,114.39639066850903
2025-08-04 06:00:00+00:00,55616.0,55627.30078125,55541.30078125,55592.3515625,0.0,43.92704176340255,-85.74323497556907,-94.24400435204709,55655.13357910818,55805.267844110895,112.36807704932981
2025-08-04 06:15:00+00:00,55659.5,55666.6484375,55598.94921875,55614.3515625,0.0,47.34751545411214,-75.11045667008875,-90.41729481565542,55655.54942871693,55799.55145806733,109.1774443136634
2025-08-04 06:30:00+00:00,55635.6484375,55670.6015625,55610.94921875,55657.55078125,0.0,45.701347833003794,-67.82666148293356,-85.89916814911106,55653.654096220074,55793.12388863332,105.63993713054458
2025-08-04 06:45:00+00:00,55658.94921875,55662.55078125,55608.30078125,55637.69921875,0.0,47.61737835204413,-59.488279154167685,-80.61699035012239,55654.15839360387,55787.86213687319,101.96922733550569
2025-08-04 07:00:00+00:00,55648.69921875,55721.19921875,55640.30078125,55658.55078125,0.0,46.834459143743985,-53.09509323671227,-75.11261092744037,55653.63847218922,55782.40476753502,100.46417091868386
2025-08-04 07:15:00+00:00,55621.6484375,55666.19921875,55604.44921875,55649.1015625,0.0,44.7436080715307,-49.63901168329903,-70.01789107861211,55650.59180221881,55776.100597729725,97.69887299592074
2025-08-04 07:30:00+00:00,55631.30078125,55674.5,55615.0,55620.5,0.0,45.675553646462795,-45.59558120204747,-65.13342910329918,55648.754562126545,55770.42217355405,94.97038206764068
2025-08-04 07:45:00+00:00,55555.1484375,55652.3984375,55511.8984375,55631.0,0.0,39.95066299759016,-47.982874415276456,-61.70331816569463,55639.839693114496,55761.98006625781,98.22249763423778
2025-08-04 08:00:00+00:00,55609.3984375,55609.80078125,55551.19921875,55560.19921875,0.0,45.21834639227722,-44.978812124616525,-58.358416957479015,55636.940525913116,55755.996472973195,95.39243083893508
2025-08-04 08:15:00+00:00,55615.25,55689.8515625,55605.8515625,55608.69921875,0.0,45.7709330175064,-41.64583170174592,-55.0158999063324,55634.874761540435,55750.47700344484,94.57868577901115
2025-08-04 08:30:00+00:00,55614.80078125,55636.1015625,55542.19921875,55614.8984375,0.0,45.73279451103495,-38.59576099491096,-51.73187212404812,55632.96295389373,55745.15636728033,94.53037563408179
2025-08-04 08:45:00+00:00,55597.44921875,55622.94921875,55581.30078125,55611.19921875,0.0,44.200758288533116,-37.15043695401255,-48.81558509004101,55629.58069340385,55739.36393008306,90.75309433879023
2025-08-04 09:00:00+00:00,55584.94921875,55657.25,55576.6484375,55594.8515625,0.0,43.08110330296287,-36.591844762944675,-46.37083702462174,55625.33007677015,55733.30845120725,90.02798492173379
2025-08-04 09:15:00+00:00,55627.3515625,55649.44921875,55568.69921875,55578.6484375,0.0,47.90212453748319,-32.35467708033684,-43.567605035764764,55625.52259922061,55729.15327910108,89.36527171303852
2025-08-04 09:30:00+00:00,55613.6484375,55631.30078125,55579.69921875,55624.8984375,0.0,46.530501579995395,-29.759371322390507,-40.805958293089915,55624.39172667579,55724.623677469666,86.66786391210721
2025-08-04 09:45:00+00:00,55643.94921875,55656.94921875,55612.8984375,55613.3984375,0.0,49.94367107775262,-24.9697176365662,-37.63871016178518,55626.254344968576,55721.45997320615,83.62378657909956
2025-08-05 03:45:00+00:00,55591.6484375,55644.55078125,55468.55078125,55545.05078125,0.0,44.64612710252924,-25.10472686975845,-35.131913503379835,55622.958544257286,55716.36932474709,90.2220875377353
2025-08-05 04:00:00+00:00,55487.1015625,55595.69921875,55475.6015625,55591.8984375,0.0,36.34672265976763,-33.26433123343304,-34.758397049390474,55610.01978408993,55707.378432109945,92.3560567314685
2025-08-05 04:15:00+00:00,55452.55078125,55533.44921875,55431.80078125,55486.6015625,0.0,34.091250022072046,-42.034290635361685,-36.21357576658472,55595.02273620041,55697.38519089975,93.01979821493504
2025-08-05 04:30:00+00:00,55481.30078125,55515.1015625,55421.1015625,55454.1484375,0.0,37.56323137829182,-46.13287090029189,-38.19743479332615,55584.192073824175,55688.91129248212,93.08981262815396
2025-08-05 04:45:00+00:00,55450.6015625,55506.19921875,55394.1484375,55480.94921875,0.0,35.41772817248169,-51.267219089044374,-40.811391652469794,55571.46916798378,55679.56581287498,94.44416752971439
2025-08-05 05:00:00+00:00,55436.6015625,55479.94921875,55383.1015625,55450.94921875,0.0,34.451326730376024,-55.82242386269354,-43.813598094514546,55558.62463412818,55670.03780305635,94.61584529544908
2025-08-05 05:15:00+00:00,55426.19921875,55449.30078125,55409.55078125,55437.80078125,0.0,33.715203533535174,-59.58498010857875,-46.96787449732739,55546.01268980645,55660.475505632574,90.69685634577414
2025-08-05 05:30:00+00:00,55456.8515625,55462.30078125,55370.19921875,55426.55078125,0.0,37.92424978989674,-59.408619488014665,-49.45602349546484,55537.5211538725,55652.490252960706,90.79719249964741
2025-08-05 05:45:00+00:00,55454.05078125,55476.0,55413.6015625,55460.1484375,0.0,37.688754759646315,-58.81684805322584,-51.328188407017045,55529.571594575114,55644.70831289362,88.7687099996726
2025-08-05 06:00:00+00:00,55463.80078125,55467.05078125,55409.05078125,55457.8515625,0.0,39.10633282925338,-56.90515421625605,-52.44358156886485,55523.30770759177,55637.61389988799,86.57094499969598
2025-08-05 06:15:00+00:00,55421.1015625,55467.6015625,55409.8984375,55465.25,0.0,35.316987351763956,-58.165102087958076,-53.5878856726835,55513.5737890116,55629.123219990426,84.50895785686055
2025-08-05 06:30:00+00:00,55492.55078125,55520.30078125,55419.5,55421.05078125,0.0,44.93254270596911,-52.78973778985528,-53.428256096117856,55511.57159779621,55623.76743807904,85.67265952779907
2025-08-05 06:45:00+00:00,55492.25,55518.94921875,55472.30078125,55496.05078125,0.0,44.90228120276735,-48.00067152734846,-52.342739182363985,55509.73144562514,55618.60989148771,82.88521509724198
2025-08-05 07:00:00+00:00,55448.3515625,55496.3984375,55431.80078125,55495.25,0.0,40.60412098124999,-47.203407543602225,-51.314872854611636,55503.88574247037,55611.93309427251,81.57896089386756
2025-08-05 07:15:00+00:00,55421.75,55454.6015625,55403.3984375,55453.69921875,0.0,38.21679758187888,-48.16290191481676,-50.684478666652666,55496.063290806516,55604.4749337128,79.40925833001987
2025-08-05 07:30:00+00:00,55394.3515625,55443.8515625,55374.1015625,55420.8984375,0.0,35.87708948227038,-50.551407881837804,-50.657864509689695,55486.37645953923,55596.23480150838,78.71931130644703
2025-08-05 07:45:00+00:00,55304.6484375,55396.1484375,55286.80078125,55391.80078125,0.0,29.507562494576177,-59.00246488868288,-52.32678458548833,55469.06902886883,55584.800042135495,80.90705023098653
2025-08-05 08:00:00+00:00,55251.1484375,55310.8984375,55227.8984375,55302.8515625,0.0,26.487213404243974,-69.21907690385706,-55.70524304916208,55448.314686833706,55571.71566548312,81.05654664305892
2025-08-05 08:15:00+00:00,55269.8515625,55300.1484375,55241.6484375,55255.25,0.0,29.21499836109645,-74.94273643821361,-59.55274172697239,55431.31819880193,55559.877857523,79.44536473998328
2025-08-05 08:30:00+00:00,55250.3515625,55290.1015625,55203.05078125,55270.75,0.0,28.046492438778046,-80.12859235329961,-63.667911852237836,55414.08328105888,55547.73957144367,79.98860877641303
2025-08-05 08:45:00+00:00,55279.75,55279.75,55219.25,55249.80078125,0.0,32.434092051094126,-80.93326402633829,-67.12098228705793,55401.289635243746,55537.2301764851,78.59656529238353
2025-08-05 09:00:00+00:00,55311.44921875,55329.75,55241.8984375,55276.25,0.0,36.901955712254974,-78.11267578980915,-69.31932098760818,55392.733405101484,55528.3760212798,79.25763652149898
2025-08-05 09:15:00+00:00,55297.94921875,55319.19921875,55243.3515625,55313.3984375,0.0,35.815739912988406,-76.08956334477989,-70.67336945904252,55383.70633973467,55519.339676082556,79.01406650210619
2025-08-05 09:30:00+00:00,55398.8984375,55403.80078125,55278.19921875,55299.5,0.0,48.11462100385572,-65.58445707480132,-69.65558698219428,55385.153206188515,55514.616490255794,82.34174478767002
2025-08-05 09:45:00+00:00,55392.5,55410.44921875,55332.3984375,55399.55078125,0.0,47.49342845414399,-57.11697615587036,-67.1478648169295,55385.85290083723,55509.82760828498,82.03524739212217
2025-08-06 03:45:00+00:00,55454.1484375,55484.25,55307.19921875,55322.0,0.0,53.69636174606212,-44.91418012360373,-62.70112787826435,55392.357237662254,55507.64411139145,88.82207123911346
2025-08-06 04:00:00+00:00,55410.25,55479.6015625,55389.8984375,55457.05078125,0.0,49.23592652940421,-38.34361209121562,-57.82962472085461,55394.061310265846,55503.82473447413,88.88500365060534
2025-08-06 04:15:00+00:00,55425.3984375,55435.05078125,55355.1484375,55408.44921875,0.0,50.75608345503379,-31.55034454912675,-52.57376868650904,55397.04579857386,55500.749193416326,88.24338508627639
2025-08-06 04:30:00+00:00,55354.19921875,55506.80078125,55277.44921875,55425.75,0.0,44.07540803401462,-31.548145611042855,-48.36864407141581,55392.96517192397,55495.00213558628,98.32254061582807
2025-08-06 04:45:00+00:00,55369.55078125,55499.6484375,55330.80078125,55354.55078125,0.0,45.733935382167154,-29.962273701014055,-44.68736999733546,55390.73522995502,55490.08247463192,103.36004887541178
2025-08-06 05:00:00+00:00,55279.8984375,55411.94921875,55242.25,55369.6015625,0.0,38.54476242173914,-35.53008496863913,-42.8559129915962,55380.1793449593,55481.83996337184,108.09856100931094
2025-08-06 05:15:00+00:00,55250.25,55302.1015625,55228.19921875,55279.44921875,0.0,36.501269338448964,-41.85254653195443,-42.655239699667845,55367.80512162985,55472.75800402393,105.6559740622173
2025-08-06 05:30:00+00:00,55270.44921875,55281.80078125,55228.94921875,55249.94921875,0.0,38.878752521810256,-44.717756272082624,-43.06774301415081,55358.53313087938,55464.824326170055,101.88423037920178
2025-08-06 05:45:00+00:00,55285.5,55297.25,55242.25,55270.05078125,0.0,40.66153306722632,-45.25234253545932,-43.504662918412514,55351.57759460516,55457.791999653586,98.53535678068737
2025-08-06 06:00:00+00:00,55297.3984375,55305.1015625,55246.1484375,55284.69921875,0.0,42.09935353843067,-44.20631861034781,-43.644994056799575,55346.41767488086,55451.50205603972,95.70805451063826
2025-08-06 06:15:00+00:00,55316.3515625,55365.8515625,55264.44921875,55297.55078125,0.0,44.410036216150964,-41.37107828599983,-43.19021090263963,55343.5542356065,55446.202036685216,96.11478945630697
2025-08-06 06:30:00+00:00,55338.6484375,55361.19921875,55304.69921875,55315.3515625,0.0,47.08538490259162,-36.899602780766145,-41.93208927826493,55343.087016739206,55441.98424848187,93.28516163799932
2025-08-06 06:45:00+00:00,55412.8515625,55454.19921875,55335.19921875,55337.80078125,0.0,54.869618901361726,-27.05646410537156,-38.95696424368626,55349.73125919262,55440.84179020808,95.12193580671365
2025-08-06 07:00:00+00:00,55395.94921875,55463.25,55392.05078125,55413.25,0.0,52.9585100799027,-20.38460266048787,-35.242491927046586,55354.132969626655,55439.08129720972,93.41317030266268
2025-08-06 07:15:00+00:00,55429.94921875,55437.5,55351.55078125,55392.6015625,0.0,56.25886178799029,-12.21280691123684,-30.63655492388464,55361.35356478125,55438.72317648581,92.88003090604391
2025-08-06 07:30:00+00:00,55444.1015625,55460.30078125,55422.1015625,55429.3984375,0.0,57.59255338345837,-4.542263652860129,-25.41769666967974,55369.23432646875,55438.9340935844,88.97425860918364
2025-08-06 07:45:00+00:00,55494.3515625,55510.80078125,55434.44921875,55444.69921875,0.0,62.02054183766969,5.527731933070754,-19.228610949129642,55381.15025370983,55441.10732765952,88.07263745852767
2025-08-06 08:00:00+00:00,55515.6484375,55559.3984375,55452.3984375,55494.6015625,0.0,63.74820233101231,15.053231529651384,-12.372242453373438,55393.95960454699,55444.03050843758,89.42459192577569
2025-08-06 08:15:00+00:00,55476.3515625,55517.5,55466.80078125,55513.8515625,0.0,58.4634917852992,19.20988954373024,-6.055816053952702,55401.80645768537,55445.298000753755,86.65849384179171
2025-08-06 08:30:00+00:00,55420.19921875,55488.5,55408.1015625,55476.0,0.0,51.84911181275082,17.768225072781206,-1.2910078286059208,55403.55814921534,55444.31373479283,86.21134696023516
2025-08-06 08:45:00+00:00,55405.8984375,55488.30078125,55402.30078125,55418.44921875,0.0,50.2886577352733,15.295425913798681,2.0262789198749998,55403.78103381388,55442.807252546045,86.1962507487898
2025-08-06 09:00:00+00:00,55369.5,55408.3515625,55310.3984375,55406.69921875,0.0,46.45633336250439,10.280161747483362,3.6770554853966724,55400.516173450655,55439.93245832855,87.03602748101909
2025-08-06 09:15:00+00:00,55362.25,55410.1015625,55347.6484375,55368.1015625,0.0,45.70913625654602,5.655323306666105,4.072709049650559,55396.87177597916,55436.8860874137,85.28010587523201
2025-08-06 09:30:00+00:00,55397.25,55420.30078125,55349.94921875,55362.75,0.0,49.89856793608018,4.759449048971874,4.210057049514822,55396.90779731448,55435.33173104454,84.21378134842972
2025-08-06 09:45:00+00:00,55422.25,55470.80078125,55392.1484375,55396.8984375,0.0,52.70588894521401,5.997616521730379,4.567568943957934,55399.32134042739,55434.818721983975,83.81653580568475
2025-08-07 03:45:00+00:00,55308.3515625,55363.69921875,55216.1484375,55216.1484375,0.0,41.34058622201742,-2.1865733958693454,3.216740475992478,55390.65755205335,55429.859225533626,92.55118056956441
2025-08-07 04:00:00+00:00,55250.55078125,55310.69921875,55226.6015625,55308.3515625,0.0,36.98229407592644,-13.18465832110087,-0.06353928342619142,55377.31405007208,55422.827521836225,91.94735740388124
2025-08-07 04:15:00+00:00,55219.3984375,55288.8984375,55211.75,55250.6015625,0.0,34.84982838324997,-24.136226258859097,-4.878076678512773,55362.274467922354,55414.849910685785,90.89029169646116
2025-08-07 04:30:00+00:00,55173.25,55233.3984375,55148.30078125,55221.19921875,0.0,31.914063518926227,-36.12281465729029,-11.127024274268278,55344.27213764403,55405.37540438438,90.47653202171394
2025-08-07 04:45:00+00:00,55125.05078125,55205.80078125,55125.05078125,55173.25,0.0,29.15186638370338,-48.947312309537665,-18.691081881322155,55323.393913225555,55394.382281908525,89.78177973444865
2025-08-07 05:00:00+00:00,55130.8984375,55149.05078125,55076.3984375,55123.6484375,0.0,29.94408292753114,-57.97071182556829,-26.547007870171385,55305.061010775506,55384.049582127795,88.55824859270231
2025-08-07 05:15:00+00:00,55129.55078125,55144.05078125,55086.8984375,55130.6015625,0.0,29.861211485687363,-64.48719728029391,-34.13504575219589,55288.34575082069,55374.06923699533,86.31496967536644
2025-08-07 05:30:00+00:00,55111.44921875,55146.3515625,55083.55078125,55131.3984375,0.0,28.71179902416975,-70.30180828008451,-41.36839825777362,55271.498462052055,55363.77041275042,84.63538478784027
2025-08-07 05:45:00+00:00,55121.55078125,55157.6484375,55105.3984375,55113.3515625,0.0,30.323599788780783,-73.25043233086762,-47.744805072392424,55257.2177305471,55354.27160367197,82.32214301728025
2025-08-07 06:00:00+00:00,55117.69921875,55191.69921875,55107.55078125,55125.5,0.0,30.044670432413582,-75.03309225862176,-53.202462509638295,55243.93025323309,55344.99425524366,82.4525926231888
2025-08-07 06:15:00+00:00,55123.75,55132.19921875,55096.69921875,55119.94921875,0.0,31.11665098942943,-75.09200176317245,-57.58037036034513,55232.48451482994,55336.31800993999,79.09883600724675
2025-08-07 06:30:00+00:00,55172.3984375,55202.75,55113.75,55125.3515625,0.0,39.185562006187205,-70.40161958852696,-60.1446202059815,55226.76203127471,55329.889791412934,79.80606200672912
2025-08-07 06:45:00+00:00,55159.0,55196.25,55130.80078125,55175.0,0.0,37.86984015786134,-66.99334230538807,-61.51436462586281,55220.30850448664,55323.18823096537,78.78057320267703
2025-08-07 07:00:00+00:00,55136.80078125,55171.44921875,55110.75,55159.3984375,0.0,35.72926580336218,-65.33046054730949,-62.27758381015215,55212.35538798791,55315.87891921183,77.48904788462868
2025-08-07 07:15:00+00:00,55146.5,55151.5,55116.44921875,55137.80078125,0.0,37.39434224251998,-62.509399434318766,-62.32394693498548,55206.08344627477,55309.2366086545,74.45774312501234
2025-08-07 07:30:00+00:00,55115.80078125,55148.6484375,55092.25,55146.75,0.0,34.3600978435701,-62.03574906733411,-62.26630736145521,55197.485097224795,55301.65088993275,73.16779272322574
2025-08-07 07:45:00+00:00,55011.30078125,55123.94921875,55002.75,55115.3984375,0.0,26.482730870887124,-69.29387770782341,-63.671821430728855,55179.75325760815,55290.264611160885,76.59860886799534
2025-08-07 08:00:00+00:00,55025.0,55040.30078125,54973.8984375,55013.5,0.0,28.787601187490907,-73.09795674002817,-65.55704849258872,55165.01485212166,55279.86207738987,75.87030421670995
2025-08-07 08:15:00+00:00,55043.6015625,55067.6015625,55002.25,55021.8515625,0.0,31.90924664470991,-73.76145006450679,-67.19792880697234,55153.45168168151,55270.5969591589,75.11896552265924
2025-08-07 08:30:00+00:00,55124.30078125,55142.44921875,55043.6015625,55043.6015625,0.0,43.4838278936187,-67.0031501755584,-67.15897308068955,55150.67540544993,55264.85985414287,76.81387200318356
2025-08-07 08:45:00+00:00,55231.94921875,55295.94921875,55122.3984375,55122.3984375,0.0,54.57618491343261,-52.35727746853081,-64.1986339582578,55158.41576862137,55263.56924099021,83.72365123509903
2025-08-07 09:00:00+00:00,55311.30078125,55320.3984375,55226.30078125,55228.0,0.0,60.699439059278355,-33.95588757022051,-58.150084680650345,55172.97624601457,55265.44106609844,84.46465159330624
2025-08-07 09:15:00+00:00,55357.44921875,55368.80078125,55272.3984375,55309.5,0.0,63.75916855134847,-15.470525683282176,-49.614172881176714,55190.545100560805,55269.04922894752,85.31734389021294
2025-08-07 09:30:00+00:00,55513.3984375,55551.80078125,55356.8515625,55356.8515625,0.0,71.76035516114584,11.629003509420727,-37.36553760305723,55221.29303741216,55278.63155085154,93.14819209448343
2025-08-07 09:45:00+00:00,55591.3515625,55614.05078125,55507.19921875,55514.1484375,0.0,74.76006648844033,38.94678702496458,-22.103072677452868,55256.53670646814,55290.8950807201,94.12700426630605
2025-08-08 03:45:00+00:00,55392.0,55622.94921875,55388.69921875,55610.3515625,0.0,57.83948006958302,44.00308209241484,-8.881841723479328,55269.4379725188,55294.8599795154,104.1357896758556
2025-08-08 04:00:00+00:00,55376.75,55454.3984375,55354.8515625,55391.8515625,0.0,56.78075839698336,46.24658299036673,2.1438432192898853,55279.65816561224,55298.07135286774,103.80801005615163
2025-08-08 04:15:00+00:00,55347.0,55404.55078125,55339.0,55380.3515625,0.0,54.67808169646166,45.1040656541154,10.735887706254989,55286.071673649174,55299.990123343516,101.07535085571223
2025-08-08 04:30:00+00:00,55252.3515625,55358.25,55230.3984375,55346.94921875,0.0,48.5217887401074,36.14462183620344,15.81763453224468,55282.86023449211,55298.12194448691,102.98793740173278
2025-08-08 04:45:00+00:00,55275.19921875,55324.1015625,55223.05078125,55243.6015625,0.0,49.985694572821586,30.535815106086375,18.76127064701302,55282.13061394524,55297.223014065865,102.84956910518044
2025-08-08 05:00:00+00:00,55231.19921875,55278.19921875,55203.6484375,55275.3984375,0.0,47.20185342953024,22.2834928519369,19.465715087997797,55277.28000487903,55294.63384562211,100.82822711552468
2025-08-08 05:15:00+00:00,55181.05078125,55246.19921875,55170.05078125,55231.19921875,0.0,44.181689931794956,11.563610113196773,17.885294093037594,55268.11531691436,55290.1796078036,99.06538500013006
2025-08-08 05:30:00+00:00,55210.8515625,55227.75,55159.8984375,55182.3515625,0.0,46.37739613257666,5.4103328522105585,15.390301844872187,55262.661626017754,55287.06870406621,96.83582625012077
2025-08-08 05:45:00+00:00,55155.1484375,55221.25,55147.6015625,55213.3515625,0.0,42.97452702551165,-3.9158212166803423,11.529077232561681,55252.42227473034,55281.895360279304,95.17958419654073
2025-08-08 06:00:00+00:00,55122.3515625,55162.19921875,55085.55078125,55154.3515625,0.0,41.064065002055315,-13.79428726817423,6.4644043324144995,55240.03458785127,55275.63874075855,93.85593086107353
2025-08-08 06:15:00+00:00,55122.19921875,55159.75,55097.1484375,55123.30078125,0.0,41.05493502821433,-21.388779120286927,0.8937676418742138,55228.81217174639,55269.62150460135,91.62347597813971
2025-08-08 06:30:00+00:00,55114.1015625,55130.5,55078.6015625,55123.6015625,0.0,40.538994146284,-27.741099683960783,-4.833205823292786,55217.88735181816,55263.522683342475,88.78597322970116
2025-08-08 06:45:00+00:00,55171.3515625,55181.6015625,55087.8984375,55114.80078125,0.0,45.7315680157593,-27.834899559384212,-9.43354457051107,55213.455371883094,55259.90812958395,89.13719835615107
2025-08-08 07:00:00+00:00,55179.6015625,55203.30078125,55152.1015625,55173.94921875,0.0,46.45719708941388,-26.93306299957476,-12.933448256323809,55210.2311995609,55256.75885244341,86.42734266999743
2025-08-08 07:15:00+00:00,55214.19921875,55272.25,55167.19921875,55179.6015625,0.0,49.506365739955804,-23.159639407138457,-14.97868648648674,55210.60910615033,55255.089847200536,87.75758828285475
2025-08-08 07:30:00+00:00,55137.94921875,55225.6484375,55102.1015625,55212.3984375,0.0,43.6116757462513,-26.021946969667624,-17.187338583122916,55203.68911687411,55250.49609706522,90.31396590550798
2025-08-08 07:45:00+00:00,55085.80078125,55196.75,55068.1484375,55137.44921875,0.0,40.09541723014932,-32.127938541801996,-20.175458574858734,55192.461656338484,55244.03745722932,93.04879423368598
2025-08-08 08:00:00+00:00,55187.5,55198.6015625,55060.69921875,55086.05078125,0.0,48.770252517940314,-28.432946528038883,-21.826956165494764,55191.98911763958,55241.82030204386,96.25261919913699
2025-08-08 08:15:00+00:00,55133.44921875,55188.94921875,55110.0,55187.3984375,0.0,45.03737847986837,-29.52573081608716,-23.366711095613248,55186.413889173906,55237.57045564018,95.01666202419862
2025-08-08 08:30:00+00:00,55125.8984375,55200.30078125,55070.0,55133.44921875,0.0,44.52467801049798,-30.64776680169598,-24.822922236829797,55180.65051282401,55233.191160811155,97.536956254613
2025-08-08 08:45:00+00:00,55108.0,55172.25,55081.44921875,55122.05078125,0.0,43.26732121387877,-32.605388108917396,-26.37941541124732,55173.73141636458,55228.281703524444,97.05580089714064
2025-08-08 09:00:00+00:00,55159.80078125,55183.69921875,55079.5,55109.69921875,0.0,47.85677992496185,-29.635309567747754,-27.03059424254741,55172.40468921081,55225.59617716074,97.56604502948774
2025-08-08 09:15:00+00:00,55127.30078125,55178.55078125,55114.1484375,55163.75,0.0,45.376553025164135,-29.563193222755217,-27.537114038588975,55168.10907892883,55221.74145575248,95.19720922381005
2025-08-08 09:30:00+00:00,54985.55078125,55131.94921875,54928.0,55128.69921875,0.0,36.493078994207124,-40.47748163367942,-30.125187557607063,55150.72257438799,55212.47907636023,102.96520990425219
2025-08-08 09:45:00+00:00,54920.1484375,55023.8984375,54907.80078125,54987.6015625,0.0,33.25788118282078,-53.784561438442324,-34.85706233377412,55128.76313277961,55201.01512973826,103.90324178609133
