Price,Close,High,Low,Open,Volume,rsi,macd,macd_signal,ema_20,ema_50,atr
2025-05-20 09:45:00+00:00,24713.849609375,24713.849609375,24672.05078125,24692.849609375,0.0,26.552059666971658,-64.09971449993827,-56.518975893017895,24785.749764303793,24872.215326853013,37.31474461691256
2025-05-21 03:45:00+00:00,24738.099609375,24765.0,24692.650390625,24744.25,0.0,34.08453808440788,-59.95706289101872,-57.20659329261806,24781.211654310573,24866.955886951917,39.817234956775955
2025-05-21 04:00:00+00:00,24796.599609375,24816.69921875,24722.5,24738.30078125,0.0,47.951852377086496,-51.36145763741297,-56.03756616157705,24782.67717384052,24864.196817243017,43.70166237057767
2025-05-21 04:15:00+00:00,24815.30078125,24844.0,24794.30078125,24796.650390625,0.0,51.46697182418337,-42.54986194569938,-53.340025318401516,24785.784184069995,24862.27932563545,44.13005925482212
2025-05-21 04:30:00+00:00,24869.25,24869.650390625,24811.25,24815.900390625,0.0,59.883914662675586,-30.85765001406253,-48.84355025753372,24793.733309396663,24862.552685414452,45.14936863840626
2025-05-21 04:45:00+00:00,24893.5,24914.150390625,24869.19921875,24869.19921875,0.0,62.99088399333486,-19.41095804467477,-42.95703181496193,24803.23489897793,24863.76630559428,45.13521172673438
2025-05-21 05:00:00+00:00,24916.400390625,24945.400390625,24892.849609375,24893.650390625,0.0,65.69307499705852,-8.394732798918994,-36.04457201175334,24814.01256484908,24865.83038736019,45.6648952641105
2025-05-21 05:15:00+00:00,24914.099609375,24936.05078125,24905.94921875,24916.099609375,0.0,65.17817057576164,0.14834127167705446,-28.80598935506726,24823.54466432774,24867.72329802744,44.55322863810261
2025-05-21 05:30:00+00:00,24896.69921875,24921.44921875,24858.05078125,24914.80078125,0.0,61.267040295342696,5.451877074607182,-21.954416069132375,24830.511764748906,24868.85960864401,45.899314985381
2025-05-21 05:45:00+00:00,24871.400390625,24914.400390625,24865.80078125,24896.94921875,0.0,56.005012868032736,7.526799154398759,-16.05817302442615,24834.405919594246,24868.95924715307,46.09219315606806
2025-05-21 06:00:00+00:00,24853.349609375,24878.849609375,24833.599609375,24871.0,0.0,52.53781598394405,7.626726505746774,-11.321193118391566,24836.210080525747,24868.347104495107,46.0320365020632
2025-05-21 06:15:00+00:00,24829.25,24854.849609375,24812.400390625,24853.05078125,0.0,48.243544527133196,5.695626941927912,-7.9178291063276705,24835.547215713774,24866.813884710988,45.7761209483444
2025-05-21 06:30:00+00:00,24733.650390625,24829.349609375,24727.099609375,24827.849609375,0.0,35.75770147620565,-3.5084298965848575,-7.035949264379108,24825.84275618151,24861.591786903697,49.80996945203408
2025-05-21 06:45:00+00:00,24742.5,24767.400390625,24685.94921875,24733.44921875,0.0,37.37350821042657,-9.97365168719989,-7.623489748943265,24817.905350830893,24856.921520750613,52.07005533938879
2025-05-21 07:00:00+00:00,24780.400390625,24808.5,24742.5,24743.05078125,0.0,43.88326825748557,-11.901943562326778,-8.479180511619967,24814.333449858903,24853.920692118238,53.065051386575306
2025-05-21 07:15:00+00:00,24775.44921875,24785.55078125,24736.30078125,24780.30078125,0.0,43.25078376991704,-13.672044143266248,-9.517753237949224,24810.630189753294,24850.84337943713,52.79254771610564
2025-05-21 07:30:00+00:00,24799.69921875,24804.150390625,24767.349609375,24776.599609375,0.0,47.26017144472259,-12.968595377413294,-10.207921665842038,24809.589144895835,24848.83772607685,51.65027868281238
2025-05-21 07:45:00+00:00,24775.44921875,24839.349609375,24775.44921875,24800.05078125,0.0,43.91859568765939,-14.204142978218442,-11.00716592831732,24806.337723358138,24845.959745397366,52.52528667868292
2025-05-21 08:00:00+00:00,24761.94921875,24815.150390625,24758.5,24775.099609375,0.0,42.13259770415806,-16.087217104453885,-12.023176163544635,24802.110246728793,24842.665214940607,52.81993696056271
2025-05-21 08:15:00+00:00,24776.900390625,24793.80078125,24761.150390625,24762.80078125,0.0,44.809444015729206,-16.18654389589574,-12.855849710014857,24799.70930805224,24840.08620222235,51.379255079451084
2025-05-21 08:30:00+00:00,24798.69921875,24798.849609375,24740.80078125,24777.30078125,0.0,48.54663930600678,-14.340964136812545,-13.152872595374395,24799.613109071073,24838.463183262647,51.85565315413315
2025-05-21 08:45:00+00:00,24807.900390625,24819.349609375,24789.349609375,24799.19921875,0.0,50.08310636707852,-11.997570681560319,-12.92181221261158,24800.40237398097,24837.264642374896,50.294535071695066
2025-05-21 09:00:00+00:00,24786.150390625,24819.599609375,24780.650390625,24808.75,0.0,46.54490566786161,-11.759896941042825,-12.68942915829783,24799.045042232785,24835.260161914117,49.48415533443113
2025-05-21 09:15:00+00:00,24807.19921875,24813.900390625,24785.55078125,24785.55078125,0.0,50.21079808061655,-9.760560605125647,-12.103655447663394,24799.82163047252,24834.15973277043,47.97454490875748
2025-05-21 09:30:00+00:00,24809.69921875,24829.849609375,24803.650390625,24807.0,0.0,50.64373999021556,-7.883467343595839,-11.259617826849883,24800.762353165614,24833.200496926493,46.41916446884623
2025-05-21 09:45:00+00:00,24800.400390625,24819.94921875,24794.849609375,24809.400390625,0.0,48.939135409424594,-7.06475700514784,-10.420645662509475,24800.727880542698,24831.914218248003,44.896339105000074
2025-05-22 03:45:00+00:00,24590.5,24732.349609375,24574.80078125,24732.349609375,0.0,26.91602897707719,-23.086997935079125,-12.953916117023406,24780.70617763387,24822.44699400298,57.80371555285721
2025-05-22 04:00:00+00:00,24589.94921875,24616.05078125,24542.099609375,24591.44921875,0.0,26.88184426473505,-35.42087297494436,-17.4473074886076,24762.538848216358,24813.329434189138,58.95710529015313
2025-05-22 04:15:00+00:00,24629.650390625,24629.650390625,24556.650390625,24590.5,0.0,33.44359406460967,-41.51346366315556,-22.260538723517193,24749.88280463623,24806.126334441527,59.960169197999335
2025-05-22 04:30:00+00:00,24606.05078125,24631.69921875,24580.19921875,24631.650390625,0.0,31.626680683013745,-47.69636294265729,-27.347703567345214,24736.184516694684,24798.28023431637,59.35587139814224
2025-05-22 04:45:00+00:00,24580.25,24622.80078125,24571.150390625,24606.44921875,0.0,29.725336314985952,-54.05514848423263,-32.6891925507227,24721.33361034281,24789.730029049064,58.80547991434637
2025-05-22 05:00:00+00:00,24605.55078125,24628.599609375,24576.599609375,24580.75,0.0,33.92059777928543,-56.40279394005847,-37.43191282858986,24710.30667423873,24782.507313449103,58.31937420617878
2025-05-22 05:15:00+00:00,24605.150390625,24613.05078125,24593.30078125,24606.80078125,0.0,33.886121786904866,-57.63129041325374,-41.47178834552264,24700.29179008504,24775.55214000502,55.56441890573744
2025-05-22 05:30:00+00:00,24594.599609375,24610.25,24588.150390625,24605.900390625,0.0,32.936148287430825,-58.778678571306955,-44.9331663906795,24690.22586811266,24768.455962333253,53.174075367827626
2025-05-22 05:45:00+00:00,24595.5,24604.30078125,24579.19921875,24594.650390625,0.0,33.10849049374568,-58.93596088378035,-47.73372528929968,24681.204356863836,24761.673375575087,51.168895877268504
2025-05-22 06:00:00+00:00,24560.650390625,24598.650390625,24543.05078125,24595.650390625,0.0,29.9051655202166,-61.167578703996696,-50.42049597223908,24669.72302674585,24753.79012126332,51.48537541282075
2025-05-22 06:15:00+00:00,24589.75,24607.5,24557.599609375,24558.900390625,0.0,35.51552531125566,-59.89759443973526,-52.315915665738316,24662.106548008152,24747.357175331425,51.37216221369069
2025-05-22 06:30:00+00:00,24572.80078125,24599.0,24569.55078125,24589.80078125,0.0,33.81768893972226,-59.57207328465665,-53.76714718952199,24653.601236888328,24740.511826543916,49.80623768056993
2025-05-22 06:45:00+00:00,24552.69921875,24574.650390625,24548.900390625,24572.75,0.0,31.871669313124272,-60.24169476390307,-55.062056704398216,24643.99152087515,24733.146626238275,48.087934989100646
2025-05-22 07:00:00+00:00,24558.69921875,24571.900390625,24551.5,24553.69921875,0.0,33.108975699248006,-59.60117945831371,-55.96988125518132,24635.86844448228,24726.305551434813,46.110253248807744
2025-05-22 07:15:00+00:00,24523.849609375,24559.0,24509.349609375,24558.650390625,0.0,29.73146199661231,-61.20016132620367,-57.015937269385795,24625.199983995873,24718.366102726584,46.363120204250045
2025-05-22 07:30:00+00:00,24539.650390625,24543.0,24511.94921875,24523.69921875,0.0,33.0654720785202,-60.495025979664206,-57.711755011441475,24617.05240367484,24711.357643428484,45.269381707517894
2025-05-22 07:45:00+00:00,24551.650390625,24554.44921875,24531.30078125,24540.44921875,0.0,35.56587110606043,-58.29590254884533,-57.82858451892225,24610.823640527236,24705.09461390678,43.68931426412376
2025-05-22 08:00:00+00:00,24524.19921875,24556.599609375,24518.19921875,24553.650390625,0.0,32.56862208078769,-58.09843889878539,-57.88255539489488,24602.57369559607,24698.000676841806,43.31153400418635
2025-05-22 08:15:00+00:00,24525.349609375,24534.849609375,24515.05078125,24524.650390625,0.0,32.82411091739286,-57.1898713863593,-57.74401859318777,24595.219020717872,24691.23004674507,41.6320550128159
2025-05-22 08:30:00+00:00,24529.80078125,24539.55078125,24518.55078125,24525.349609375,0.0,33.868191473105256,-55.47121507877819,-57.289457890305854,24588.988712197122,24684.899487313894,40.158336797614766
2025-05-22 08:45:00+00:00,24492.349609375,24530.25,24475.599609375,24529.30078125,0.0,29.68731584430121,-56.48009675284993,-57.127585662814674,24579.784988118827,24677.34851170845,41.19348349957085
2025-05-22 09:00:00+00:00,24557.55078125,24569.900390625,24464.150390625,24492.25,0.0,42.90234652788483,-51.425650202592806,-55.9871985707703,24577.667444607512,24672.650561494393,45.804663249601504
2025-05-22 09:15:00+00:00,24616.80078125,24639.849609375,24512.69921875,24557.80078125,0.0,51.77277172576874,-42.153070709337044,-53.220372998483654,24581.394429049655,24670.460374033828,51.615072347844254
2025-05-22 09:30:00+00:00,24606.25,24619.349609375,24594.0,24616.30078125,0.0,50.2749545325099,-35.249510115372686,-49.62620042186146,24583.761626283023,24667.94232015015,49.73896784978395
2025-05-22 09:45:00+00:00,24637.0,24647.150390625,24597.5,24606.349609375,0.0,54.414295929396495,-26.986042298274697,-45.09816879714411,24588.831947589402,24666.728895830536,49.73264090515652
2025-05-23 03:45:00+00:00,24713.80078125,24732.69921875,24614.650390625,24643.849609375,0.0,62.75384714706208,-14.077724082046188,-38.89407985412453,24600.733741271364,24668.574852121495,54.61236856371677
2025-05-23 04:00:00+00:00,24781.400390625,24784.55078125,24696.099609375,24714.0,0.0,68.25822732579992,1.5886219814601645,-30.79753948700759,24617.940088828855,24672.999383043203,57.02942594309415
2025-05-23 04:15:00+00:00,24796.0,24806.400390625,24763.25,24780.94921875,0.0,69.31301009018662,15.009361987267766,-21.63615919215252,24634.898175607057,24677.82293664935,56.038066277515995
2025-05-23 04:30:00+00:00,24818.099609375,24826.349609375,24785.150390625,24795.44921875,0.0,70.88990763055118,27.11607171988362,-11.885713009745292,24652.345931204003,24683.32398263859,54.97814859697913
2025-05-23 04:45:00+00:00,24774.69921875,24820.55078125,24768.05078125,24817.44921875,0.0,63.94091636598015,32.83023112754745,-2.9425241822867427,24663.998625256005,24686.907325231194,54.8011379829092
2025-05-23 05:00:00+00:00,24813.69921875,24814.349609375,24748.55078125,24774.599609375,0.0,67.06518412479525,40.044114069420175,5.6548034680546415,24678.255824636388,24691.87955634958,55.58668727877283
2025-05-23 05:15:00+00:00,24889.599609375,24908.849609375,24807.900390625,24814.099609375,0.0,72.12675360238742,51.29440549459832,14.78272387336338,24698.383804135305,24699.633283919207,58.82686809814619
2025-05-23 05:30:00+00:00,24890.099609375,24902.349609375,24874.849609375,24892.30078125,0.0,72.15711032944982,59.564070793585415,23.738993257407788,24716.64245225337,24707.10255158414,56.58923466256432
2025-05-23 05:45:00+00:00,24882.0,24894.400390625,24854.150390625,24890.80078125,0.0,70.81171091879376,64.71823777805184,31.9348421615366,24732.390790134003,24713.961275051428,55.42214647238116
2025-05-23 06:00:00+00:00,24868.599609375,24903.400390625,24861.80078125,24884.150390625,0.0,68.53492544247948,66.94989598921165,38.93785292707161,24745.363058633146,24720.025523456276,54.43482239399679
2025-05-23 06:15:00+00:00,24837.44921875,24872.900390625,24804.30078125,24871.30078125,0.0,63.429422791162246,65.45045293112344,44.24037292788198,24754.133169120465,24724.63037425211,55.44659289263988
2025-05-23 06:30:00+00:00,24834.75,24851.849609375,24819.80078125,24836.94921875,0.0,62.99152980857836,63.31447920548817,48.05519418340322,24761.810962537566,24728.948790948103,53.7753239806656
2025-05-23 06:45:00+00:00,24869.5,24873.900390625,24828.849609375,24834.69921875,0.0,66.22435544898761,63.69154276283007,51.18246389928859,24772.06706134351,24734.460603067786,53.15214235704662
2025-05-23 07:00:00+00:00,24869.80078125,24901.349609375,24865.44921875,24870.69921875,0.0,66.2518351463197,63.28512732755917,53.602996584942716,24781.375034667937,24739.768061035717,51.91987437618615
2025-05-23 07:15:00+00:00,24880.900390625,24898.19921875,24870.0,24870.0,0.0,67.30884770388951,63.13095156826603,55.50858758160738,24790.85363999718,24745.302662196078,50.239771742172856
2025-05-23 07:30:00+00:00,24877.44921875,24902.0,24874.650390625,24881.900390625,0.0,66.61026994355632,62.015410392828926,56.809952143851696,24799.10083797364,24750.484880100154,48.60476014451765
2025-05-23 07:45:00+00:00,24884.150390625,24898.400390625,24873.75,24876.69921875,0.0,67.31952079817152,60.96924899021542,57.641811513124445,24807.200795369008,24755.72666482662,46.893733750266385
2025-05-23 08:00:00+00:00,24851.0,24892.05078125,24841.69921875,24884.599609375,0.0,60.47581592510736,56.81032500395304,57.47551421129017,24811.372148191007,24759.462874049106,47.1407215181045
2025-05-23 08:15:00+00:00,24875.900390625,24883.19921875,24838.05078125,24850.349609375,0.0,63.47908407969932,54.89085361153411,56.95858209133896,24817.517695089482,24764.02905116973,46.99841551681133
2025-05-23 08:30:00+00:00,24869.099609375,24894.05078125,24863.599609375,24876.150390625,0.0,62.09137070478142,52.218945000822714,56.01065467323571,24822.43025835477,24768.149465216997,45.816469542396234
2025-05-23 08:45:00+00:00,24872.650390625,24884.150390625,24857.099609375,24868.849609375,0.0,62.551681583207625,49.81373482147683,54.77127070288394,24827.21312809479,24772.247540723194,44.4760632357965
2025-05-23 09:00:00+00:00,24835.650390625,24873.900390625,24833.75,24872.69921875,0.0,55.0503900083041,44.41006605052098,52.69902977241135,24828.01667690719,24774.733926993853,44.16708662073961
2025-05-23 09:15:00+00:00,24836.25,24852.5,24819.30078125,24834.75,0.0,55.14426855853217,39.718156894636195,50.102855196856325,24828.80080291603,24777.1463220137,43.38366748711535
2025-05-23 09:30:00+00:00,24850.75,24864.0,24836.349609375,24836.349609375,0.0,57.45814993169701,36.74622628083307,47.431529413651674,24830.891202638315,24780.03274075826,42.2669769523214
2025-05-23 09:45:00+00:00,24845.150390625,24862.099609375,24842.900390625,24850.5,0.0,56.251362968030314,33.552337715529575,44.65569107402725,24832.249220541806,24782.586374086368,40.61927993786987
2025-05-26 03:45:00+00:00,25040.5,25048.55078125,24908.5,24919.5,0.0,75.54678884238757,46.25108516903856,44.97476989302952,24852.082628109252,24792.70063392612,52.24650212980773
2025-05-26 04:00:00+00:00,25043.55078125,25054.80078125,25024.349609375,25040.05078125,0.0,75.72684141837631,55.91653555091034,47.16312302460569,24870.317690313135,24802.537894605488,50.68969282589289
2025-05-26 04:15:00+00:00,25061.94921875,25079.05078125,25041.25,25041.25,0.0,76.8346308629399,64.3196380090667,50.59442602149789,24888.568312069026,24812.710887709196,49.76905628475769
2025-05-26 04:30:00+00:00,25044.150390625,25065.900390625,25035.150390625,25062.5,0.0,73.34716923643765,68.75042842631956,54.22562650246223,24903.38565288388,24821.78694664707,48.41055226441785
2025-05-26 04:45:00+00:00,24975.19921875,25048.25,24938.650390625,25043.900390625,0.0,61.669463563537185,65.9379863708782,56.56809847614543,24910.225040109224,24827.80311418052,52.781199200888004
2025-05-26 05:00:00+00:00,24969.400390625,24976.75,24910.5,24974.650390625,0.0,60.79284651048792,62.52049150412495,57.758577081741336,24915.860787777394,24833.355948550892,53.74325640082458
2025-05-26 05:15:00+00:00,24980.30078125,24992.30078125,24950.94921875,24970.19921875,0.0,61.889503618444394,60.000029632687074,58.20686759193049,24921.997930012883,24839.11849100968,52.858135407908534
2025-05-26 05:30:00+00:00,24972.75,24983.400390625,24960.0,24980.400390625,0.0,60.624510107529176,56.73920624757375,57.913335323059144,24926.831460487847,24844.35894234264,50.75401078055792
2025-05-26 05:45:00+00:00,24974.5,25024.400390625,24961.650390625,24972.75,0.0,60.82436655758692,53.6774305897452,57.066154376396355,24931.371321393766,24849.462513231163,51.61086715337522
2025-05-26 06:00:00+00:00,24973.69921875,24980.44921875,24954.099609375,24974.349609375,0.0,60.67261071786721,50.6030149109356,55.77352648330421,24935.402549713406,24854.33454089857,49.80649159777699
2025-05-26 06:15:00+00:00,24999.05078125,25011.349609375,24972.400390625,24973.650390625,0.0,63.755680055129446,49.63995900975351,54.54681298859408,24941.464286050224,24860.00968757902,49.03097210865006
2025-05-26 06:30:00+00:00,24989.80078125,25007.849609375,24980.44921875,25000.0,0.0,61.85042744657184,47.58183875657778,53.15381814219082,24946.067761783535,24865.099534389647,47.48593057410363
2025-05-26 06:45:00+00:00,25007.400390625,25013.80078125,24972.0,24987.80078125,0.0,64.05162454015611,46.8310656450376,51.88926764276018,24951.90896453034,24870.679960124366,47.0798484795248
2025-05-26 07:00:00+00:00,24968.400390625,25010.30078125,24968.400390625,25006.19921875,0.0,56.299510781532724,42.598054624377255,50.0310250390836,24953.479576539354,24874.512133869488,46.7098872042016
2025-05-26 07:15:00+00:00,24967.349609375,24977.05078125,24939.44921875,24967.349609375,0.0,56.1024934002148,38.712322076855344,47.76728444663795,24954.800532047513,24878.15281918343,46.059292582472914
2025-05-26 07:30:00+00:00,24981.900390625,24992.099609375,24965.94921875,24966.75,0.0,58.279730408805946,36.38752474387729,45.49133250608582,24957.381470959655,24882.221351396827,44.63722815693914
2025-05-26 07:45:00+00:00,24973.05078125,24986.849609375,24968.0,24980.599609375,0.0,56.44605720142108,33.44547794032769,43.0821615929342,24958.873786225402,24885.783289822444,42.79525538680063
2025-05-26 08:00:00+00:00,25001.19921875,25009.19921875,24967.849609375,24971.69921875,0.0,60.683414394913186,33.00476986985814,41.06668324831899,24962.904779799173,24890.30940468235,42.69199495738631
2025-05-26 08:15:00+00:00,24989.150390625,25013.349609375,24989.150390625,25000.69921875,0.0,58.07870243752164,31.322202957151603,39.117787190085515,24965.404361782585,24894.18552177814,41.37108237114443
2025-05-26 08:30:00+00:00,25001.0,25004.099609375,24976.75,24989.650390625,0.0,59.901593506925465,30.592272329446132,37.41268421795764,24968.794422565195,24898.374324845667,40.369548585705544
2025-05-26 08:45:00+00:00,24985.099609375,25001.150390625,24969.25,24999.599609375,0.0,56.36010192619341,28.4033522455793,35.61081782348197,24970.347297499466,24901.775316395837,39.764608731369435
2025-05-26 09:00:00+00:00,24993.94921875,25004.849609375,24979.80078125,24984.05078125,0.0,57.85361543241666,27.070653187052812,33.902784896196145,24972.595099523325,24905.389979233256,38.71348154520019
2025-05-26 09:15:00+00:00,25004.599609375,25013.44921875,24983.150390625,24993.30078125,0.0,59.64365792420279,26.567622086357005,32.43575233422832,24975.643148080628,24909.280552964305,38.11243487232874
2025-05-26 09:30:00+00:00,25004.44921875,25019.650390625,24998.75,25004.44921875,0.0,59.60516093276255,25.858747503632912,31.12035136810924,24978.38658338247,24913.01265750492,36.88300314037669
2025-05-26 09:45:00+00:00,24996.349609375,25006.80078125,24992.599609375,25002.900390625,0.0,57.45429656393745,24.362552168127877,29.768791528112967,24980.097347762712,24916.280773264534,35.26287233570692
2025-05-27 03:45:00+00:00,24790.44921875,24969.55078125,24771.0,24957.75,0.0,28.90220535869986,6.487581047222193,25.112549431934813,24962.035621190073,24911.34620249926,48.84049640994215
2025-05-27 04:00:00+00:00,24825.69921875,24841.650390625,24766.349609375,24791.900390625,0.0,34.86961296566507,-4.778992691914027,19.13424100716505,24949.051201910064,24907.98749725419,50.73051675566057
2025-05-27 04:15:00+00:00,24760.400390625,24827.349609375,24751.400390625,24826.05078125,0.0,29.86842827382503,-18.760642250304954,11.55526435567105,24931.08445797815,24902.19976758246,52.5318526123991
2025-05-27 04:30:00+00:00,24777.099609375,24791.44921875,24737.75,24760.69921875,0.0,32.53338485562435,-28.16899818921229,3.6104118466943813,24916.41923430166,24897.293879025303,52.61523590794202
2025-05-27 04:45:00+00:00,24755.69921875,24779.75,24752.44921875,24776.900390625,0.0,30.912256137501615,-36.92635667338254,-4.496941857321004,24901.112566153883,24891.7411472498,50.80706057523188
2025-05-27 05:00:00+00:00,24761.30078125,24798.849609375,24751.349609375,24756.30078125,0.0,31.8692379062374,-42.919873500879476,-12.181528186032699,24887.7971580678,24886.62583877922,50.57084196271531
2025-05-27 05:15:00+00:00,24779.69921875,24803.25,24754.25,24762.55078125,0.0,35.05144602304682,-45.658851801621495,-18.87699290915046,24877.50211622801,24882.43263799376,50.458638965378505
2025-05-27 05:30:00+00:00,24877.650390625,24960.19921875,24772.599609375,24779.69921875,0.0,48.77036700517272,-39.47067747967594,-22.99572982325556,24877.516237599153,24882.24509888126,60.25442256606575
2025-05-27 05:45:00+00:00,25012.55078125,25012.55078125,24880.650390625,24880.650390625,0.0,60.99121080202017,-23.4112997419179,-23.07884380698803,24890.376670327805,24887.355125640817,65.5862774274182
2025-05-27 06:00:00+00:00,24968.94921875,25062.400390625,24925.400390625,25013.30078125,0.0,56.315164185334545,-14.040558069973486,-21.271186659585123,24897.85977017754,24890.554893998044,70.68725761117403
2025-05-27 06:15:00+00:00,24948.05078125,24977.05078125,24908.0,24968.150390625,0.0,54.17139490656818,-8.205914360383758,-18.65813219974485,24902.639866470156,24892.80963467459,70.57036644251875
2025-05-27 06:30:00+00:00,24957.44921875,24971.099609375,24926.599609375,24948.150390625,0.0,55.001020005268224,-2.7913647091627354,-15.484778701628427,24907.85980478252,24895.34452032461,68.70819741091027
2025-05-27 06:45:00+00:00,24856.30078125,24962.75,24835.150390625,24957.400390625,0.0,45.462395305591876,-6.586206980042334,-13.705064357311208,24902.949421588946,24893.813393302076,72.91472683691669
2025-05-27 07:00:00+00:00,24860.400390625,24888.69921875,24819.94921875,24854.05078125,0.0,45.87213112223441,-9.157283145486872,-12.795508114946342,24898.89713292571,24892.503079471604,72.61724634856549
2025-05-27 07:15:00+00:00,24824.25,24881.30078125,24820.55078125,24857.349609375,0.0,42.81733190293668,-13.95109440023225,-13.026625372003526,24891.787882170884,24889.826488119776,71.76958589509653
2025-05-27 07:30:00+00:00,24829.849609375,24837.099609375,24800.80078125,24824.150390625,0.0,43.44557791949615,-17.101250112355046,-13.84155032007383,24885.888999047464,24887.474453659197,69.23596034008963
2025-05-27 07:45:00+00:00,24824.849609375,24848.25,24804.19921875,24830.0,0.0,42.99138152190132,-19.77329518467377,-15.027899292993819,24880.075723840564,24885.018577412757,67.4370189765118
2025-05-27 08:00:00+00:00,24847.400390625,24849.30078125,24813.94921875,24824.75,0.0,45.74626974034894,-19.84251837312695,-15.990823109020447,24876.963787343844,24883.54335440147,65.14520065676095
2025-05-27 08:15:00+00:00,24764.349609375,24871.849609375,24761.69921875,24847.5,0.0,38.38871000176929,-26.29576104644002,-18.05181069650436,24866.238627537285,24878.869089890628,68.35985708306374
2025-05-27 08:30:00+00:00,24767.599609375,24787.44921875,24744.55078125,24761.599609375,0.0,38.803500703223364,-30.792794354063517,-20.600007428016195,24856.844435331353,24874.5055808508,66.54118425570205
2025-05-27 08:45:00+00:00,24731.349609375,24779.94921875,24706.05078125,24768.25,0.0,35.900305809188055,-36.85693390443703,-23.85139272330036,24844.892547145035,24868.891621185085,67.06670234458048
2025-05-27 09:00:00+00:00,24780.650390625,24784.94921875,24727.44921875,24731.400390625,0.0,42.230727698855084,-37.255192496271775,-26.532152677894643,24838.77424652408,24865.431180770964,66.38336646282472
2025-05-27 09:15:00+00:00,24817.69921875,24817.69921875,24767.099609375,24781.25,0.0,46.50621282488358,-34.18719578764285,-28.06316129984429,24836.767101021785,24863.559339123083,65.25595524226581
2025-05-27 09:30:00+00:00,24831.80078125,24842.69921875,24816.650390625,24818.05078125,0.0,48.081247769933846,-30.268986021193996,-28.50432624411423,24836.29411818638,24862.313905481,62.45544616246111
2025-05-27 09:45:00+00:00,24837.69921875,24843.30078125,24816.55078125,24832.599609375,0.0,48.76083208328262,-26.3836872181746,-28.08019843892631,24836.427937287677,24861.348623648413,59.90505715085674
2025-05-28 03:45:00+00:00,24769.150390625,24863.150390625,24765.19921875,24844.400390625,0.0,41.89722933764805,-28.507263479703397,-28.16561144708173,24830.020551891233,24857.733006667102,62.622636774009834
2025-05-28 04:00:00+00:00,24807.25,24807.25,24743.349609375,24768.900390625,0.0,46.41217313415353,-26.806879877145548,-27.893865133094494,24827.851927901593,24855.75328091545,62.71390490622342
2025-05-28 04:15:00+00:00,24782.150390625,24814.80078125,24752.94921875,24806.30078125,0.0,43.98716816662355,-27.171427034660155,-27.749377513407627,24823.499400541918,24852.866893060927,62.6523090200646
2025-05-28 04:30:00+00:00,24760.5,24784.650390625,24755.80078125,24783.400390625,0.0,41.95103192370352,-28.874491700411454,-27.974400350808395,24817.499457633166,24849.2446619605,60.23783047398855
2025-05-28 04:45:00+00:00,24750.5,24772.5,24737.25,24760.0,0.0,41.00684892545907,-30.67746838496896,-28.51501395764051,24811.1185569062,24845.372322275776,58.45298544013223
2025-05-28 05:00:00+00:00,24752.69921875,24767.5,24743.849609375,24750.25,0.0,41.319643623714214,-31.565019922614738,-29.125015150635356,24805.55481041513,24841.738082921824,55.96708581047993
2025-05-28 05:15:00+00:00,24781.650390625,24799.05078125,24751.650390625,24752.099609375,0.0,45.42221456984883,-29.591184539887763,-29.218249028485836,24803.278199006545,24839.38170283175,55.35517901151707
2025-05-28 05:30:00+00:00,24768.05078125,24801.900390625,24758.44921875,24781.5,0.0,43.870606720597635,-28.79237996464508,-29.13307521571769,24799.923206839256,24836.58441178933,54.50489278748014
2025-05-28 05:45:00+00:00,24758.69921875,24783.849609375,24753.75,24767.75,0.0,42.78822520668505,-28.58441122376098,-29.023342417326347,24795.99711273552,24833.53009049367,52.76165825801727
2025-05-28 06:00:00+00:00,24756.349609375,24763.55078125,24746.349609375,24759.599609375,0.0,42.50447411447415,-28.28315770199697,-28.875305474260475,24792.221160034518,24830.503404959603,50.221623516373185
2025-05-28 06:15:00+00:00,24770.900390625,24780.69921875,24752.25,24756.349609375,0.0,44.939635131068606,-26.56407159290393,-28.413058697989165,24790.190610566944,24828.166031848443,48.66645174734653
2025-05-28 06:30:00+00:00,24761.69921875,24771.44921875,24754.5,24770.849609375,0.0,43.67979415380181,-25.64848141093171,-27.860143240577674,24787.47714467962,24825.55949015831,46.40093510467892
2025-05-28 06:45:00+00:00,24776.44921875,24780.05078125,24759.05078125,24762.19921875,0.0,46.2797031812979,-23.462210112680623,-26.980556614998264,24786.426866019654,24823.63359716191,44.586582597201854
2025-05-28 07:00:00+00:00,24795.099609375,24799.150390625,24775.30078125,24776.099609375,0.0,49.45684679599444,-19.99416343185294,-25.5832779783692,24787.252841577305,24822.514617248697,43.10537022418743
2025-05-28 07:15:00+00:00,24805.25,24827.05078125,24789.30078125,24795.25,0.0,51.15017432137813,-16.239461356482934,-23.714514653991948,24788.96685666518,24821.837573435023,42.72284377960261
2025-05-28 07:30:00+00:00,24791.349609375,24823.30078125,24789.69921875,24804.400390625,0.0,48.74187850786419,-14.221541189381242,-21.815919961069806,24789.19378549469,24820.6419670013,42.071323688202426
2025-05-28 07:45:00+00:00,24789.44921875,24797.099609375,24774.05078125,24791.099609375,0.0,48.40632223806243,-12.63007887254571,-19.978751743364988,24789.218112471382,24819.418721971837,40.712574005116544
2025-05-28 08:00:00+00:00,24776.69921875,24796.849609375,24765.69921875,24790.150390625,0.0,46.11263084717807,-12.256368181318976,-18.434275030955785,24788.02583687887,24817.743447335688,40.029560906536794
2025-05-28 08:15:00+00:00,24773.30078125,24781.44921875,24761.099609375,24776.900390625,0.0,45.493846469652325,-12.09500162060067,-17.166420348884763,24786.623450628504,24816.00059768527,38.6238500828556
2025-05-28 08:30:00+00:00,24788.55078125,24795.19921875,24765.55078125,24773.099609375,0.0,48.813193898576046,-10.614215835183131,-15.855979446144437,24786.807005925788,24814.924134295652,37.9827491840802
2025-05-28 08:45:00+00:00,24771.69921875,24798.0,24770.44921875,24788.349609375,0.0,45.51471281202502,-10.677380495213583,-14.820259655958267,24785.368169051904,24813.229039568374,37.23760861736019
2025-05-28 09:00:00+00:00,24782.0,24792.94921875,24769.05078125,24770.69921875,0.0,47.83514791075966,-9.783474183328508,-13.812902561432317,24785.047391046963,24812.00437135001,36.28481068040589
2025-05-28 09:15:00+00:00,24774.05078125,24786.099609375,24772.44921875,24780.900390625,0.0,46.19994879746379,-9.60575336423426,-12.971472721992708,24784.000094875824,24810.515995267655,34.66806639073404
2025-05-28 09:30:00+00:00,24748.5,24780.5,24748.400390625,24775.599609375,0.0,41.31162244677537,-11.395285091559344,-12.656235195906037,24780.61913345908,24808.08399545324,34.48460517532447
2025-05-28 09:45:00+00:00,24757.150390625,24757.44921875,24740.05078125,24749.5,0.0,43.491580212128625,-11.97741941392087,-12.520472039509006,24778.38401509393,24806.086599185466,33.264164627087005
2025-05-29 03:45:00+00:00,24800.05078125,24888.30078125,24793.80078125,24845.19921875,0.0,52.84614146411435,-8.874759366888611,-11.791329504984928,24780.4475166326,24805.8499004429,40.25603791265222
2025-05-29 04:00:00+00:00,24808.75,24826.650390625,24780.30078125,24802.69921875,0.0,54.491302278438006,-5.648808724723494,-10.562825348932641,24783.14299123902,24805.963629837297,40.69129301710563
2025-05-29 04:15:00+00:00,24804.05078125,24810.25,24780.80078125,24808.900390625,0.0,53.40732044689712,-3.431847082290915,-9.136629695604295,24785.1342093353,24805.88861616721,39.88828771231237
2025-05-29 04:30:00+00:00,24801.75,24848.05078125,24793.55078125,24804.349609375,0.0,52.85295211078155,-1.83934005950141,-7.677171768383719,24786.71666558908,24805.726317493987,40.9319814471472
2025-05-29 04:45:00+00:00,24771.150390625,24806.150390625,24770.5,24802.44921875,0.0,46.01230956807215,-3.0116827119090885,-6.744073957088793,24785.234163211546,24804.370398793242,40.55472495985098
2025-05-29 05:00:00+00:00,24743.19921875,24770.599609375,24741.5,24770.599609375,0.0,40.815661477700154,-6.125586732036027,-6.6203765120782405,24781.23083516759,24801.971528987626,39.775843935933054
2025-05-29 05:15:00+00:00,24743.94921875,24768.05078125,24741.900390625,24742.94921875,0.0,41.00818639655566,-8.435618807838182,-6.983424971230229,24777.680205032582,24799.696144272424,38.80259727086641
2025-05-29 05:30:00+00:00,24723.55078125,24756.5,24714.650390625,24745.80078125,0.0,37.44083419080625,-11.77656637369364,-7.942053251722912,24772.525021815196,24796.71005160488,39.02024099259024
2025-05-29 05:45:00+00:00,24728.94921875,24735.75,24709.05078125,24722.19921875,0.0,38.95434675652455,-13.829267413908383,-9.119496084160007,24768.374945332795,24794.052764041946,38.140167975262365
2025-05-29 06:00:00+00:00,24732.599609375,24748.30078125,24721.19921875,24729.05078125,0.0,40.011215586850284,-14.988711228448665,-10.293339113017739,24764.96777047967,24791.64283640795,37.35169615560077
2025-05-29 06:15:00+00:00,24739.5,24744.55078125,24728.400390625,24732.19921875,0.0,42.05348342169213,-15.175837344075262,-11.269838759229243,24762.54226852923,24789.598019293913,35.83731718912929
2025-05-29 06:30:00+00:00,24732.05078125,24747.80078125,24730.55078125,24738.400390625,0.0,40.4524187857395,-15.743741781170684,-12.16461936361753,24759.63831735978,24787.341264860817,34.50965167562005
2025-05-29 06:45:00+00:00,24750.19921875,24757.69921875,24727.150390625,24732.0,0.0,45.860399474913145,-14.56152669022049,-12.644000828938124,24758.73935558742,24785.884714032945,34.22673570771862
2025-05-29 07:00:00+00:00,24700.55078125,24755.400390625,24677.599609375,24749.900390625,0.0,36.180047157262095,-17.4299055883057,-13.60118178081164,24753.197586602902,24782.53828529636,37.33916753216728
2025-05-29 07:15:00+00:00,24768.599609375,24772.30078125,24697.19921875,24700.25,0.0,51.34072749320303,-14.05018304449186,-13.690982033547684,24754.664445914532,24781.991670554347,40.03648145844105
2025-05-29 07:30:00+00:00,24760.75,24772.900390625,24741.30078125,24769.75,0.0,49.869073907273375,-11.868315895691921,-13.326448805976533,24755.244022494102,24781.158663865943,39.43384773819526
2025-05-29 07:45:00+00:00,24758.19921875,24765.900390625,24742.80078125,24760.349609375,0.0,49.373794880855904,-10.227105484002095,-12.706580141581647,24755.52546975657,24780.25829346924,38.26711642653846
2025-05-29 08:00:00+00:00,24754.75,24773.69921875,24748.44921875,24758.25,0.0,48.669894429070276,-9.099860013491707,-11.985236115963659,24755.451615494036,24779.257968235153,37.33732239607143
2025-05-29 08:15:00+00:00,24745.69921875,24760.44921875,24739.849609375,24754.099609375,0.0,46.78506528298835,-8.834988020771561,-11.35518649692524,24754.52281580413,24777.941938843578,36.1417714659949
2025-05-29 08:30:00+00:00,24725.599609375,24749.30078125,24717.80078125,24745.55078125,0.0,42.81921330289825,-10.130171247034014,-11.110183446946994,24751.76822471564,24775.889298472262,35.81021636128098
2025-05-29 08:45:00+00:00,24746.849609375,24760.75,24718.05078125,24725.599609375,0.0,47.852152125251465,-9.334315697844431,-10.755009897126483,24751.29978515939,24774.750487135112,36.3022879604752
2025-05-29 09:00:00+00:00,24756.30078125,24767.599609375,24743.849609375,24746.849609375,0.0,49.96168180433122,-7.850468543088937,-10.174101626318976,24751.776070501353,24774.026969257266,35.4056959632984
2025-05-29 09:15:00+00:00,24757.349609375,24760.849609375,24738.349609375,24755.94921875,0.0,50.202428734874076,-6.5147790011251345,-9.442237101280208,24752.306883727415,24773.372955144237,34.48386053734851
2025-05-29 09:30:00+00:00,24850.75,24853.75,24758.099609375,24758.599609375,0.0,65.92498508746782,2.0566873166644655,-7.1424522176912735,24761.68241861052,24776.40734906015,38.90646982932362
2025-05-29 09:45:00+00:00,24880.849609375,24891.150390625,24837.099609375,24850.44921875,0.0,69.29003262303796,11.149894013600715,-3.483982971432876,24773.031674873804,24780.50312397446,39.98820635937193
2025-05-30 03:45:00+00:00,24848.0,24862.44921875,24780.69921875,24830.5,0.0,62.084109288777434,15.526655276004021,0.3181446780545034,24780.171515362013,24783.15006028919,44.28550523548822
2025-05-30 04:00:00+00:00,24819.349609375,24863.599609375,24799.849609375,24848.05078125,0.0,56.559408620165534,16.49329854824464,3.5531754520925305,24783.902762410868,24784.569650449415,45.67582629009621
2025-05-30 04:15:00+00:00,24807.55078125,24833.55078125,24788.30078125,24819.099609375,0.0,54.411993788896126,16.121465266685846,6.066833415011194,24786.154954681264,24785.470871265126,45.64541012651791
2025-05-30 04:30:00+00:00,24794.75,24808.80078125,24784.0,24806.849609375,0.0,52.100792849482396,14.625277550177998,7.778522242044556,24786.97353042591,24785.834758666493,44.156508063909484
2025-05-30 04:45:00+00:00,24761.5,24795.80078125,24746.55078125,24795.80078125,0.0,46.567702814028955,10.633959224705904,8.349609638576826,24784.547479909157,24784.880454405065,44.52032891648738
2025-05-30 05:00:00+00:00,24737.849609375,24761.900390625,24722.05078125,24761.900390625,0.0,43.06443372060113,5.499032404466561,7.7794941917547735,24780.100063667807,24783.036107541142,44.18670609209543
2025-05-30 05:15:00+00:00,24751.69921875,24756.44921875,24717.849609375,24737.599609375,0.0,45.64328203946088,2.5180866988193884,6.727212693167697,24777.395221294682,24781.80720994149,43.78762775516004
2025-05-30 05:30:00+00:00,24753.94921875,24772.30078125,24746.599609375,24751.25,0.0,46.07064517406413,0.33337896135708434,5.448445946805575,24775.16226867138,24780.714739698687,42.495738049434316
2025-05-30 05:45:00+00:00,24774.150390625,24783.150390625,24753.19921875,24754.30078125,0.0,49.88067008104196,0.22940365894100978,4.404637489232662,24775.06589933363,24780.45731424482,41.59969760840329
2025-05-30 06:00:00+00:00,24745.599609375,24787.94921875,24745.0,24774.80078125,0.0,45.03776923227163,-2.132227958722069,3.0972643996417153,24772.259586004235,24779.090345426397,41.696091975660195
2025-05-30 06:15:00+00:00,24751.900390625,24768.400390625,24737.75,24745.400390625,0.0,46.277397387154814,-3.455583822033077,1.786694755306757,24770.32061501574,24778.024072689088,40.90711330775589
2025-05-30 06:30:00+00:00,24741.849609375,24749.0,24735.30078125,24748.25,0.0,44.55125305700549,-5.254792944888322,0.37839721526774106,24767.609090669,24776.605466284615,39.170863026844756
2025-05-30 06:45:00+00:00,24750.25,24756.30078125,24729.349609375,24732.69921875,0.0,46.352374625723776,-5.934429410717712,-0.8841681099293495,24765.95584393862,24775.57191858718,38.29802794457013
2025-05-30 07:00:00+00:00,24736.75,24751.44921875,24732.19921875,24749.849609375,0.0,43.885262103640095,-7.476202374986315,-2.2025749629407425,24763.174334992087,24774.049490407288,36.937454519957974
2025-05-30 07:15:00+00:00,24755.30078125,24761.349609375,24737.05078125,24737.150390625,0.0,47.98239841231829,-7.1191108669372625,-3.185882143740047,24762.424472730938,24773.314246910923,36.05617986674669
2025-05-30 07:30:00+00:00,24758.25,24768.900390625,24751.849609375,24756.05078125,0.0,48.62462450836113,-6.522943535939703,-3.853294422179978,24762.026903899423,24772.723492130102,34.698651394121924
2025-05-30 07:45:00+00:00,24769.69921875,24776.69921875,24750.75,24758.599609375,0.0,51.14629689935187,-5.068197338878235,-4.0962750055196295,24762.75760055186,24772.604893174022,34.07369191954179
2025-05-30 08:00:00+00:00,24771.94921875,24783.19921875,24769.400390625,24770.150390625,0.0,51.64856359659254,-3.6911945082611055,-4.015258906067925,24763.63299276121,24772.57918045151,32.6254873627888
2025-05-30 08:15:00+00:00,24789.400390625,24801.69921875,24762.400390625,24771.650390625,0.0,55.47234842990198,-1.17816496708474,-3.447840118271288,24766.087030652998,24773.238835752432,33.1021545600896
2025-05-30 08:30:00+00:00,24753.900390625,24796.25,24753.599609375,24788.94921875,0.0,47.28093955137526,-2.0277496289345436,-3.163822020403939,24764.92639826938,24772.48046535528,33.78417142186892
2025-05-30 08:45:00+00:00,24771.349609375,24776.30078125,24751.099609375,24753.599609375,0.0,51.10299210534416,-1.278309909535892,-2.78671959823033,24765.538132660393,24772.436118061934,33.171100025663996
2025-05-30 09:00:00+00:00,24769.30078125,24786.80078125,24766.75,24770.400390625,0.0,50.63876942008897,-0.8400136845411907,-2.397378415492502,24765.89648014512,24772.313163677154,32.233934398830854
2025-05-30 09:15:00+00:00,24765.30078125,24778.55078125,24757.69921875,24769.44921875,0.0,49.689726649041106,-0.8061347198381554,-2.079129676361633,24765.839746917012,24772.038168287858,31.42090783462865
2025-05-30 09:30:00+00:00,24752.150390625,24784.099609375,24729.80078125,24764.400390625,0.0,46.597785189582645,-1.8194386609393405,-2.0271914732771745,24764.535998698724,24771.258255438333,33.055044998226606
2025-05-30 09:45:00+00:00,24736.650390625,24757.150390625,24731.099609375,24751.650390625,0.0,43.18670118508785,-3.829070652849623,-2.387567309191664,24761.880226501227,24769.901084269182,32.55474044478185
2025-06-02 03:45:00+00:00,24564.94921875,24700.5,24541.75,24669.69921875,0.0,23.054058760608513,-19.056892099182733,-5.721432267189878,24743.12489242968,24761.86375620961,44.150858314797425
2025-06-02 04:00:00+00:00,24571.0,24591.19921875,24526.150390625,24565.5,0.0,24.391710437513225,-30.287665473380912,-10.634678908428086,24726.732045531615,24754.378903024917,45.64357044409761
2025-06-02 04:15:00+00:00,24598.19921875,24601.099609375,24556.94921875,24571.599609375,0.0,30.260715323343717,-36.57180761301788,-15.822104649346045,24714.490823933367,24748.25420952394,45.536914742733494
2025-06-02 04:30:00+00:00,24581.94921875,24606.80078125,24572.75,24598.05078125,0.0,28.821286991734723,-42.37480435930411,-21.13264459133766,24701.867813915902,24741.732445179863,44.716476636109675
2025-06-02 04:45:00+00:00,24588.94921875,24591.400390625,24554.19921875,24581.75,0.0,30.358064678115554,-45.88000346982153,-26.082116367034438,24691.11366199534,24735.740946104183,44.17966915317327
2025-06-02 05:00:00+00:00,24629.349609375,24633.349609375,24582.25,24588.30078125,0.0,38.59786344795235,-44.880569863020355,-29.841807066231624,24685.231371269594,24731.56873682069,44.67395059758947
2025-06-02 05:15:00+00:00,24617.30078125,24638.849609375,24609.599609375,24629.400390625,0.0,37.184820406232035,-44.54723842763269,-32.78289333851184,24678.761791267727,24727.0876405238,43.57223984061879
2025-06-02 05:30:00+00:00,24623.150390625,24634.150390625,24611.44921875,24616.69921875,0.0,38.36456855805976,-43.31178497765359,-34.88867166634019,24673.465467396993,24723.011669939537,42.08144927164602
2025-06-02 05:45:00+00:00,24630.900390625,24657.849609375,24611.599609375,24623.25,0.0,39.97310209561128,-41.23202190456141,-36.15734171398444,24669.411650561564,24719.399462907593,42.37920289509988
2025-06-02 06:00:00+00:00,24625.5,24638.19921875,24621.900390625,24631.849609375,0.0,39.20529423667045,-39.5634977016598,-36.838572911519506,24665.22958860332,24715.717131028865,40.51631898294989
2025-06-02 06:15:00+00:00,24651.099609375,24652.30078125,24621.25,24625.5,0.0,44.63427768508531,-35.76324924267465,-36.62350817775054,24663.883876295862,24713.183110571852,39.840209144882046
2025-06-02 06:30:00+00:00,24665.94921875,24673.25,24647.400390625,24650.80078125,0.0,47.55967274965605,-31.19370398429237,-35.537547339058904,24664.08057557721,24711.330801088643,38.84088058989047
2025-06-02 06:45:00+00:00,24671.5,24688.69921875,24665.55078125,24665.55078125,0.0,48.651847527073,-26.81529476209107,-33.79309682366534,24664.787187427,24709.76880888909,37.71999179775543
2025-06-02 07:00:00+00:00,24723.650390625,24736.75,24670.05078125,24671.75,0.0,57.588901954172066,-18.919184640573803,-30.81831438704703,24670.39320677919,24710.31318464344,39.789936580058615
2025-06-02 07:15:00+00:00,24684.75,24737.05078125,24683.099609375,24723.849609375,0.0,50.524824187666894,-15.620335397037707,-27.77871858904517,24671.76052041927,24709.31070681429,40.801453386840144
2025-06-02 07:30:00+00:00,24702.44921875,24716.150390625,24684.400390625,24685.099609375,0.0,53.329873311752486,-11.445853891167644,-24.512145649469666,24674.683253593623,24709.041628850984,40.15492100206585
2025-06-02 07:45:00+00:00,24706.849609375,24721.69921875,24700.75,24702.900390625,0.0,54.02773735394353,-7.69378332940687,-21.148473185457107,24677.74671604899,24708.955667302907,38.78308512691829
2025-06-02 08:00:00+00:00,24727.75,24732.900390625,24698.5,24707.099609375,0.0,57.29412218958696,-2.999180835671723,-17.518614715500032,24682.508933568133,24709.692699957697,38.47003551963841
2025-06-02 08:15:00+00:00,24708.30078125,24732.5,24697.94921875,24728.25,0.0,53.48572857111014,-0.8383993994320917,-14.182571652286445,24684.965300014024,24709.63811491034,38.19008878609281
2025-06-02 08:30:00+00:00,24693.599609375,24713.5,24682.150390625,24708.44921875,0.0,50.74024531824745,-0.3086681171989767,-11.407790945268953,24685.787615191257,24709.009153908955,37.701483113871895
2025-06-02 08:45:00+00:00,24700.150390625,24705.599609375,24681.55078125,24693.849609375,0.0,51.92446116675206,0.632450544002495,-8.999742647414664,24687.1554985659,24708.661751427233,36.72629347180962
2025-06-02 09:00:00+00:00,24667.150390625,24704.05078125,24654.80078125,24700.349609375,0.0,45.93377841484798,-1.2698918216519814,-7.453772482262127,24685.250250190576,24707.033854925186,37.62084393810893
2025-06-02 09:15:00+00:00,24713.5,24716.05078125,24656.75,24667.650390625,0.0,53.96701066562306,0.9515454411121027,-5.772708897587282,24687.94070255338,24707.287429241846,39.169410888958296
2025-06-02 09:30:00+00:00,24723.94921875,24754.30078125,24712.75,24714.25,0.0,55.56975922779915,3.514699829993333,-3.915227152071159,24691.370085048296,24707.94083275197,39.33950877188985
2025-06-02 09:45:00+00:00,24690.69921875,24724.75,24666.599609375,24724.0,0.0,49.64629740109524,2.8303940112527926,-2.5661029194063687,24691.30619301989,24707.2646910264,40.683143189969144
2025-06-03 03:45:00+00:00,24649.0,24841.900390625,24648.80078125,24773.94921875,0.0,43.39842690977571,-1.0644316331854498,-2.265768662162185,24687.2770317799,24704.979801182228,51.570033631757056
2025-06-03 04:00:00+00:00,24646.80078125,24691.69921875,24601.80078125,24647.900390625,0.0,43.090426607702135,-4.279239185005281,-2.6684627667308045,24683.422150777056,24702.698270988807,54.30777676520298
2025-06-03 04:15:00+00:00,24630.150390625,24685.5,24622.80078125,24646.44921875,0.0,40.733379416157035,-8.077433081045456,-3.7502568295937353,24678.348649810192,24699.85325607258,54.90716547840277
2025-06-03 04:30:00+00:00,24661.69921875,24667.05078125,24619.150390625,24630.400390625,0.0,46.684323838196505,-8.444459866193938,-4.689097436913777,24676.762989709223,24698.357019314833,54.406681560302566
2025-06-03 04:45:00+00:00,24719.94921875,24766.44921875,24655.80078125,24662.400390625,0.0,55.55737206961587,-3.9890596566547174,-4.549089880861965,24680.87596390358,24699.20377223386,58.42394984170953
2025-06-03 05:00:00+00:00,24642.849609375,24748.05078125,24612.099609375,24719.599609375,0.0,44.9048567488492,-6.603298306934448,-4.959931566076461,24677.25440632943,24696.993805062924,63.961608558373136
2025-06-03 05:15:00+00:00,24637.69921875,24664.75,24635.5,24642.5,0.0,44.29387696285861,-8.987097090695897,-5.7653646710003486,24673.487245607583,24694.668527168298,61.48220794706077
2025-06-03 05:30:00+00:00,24590.19921875,24647.44921875,24588.05078125,24637.30078125,0.0,39.02076031846895,-14.541502438762109,-7.5205922245527015,24665.55505257353,24690.57169154405,61.33336720084214
2025-06-03 05:45:00+00:00,24618.30078125,24618.94921875,24572.55078125,24590.25,0.0,43.31984734362817,-16.48580930760363,-9.313635641162888,24661.054645780816,24687.737538199188,60.26658650792484
2025-06-03 06:00:00+00:00,24594.25,24662.599609375,24576.05078125,24617.25,0.0,40.676688721520925,-19.73983502469855,-11.398875517870021,24654.692298563594,24684.071360230595,62.143889480573065
2025-06-03 06:15:00+00:00,24623.44921875,24632.150390625,24588.900390625,24596.099609375,0.0,45.059526852928954,-19.7350475805506,-13.066109930406137,24651.716767152775,24681.694021349005,60.79432594624642
2025-06-03 06:30:00+00:00,24615.349609375,24641.80078125,24612.599609375,24622.30078125,0.0,44.08652549535048,-20.15251859205091,-14.483391662735093,24648.253228316797,24679.092279702963,58.537672084014524
2025-06-03 06:45:00+00:00,24606.25,24614.849609375,24583.75,24614.849609375,0.0,42.96405372237696,-20.975833453288942,-15.781880020845865,24644.252920858056,24676.235719714612,56.61352474765634
2025-06-03 07:00:00+00:00,24628.150390625,24648.94921875,24604.849609375,24605.30078125,0.0,46.494897869048515,-19.634800164189073,-16.55246404951451,24642.719346550148,24674.350020534628,55.719673649609454
2025-06-03 07:15:00+00:00,24530.5,24628.69921875,24502.75,24627.80078125,0.0,35.84084317540035,-26.150149401630188,-18.472001119937644,24632.031789735847,24668.708843258762,60.73606972820878
2025-06-03 07:30:00+00:00,24541.44921875,24545.849609375,24504.150390625,24531.900390625,0.0,37.56830547299678,-30.08331839789389,-20.794264575528892,24623.404878213387,24663.718269748617,59.37629465833673
2025-06-03 07:45:00+00:00,24540.400390625,24557.25,24516.5,24540.5,0.0,37.464248107518024,-32.90569842034529,-23.21655134449217,24615.499688919255,24658.882274488868,58.04584503988411
2025-06-03 08:00:00+00:00,24539.900390625,24572.69921875,24536.25,24541.30078125,0.0,37.411049352031156,-34.78185714540086,-25.529612504673914,24608.299755748372,24654.216318258914,56.50322887632096
2025-06-03 08:15:00+00:00,24568.349609375,24569.650390625,24531.69921875,24542.0,0.0,42.42100154662236,-33.58595428445551,-27.140880860630233,24604.49497990329,24650.848996341898,55.17808194765518
2025-06-03 08:30:00+00:00,24577.150390625,24579.55078125,24559.849609375,24567.5,0.0,43.916569153138155,-31.564190811808658,-28.02554285086592,24601.890733305358,24647.958854941236,52.64401694246552
2025-06-03 08:45:00+00:00,24562.349609375,24585.849609375,24559.94921875,24576.400390625,0.0,41.94344618999163,-30.8011713154483,-28.580668543782398,24598.12491197866,24644.60162962491,50.73375791978941
2025-06-03 09:00:00+00:00,24586.05078125,24601.69921875,24561.80078125,24562.099609375,0.0,46.11826097850221,-27.961661744899175,-28.456867184005755,24596.974994766406,24642.305517923935,49.95980646123303
2025-06-03 09:15:00+00:00,24567.44921875,24588.650390625,24556.849609375,24586.400390625,0.0,43.475861664380766,-26.90220867116659,-28.145935481437924,24594.163016098177,24639.36997677986,48.66273323185924
2025-06-03 09:30:00+00:00,24535.19921875,24575.05078125,24534.400390625,24568.650390625,0.0,39.274403009122985,-28.338224540220835,-28.184393293194507,24588.54741635073,24635.284849013984,48.090423045655015
2025-06-03 09:45:00+00:00,24538.400390625,24550.650390625,24524.44921875,24535.5,0.0,39.895306695641466,-28.88500133033085,-28.32451490062178,24583.771509138758,24631.48545848893,46.52690510489394
2025-06-04 03:45:00+00:00,24573.150390625,24612.0,24565.599609375,24568.150390625,0.0,46.312645245582175,-26.212134127938043,-27.902038746085033,24582.759974042212,24629.197808768775,48.460669695615806
2025-06-04 04:00:00+00:00,24553.849609375,24581.150390625,24536.80078125,24572.650390625,0.0,43.532515332656075,-25.358957084717986,-27.393422413811624,24580.006605978666,24626.24297742,48.16702252985753
2025-06-04 04:15:00+00:00,24575.099609375,24575.849609375,24530.75,24552.849609375,0.0,47.28459281210862,-22.70636587325498,-26.4560111057003,24579.539272968792,24624.237355143723,47.94792159022485
2025-06-04 04:30:00+00:00,24578.75,24591.099609375,24570.75,24575.150390625,0.0,47.92472551143809,-20.078163639220293,-25.1804416124043,24579.46410411462,24622.45353729495,45.97661357485165
2025-06-04 04:45:00+00:00,24581.19921875,24596.849609375,24569.599609375,24578.94921875,0.0,48.37766792056265,-17.594840579629818,-23.66332140584941,24579.629353127515,24620.835720881427,44.6389983195051
2025-06-04 05:00:00+00:00,24600.80078125,24609.599609375,24581.650390625,24581.650390625,0.0,51.9776676373711,-13.885048688727693,-21.707666862425064,24581.645679615373,24620.050036974313,43.47909776989759
2025-06-04 05:15:00+00:00,24589.0,24603.80078125,24577.05078125,24601.25,0.0,49.72922759137083,-11.761655270631309,-19.71846454406631,24582.346091080573,24618.83238846552,42.2841622149049
2025-06-04 05:30:00+00:00,24581.55078125,24593.55078125,24580.650390625,24589.099609375,0.0,48.308621031265005,-10.558231663628248,-17.886417967978698,24582.270347287187,24617.370364653143,40.18532138705455
2025-06-04 05:45:00+00:00,24590.400390625,24598.150390625,24572.0,24582.05078125,0.0,50.131211021796936,-8.789104936899093,-16.066955361762776,24583.04463712888,24616.312718612822,39.182826332622085
2025-06-04 06:00:00+00:00,24592.69921875,24601.55078125,24590.25,24590.349609375,0.0,50.61829520345569,-7.119493948015588,-14.27746307901334,24583.964121092795,24615.38669901036,37.191251683863364
2025-06-04 06:15:00+00:00,24594.349609375,24595.05078125,24583.19921875,24592.650390625,0.0,50.988412095547986,-5.598605243641941,-12.541691511939062,24584.95321521491,24614.561715103093,35.38127388501598
2025-06-04 06:30:00+00:00,24607.75,24607.94921875,24588.0,24594.55078125,0.0,54.00293340032994,-3.274246975332062,-10.688202604617663,24587.124337575395,24614.29458902062,34.27898423251484
2025-06-04 06:45:00+00:00,24594.150390625,24609.150390625,24592.849609375,24607.5,0.0,50.60139239320173,-2.500724328077922,-9.050706949309715,24587.793485484883,24613.50462045609,32.99482687662092
2025-06-04 07:00:00+00:00,24600.599609375,24600.599609375,24582.19921875,24594.30078125,0.0,52.14092199827541,-1.3517221904512553,-7.510909997538024,24589.01311633156,24612.998541590165,31.95236714436228
2025-06-04 07:15:00+00:00,24602.099609375,24605.19921875,24593.05078125,24600.30078125,0.0,52.511627860744625,-0.3164444793110306,-6.072016893892625,24590.259449002366,24612.57113248369,30.537800741193546
2025-06-04 07:30:00+00:00,24600.25,24619.900390625,24598.099609375,24602.150390625,0.0,51.977002204272694,0.3507295548224647,-4.787467604149607,24591.21093004976,24612.087950817662,29.913727920394006
2025-06-04 07:45:00+00:00,24608.19921875,24608.30078125,24588.80078125,24600.400390625,0.0,54.138104995351206,1.5035730481758947,-3.529259473684507,24592.828862306927,24611.93545152089,29.169890211794435
2025-06-04 08:00:00+00:00,24605.69921875,24611.94921875,24601.05078125,24608.05078125,0.0,53.32534913700335,2.1902330723351042,-2.385360964480585,24594.0546105396,24611.690893373012,27.864786446666262
2025-06-04 08:15:00+00:00,24621.349609375,24622.55078125,24603.25,24605.75,0.0,57.615153886555404,3.951718861095287,-1.1179449993654105,24596.654134238208,24612.069666549563,27.253071789761528
2025-06-04 08:30:00+00:00,24616.55078125,24632.0,24610.900390625,24621.94921875,0.0,55.91806996855614,4.903953986347915,0.0864347977772546,24598.549053001236,24612.245396537815,26.813538760135707
2025-06-04 08:45:00+00:00,24612.849609375,24625.80078125,24608.650390625,24616.55078125,0.0,54.58267375961195,5.298871453582251,1.1289221289382538,24599.91101075112,24612.26909115888,26.1233138933403
2025-06-04 09:00:00+00:00,24615.150390625,24622.900390625,24610.05078125,24612.05078125,0.0,55.29735429282286,5.731431831572991,2.0494240694652013,24601.36238026292,24612.382083294804,25.17519214203028
2025-06-04 09:15:00+00:00,24628.900390625,24631.5,24610.55078125,24615.80078125,0.0,59.40828229815357,7.1018830470129615,3.0599158649747533,24603.98504791645,24613.02986005285,24.873336899742405
2025-06-04 09:30:00+00:00,24616.900390625,24644.25,24614.94921875,24629.44921875,0.0,54.6820540188429,7.137400289349898,3.875412749849783,24605.21508055536,24613.181645565484,25.189582924760803
2025-06-04 09:45:00+00:00,24612.0,24622.05078125,24604.099609375,24617.650390625,0.0,52.83358606476119,6.6929749417286075,4.438925188225548,24605.861263359613,24613.1353065237,24.672553564063602
2025-06-05 03:45:00+00:00,24715.5,24716.94921875,24613.650390625,24674.05078125,0.0,73.33551274148704,14.52491548200851,6.456123246982141,24616.303047801553,24617.149608228654,30.40660107734477
2025-06-05 04:00:00+00:00,24747.150390625,24753.05078125,24704.05078125,24715.349609375,0.0,76.674509590815,23.020342616331618,9.768967120852036,24628.764699499025,24622.24767812655,31.73470100039157
2025-06-05 04:15:00+00:00,24749.19921875,24761.25,24740.55078125,24746.849609375,0.0,76.8763694336753,29.57740324018596,13.730654344718822,24640.234653713404,24627.226169915706,30.946452268220746
2025-06-05 04:30:00+00:00,24732.25,24757.400390625,24724.400390625,24749.400390625,0.0,71.37354971254868,33.02556259517223,17.589635994809505,24648.998020026414,24631.34475148764,31.09313424906212
2025-06-05 04:45:00+00:00,24723.849609375,24741.150390625,24713.75,24733.0,0.0,68.74702897477438,34.68063562862153,21.00783592157191,24656.126742821518,24634.97239297342,30.8293668473434
2025-06-05 05:00:00+00:00,24718.349609375,24734.849609375,24709.650390625,24723.849609375,0.0,67.00834629091852,35.143377912616415,23.834944319780814,24662.052730112326,24638.242087734267,30.427213411818872
2025-06-05 05:15:00+00:00,24704.55078125,24723.150390625,24690.900390625,24717.80078125,0.0,62.722339611915,34.00466973298899,25.86888940242245,24666.10016355401,24640.84242865645,30.55741245383181
2025-06-05 05:30:00+00:00,24708.80078125,24715.099609375,24698.349609375,24704.75,0.0,63.49677743940949,33.064033185044536,27.30791815894687,24670.166889048865,24643.507462091493,29.571168707129537
2025-06-05 05:45:00+00:00,24736.94921875,24754.19921875,24707.849609375,24708.099609375,0.0,68.20773721318307,34.19572853140926,28.685480233439346,24676.527110925163,24647.17184470555,30.76962875483457
2025-06-05 06:00:00+00:00,24728.75,24739.900390625,24726.55078125,24738.099609375,0.0,65.5538688242707,34.0386207853262,29.75610834381672,24681.500719408483,24650.37098805043,29.525341656274957
2025-06-05 06:15:00+00:00,24742.05078125,24743.5,24713.80078125,24728.19921875,0.0,67.74624646120134,34.588657143405726,30.722618103734526,24687.26739196482,24653.966274058253,29.537761448683888
2025-06-05 06:30:00+00:00,24865.150390625,24873.099609375,24742.05078125,24742.44921875,0.0,80.26526739971614,44.445336437984224,33.46716177058447,24704.208629932455,24662.248004119694,36.7885519255636
2025-06-05 06:45:00+00:00,24822.099609375,24898.900390625,24803.650390625,24870.75,0.0,70.02827096732068,48.2270560541001,36.4191406272876,24715.436342260316,24668.516694521863,40.9643696451662
2025-06-05 07:00:00+00:00,24817.94921875,24837.44921875,24808.44921875,24823.900390625,0.0,69.1131090387815,50.309260420817736,39.197164585993626,24725.199473354573,24674.376793511205,40.10977181336862
2025-06-05 07:15:00+00:00,24796.349609375,24831.599609375,24785.55078125,24818.30078125,0.0,64.39651484317409,49.64424645119652,41.28658095903421,24731.975676785092,24679.16004119214,40.53399012134229
2025-06-05 07:30:00+00:00,24796.25,24821.05078125,24790.05078125,24796.900390625,0.0,64.37469647440031,48.549531665008544,42.73917110022908,24738.097040900797,24683.751804282645,39.8529908269607
2025-06-05 07:45:00+00:00,24768.900390625,24790.19921875,24763.05078125,24777.150390625,0.0,58.512698824377374,44.95684290329518,43.1827054608423,24741.03069325548,24687.090964531366,39.37772139289208
2025-06-05 08:00:00+00:00,24730.599609375,24763.599609375,24711.349609375,24763.599609375,0.0,51.44733519307257,38.57439658966905,42.26104368660765,24740.037256695432,24688.797185897783,40.675797096971216
2025-06-05 08:15:00+00:00,24732.599609375,24758.44921875,24722.75,24730.94921875,0.0,51.77480062892465,33.293854360021214,40.46760582129036,24739.32890933158,24690.51492799493,40.3203272150447
2025-06-05 08:30:00+00:00,24713.55078125,24742.55078125,24693.099609375,24732.349609375,0.0,48.42481230999756,27.257695619013248,37.825623780834945,24736.873849514286,24691.418294789248,40.9725304050415
2025-06-05 08:45:00+00:00,24729.849609375,24744.400390625,24701.099609375,24713.80078125,0.0,51.32674949800049,23.518073827694025,34.96411379020676,24736.204874262923,24692.925405165162,41.13883403682426
2025-06-05 09:00:00+00:00,24751.55078125,24764.44921875,24712.900390625,24731.80078125,0.0,54.960477830821034,22.05130609144544,32.3815522504545,24737.66638921407,24695.22443952143,41.882405043122525
2025-06-05 09:15:00+00:00,24739.900390625,24780.650390625,24738.05078125,24750.349609375,0.0,52.686413608236265,19.721456264287553,29.84953305322111,24737.879151253208,24696.976437603924,41.93363392397091
2025-06-05 09:30:00+00:00,24752.55078125,24754.5,24727.099609375,24742.80078125,0.0,54.86997751986359,18.68047737532106,27.615721917641103,24739.27644934814,24699.155823629262,40.89554511690155
2025-06-05 09:45:00+00:00,24761.099609375,24775.400390625,24745.44921875,24752.849609375,0.0,56.33649082756005,18.33397049080304,25.759371632273492,24741.354845541173,24701.584991697724,40.113804171051434
2025-06-06 03:45:00+00:00,24729.44921875,24758.94921875,24723.55078125,24758.94921875,0.0,49.87463372442239,15.328739115568169,23.67324512893243,24740.22097632297,24702.67770648409,39.93059159633348
2025-06-06 04:00:00+00:00,24687.349609375,24732.150390625,24685.55078125,24728.75,0.0,42.836392843979866,9.44115322624566,20.826826748395074,24735.18560804221,24702.076604636673,40.406950009095375
2025-06-06 04:15:00+00:00,24712.30078125,24714.5,24681.099609375,24687.55078125,0.0,47.55970948740495,6.7111876422968635,18.00369892717543,24733.006100728668,24702.477552739158,39.90648148165999
2025-06-06 04:30:00+00:00,24750.599609375,24816.94921875,24671.650390625,24713.25,0.0,53.861578709231,7.551022119056142,15.913163565551574,24734.6816729807,24704.364692215073,47.43450624189855
2025-06-06 04:45:00+00:00,24831.55078125,24832.94921875,24735.75,24750.25,0.0,63.771621536036946,14.58060390006358,15.646651632453977,24743.90730233968,24709.35238198115,50.9891285639058
2025-06-06 05:00:00+00:00,24912.5,24925.5,24829.05078125,24832.400390625,0.0,70.57727585375679,26.37943780085334,17.793208866133853,24759.9637497359,24717.31895523679,54.23627786291253
2025-06-06 05:15:00+00:00,24942.400390625,24947.849609375,24909.400390625,24912.55078125,0.0,72.62303794987571,37.70813440773054,21.776193974453193,24777.338667915814,24726.145678193192,53.10863078341878
2025-06-06 05:30:00+00:00,24983.05078125,24983.599609375,24942.150390625,24942.150390625,0.0,75.15249642389982,49.39693773183171,27.3003427259289,24796.930297757164,24736.220388116988,52.275815638174585
2025-06-06 05:45:00+00:00,24969.900390625,24993.0,24960.55078125,24982.650390625,0.0,72.80888663290972,56.94286999878386,33.228848180499895,24813.403639935055,24745.38430978397,50.85963014616211
2025-06-06 06:00:00+00:00,25006.349609375,25007.94921875,24969.900390625,24970.25,0.0,75.12441179603596,65.11363358402014,39.60580526120395,24831.779446548386,24755.618243101268,49.94457285893624
2025-06-06 06:15:00+00:00,25025.80078125,25029.30078125,24993.400390625,25006.599609375,0.0,76.28502476824261,72.32485370967333,46.14961495089783,24850.257668900922,24766.213636754157,48.941416985083656
2025-06-06 06:30:00+00:00,24998.849609375,25028.400390625,24996.599609375,25026.849609375,0.0,71.31978043187378,75.00050415757869,51.919792792234,24864.40928227941,24775.336616072622,47.71708586114911
2025-06-06 06:45:00+00:00,24984.099609375,24999.55078125,24967.05078125,24998.55078125,0.0,68.68489566889811,75.06546671183605,56.54892757615441,24875.808361050418,24783.523400123697,46.63015115678132
2025-06-06 07:00:00+00:00,24981.099609375,24994.849609375,24966.0,24984.599609375,0.0,68.13354672970841,74.021600146516,60.04346209022673,24885.836098986092,24791.271486761,45.360112458082654
2025-06-06 07:15:00+00:00,24982.75,24990.25,24977.94921875,24981.69921875,0.0,68.28437707415362,72.49186006517994,62.53314168521738,24895.06599432075,24798.78044806449,42.998731657505324
2025-06-06 07:30:00+00:00,24969.05078125,24991.05078125,24968.0,24982.94921875,0.0,65.5125065168643,69.37441252208373,63.90139585259065,24902.112164504488,24805.457716032553,41.573878056969235
2025-06-06 07:45:00+00:00,24973.900390625,24981.099609375,24965.150390625,24969.44921875,0.0,66.0380871790402,66.52823969603924,64.42676462128037,24908.94913842073,24812.063311114613,39.74354524932858
2025-06-06 08:00:00+00:00,24981.75,24997.69921875,24962.349609375,24973.30078125,0.0,66.91692667005223,64.1663552987593,64.37468275677617,24915.88255380923,24818.717691070902,39.429692686876535
2025-06-06 08:15:00+00:00,24990.25,24994.25,24972.19921875,24982.150390625,0.0,67.88602327739167,62.2626982319598,63.952285851812896,24922.96516773216,24825.44444828381,38.18834186995678
2025-06-06 08:30:00+00:00,24990.0,24994.5,24975.150390625,24990.69921875,0.0,67.82309518056138,60.04173958153842,63.170176597758,24929.349437471956,24831.897607174644,36.84271812031701
2025-06-06 08:45:00+00:00,25017.0,25021.75,24989.400390625,24989.69921875,0.0,70.95458011445074,59.77128206816997,62.49039769184039,24937.69711009367,24839.156524540347,36.521781781365796
2025-06-06 09:00:00+00:00,24988.44921875,25018.25,24986.25,25017.599609375,0.0,63.875463874063286,56.60067574495406,61.31245330246313,24942.530644251416,24845.01113999955,36.19879736841109
2025-06-06 09:15:00+00:00,24998.400390625,25004.75,24983.19921875,24988.849609375,0.0,65.17945630740797,54.26538620260544,59.9030398824916,24947.851572477473,24851.02640472996,35.1525105028103
2025-06-06 09:30:00+00:00,25002.099609375,25013.400390625,24994.30078125,24999.599609375,0.0,65.67547472377737,52.1124288124156,58.3449176684764,24953.018052182,24856.950844127805,34.005874707966704
2025-06-06 09:45:00+00:00,25000.30078125,25010.05078125,24992.650390625,25002.099609375,0.0,65.18917716247597,49.68826874103979,56.61358788298908,24957.521169236094,24862.57241028946,32.81976870204051
2025-06-09 03:45:00+00:00,25095.150390625,25160.099609375,25087.349609375,25160.099609375,0.0,75.49335409780848,54.789100558438804,56.24869041807903,24970.62871413028,24871.693115400656,41.889701517966195
2025-06-09 04:00:00+00:00,25108.19921875,25110.900390625,25078.94921875,25095.349609375,0.0,76.52294179089611,59.202033706733346,56.839359075809895,24983.730666951204,24880.96786455161,41.17980654346861
2025-06-09 04:15:00+00:00,25101.099609375,25116.0,25089.400390625,25108.400390625,0.0,74.68446823725776,61.418442306319776,57.755175721911876,24994.908661467758,24889.60048199567,40.13836388857799
2025-06-09 04:30:00+00:00,25118.94921875,25124.349609375,25094.650390625,25100.900390625,0.0,76.23065479434038,63.87891996489998,58.979924570509496,25006.72204787559,24898.59455010368,39.39271066439385
2025-06-09 04:45:00+00:00,25123.19921875,25129.400390625,25110.0,25119.150390625,0.0,76.59716677332277,65.41771106532178,60.26748186947196,25017.815111768396,24907.402576325105,37.964687804437155
2025-06-09 05:00:00+00:00,25134.150390625,25134.900390625,25118.30078125,25123.650390625,0.0,77.55745034424729,66.75141340394111,61.56426817636579,25028.894662135688,24916.294647474122,36.438610773763074
2025-06-09 05:15:00+00:00,25129.599609375,25141.30078125,25128.80078125,25134.44921875,0.0,76.15895164581991,66.67261173585939,62.58593688826451,25038.485609491814,24924.659547940824,34.728710004208565
2025-06-09 05:30:00+00:00,25122.30078125,25142.69921875,25121.69921875,25128.94921875,0.0,73.85861415421418,65.26882799464875,63.12251510954136,25046.46800680212,24932.410184541186,33.74808786105081
2025-06-09 05:45:00+00:00,25109.599609375,25128.19921875,25109.25,25121.599609375,0.0,69.90189789648343,62.41199422452701,62.9804109325385,25052.48054038049,24939.358789436632,32.691025781690044
2025-06-09 06:00:00+00:00,25112.44921875,25128.099609375,25107.400390625,25109.75,0.0,70.28650186221729,59.689805617177626,62.32228986946633,25058.191843082346,24946.146649409708,31.834468136569324
2025-06-09 06:15:00+00:00,25110.30078125,25114.80078125,25103.349609375,25112.25,0.0,69.56475322527083,56.70542573259445,61.19891704209196,25063.154599098314,24952.58406634462,30.378518403600086
2025-06-09 06:30:00+00:00,25116.25,25118.650390625,25102.30078125,25113.55078125,0.0,70.46905480205301,54.19560223917142,59.79825408150786,25068.211303946093,24959.002338252678,29.376453472985794
2025-06-09 06:45:00+00:00,25116.650390625,25118.75,25104.94921875,25116.55078125,0.0,70.53251306876385,51.64354260342225,58.16731178589074,25072.824550296467,24965.1846148163,28.263905457058236
2025-06-09 07:00:00+00:00,25117.19921875,25127.849609375,25114.5,25116.400390625,0.0,70.62569155508848,49.099316441755946,56.353712717063786,25077.050709196803,24971.14597183331,27.19859859405408
2025-06-09 07:15:00+00:00,25107.75,25118.400390625,25104.19921875,25117.25,0.0,66.71426240690823,45.792656654790335,54.241501504609104,25079.97445117806,24976.50299254573,26.270210971264504
2025-06-09 07:30:00+00:00,25109.05078125,25111.75,25103.44921875,25107.55078125,0.0,66.98532700619796,42.78388117605937,51.949977438899154,25082.743625470626,24981.700945043936,24.98668027688847
2025-06-09 07:45:00+00:00,25106.30078125,25117.099609375,25098.44921875,25109.099609375,0.0,65.76597529569626,39.719639633734914,49.503909877866306,25084.987164116283,24986.58721313045,24.534088158896434
2025-06-09 08:00:00+00:00,25110.19921875,25113.099609375,25098.599609375,25106.150390625,0.0,66.69162220928892,37.17722159192272,47.038572220677594,25087.388312176634,24991.434742762587,23.81736757611812
2025-06-09 08:15:00+00:00,25108.900390625,25116.05078125,25104.650390625,25109.75,0.0,66.050838408618,34.65801636296601,44.56246104913528,25089.43708155267,24996.041238757192,22.930440651038253
2025-06-09 08:30:00+00:00,25090.69921875,25112.44921875,25088.349609375,25109.30078125,0.0,57.68624454126475,30.837371588280803,41.81744315696439,25089.557285095274,24999.75331640397,23.013952702749805
2025-06-09 08:45:00+00:00,25096.0,25102.19921875,25083.5,25090.400390625,0.0,59.30267707088885,27.915420236735372,39.03703857291859,25090.17087699096,25003.527696152836,22.70575742041053
2025-06-09 09:00:00+00:00,25102.099609375,25107.25,25096.19921875,25096.19921875,0.0,61.14218316516273,25.79459619080444,36.38855009649576,25091.30694674182,25007.393261377234,21.88748903323835
2025-06-09 09:15:00+00:00,25098.400390625,25104.44921875,25092.349609375,25102.349609375,0.0,59.38897340123156,23.5439320244368,33.819626482083976,25091.982512825933,25010.962168406557,21.18835477193561
2025-06-09 09:30:00+00:00,25103.19921875,25106.44921875,25095.80078125,25098.25,0.0,60.953160471710575,21.895096735694096,31.434720532806,25093.050770532987,25014.579307635715,20.435503538225927
2025-06-09 09:45:00+00:00,25102.150390625,25110.94921875,25099.400390625,25103.19921875,0.0,60.405545457918514,20.270090243255254,29.201794474895856,25093.91740101794,25018.013467752942,19.80074100870979
2025-06-10 03:45:00+00:00,25089.25,25191.25,25086.44921875,25191.25,0.0,53.981517449923956,17.736847838998074,26.9088051477163,25093.47288663528,25020.807057252827,25.87217245451623
2025-06-10 04:00:00+00:00,25109.05078125,25130.900390625,25055.94921875,25087.75,0.0,60.86165634758432,17.129533942908893,24.952950906754822,25094.956495646205,25024.267595448793,29.37781527026507
2025-06-10 04:15:00+00:00,25127.900390625,25142.0,25103.599609375,25108.19921875,0.0,66.06328584234389,17.96218239107111,23.55479720361808,25098.09400945371,25028.331626632174,30.022284938460423
2025-06-10 04:30:00+00:00,25156.900390625,25157.94921875,25127.099609375,25127.599609375,0.0,72.1875804161233,20.72323536451586,22.988484835797635,25103.69461718431,25033.37353894562,30.081379541070394
2025-06-10 04:45:00+00:00,25134.80078125,25163.75,25133.19921875,25156.5,0.0,62.87564384081175,20.887359477736027,22.568259764185317,25106.657109000087,25037.35107785952,30.114908234565366
2025-06-10 05:00:00+00:00,25149.19921875,25153.80078125,25127.55078125,25134.55078125,0.0,65.95686272943567,21.926507464129827,22.439909304174222,25110.708738500078,25041.73727946307,29.83884336066784
2025-06-10 05:15:00+00:00,25112.599609375,25150.400390625,25099.80078125,25148.75,0.0,53.745789495448754,19.571153059292556,21.86615805519789,25110.888821440545,25044.516194361575,31.321755218834426
2025-06-10 05:30:00+00:00,25127.69921875,25129.099609375,25109.650390625,25112.30078125,0.0,57.26130522984255,18.707284081890975,21.234383260536507,25112.489811660493,25047.778273749358,30.473716899631967
2025-06-10 05:45:00+00:00,25126.0,25131.5,25115.5,25127.80078125,0.0,56.7386860900885,17.681725021739112,20.52385161277703,25113.776496264258,25050.845792425855,29.439879978229687
2025-06-10 06:00:00+00:00,25134.80078125,25136.650390625,25124.5,25126.150390625,0.0,58.83432258124087,17.378779817670875,19.8948372537558,25115.778809120042,25054.138144928762,28.204916452998994
2025-06-10 06:15:00+00:00,25145.69921875,25147.44921875,25134.099609375,25134.80078125,0.0,61.33232039023646,17.812771839351626,19.478424170874966,25118.62837194194,25057.728775274692,27.14382309028478
2025-06-10 06:30:00+00:00,25133.5,25150.5,25132.400390625,25145.849609375,0.0,57.151720903012404,16.976642476405686,18.97806783198111,25120.044717471283,25060.700195852154,26.497807824907294
2025-06-10 06:45:00+00:00,25122.849609375,25135.599609375,25120.0,25133.5,0.0,53.709650904002224,15.278485547012679,18.238151374987424,25120.31185003354,25063.13742775501,25.719365078485342
2025-06-10 07:00:00+00:00,25136.5,25138.650390625,25121.19921875,25122.80078125,0.0,57.262401544840806,14.862826970744209,17.563086494138783,25121.853578601775,25066.01439137246,25.128779849664962
2025-06-10 07:15:00+00:00,25137.30078125,25139.349609375,25129.0,25136.05078125,0.0,57.46862459095986,14.431671582264244,16.936803511763877,25123.324740758748,25068.80993607354,24.07312481576032
2025-06-10 07:30:00+00:00,25130.5,25142.75,25125.5,25137.5,0.0,55.03959981715542,13.386895818268385,16.22682197306478,25124.008098781727,25071.229154266737,23.585758757491725
2025-06-10 07:45:00+00:00,25130.099609375,25133.849609375,25121.150390625,25127.650390625,0.0,54.89249601509168,12.38384209783544,15.458225998018913,25124.588242647755,25073.5377995651,22.8081487569566
2025-06-10 08:00:00+00:00,25129.150390625,25140.80078125,25127.05078125,25130.69921875,0.0,54.52046829629825,11.38112623883353,14.642806046181837,25125.022732931302,25075.718685489017,22.1611381314597
2025-06-10 08:15:00+00:00,25127.349609375,25137.099609375,25123.75,25128.900390625,0.0,53.775858056757485,10.322171135750978,13.778679064095666,25125.244340211655,25077.743427602192,21.531743220284007
2025-06-10 08:30:00+00:00,25127.55078125,25132.650390625,25121.69921875,25126.69921875,0.0,53.85168372982319,9.390921775666357,12.901127606409805,25125.464001262928,25079.69665715701,20.775988124192292
2025-06-10 08:45:00+00:00,25123.900390625,25129.25,25117.94921875,25126.400390625,0.0,52.179051890555776,8.263092149951262,11.973520515118096,25125.31508596408,25081.43013690085,20.099187633178556
2025-06-10 09:00:00+00:00,25112.80078125,25127.25,25104.349609375,25123.25,0.0,47.361971610818806,6.399859733508492,10.858788358796176,25124.123247419884,25082.66035824788,20.2992735611658
2025-06-10 09:15:00+00:00,25102.400390625,25119.30078125,25098.69921875,25112.900390625,0.0,43.32587390190698,4.037468591184734,9.494524405273888,25122.05440391561,25083.43447716463,20.320865628225388
2025-06-10 09:30:00+00:00,25104.69921875,25122.5,25086.150390625,25102.5,0.0,44.45264784200625,2.3239636025682557,8.060412244732762,25120.401529137933,25084.268388599347,21.465775895852147
2025-06-10 09:45:00+00:00,25091.5,25111.80078125,25087.69921875,25103.94921875,0.0,39.58609910012284,-0.09793910763255553,6.428741974259698,25117.649002553368,25084.551981203294,21.654046367576996
2025-06-11 03:45:00+00:00,25136.650390625,25137.099609375,25084.400390625,25122.150390625,0.0,56.948497699037354,1.607415446858795,5.464476668779517,25119.458658560186,25086.595056082577,23.87155868060721
2025-06-11 04:00:00+00:00,25126.19921875,25149.69921875,25115.849609375,25135.94921875,0.0,53.14140020847068,2.0914896012618556,4.789879255275985,25120.100616673502,25088.148160500907,24.584276587349557
2025-06-11 04:15:00+00:00,25145.69921875,25148.25,25112.44921875,25125.80078125,0.0,58.69042604551745,4.002470894873113,4.632397583195411,25122.538578776024,25090.40506474597,25.385455491824587
2025-06-11 04:30:00+00:00,25146.349609375,25158.599609375,25144.349609375,25145.650390625,0.0,58.86539424539687,5.50594926998383,4.807107920553095,25124.806295975926,25092.598968456914,24.590065813837118
2025-06-11 04:45:00+00:00,25138.849609375,25154.25,25132.400390625,25147.150390625,0.0,55.92383868162017,6.022851708945382,5.050256678231553,25126.143754394885,25094.412719081152,24.394318925348752
2025-06-11 05:00:00+00:00,25173.30078125,25173.650390625,25135.25,25138.849609375,0.0,64.6598438552017,9.107437396633031,5.8616928219118485,25130.63489980966,25097.50636857797,25.394752618180984
2025-06-11 05:15:00+00:00,25173.900390625,25188.849609375,25168.400390625,25173.150390625,0.0,64.7906464227801,11.468179211529787,6.982990099835437,25134.755422744453,25100.502212579817,25.041500199025197
2025-06-11 05:30:00+00:00,25180.80078125,25183.75,25167.30078125,25174.25,0.0,66.3348967467874,13.737530264948873,8.333898132858124,25139.140694983078,25103.65117605708,24.42776580980911
2025-06-11 05:45:00+00:00,25186.19921875,25203.599609375,25179.25,25180.44921875,0.0,67.5345617874286,15.789603394947335,9.825039185275966,25143.622459151353,25106.8883542019,24.422183207322746
2025-06-11 06:00:00+00:00,25187.80078125,25193.75,25185.5,25185.75,0.0,67.90002631143244,17.345174469508493,11.32906624212247,25147.829918398842,25110.061390556726,23.26702726394255
2025-06-11 06:15:00+00:00,25210.55078125,25215.80078125,25185.900390625,25187.55078125,0.0,72.61573749776281,20.181075744792906,13.099468142656558,25153.803333908476,25114.00215097607,23.740838932589508
2025-06-11 06:30:00+00:00,25205.94921875,25213.25,25204.05078125,25210.150390625,0.0,70.36408093691423,21.80587573831508,14.840749661788262,25158.769608655286,25117.607918339752,22.702151776690254
2025-06-11 06:45:00+00:00,25206.05078125,25220.400390625,25201.5,25206.19921875,0.0,70.3859073599562,22.83846902966252,16.440293535363114,25163.27257747383,25121.076265904863,22.430597408712377
2025-06-11 07:00:00+00:00,25199.55078125,25207.099609375,25186.30078125,25205.75,0.0,66.9856588488803,22.868694895765657,17.725973807443623,25166.72764450013,25124.15369787918,22.314042459875775
2025-06-11 07:15:00+00:00,25214.75,25222.19921875,25196.849609375,25198.80078125,0.0,70.56631174813556,23.84423751285067,18.949626548525032,25171.301202166786,25127.706494040784,22.530868668098936
2025-06-11 07:30:00+00:00,25208.05078125,25220.099609375,25207.25,25215.05078125,0.0,67.1113507763223,23.802411714121263,19.92018358164428,25174.80116207947,25130.857250401932,21.839350147163298
2025-06-11 07:45:00+00:00,25171.650390625,25214.19921875,25171.400390625,25207.94921875,0.0,52.166167991386494,20.594654793872905,20.055077824090006,25174.501088607616,25132.45698139107,23.33645571700878
2025-06-11 08:00:00+00:00,25155.650390625,25173.80078125,25155.30078125,25171.400390625,0.0,47.191463181323485,16.57040473050438,19.358143205372883,25172.705784037844,25133.366526851227,22.990994594365297
2025-06-11 08:15:00+00:00,25145.69921875,25155.25,25108.150390625,25155.25,0.0,44.358173601839965,12.434840061414434,17.973482576581194,25170.133730200905,25133.85016182765,24.741637837624918
2025-06-11 08:30:00+00:00,25127.849609375,25144.849609375,25116.25,25144.849609375,0.0,39.74833580965745,7.629117250176932,15.904609511300343,25166.106671074627,25133.614846045195,25.07789361708028
2025-06-11 08:45:00+00:00,25142.599609375,25153.30078125,25125.80078125,25127.30078125,0.0,44.848856316756404,4.953646474990819,13.71441690403844,25163.867903293707,25133.96718970519,25.250901215860264
2025-06-11 09:00:00+00:00,25135.19921875,25146.849609375,25130.599609375,25142.400390625,0.0,42.8872106663761,2.2106835502709146,11.413670233284936,25161.137552384782,25134.015504569692,24.60797970044167
2025-06-11 09:15:00+00:00,25144.900390625,25157.599609375,25132.400390625,25134.650390625,0.0,46.20871875120728,0.8103282055453747,9.293001827737024,25159.59115602671,25134.44236284637,24.650211061124406
2025-06-11 09:30:00+00:00,25144.94921875,25154.849609375,25140.25,25144.599609375,0.0,46.22567022571686,-0.2921556836881791,7.375970325451983,25158.19668580988,25134.854396411218,23.93231094068695
2025-06-11 09:45:00+00:00,25126.80078125,25146.69921875,25124.94921875,25145.0,0.0,41.047925008727596,-2.6003343070660776,5.380709398948372,25155.206599661316,25134.538568365682,23.77643158778074
2025-06-12 03:45:00+00:00,25173.69921875,25178.55078125,25131.69921875,25131.69921875,0.0,55.05734121268753,-0.6379170255859208,4.176984114041514,25156.967801479288,25136.07428014546,25.77454361722497
2025-06-12 04:00:00+00:00,25103.5,25195.55078125,25100.44921875,25173.650390625,0.0,39.808030287263286,-4.693078576845437,2.402971575864124,25151.87562990983,25134.79685739466,30.726473537423185
2025-06-12 04:15:00+00:00,25093.25,25126.55078125,25083.599609375,25103.44921875,0.0,38.14665511005657,-8.634380891056935,0.19550108247991216,25146.292236585083,25133.16756886938,31.59966627582153
2025-06-12 04:30:00+00:00,25096.80078125,25108.30078125,25065.25,25093.19921875,0.0,39.09493206420167,-11.340645101437985,-2.1117281543036674,25141.57876464841,25131.74142033529,32.41760305969142
2025-06-12 04:45:00+00:00,25103.80078125,25111.69921875,25073.05078125,25096.599609375,0.0,41.01481075549283,-12.773294894737774,-4.244041502390489,25137.980861467608,25130.64570899861,32.86266266257061
2025-06-12 05:00:00+00:00,25044.650390625,25115.75,25042.44921875,25104.0,0.0,31.872094833487665,-18.46872637929482,-7.088978477771356,25129.09224519688,25127.273343572193,35.75109970452985
2025-06-12 05:15:00+00:00,25054.5,25065.150390625,25042.849609375,25043.69921875,0.0,34.49077842040825,-21.934765382815385,-10.058135858780162,25121.988221844796,25124.41948696152,34.79036267206343
2025-06-12 05:30:00+00:00,25046.150390625,25062.900390625,25038.25,25054.75,0.0,33.321509275508575,-25.0664198755112,-13.05979266212637,25114.765571252436,25121.350110634598,34.06607895441604
2025-06-12 05:45:00+00:00,25077.650390625,25092.75,25039.69921875,25045.849609375,0.0,41.39359318818341,-24.72151761337591,-15.392137652376277,25111.23079214506,25119.636396124417,35.42212911838633
2025-06-12 06:00:00+00:00,25035.599609375,25078.94921875,25020.400390625,25078.25,0.0,35.257407654335864,-27.524046623231698,-17.818519446547363,25104.027822357435,25116.340835859733,37.0740361902873
2025-06-12 06:15:00+00:00,25029.94921875,25044.099609375,25029.05078125,25035.650390625,0.0,34.516972317928094,-29.856839297637634,-20.226183416765416,25096.972717251967,25112.95292930641,35.50080704276678
2025-06-12 06:30:00+00:00,25039.150390625,25040.150390625,25010.0,25029.150390625,0.0,36.84296243184676,-30.610280368207896,-22.303002807053915,25091.46582900178,25110.058712103222,35.118634441497726
2025-06-12 06:45:00+00:00,25035.25,25049.150390625,25033.150390625,25039.349609375,0.0,36.255070485113265,-31.162890369450906,-24.074980319533314,25086.111940525418,25107.125037118785,33.75301769567646
2025-06-12 07:00:00+00:00,25057.19921875,25062.80078125,25035.05078125,25035.349609375,0.0,41.875834413936474,-29.48977944028593,-25.157940143683838,25083.358347975376,25105.167161888636,33.32423071741386
2025-06-12 07:15:00+00:00,25040.599609375,25074.5,25034.5,25057.44921875,0.0,39.07003279932335,-29.167057044891408,-25.959763523925353,25079.286087156295,25102.63510100575,33.80107138045573
2025-06-12 07:30:00+00:00,25041.099609375,25043.19921875,25021.650390625,25040.94921875,0.0,39.20217403275537,-28.541937708960177,-26.47619836093232,25075.649279748555,25100.221944471214,32.92591114792318
2025-06-12 07:45:00+00:00,24980.849609375,25045.44921875,24978.0,25041.19921875,0.0,30.592385489017317,-32.5331754063518,-27.687593770016218,25066.62073971298,25095.540676428227,35.39186169092867
2025-06-12 08:00:00+00:00,24911.900390625,24984.80078125,24907.900390625,24978.849609375,0.0,24.075800653213932,-40.789687629014225,-30.30801254181582,25051.885468371267,25088.339096592805,38.35675661479091
2025-06-12 08:15:00+00:00,24889.30078125,24926.599609375,24872.05078125,24912.75,0.0,22.39212552379942,-48.59644310826843,-33.965698655106344,25036.401212454955,25080.533672461715,39.51333315123442
2025-06-12 08:30:00+00:00,24847.400390625,24892.900390625,24826.69921875,24890.599609375,0.0,19.64858898490924,-57.501522657730675,-38.672863455631216,25018.401134185435,25071.39119082106,41.41960734578911
2025-06-12 08:45:00+00:00,24862.900390625,24894.75,24844.5,24847.55078125,0.0,23.388060220714593,-62.5866815906993,-43.45562708264484,25003.59153956063,25063.21508100945,42.05034967823275
2025-06-12 09:00:00+00:00,24891.69921875,24912.5,24863.75,24863.75,0.0,29.914449566276602,-63.56019951862618,-47.4765415698411,24992.935128054854,25056.488968763984,42.58958251371613
2025-06-12 09:15:00+00:00,24905.150390625,24913.150390625,24884.94921875,24891.650390625,0.0,32.79418990705463,-62.52556652605199,-50.48634656108329,24984.57467687106,25050.554122562455,41.56183889666498
2025-06-12 09:30:00+00:00,24887.55078125,24920.94921875,24884.599609375,24915.0,0.0,30.999430856191267,-62.40637200592755,-52.87035165005214,24975.33430585953,25044.161834667848,41.189536787974625
2025-06-12 09:45:00+00:00,24856.0,24887.349609375,24850.80078125,24887.349609375,0.0,28.037096635152324,-64.11867369807442,-55.1200160596566,24963.96913387291,25036.782939190678,40.87242701740501
2025-06-13 03:45:00+00:00,24644.25,24652.349609375,24508.099609375,24508.099609375,0.0,16.583302969831152,-81.6212613634525,-60.420265120415785,24933.51969255168,25021.389490594964,62.80299584651893
2025-06-13 04:00:00+00:00,24621.19921875,24641.900390625,24583.05078125,24641.900390625,0.0,15.825392809612367,-96.24276688346436,-67.5847654730255,24903.774885522947,25005.695754444183,62.68844033962472
2025-06-13 04:15:00+00:00,24641.900390625,24647.150390625,24593.44921875,24620.349609375,0.0,19.388568938432343,-104.95020317397939,-75.05785301321627,24878.834457437428,24991.42926958853,62.04649259215153
2025-06-13 04:30:00+00:00,24644.150390625,24654.400390625,24614.25,24641.19921875,0.0,19.78601532491419,-110.39676775288171,-82.12563596114936,24856.483593931483,24977.810490021333,60.482485308783566
2025-06-13 04:45:00+00:00,24672.25,24675.0,24625.19921875,24642.5,0.0,24.774293290913462,-111.16437209956712,-87.93338318883292,24838.93753736658,24965.827725706775,59.71950644744188
2025-06-13 05:00:00+00:00,24673.94921875,24683.94921875,24661.30078125,24671.900390625,0.0,25.077714033887787,-110.36339085153304,-92.41938472137295,24823.224364165,24954.381509747684,57.071572951196025
2025-06-13 05:15:00+00:00,24671.55078125,24692.25,24668.25,24671.849609375,0.0,24.9248954629506,-108.66946732841097,-95.66940124278057,24808.77926103024,24943.290108630128,54.70931774039631
2025-06-13 05:30:00+00:00,24653.75,24692.349609375,24650.44921875,24671.400390625,0.0,23.767283323244285,-107.52392612279436,-98.04030621878333,24794.01456950355,24931.935594566203,53.79439437501086
2025-06-13 05:45:00+00:00,24663.150390625,24667.05078125,24639.75,24652.75,0.0,25.729018637849407,-104.65118973095741,-99.36248292121815,24781.55131437226,24921.394998333217,51.901993437510086
2025-06-13 06:00:00+00:00,24679.30078125,24693.650390625,24661.30078125,24661.5,0.0,29.10452806215497,-99.9195139355761,-99.47388912408975,24771.813168360615,24911.90110746721,50.50539457590222
2025-06-13 06:15:00+00:00,24684.650390625,24689.599609375,24673.150390625,24678.69921875,0.0,30.235568021521317,-94.64692714932607,-98.50849672913702,24763.511951433415,24902.98931464987,48.07281058833778
2025-06-13 06:30:00+00:00,24688.94921875,24702.0,24683.349609375,24684.0,0.0,31.1856285861888,-89.09445916552431,-96.62568921641449,24756.410738796898,24894.595585398896,45.97120916238509
2025-06-13 06:45:00+00:00,24706.44921875,24724.55078125,24688.80078125,24688.80078125,0.0,35.06253409771388,-82.33290209370534,-93.76713179187267,24751.65249879243,24887.217296510706,45.24112279364329
2025-06-13 07:00:00+00:00,24690.80078125,24711.05078125,24687.44921875,24704.349609375,0.0,33.25817845176903,-77.34542758337557,-90.48279095017327,24745.857097121723,24879.51468806911,43.69543991552592
2025-06-13 07:15:00+00:00,24682.44921875,24695.80078125,24675.900390625,24688.5,0.0,32.30274656518276,-73.22265421963675,-87.03076360406597,24739.818251562512,24871.786630448754,41.99579353763121
2025-06-13 07:30:00+00:00,24686.0,24687.19921875,24674.44921875,24678.0,0.0,33.181643454530374,-68.87486172132049,-83.39958322751687,24734.69270379465,24864.50088023508,39.90680828494327
2025-06-13 07:45:00+00:00,24691.650390625,24700.30078125,24680.650390625,24685.19921875,0.0,34.635914330872566,-64.23282946656036,-79.56623247532558,24730.593435873732,24857.72242966213,38.45992130923303
2025-06-13 08:00:00+00:00,24735.05078125,24736.849609375,24689.25,24689.25,0.0,44.608202599236215,-56.401772129160236,-74.93334040609251,24731.017944957188,24852.911776783225,39.11275617107352
2025-06-13 08:15:00+00:00,24712.599609375,24754.099609375,24706.0,24733.599609375,0.0,41.11379723838307,-51.41454978215188,-70.22958228130439,24729.263817758885,24847.40933884565,39.75467425706827
2025-06-13 08:30:00+00:00,24715.849609375,24728.849609375,24704.80078125,24711.80078125,0.0,41.82424090487232,-46.66200179196312,-65.51606618343614,24727.986274103278,24842.25013376837,38.63282810477767
2025-06-13 08:45:00+00:00,24712.75,24718.05078125,24705.30078125,24714.349609375,0.0,41.312318713611226,-42.65399711398641,-60.94365236954619,24726.535200379156,24837.171697150003,36.78405466872213
2025-06-13 09:00:00+00:00,24687.650390625,24724.900390625,24686.349609375,24713.5,0.0,37.32798989384909,-41.0299851128475,-56.96091891820645,24722.831885164473,24831.30811650196,36.91024942452769
2025-06-13 09:15:00+00:00,24663.94921875,24700.55078125,24650.900390625,24687.849609375,0.0,33.99399207746852,-41.180724633464706,-53.80488006125811,24717.22401217262,24824.745022472474,37.82025951027572
2025-06-13 09:30:00+00:00,24725.599609375,24728.44921875,24662.75,24664.25,0.0,47.20349749376242,-35.91154951134013,-50.22621395127452,24718.02168809666,24820.856967056887,39.811613741684596
2025-06-13 09:45:00+00:00,24735.55078125,24744.94921875,24709.75,24725.150390625,0.0,48.97842266669828,-30.58020430014585,-46.297012021048786,24719.691125539834,24817.51162643701,39.48215695656427
2025-06-16 03:45:00+00:00,24785.599609375,24817.400390625,24704.599609375,24733.75,0.0,56.83771881532673,-22.062232967444288,-41.45005621032789,24725.968124000326,24816.260174787523,44.71920154895253
2025-06-16 04:00:00+00:00,24765.0,24791.650390625,24749.25,24786.5,0.0,53.20499849113915,-16.780460927948297,-36.51613715385197,24729.685445524105,24814.24997185468,44.553572197241635
2025-06-16 04:15:00+00:00,24737.25,24767.30078125,24706.150390625,24767.30078125,0.0,48.69032179548667,-14.664765330871887,-32.14586278925596,24730.405879283713,24811.230365115283,45.739059227795806
2025-06-16 04:30:00+00:00,24763.69921875,24771.94921875,24726.05078125,24736.849609375,0.0,52.80124450797591,-10.730140044492146,-27.8627182403032,24733.576673518597,24809.366398591155,45.75044339009611
2025-06-16 04:45:00+00:00,24825.94921875,24832.05078125,24763.25,24763.599609375,0.0,60.768155097169455,-2.5593636515186517,-22.80204732254629,24742.37405877873,24810.016705264054,47.39689609437495
2025-06-16 05:00:00+00:00,24869.69921875,24870.099609375,24825.849609375,24827.5,0.0,65.21248407473695,7.361436811930616,-16.76935049565091,24754.500264490278,24812.357195988996,47.172117801919605
2025-06-16 05:15:00+00:00,24875.900390625,24890.69921875,24859.30078125,24872.19921875,0.0,65.80380821084621,15.54493308743622,-10.306493779033485,24766.062181265013,24814.84908597472,46.045426351782496
2025-06-16 05:30:00+00:00,24906.75,24930.5,24876.19921875,24876.19921875,0.0,68.65803810265751,24.24029150883871,-3.397136721459046,24779.461021144536,24818.45304338748,46.65643942486946
2025-06-16 05:45:00+00:00,24884.150390625,24912.30078125,24874.25,24906.75,0.0,64.4163084479512,28.973833780499263,3.077057378932616,24789.431437285533,24821.029409945815,46.041749555235924
2025-06-16 06:00:00+00:00,24908.849609375,24912.80078125,24883.44921875,24884.0,0.0,66.82835441477185,34.32257142888557,9.326160188923208,24800.80459653215,24824.473339335196,44.849593337004784
2025-06-16 06:15:00+00:00,24892.19921875,24925.05078125,24890.099609375,24909.349609375,0.0,63.693925065876016,36.79380114424566,14.8196883799877,24809.508846267185,24827.129256174994,44.14256323257587
2025-06-16 06:30:00+00:00,24916.900390625,24918.05078125,24889.599609375,24892.25,0.0,66.22481505534631,40.28111105777134,19.911972915544432,24819.7366123965,24830.649692820094,43.02174956417759
2025-06-16 06:45:00+00:00,24893.0,24918.55078125,24891.650390625,24917.30078125,0.0,61.74011379357876,40.64770605631202,24.059119543697953,24826.71407788255,24833.094802905583,41.8702239256649
2025-06-16 07:00:00+00:00,24940.599609375,24952.69921875,24892.0,24892.0,0.0,66.59234834765691,44.268822474754415,28.101060129909246,24837.56031897707,24837.31067766909,43.21515212740313
2025-06-16 07:15:00+00:00,24921.5,24948.150390625,24915.30078125,24941.25,0.0,63.13250138763546,45.077775929661584,31.496403289859717,24845.554574312588,24840.612219721283,42.474756216517186
2025-06-16 07:30:00+00:00,24934.400390625,24941.69921875,24922.0,24922.0,0.0,64.4750472391537,46.22695551336801,34.44251373456138,24854.016080628055,24844.290187207705,40.88364639748024
2025-06-16 07:45:00+00:00,24941.30078125,24947.94921875,24929.599609375,24934.349609375,0.0,65.20493915496638,47.150965487631765,36.98420408517546,24862.32890925872,24848.09452422897,39.27407232444593
2025-06-16 08:00:00+00:00,24947.900390625,24966.30078125,24933.69921875,24941.099609375,0.0,65.92600892294286,47.86403655165486,39.160170578471345,24870.478574150744,24852.008479773915,38.79746447984265
2025-06-16 08:15:00+00:00,24937.900390625,24951.650390625,24927.650390625,24947.599609375,0.0,63.769558154918215,47.07953055849066,40.74404257447521,24876.899699529247,24855.37679000337,37.74050273128246
2025-06-16 08:30:00+00:00,24961.5,24965.849609375,24938.80078125,24938.80078125,0.0,66.55032255463391,47.81096016574156,42.157426092728485,24884.95687100265,24859.538484513043,37.041125304048
2025-06-16 08:45:00+00:00,24941.400390625,24965.75,24939.25,24961.650390625,0.0,62.173458319407,46.23577566098902,42.973096006380594,24890.332444300017,24862.748755340963,36.28818778233029
2025-06-16 09:00:00+00:00,24936.69921875,24946.5,24928.5,24941.5,0.0,61.1602807267137,44.099731062840874,43.19842301767265,24894.748327580965,24865.64877351387,34.98188865502099
2025-06-16 09:15:00+00:00,24942.44921875,24944.69921875,24929.25,24935.849609375,0.0,61.976448842679886,42.38232026870173,43.03520246787848,24899.291269597066,24868.66055567999,33.58669794751949
2025-06-16 09:30:00+00:00,24950.69921875,24952.19921875,24934.349609375,24944.150390625,0.0,63.17222478995638,41.21190075455888,42.67054212521456,24904.187264754488,24871.877758153325,32.46262019233952
2025-06-16 09:45:00+00:00,24940.94921875,24957.94921875,24936.44921875,24951.55078125,0.0,60.74105753229729,39.04747634029263,41.94592896823018,24907.68840323025,24874.586442882606,31.6795758928867
2025-06-17 03:45:00+00:00,24882.599609375,24975.80078125,24868.94921875,24966.30078125,0.0,48.66949414769165,32.25204704746284,40.00715258407671,24905.298994291654,24874.900684705837,37.0490035076805
2025-06-17 04:00:00+00:00,24880.400390625,24917.150390625,24862.849609375,24882.69921875,0.0,48.28003322325882,26.38501180894673,37.28272442905072,24902.927698704356,24875.116359447766,38.281273346417606
2025-06-17 04:15:00+00:00,24874.400390625,24884.75,24857.94921875,24880.900390625,0.0,47.1709873032606,21.00901540488121,34.02798262421682,24900.210812220605,24875.08828223903,37.46123819667349
2025-06-17 04:30:00+00:00,24851.69921875,24877.349609375,24846.80078125,24874.349609375,0.0,43.133778752932294,14.746713737535174,30.17172884688049,24895.590660461497,24874.17106406299,36.967494620125386
2025-06-17 04:45:00+00:00,24872.25,24884.30078125,24850.25,24851.75,0.0,47.51324035445926,11.311676875800913,26.39971845266458,24893.367740417543,24874.09572821738,36.75915795083072
2025-06-17 05:00:00+00:00,24900.44921875,24908.400390625,24868.30078125,24871.849609375,0.0,52.87615067354073,10.741011008329224,23.267976963797512,24894.0421669254,24875.129198434348,36.997761623985674
2025-06-17 05:15:00+00:00,24875.849609375,24901.30078125,24869.80078125,24900.69921875,0.0,48.24509738899456,8.209141435432684,20.256209858124546,24892.30954239679,24875.157449843784,36.60506436512956
2025-06-17 05:30:00+00:00,24878.80078125,24879.25,24866.69921875,24875.80078125,0.0,48.8241736828113,6.367352587032656,17.478438403906168,24891.022993716142,24875.3003255852,34.88690128547744
2025-06-17 05:45:00+00:00,24889.94921875,24890.69921875,24868.650390625,24878.80078125,0.0,51.05220654793091,5.741127248980774,15.13097617292109,24890.920729433652,24875.87479198382,33.96989605972905
2025-06-17 06:00:00+00:00,24894.94921875,24899.849609375,24883.44921875,24890.19921875,0.0,52.06028165658691,5.583929308919323,13.221566800120737,24891.30439508283,24876.62280871975,32.71493138581984
2025-06-17 06:15:00+00:00,24867.25,24896.599609375,24864.650390625,24894.55078125,0.0,46.363633045513154,3.187509719879017,11.214755384072394,24889.013500313034,24876.255247593486,32.66023762611842
2025-06-17 06:30:00+00:00,24855.69921875,24872.650390625,24854.0,24866.650390625,0.0,44.1920064062979,0.3522182644264831,9.042247960143213,24885.840711592748,24875.44912881531,31.659534268895676
2025-06-17 06:45:00+00:00,24857.849609375,24862.400390625,24846.80078125,24855.05078125,0.0,44.71120736882309,-1.7016366808966268,6.893471031935245,24883.174892333915,24874.758951582357,30.512396776474557
2025-06-17 07:00:00+00:00,24844.099609375,24864.05078125,24841.69921875,24857.400390625,0.0,42.019312784481116,-4.388256519185234,4.63712552171115,24879.45343681402,24873.556624436973,29.929480042440662
2025-06-17 07:15:00+00:00,24827.900390625,24849.94921875,24814.0,24843.400390625,0.0,39.03737669058516,-7.735394850958983,2.1626214471771235,24874.543622891255,24871.766183895325,30.359461378694903
2025-06-17 07:30:00+00:00,24839.44921875,24841.400390625,24821.05078125,24827.900390625,0.0,42.18730818565123,-9.348369991515938,-0.13957684056148878,24871.201298687323,24870.49885192884,29.644471949859554
2025-06-17 07:45:00+00:00,24839.19921875,24846.150390625,24830.599609375,24839.80078125,0.0,42.13655267080464,-10.525505842470011,-2.2167626409431933,24868.153481550435,24869.271415333595,28.637779757012446
2025-06-17 08:00:00+00:00,24849.19921875,24852.69921875,24838.349609375,24839.55078125,0.0,44.98761411663944,-10.530093693305389,-3.8794288514156325,24866.34831366468,24868.484270369532,27.617196158297272
2025-06-17 08:15:00+00:00,24849.19921875,24856.94921875,24839.55078125,24848.94921875,0.0,44.98761411663944,-10.413687095602654,-5.186280500253037,24864.71506652995,24867.727993835433,26.887284825561753
2025-06-17 08:30:00+00:00,24862.349609375,24866.25,24845.599609375,24849.150390625,0.0,48.83267323354646,-9.154776838477119,-5.979979767897854,24864.489784896145,24867.51707679777,26.441792382664485
2025-06-17 08:45:00+00:00,24861.05078125,24869.25,24857.75,24862.25,0.0,48.47231535637654,-8.167733418071293,-6.417530497932542,24864.16226073937,24867.26349658021,25.37452149818845
2025-06-17 09:00:00+00:00,24852.0,24867.80078125,24836.75,24861.25,0.0,45.92883705510127,-8.023328861705522,-6.738690170687138,24863.00395019276,24866.66492808687,25.779968623317846
2025-06-17 09:15:00+00:00,24852.05078125,24861.80078125,24843.05078125,24852.400390625,0.0,45.945975219727536,-7.81470651570271,-6.953893439690253,24861.96079124583,24866.091824289346,25.27782800736657
2025-06-17 09:30:00+00:00,24862.400390625,24867.349609375,24841.400390625,24852.30078125,0.0,49.46177276550066,-6.736589610536612,-6.910432673859525,24862.00265785337,24865.947062184863,25.325784488983242
2025-06-17 09:45:00+00:00,24841.5,24868.44921875,24833.849609375,24859.5,0.0,43.33230529646345,-7.482408499814483,-7.024827839050517,24860.050023772095,24864.988353863886,25.98820055227015
2025-06-18 03:45:00+00:00,24897.19921875,24900.05078125,24777.849609375,24789.349609375,0.0,58.19911865513105,-3.538227404525969,-6.327507752145609,24863.588042341416,24866.251525035892,32.86055564675085
2025-06-18 04:00:00+00:00,24937.80078125,24944.349609375,24893.80078125,24897.05078125,0.0,65.33778361585573,2.831135731721588,-4.49577905537217,24870.65592223747,24869.057378220758,34.12400368091151
2025-06-18 04:15:00+00:00,24902.25,24947.400390625,24902.25,24937.0,0.0,56.27542166287637,4.953154092243494,-2.605992425849037,24873.66488202438,24870.359049663082,34.9116027483464
2025-06-18 04:30:00+00:00,24916.94921875,24923.650390625,24901.650390625,24902.75,0.0,58.81877144394513,7.73184514003151,-0.5384249126729275,24877.78719980777,24872.18611511747,33.989345409178796
2025-06-18 04:45:00+00:00,24882.75,24928.849609375,24874.19921875,24917.25,0.0,51.336802630403675,7.092627284138871,0.9877855266894323,24878.259847445126,24872.600385112866,35.46513435316602
2025-06-18 05:00:00+00:00,24871.5,24884.80078125,24842.44921875,24882.150390625,0.0,49.12316121078036,5.613552014889137,1.9129388243293732,24877.616052450354,24872.557232755502,35.957022077939875
2025-06-18 05:15:00+00:00,24847.0,24872.0,24827.150390625,24871.75,0.0,44.611622200931095,2.436344302343059,2.0176199199321103,24874.700237931276,24871.55498833372,36.59220688487274
2025-06-18 05:30:00+00:00,24837.94921875,24847.69921875,24826.0,24846.55078125,0.0,43.039066908568856,-0.8026852508191951,1.4535588857818493,24871.200140866393,24870.237115016713,35.528422018096116
2025-06-18 05:45:00+00:00,24807.80078125,24837.80078125,24805.44921875,24837.80078125,0.0,38.207678199582574,-5.736242618673714,0.015598584890736733,24865.162106617212,24867.788631339587,35.31210615966068
2025-06-18 06:00:00+00:00,24804.75,24807.400390625,24767.19921875,24806.650390625,0.0,37.74592475313706,-9.779562221767264,-1.9434335764408637,24859.408572653665,24865.3165281498,35.68992446968492
2025-06-18 06:15:00+00:00,24779.44921875,24806.849609375,24776.80078125,24805.75,0.0,34.06868141446773,-14.854253153283935,-4.525597491809478,24851.79339609141,24861.949182683144,35.28698901649314
2025-06-18 06:30:00+00:00,24816.349609375,24821.75,24778.5,24779.05078125,0.0,42.818334184811825,-15.717250463978417,-6.763928086243267,24848.417797356513,24860.160964122042,35.85577551531505
2025-06-18 06:45:00+00:00,24791.44921875,24817.5,24780.900390625,24815.80078125,0.0,39.05213156894212,-18.200629940005456,-9.051268456995706,24842.992218441606,24857.466385872158,35.90890650529255
2025-06-18 07:00:00+00:00,24782.30078125,24794.25,24781.599609375,24791.05078125,0.0,37.7387618192868,-20.668672920481185,-11.374749349692802,24837.212081566217,24854.518715102662,34.24758394241451
2025-06-18 07:15:00+00:00,24775.400390625,24787.349609375,24760.650390625,24782.30078125,0.0,36.735218043487,-22.917242907511536,-13.683248061256549,24831.32525385753,24851.416035711383,33.70841500009919
2025-06-18 07:30:00+00:00,24800.5,24803.30078125,24769.19921875,24775.400390625,0.0,42.70356727738713,-22.415529837151553,-15.429704416435552,24828.38951539491,24849.419328428583,33.736496964377814
2025-06-18 07:45:00+00:00,24801.900390625,24803.80078125,24789.69921875,24799.849609375,0.0,43.0265147683959,-21.65529009015154,-16.67482155117875,24825.8667416073,24847.55584067158,32.334001645493686
2025-06-18 08:00:00+00:00,24790.75,24814.94921875,24790.30078125,24800.900390625,0.0,41.04285378020605,-21.702366576515487,-17.680330556246098,24822.522290025652,24845.328160645244,31.785032777958424
2025-06-18 08:15:00+00:00,24779.599609375,24795.150390625,24765.599609375,24791.30078125,0.0,39.101479987624856,-22.381419297154935,-18.620548304427864,24818.43441567797,24842.750570399352,31.62544338310425
2025-06-18 08:30:00+00:00,24776.900390625,24782.75,24769.69921875,24781.05078125,0.0,38.6251862382737,-22.873704043558973,-19.471179452254084,24814.47879424435,24840.1682104082,30.298681802168232
2025-06-18 08:45:00+00:00,24766.19921875,24779.5,24750.900390625,24777.19921875,0.0,36.71572128550387,-23.852382965458673,-20.347420154895005,24809.880739435364,24837.26746563729,30.17731948594193
2025-06-18 09:00:00+00:00,24787.05078125,24797.349609375,24765.80078125,24765.80078125,0.0,42.66361700334887,-22.683959665348084,-20.814728056985622,24807.706457703425,24835.29818389661,30.27528438873179
2025-06-18 09:15:00+00:00,24813.900390625,24819.650390625,24783.900390625,24787.69921875,0.0,49.27474816980688,-19.36817246109422,-20.525416937807343,24808.296356076906,24834.459054748706,30.666335503822378
2025-06-18 09:30:00+00:00,24813.05078125,24829.650390625,24805.19921875,24823.900390625,0.0,49.08189233300715,-16.617388676153496,-19.743811285476575,24808.749158474344,24833.619514611502,30.222395244620778
2025-06-18 09:45:00+00:00,24798.75,24823.30078125,24794.94921875,24813.25,0.0,45.83036897189049,-15.413647307028441,-18.877778489786948,24807.796857667265,24832.252082665953,30.088764334290723
2025-06-19 03:45:00+00:00,24816.05078125,24824.849609375,24738.55078125,24802.349609375,0.0,50.13423460724362,-12.914771692390786,-17.685177130307718,24808.582945627524,24831.616737512388,34.103768890769956
2025-06-19 04:00:00+00:00,24839.599609375,24841.900390625,24800.400390625,24816.30078125,0.0,55.3359779984647,-8.931247281296237,-15.934391160505422,24811.536913603475,24831.929791310922,34.632071112857815
2025-06-19 04:15:00+00:00,24842.349609375,24862.400390625,24812.94921875,24840.69921875,0.0,55.91432962464376,-5.489098557143734,-13.845332639833085,24814.471456057905,24832.33841162716,35.69057831015369
2025-06-19 04:30:00+00:00,24833.19921875,24843.44921875,24815.0,24841.650390625,0.0,53.434905613558485,-3.4596502498243353,-11.768196161831336,24816.25505250477,24832.37216876923,35.17333834157129
2025-06-19 04:45:00+00:00,24833.55078125,24839.5,24825.69921875,24832.400390625,0.0,53.520184137051814,-1.8021555617560807,-9.774988041816286,24817.90226476622,24832.418388866517,33.646727120744764
2025-06-19 05:00:00+00:00,24813.05078125,24838.30078125,24796.44921875,24833.849609375,0.0,47.99996742272732,-2.1183388624194777,-8.243658205936924,24817.440218717056,24831.65887484234,34.23278679069157
2025-06-19 05:15:00+00:00,24811.44921875,24824.650390625,24808.80078125,24813.349609375,0.0,47.58701340906347,-2.4696801793215855,-7.088862600613857,24816.869647291624,24830.866339309305,32.91970268957074
2025-06-19 05:30:00+00:00,24814.55078125,24816.599609375,24802.44921875,24811.5,0.0,48.51085551855932,-2.46938499821772,-6.16496708013463,24816.648802906704,24830.226513503058,31.5790375421014
2025-06-19 05:45:00+00:00,24803.25,24815.650390625,24791.25,24814.30078125,0.0,45.372756617995925,-3.342499414746271,-5.600473547056959,24815.3727264394,24829.16861101274,31.066277048022727
2025-06-19 06:00:00+00:00,24799.5,24816.44921875,24795.05078125,24804.55078125,0.0,44.347565212357786,-4.287617554025928,-5.337902348450752,24813.861038207076,24828.005136071068,30.375717080306817
2025-06-19 06:15:00+00:00,24804.69921875,24808.19921875,24798.19921875,24799.5,0.0,46.163814989039096,-4.564480497294426,-5.183217978219488,24812.98848397307,24827.091178529063,28.92030871742776
2025-06-19 06:30:00+00:00,24811.80078125,24822.19921875,24797.75,24804.94921875,0.0,48.62986900170274,-4.162872626664466,-4.979148907908483,24812.875369428013,24826.491555106353,28.600945148325774
2025-06-19 06:45:00+00:00,24804.94921875,24813.75,24801.55078125,24811.849609375,0.0,46.42054730483941,-4.347345831989514,-4.852788292724689,24812.12049793487,24825.646757602182,27.429393262731075
2025-06-19 07:00:00+00:00,24792.599609375,24807.349609375,24786.80078125,24805.650390625,0.0,42.65861569052945,-5.4274877426360035,-4.967728182706953,24810.261365691073,24824.350791005036,26.93792432432171
2025-06-19 07:15:00+00:00,24789.849609375,24793.69921875,24772.19921875,24792.650390625,0.0,41.84538756388098,-6.43127427955551,-5.260437402076665,24808.317388899064,24822.997803490132,26.54950115829873
2025-06-19 07:30:00+00:00,24794.55078125,24807.69921875,24781.94921875,24789.30078125,0.0,43.81720671006841,-6.769403590194997,-5.562230639700331,24807.00628340868,24821.88223399052,26.492393932705966
2025-06-19 07:45:00+00:00,24785.05078125,24795.599609375,24783.099609375,24794.400390625,0.0,40.80620320697646,-7.715010274139786,-5.992786566588222,24804.91528320309,24820.437863294814,25.492937223226967
2025-06-19 08:00:00+00:00,24789.19921875,24801.849609375,24780.55078125,24785.25,0.0,42.659205298670024,-8.037020379520982,-6.401633329174775,24803.418515159938,24819.212818410706,25.19335800192504
2025-06-19 08:15:00+00:00,24811.30078125,24811.650390625,24786.69921875,24789.0,0.0,51.38990911156573,-6.4346299164462835,-6.408232646629077,24804.169207168514,24818.90254244362,25.176058992858966
2025-06-19 08:30:00+00:00,24832.400390625,24842.0,24811.55078125,24811.80078125,0.0,57.96933408555941,-3.4227069548724103,-5.811127508277744,24806.857891307227,24819.431869823282,25.570570404083327
2025-06-19 08:45:00+00:00,24817.19921875,24849.849609375,24812.55078125,24833.30078125,0.0,52.46025231417107,-2.236562140766182,-5.096214434775432,24807.84277963511,24819.344314879232,26.40830309843452
2025-06-19 09:00:00+00:00,24804.69921875,24829.69921875,24787.75,24816.650390625,0.0,48.38798679089881,-2.2789095127227483,-4.532753450364895,24807.543392884145,24818.769997383966,27.518368502117767
2025-06-19 09:15:00+00:00,24810.5,24817.900390625,24801.599609375,24804.400390625,0.0,50.31545912048426,-1.8233767897545476,-3.9908781182428257,24807.824974514228,24818.445683761063,26.71711226982364
2025-06-19 09:30:00+00:00,24791.75,24811.5,24789.75,24810.55078125,0.0,44.52703202931603,-2.941425205779524,-3.7809875357501657,24806.29402456049,24817.398794201807,26.36231853626481
2025-06-19 09:45:00+00:00,24744.69921875,24805.150390625,24734.0,24791.44921875,0.0,33.96697526227423,-7.537207224533631,-4.532231473506859,24800.427852578538,24814.5478304586,29.561466542603036
2025-06-20 03:45:00+00:00,24830.19921875,24880.650390625,24787.44921875,24795.900390625,0.0,54.899045953541055,-4.231484222425934,-4.472082023290675,24803.263220785346,24815.161610391595,37.16073120920282
2025-06-20 04:00:00+00:00,24874.349609375,24874.349609375,24818.19921875,24831.599609375,0.0,61.65799192547424,1.9286602219326596,-3.1919335742460078,24810.033353031977,24817.482708390948,38.51713545318834
2025-06-20 04:15:00+00:00,24865.150390625,24900.099609375,24853.0,24874.25,0.0,59.65204399921012,5.999164370965445,-1.3537139852037174,24815.282594707503,24819.35202926287,39.13016930474631
2025-06-20 04:30:00+00:00,24919.05078125,24919.099609375,24861.0,24864.349609375,0.0,66.52411969133436,13.41968551341779,1.600965914520584,24825.16527914012,24823.261784242757,40.48512930976443
2025-06-20 04:45:00+00:00,25008.94921875,25017.650390625,24918.849609375,24918.849609375,0.0,74.36610343372729,26.251938567889738,6.5311604451944145,24842.66851148392,24830.54364441951,44.650533019781264
2025-06-20 05:00:00+00:00,25001.599609375,25039.55078125,24996.5,25009.94921875,0.0,72.86330886094696,35.420237067057315,12.308975769566995,24857.804806521166,24837.25172147659,44.53626503622546
2025-06-20 05:15:00+00:00,24994.94921875,25024.650390625,24991.400390625,25002.94921875,0.0,71.45618604476789,41.66921200011711,18.18102301567702,24870.86617911439,24843.43593705594,43.73010324792364
2025-06-20 05:30:00+00:00,25016.55078125,25017.400390625,24994.849609375,24994.849609375,0.0,73.26239625278492,47.81347128385096,24.10751266931181,24884.740903127306,24850.224754475315,42.21729453378623
2025-06-20 05:45:00+00:00,25004.0,25019.80078125,25004.0,25016.650390625,0.0,70.47214038490682,51.081264853339235,29.502263106117297,24896.098912353274,24856.2551562606,40.330400727801496
2025-06-20 06:00:00+00:00,25019.400390625,25044.650390625,25002.900390625,25003.30078125,0.0,71.8870074833774,54.28790049350209,34.459390583594256,24907.841910283914,24862.653008588615,40.43180067581567
2025-06-20 06:15:00+00:00,25029.75,25044.25,25017.75,25019.05078125,0.0,72.82924898288287,57.00716619598461,38.96894570607233,24919.452204542587,24869.20583178122,39.43667205611455
2025-06-20 06:30:00+00:00,25040.099609375,25043.19921875,25022.349609375,25029.849609375,0.0,73.7757959115016,59.31360057176062,43.037876679209994,24930.942433574244,24875.9075485496,38.10902472174923
2025-06-20 06:45:00+00:00,24981.94921875,25042.5,24979.849609375,25039.75,0.0,60.931855729859784,55.805919983587955,45.59148534008558,24935.8002226386,24880.066045420204,39.86197942912429
2025-06-20 07:00:00+00:00,25000.900390625,25002.25,24964.05078125,24981.25,0.0,63.18152308831541,53.93354668107713,47.25989760828389,24942.00023863731,24884.804647192945,39.74321080918684
2025-06-20 07:15:00+00:00,25022.5,25033.19921875,24997.849609375,25000.19921875,0.0,65.61202849975275,53.57500599043124,48.52291928471337,24949.66688257661,24890.204464950086,39.42938213531635
2025-06-20 07:30:00+00:00,25038.25,25047.44921875,25017.650390625,25021.94921875,0.0,67.30678663278806,53.9399669195227,49.60632881167524,24958.103369950266,24896.010172206945,38.741485420293756
2025-06-20 07:45:00+00:00,25067.19921875,25077.55078125,25037.19921875,25038.900390625,0.0,70.21264280723031,55.92054387913231,50.86917182516666,24968.493450788334,24902.72346814981,38.85649092598707
2025-06-20 08:00:00+00:00,25047.55078125,25073.650390625,25034.55078125,25067.30078125,0.0,65.92941120073704,55.2676100853314,51.74885947719961,24976.02272035611,24908.402970624327,38.87385652948799
2025-06-20 08:15:00+00:00,25038.75,25060.94921875,25035.69921875,25047.75,0.0,64.04481587419018,53.42416533138021,52.08392064803573,24981.996746988865,24913.51461883514,37.90072392023884
2025-06-20 08:30:00+00:00,25049.650390625,25054.099609375,25037.599609375,25038.44921875,0.0,65.36536641829132,52.24059544202828,52.11525560683424,24988.439951144686,24918.85327655239,36.37210078307892
2025-06-20 08:45:00+00:00,25036.5,25061.19921875,25035.650390625,25050.44921875,0.0,62.388369256216684,49.6689286647088,51.62599021840916,24993.017098654716,24923.466873550336,35.599009878930424
2025-06-20 09:00:00+00:00,25046.05078125,25051.55078125,25031.400390625,25036.5,0.0,63.68207836462265,47.84994802818255,50.87078178036384,24998.067925568554,24928.27408561699,34.49553707507825
2025-06-20 09:15:00+00:00,25046.05078125,25052.900390625,25031.75,25045.30078125,0.0,63.68207836462265,45.87952219582439,49.87252986345596,25002.63772134774,24932.892779563383,33.542312328644094
2025-06-20 09:30:00+00:00,25116.599609375,25132.099609375,25039.849609375,25046.5,0.0,71.94810719236204,49.440724460258934,49.78616878281656,25013.491234493194,24940.09696896776,37.7357185908838
2025-06-20 09:45:00+00:00,25079.75,25134.55078125,25072.80078125,25116.05078125,0.0,63.782220814052906,48.72784315649915,49.57450365755308,25019.80159311289,24945.573558420005,39.45102440582067
2025-06-23 03:45:00+00:00,24908.25,24985.55078125,24891.19921875,24939.75,0.0,40.65532594039206,33.93310318168369,46.4462235623792,25009.177631864044,24944.109889462357,50.10100703754777
2025-06-23 04:00:00+00:00,24870.349609375,24916.69921875,24859.599609375,24908.25,0.0,37.42570245113806,18.93168767370298,40.94331638464396,24995.955915436516,24941.21732945893,50.600907204508644
2025-06-23 04:15:00+00:00,24854.75,24878.349609375,24835.19921875,24871.30078125,0.0,36.15269811410761,5.718282893391006,33.89830968639337,24982.50773301399,24937.826453793878,50.068727448829456
2025-06-23 04:30:00+00:00,24862.44921875,24864.0,24824.900390625,24853.650390625,0.0,37.2865036049252,-4.085082693956792,26.30163121032334,24971.073588798372,24934.870483792158,49.28521901498449
2025-06-23 04:45:00+00:00,24893.650390625,24894.30078125,24856.75,24863.099609375,0.0,41.79725030047172,-9.230246207476739,19.195255726763325,24963.6999508771,24933.254009550306,48.44704488891417
2025-06-23 05:00:00+00:00,24919.5,24925.099609375,24885.55078125,24893.75,0.0,45.30708192596181,-11.09409213023173,13.137386155364315,24959.490431745948,24932.714636626766,47.81145797720602
2025-06-23 05:15:00+00:00,24919.0,24939.05078125,24908.400390625,24919.75,0.0,45.25024057704504,-12.467827914380905,8.01634334141527,24955.634200151097,24932.176807739444,46.58566745204844
2025-06-23 05:30:00+00:00,24928.30078125,24933.400390625,24902.599609375,24918.5,0.0,46.592494515540125,-12.660090461340587,3.881056580864099,24953.03101739861,24932.024806700643,45.45817558047355
2025-06-23 05:45:00+00:00,24945.69921875,24949.150390625,24920.349609375,24928.55078125,0.0,49.10608118873694,-11.278539431626996,0.8491373783658802,24952.33275086065,24932.56105815356,44.268361699725446
2025-06-23 06:00:00+00:00,24962.5,24968.80078125,24944.94921875,24945.94921875,0.0,51.480783962908454,-8.727364030204626,-1.066162903348221,24953.30106030249,24933.7351343044,42.81001889974505
2025-06-23 06:15:00+00:00,24935.0,24963.400390625,24928.80078125,24963.05078125,0.0,47.56833057177623,-8.822854937578086,-2.617501310194194,24951.558102178442,24933.784736880698,42.22356107654898
2025-06-23 06:30:00+00:00,24941.099609375,24952.30078125,24932.30078125,24935.650390625,0.0,48.503173197944,-8.310545869993803,-3.756110222154116,24950.562055244784,24934.071594625573,40.636163856795484
2025-06-23 06:45:00+00:00,24942.75,24955.150390625,24939.599609375,24941.900390625,0.0,48.76933408177797,-7.682801953851595,-4.541448568493612,24949.818049983376,24934.4119242481,38.84435081345295
2025-06-23 07:00:00+00:00,24960.80078125,24963.19921875,24938.30078125,24943.900390625,0.0,51.70916539231287,-5.663478136888443,-4.765854482172578,24950.86402438972,24935.446781385428,37.8482141482063
2025-06-23 07:15:00+00:00,24948.400390625,24964.150390625,24942.099609375,24961.099609375,0.0,49.603316657406026,-5.006050716056052,-4.813893728949273,24950.629392602605,24935.95476606149,36.719826084048705
2025-06-23 07:30:00+00:00,24962.25,24963.099609375,24945.400390625,24950.0,0.0,51.95663099158352,-3.329111097555142,-4.516937202670446,24951.73611711664,24936.985951706138,35.361211274473796
2025-06-23 07:45:00+00:00,25034.349609375,25034.44921875,24961.80078125,24963.55078125,0.0,61.92452451741234,3.7742048624968447,-2.858708789636988,24959.604068760294,24940.80413435982,38.0245845762971
2025-06-23 08:00:00+00:00,25020.19921875,25043.5,25018.19921875,25041.19921875,0.0,59.32308424874785,8.167663928205002,-0.6534342460685898,24965.37503542598,24943.917667081,37.1157414815616
2025-06-23 08:15:00+00:00,25018.599609375,25028.05078125,25013.349609375,25021.44921875,0.0,59.02123529959738,11.389149754006212,1.7550825539463704,24970.444042468742,24946.846370700376,35.51470079537863
2025-06-23 08:30:00+00:00,25014.30078125,25056.55078125,25010.5,25019.349609375,0.0,58.16469806260529,13.440388544830057,4.092143752123108,24974.62087473362,24949.49164170232,36.267277970708726
2025-06-23 08:45:00+00:00,24998.69921875,25018.599609375,24984.30078125,25015.099609375,0.0,55.042647276678466,13.649748554227699,6.003664712544026,24976.91405035423,24951.42135060615,36.12667441030096
2025-06-23 09:00:00+00:00,24984.94921875,24999.849609375,24978.0,24999.849609375,0.0,52.37444233891794,12.561358264676528,7.315203422970527,24977.67930448716,24952.736168964733,35.1068840506366
2025-06-23 09:15:00+00:00,24985.30078125,24991.19921875,24972.5,24985.5,0.0,52.43792647000351,11.593526319706143,8.17086800231765,24978.40515941695,24954.013212583766,33.934907957733984
2025-06-23 09:30:00+00:00,24983.900390625,24994.80078125,24976.849609375,24987.05078125,0.0,52.13978275614747,10.591421397635713,8.654978681381262,24978.928514770098,24955.18525878146,32.79321252325298
2025-06-23 09:45:00+00:00,24958.19921875,24986.0,24951.69921875,24979.69921875,0.0,46.87249949276593,7.635360566695454,8.451055058444101,24976.954296101518,24955.303453290035,32.900896003734914
2025-06-24 03:45:00+00:00,25199.5,25248.94921875,25158.5,25182.599609375,0.0,73.71784246031535,24.481411006083363,11.657126247971954,24998.14912504423,24964.87978845513,51.318689146325276
2025-06-24 04:00:00+00:00,25176.30078125,25210.69921875,25140.849609375,25199.900390625,0.0,70.05283708032388,35.55024320496159,16.43574963936988,25015.11594944478,24973.17080778042,52.64232630551633
2025-06-24 04:15:00+00:00,25193.0,25209.849609375,25119.05078125,25176.400390625,0.0,71.16416446845739,45.14940561770345,22.178480835036595,25032.057287592892,24981.79156041648,55.367790721193735
2025-06-24 04:30:00+00:00,25232.599609375,25247.30078125,25189.75,25193.44921875,0.0,73.66034423488247,55.314536966801825,28.805692061389642,25051.156556334045,24991.627170179563,55.52371861610847
2025-06-24 04:45:00+00:00,25233.5,25257.80078125,25206.650390625,25233.349609375,0.0,73.71605749509735,62.72013215379047,35.588580079869814,25068.522598587948,25001.11237919213,55.21133804531501
2025-06-24 05:00:00+00:00,25213.69921875,25247.5,25191.25,25234.80078125,0.0,70.19949368028571,66.22792780281452,41.71644962445876,25082.348943365287,25009.449117998323,55.285528184935366
2025-06-24 05:15:00+00:00,25223.0,25226.44921875,25167.099609375,25214.0,0.0,70.90167012006907,68.96340919105205,47.165841537777425,25095.744282092404,25017.823662390547,55.57581969851141
2025-06-24 05:30:00+00:00,25256.400390625,25276.0,25218.55078125,25221.849609375,0.0,73.33181860489805,72.9851034431922,52.329693918860386,25111.044863857413,25027.17961251739,55.709633916474885
2025-06-24 05:45:00+00:00,25283.5,25285.75,25248.099609375,25256.400390625,0.0,75.145519259392,77.46605662856382,57.356966460801075,25127.469162537658,25037.23139241867,54.41968796708382
2025-06-24 06:00:00+00:00,25281.349609375,25288.150390625,25266.650390625,25283.400390625,0.0,74.71131150018019,79.92242973956672,61.8700591165542,25142.124443188834,25046.804655828724,52.068281683720684
2025-06-24 06:15:00+00:00,25291.44921875,25292.849609375,25266.69921875,25282.19921875,0.0,75.42940671941167,81.74180851184065,65.8444089956115,25156.345850385136,25056.39856025701,50.21700375095492
2025-06-24 06:30:00+00:00,25308.75,25316.5,25285.849609375,25291.650390625,0.0,76.65245277821128,83.61583644154962,69.39869448479914,25170.860531300837,25066.294695148892,48.81938852767242
2025-06-24 06:45:00+00:00,25286.349609375,25311.099609375,25267.69921875,25307.44921875,0.0,71.6775469585286,82.34427916919594,71.9878114216785,25181.859491117422,25074.92429962835,48.43231724891011
2025-06-24 07:00:00+00:00,25181.150390625,25291.25,25143.94921875,25289.150390625,0.0,53.96403027520645,72.01768802510924,71.99378674236465,25181.79195773719,25079.090028687042,55.4943503918451
2025-06-24 07:15:00+00:00,25245.150390625,25278.650390625,25166.0,25181.94921875,0.0,60.37905874593209,68.21175264982958,71.23737992385765,25187.826094202697,25085.602199743433,59.576924694213304
2025-06-24 07:30:00+00:00,25182.349609375,25248.0,25182.349609375,25245.80078125,0.0,52.62913731787023,59.44280360766061,68.87846466061825,25187.304524219107,25089.396215807414,60.010743689269496
2025-06-24 07:45:00+00:00,25134.75,25202.099609375,25117.94921875,25183.349609375,0.0,47.638124952672285,48.09801368308399,64.7223744651114,25182.299331436334,25091.17479557967,61.735004184678814
2025-06-24 08:00:00+00:00,25043.5,25158.05078125,25031.69921875,25135.75,0.0,39.838412584237275,31.382317717296246,58.05436311554838,25169.080347490017,25089.305195753015,66.35047263577319
2025-06-24 08:15:00+00:00,25083.75,25085.55078125,25008.0,25044.150390625,0.0,44.17984144398646,21.139167684643326,50.67132402936737,25160.953647729064,25089.08734493917,67.15049467964653
2025-06-24 08:30:00+00:00,25040.150390625,25092.75,25000.349609375,25082.25,0.0,40.749501946364575,9.39497397462037,42.416054018417974,25149.448575623916,25087.168248691556,68.9540586757432
2025-06-24 08:45:00+00:00,25038.650390625,25055.349609375,25015.900390625,25042.849609375,0.0,40.632610959521976,-0.033040743772289716,33.926235065979924,25138.89636752878,25085.265587590908,66.84657010961868
2025-06-24 09:00:00+00:00,25057.75,25077.05078125,25034.05078125,25039.150390625,0.0,42.879435308959394,-5.8956698665097065,25.961854079482,25131.16814204985,25084.186544940283,65.14324367321736
2025-06-24 09:15:00+00:00,25032.19921875,25055.5,25015.5,25031.650390625,0.0,40.662371181367405,-12.459949650808994,18.2774933334238,25121.74253030701,25082.147826266155,63.50801198227326
2025-06-24 09:30:00+00:00,25041.5,25048.5,25022.599609375,25032.94921875,0.0,41.8411835586005,-16.718967505734327,11.278201165592174,25114.100384563484,25080.55379386356,60.82175331389659
2025-06-24 09:45:00+00:00,25071.55078125,25078.349609375,25038.849609375,25042.5,0.0,45.60148421535043,-17.468061993142328,5.5289485338452735,25110.04804139077,25080.200734545382,59.29877093433255
2025-06-25 03:45:00+00:00,25160.400390625,25184.349609375,25142.150390625,25150.349609375,0.0,54.88854493782953,-10.768175023244112,2.2695238224273964,25114.843503222604,25083.345819097525,63.1202035908088
2025-06-25 04:00:00+00:00,25188.349609375,25192.0,25159.44921875,25159.900390625,0.0,57.354919360758224,-3.1666942773263145,1.182280202476654,25121.844084760927,25087.463614794684,60.93667342360817
2025-06-25 04:15:00+00:00,25203.0,25204.69921875,25178.75,25188.25,0.0,58.631665131556005,3.9936616193590453,1.7445564858531326,25129.5732195456,25091.99445343019,58.43756951835045
2025-06-25 04:30:00+00:00,25173.05078125,25208.599609375,25173.05078125,25203.75,0.0,55.006165729920724,7.169003784911183,2.8294459456647427,25133.713939707923,25095.173132952536,56.80265941882542
2025-06-25 04:45:00+00:00,25207.650390625,25209.400390625,25172.650390625,25173.900390625,0.0,58.22035011495151,12.335192226189974,4.730595201769789,25140.75550646193,25099.584005802433,55.37032660319504
2025-06-25 05:00:00+00:00,25201.30078125,25217.099609375,25200.05078125,25207.69921875,0.0,57.4098286339632,15.735682226040808,6.931612606623993,25146.521723108413,25103.57289895724,52.63307671189539
2025-06-25 05:15:00+00:00,25205.30078125,25217.94921875,25188.150390625,25201.400390625,0.0,57.808315714328636,18.53964809799072,9.25321970489734,25152.119728645706,25107.562227674607,51.00205895568858
2025-06-25 05:30:00+00:00,25194.900390625,25210.599609375,25192.55078125,25205.25,0.0,56.33247981308931,19.695548624757066,11.341685488869286,25156.194077405642,25110.98725367266,48.64825675349654
2025-06-25 05:45:00+00:00,25211.650390625,25215.30078125,25194.30078125,25195.349609375,0.0,58.184047496351184,21.71290033518744,13.415928458132917,25161.47563104558,25114.934827670793,46.673381271103935
2025-06-25 06:00:00+00:00,25209.19921875,25220.25,25207.44921875,25212.19921875,0.0,57.79782621167381,22.850471009052853,15.302836968316905,25166.020734636477,25118.631470458215,44.25390984102508
2025-06-25 06:15:00+00:00,25213.25,25214.80078125,25204.849609375,25210.0,0.0,58.290564484518264,23.804465101009555,17.003162594855436,25170.518759909195,25122.34200102848,41.803714272023285
2025-06-25 06:30:00+00:00,25194.25,25215.150390625,25189.94921875,25212.94921875,0.0,55.04423349901566,22.764950898399547,18.15552025556426,25172.778878013083,25125.161922556777,40.61781838652162
2025-06-25 06:45:00+00:00,25204.599609375,25206.150390625,25180.30078125,25194.349609375,0.0,56.466475203127196,22.5166969188831,19.027755588228025,25175.809423857074,25128.277125961413,39.56294631427007
2025-06-25 07:00:00+00:00,25205.55078125,25217.30078125,25200.44921875,25204.849609375,0.0,56.60236092662625,22.141472361778142,19.65049894293805,25178.64193408497,25131.307465384496,37.94070461325078
2025-06-25 07:15:00+00:00,25208.69921875,25210.94921875,25188.650390625,25205.44921875,0.0,57.07992454621034,21.84632594397044,20.089664343144527,25181.504532624498,25134.34243610471,36.82342772123287
2025-06-25 07:30:00+00:00,25240.44921875,25244.69921875,25207.55078125,25208.19921875,0.0,61.66167661338106,23.898888426385383,20.8515091597927,25187.118312255498,25138.503486404526,36.84664270543052
2025-06-25 07:45:00+00:00,25258.80078125,25259.5,25227.349609375,25240.400390625,0.0,64.05046864536315,26.698611728261312,22.02092967348642,25193.9452140645,25143.22102737886,36.51119612825691
2025-06-25 08:00:00+00:00,25257.94921875,25265.94921875,25244.5,25258.69921875,0.0,63.851655292110344,28.519938540521252,23.320731446893387,25200.04083355836,25147.720172138514,35.435340601238565
2025-06-25 08:15:00+00:00,25236.25,25261.05078125,25234.75,25257.849609375,0.0,58.83971326056316,27.8908986379829,24.23476488511129,25203.48932560042,25151.191930093868,34.7828720761501
2025-06-25 08:30:00+00:00,25245.25,25246.849609375,25224.30078125,25236.05078125,0.0,60.23392799532897,27.7981648267305,24.947444873435135,25207.466532686096,25154.880481854896,33.909011793925096
2025-06-25 08:45:00+00:00,25258.05078125,25262.05078125,25244.80078125,25246.05078125,0.0,62.195367625798276,28.429866871170816,25.643929272982273,25212.28408016837,25158.92637594882,32.7190823800733
2025-06-25 09:00:00+00:00,25245.5,25259.19921875,25215.75,25258.25,0.0,59.11650730783008,27.59960111543478,26.035063641472775,25215.447501104714,25162.321420029257,33.485520692210926
2025-06-25 09:15:00+00:00,25235.19921875,25250.69921875,25222.650390625,25245.849609375,0.0,56.63836226450377,25.812867889533663,25.990624491084954,25217.328617070933,25165.17937292027,33.09718550883871
2025-06-25 09:30:00+00:00,25248.599609375,25255.75,25235.80078125,25235.80078125,0.0,59.04367165881245,25.18781896879591,25.83006338662715,25220.306806814177,25168.450754742025,32.20101377606452
2025-06-25 09:45:00+00:00,25238.349609375,25249.650390625,25234.650390625,25248.80078125,0.0,56.4636388748289,23.593403786235285,25.382731466548776,25222.025168962828,25171.19188629626,30.972369934917054
2025-06-26 03:45:00+00:00,25348.69921875,25351.55078125,25260.400390625,25271.69921875,0.0,71.10331591805391,30.878165245354467,26.481818222309915,25234.08936418065,25178.152958157192,36.845855787780124
2025-06-26 04:00:00+00:00,25347.099609375,25389.44921875,25336.69921875,25350.44921875,0.0,70.7320173808265,36.10610734728107,28.40667604730415,25244.85224467535,25184.77831702848,37.98186608865297
2025-06-26 04:15:00+00:00,25418.099609375,25421.349609375,25346.75,25346.75,0.0,76.57831166530971,45.4544254345783,31.81622592475898,25261.351993694363,25193.9281716303,40.59741918053491
2025-06-26 04:30:00+00:00,25386.19921875,25437.5,25384.55078125,25419.44921875,0.0,69.8291904660699,49.71584661625093,35.39615006305738,25273.242205604423,25201.46821269382,41.47969057835384
2025-06-26 04:45:00+00:00,25362.30078125,25395.80078125,25361.05078125,25385.900390625,0.0,65.19360466216608,50.58157649800705,38.43323535004731,25281.723974713525,25207.775372245043,40.99899839418571
2025-06-26 05:00:00+00:00,25306.80078125,25375.80078125,25304.05078125,25362.5,0.0,55.910941682896784,46.25607624584518,39.99780352920689,25284.112242002713,25211.65872161779,43.19549850888673
2025-06-26 05:15:00+00:00,25320.25,25345.349609375,25292.5,25306.900390625,0.0,57.49052341929139,43.41288892582088,40.68082060852969,25287.55393324055,25215.917203122975,43.885077856466246
2025-06-26 05:30:00+00:00,25337.75,25365.19921875,25322.349609375,25323.05078125,0.0,59.52264229578242,42.086598131776555,40.96197611317906,25292.334511027162,25220.694959863253,43.96108792029008
2025-06-26 05:45:00+00:00,25337.349609375,25349.650390625,25313.900390625,25337.849609375,0.0,59.45261540372102,40.535922067985666,40.876765304140385,25296.621663250768,25225.26965200097,43.37458164026936
2025-06-26 06:00:00+00:00,25318.849609375,25370.349609375,25318.349609375,25338.0,0.0,56.16471451658034,37.383273618375824,40.17806696698748,25298.738610500695,25228.939454250933,43.99068295167869
2025-06-26 06:15:00+00:00,25342.650390625,25350.19921875,25318.349609375,25318.599609375,0.0,59.284412994625356,36.3858675126321,39.419627076116406,25302.92068479825,25233.398706657757,43.12346341048736
2025-06-26 06:30:00+00:00,25396.400390625,25400.55078125,25348.150390625,25352.25,0.0,65.29188491704562,39.47751950941165,39.43120556277545,25311.823513924606,25239.790929558432,44.17895821152398
2025-06-26 06:45:00+00:00,25406.900390625,25413.5,25391.55078125,25399.349609375,0.0,66.3368022455441,42.28747455521079,40.002459361262524,25320.87845456274,25246.344241757124,42.59111967855797
2025-06-26 07:00:00+00:00,25402.19921875,25421.19921875,25389.94921875,25407.900390625,0.0,65.3876235758417,43.63207548647915,40.728382586305855,25328.62328924724,25252.456201639197,41.78103970151812
2025-06-26 07:15:00+00:00,25371.44921875,25403.19921875,25351.30078125,25403.19921875,0.0,59.400637882353635,41.73531467209614,40.92976900346391,25332.701949199884,25257.122594467073,42.50371097283825
2025-06-26 07:30:00+00:00,25392.44921875,25399.150390625,25370.19921875,25373.0,0.0,61.9621006607309,41.448846060578944,41.03358441488692,25338.39216534751,25262.429520909543,41.53567246584981
2025-06-26 07:45:00+00:00,25400.400390625,25450.900390625,25389.30078125,25393.5,0.0,62.91610577501728,41.38633483576632,41.1041344990628,25344.297710612034,25267.840143251327,42.96881081650339
2025-06-26 08:00:00+00:00,25442.05078125,25447.30078125,25395.599609375,25402.19921875,0.0,67.51255397242952,44.18825794497752,41.72095918824575,25353.607526863267,25274.671932976766,43.592550892110296
2025-06-26 08:15:00+00:00,25500.44921875,25502.75,25442.599609375,25442.849609375,0.0,72.63422440747662,50.53849177191296,43.48446570497919,25367.592449900098,25283.525944183562,44.814455739102414
2025-06-26 08:30:00+00:00,25515.94921875,25526.5,25475.30078125,25500.69921875,0.0,73.81421049040775,56.17427620301896,46.022427804587146,25381.72166598104,25292.640582401855,45.270510239880814
2025-06-26 08:45:00+00:00,25507.900390625,25525.19921875,25504.69921875,25517.599609375,0.0,72.07622246575009,59.30754237464862,48.67945071859944,25393.738687375702,25301.082143508644,43.50118807988933
2025-06-26 09:00:00+00:00,25504.5,25517.150390625,25493.30078125,25507.55078125,0.0,71.31229512293706,60.81525488234183,51.106611551347925,25404.28738381611,25309.05931435144,42.09750388668295
2025-06-26 09:15:00+00:00,25541.05078125,25547.400390625,25480.349609375,25509.19921875,0.0,74.44737169556316,64.21919162047925,53.72912756517419,25417.312469286004,25318.1570189357,43.8798808412056
2025-06-26 09:30:00+00:00,25542.099609375,25564.75,25535.75,25545.0,0.0,74.53337518697415,66.23791818459722,56.230885689058795,25429.19695881829,25326.939081305867,42.817032209690915
2025-06-26 09:45:00+00:00,25530.400390625,25559.5,25528.599609375,25541.05078125,0.0,71.63699809806437,66.13142247916403,58.210993047079846,25438.83538089512,25334.91795618113,41.965843525070134
2025-06-27 03:45:00+00:00,25538.599609375,25620.94921875,25538.599609375,25553.44921875,0.0,72.44516746758563,65.94841996090327,59.75847842984454,25448.336735988443,25342.905471992653,45.436056710779404
2025-06-27 04:00:00+00:00,25535.099609375,25573.80078125,25524.099609375,25537.30078125,0.0,71.5084942985098,64.77429069490245,60.76164088285612,25456.599866787165,25350.442496988042,45.74070779393802
2025-06-27 04:15:00+00:00,25545.349609375,25569.80078125,25528.44921875,25535.25,0.0,72.6247835067804,63.93388411105843,61.39608952849658,25465.052223224102,25358.08591316008,45.42719741579959
2025-06-27 04:30:00+00:00,25567.650390625,25568.80078125,25542.05078125,25544.5,0.0,74.9265259811773,64.32583433327454,61.98203848945218,25474.823477262285,25366.304127962627,44.09311188609962
2025-06-27 04:45:00+00:00,25556.69921875,25578.30078125,25553.55078125,25568.099609375,0.0,71.73670862292101,63.026262143182976,62.190883220198344,25482.621166927784,25373.77060211115,42.71146103709251
2025-06-27 05:00:00+00:00,25570.55078125,25572.650390625,25539.599609375,25556.55078125,0.0,73.28586139840489,62.394798750454356,62.23166632624955,25490.99541591085,25381.487471881304,42.02141248087162
2025-06-27 05:15:00+00:00,25604.75,25610.25,25571.05078125,25571.69921875,0.0,76.68390831286217,63.91715344275144,62.56876374954994,25501.829185824103,25390.242865140863,41.85554150009507
2025-06-27 05:30:00+00:00,25606.150390625,25608.599609375,25594.30078125,25605.900390625,0.0,76.8139649072269,64.49319294164525,62.953649587969004,25511.764538662283,25398.709826924558,39.88720483044542
2025-06-27 05:45:00+00:00,25601.150390625,25608.849609375,25596.55078125,25607.349609375,0.0,75.20106976210849,63.81068037876321,63.12505574612785,25520.277476944444,25406.64867255987,37.91660649434217
2025-06-27 06:00:00+00:00,25608.599609375,25610.900390625,25595.650390625,25601.75,0.0,76.00929853146296,63.143000745407335,63.12864474598375,25528.689108604496,25414.568317140856,36.29756317331773
2025-06-27 06:15:00+00:00,25610.05078125,25617.0,25597.44921875,25608.55078125,0.0,76.17221978853554,62.016074564060546,62.90613070959911,25536.437839332637,25422.23429612553,35.10136446450932
2025-06-27 06:30:00+00:00,25612.25,25617.80078125,25607.94921875,25610.900390625,0.0,76.43341530296952,60.60185555230419,62.44527567814013,25543.658045110482,25429.685892355905,33.29780718133008
2025-06-27 06:45:00+00:00,25625.0,25632.44921875,25612.099609375,25612.44921875,0.0,77.94299195165614,59.820323784657376,61.920285299443584,25551.4048979571,25437.345269126265,32.37293590944936
2025-06-27 07:00:00+00:00,25638.55078125,25648.44921875,25622.69921875,25624.75,0.0,79.4496560793599,59.607273481975426,61.45768293594996,25559.704505889757,25445.235681366412,31.899869058774406
2025-06-27 07:15:00+00:00,25640.30078125,25649.150390625,25634.55078125,25638.94921875,0.0,79.6430491778448,58.900669700884464,60.94628028893687,25567.380341638353,25452.885293126554,30.66413622421909
2025-06-27 07:30:00+00:00,25616.650390625,25644.5,25613.05078125,25641.25,0.0,70.0488673003102,55.78918919915668,59.91486207098084,25572.072727256127,25459.30745381277,30.720213547489152
2025-06-27 07:45:00+00:00,25634.650390625,25638.400390625,25608.80078125,25617.349609375,0.0,72.74039298819804,54.15154277530746,58.76219821184617,25578.032504719828,25466.18364741325,30.640170392311354
2025-06-27 08:00:00+00:00,25625.55078125,25637.05078125,25621.30078125,25635.5,0.0,69.34764260794041,51.52548009679231,57.3148545888354,25582.558054865556,25472.433338936262,29.576586792860546
2025-06-27 08:15:00+00:00,25632.69921875,25634.400390625,25620.349609375,25626.05078125,0.0,70.51124797708724,49.45108435041038,55.7421005411504,25587.333403806933,25478.718275399548,28.46760068265622
2025-06-27 08:30:00+00:00,25634.25,25639.349609375,25629.400390625,25634.25,0.0,70.77047939118454,47.38600944256177,54.07088232143268,25591.801651063415,25484.81755871721,27.144859116037917
2025-06-27 08:45:00+00:00,25615.400390625,25637.44921875,25611.55078125,25634.400390625,0.0,63.46721273165782,43.7243892148399,52.001583700114125,25594.04915006928,25489.938454086147,27.05582900060664
2025-06-27 09:00:00+00:00,25633.5,25634.150390625,25611.25,25616.05078125,0.0,66.98982159016148,41.80115828326598,49.9614986167445,25597.806373872205,25495.568318631787,26.759011973777596
2025-06-27 09:15:00+00:00,25629.5,25637.5,25624.849609375,25633.349609375,0.0,65.48698390653624,39.498898627094604,47.86897861881452,25600.824814455806,25500.82054143054,25.751253306007765
2025-06-27 09:30:00+00:00,25633.0,25653.349609375,25624.25,25630.05078125,0.0,66.20147003763526,37.524206319529185,45.800024158957456,25603.88911784097,25506.004049609735,25.990421596650066
2025-06-27 09:45:00+00:00,25632.44921875,25649.94921875,25629.599609375,25632.599609375,0.0,65.97002210540421,35.505519468079,43.741123220781766,25606.609127451353,25510.96268369367,25.587506437960776
2025-06-30 03:45:00+00:00,25632.599609375,25664.849609375,25592.30078125,25660.94921875,0.0,66.00497051317134,33.531302874001994,41.69915915142582,25609.08441144408,25515.732759210587,28.94188655846358
2025-06-30 04:00:00+00:00,25590.400390625,25631.94921875,25579.349609375,25631.849609375,0.0,50.37250152111376,28.236109427089104,39.006549206558475,25607.304980889883,25518.660901618994,30.67818037571618
2025-06-30 04:15:00+00:00,25558.44921875,25590.80078125,25558.19921875,25589.900390625,0.0,42.219286623716776,21.216863136174652,35.448611992481716,25602.652051162273,25520.221227780996,30.815564813165025
2025-06-30 04:30:00+00:00,25586.400390625,25596.0,25543.80078125,25558.19921875,0.0,49.86433233146601,17.705389147442474,31.899967423473868,25601.10427396825,25522.816489068995,32.34296866579609
2025-06-30 04:45:00+00:00,25555.0,25600.0,25553.0,25586.69921875,0.0,42.983804545779115,12.247589030659583,27.96949174491101,25596.713390733177,25524.07858753688,33.38989947538209
2025-06-30 05:00:00+00:00,25544.400390625,25569.900390625,25541.75,25554.849609375,0.0,40.93065793024435,6.9864082593267085,23.77287504779415,25591.731200246686,25524.875520991318,33.015648843211935
2025-06-30 05:15:00+00:00,25559.150390625,25562.94921875,25537.05078125,25544.599609375,0.0,44.87649185842592,3.961421520998556,19.810584342435032,25588.628265997002,25526.219633525972,32.50727660441108
2025-06-30 05:30:00+00:00,25547.849609375,25565.94921875,25546.55078125,25558.30078125,0.0,42.532282014071185,0.6447864380170358,15.977424761551434,25584.744584413955,25527.067867872993,31.570930954096006
2025-06-30 05:45:00+00:00,25555.400390625,25560.650390625,25539.0,25547.650390625,0.0,44.61410993609116,-1.358723301498685,12.510195148941412,25581.949899291198,25528.1789471966,30.862320930589146
2025-06-30 06:00:00+00:00,25561.69921875,25567.55078125,25554.099609375,25556.19921875,0.0,46.35978706920651,-2.4104700184834655,9.526062115456437,25580.02126304918,25529.493467649674,29.61866742661849
2025-06-30 06:15:00+00:00,25568.19921875,25578.30078125,25559.900390625,25561.849609375,0.0,48.175059766560715,-2.6884998392743,7.08314972451029,25578.895354068307,25531.011340241846,28.817361940788597
2025-06-30 06:30:00+00:00,25585.94921875,25589.80078125,25564.400390625,25569.25,0.0,52.86595544440068,-1.4597368801878474,5.374572403570663,25579.56715070466,25533.16576685001,28.57329256108941
2025-06-30 06:45:00+00:00,25571.5,25599.30078125,25570.599609375,25586.900390625,0.0,48.97943109345182,-1.6330399107609992,3.973049940704331,25578.798850637548,25534.66907011079,28.582426797797307
2025-06-30 07:00:00+00:00,25542.5,25575.5,25542.44921875,25572.25,0.0,42.26372882652427,-4.06359881037497,2.365720190488471,25575.341817243498,25534.976165400567,28.901594972954644
2025-06-30 07:15:00+00:00,25526.349609375,25554.80078125,25526.349609375,25542.400390625,0.0,39.05232917899989,-7.209924279464758,0.4505912964978249,25570.675892684594,25534.63786908584,28.869421894529314
2025-06-30 07:30:00+00:00,25505.69921875,25527.150390625,25499.25,25526.650390625,0.0,35.353310260643084,-11.240154320439615,-1.8875578268896631,25564.487638024155,25533.503020053064,28.80020537527722
2025-06-30 07:45:00+00:00,25510.599609375,25518.80078125,25490.69921875,25506.25,0.0,36.881177476414045,-13.878734680798516,-4.285793197671434,25559.355444819474,25532.604847085295,28.750302312757416
2025-06-30 08:00:00+00:00,25503.5,25514.349609375,25500.150390625,25509.650390625,0.0,35.56956274948139,-16.354186882726935,-6.699471934682535,25554.03587864619,25531.463480532933,27.710939201131886
2025-06-30 08:15:00+00:00,25499.75,25504.44921875,25473.30078125,25502.650390625,0.0,34.864279295707576,-18.406416535144672,-9.040860854774962,25548.8657949656,25530.21981462968,27.95647479390818
2025-06-30 08:30:00+00:00,25489.650390625,25502.19921875,25478.69921875,25499.19921875,0.0,32.96827471786915,-20.610195882080006,-11.354727860235972,25543.22623264745,25528.628856825573,27.63815516577188
2025-06-30 08:45:00+00:00,25491.25,25499.30078125,25478.0,25490.900390625,0.0,33.58433507306681,-21.974325438714004,-13.478647375931578,25538.276115252454,25527.163019303003,27.185485600359605
2025-06-30 09:00:00+00:00,25495.44921875,25495.44921875,25477.599609375,25491.349609375,0.0,35.266283395730866,-22.457687835634715,-15.274455467872205,25534.1973632046,25525.919340849945,26.518637298548207
2025-06-30 09:15:00+00:00,25505.900390625,25519.80078125,25492.25,25495.099609375,0.0,39.38093023092382,-21.746750785237964,-16.568914531345357,25531.50241343511,25525.13428397838,26.592361866509048
2025-06-30 09:30:00+00:00,25525.150390625,25526.650390625,25503.55078125,25504.900390625,0.0,46.168147828410774,-19.40631006729018,-17.136393638534322,25530.897458881765,25525.13491561158,26.342879545686973
2025-06-30 09:45:00+00:00,25507.44921875,25526.099609375,25505.349609375,25524.80078125,0.0,41.5601183431368,-18.763536206304707,-17.461822152088402,25528.664293154932,25524.44135887191,25.943388149566477
2025-07-01 03:45:00+00:00,25573.55078125,25579.5,25513.80078125,25558.19921875,0.0,58.298648455264335,-12.77304986272793,-16.524067694216306,25532.93919678303,25526.367218573014,29.236773371026015
2025-07-01 04:00:00+00:00,25580.099609375,25589.650390625,25570.099609375,25574.19921875,0.0,59.53522683966252,-7.411673419890576,-14.70158883935116,25537.43066464893,25528.474371153487,28.544916790952726
2025-07-01 04:15:00+00:00,25569.599609375,25593.150390625,25551.30078125,25580.25,0.0,56.63541386670285,-3.9643081336835166,-12.554132698217632,25540.494373670463,25530.087125593545,29.49525197552753
2025-07-01 04:30:00+00:00,25531.30078125,25572.30078125,25530.5,25569.75,0.0,47.53976166164353,-4.273380786842608,-10.897982315942627,25539.618793439942,25530.134719933016,30.374218352275562
2025-07-01 04:45:00+00:00,25545.80078125,25546.0,25522.849609375,25530.650390625,0.0,50.76378116610162,-3.3101370730801136,-9.380413267370125,25540.20755418376,25530.749075278778,29.858230657470163
2025-07-01 05:00:00+00:00,25542.900390625,25554.25,25535.75,25546.25,0.0,50.10052265529309,-2.7491067822629702,-8.054151970348695,25540.46401479721,25531.22559744922,29.046928467650865
2025-07-01 05:15:00+00:00,25520.94921875,25546.69921875,25519.650390625,25542.75,0.0,45.278725232938804,-4.029314917297597,-7.249184559738476,25538.605462792715,25530.822602206114,28.904207014604374
2025-07-01 05:30:00+00:00,25524.099609375,25526.650390625,25513.80078125,25521.0,0.0,46.08077574203763,-4.73509565794302,-6.746366779379385,25537.22395294341,25530.558955428423,27.75745004034692
2025-07-01 05:45:00+00:00,25526.30078125,25535.599609375,25517.19921875,25524.400390625,0.0,46.66894178314698,-5.05850451419974,-6.408794326343457,25536.18365087737,25530.39196820574,27.08908865353643
2025-07-01 06:00:00+00:00,25521.849609375,25532.349609375,25518.0,25527.150390625,0.0,45.58602976633945,-5.609319984036119,-6.248899457881989,25534.81850406762,25530.05697374179,26.179125847926684
2025-07-01 06:15:00+00:00,25515.400390625,25531.0,25502.69921875,25523.25,0.0,43.99320411735488,-6.491414283944323,-6.297402423094455,25532.96915993023,25529.482205776425,26.33067266236049
2025-07-01 06:30:00+00:00,25524.400390625,25526.80078125,25511.099609375,25515.30078125,0.0,46.78748672186029,-6.39058885756458,-6.31603970998848,25532.153086663067,25529.282918907746,25.571422606120457
2025-07-01 06:45:00+00:00,25541.75,25551.30078125,25522.44921875,25524.650390625,0.0,51.781765484167906,-4.854752931110852,-6.023782354212956,25533.06707840944,25529.77182404862,25.80571831282614
2025-07-01 07:00:00+00:00,25538.05078125,25547.19921875,25525.05078125,25541.099609375,0.0,50.68936753475557,-3.8912322288342693,-5.597272329137219,25533.54171677521,25530.09648903691,25.544483969052845
2025-07-01 07:15:00+00:00,25534.25,25546.44921875,25531.69921875,25536.650390625,0.0,49.533129282977434,-3.3951887899711437,-5.156855621304004,25533.609172320426,25530.25937181978,24.773449399834785
2025-07-01 07:30:00+00:00,25531.19921875,25541.25,25525.94921875,25534.099609375,0.0,48.5753417012424,-3.2112263231683755,-4.767729761676878,25533.379652932766,25530.296228562143,24.096830246275157
2025-07-01 07:45:00+00:00,25527.900390625,25535.099609375,25523.19921875,25531.19921875,0.0,47.505665951459044,-3.2936553939252917,-4.472914888126561,25532.857818427263,25530.202274133237,23.225655987612644
2025-07-01 08:00:00+00:00,25528.849609375,25536.900390625,25525.80078125,25528.099609375,0.0,47.86145005309408,-3.2449808864694205,-4.227328087795133,25532.47608423181,25530.149228456445,22.359509800997454
2025-07-01 08:15:00+00:00,25530.5,25531.80078125,25509.19921875,25528.400390625,0.0,48.51482343342483,-3.038210656854062,-3.989504601606919,25532.28788573354,25530.162984203253,22.376799279497636
2025-07-01 08:30:00+00:00,25551.849609375,25551.849609375,25526.25,25530.599609375,0.0,56.16709855273514,-1.1384849637724983,-3.419300674040035,25534.150907032727,25531.01344009234,22.60700000060495
2025-07-01 08:45:00+00:00,25534.69921875,25552.19921875,25533.5,25552.099609375,0.0,49.767888699539014,-1.0052440294275584,-2.9364893451175402,25534.203127196277,25531.15798043186,22.327872768418878
2025-07-01 09:00:00+00:00,25526.0,25537.05078125,25515.05078125,25534.44921875,0.0,46.852047573703125,-1.5833519836705818,-2.665861872828149,25533.421876987108,25530.955706689434,22.304453284960385
2025-07-01 09:15:00+00:00,25535.150390625,25543.0,25523.94921875,25527.150390625,0.0,50.15983918050019,-1.2882959779199155,-2.3903486938465024,25533.586497333574,25531.120204098672,22.07204813960607
2025-07-01 09:30:00+00:00,25537.25,25548.5,25530.5,25536.0,0.0,50.91473375951428,-0.8749551004511886,-2.0872699751674397,25533.935402349423,25531.360588251664,21.781187558205637
2025-07-01 09:45:00+00:00,25533.0,25556.94921875,25527.0,25537.0,0.0,49.28739544172534,-0.8801728733633354,-1.8458505548066189,25533.846316411385,25531.424878908463,22.36461835761952
2025-07-02 03:45:00+00:00,25568.94921875,25605.80078125,25559.75,25588.30078125,0.0,60.722974775382376,1.9935135338782857,-1.077977737069638,25537.18944996744,25532.89642164735,25.967201421360983
2025-07-02 04:00:00+00:00,25536.80078125,25576.44921875,25533.69921875,25568.900390625,0.0,49.88870629287391,1.6577114195060858,-0.5308399057544932,25537.152433899115,25533.04953378863,27.165972748406627
2025-07-02 04:15:00+00:00,25534.19921875,25559.150390625,25531.5,25535.900390625,0.0,49.12485829896526,1.1681952453509439,-0.1910328755334058,25536.871175313485,25533.09461947339,27.200574025306157
2025-07-02 04:30:00+00:00,25525.80078125,25535.55078125,25513.30078125,25534.099609375,0.0,46.64211482904882,0.10139758473815164,-0.13254678347909432,25535.816852069343,25532.808586601885,26.846961594927144
2025-07-02 04:45:00+00:00,25524.0,25528.150390625,25497.25,25526.099609375,0.0,46.104071848495664,-0.8792201417818433,-0.28188145513964413,25534.69143758655,25532.463151833184,27.13649223993235
2025-07-02 05:00:00+00:00,25491.05078125,25523.55078125,25482.69921875,25523.55078125,0.0,37.56531549342655,-4.265918487151794,-1.0786888615420742,25530.535184602115,25530.83913730051,28.148227169222896
2025-07-02 05:15:00+00:00,25491.650390625,25498.75,25485.599609375,25491.75,0.0,37.791111240725115,-6.822868084102083,-2.2275247060540764,25526.83187089001,25529.302323705393,27.076953130349832
2025-07-02 05:30:00+00:00,25476.25,25494.44921875,25466.75,25491.849609375,0.0,34.35456425202578,-9.97694387989759,-3.7774085408227793,25522.014549852865,25527.22184042283,27.12140067461056
2025-07-02 05:45:00+00:00,25493.400390625,25501.5,25463.69921875,25477.19921875,0.0,40.809763637700435,-10.966266189938324,-5.215180070645889,25519.289391831164,25525.89550905821,27.884213572852662
2025-07-02 06:00:00+00:00,25484.30078125,25494.30078125,25472.94921875,25493.900390625,0.0,38.638754454360566,-12.342299332391121,-6.640603922994936,25515.95714320439,25524.26434326181,27.417595639077472
2025-07-02 06:15:00+00:00,25490.05078125,25500.150390625,25480.44921875,25485.30078125,0.0,40.78251997623088,-12.821045534230507,-7.876692245242051,25513.489870637306,25522.922634947623,26.86642251307194
2025-07-02 06:30:00+00:00,25498.69921875,25503.94921875,25480.099609375,25490.0,0.0,43.95413994307736,-12.360118962631532,-8.773377588719947,25512.08123712423,25521.97269705752,26.650935860352515
2025-07-02 06:45:00+00:00,25491.599609375,25501.349609375,25488.80078125,25499.5,0.0,41.96703416640757,-12.424488704684336,-9.503599811912826,25510.130605910017,25520.781595579778,25.643642450684478
2025-07-02 07:00:00+00:00,25494.30078125,25495.650390625,25484.650390625,25491.25,0.0,43.02245909835255,-12.117853125608235,-10.026450474651908,25508.623003561443,25519.743132272728,24.597667989921298
2025-07-02 07:15:00+00:00,25475.0,25495.25,25460.5,25495.25,0.0,37.740792840914196,-13.279179844277678,-10.676996348577063,25505.42081274607,25517.988499634583,25.322834562069776
2025-07-02 07:30:00+00:00,25463.650390625,25489.94921875,25463.05078125,25474.69921875,0.0,35.01833055649276,-14.94310346466591,-11.530217771794833,25501.442677305968,25515.857593398912,25.435377629064792
2025-07-02 07:45:00+00:00,25406.099609375,25463.650390625,25404.349609375,25463.099609375,0.0,25.122231098484363,-20.66740106224097,-13.357654429884061,25492.362385122065,25511.553358731308,27.85433503056016
2025-07-02 08:00:00+00:00,25397.099609375,25417.650390625,25385.150390625,25405.349609375,0.0,23.980903988886766,-25.63467238726662,-15.813058021360575,25483.28973981282,25507.064976403613,28.186168242663005
2025-07-02 08:15:00+00:00,25407.0,25408.400390625,25384.150390625,25396.80078125,0.0,27.86332434434648,-28.44450141100606,-18.33934669928967,25476.024050306838,25503.140859681906,27.905013368187074
2025-07-02 08:30:00+00:00,25415.44921875,25425.099609375,25397.25,25408.05078125,0.0,31.09750097966932,-29.64776879244164,-20.601031117920066,25470.255018729997,25499.701971802224,27.90105594010228
2025-07-02 08:45:00+00:00,25404.650390625,25423.849609375,25398.650390625,25415.30078125,0.0,29.290026658223724,-31.114078314447397,-22.703640557225533,25464.006958910475,25495.974458814882,27.70806756938069
2025-07-02 09:00:00+00:00,25398.75,25411.80078125,25379.400390625,25404.75,0.0,28.321413446146096,-32.37900635659389,-24.638713717099208,25457.792010442812,25492.16173493979,28.043233501924927
2025-07-02 09:15:00+00:00,25431.0,25431.0,25397.05078125,25398.30078125,0.0,40.00056784513987,-30.428405747377838,-25.796652123154935,25455.24039040064,25489.763235530387,28.465089591073145
2025-07-02 09:30:00+00:00,25459.900390625,25472.80078125,25430.19921875,25430.19921875,0.0,48.153277110260596,-26.24795068178355,-25.886911834880657,25455.68419994582,25488.592143573314,29.47483765599649
2025-07-02 09:45:00+00:00,25444.75,25459.900390625,25440.05078125,25459.55078125,0.0,44.72255000093156,-23.88212159840623,-25.485953787585775,25454.642847570027,25486.872843825342,28.787321350211027
2025-07-03 03:45:00+00:00,25435.44921875,25536.69921875,25429.900390625,25496.30078125,0.0,42.71078095753014,-22.498333537656436,-24.888429737599907,25452.814882920502,25484.85623107729,34.35957183412452
2025-07-03 04:00:00+00:00,25497.19921875,25497.19921875,25434.849609375,25434.849609375,0.0,56.652536599353425,-16.231851911285048,-23.157114172336936,25457.04196252331,25485.340269809552,36.35886022990134
2025-07-03 04:15:00+00:00,25545.349609375,25547.0,25495.19921875,25497.099609375,0.0,64.00783183962619,-7.296180138077034,-19.984927365484957,25465.452214604426,25487.693577243495,37.46185458847981
2025-07-03 04:30:00+00:00,25543.05078125,25559.55078125,25529.599609375,25545.94921875,0.0,63.45424156814265,-0.3955326432478614,-16.067048421037537,25472.842554284958,25489.86444798885,36.92537725180268
2025-07-03 04:45:00+00:00,25553.05078125,25567.349609375,25532.150390625,25542.5,0.0,64.87729582993651,5.813185851489834,-11.691001566532064,25480.481433043537,25492.34234341086,36.80208021595963
2025-07-03 05:00:00+00:00,25547.849609375,25564.5,25544.69921875,25551.94921875,0.0,63.4924779984657,10.196411008597352,-7.313519051506181,25486.897449837008,25494.519098938865,35.58770171839108
2025-07-03 05:15:00+00:00,25531.150390625,25552.599609375,25526.44921875,25548.0,0.0,59.128557564317944,12.1822319464045,-3.4143688519240447,25491.112015626342,25495.955620181456,34.91360806886315
2025-07-03 05:30:00+00:00,25554.19921875,25567.099609375,25531.150390625,25531.150390625,0.0,62.91704823210735,15.437898663250962,0.3560846511109568,25497.12032068574,25498.239682870422,34.98758026037292
2025-07-03 05:45:00+00:00,25539.650390625,25576.30078125,25539.650390625,25554.849609375,0.0,59.18763028634926,16.652113948093756,3.6152905105075166,25501.170803537098,25499.863632194134,35.10635242927486
2025-07-03 06:00:00+00:00,25512.900390625,25552.44921875,25504.099609375,25542.30078125,0.0,52.970534884730604,15.279751405465504,5.948182689499115,25502.28790706928,25500.3748776228,36.05229935396951
2025-07-03 06:15:00+00:00,25514.400390625,25521.400390625,25484.849609375,25512.599609375,0.0,53.266972053246164,14.150068485680094,7.588559848735311,25503.441476931726,25500.92489774053,36.08790520368597
2025-07-03 06:30:00+00:00,25503.94921875,25517.80078125,25500.900390625,25513.599609375,0.0,50.86144774816713,12.270023216784466,8.524852522345142,25503.489833295374,25501.043498564428,34.71736844806554
2025-07-03 06:45:00+00:00,25511.650390625,25515.44921875,25486.44921875,25503.80078125,0.0,52.561488387175146,11.271562449510384,9.074194507778191,25504.267029231527,25501.459455115822,34.30898498748943
2025-07-03 07:00:00+00:00,25518.400390625,25538.55078125,25505.05078125,25511.150390625,0.0,54.06166983752885,10.899303301939653,9.439216266610483,25505.613063649955,25502.123805527946,34.2512003455259
2025-07-03 07:15:00+00:00,25512.19921875,25526.900390625,25510.05078125,25518.55078125,0.0,52.421543802911344,9.988758312505524,9.549124675789493,25506.240316516625,25502.51891977195,33.008229561916906
2025-07-03 07:30:00+00:00,25507.55078125,25512.94921875,25496.599609375,25512.0,0.0,51.168381400601234,8.790720832890656,9.397443907209727,25506.365122681706,25502.71624767305,31.81832811999427
2025-07-03 07:45:00+00:00,25503.849609375,25509.94921875,25479.75,25506.900390625,0.0,50.140592433094994,7.456658147064445,9.009286755180671,25506.125549985827,25502.760693229986,31.702677450708965
2025-07-03 08:00:00+00:00,25570.5,25587.150390625,25495.599609375,25503.349609375,0.0,64.11800959768674,11.64331645564016,9.53609269527257,25512.256449987177,25505.417136632732,35.97754200780118
2025-07-03 08:15:00+00:00,25499.44921875,25574.849609375,25480.0,25570.44921875,0.0,48.50688904240173,9.12290589733675,9.453455335685407,25511.036713678874,25505.183100637332,40.18268967688682
2025-07-03 08:30:00+00:00,25492.099609375,25509.150390625,25490.150390625,25499.05078125,0.0,47.22598914350029,6.457966895559366,8.854357647660198,25509.23317993565,25504.670022548613,38.669640414252044
2025-07-03 08:45:00+00:00,25453.599609375,25495.150390625,25453.55078125,25491.75,0.0,41.10296372472991,1.2252315876685316,7.328532435661865,25503.93474464416,25502.667261247687,38.87892391144833
2025-07-03 09:00:00+00:00,25405.599609375,25453.55078125,25384.650390625,25453.55078125,0.0,35.00864106801065,-6.717512389601325,4.519323470609227,25494.569493666146,25498.860686664444,41.02680211420203
2025-07-03 09:15:00+00:00,25408.849609375,25448.599609375,25393.30078125,25408.69921875,0.0,35.7037688236712,-12.604647843134444,1.094529207860493,25486.405695162226,25495.33084049623,42.04623254354474
2025-07-03 09:30:00+00:00,25397.94921875,25424.349609375,25396.05078125,25410.599609375,0.0,34.37574897797114,-17.942980025036377,-2.712972638718881,25477.98126883725,25491.511953368925,41.06427508507726
2025-07-03 09:45:00+00:00,25397.400390625,25418.44921875,25388.650390625,25399.5,0.0,34.306558451222585,-21.964736769838055,-6.563325464942716,25470.306899483705,25487.821303849556,40.2596003022146
2025-07-04 03:45:00+00:00,25424.900390625,25458.650390625,25393.94921875,25438.650390625,0.0,40.742589827873324,-22.671643202145788,-9.784989012383331,25465.98247006859,25485.35381705644,42.00542684312784
2025-07-04 04:00:00+00:00,25394.400390625,25429.5,25370.55078125,25424.55078125,0.0,36.474466889794215,-25.40016940179339,-12.908025090265344,25459.1651291692,25481.787016019913,43.215697693618715
2025-07-04 04:15:00+00:00,25414.0,25414.400390625,25387.30078125,25393.80078125,0.0,40.76857274385688,-25.68494138126698,-15.463408348465673,25454.86368829594,25479.12870166619,42.064548528003094
2025-07-04 04:30:00+00:00,25410.25,25423.55078125,25397.75,25414.05078125,0.0,40.208542738449424,-25.91449274545812,-17.553625227864163,25450.614765601087,25476.42757611066,40.90285086528859
2025-07-04 04:45:00+00:00,25410.849609375,25420.55078125,25395.75,25409.599609375,0.0,40.34964068162623,-25.75118673882025,-19.19313753005538,25446.82760786527,25473.855891140633,39.752703035625125
2025-07-04 05:00:00+00:00,25413.849609375,25417.0,25401.099609375,25410.44921875,0.0,41.098576938342276,-25.090463380471192,-20.372602700138543,25443.686846104294,25471.502703620416,38.04896643486619
2025-07-04 05:15:00+00:00,25419.25,25424.349609375,25406.69921875,25413.55078125,0.0,42.49817088231737,-23.85607103127404,-21.06929636636564,25441.359527427696,25469.453577988243,36.59192530559004
2025-07-04 05:30:00+00:00,25423.55078125,25426.849609375,25410.25,25419.55078125,0.0,43.64659755870612,-22.274008196080104,-21.310238732308537,25439.663456363152,25467.653468312234,35.16390273911932
2025-07-04 05:45:00+00:00,25403.599609375,25424.94921875,25389.25,25424.05078125,0.0,39.686796260691594,-22.372211899888498,-21.52263336582453,25436.22880426904,25465.14155227548,35.20213959703937
2025-07-04 06:00:00+00:00,25360.650390625,25405.05078125,25351.5,25403.099609375,0.0,32.79015008353798,-25.620346646173857,-22.342176021894396,25429.030860112467,25461.04385966174,36.51275685796513
2025-07-04 06:15:00+00:00,25339.599609375,25359.69921875,25333.94921875,25359.599609375,0.0,30.035163212383964,-29.55247640014568,-23.784236097544653,25420.51359813747,25456.28134004265,35.81192935918191
2025-07-04 06:30:00+00:00,25352.900390625,25359.44921875,25333.599609375,25339.05078125,0.0,33.81875832770221,-31.235393499126076,-25.27446757786094,25414.074245041043,25452.227185163527,35.10033507459749
2025-07-04 06:45:00+00:00,25350.599609375,25360.599609375,25345.44921875,25351.900390625,0.0,33.48146162059682,-32.38149749691365,-26.695873561671483,25408.029041644277,25448.241790034568,33.67533904248338
2025-07-04 07:00:00+00:00,25360.650390625,25367.150390625,25349.05078125,25352.099609375,0.0,36.462671609098145,-32.10865058638228,-27.778428966613646,25403.51678916625,25444.806833194976,32.56278692337742
2025-07-04 07:15:00+00:00,25358.099609375,25368.0,25352.44921875,25361.19921875,0.0,36.021437589652756,-31.732452216747333,-28.569233616640386,25399.191343471848,25441.40654990792,31.347643660993324
2025-07-04 07:30:00+00:00,25370.69921875,25374.94921875,25354.25,25357.25,0.0,39.89072124341313,-30.070989473111695,-28.86958478793465,25396.477807784053,25438.633713391922,30.587041881636658
2025-07-04 07:45:00+00:00,25363.599609375,25373.400390625,25358.44921875,25370.25,0.0,38.478582988261785,-28.992934915011574,-28.894254813350038,25393.346550792714,25435.691199508907,29.470194024019754
2025-07-04 08:00:00+00:00,25372.69921875,25381.099609375,25362.599609375,25363.599609375,0.0,41.34464747351546,-27.09200669382699,-28.53380518944543,25391.380138217217,25433.220925753656,28.686608736589772
2025-07-04 08:15:00+00:00,25384.05078125,25387.25,25365.80078125,25372.25,0.0,44.7994304052459,-24.388396900088992,-27.704723531574146,25390.682104220337,25431.29268479273,28.169652308976218
2025-07-04 08:30:00+00:00,25384.30078125,25388.69921875,25366.19921875,25383.94921875,0.0,44.8764354994253,-21.972310629778804,-26.55824095121508,25390.07435917554,25429.449865045957,27.764677144049347
2025-07-04 08:45:00+00:00,25389.25,25391.80078125,25373.5,25384.19921875,0.0,46.46852127368511,-19.43415937093596,-25.133424635159255,25389.99584877787,25427.87339975004,27.08868458018868
2025-07-04 09:00:00+00:00,25454.55078125,25454.55078125,25385.75,25387.44921875,0.0,62.044880207376245,-12.014928292119293,-22.509725366551265,25396.14393758474,25428.919571573566,30.06812005660377
2025-07-04 09:15:00+00:00,25453.650390625,25462.94921875,25438.849609375,25453.75,0.0,61.777956275443685,-6.137044182876707,-19.235189129816355,25401.620742636194,25429.8894076148,29.641797865060646
2025-07-04 09:30:00+00:00,25462.80078125,25466.400390625,25452.400390625,25453.25,0.0,63.496684574056005,-0.731980808879598,-15.534547465629005,25407.447412980364,25431.18004971814,28.524526588984884
2025-07-04 09:45:00+00:00,25467.80078125,25469.75,25449.30078125,25462.5,0.0,64.43770311274164,3.909957513300469,-11.645646469843111,25413.19535281557,25432.616156837037,27.94771888620025
2025-07-07 03:45:00+00:00,25439.900390625,25478.099609375,25408.19921875,25451.94921875,0.0,55.794370721233356,5.276573670125799,-8.26120244184933,25415.7386897498,25432.901813064014,30.94433829611452
2025-07-07 04:00:00+00:00,25451.900390625,25489.650390625,25439.80078125,25441.400390625,0.0,58.38018289784452,7.244417397894722,-5.160078473900519,25419.182661261722,25433.64685532131,32.2947148017492
2025-07-07 04:15:00+00:00,25462.099609375,25473.30078125,25438.900390625,25451.80078125,0.0,60.49531892593182,9.517230732777534,-2.224616632564908,25423.26998965346,25434.762649597928,32.44512021769569
2025-07-07 04:30:00+00:00,25436.099609375,25469.30078125,25417.05078125,25461.5,0.0,53.08853012282398,9.115392397059622,0.04338517335999792,25424.49185819837,25434.815079393105,33.859754487860286
2025-07-07 04:45:00+00:00,25435.400390625,25446.25,25427.44921875,25436.099609375,0.0,52.90094602006053,8.640904542615317,1.7628890472110619,25425.530766048523,25434.838032774747,32.78411354229884
2025-07-07 05:00:00+00:00,25449.400390625,25455.400390625,25434.25,25435.55078125,0.0,56.235351616725154,9.287492069270229,3.2678096516228954,25427.804063627238,25435.40910563162,31.953133333920352
2025-07-07 05:15:00+00:00,25468.80078125,25473.099609375,25447.55078125,25450.30078125,0.0,60.41730096685957,11.235846881383623,4.861417097575041,25431.708512924644,25436.718583106853,31.495682961854612
2025-07-07 05:30:00+00:00,25457.69921875,25478.75,25450.05078125,25469.80078125,0.0,57.05740626035472,11.748697125844046,6.238873103228842,25434.183818241345,25437.541353132074,31.295935518150714
2025-07-07 05:45:00+00:00,25453.650390625,25461.650390625,25447.150390625,25458.900390625,0.0,55.837791981922656,11.693631146426924,7.329824711868459,25436.03777751598,25438.173080092583,30.096225838282805
2025-07-07 06:00:00+00:00,25452.400390625,25456.25,25446.80078125,25453.30078125,0.0,55.443762674020064,11.417512431537034,8.147362255802173,25437.596121621602,25438.731013838955,28.621439617691177
2025-07-07 06:15:00+00:00,25439.0,25453.0,25433.94921875,25453.0,0.0,51.26708427231236,10.002088973364152,8.51830759931457,25437.729824324306,25438.74156231586,27.937821162856093
2025-07-07 06:30:00+00:00,25430.25,25443.80078125,25425.19921875,25439.05078125,0.0,48.68794348500707,8.081149352590728,8.430875949969801,25437.017460102943,25438.4085598721,27.270945544080657
2025-07-07 06:45:00+00:00,25448.0,25452.849609375,25421.25,25430.55078125,0.0,53.768901769077196,7.900001224032167,8.324701004782275,25438.063416283614,25438.784694779075,27.580135817717753
2025-07-07 07:00:00+00:00,25450.19921875,25453.25,25441.849609375,25447.5,0.0,54.37175929622656,7.843483801669208,8.228457564159662,25439.219206994698,25439.232323170094,26.42443973252363
2025-07-07 07:15:00+00:00,25425.849609375,25450.5,25421.25,25448.900390625,0.0,47.05535371817453,5.767400357635779,7.736246122854886,25437.945911983297,25438.707510864406,26.6262654659148
2025-07-07 07:30:00+00:00,25448.80078125,25455.349609375,25417.150390625,25423.849609375,0.0,53.41802948668463,5.905976608231867,7.370192219930282,25438.979709056315,25439.103325389333,27.452904986206597
2025-07-07 07:45:00+00:00,25447.849609375,25460.400390625,25444.25,25447.599609375,0.0,53.13304496993829,5.8713662093177845,7.070427017807783,25439.82446146762,25439.446316918184,26.645582531834698
2025-07-07 08:00:00+00:00,25452.75,25454.150390625,25444.05078125,25446.150390625,0.0,54.4804186048013,6.168253995529085,6.889992413352044,25441.055465137368,25439.968029980213,25.463727306346506
2025-07-07 08:15:00+00:00,25449.19921875,25458.349609375,25438.69921875,25451.849609375,0.0,53.285042623603715,6.047311688485934,6.721456268378822,25441.831060719524,25440.33003738295,25.048488971964613
2025-07-07 08:30:00+00:00,25452.05078125,25467.80078125,25446.80078125,25448.80078125,0.0,54.155003443944246,6.111116158026562,6.59938824630837,25442.80436743671,25440.789674397347,24.759311188252855
2025-07-07 08:45:00+00:00,25453.150390625,25465.25,25449.44921875,25453.599609375,0.0,54.50683123989795,6.179181192190299,6.515346835484756,25443.789702978454,25441.274408367062,24.11941619266337
2025-07-07 09:00:00+00:00,25425.25,25456.19921875,25415.849609375,25452.94921875,0.0,45.05820584273132,3.9364182922654436,5.999561126840894,25442.024016980507,25440.646000195804,25.278715705687414
2025-07-07 09:15:00+00:00,25441.25,25442.94921875,25419.55078125,25425.650390625,0.0,50.37127198881573,3.410761680730502,5.481801237618816,25441.950301077602,25440.66968646264,25.144410119566885
2025-07-07 09:30:00+00:00,25459.94921875,25466.599609375,25441.650390625,25442.400390625,0.0,55.75623390122719,4.45172894598727,5.275786779292507,25443.66448371307,25441.42574655234,25.15906720924068
2025-07-07 09:45:00+00:00,25454.94921875,25473.19921875,25453.349609375,25459.80078125,0.0,54.06691248883739,4.817709237046074,5.184171270843221,25444.739220383253,25441.956078795385,24.77982022108063
2025-07-08 03:45:00+00:00,25474.400390625,25489.19921875,25428.099609375,25441.05078125,0.0,59.24067288089468,6.601203697427991,5.467577756160175,25447.56409373961,25443.228404749487,27.374090874932016
2025-07-08 04:00:00+00:00,25471.55078125,25494.69921875,25458.349609375,25475.900390625,0.0,58.206305186576444,7.69598175815554,5.9132585565592475,25449.848540169172,25444.33908618088,28.015199339222587
2025-07-08 04:15:00+00:00,25458.05078125,25484.849609375,25456.25,25472.150390625,0.0,53.44531056065168,7.389087284271227,6.208424302101644,25450.629705986394,25444.876799713,28.056942913206687
2025-07-08 04:30:00+00:00,25448.19921875,25462.69921875,25442.94921875,25458.69921875,0.0,50.217285315028064,6.278557143374201,6.222450870356156,25450.3982310115,25445.00709065563,27.463589847977637
2025-07-08 04:45:00+00:00,25449.099609375,25460.55078125,25441.75,25448.900390625,0.0,50.51148504526591,5.408759195168386,6.059712535318603,25450.274552760402,25445.1675815858,26.84481780526495
2025-07-08 05:00:00+00:00,25446.5,25455.599609375,25439.80078125,25449.44921875,0.0,49.60008730126059,4.458279038364708,5.7394258359278245,25449.915071545125,25445.21983328832,26.05581854238888
2025-07-08 05:15:00+00:00,25451.349609375,25453.599609375,25432.30078125,25446.650390625,0.0,51.363145464686845,4.0496576800323965,5.401472204748739,25450.05169419559,25445.46021666427,25.71603351257539
2025-07-08 05:30:00+00:00,25436.55078125,25454.94921875,25431.05078125,25451.44921875,0.0,46.06730478833861,2.502829498374922,4.821743663473976,25448.765892962674,25445.11082704018,25.58620522596286
2025-07-08 05:45:00+00:00,25445.94921875,25445.94921875,25432.30078125,25436.80078125,0.0,49.61997345635387,2.012137709345552,4.259822472648292,25448.497638275752,25445.143705146445,24.733507531251227
2025-07-08 06:00:00+00:00,25436.650390625,25455.5,25434.75,25445.849609375,0.0,46.36568176075901,0.8629753722489113,3.5804530525684157,25447.36932897568,25444.81063398874,24.448971279018995
2025-07-08 06:15:00+00:00,25449.55078125,25453.099609375,25433.69921875,25436.0,0.0,51.15204506751031,0.981891022704076,3.060740646595548,25447.57708633514,25444.996522116635,24.088358375160492
2025-07-08 06:30:00+00:00,25449.900390625,25461.099609375,25445.400390625,25447.849609375,0.0,51.27894006928252,1.0917579807755828,2.666944113431555,25447.798353410366,25445.18883068559,23.48913411622046
2025-07-08 06:45:00+00:00,25466.150390625,25470.55078125,25449.400390625,25450.0,0.0,56.8852714510424,2.461690691736294,2.6258934290925025,25449.546166478427,25446.010852643998,23.32208100970471
2025-07-08 07:00:00+00:00,25468.44921875,25477.55078125,25441.599609375,25465.349609375,0.0,57.62808186081356,3.6903286411616136,2.8387804715063245,25451.34645717096,25446.890788569723,24.224158928654372
2025-07-08 07:15:00+00:00,25473.650390625,25478.69921875,25464.900390625,25468.150390625,0.0,59.33515011360237,5.025789991665079,3.2761823755380757,25453.47064130944,25447.94018472875,23.47949244267906
2025-07-08 07:30:00+00:00,25474.94921875,25480.25,25466.349609375,25472.5,0.0,59.77101015007453,6.118427880333911,3.844631476497243,25455.5162201133,25448.99936253351,22.795270884273414
2025-07-08 07:45:00+00:00,25473.44921875,25477.849609375,25464.5,25474.44921875,0.0,58.984704236977485,6.7850994127074955,4.432725063739294,25457.224124745368,25449.958180424353,22.12058077646817
2025-07-08 08:00:00+00:00,25469.849609375,25473.80078125,25447.150390625,25473.349609375,0.0,57.04529450255061,6.942949017411593,4.934769854473754,25458.42655185295,25450.738236461635,22.444138622791872
2025-07-08 08:15:00+00:00,25475.150390625,25478.80078125,25469.19921875,25469.30078125,0.0,59.17409599753035,7.410352778733795,5.429886439325763,25460.01929840267,25451.695575840593,21.526811756878168
2025-07-08 08:30:00+00:00,25460.599609375,25477.400390625,25449.19921875,25475.349609375,0.0,51.61254617644664,6.531357759497041,5.650180703360019,25460.07456611432,25452.044753626258,22.003551765315443
2025-07-08 08:45:00+00:00,25457.349609375,25465.400390625,25455.650390625,25460.80078125,0.0,50.0734408057547,5.508995761410915,5.6219437149701985,25459.815046424857,25452.252787185033,21.12829806779291
2025-07-08 09:00:00+00:00,25452.900390625,25466.150390625,25447.44921875,25457.650390625,0.0,47.964715437791895,4.290295882437931,5.355614148463745,25459.156507777254,25452.278183398364,20.954931911164845
2025-07-08 09:15:00+00:00,25482.30078125,25486.25,25450.75,25455.0,0.0,59.96319095188998,5.631912085438671,5.410873735858731,25461.36072429847,25453.45554017686,21.99386534608164
2025-07-08 09:30:00+00:00,25536.0,25538.900390625,25476.849609375,25483.55078125,0.0,72.45589300747844,10.902552918723813,6.509209572431748,25468.469226746234,25456.692577816983,24.855073624932952
2025-07-08 09:45:00+00:00,25523.099609375,25547.400390625,25517.30078125,25536.19921875,0.0,67.04368615206913,13.878635767669039,7.983094811479206,25473.672120329924,25459.296775132985,25.229683321366313
2025-07-09 03:45:00+00:00,25483.0,25522.599609375,25476.849609375,25514.599609375,0.0,53.632907875943204,12.853334280171111,8.957142705217588,25474.560489822314,25460.226313363062,26.731134512697288
2025-07-09 04:00:00+00:00,25482.30078125,25495.900390625,25472.05078125,25483.19921875,0.0,53.432203523973264,11.847780516112834,9.535270267396639,25475.297660434477,25461.091978770393,26.525311288576056
2025-07-09 04:15:00+00:00,25517.30078125,25519.150390625,25477.650390625,25483.849609375,0.0,61.24928783195481,13.716958843240718,10.371607982565456,25479.297957655002,25463.2962455343,27.594931910820623
2025-07-09 04:30:00+00:00,25527.75,25529.349609375,25503.599609375,25517.400390625,0.0,63.23360294789993,15.85865208992982,11.46901680403833,25483.912437878334,25465.823843748643,27.46315106004772
2025-07-09 04:45:00+00:00,25518.75,25537.25,25518.44921875,25527.650390625,0.0,60.36632962000256,16.637942786452186,12.5028020005211,25487.23030093754,25467.899379287912,26.844410359330027
2025-07-09 05:00:00+00:00,25526.30078125,25528.849609375,25516.150390625,25518.69921875,0.0,61.92617564866366,17.661233514081687,13.534488303233218,25490.951299062537,25470.189630345252,25.834039530092166
2025-07-09 05:15:00+00:00,25522.80078125,25531.5,25516.5,25526.400390625,0.0,60.73300369044797,17.982487121033046,14.424088066793184,25493.98458308039,25472.252812733674,25.060179563657012
2025-07-09 05:30:00+00:00,25534.099609375,25535.19921875,25515.75,25523.400390625,0.0,63.19818069411405,18.930583932797163,15.32538723999398,25497.805061775114,25474.678177307844,24.659396648395795
2025-07-09 05:45:00+00:00,25544.30078125,25548.69921875,25533.150390625,25534.150390625,0.0,65.31536607819965,20.271430371554743,16.31459586630613,25502.233225534626,25477.408475501656,24.008641753867522
2025-07-09 06:00:00+00:00,25531.19921875,25547.30078125,25530.400390625,25544.80078125,0.0,60.5013003144014,20.04579874526462,17.06083644209783,25504.99189155514,25479.517916413355,23.500909530376987
2025-07-09 06:15:00+00:00,25519.55078125,25534.099609375,25503.25,25531.400390625,0.0,56.513116424320415,18.711359593660745,17.390941072410413,25506.37845247846,25481.08783268146,24.025816662135774
2025-07-09 06:30:00+00:00,25538.25,25539.900390625,25515.650390625,25519.599609375,0.0,60.96188465557248,18.944299536498875,17.701612765228106,25509.413837956705,25483.329486301795,24.041829757697506
2025-07-09 06:45:00+00:00,25539.30078125,25542.099609375,25530.69921875,25537.94921875,0.0,61.202079389161966,18.994735893003963,17.960237390783277,25512.260213508445,25485.52443904486,23.138869819647685
2025-07-09 07:00:00+00:00,25532.44921875,25545.94921875,25532.400390625,25540.349609375,0.0,58.667341598069,18.271223939918855,18.022434700610393,25514.1829759124,25487.36462648428,22.453866841458563
2025-07-09 07:15:00+00:00,25530.849609375,25537.400390625,25523.0,25533.30078125,0.0,58.062734353536015,17.368546602720016,17.89165708103232,25515.77027433741,25489.069919930975,21.87861854028295
2025-07-09 07:30:00+00:00,25524.599609375,25531.849609375,25490.5,25531.650390625,0.0,55.64955610719268,15.964813115133438,17.506288287852545,25516.61116338861,25490.463241085643,23.269403599905594
2025-07-09 07:45:00+00:00,25531.30078125,25537.80078125,25521.80078125,25525.400390625,0.0,57.68045512251481,15.217653146344674,17.048561259550972,25518.010174613504,25492.06471324895,22.750160485626623
2025-07-09 08:00:00+00:00,25526.400390625,25534.55078125,25523.5,25532.5,0.0,55.67276012061131,14.067936503884994,16.452436308417777,25518.809242805077,25493.411210400955,21.914490540224723
2025-07-09 08:15:00+00:00,25529.19921875,25532.55078125,25516.849609375,25526.55078125,0.0,56.601876723803706,13.230111332399247,15.807971313214072,25519.79876432364,25494.814661708762,21.470682064137243
2025-07-09 08:30:00+00:00,25529.55078125,25532.099609375,25517.599609375,25529.849609375,0.0,56.724578777822266,12.450969972032908,15.13657104497784,25520.727527840438,25496.176862475088,20.972776202413154
2025-07-09 08:45:00+00:00,25491.349609375,25533.19921875,25490.75,25530.30078125,0.0,42.622609997280435,8.65125325839108,13.839507487660487,25517.92963084373,25495.98755843195,22.50680781295507
2025-07-09 09:00:00+00:00,25468.44921875,25492.05078125,25456.349609375,25492.05078125,0.0,36.727981745574084,3.7488656607129087,11.821379122270972,25513.21721064433,25494.90762354246,23.44926238881542
2025-07-09 09:15:00+00:00,25459.0,25470.44921875,25424.80078125,25469.44921875,0.0,34.6015583790215,-0.8885422509811178,9.279394847620553,25508.05366677344,25493.49948144276,25.034917753900032
2025-07-09 09:30:00+00:00,25478.44921875,25483.099609375,25460.900390625,25461.80078125,0.0,42.03984867993798,-2.960208580643666,6.8314741619677095,25505.234195533114,25492.90927506265,24.968110012550028
2025-07-09 09:45:00+00:00,25467.099609375,25482.349609375,25464.400390625,25478.400390625,0.0,39.23540151456962,-5.454956355104514,4.3741880585532655,25501.602330184724,25491.897131310194,24.466760636653596
2025-07-10 03:45:00+00:00,25451.650390625,25521.849609375,25447.44921875,25511.650390625,0.0,35.74033805349005,-8.579782388023887,1.783393969237835,25496.84500260761,25490.318827753912,28.033448492964055
2025-07-10 04:00:00+00:00,25438.94921875,25457.150390625,25431.44921875,25450.900390625,0.0,33.12763891452394,-11.943431510535447,-0.9619711267168212,25491.331118430695,25488.30433328317,27.866857305966622
2025-07-10 04:15:00+00:00,25426.69921875,25454.150390625,25410.5,25438.55078125,0.0,30.789799951704325,-15.419869637735246,-3.8535508289205063,25485.175699413485,25485.888446438734,28.994252543040435
2025-07-10 04:30:00+00:00,25412.80078125,25436.650390625,25402.900390625,25426.599609375,0.0,28.34566422141367,-19.07655697799055,-6.8981520587345155,25478.28285006458,25483.02226349016,29.33394878996612
2025-07-10 04:45:00+00:00,25422.44921875,25424.69921875,25400.599609375,25413.05078125,0.0,32.35986081621188,-20.954410370177357,-9.709403721023083,25472.965361367955,25480.646849970937,28.960067403182823
2025-07-10 05:00:00+00:00,25411.599609375,25427.55078125,25409.69921875,25421.25,0.0,30.30398133877725,-23.052362233058375,-12.377995423430143,25467.121004035293,25477.939115045607,28.16660276724119
2025-07-10 05:15:00+00:00,25389.0,25423.44921875,25381.5,25412.099609375,0.0,26.52390947052315,-26.23616957169361,-15.149630253082837,25459.680908412884,25474.451306612445,29.151075337438247
2025-07-10 05:30:00+00:00,25398.05078125,25401.69921875,25375.80078125,25388.900390625,0.0,30.275009536974338,-27.70961818946307,-17.661627840358886,25453.81137249261,25471.455207578627,28.918744063335513
2025-07-10 05:45:00+00:00,25377.80078125,25399.69921875,25363.80078125,25397.0,0.0,26.958835054172738,-30.16363499040017,-20.162029270367142,25446.572268564745,25467.782484977506,29.417293594525834
2025-07-10 06:00:00+00:00,25373.650390625,25383.650390625,25370.0,25377.349609375,0.0,26.322438479959615,-32.07363789010196,-22.544350994314108,25439.62732780858,25464.091030297015,28.2910862395597
2025-07-10 06:15:00+00:00,25369.599609375,25385.05078125,25368.75,25373.25,0.0,25.68513961731881,-33.5277066105009,-24.74102211755147,25432.958021291095,25460.385484378505,27.434635883162578
2025-07-10 06:30:00+00:00,25368.69921875,25374.44921875,25357.400390625,25368.94921875,0.0,25.537138120997056,-34.35667814658518,-26.664153323358214,25426.8381353348,25456.789944549935,26.692792471865253
2025-07-10 06:45:00+00:00,25403.69921875,25404.400390625,25365.650390625,25368.25,0.0,40.00813103200725,-31.822605382589245,-27.695843735204424,25424.63442899339,25454.70795530288,27.554021581017736
2025-07-10 07:00:00+00:00,25390.05078125,25410.75,25389.19921875,25402.900390625,0.0,36.989328994335786,-30.563334209855384,-28.269341830134618,25421.340748255927,25452.17237984983,27.125218700230757
2025-07-10 07:15:00+00:00,25402.30078125,25402.75,25384.650390625,25389.44921875,0.0,41.27250282075067,-28.251217659028043,-28.2657169959133,25419.527418064885,25450.21663088513,26.480532319857133
2025-07-10 07:30:00+00:00,25383.650390625,25404.30078125,25378.05078125,25400.599609375,0.0,37.133857673379985,-27.605559583204013,-28.133685513371443,25416.110558308705,25447.606190090613,26.464065725581627
2025-07-10 07:45:00+00:00,25392.349609375,25399.05078125,25379.44921875,25382.25,0.0,40.148590106731184,-26.09115407270656,-27.725179225238467,25413.84761079121,25445.43926535667,25.973886923754367
2025-07-10 08:00:00+00:00,25368.69921875,25399.05078125,25368.650390625,25390.55078125,0.0,35.20563272828129,-26.49395978729808,-27.47893533765039,25409.547763930143,25442.42985176425,26.290065759557628
2025-07-10 08:15:00+00:00,25375.150390625,25388.80078125,25357.099609375,25367.599609375,0.0,37.46719954476359,-25.992999445028545,-27.181748159126023,25406.271823615367,25439.791441523495,26.676573339232082
2025-07-10 08:30:00+00:00,25395.25,25431.05078125,25372.75,25374.349609375,0.0,44.02286151147883,-23.7009049880362,-26.48557952490806,25405.22212612819,25438.044718326495,28.93544533285836
2025-07-10 08:45:00+00:00,25412.849609375,25416.599609375,25392.849609375,25393.94921875,0.0,49.05877385692,-20.23105126118753,-25.23467387216396,25405.948553104077,25437.0566748382,28.565056380511333
2025-07-10 09:00:00+00:00,25409.55078125,25414.5,25400.05078125,25411.349609375,0.0,48.18377074926796,-17.545105983612302,-23.69676029445363,25406.291622451306,25435.978012344545,27.556782264046237
2025-07-10 09:15:00+00:00,25363.349609375,25411.0,25363.349609375,25408.30078125,0.0,37.96952956456756,-18.926352243535803,-22.742678684270068,25402.201906920232,25433.129839679073,28.99204000411436
2025-07-10 09:30:00+00:00,25362.150390625,25377.400390625,25343.349609375,25363.19921875,0.0,37.74586109604785,-19.888504487134924,-22.17184384484304,25398.387476796877,25430.346331873032,29.353378664534766
2025-07-10 09:45:00+00:00,25348.25,25374.69921875,25345.55078125,25362.75,0.0,35.160407620989645,-21.524540916030674,-22.042383259080566,25393.612479006697,25427.12686787801,29.33874000992514
2025-07-11 03:45:00+00:00,25310.400390625,25317.900390625,25247.099609375,25255.5,0.0,29.27943495024185,-25.580383983782667,-22.749983404020988,25385.68751820844,25422.549358966127,34.46814362528763
2025-07-11 04:00:00+00:00,25315.25,25322.400390625,25285.44921875,25309.900390625,0.0,30.87480584341408,-28.079661035626486,-23.81591893034209,25378.97918314097,25418.341540967456,34.64550278598137
2025-07-11 04:15:00+00:00,25286.900390625,25315.80078125,25279.349609375,25315.55078125,0.0,27.035324721819748,-31.979295245360845,-25.44859419334584,25370.209774329927,25413.186986052064,34.7744791494827
2025-07-11 04:30:00+00:00,25256.75,25287.599609375,25252.400390625,25287.05078125,0.0,23.664771670119876,-37.07528716613888,-27.77393278790445,25359.404081536602,25407.05220228532,34.804817692376794
2025-07-11 04:45:00+00:00,25239.19921875,25257.25,25231.80078125,25256.900390625,0.0,21.94931870489266,-42.045425355743646,-30.62823130147229,25347.95599936645,25400.469732342757,34.13656062506417
2025-07-11 05:00:00+00:00,25210.599609375,25240.69921875,25206.94921875,25238.80078125,0.0,19.47223526459466,-47.74170844183391,-34.050926729544614,25334.874438414885,25393.02384516755,34.1089491518453
2025-07-11 05:15:00+00:00,25175.05078125,25210.400390625,25170.55078125,25210.150390625,0.0,16.91668348047095,-54.49634719513051,-38.14001082266179,25319.653137732515,25384.475881876668,34.53322622135635
2025-07-11 05:30:00+00:00,25179.150390625,25214.849609375,25149.849609375,25176.25,0.0,18.249170291207577,-58.84036772469335,-42.280082203068105,25306.271923722277,25376.423901827584,36.70942434840232
2025-07-11 05:45:00+00:00,25161.650390625,25180.80078125,25153.150390625,25179.05078125,0.0,16.99609141918542,-62.96926850740056,-46.4179194639346,25292.49844437968,25368.00141119219,36.06235051101644
2025-07-11 06:00:00+00:00,25166.5,25180.650390625,25161.30078125,25161.30078125,0.0,18.662868534164048,-65.09970035559309,-50.1542756422663,25280.498592533993,25360.099395067005,34.86858328701526
2025-07-11 06:15:00+00:00,25163.19921875,25179.44921875,25161.55078125,25166.849609375,0.0,18.392157270665777,-66.29027537504953,-53.38147558882295,25269.327223602184,25352.37781952516,33.65643001651417
2025-07-11 06:30:00+00:00,25166.5,25167.80078125,25136.75,25163.05078125,0.0,19.64735683459294,-66.20430715240582,-55.94604190153953,25259.534154687688,25345.088493269275,33.470312247477445
2025-07-11 06:45:00+00:00,25157.150390625,25169.150390625,25155.69921875,25166.55078125,0.0,18.766848180100354,-66.12832587794401,-57.98249869682043,25249.78332001505,25337.71837159695,32.04037364944334
2025-07-11 07:00:00+00:00,25184.69921875,25205.150390625,25156.05078125,25157.05078125,0.0,28.880592542491016,-63.11756991928269,-59.009512941312884,25243.58483418028,25331.717620504915,33.2588904869831
2025-07-11 07:15:00+00:00,25163.599609375,25185.75,25159.25,25185.55078125,0.0,26.19099873258969,-61.72258671185409,-59.552127695421134,25235.967193722638,25325.12475732335,32.776112595055736
2025-07-11 07:30:00+00:00,25155.69921875,25167.75,25140.5,25163.69921875,0.0,25.2430575572851,-60.55649044008533,-59.75300024435398,25228.322624677625,25318.480618555765,32.38139026683747
2025-07-11 07:45:00+00:00,25152.55078125,25163.650390625,25150.25,25155.69921875,0.0,24.85694994760027,-59.20393720220454,-59.64318763592409,25221.106258636897,25311.9735661124,31.025604578134793
2025-07-11 08:00:00+00:00,25147.349609375,25159.0,25144.0,25152.849609375,0.0,24.19846620740934,-57.88446404913702,-59.29144291856668,25214.081815850048,25305.517724671718,29.880918536839452
2025-07-11 08:15:00+00:00,25168.400390625,25172.650390625,25144.44921875,25147.400390625,0.0,32.04487821833517,-54.51177217366785,-58.33550876958692,25209.731203923853,25300.140574316945,29.76093663242235
2025-07-11 08:30:00+00:00,25168.400390625,25191.55078125,25150.05078125,25169.0,0.0,32.04487821833517,-51.24813298720255,-56.918033613110055,25205.794935990627,25294.974292603536,30.599441158677898
2025-07-11 08:45:00+00:00,25152.349609375,25171.650390625,25150.80078125,25168.30078125,0.0,29.357609314389194,-49.38753061333773,-55.4119330131556,25200.704904884376,25289.381167771044,29.903024602700903
2025-07-11 09:00:00+00:00,25166.75,25171.44921875,25150.400390625,25153.69921875,0.0,34.65235632519541,-46.21822373936084,-53.57319115839665,25197.471104419197,25284.57210236826,29.27058199715084
2025-07-11 09:15:00+00:00,25167.94921875,25175.80078125,25157.400390625,25167.05078125,0.0,35.0886803080365,-43.11278097497052,-51.48110912171143,25194.659496260225,25279.99865595186,28.49413975628292
2025-07-11 09:30:00+00:00,25150.150390625,25172.05078125,25150.150390625,25166.349609375,0.0,31.705033307280743,-41.608277565832395,-49.50654281053562,25190.420533818775,25274.90656711551,28.023157675476998
2025-07-11 09:45:00+00:00,25140.55078125,25153.599609375,25130.44921875,25149.80078125,0.0,30.023424122095335,-40.7211479781472,-47.74946384405794,25185.67103357413,25269.637712767842,27.675102886157212
2025-07-14 03:45:00+00:00,25073.19921875,25149.05078125,25051.75,25149.05078125,0.0,21.433790554255168,-44.93481897949823,-47.186534871146,25174.959432162308,25261.9342424142,32.6483656264317
2025-07-14 04:00:00+00:00,25090.0,25091.25,25042.099609375,25071.900390625,0.0,27.041155811629025,-46.38381719731842,-47.025991336380486,25166.86805767066,25255.191723103842,33.827081697758004
2025-07-14 04:15:00+00:00,25117.150390625,25122.05078125,25077.0,25089.69921875,0.0,35.10208454995585,-44.82463857512266,-46.585720784128924,25162.13304176155,25249.778337516436,34.62877452291814
2025-07-14 04:30:00+00:00,25119.80078125,25127.19921875,25086.400390625,25117.5,0.0,35.847229971953524,-42.880810618135,-45.84473875093014,25158.10139790331,25244.681178447165,35.06949263735256
2025-07-14 04:45:00+00:00,25110.150390625,25127.05078125,25106.94921875,25120.75,0.0,34.30282950365293,-41.63903001087965,-45.003597002920046,25153.534635305372,25239.40546127767,34.00035477039881
2025-07-14 05:00:00+00:00,25088.05078125,25112.05078125,25071.849609375,25109.30078125,0.0,31.008209026575713,-41.95453791818363,-44.39378518597276,25147.298077776286,25233.46998362953,34.44327027787032
2025-07-14 05:15:00+00:00,25073.19921875,25095.19921875,25072.349609375,25087.75,0.0,28.992910025199322,-42.90835635930853,-44.096699420639915,25140.241043583308,25227.18485559504,33.61515164195101
2025-07-14 05:30:00+00:00,25063.94921875,25085.099609375,25061.849609375,25074.25,0.0,27.7818164150719,-43.904557629601186,-44.05827106243217,25132.975155503947,25220.783458071703,32.87478366752594
2025-07-14 05:45:00+00:00,25036.349609375,25066.400390625,25019.80078125,25063.75,0.0,24.49410715787019,-46.386398602000554,-44.52389657034585,25123.772722539285,25213.550758122812,33.85512836091694
2025-07-14 06:00:00+00:00,25033.349609375,25049.5,25024.25,25036.349609375,0.0,24.159432750423434,-48.04155721453935,-45.22742869918455,25115.16099747602,25206.484046407215,33.24047633513716
2025-07-14 06:15:00+00:00,25034.55078125,25044.5,25028.55078125,25034.349609375,0.0,24.603634113028846,-48.69503179314415,-45.92094931797648,25107.483834025923,25199.741565420656,32.005386507627364
2025-07-14 06:30:00+00:00,25045.400390625,25055.650390625,25029.25,25034.80078125,0.0,28.66767726358654,-47.78658825879393,-46.29407710613997,25101.5711251306,25193.68897033063,31.605029658868265
2025-07-14 06:45:00+00:00,25043.44921875,25056.55078125,25035.75,25046.44921875,0.0,28.371496904298482,-46.685917283062736,-46.37244514152453,25096.035705475304,25187.797215366685,30.833297629663388
2025-07-14 07:00:00+00:00,25055.849609375,25058.30078125,25039.900390625,25044.19921875,0.0,33.10193971894378,-44.30233003247122,-45.958422119713866,25092.20845822766,25182.622799445442,29.945232843616
2025-07-14 07:15:00+00:00,25039.05078125,25060.94921875,25033.80078125,25057.400390625,0.0,30.192903647175086,-43.270054743174114,-45.42074864440592,25087.145822325027,25176.992524222092,29.74546174764343
2025-07-14 07:30:00+00:00,25026.349609375,25050.44921875,25002.75,25039.30078125,0.0,28.176696166809393,-42.98138491118152,-44.93287589776104,25081.355706805974,25171.08495893397,31.02787296209747
2025-07-14 07:45:00+00:00,25057.349609375,25058.099609375,25025.5,25027.25,0.0,38.90095625303372,-39.7924682631965,-43.90479437084814,25079.069411812547,25166.624749147344,31.140139848733362
2025-07-14 08:00:00+00:00,25048.44921875,25058.55078125,25038.0,25058.55078125,0.0,37.184261131909935,-37.55055654311582,-42.633946805301676,25076.15320294945,25161.99041462196,30.38375709168098
2025-07-14 08:15:00+00:00,25035.25,25054.75,25012.900390625,25049.30078125,0.0,34.73611160768762,-36.41907556250953,-41.39097255674325,25072.257659811406,25157.020202283846,31.202746540489482
2025-07-14 08:30:00+00:00,25046.650390625,25046.650390625,25027.5,25034.599609375,0.0,38.50223303856128,-34.20812254422344,-39.95440255423929,25069.818872269843,25152.691974375655,30.341863975097375
2025-07-14 08:45:00+00:00,25058.80078125,25060.80078125,25038.150390625,25046.849609375,0.0,42.322411562209176,-31.116796311445796,-38.18688130568059,25068.769530267953,25149.0099668021,29.79247302151899
2025-07-14 09:00:00+00:00,25049.849609375,25060.599609375,25037.19921875,25059.25,0.0,40.33459479347611,-29.05426330073533,-36.36035770469154,25066.96763304005,25145.12132533437,29.335895707481917
2025-07-14 09:15:00+00:00,25105.099609375,25108.5,25045.349609375,25051.099609375,0.0,54.530502517900636,-22.699808511137235,-33.628247865980676,25070.599249833856,25143.551846277143,31.75121677301892
2025-07-14 09:30:00+00:00,25079.849609375,25107.099609375,25066.75,25107.05078125,0.0,48.814372864365225,-19.47680480406052,-30.797959253596648,25071.480236456824,25141.053719339805,32.36538767316043
2025-07-14 09:45:00+00:00,25087.099609375,25092.69921875,25077.099609375,25080.0,0.0,50.421381819088914,-16.151353981662396,-27.8686381992098,25072.967795782362,25138.937871890204,31.167832080434682
2025-07-15 03:45:00+00:00,25147.400390625,25150.44921875,25093.0,25093.0,0.0,61.30346345955198,-8.551564046942076,-24.00522336875626,25080.056614338806,25139.26973537,33.46653045861792
2025-07-15 04:00:00+00:00,25101.650390625,25155.69921875,25097.349609375,25147.94921875,0.0,51.98128494389058,-6.149431601825199,-20.43406501537005,25082.1131644613,25137.794466948624,35.2438932383595
2025-07-15 04:15:00+00:00,25101.55078125,25122.69921875,25089.25,25101.5,0.0,51.962757376892306,-4.205286056771001,-17.18830922365024,25083.964366060227,25136.373145940834,35.11570220347668
2025-07-15 04:30:00+00:00,25128.25,25130.900390625,25097.69921875,25102.80078125,0.0,56.44403681098788,-0.5043194068639423,-13.85151126029298,25088.182045483063,25136.054591198055,34.97895003715691
2025-07-15 04:45:00+00:00,25129.94921875,25132.55078125,25100.80078125,25128.25,0.0,56.72075585192519,2.5365957821704797,-10.573889851800288,25092.159871508484,25135.815164827545,34.74831074878856
2025-07-15 05:00:00+00:00,25160.349609375,25168.650390625,25128.0,25129.75,0.0,61.44068314313455,7.315274503980618,-6.9960569806441075,25098.654132257674,25136.777299907837,35.169887882803664
2025-07-15 05:15:00+00:00,25192.849609375,25197.05078125,25158.150390625,25159.69921875,0.0,65.74204479222175,13.568481200512906,-2.8831493444127045,25107.625130078373,25138.97621400459,35.436352364389116
2025-07-15 05:30:00+00:00,25221.400390625,25243.69921875,25190.44921875,25192.94921875,0.0,69.01232481614183,20.590645849359134,1.8116096943416635,25118.460869178052,25142.208534656373,36.708755766932754
2025-07-15 05:45:00+00:00,25211.849609375,25227.44921875,25204.150390625,25221.19921875,0.0,66.71791212460028,25.095804880798823,6.468448731633096,25127.355034911096,25144.93955719436,35.750903792508986
2025-07-15 06:00:00+00:00,25223.25,25228.30078125,25204.5,25211.75,0.0,68.08201119872656,29.248928674598574,11.024544720226192,25136.487888729087,25148.010554951445,34.8973236109012
2025-07-15 06:15:00+00:00,25204.650390625,25224.849609375,25199.55078125,25223.69921875,0.0,63.50863522733469,30.685749945529096,14.956785765286774,25142.979555576316,25150.23172497786,34.21171679047969
2025-07-15 06:30:00+00:00,25205.94921875,25213.650390625,25200.69921875,25204.599609375,0.0,63.69205188679316,31.56537968120756,18.278504548470934,25148.976666354763,25152.41672473363,32.693106439374
2025-07-15 06:45:00+00:00,25203.25,25206.25,25173.099609375,25206.19921875,0.0,62.98354051618752,31.679506557520654,20.95870495028088,25154.145555273357,25154.410186508783,32.72576959549014
2025-07-15 07:00:00+00:00,25215.69921875,25219.900390625,25203.69921875,25204.69921875,0.0,64.92169708632821,32.40100225483184,23.247164411191072,25160.0078089378,25156.813677969225,31.577528240455134
2025-07-15 07:15:00+00:00,25208.19921875,25220.400390625,25205.94921875,25216.349609375,0.0,62.78875197386533,31.998743872329214,24.997480303418705,25164.59746701515,25158.82879721553,30.354217071494052
2025-07-15 07:30:00+00:00,25204.19921875,25220.349609375,25204.19921875,25208.25,0.0,61.62586828619077,30.99983780202092,26.197951803139148,25168.36906241847,25160.60802943257,29.33965803960162
2025-07-15 07:45:00+00:00,25186.94921875,25207.44921875,25181.19921875,25204.75,0.0,56.74501312813756,28.487876205035718,26.655936683518462,25170.138601116712,25161.64101724894,29.118968179630077
2025-07-15 08:00:00+00:00,25182.849609375,25193.80078125,25169.55078125,25186.44921875,0.0,55.61759977911508,25.868132596799114,26.49837586617459,25171.34917333179,25162.472726744083,28.77118473822793
2025-07-15 08:15:00+00:00,25193.599609375,25198.0,25182.44921875,25183.30078125,0.0,57.97541401487197,24.378383244511497,26.074377341841974,25173.468262478764,25163.693388808042,27.826870203354506
2025-07-15 08:30:00+00:00,25184.849609375,25195.099609375,25159.5,25193.400390625,0.0,55.395770583016294,22.2353786722706,25.3065776079277,25174.552200278406,25164.52304451655,28.38206585847204
2025-07-15 08:45:00+00:00,25181.75,25193.05078125,25177.150390625,25185.0,0.0,54.471144965436594,20.0557295709732,24.2564080005368,25175.237705013795,25165.198611398253,27.49051762750975
2025-07-15 09:00:00+00:00,25178.25,25194.650390625,25162.44921875,25181.69921875,0.0,53.38753022031971,17.840269681681093,22.97318033676566,25175.524590250578,25165.710430559106,27.826992930901913
2025-07-15 09:15:00+00:00,25160.0,25179.94921875,25156.05078125,25178.69921875,0.0,48.022938882931484,14.44536213671745,21.26761669675602,25174.04605784576,25165.48649210581,27.54638182869463
2025-07-15 09:30:00+00:00,25201.900390625,25202.849609375,25161.30078125,25161.30078125,0.0,58.36668194865157,14.963396079991071,20.00677257340303,25176.698851443783,25166.91448812617,28.639469510573583
2025-07-15 09:45:00+00:00,25219.650390625,25225.05078125,25198.099609375,25201.94921875,0.0,61.83190692404878,16.61469451326775,19.328356961375974,25180.789474222947,25168.98256273397,28.51887682231833
2025-07-16 03:45:00+00:00,25146.69921875,25213.349609375,25127.849609375,25213.349609375,0.0,45.18584744563566,11.899638896735269,17.842613348447834,25177.542783225523,25168.10870610715,33.039012852867025
2025-07-16 04:00:00+00:00,25154.099609375,25167.80078125,25140.05078125,25147.150390625,0.0,46.7519127512732,8.660243134247139,16.006139305607697,25175.310100001665,25167.559329764714,32.66122622051938
2025-07-16 04:15:00+00:00,25155.05078125,25165.849609375,25135.0,25155.099609375,0.0,46.96165992961459,6.099439730482118,14.024799390582583,25173.380641072934,25167.06879845041,32.531825017268
2025-07-16 04:30:00+00:00,25141.75,25156.44921875,25136.80078125,25154.849609375,0.0,44.33192749113292,2.9625720098119928,11.812353914428465,25170.36819906599,25166.075904393532,31.611583051748855
2025-07-16 04:45:00+00:00,25148.69921875,25156.80078125,25132.69921875,25141.30078125,0.0,46.032305596010104,1.0255042427888839,9.65498398010055,25168.304486654943,25165.394465740846,31.075153012338223
2025-07-16 05:00:00+00:00,25127.05078125,25154.75,25123.44921875,25148.849609375,0.0,41.75363487101539,-2.230768984853057,7.277833387109829,25164.37556233066,25163.890791839243,31.09126931502835
2025-07-16 05:15:00+00:00,25138.5,25138.5,25121.19921875,25127.099609375,0.0,44.682136798880975,-3.843230342863535,5.053620641115156,25161.911223061077,25162.895074512217,30.10623445324061
2025-07-16 05:30:00+00:00,25145.75,25147.150390625,25134.44921875,25138.30078125,0.0,46.515920255305154,-4.484409693526686,3.146014574186788,25160.37205896002,25162.222718648994,28.863015697651996
2025-07-16 05:45:00+00:00,25147.30078125,25149.05078125,25127.75,25145.80078125,0.0,46.92124266821443,-4.811944758075697,1.5544227077342914,25159.12717536859,25161.637544633348,28.322856094248284
2025-07-16 06:00:00+00:00,25153.69921875,25156.19921875,25140.25,25147.5,0.0,48.65034884918696,-4.503306905426143,0.34287678510220454,25158.6102271192,25161.32623773596,27.439024855373408
2025-07-16 06:15:00+00:00,25185.650390625,25210.0,25151.400390625,25152.94921875,0.0,56.305071987304,-1.6613654535722162,-0.05797166263267961,25161.18548078642,25162.28012608455,29.664780892489595
2025-07-16 06:30:00+00:00,25179.099609375,25191.94921875,25177.900390625,25185.400390625,0.0,54.510890961122485,0.06159034720985801,-0.034059260664172086,25162.891588271043,25162.939713664568,28.549355694811766
2025-07-16 06:45:00+00:00,25185.05078125,25191.650390625,25171.400390625,25179.150390625,0.0,55.886160057196555,1.8855199663739768,0.3498565847434577,25165.001987602373,25163.806814354193,27.95654457375378
2025-07-16 07:00:00+00:00,25204.30078125,25208.05078125,25184.69921875,25185.05078125,0.0,60.08937593453658,4.828649782339198,1.2456152242626057,25168.744729854527,25165.394813055987,27.62761728277137
2025-07-16 07:15:00+00:00,25208.5,25233.400390625,25201.80078125,25204.849609375,0.0,60.963159636729074,7.414473785935115,2.4793869365971077,25172.530946058858,25167.08521254399,27.911331003644847
2025-07-16 07:30:00+00:00,25214.599609375,25217.0,25207.19921875,25208.69921875,0.0,62.255817672808696,9.842487370962772,3.952007023470241,25176.5374854223,25168.948522223636,26.617720306955928
2025-07-16 07:45:00+00:00,25206.599609375,25220.5,25203.0,25214.75,0.0,59.474121612647494,10.994435480362881,5.360492714848769,25179.40054484637,25170.425035445256,25.96645457074479
2025-07-16 08:00:00+00:00,25214.55078125,25218.44921875,25186.0,25206.099609375,0.0,61.323812791247285,12.405947732964705,6.7695837184719565,25182.74818640862,25172.155456849363,26.429509154977303
2025-07-16 08:15:00+00:00,25217.5,25231.30078125,25210.150390625,25213.80078125,0.0,62.016320088795396,13.605720392602962,8.136811053298157,25186.05788294113,25173.93367422782,26.052429259978926
2025-07-16 08:30:00+00:00,25243.75,25255.30078125,25216.30078125,25217.400390625,0.0,67.58042185691716,16.484679366476485,9.806384715933824,25191.55237028007,25176.671569356142,26.977255741409003
2025-07-16 08:45:00+00:00,25224.94921875,25252.849609375,25223.150390625,25243.400390625,0.0,60.71985465859415,17.052636988555605,11.25563517045818,25194.733022515302,25178.564810508844,27.171681670594072
2025-07-16 09:00:00+00:00,25233.849609375,25236.5,25224.099609375,25224.80078125,0.0,62.65278075660651,18.013288656984514,12.607165867763447,25198.458411740034,25180.73284183693,26.11658945305164
2025-07-16 09:15:00+00:00,25227.5,25239.19921875,25219.599609375,25234.849609375,0.0,60.37039622998661,18.054134787154908,13.69655965164174,25201.224277288602,25182.5668480394,25.651090876047952
2025-07-16 09:30:00+00:00,25207.5,25234.75,25207.25,25229.0,0.0,53.730830332987026,16.284950019766256,14.214237725266646,25201.82196516588,25183.544618704524,25.783155813473098
2025-07-16 09:45:00+00:00,25198.55078125,25215.650390625,25190.599609375,25209.19921875,0.0,51.02655019499443,13.999355329997343,14.171261246212786,25201.51042384056,25184.133095667094,25.73084334465359
2025-07-17 03:45:00+00:00,25209.80078125,25233.69921875,25199.30078125,25233.599609375,0.0,54.15057249696878,12.946546324277733,13.926318261825777,25202.299981689077,25185.139671572306,26.403528641464046
2025-07-17 04:00:00+00:00,25191.150390625,25213.650390625,25178.849609375,25209.900390625,0.0,48.614069966411364,10.486376525503147,13.238329914561252,25201.23811587345,25185.37538604496,27.003332399216614
2025-07-17 04:15:00+00:00,25189.05078125,25196.650390625,25180.849609375,25191.5,0.0,48.018847335115055,8.271899991981627,12.245043930045329,25200.07741733788,25185.519519190257,26.20315017427257
2025-07-17 04:30:00+00:00,25160.099609375,25191.80078125,25159.69921875,25189.44921875,0.0,40.631440728721735,4.133149396009685,10.6226650232382,25196.2700070557,25184.522659981816,26.624465340395954
2025-07-17 04:45:00+00:00,25155.150390625,25165.25,25150.69921875,25162.650390625,0.0,39.51234243166829,0.44862763966739294,8.587857546524038,25192.35385310992,25183.37080628155,25.7620593339391
2025-07-17 05:00:00+00:00,25148.900390625,25159.849609375,25144.0,25155.19921875,0.0,38.08576057323968,-2.9417939943887177,6.281927238341487,25188.215428111354,25182.01902527541,25.05402719401488
2025-07-17 05:15:00+00:00,25162.80078125,25171.099609375,25147.69921875,25148.900390625,0.0,43.01370720558587,-4.455719452755147,4.13439790012216,25185.79498555313,25181.265368646964,24.935910296228105
2025-07-17 05:30:00+00:00,25178.900390625,25200.099609375,25150.94921875,25162.05078125,0.0,48.16020452041388,-4.306766634348605,2.446164993228007,25185.138357464733,25181.172624410807,26.665516033997527
2025-07-17 05:45:00+00:00,25182.650390625,25188.900390625,25167.099609375,25177.94921875,0.0,49.30856061800118,-3.8418404474614363,1.1885639050901184,25184.9014082419,25181.23057602705,26.318034977997705
2025-07-17 06:00:00+00:00,25196.900390625,25205.19921875,25178.44921875,25182.400390625,0.0,53.52193117434744,-2.297048244654434,0.49144147514120806,25186.044168468863,25181.845078560305,26.34888962242644
2025-07-17 06:15:00+00:00,25189.849609375,25199.30078125,25182.25,25197.05078125,0.0,51.2519988941739,-1.6230192596121924,0.06854932819052795,25186.406591412306,25182.15898172951,25.68473902439598
2025-07-17 06:30:00+00:00,25184.30078125,25193.44921875,25181.150390625,25189.650390625,0.0,49.47370208028493,-1.5190794863192423,-0.24897643471142614,25186.206038063516,25182.242973867567,24.72860253158198
2025-07-17 06:45:00+00:00,25180.099609375,25186.650390625,25173.94921875,25184.05078125,0.0,48.11255296715898,-1.7554699618194718,-0.5502751401330352,25185.624473426516,25182.158920358055,23.869500341826125
2025-07-17 07:00:00+00:00,25193.55078125,25210.44921875,25168.44921875,25180.05078125,0.0,52.6083574136998,-0.8476428632820898,-0.6097486847628462,25186.379359885897,25182.605660000874,25.164536031695686
2025-07-17 07:15:00+00:00,25179.69921875,25193.75,25174.44921875,25193.75,0.0,47.99647932434643,-1.2316905169864185,-0.7341370512075607,25185.743155968194,25182.49168191261,24.74569640443171
2025-07-17 07:30:00+00:00,25167.099609375,25182.75,25163.650390625,25179.94921875,0.0,44.20074614989295,-2.523643238357181,-1.0920382886374846,25183.967580102177,25181.888071224857,24.342404473758016
2025-07-17 07:45:00+00:00,25166.5,25174.349609375,25155.55078125,25168.05078125,0.0,44.02232133688989,-3.5549295287382847,-1.5846165366576446,25182.304001044828,25181.284617451336,23.946434734561016
2025-07-17 08:00:00+00:00,25168.849609375,25172.75,25160.400390625,25166.69921875,0.0,44.959919282166844,-4.13497211916183,-2.094687653158482,25181.022630409607,25180.796970075797,23.118090066020944
2025-07-17 08:15:00+00:00,25177.44921875,25194.5,25160.69921875,25168.599609375,0.0,48.36857850818442,-3.856290527681267,-2.447008228063039,25180.682305489645,25180.66568571008,23.881139436305165
2025-07-17 08:30:00+00:00,25156.0,25182.0,25149.25,25177.400390625,0.0,41.470049231219974,-5.305052707830328,-3.0186171240164965,25178.331609728724,25179.69840391753,24.51462947656908
2025-07-17 08:45:00+00:00,25133.849609375,25163.05078125,25133.400390625,25156.150390625,0.0,35.79273799498415,-8.146649078800692,-4.044223514973336,25174.095228742655,25177.900411974686,24.88146955859986
2025-07-17 09:00:00+00:00,25138.44921875,25151.75,25124.44921875,25134.150390625,0.0,37.700042979983095,-9.913211310144106,-5.21802107400749,25170.700370648115,25176.353306358033,25.054277536557013
2025-07-17 09:15:00+00:00,25115.650390625,25139.30078125,25107.25,25138.599609375,0.0,32.54024119595637,-13.003008905237948,-6.775018640253583,25165.45751540782,25173.9727998587,25.55402780180294
2025-07-17 09:30:00+00:00,25120.599609375,25122.80078125,25102.30078125,25117.55078125,0.0,34.63178333265691,-14.88079858623314,-8.396174629449494,25161.185333880883,25171.879733565223,25.193025815959874
2025-07-17 09:45:00+00:00,25109.5,25121.900390625,25106.25,25120.099609375,0.0,32.21914835514768,-17.067858501988667,-10.130511403957328,25156.26292113032,25169.43346950384,24.511409016605597
2025-07-18 03:45:00+00:00,25070.5,25144.19921875,25061.599609375,25108.55078125,0.0,25.497742863740257,-21.697972584108356,-12.444003639987535,25148.095023879814,25165.55372560173,28.660566185062343
2025-07-18 04:00:00+00:00,25044.30078125,25086.150390625,25044.0,25070.19921875,0.0,22.15417569028213,-27.168250667433313,-15.38885304547669,25138.20985791507,25160.798708176175,29.62412507362932
2025-07-18 04:15:00+00:00,25039.0,25050.19921875,25026.44921875,25044.30078125,0.0,21.538764583736594,-31.567325725107366,-18.624547581402826,25128.7613000184,25156.0222882477,29.204544711227225
2025-07-18 04:30:00+00:00,25013.19921875,25042.25,25004.80078125,25039.80078125,0.0,18.801152747940222,-36.71233487884092,-22.242105040890443,25117.75538751665,25150.421383561516,29.793449999710994
2025-07-18 04:45:00+00:00,24952.650390625,25013.30078125,24938.599609375,25013.30078125,0.0,14.230097065628257,-45.155056717194384,-26.824695376151233,25102.031102098394,25142.66565834832,33.00114441937449
2025-07-18 05:00:00+00:00,24942.099609375,24962.599609375,24931.400390625,24952.55078125,0.0,13.60918826431734,-52.09679504676387,-31.87911531027376,25086.79953136283,25134.800323094467,32.8724354429906
2025-07-18 05:15:00+00:00,24931.05078125,24953.05078125,24931.05078125,24942.349609375,0.0,12.970914725723901,-57.823171251729946,-37.067926498565,25071.966317066373,25126.810144982923,32.09583291134842
2025-07-18 05:30:00+00:00,24957.400390625,24961.44921875,24925.599609375,24931.0,0.0,22.32686873372542,-59.54873167583355,-41.56408753401871,25061.05527645291,25120.16662520418,32.36395980160925
2025-07-18 05:45:00+00:00,24971.55078125,24976.55078125,24954.150390625,24958.400390625,0.0,26.873378215437015,-59.09324236649991,-45.06991850051495,25052.531038814537,25114.33855289225,31.6522762889943
2025-07-18 06:00:00+00:00,24921.80078125,24972.900390625,24920.650390625,24971.30078125,0.0,21.99807799282496,-62.03161122823076,-48.46225704605811,25040.080538094106,25106.788052043536,33.12354226835185
2025-07-18 06:15:00+00:00,24950.900390625,24963.55078125,24921.25,24922.0,0.0,29.9977115859065,-61.30550276544818,-51.03090618993613,25031.587190716098,25100.67481041928,33.77905933846957
2025-07-18 06:30:00+00:00,24933.599609375,24953.94921875,24932.150390625,24951.349609375,0.0,28.14931218886008,-61.418095462522615,-53.10834404445343,25022.255040112184,25094.12284175088,32.92332853750746
2025-07-18 06:45:00+00:00,24939.650390625,24943.05078125,24919.0,24933.400390625,0.0,29.77900259009651,-60.323704393707885,-54.55141611430433,25014.387930637215,25088.065098569474,32.28957515982835
2025-07-18 07:00:00+00:00,24936.599609375,24951.80078125,24929.30078125,24939.400390625,0.0,29.416715665622718,-59.02219303615493,-55.445571498674454,25006.979519088432,25082.125275463808,31.590319791269184
2025-07-18 07:15:00+00:00,24952.19921875,24952.69921875,24931.05078125,24936.30078125,0.0,33.84841324752047,-56.08545953766588,-55.57354910647274,25001.762347627628,25077.030135984838,30.880185341892815
2025-07-18 07:30:00+00:00,24949.900390625,24991.19921875,24941.05078125,24951.55078125,0.0,33.514465884809866,-53.3288317236038,-55.12460562989895,24996.823113627375,25072.04465577465,32.2564890674719
2025-07-18 07:45:00+00:00,24945.900390625,24951.69921875,24935.55078125,24949.25,0.0,32.90611452767294,-50.88043293226292,-54.27577109037175,24991.973330484292,25067.097821847216,31.105913955509617
2025-07-18 08:00:00+00:00,24969.0,24971.349609375,24941.80078125,24946.80078125,0.0,39.71196827118919,-46.53963389565615,-52.72854365142863,24989.785394247694,25063.250848441443,30.994693539044643
2025-07-18 08:15:00+00:00,24960.400390625,24994.25,24949.30078125,24968.55078125,0.0,38.160055048348056,-43.29436549637467,-50.84170802041784,24986.986822474104,25059.217497154525,31.99144533982717
2025-07-18 08:30:00+00:00,24970.099609375,24972.400390625,24958.30078125,24960.0,0.0,40.962374341157975,-39.484666360222036,-48.57029968837868,24985.378516464665,25055.72267802592,30.71345705662523
2025-07-18 08:45:00+00:00,24986.69921875,24988.150390625,24958.099609375,24969.349609375,0.0,45.51315574937629,-34.7257062736644,-45.80138100543583,24985.504297634696,25053.015875701374,30.666123070437713
2025-07-18 09:00:00+00:00,24963.650390625,25005.19921875,24963.5,24986.5,0.0,40.80932032550324,-32.440094702731585,-43.12912374489498,24983.422973157583,25049.51134687485,31.45420133326359
2025-07-18 09:15:00+00:00,24973.150390625,24974.80078125,24952.94921875,24964.150390625,0.0,43.4055805373454,-29.521850939720025,-40.407669183859994,24982.444631964005,25046.516799570934,30.768298559459048
2025-07-18 09:30:00+00:00,24970.69921875,24980.900390625,24962.69921875,24973.099609375,0.0,42.88292669037043,-27.09458134972374,-37.74505161703274,24981.326021181718,25043.54356110737,29.87064665342626
2025-07-18 09:45:00+00:00,24965.55078125,24978.400390625,24963.30078125,24971.0,0.0,41.74590480488816,-25.29480581511598,-35.25500245664939,24979.823617378697,25040.485020720807,28.8155725621101
2025-07-21 03:45:00+00:00,24901.55078125,25031.19921875,24895.099609375,25031.19921875,0.0,30.80980307655628,-28.701878478143044,-33.94437766094813,24972.369061556914,25035.036619172934,36.47871804874509
2025-07-21 04:00:00+00:00,24938.69921875,24944.5,24882.5,24901.900390625,0.0,40.54572363498176,-28.08074234828382,-32.77165059841526,24969.162409861015,25031.258681901447,38.30166675954901
2025-07-21 04:15:00+00:00,25035.25,25048.75,24930.94921875,24939.80078125,0.0,57.34532609984191,-19.5720321485569,-30.131726908443593,24975.456466064727,25031.415204179822,43.980174937438356
2025-07-21 04:30:00+00:00,25052.55078125,25070.75,25024.19921875,25033.94921875,0.0,59.55088922465703,-11.302501355054119,-26.3658817977657,24982.798781796657,25032.24405033944,44.1637896740499
2025-07-21 04:45:00+00:00,25044.44921875,25054.94921875,25035.44921875,25052.30078125,0.0,58.03750448157769,-5.340999293421191,-22.1609052968968,24988.670251982687,25032.722684394754,42.40209041161777
2025-07-21 05:00:00+00:00,25051.400390625,25063.400390625,25043.19921875,25045.150390625,0.0,59.00026023875443,-0.054931268856307724,-17.7397104912887,24994.644550901,25033.455143462605,40.81631051614507
2025-07-21 05:15:00+00:00,25060.19921875,25066.400390625,25036.5,25051.05078125,0.0,60.24366534026469,4.7891018346526835,-13.233948026100425,25000.887852600907,25034.503930728777,40.03660195249186
2025-07-21 05:30:00+00:00,25065.69921875,25079.30078125,25054.94921875,25059.94921875,0.0,61.03906150570086,8.968454245266912,-8.793467571826959,25007.060363662727,25035.727275357058,38.916241991599584
2025-07-21 05:45:00+00:00,25053.55078125,25071.30078125,25052.30078125,25065.55078125,0.0,58.26615069746484,11.171564917454816,-4.800461073970604,25011.48802248056,25036.426236372467,37.4936532779139
2025-07-21 06:00:00+00:00,25019.099609375,25066.75,25000.099609375,25053.25,0.0,51.16728894226452,10.022095865268057,-1.8359496861228721,25012.212935518124,25035.74676080394,39.57627737413434
2025-07-21 06:15:00+00:00,25042.75,25043.599609375,25009.55078125,25019.25,0.0,55.20232029503562,10.89394362791063,0.7100289766838286,25015.12122737354,25036.02139763516,39.181459570624746
2025-07-21 06:30:00+00:00,25044.75,25047.5,25033.19921875,25043.400390625,0.0,55.536909622053614,11.61241189062639,2.890505559472341,25017.943015242727,25036.36369576711,37.4042682620087
2025-07-21 06:45:00+00:00,25029.0,25050.69921875,25028.099609375,25044.44921875,0.0,52.22864265713542,10.786568941013684,4.46971823578061,25018.996061410086,25036.074923384087,36.346792627222364
2025-07-21 07:00:00+00:00,25045.80078125,25047.150390625,25010.0,25029.349609375,0.0,55.28830548700919,11.356850388572639,5.847144666339016,25021.548891871033,25036.45632957491,36.40419248420648
2025-07-21 07:15:00+00:00,25039.75,25056.75,25039.44921875,25045.900390625,0.0,53.94816801954515,11.191545891488204,6.9160249113688534,25023.282330740458,25036.585493120994,35.039663110334594
2025-07-21 07:30:00+00:00,25047.94921875,25059.19921875,25039.30078125,25040.69921875,0.0,55.52147038528149,11.588563568799145,7.850532642854913,25025.63155816994,25037.03112942017,33.95814699531069
2025-07-21 07:45:00+00:00,25044.400390625,25051.94921875,25037.349609375,25044.900390625,0.0,54.65118430297296,11.484456501802924,8.577317414644515,25027.4190660228,25037.320120055658,32.57539430814564
2025-07-21 08:00:00+00:00,25041.849609375,25053.099609375,25040.5,25044.349609375,0.0,53.99604155933043,11.068533013396518,9.075560534394915,25028.793403484917,25037.49774708779,31.148552527206668
2025-07-21 08:15:00+00:00,25012.349609375,25044.80078125,24988.099609375,25042.69921875,0.0,46.98153616173829,8.263253550816444,8.913099137679222,25027.227327855402,25036.511545608857,32.97373962347762
2025-07-21 08:30:00+00:00,25024.900390625,25034.94921875,25006.599609375,25012.400390625,0.0,49.95995810641617,6.97241881744776,8.52496307363293,25027.00571478584,25036.056206197725,32.643444605729215
2025-07-21 08:45:00+00:00,25032.75,25039.94921875,25022.349609375,25024.900390625,0.0,51.78431334135413,6.507802964326402,8.121531051771624,25027.55278956814,25035.926551052715,31.568884946391414
2025-07-21 09:00:00+00:00,25030.69921875,25036.0,25000.0,25032.849609375,0.0,51.25852155852509,5.906029612571729,7.678430763931646,25027.852449490223,25035.72155762908,31.885393164506315
2025-07-21 09:15:00+00:00,25050.44921875,25050.94921875,25029.55078125,25030.55078125,0.0,55.902227112319004,6.942748159061011,7.53129424295752,25030.00452275306,25036.299112967154,31.136324902755863
2025-07-21 09:30:00+00:00,25088.099609375,25090.55078125,25050.849609375,25050.849609375,0.0,63.11639726954154,10.679322361764207,8.160899866718857,25035.53738814563,25038.330504983147,31.77669901684473
2025-07-21 09:45:00+00:00,25093.30078125,25111.349609375,25084.25,25089.849609375,0.0,63.992744361140495,13.900044381123735,9.308728769599833,25041.038663679377,25040.48620209165,31.442621185284395
2025-07-22 03:45:00+00:00,25124.0,25171.44921875,25116.599609375,25169.94921875,0.0,68.71727048748261,18.713937551492563,11.189770525978378,25048.93974332896,25043.761252990018,34.778750922049795
2025-07-22 04:00:00+00:00,25109.19921875,25140.94921875,25089.599609375,25124.849609375,0.0,64.33444865670634,21.09155292655487,13.170127006093677,25054.678740988107,25046.327447725704,35.96238366868909
2025-07-22 04:15:00+00:00,25097.55078125,25131.599609375,25090.69921875,25110.44921875,0.0,61.035048960309005,21.78477733235195,14.893057071345334,25058.76179244162,25048.336205903128,36.31509845128273
2025-07-22 04:30:00+00:00,25111.05078125,25111.5,25086.099609375,25098.25,0.0,63.379120667585305,23.15656537299219,16.545758731674706,25063.741696137655,25050.795601014768,35.535476463691104
2025-07-22 04:45:00+00:00,25102.0,25123.80078125,25100.5,25111.30078125,0.0,60.740877609990186,23.245435956134315,17.88569417656663,25067.385344124545,25052.803616661247,34.66156966271317
2025-07-22 05:00:00+00:00,25087.849609375,25105.849609375,25086.30078125,25102.05078125,0.0,56.76257575047268,21.921352563087567,18.69282585387082,25069.33432176745,25054.177969316686,33.58208812430509
2025-07-22 05:15:00+00:00,25085.849609375,25100.19921875,25076.599609375,25087.650390625,0.0,56.202280605289324,20.474605146162503,19.04918171232916,25070.9072063015,25055.41999441701,32.86905392792615
2025-07-22 05:30:00+00:00,25072.0,25088.30078125,25055.849609375,25086.25,0.0,52.348795617489685,18.002972602746013,18.83993989041253,25071.011281891835,25056.070190714385,32.83920520986
2025-07-22 05:45:00+00:00,25060.44921875,25072.44921875,25047.150390625,25072.30078125,0.0,49.31203093366864,14.939916435083433,18.05993519934671,25070.005371116426,25056.241917304018,32.30060684665571
2025-07-22 06:00:00+00:00,25062.900390625,25064.5,25048.75,25060.94921875,0.0,49.97521904228888,12.565365724691219,16.961021304415613,25069.32870630772,25056.50303390484,31.11842064332316
2025-07-22 06:15:00+00:00,25085.349609375,25086.650390625,25035.75,25062.900390625,0.0,55.69286965046336,12.352588564412144,16.03933475641492,25070.85450659984,25057.63427215857,32.53141849915722
2025-07-22 06:30:00+00:00,25075.099609375,25087.599609375,25072.099609375,25085.80078125,0.0,52.729451166465914,11.227448754347279,15.076957556001393,25071.25880210224,25058.319187343528,31.314888606360277
2025-07-22 06:45:00+00:00,25099.599609375,25102.099609375,25071.099609375,25075.599609375,0.0,58.42404236984941,12.17239678059559,14.496045400920233,25073.957926604406,25059.938027423195,31.29239656304883
2025-07-22 07:00:00+00:00,25110.25,25111.849609375,25097.25,25099.30078125,0.0,60.64362411205236,13.62362771392145,14.321561863520477,25077.414314546844,25061.91104595562,30.10005462104534
2025-07-22 07:15:00+00:00,25115.55078125,25116.400390625,25103.75,25109.849609375,0.0,61.73846326640625,15.028231334457814,14.462895757707946,25081.046358994765,25064.014564986777,28.853650049899244
2025-07-22 07:30:00+00:00,25092.19921875,25119.69921875,25078.849609375,25114.849609375,0.0,54.54042011229847,14.094639654431376,14.389244537052633,25082.108536114312,25065.11984552651,29.71050428740644
2025-07-22 07:45:00+00:00,25081.099609375,25097.05078125,25078.69921875,25092.349609375,0.0,51.468722550011464,12.317131582851289,13.974821946212366,25082.012447853424,25065.746502932332,28.899151302591694
2025-07-22 08:00:00+00:00,25080.25,25089.150390625,25074.150390625,25081.05078125,0.0,51.23088080576971,10.716355775111879,13.323128711992268,25081.844595676906,25066.31526752322,27.906354780978003
2025-07-22 08:15:00+00:00,25088.80078125,25107.30078125,25073.5,25079.94921875,0.0,53.55702130031363,10.022176586422574,12.66293828687833,25082.50708954101,25067.19705237525,28.327385243051
2025-07-22 08:30:00+00:00,25086.44921875,25107.650390625,25085.5,25088.19921875,0.0,52.81100066672295,9.176502132759197,11.965651056054504,25082.882530418057,25067.952039291908,27.886171341761642
2025-07-22 08:45:00+00:00,25069.5,25089.55078125,25061.44921875,25086.5,0.0,47.65812975966809,7.05728672452824,10.983978189749251,25081.608003711575,25068.012743633404,27.901556424492952
2025-07-22 09:00:00+00:00,25064.94921875,25073.900390625,25044.849609375,25069.05078125,0.0,46.350454751279315,4.953482567379979,9.777879065275398,25080.021452762852,25067.892605402685,27.98364391202917
2025-07-22 09:15:00+00:00,25066.599609375,25080.0,25064.099609375,25064.75,0.0,46.91928808561252,3.380408105884271,8.498384873397173,25078.74318196401,25067.84189967611,27.120554391527087
2025-07-22 09:30:00+00:00,25058.5,25067.400390625,25047.900390625,25062.650390625,0.0,44.429554043608896,1.4632965052114741,7.091367199760033,25076.8152598722,25067.475550669205,26.57622907784658
2025-07-22 09:45:00+00:00,25064.900390625,25071.05078125,25054.94921875,25059.55078125,0.0,46.830546679063225,0.4551827197246894,5.764130303752965,25075.680510420087,25067.374564000806,25.828038608000394
2025-07-23 03:45:00+00:00,25113.75,25145.400390625,25105.44921875,25142.94921875,0.0,60.7642889123803,3.556997650244739,5.32270377305132,25079.306176094364,25069.193208549797,29.733178707428937
2025-07-23 04:00:00+00:00,25096.900390625,25127.400390625,25094.75,25114.349609375,0.0,55.37385459830334,4.602530564181507,5.178669131277357,25080.981815573472,25070.279764709612,29.941550987255443
2025-07-23 04:15:00+00:00,25116.900390625,25120.400390625,25085.900390625,25097.55078125,0.0,59.918914910696856,6.964671387762792,5.535869582574444,25084.402632245048,25072.108024549434,30.26715448816577
2025-07-23 04:30:00+00:00,25109.30078125,25119.69921875,25090.849609375,25117.099609375,0.0,57.521588854968535,8.129745400390675,6.05464474613769,25086.773884531234,25073.56656402789,30.165901265796784
2025-07-23 04:45:00+00:00,25108.400390625,25112.5,25095.94921875,25108.94921875,0.0,57.229438091635906,8.878079971247644,6.619331791159682,25088.83355177826,25074.93259644346,29.193392693239872
2025-07-23 05:00:00+00:00,25114.650390625,25116.69921875,25097.80078125,25109.05078125,0.0,58.79392223549548,9.861782783504168,7.267821989628579,25091.292298335095,25076.4901569996,28.458038750865594
2025-07-23 05:15:00+00:00,25122.44921875,25132.05078125,25111.25,25115.25,0.0,60.724477323005864,11.142233865375601,8.042704364777983,25094.259624088896,25078.292473146674,27.911091786518053
2025-07-23 05:30:00+00:00,25127.849609375,25142.30078125,25121.5,25122.150390625,0.0,62.05037178043519,12.449259647575673,8.924015421337522,25097.45867030662,25080.23589025367,27.403212462481047
2025-07-23 05:45:00+00:00,25125.05078125,25138.099609375,25102.80078125,25128.05078125,0.0,60.902851558977424,13.108142451037565,9.76084082727753,25100.08649039647,25081.993336959407,27.96718500980383
2025-07-23 06:00:00+00:00,25125.25,25130.44921875,25117.25,25124.400390625,0.0,60.95819733562605,13.490872724960354,10.506847206814095,25102.48301512061,25083.68967668649,26.9123302769607
2025-07-23 06:15:00+00:00,25135.30078125,25137.5,25123.5,25125.19921875,0.0,63.74652219849817,14.438762210513232,11.293230207553924,25105.608516656743,25085.713641571332,25.990020971463505
2025-07-23 06:30:00+00:00,25151.849609375,25162.650390625,25130.55078125,25135.650390625,0.0,67.82155134872778,16.337000806481228,12.301984327339385,25110.012430248957,25088.30720893618,26.426420143144686
2025-07-23 06:45:00+00:00,25173.650390625,25176.5,25150.400390625,25150.94921875,0.0,72.24720363291225,19.377141791286704,13.71701582012885,25116.07318838001,25091.654000374958,26.40307651684864
2025-07-23 07:00:00+00:00,25172.44921875,25188.5,25165.80078125,25173.5,0.0,71.66238496771588,21.442376523922576,15.262087960887595,25121.442334129533,25094.822440311233,26.138515247788025
2025-07-23 07:15:00+00:00,25168.849609375,25176.400390625,25164.05078125,25172.099609375,0.0,69.83795744633836,22.52893203070562,16.7154567748512,25125.957312724342,25097.72546654903,25.153593399731736
2025-07-23 07:30:00+00:00,25159.19921875,25183.05078125,25158.650390625,25168.55078125,0.0,65.05609016610879,22.353650260738505,17.843095472028665,25129.123208536308,25100.13620192946,25.099793201536613
2025-07-23 07:45:00+00:00,25167.05078125,25172.19921875,25139.94921875,25159.599609375,0.0,67.03383517590231,22.58791425565505,18.792059228753942,25132.735358318565,25102.76030307929,25.610522258569713
2025-07-23 08:00:00+00:00,25169.94921875,25182.0,25166.5,25167.099609375,0.0,67.75926640496888,22.745256681806495,19.582698719364455,25136.279535502512,25105.395162517358,24.888342097243306
2025-07-23 08:15:00+00:00,25191.599609375,25195.55078125,25169.25,25170.400390625,0.0,72.60809221486687,24.336422146094264,20.533443404710418,25141.548113966557,25108.775729060795,24.989230608154497
2025-07-23 08:30:00+00:00,25208.05078125,25208.05078125,25182.650390625,25192.150390625,0.0,75.60976556234681,26.61806780590996,21.75036828495033,25147.881701326885,25112.668868362332,25.018599180786318
2025-07-23 08:45:00+00:00,25195.400390625,25218.650390625,25192.150390625,25208.150390625,0.0,69.31924280335336,27.093194152708747,22.818933458502013,25152.40729078385,25115.9132417844,25.124413525015864
2025-07-23 09:00:00+00:00,25210.400390625,25212.69921875,25192.0,25194.05078125,0.0,72.26568727636206,28.35327098677226,23.925800964156064,25157.93044314967,25119.618620170306,24.808328183943303
2025-07-23 09:15:00+00:00,25212.55078125,25216.55078125,25203.05078125,25210.5,0.0,72.67088641665629,29.18893760478022,24.978428292280896,25163.13238011161,25123.26301864402,24.000590456518783
2025-07-23 09:30:00+00:00,25229.349609375,25233.400390625,25213.19921875,25213.400390625,0.0,75.6623030129721,30.85110215473469,26.152963064771654,25169.4387828986,25127.423277104055,23.77552037926744
2025-07-23 09:45:00+00:00,25209.19921875,25230.5,25205.80078125,25228.849609375,0.0,66.28920175526264,30.19434974766409,26.961240401350146,25173.22549107492,25130.63017677645,23.841498834319765
2025-07-24 03:45:00+00:00,25188.650390625,25242.849609375,25183.75,25241.0,0.0,58.350707221447145,27.696482230756374,27.108288767231393,25174.694529127308,25132.905479280314,26.359935301511207
2025-07-24 04:00:00+00:00,25187.150390625,25196.44921875,25179.349609375,25188.80078125,0.0,57.806504198217766,25.30417597413907,26.74746620861293,25175.8808016509,25135.032730705596,25.69848344961755
2025-07-24 04:15:00+00:00,25175.75,25195.900390625,25164.55078125,25187.849609375,0.0,53.70675845742253,22.23206240728541,25.84438544834743,25175.868344350816,25136.6294863642,26.102135301430586
2025-07-24 04:30:00+00:00,25158.44921875,25175.69921875,25155.150390625,25175.30078125,0.0,48.128332215558174,18.191659685020568,24.31384029568206,25174.20938000788,25137.485162144036,25.70909773525697
2025-07-24 04:45:00+00:00,25171.94921875,25175.25,25154.650390625,25158.55078125,0.0,52.29244647431816,15.895712712474051,22.630214779040458,25173.99412655475,25138.836693775644,25.344134280952904
2025-07-24 05:00:00+00:00,25169.05078125,25182.900390625,25161.75,25171.55078125,0.0,51.33952066376567,13.684531748658628,20.841078172964092,25173.52333176382,25140.02155995111,25.044581162670557
2025-07-24 05:15:00+00:00,25166.900390625,25174.849609375,25163.0,25168.75,0.0,50.60274995793734,11.624634798390616,18.997789498049396,25172.892575464884,25141.075631742242,24.10208317783695
2025-07-24 05:30:00+00:00,25148.44921875,25169.599609375,25146.849609375,25166.349609375,0.0,44.67805399304822,8.406392596065416,16.8795101176526,25170.564636730134,25141.364792017055,24.005505807991455
2025-07-24 05:45:00+00:00,25112.650390625,25148.69921875,25102.05078125,25147.94921875,0.0,35.8964639486765,2.9334314464213094,14.090294383406343,25165.04899424393,25140.238737060503,25.62285807170635
2025-07-24 06:00:00+00:00,25099.05078125,25116.5,25089.80078125,25113.25,0.0,33.224789963170366,-2.4727996203473595,10.777675582655602,25158.763450149272,25138.62352310715,25.699740977298752
2025-07-24 06:15:00+00:00,25072.30078125,25114.599609375,25067.400390625,25099.650390625,0.0,28.700024300750812,-8.814173822291195,6.859305701666244,25150.528910254106,25136.022631269618,27.235417961063128
2025-07-24 06:30:00+00:00,25049.44921875,25072.80078125,25019.30078125,25072.80078125,0.0,25.504595889085834,-15.504957184810337,2.3864531243709286,25140.902272968,25132.627595484537,29.111459535272903
2025-07-24 06:45:00+00:00,25078.05078125,25078.19921875,25047.25,25049.599609375,0.0,35.22555410276725,-18.288723127698177,-1.7485821260428924,25134.916416613905,25130.487328259653,29.242728050610555
2025-07-24 07:00:00+00:00,25078.0,25091.19921875,25068.349609375,25077.5,0.0,35.21676737045986,-20.26536875956299,-5.451939452746912,25129.495805507817,25128.429001661236,28.786076716638373
2025-07-24 07:15:00+00:00,25040.80078125,25088.5,25040.80078125,25078.69921875,0.0,29.426225164599643,-24.550537416896987,-9.271659045576929,25121.048660340406,25124.992600860794,30.13701543330706
2025-07-24 07:30:00+00:00,25066.19921875,25070.849609375,25030.650390625,25041.849609375,0.0,37.03831569206965,-25.60199890151125,-12.537727016763792,25115.824903998462,25122.68697803292,30.85574424164227
2025-07-24 07:45:00+00:00,25058.849609375,25067.69921875,25050.44921875,25066.099609375,0.0,35.83384577340685,-26.720326466078404,-15.374246906626716,25110.398685462897,25120.183551811046,29.883905367239247
2025-07-24 08:00:00+00:00,25077.05078125,25081.099609375,25051.5,25059.55078125,0.0,40.95478057673716,-25.840058551239053,-17.467409235549184,25107.222694585478,25118.492070612574,29.86359851065073
2025-07-24 08:15:00+00:00,25068.599609375,25101.599609375,25053.849609375,25077.099609375,0.0,39.383130920467224,-25.53008391225012,-19.079944170889373,25103.54430551781,25116.53550350522,31.141198617032817
2025-07-24 08:30:00+00:00,25091.349609375,25101.19921875,25063.30078125,25068.400390625,0.0,45.45163975539511,-23.18147034708818,-19.900249406129134,25102.382905885162,25115.547821382468,31.623858537244757
2025-07-24 08:45:00+00:00,25077.19921875,25103.25,25072.400390625,25091.0,0.0,42.59522593880316,-22.206018283533922,-20.361403181610093,25099.984459491337,25114.043954612567,31.568555025655847
2025-07-24 09:00:00+00:00,25074.44921875,25093.0,25068.5,25077.05078125,0.0,42.04224970668577,-21.40808839575402,-20.570740224438882,25097.552531801688,25112.491219872856,31.063658238109003
2025-07-24 09:15:00+00:00,25049.05078125,25077.05078125,25047.650390625,25074.75,0.0,37.234419560637726,-22.56504901477456,-20.969601982506017,25092.933317463434,25110.003359534705,30.944853408601215
2025-07-24 09:30:00+00:00,25069.0,25071.05078125,25046.900390625,25049.44921875,0.0,42.77031757777454,-21.622957416973804,-21.100273069399577,25090.65395389549,25108.39538465099,30.459534638343985
2025-07-24 09:45:00+00:00,25051.900390625,25069.599609375,25046.30078125,25068.80078125,0.0,39.550279079216914,-22.002507398276066,-21.28071993517488,25086.96313834592,25106.17989468919,29.94805560167656
2025-07-25 03:45:00+00:00,24990.849609375,25010.349609375,24907.599609375,25010.349609375,0.0,30.671657360551848,-26.91928258421831,-22.408432464983566,25077.80946892012,25101.65713840236,38.11610743369967
2025-07-25 04:00:00+00:00,24926.349609375,24993.849609375,24924.599609375,24991.55078125,0.0,24.43145693297255,-35.60998356939308,-25.04874268586547,25063.384720392012,25094.782333342464,40.33995690272112
2025-07-25 04:15:00+00:00,24928.55078125,24946.849609375,24912.69921875,24926.599609375,0.0,24.99230603963332,-41.837533495730895,-28.406500847838558,25050.543392854677,25088.26344894668,39.89784502574104
2025-07-25 04:30:00+00:00,24903.30078125,24940.75,24903.30078125,24928.849609375,0.0,22.89333628013459,-48.25413205915174,-32.376027090101196,25036.520286987565,25081.01001099779,39.722943148902395
2025-07-25 04:45:00+00:00,24870.650390625,24903.30078125,24863.5,24903.19921875,0.0,20.496238747200266,-55.336066572555865,-36.96803498659213,25020.723154000654,25072.760614120427,39.72850301326651
2025-07-25 05:00:00+00:00,24873.5,24875.19921875,24844.44921875,24870.44921875,0.0,21.271044328858707,-60.02666105231401,-41.57976019973651,25006.701901238688,25064.946472390217,39.08718136946176
2025-07-25 05:15:00+00:00,24870.25,24880.19921875,24859.69921875,24872.349609375,0.0,21.019445260316914,-63.27682298315267,-45.91917275641975,24993.7064820731,25057.31131661021,37.75952555735734
2025-07-25 05:30:00+00:00,24868.5,24891.599609375,24861.349609375,24870.599609375,0.0,20.876255425112475,-65.2417438921184,-49.78368698355948,24981.782055208994,25049.906951252946,37.223130874688955
2025-07-25 05:45:00+00:00,24883.05078125,24889.44921875,24854.80078125,24868.900390625,0.0,25.425252694162253,-64.87697010122793,-52.80234360709317,24972.37907673671,25043.363572037146,37.039224205068315
2025-07-25 06:00:00+00:00,24865.44921875,24916.849609375,24855.849609375,24882.75,0.0,23.653686918672676,-65.2559532268715,-55.29306553104884,24962.195280737975,25036.386538574905,38.75070819042058
2025-07-25 06:15:00+00:00,24846.55078125,24865.5,24831.349609375,24865.0,0.0,21.890091580245326,-66.31678740534699,-57.497809905908476,24951.181518881975,25028.941999071965,38.42211407860483
2025-07-25 06:30:00+00:00,24844.150390625,24848.25,24833.099609375,24846.400390625,0.0,21.669097002381335,-66.58366258186652,-59.31498044110009,24940.988078095597,25021.695269328946,36.759848117633055
2025-07-25 06:45:00+00:00,24828.349609375,24846.05078125,24812.75,24844.400390625,0.0,20.221869940764293,-67.29442582464617,-60.91086951780931,24930.26060488411,25014.113086585654,36.51277191280212
2025-07-25 07:00:00+00:00,24864.69921875,24886.599609375,24827.80078125,24828.150390625,0.0,31.54814162952826,-64.18471963081902,-61.565639540411254,24924.01666334753,25008.253719219552,38.104633070816256
2025-07-25 07:15:00+00:00,24855.900390625,24875.599609375,24852.349609375,24865.25,0.0,30.422230918809348,-61.718791156956286,-61.59626986372026,24917.52939927872,25002.27907888251,37.04358785147224
2025-07-25 07:30:00+00:00,24857.55078125,24868.5,24847.349609375,24855.599609375,0.0,30.920228983530464,-58.95179277393254,-61.06737444576272,24911.817149942653,24996.60345936751,35.908359478152796
2025-07-25 07:45:00+00:00,24856.349609375,24872.849609375,24847.849609375,24857.55078125,0.0,30.7477352277636,-56.20792122428611,-60.095483801467395,24906.53452703145,24991.10330838741,35.12919094399903
2025-07-25 08:00:00+00:00,24863.30078125,24864.400390625,24807.55078125,24856.30078125,0.0,33.07453819565558,-52.86310876402786,-58.64900879397949,24902.417027433217,24986.0914445781,36.68064940335624
2025-07-25 08:15:00+00:00,24874.400390625,24880.05078125,24857.05078125,24863.349609375,0.0,36.730123847426086,-48.75466168674393,-56.67013937253238,24899.748776308625,24981.71140324661,35.70346016025937
2025-07-25 08:30:00+00:00,24839.349609375,24879.849609375,24835.900390625,24873.349609375,0.0,30.976151863644077,-47.776257931756845,-54.891363084377275,24893.996474695898,24976.128587800664,36.292442916669415
2025-07-25 08:45:00+00:00,24835.80078125,24854.349609375,24813.849609375,24839.150390625,0.0,30.455929337432863,-46.74834090369768,-53.26275864824136,24888.454027701053,24970.625536563384,36.59298270833589
2025-07-25 09:00:00+00:00,24832.150390625,24848.30078125,24825.25,24831.80078125,0.0,29.8996827914862,-45.70144743124547,-51.75049640484219,24883.09177655095,24965.195138683448,35.625682604169036
2025-07-25 09:15:00+00:00,24833.94921875,24836.900390625,24818.150390625,24832.30078125,0.0,30.572599616591162,-44.21692127127244,-50.24378137812824,24878.41153295086,24960.048239862528,34.420276703871245
2025-07-25 09:30:00+00:00,24844.400390625,24849.0,24808.400390625,24833.69921875,0.0,34.506297062546,-41.716222719773214,-48.53826964645724,24875.172376538874,24955.51303008851,34.861657608951866
2025-07-25 09:45:00+00:00,24832.19921875,24845.400390625,24823.05078125,24844.400390625,0.0,32.21170739542974,-40.25490026950865,-46.88159577106752,24871.0796948447,24950.677194349744,33.9679398779553
2025-07-28 03:45:00+00:00,24785.30078125,24796.69921875,24733.400390625,24790.5,0.0,25.258869575250145,-42.39243011309736,-45.98376263947349,24862.910274502345,24944.19184481642,38.59871760988707
2025-07-28 04:00:00+00:00,24785.05078125,24853.099609375,24784.05078125,24784.05078125,0.0,25.2276094458678,-43.603971385276964,-45.507804388634185,24855.495084668786,24937.95101879421,40.773725503823705
2025-07-28 04:15:00+00:00,24802.849609375,24827.0,24781.150390625,24783.19921875,0.0,31.707749188376027,-42.636423740859755,-44.9335282590793,24850.4812298789,24932.652924307182,41.136288637479154
2025-07-28 04:30:00+00:00,24844.25,24844.25,24802.25,24802.25,0.0,43.88892952475912,-38.08989315772851,-43.564801238809146,24849.887779414246,24929.186142961804,41.19798230623064
2025-07-28 04:45:00+00:00,24870.900390625,24888.0,24844.099609375,24844.099609375,0.0,50.06366597757706,-31.967766603618657,-41.24539431177105,24851.888980481937,24926.90042718389,41.39101147185703
2025-07-28 05:00:00+00:00,24819.69921875,24885.400390625,24814.75,24871.900390625,0.0,40.77897972077413,-30.89134763981565,-39.17458497737997,24848.82328888842,24922.6964582257,43.48096712565295
2025-07-28 05:15:00+00:00,24827.19921875,24828.150390625,24775.400390625,24820.400390625,0.0,42.46228633910531,-29.09767070077214,-37.15920212205841,24846.76385363714,24918.951468442338,44.14304090239203
2025-07-28 05:30:00+00:00,24807.55078125,24844.650390625,24797.05078125,24826.849609375,0.0,39.30989134759266,-28.928167592399404,-35.51299521612661,24843.02927531456,24914.582814042642,44.389938650435454
2025-07-28 05:45:00+00:00,24814.44921875,24822.80078125,24803.94921875,24807.400390625,0.0,40.9669573969779,-27.91539757766077,-33.99347568843344,24840.307365165554,24910.65600638411,42.56576892540435
2025-07-28 06:00:00+00:00,24800.5,24824.599609375,24779.44921875,24815.30078125,0.0,38.66786746255101,-27.916550798843673,-32.77809071051549,24836.51618753074,24906.336162996497,42.750384761089755
2025-07-28 06:15:00+00:00,24818.400390625,24818.400390625,24791.75,24800.150390625,0.0,43.08222467538947,-26.17136559978826,-31.45674568837005,24834.790873539714,24902.887701334872,41.60038517994049
2025-07-28 06:30:00+00:00,24782.80078125,24820.400390625,24778.94921875,24818.400390625,0.0,37.3280605883481,-27.345660956940264,-30.634528742084093,24829.839436178787,24898.17841035115,41.589727086730456
2025-07-28 06:45:00+00:00,24794.0,24795.25,24772.150390625,24782.55078125,0.0,40.04115291317804,-27.060676496508677,-29.91975829296901,24826.42615654271,24894.092982494243,40.269004393035424
2025-07-28 07:00:00+00:00,24771.75,24798.349609375,24771.25,24793.75,0.0,36.646818074109106,-28.30394307028837,-29.596595248432884,24821.218903538644,24889.29521847486,39.328333320318606
2025-07-28 07:15:00+00:00,24733.44921875,24774.44921875,24715.150390625,24771.80078125,0.0,31.669933582703038,-32.01079324267266,-30.079434847280844,24812.859885939724,24883.183610642514,40.754797234938714
2025-07-28 07:30:00+00:00,24707.599609375,24735.44921875,24701.05078125,24734.599609375,0.0,28.824704804182005,-36.6123023222608,-31.386008342276835,24802.835097695464,24876.297963533983,40.300771539585945
2025-07-28 07:45:00+00:00,24686.75,24714.099609375,24685.25,24707.44921875,0.0,26.738149015698625,-41.46345574134466,-33.401497822090406,24791.77937410542,24868.864710062062,39.48283138497266
2025-07-28 08:00:00+00:00,24668.400390625,24696.599609375,24661.099609375,24687.400390625,0.0,25.021460978072966,-46.255485455822054,-35.97229534883674,24780.02899472633,24861.003364201784,39.198343428903186
2025-07-28 08:15:00+00:00,24676.650390625,24698.94921875,24663.849609375,24668.80078125,0.0,27.282008922184417,-48.82467699331028,-38.542771677731444,24770.183413383347,24853.773835826225,38.90557671076725
2025-07-28 08:30:00+00:00,24675.05078125,24687.400390625,24646.75,24675.94921875,0.0,27.11133298535742,-50.40877393728442,-40.91597212964204,24761.12316270398,24846.76508858794,39.030206276069585
2025-07-28 08:45:00+00:00,24672.69921875,24693.55078125,24672.19921875,24676.900390625,0.0,26.8454479636585,-51.26300560066011,-42.98537882384566,24752.701834708365,24839.938976045276,37.76744600635033
2025-07-28 09:00:00+00:00,24703.75,24705.849609375,24670.19921875,24671.900390625,0.0,35.79882126610835,-48.87109622751814,-44.16252230458016,24748.039755212332,24834.59823188664,37.616227764825304
2025-07-28 09:15:00+00:00,24700.69921875,24704.19921875,24677.75,24703.25,0.0,35.34115459036407,-46.683524753083475,-44.66672279428083,24743.531132692107,24829.347290195008,36.818584263766354
2025-07-28 09:30:00+00:00,24679.75,24703.75,24672.19921875,24701.94921875,0.0,32.28855000034184,-46.10877224743672,-44.95513268491201,24737.456739102385,24823.480729795203,36.4423126199259
2025-07-28 09:45:00+00:00,24673.94921875,24687.849609375,24669.599609375,24679.75,0.0,31.477780756797358,-45.59575186840084,-45.083256521609776,24731.408403830726,24817.6167489699,35.14286171850262
2025-07-29 03:45:00+00:00,24710.400390625,24712.099609375,24608.30078125,24619.599609375,0.0,41.430268399539074,-41.76641732650023,-44.41988868258787,24729.407640668276,24813.41218589755,40.04685931896672
2025-07-29 04:00:00+00:00,24694.19921875,24712.05078125,24668.80078125,24710.0,0.0,38.73719601950177,-39.582657053477305,-43.45244235676576,24726.05445762844,24808.737167578038,40.27565508189766
2025-07-29 04:15:00+00:00,24697.25,24726.94921875,24682.900390625,24694.849609375,0.0,39.534252374178116,-37.1772821865452,-42.19741032272165,24723.311175949544,24804.365121790663,40.54516744211925
2025-07-29 04:30:00+00:00,24664.55078125,24717.25,24663.849609375,24694.69921875,0.0,34.37232325183372,-37.477541183259746,-41.25343649482927,24717.71494788292,24798.882206475344,41.46339766946788
2025-07-29 04:45:00+00:00,24632.900390625,24670.900390625,24628.05078125,24665.150390625,0.0,30.25460710611513,-39.81050983529349,-40.96485116292212,24709.637371001212,24792.373115657683,41.5624127912916
2025-07-29 05:00:00+00:00,24642.599609375,24649.80078125,24631.849609375,24633.099609375,0.0,32.907171774078094,-40.410926402149926,-40.854066210767684,24703.252822274906,24786.49964482307,39.87589558298505
2025-07-29 05:15:00+00:00,24645.25,24645.650390625,24614.30078125,24642.19921875,0.0,33.649764583096015,-40.20938769211716,-40.72513050703758,24697.728743963013,24780.960443065305,39.26687513955755
2025-07-29 05:30:00+00:00,24658.599609375,24660.25,24635.44921875,24645.05078125,0.0,37.40761504727297,-38.52833424901473,-40.28577125543301,24694.002159716536,24776.161978999018,38.233582718874864
2025-07-29 05:45:00+00:00,24683.650390625,24698.44921875,24658.650390625,24658.650390625,0.0,43.835874900936034,-34.77384732921928,-39.18338647019027,24693.016276945913,24772.534073572584,38.34901319431237
2025-07-29 06:00:00+00:00,24675.30078125,24705.44921875,24672.099609375,24683.94921875,0.0,42.27736556374418,-32.1020802928615,-37.76712523472452,24691.329086879636,24768.721003285427,37.991912921504344
2025-07-29 06:15:00+00:00,24673.25,24688.80078125,24665.80078125,24676.94921875,0.0,41.88348872598514,-29.8065749334055,-36.17501517446072,24689.607269081574,24764.977042372273,36.92106199853975
2025-07-29 06:30:00+00:00,24695.05078125,24702.150390625,24662.94921875,24672.900390625,0.0,47.484628027316724,-25.929332344847353,-34.125878608538045,24690.125698811902,24762.23483605375,37.083926989715486
2025-07-29 06:45:00+00:00,24696.650390625,24707.400390625,24685.650390625,24695.05078125,0.0,47.88154070766665,-22.46851153649186,-31.794405194128807,24690.7470980322,24759.66289701733,35.988646490450094
2025-07-29 07:00:00+00:00,24697.94921875,24715.900390625,24683.69921875,24696.55078125,0.0,48.22372632061143,-19.397380607875675,-29.31500027687818,24691.43301429104,24757.242752771555,35.71811258934652
2025-07-29 07:15:00+00:00,24708.55078125,24714.44921875,24694.900390625,24698.150390625,0.0,51.04884070043671,-15.924462437506008,-26.636892709003746,24693.063277810943,24755.33326369228,34.56316369903605
2025-07-29 07:30:00+00:00,24734.69921875,24737.75,24702.94921875,24709.05078125,0.0,57.24537545100061,-10.93612455544644,-23.496739078292286,24697.028605519423,24754.52408545925,34.58013638124776
2025-07-29 07:45:00+00:00,24734.94921875,24742.150390625,24727.19921875,24734.69921875,0.0,57.30102764370475,-6.883311405053973,-20.174053543644625,24700.640092493766,24753.756443627513,33.17806748794435
2025-07-29 08:00:00+00:00,24758.849609375,24764.94921875,24734.44921875,24735.0,0.0,62.347036621904124,-1.7230042840346869,-16.48384369172264,24706.183856006264,24753.95617561761,32.98677695309118
2025-07-29 08:15:00+00:00,24785.0,24795.94921875,24757.75,24758.5,0.0,66.94927817944806,4.4256778040435165,-12.30193939256941,24713.69015543424,24755.17358049535,33.35909422429895
2025-07-29 08:30:00+00:00,24798.349609375,24810.0,24784.94921875,24785.19921875,0.0,69.0303254716871,10.257512349649915,-7.7900490441255466,24721.752960571455,24756.866758098477,32.76564329756331
2025-07-29 08:45:00+00:00,24819.099609375,24819.650390625,24794.25,24799.150390625,0.0,71.98325390573659,16.364989417001198,-2.9590413519001975,24731.024069981315,24759.307262070106,32.23955382095164
2025-07-29 09:00:00+00:00,24791.80078125,24827.94921875,24772.69921875,24819.099609375,0.0,63.416276773785874,18.78586989664109,1.38994089780806,24736.812328197382,24760.58151772422,33.8831571194551
2025-07-29 09:15:00+00:00,24793.05078125,24803.55078125,24771.80078125,24792.349609375,0.0,63.62972542024645,20.568202239421225,5.225593166130693,24742.16837134525,24761.85482217621,33.730788753779734
2025-07-29 09:30:00+00:00,24813.44921875,24823.650390625,24771.69921875,24794.349609375,0.0,67.01217094098584,23.357446784455533,8.851963889795663,24748.957023479037,24763.87813184577,35.03224469100975
2025-07-29 09:45:00+00:00,24830.400390625,24846.349609375,24813.5,24814.150390625,0.0,69.54674754628914,26.628800844984653,12.40733128083346,24756.713534635797,24766.48684787633,34.879969400580485
2025-07-30 03:45:00+00:00,24833.19921875,24880.19921875,24813.94921875,24862.75,0.0,69.95719107018417,29.111633753149363,15.748191775296643,24763.997885503817,24769.103019283142,37.1206858719676
2025-07-30 04:00:00+00:00,24877.19921875,24879.94921875,24831.94921875,24832.650390625,0.0,75.53879172320377,34.2350882110768,19.445571062452675,24774.778964860598,24773.3420859289,37.89777973825563
2025-07-30 04:15:00+00:00,24839.349609375,24877.05078125,24814.94921875,24876.650390625,0.0,64.44672471746613,34.839705192804104,22.524397888522962,24780.928550052446,24775.93061626012,39.63722404266594
2025-07-30 04:30:00+00:00,24843.05078125,24848.55078125,24830.650390625,24839.349609375,0.0,64.98812730399814,35.2116244569188,25.06184320220213,24786.84495302364,24778.56277959306,38.084593084261236
2025-07-30 04:45:00+00:00,24810.94921875,24858.75,24810.349609375,24843.44921875,0.0,56.89548873020333,32.54093371561612,26.55766130488493,24789.14059737853,24779.832836030586,38.82143576574258
2025-07-30 05:00:00+00:00,24799.05078125,24826.849609375,24786.400390625,24810.94921875,0.0,54.201381226071824,29.12851223778125,27.071831491464195,24790.084424413908,24780.58648094115,38.93770597890382
2025-07-30 05:15:00+00:00,24817.19921875,24822.80078125,24773.05078125,24799.55078125,0.0,57.50654597840177,27.57075239346159,27.171615671863677,24792.66678577925,24782.022274580715,39.7100126946964
2025-07-30 05:30:00+00:00,24846.5,24847.849609375,24809.30078125,24817.25,0.0,62.24406149677386,28.373472929753916,27.411987123441726,24797.793758562177,24784.550812832455,39.62707093971809
2025-07-30 05:45:00+00:00,24898.69921875,24902.30078125,24847.30078125,24847.30078125,0.0,68.89683430172823,32.843080852151616,28.498205869183707,24807.40380238959,24789.02722090765,40.78233596188108
2025-07-30 06:00:00+00:00,24869.650390625,24898.5,24840.900390625,24898.5,0.0,62.31620102604491,33.65334486283973,29.529233667914916,24813.3320488882,24792.18891383774,41.997799687818144
2025-07-30 06:15:00+00:00,24876.30078125,24884.19921875,24859.55078125,24868.69921875,0.0,63.183198241565194,34.43516868331426,30.510420670994783,24819.329071017895,24795.487418442142,40.758559531545416
2025-07-30 06:30:00+00:00,24851.849609375,24877.650390625,24850.099609375,24876.94921875,0.0,57.907999871196246,32.70476430552662,30.949289397901154,24822.426265147144,24797.69770043951,39.81514679714932
2025-07-30 06:45:00+00:00,24867.25,24874.599609375,24849.599609375,24851.849609375,0.0,60.163953470198095,32.20485170264146,31.200401858849215,24826.695192275987,24800.425241598743,38.75692202592437
2025-07-30 07:00:00+00:00,24857.25,24874.849609375,24855.80078125,24867.400390625,0.0,57.990547983915874,30.64845462969606,31.090012413018584,24829.605173963988,24802.653663496832,37.3492010330012
2025-07-30 07:15:00+00:00,24865.55078125,24875.0,24853.69921875,24857.69921875,0.0,59.30471962063918,29.741955659388623,30.820401062292593,24833.028565134086,24805.120217134212,36.2028853342154
2025-07-30 07:30:00+00:00,24849.55078125,24872.55078125,24832.650390625,24866.349609375,0.0,55.688488333752986,27.41644272641497,30.13960939511707,24834.60210952608,24806.862592197576,36.466992854985726
2025-07-30 07:45:00+00:00,24835.849609375,24858.25,24833.25,24849.900390625,0.0,52.723690017184225,24.189050589742692,28.949497634042196,24834.720919035502,24807.999337969242,35.647921936772455
2025-07-30 08:00:00+00:00,24862.80078125,24866.05078125,24831.599609375,24835.94921875,0.0,57.51515567902066,23.53475934346352,27.866549975926464,24837.39519162736,24810.148414176332,35.562439789502996
2025-07-30 08:15:00+00:00,24866.69921875,24869.55078125,24849.55078125,24864.25,0.0,58.17547414181889,23.064922078217933,26.90622439638476,24840.18605135333,24812.366092787066,34.450836947395636
2025-07-30 08:30:00+00:00,24859.94921875,24874.900390625,24845.900390625,24867.30078125,0.0,56.53696165662821,21.89550630541271,25.90408077819035,24842.068257772058,24814.23209772679,34.06149145115309
2025-07-30 08:45:00+00:00,24877.0,24879.19921875,24852.849609375,24860.150390625,0.0,59.630055979586515,22.089952209276817,25.141255064407645,24845.395090365197,24816.693584090444,33.510642731427865
2025-07-30 09:00:00+00:00,24872.349609375,24890.69921875,24868.150390625,24876.25,0.0,58.40914564533449,21.619587187127763,24.436921488951672,24847.962187413752,24818.876173317287,32.727655973825875
2025-07-30 09:15:00+00:00,24853.5,24878.150390625,24852.25,24870.75,0.0,53.61711488262915,19.5010179781857,23.44974078679848,24848.489598136253,24820.2339704421,32.239994163195455
2025-07-30 09:30:00+00:00,24858.150390625,24867.25,24850.44921875,24853.75,0.0,54.606586517065736,17.9899078161543,22.357774192669645,24849.40967361137,24821.720888880645,31.137193240824352
2025-07-30 09:45:00+00:00,24844.55078125,24860.44921875,24840.75,24859.5,0.0,51.16884746609465,15.516107279621792,20.989440810060074,24848.946921957908,24822.616178777484,30.32019506290833
2025-07-31 03:45:00+00:00,24709.400390625,24728.55078125,24639.55078125,24654.599609375,0.0,30.57124822804343,2.6198949885547336,17.31553164575901,24835.65677611668,24818.176343947976,42.79732398698631
2025-07-31 04:00:00+00:00,24707.94921875,24719.25,24684.650390625,24708.400390625,0.0,30.429605746980386,-7.62959439178303,12.326506438250602,24823.494151605566,24813.853711587275,42.211772943273
2025-07-31 04:15:00+00:00,24694.099609375,24709.349609375,24687.80078125,24707.55078125,0.0,29.04643271770358,-16.677686313505546,6.525667887899374,24811.170861869323,24809.157472284835,40.73584831339635
2025-07-31 04:30:00+00:00,24673.599609375,24693.75,24653.599609375,24692.75,0.0,27.084003220179028,-25.21191575287594,0.17815115974431173,24798.068837822244,24803.84147766092,40.71900200529661
2025-07-31 04:45:00+00:00,24678.400390625,24692.80078125,24666.69921875,24673.19921875,0.0,28.30560374875327,-31.2279942651694,-6.103077925238431,24786.67184285108,24798.922219345786,39.67489918348971
2025-07-31 05:00:00+00:00,24693.099609375,24693.099609375,24662.599609375,24677.30078125,0.0,32.058843839932095,-34.41298426180947,-11.76505919255264,24777.760201567642,24794.772313072423,39.01954924181187
2025-07-31 05:15:00+00:00,24713.400390625,24728.69921875,24693.05078125,24693.5,0.0,36.96672658124573,-34.89674049266614,-16.391395452575342,24771.63069576358,24791.58125729017,38.778755545968174
2025-07-31 05:30:00+00:00,24747.150390625,24776.19921875,24713.19921875,24713.19921875,0.0,44.185361386860976,-32.185760439999285,-19.55026845006013,24769.299238131334,24789.838870362128,40.50884443554188
2025-07-31 05:45:00+00:00,24781.94921875,24805.25,24742.05078125,24746.94921875,0.0,50.482193747763425,-26.919009033321345,-21.024016566712376,24770.503998190252,24789.529472259692,42.12958545800318
2025-07-31 06:00:00+00:00,24813.900390625,24819.80078125,24780.30078125,24782.19921875,0.0,55.45168727935575,-19.937056083264906,-20.806624470022882,24774.636987945945,24790.485194548528,41.94175792528866
2025-07-31 06:15:00+00:00,24798.650390625,24821.80078125,24793.0,24814.900390625,0.0,52.73156081743108,-15.456186323724978,-19.736536840763304,24776.923978677285,24790.80539831623,41.00311673419662
2025-07-31 06:30:00+00:00,24819.349609375,24819.349609375,24755.599609375,24798.55078125,0.0,55.89412648233643,-10.118174773386272,-17.8128644272879,24780.96451493421,24791.924779142064,42.62789411032543
2025-07-31 06:45:00+00:00,24826.44921875,24849.75,24819.25,24819.69921875,0.0,56.957846817549544,-5.254314551348216,-15.301154452099963,24785.296391488097,24793.278678734532,41.7616159595879
2025-07-31 07:00:00+00:00,24856.349609375,24873.900390625,24827.650390625,24827.900390625,0.0,61.2017922346061,1.0014967214883654,-12.040624217382298,24792.063364620182,24795.75204856357,42.168012810688765
2025-07-31 07:15:00+00:00,24897.150390625,24906.05078125,24846.25,24856.75,0.0,66.11198193621584,9.146123468337464,-7.803274680238346,24802.071652811115,24799.728454134605,43.427496270639566
2025-07-31 07:30:00+00:00,24900.150390625,24927.94921875,24886.19921875,24897.650390625,0.0,66.44821444660106,15.662328201986384,-3.1101541037933997,24811.412484983866,24803.666569291094,43.30767510845102
2025-07-31 07:45:00+00:00,24926.94921875,24927.44921875,24890.099609375,24900.44921875,0.0,69.37166746499545,22.726926995281246,2.05726211602153,24822.415983437786,24808.501182995366,42.882098984633096
2025-07-31 08:00:00+00:00,24921.650390625,24955.80078125,24915.150390625,24926.30078125,0.0,68.10801566143749,27.580174210881523,7.161844534993529,24831.86687936038,24812.93840682398,42.7226912446593
2025-07-31 08:15:00+00:00,24907.69921875,24935.05078125,24901.30078125,24921.5,0.0,64.76307594485314,29.955357900184026,11.720547208031629,24839.089006921295,24816.65451709559,42.08178472718363
2025-07-31 08:30:00+00:00,24924.69921875,24952.69921875,24905.900390625,24907.349609375,0.0,66.8965448103584,32.831010558180424,15.942639878061389,24847.24236042879,24820.891564219295,42.41871639845623
2025-07-31 08:45:00+00:00,24867.150390625,24926.099609375,24863.400390625,24924.44921875,0.0,54.800461225791,30.119082498968055,18.777928402242722,24849.13836330462,24822.70563584305,43.86732370928079
2025-07-31 09:00:00+00:00,24879.0,24893.349609375,24843.05078125,24862.75,0.0,56.542886651363375,28.596383114982018,20.741619344790582,24851.982328704184,24824.91325796685,44.32671688183216
2025-07-31 09:15:00+00:00,24851.44921875,24881.19921875,24835.099609375,24878.849609375,0.0,51.565577146519786,24.879717194595287,21.569238914751523,24851.931556327596,24825.953883879916,44.45335205991558
2025-07-31 09:30:00+00:00,24762.44921875,24851.900390625,24752.5,24851.900390625,0.0,39.4764374687197,14.584554810309783,20.172302093863173,24843.409428939252,24823.46350485521,48.37814052885018
2025-07-31 09:45:00+00:00,24765.599609375,24766.599609375,24747.55078125,24762.30078125,0.0,40.01254882286184,6.603651854697091,17.458572046029957,24835.998969933135,24821.194332483443,46.28318964286088
2025-08-01 03:45:00+00:00,24686.900390625,24759.19921875,24679.69921875,24736.400390625,0.0,32.3125243224104,-6.002447989216307,12.766368038980705,24821.79910523712,24815.92790339096,49.112989713013675
2025-08-01 04:00:00+00:00,24709.0,24738.69921875,24672.30078125,24685.5,0.0,36.03504280816988,-14.047686173311376,7.403557196522289,24811.056333309778,24811.734652277588,50.34766455494127
2025-08-01 04:15:00+00:00,24696.900390625,24724.650390625,24685.150390625,24708.349609375,0.0,34.90325272861301,-21.156058875403687,1.6916339821370947,24800.18433876837,24807.231347899058,49.572831372445464
2025-08-01 04:30:00+00:00,24745.650390625,24747.349609375,24684.650390625,24696.55078125,0.0,42.710593210557626,-22.595313170484587,-3.165755448387242,24794.99062942138,24804.816408398114,50.510430470842216
2025-08-01 04:45:00+00:00,24764.44921875,24777.55078125,24735.099609375,24745.599609375,0.0,45.428595409242256,-21.96581599374622,-6.925767557459038,24792.081923643153,24803.23338135309,49.93476914256777
2025-08-01 05:00:00+00:00,24769.44921875,24784.099609375,24756.0,24764.69921875,0.0,46.160243886115616,-20.82343711176145,-9.70530146831952,24789.926427939045,24801.9085122314,48.375114873455786
2025-08-01 05:15:00+00:00,24743.400390625,24772.599609375,24735.30078125,24769.349609375,0.0,42.93092829516555,-21.769075990694546,-12.118056372794527,24785.49537676628,24799.614076089973,47.58395153428037
2025-08-01 05:30:00+00:00,24710.25,24771.349609375,24707.099609375,24743.44921875,0.0,39.174848076432724,-24.90635611959442,-14.675716322154507,24778.329150407586,24796.10960251782,48.77438356754605
2025-08-01 05:45:00+00:00,24692.69921875,24718.0,24670.25,24710.849609375,0.0,37.31351853788324,-28.480568330331153,-17.436686723789837,24770.17391882115,24792.054293350455,48.701213312721336
2025-08-01 06:00:00+00:00,24646.849609375,24694.5,24644.650390625,24692.650390625,0.0,32.91386299894421,-34.61383085777561,-20.872115550586994,24758.428746492948,24786.359992018086,48.783241602884104
2025-08-01 06:15:00+00:00,24659.400390625,24675.75,24646.900390625,24647.19921875,0.0,35.167405121442144,-38.02343198773451,-24.302378838016498,24748.997474505526,24781.38118412032,47.363037961606665
2025-08-01 06:30:00+00:00,24654.05078125,24671.19921875,24646.150390625,24659.099609375,0.0,34.633377480698655,-40.68820590593168,-27.579544251599536,24739.954932290715,24776.38783498815,45.76916583042048
2025-08-01 06:45:00+00:00,24664.75,24675.94921875,24647.099609375,24654.94921875,0.0,36.703600334879106,-41.458809549465514,-30.35539731117273,24732.792557786837,24772.00988067489,44.56062608360473
2025-08-01 07:00:00+00:00,24635.44921875,24697.69921875,24611.150390625,24665.30078125,0.0,33.56814768383535,-43.92747803600287,-33.06981345613876,24723.521763592853,24766.654560599407,47.559783372275824
2025-08-01 07:15:00+00:00,24644.80078125,24655.849609375,24632.900390625,24636.150390625,0.0,35.46306209670034,-44.615028382591845,-35.37885644142938,24716.02452717925,24761.875981017078,45.80188589925613
2025-08-01 07:30:00+00:00,24655.400390625,24666.94921875,24634.5,24645.69921875,0.0,37.634502872309454,-43.79972117256693,-37.06302938765689,24710.250799888367,24757.70046766837,44.84812396002355
2025-08-01 07:45:00+00:00,24683.75,24684.75,24648.44921875,24656.099609375,0.0,43.14453060429075,-40.400298295226094,-37.73048316917073,24707.72691418471,24754.80044932843,44.23759948073615
2025-08-01 08:00:00+00:00,24668.599609375,24692.650390625,24615.599609375,24684.19921875,0.0,41.05688476395999,-38.485108702778234,-37.881408275892234,24704.00050420283,24751.42002423222,46.58139817854072
2025-08-01 08:15:00+00:00,24643.849609375,24672.44921875,24637.5,24669.5,0.0,37.83601939610946,-38.52038627333968,-38.00920387538173,24698.27184755256,24747.20157659076,45.75052821935924
2025-08-01 08:30:00+00:00,24651.75,24663.94921875,24636.900390625,24644.55078125,0.0,39.468419583984875,-37.47881604345457,-37.9031263089963,24693.841195404697,24743.45837750877,44.41469249833358
2025-08-01 08:45:00+00:00,24628.44921875,24659.69921875,24618.44921875,24651.44921875,0.0,36.42996225154458,-38.094413757436996,-37.94138379868444,24687.613388104248,24738.94821442019,44.188643034166894
2025-08-01 09:00:00+00:00,24619.599609375,24652.099609375,24605.55078125,24628.30078125,0.0,35.31788142857212,-38.84854703041492,-38.12281644503054,24681.135885368127,24734.26787696744,44.357227683512114
2025-08-01 09:15:00+00:00,24613.80078125,24641.30078125,24610.400390625,24620.19921875,0.0,34.57312025760885,-39.4592582824007,-38.390104812504575,24674.723018309258,24729.54367713538,43.396025036475535
2025-08-01 09:30:00+00:00,24545.650390625,24617.69921875,24535.349609375,24610.75,0.0,27.289718932073242,-44.92455599940149,-39.69699504988396,24662.43038710123,24722.332175703603,46.17842391779872
2025-08-01 09:45:00+00:00,24572.150390625,24575.19921875,24539.900390625,24544.30078125,0.0,33.18409358009335,-46.580563544066536,-41.07370874872048,24653.83229219873,24716.442693935816,45.40130993259881
2025-08-04 03:45:00+00:00,24660.5,24666.25,24566.0,24600.400390625,0.0,48.247325274038666,-40.299340632685926,-40.91883512551357,24654.467311989327,24714.24886280108,49.319073508841754
2025-08-04 04:00:00+00:00,24598.0,24669.75,24597.5,24659.650390625,0.0,41.175420530375234,-39.90465783165928,-40.71599966674271,24649.08947275225,24709.690083867703,50.956996829638776
2025-08-04 04:15:00+00:00,24608.099609375,24646.349609375,24555.349609375,24598.150390625,0.0,42.63858208452816,-38.33501263477228,-40.239802260348625,24645.185676240133,24705.706143691517,53.817211341807436
2025-08-04 04:30:00+00:00,24624.30078125,24638.349609375,24597.0,24607.75,0.0,45.00182447779173,-35.37596621828925,-39.26703505193675,24643.196638622027,24702.51377653695,52.92666834417833
2025-08-04 04:45:00+00:00,24618.5,24652.30078125,24609.19921875,24623.69921875,0.0,44.29810705860514,-33.11722047924195,-38.03707213739779,24640.844577800883,24699.219118633544,52.22487506959417
2025-08-04 05:00:00+00:00,24641.650390625,24656.0,24618.44921875,24618.5,0.0,47.80599204570959,-29.12338886199359,-36.254335482316954,24640.92132187937,24696.96152145674,51.176725511051735
2025-08-04 05:15:00+00:00,24625.25,24642.150390625,24603.55078125,24641.75,0.0,45.61440869212259,-26.970721304467588,-34.397612646747085,24639.428815033716,24694.149304929026,50.278360072762325
2025-08-04 05:30:00+00:00,24664.349609375,24669.5,24622.150390625,24625.55078125,0.0,51.3415374895718,-21.85774259781101,-31.889638636959873,24641.8022240186,24692.9806894171,50.069163594350734
2025-08-04 05:45:00+00:00,24666.44921875,24682.19921875,24662.349609375,24664.5,0.0,51.636064747734395,-17.43526630942506,-28.998764171452912,24644.149556850163,24691.940239587017,47.91062400725425
2025-08-04 06:00:00+00:00,24669.349609375,24683.849609375,24632.55078125,24666.75,0.0,52.06768143004114,-13.540300548618688,-25.90707144688607,24646.549561852527,24691.054332519878,48.15263858709323
2025-08-04 06:15:00+00:00,24679.44921875,24684.400390625,24667.849609375,24669.25,0.0,53.61985906868603,-9.528716933473333,-22.631400544203526,24649.682862509428,24690.5992300191,45.89536306301515
2025-08-04 06:30:00+00:00,24676.80078125,24683.849609375,24659.55078125,24679.0,0.0,53.133950090055755,-6.488420318375574,-19.402804499037934,24652.2655214371,24690.058114381096,44.352753424585494
2025-08-04 06:45:00+00:00,24694.599609375,24696.599609375,24667.30078125,24676.75,0.0,56.01854736727281,-2.6126298969393247,-16.044769578618215,24656.29733933595,24690.236212223994,43.277473046043674
2025-08-04 07:00:00+00:00,24692.400390625,24720.80078125,24689.650390625,24694.94921875,0.0,55.56347762317549,0.2782953466012259,-12.780156593574327,24659.735725173003,24690.32108196521,42.411252873111984
2025-08-04 07:15:00+00:00,24705.69921875,24709.5,24686.75,24692.80078125,0.0,57.79616375750665,3.6009689878774225,-9.503931477283977,24664.113200751766,24690.924146152847,41.0068776678897
2025-08-04 07:30:00+00:00,24698.75,24722.0,24693.05078125,24705.650390625,0.0,56.20694071821871,5.608813006107084,-6.481382580605765,24667.411943537314,24691.231042382147,40.14561631661186
2025-08-04 07:45:00+00:00,24668.80078125,24704.5,24644.099609375,24698.650390625,0.0,49.845623267027,4.728880607217434,-4.239329943041126,24667.544213795667,24690.351424298533,41.59238591006815
2025-08-04 08:00:00+00:00,24701.69921875,24702.69921875,24667.30078125,24671.05078125,0.0,55.76766477008843,6.609961284924793,-2.069471697447942,24670.797071410365,24690.796435845652,41.14996102363472
2025-08-04 08:15:00+00:00,24718.650390625,24734.30078125,24700.69921875,24701.349609375,0.0,58.48754726543313,9.360645483589906,0.21655173875962763,24675.354530383185,24691.888747797784,40.61078970051795
2025-08-04 08:30:00+00:00,24719.44921875,24725.25,24682.19921875,24718.30078125,0.0,58.61669113318652,11.472790099534905,2.467799410914683,24679.55402451336,24692.969550580223,40.78507481119524
2025-08-04 08:45:00+00:00,24721.80078125,24726.5,24713.80078125,24721.099609375,0.0,59.020844555599496,13.18444924195137,4.611129377122021,24683.577525154946,24694.100187077078,38.778942235395576
2025-08-04 09:00:00+00:00,24699.30078125,24734.349609375,24699.30078125,24721.80078125,0.0,53.624552967323645,12.580370800915261,6.204977661880669,24685.074978116383,24694.304131946607,38.51250551322447
2025-08-04 09:15:00+00:00,24725.75,24729.650390625,24689.099609375,24698.5,0.0,58.435470093683314,14.073633110063383,7.778708751517213,24688.948789724345,24695.537303242818,38.65809663727987
2025-08-04 09:30:00+00:00,24719.25,24727.19921875,24701.69921875,24726.349609375,0.0,56.87398228909964,14.56466616583566,9.135900234380903,24691.834619274407,24696.467212919568,37.71823259175988
2025-08-04 09:45:00+00:00,24726.900390625,24735.80078125,24718.55078125,24719.5,0.0,58.286813747532705,15.393687143539864,10.387457616212696,24695.17421654589,24697.6606708688,36.25621597806274
2025-08-05 03:45:00+00:00,24673.400390625,24720.400390625,24664.55078125,24720.25,0.0,46.752096671146866,11.59997210164147,10.629960513298451,24693.10051883914,24696.70928732983,38.120029792129685
2025-08-05 04:00:00+00:00,24631.400390625,24684.05078125,24628.55078125,24673.0,0.0,40.05120747050263,5.145067472218216,9.532981905082403,24687.22431615208,24694.14815412572,39.36145623554899
2025-08-05 04:15:00+00:00,24605.099609375,24632.75,24599.400390625,24631.900390625,0.0,36.521164413832615,-2.068895257070835,7.212606472651756,24679.402915506642,24690.656054331575,38.93203860265264
2025-08-05 04:30:00+00:00,24618.69921875,24634.55078125,24593.19921875,24605.099609375,0.0,39.49096366654206,-6.612414080507733,4.447602362019859,24673.621611053626,24687.834217642103,39.104861738177455
2025-08-05 04:45:00+00:00,24625.19921875,24644.69921875,24611.099609375,24618.75,0.0,40.9138027548201,-9.578277385702677,1.6424264124753523,24669.00995464376,24685.377943175747,38.711629426521924
2025-08-05 05:00:00+00:00,24616.0,24633.400390625,24596.849609375,24625.80078125,0.0,39.49821973162386,-12.526646116148186,-1.1913880932493552,24663.96138753483,24682.657239521795,38.55728312819893
2025-08-05 05:15:00+00:00,24619.94921875,24629.349609375,24605.05078125,24615.849609375,0.0,40.450767134169766,-14.378830422152532,-3.828876559029991,24659.769752412467,24680.198101452315,37.53882205654187
2025-08-05 05:30:00+00:00,24633.599609375,24634.900390625,24604.150390625,24620.19921875,0.0,43.747464765558675,-14.577190607233206,-5.978539368670634,24657.277357837473,24678.370709606144,37.053906195360305
2025-08-05 05:45:00+00:00,24638.05078125,24646.599609375,24625.75,24635.0,0.0,44.820210878240175,-14.211399940471892,-7.625111483030887,24655.44625530533,24676.789535945118,35.89645642247743
2025-08-05 06:00:00+00:00,24633.650390625,24638.30078125,24618.25,24637.099609375,0.0,43.92834159463957,-14.113886847535468,-8.922866555931805,24653.37045866911,24675.097804756093,34.76462248158618
2025-08-05 06:15:00+00:00,24625.150390625,24636.099609375,24615.69921875,24632.900390625,0.0,42.18224069871656,-14.554708363350073,-10.04923491741546,24650.6828331411,24673.139082633308,33.738605920401454
2025-08-05 06:30:00+00:00,24658.69921875,24668.69921875,24619.30078125,24624.69921875,0.0,50.53887882968778,-12.057955930005846,-10.450979119933537,24651.446298437186,24672.572813461415,34.85716531894421
2025-08-05 06:45:00+00:00,24655.849609375,24665.05078125,24647.849609375,24658.099609375,0.0,49.87942493596295,-10.191717524339765,-10.399126800814782,24651.865661383643,24671.917001536458,33.59602293009105
2025-08-05 07:00:00+00:00,24649.599609375,24657.80078125,24620.94921875,24657.099609375,0.0,48.38808503138255,-9.111995496830787,-10.141700540017982,24651.649846906632,24671.041809686987,33.82856147079884
2025-08-05 07:15:00+00:00,24638.5,24650.44921875,24629.599609375,24649.94921875,0.0,45.77077124730065,-9.047657955368777,-9.922892023088142,24650.39748053457,24669.7656602875,32.901493463956065
2025-08-05 07:30:00+00:00,24626.599609375,24642.349609375,24617.0,24639.099609375,0.0,43.08026544320664,-9.843462746757723,-9.907006167822058,24648.131016614614,24668.072873977206,32.36207317188778
2025-08-05 07:45:00+00:00,24604.650390625,24629.30078125,24594.30078125,24628.80078125,0.0,38.576172247728536,-12.105715144603892,-10.346747963178425,24643.990004615604,24665.585717767317,32.550496516752936
2025-08-05 08:00:00+00:00,24609.75,24618.650390625,24593.5,24605.0,0.0,40.14203422477456,-13.333371800814348,-10.94407273070561,24640.729051795068,24663.396081776445,32.02191752448487
2025-08-05 08:15:00+00:00,24623.650390625,24628.25,24606.400390625,24609.75,0.0,44.309504054473436,-13.034400734588417,-11.362138331482171,24639.102512636015,24661.83742722149,31.29532408523595
2025-08-05 08:30:00+00:00,24611.650390625,24629.05078125,24592.349609375,24624.900390625,0.0,41.61581279760836,-13.608888922193728,-11.811488449624484,24636.48802482544,24659.869308139278,31.6814560702191
2025-08-05 08:45:00+00:00,24621.25,24622.0,24602.849609375,24612.25,0.0,44.52139685436723,-13.138118646988005,-12.07681448909719,24635.036784365875,24658.354825467148,30.786379966989163
2025-08-05 09:00:00+00:00,24623.44921875,24631.849609375,24594.599609375,24622.349609375,0.0,45.19431672624544,-12.444123133398534,-12.15027621795746,24633.933206688173,24656.98597814491,31.24806711220422
2025-08-05 09:15:00+00:00,24611.099609375,24629.900390625,24592.650390625,24624.25,0.0,42.10580479641254,-12.743735109837871,-12.268967996333544,24631.75857837263,24655.186512702952,31.676776604189634
2025-08-05 09:30:00+00:00,24666.650390625,24671.150390625,24597.900390625,24611.5,0.0,56.50470627064876,-8.401844734002225,-11.495543343867281,24635.08160811095,24655.636076543033,34.646292561033235
2025-08-05 09:45:00+00:00,24648.849609375,24669.30078125,24646.400390625,24667.5,0.0,52.0383682847437,-6.324336593566841,-10.461301993807194,24636.392846326573,24655.36994057566,33.80729956560229
2025-08-06 03:45:00+00:00,24651.30078125,24671.30078125,24634.55078125,24652.0,0.0,52.594041268299115,-4.429051985323895,-9.254851992110535,24637.812649652613,24655.210365700143,34.017492453773556
2025-08-06 04:00:00+00:00,24621.05078125,24659.44921875,24617.05078125,24650.55078125,0.0,45.5762531964515,-5.306774278182274,-8.465236449324884,24636.21628123332,24653.87077415308,34.616131385646874
2025-08-06 04:15:00+00:00,24620.099609375,24643.400390625,24606.349609375,24620.849609375,0.0,45.3712490026058,-6.00984933779182,-7.974159027018271,24634.681360103954,24652.54641475002,34.79003494738638
2025-08-06 04:30:00+00:00,24605.400390625,24641.5,24579.80078125,24619.94921875,0.0,42.21134930428076,-7.664790560131223,-7.912285333640862,24631.892696344054,24650.697551058845,36.71211950471593
2025-08-06 04:45:00+00:00,24602.5,24649.44921875,24594.44921875,24605.849609375,0.0,41.595763514478435,-9.105419082647131,-8.150912083442117,24629.09339193033,24648.80745101732,38.0183966829505
2025-08-06 05:00:00+00:00,24564.599609375,24610.5,24544.55078125,24602.69921875,0.0,34.512848470512566,-13.153744167721015,-9.151478500297898,24622.95112692506,24645.50518271762,40.013455402025464
2025-08-06 05:15:00+00:00,24556.44921875,24571.80078125,24548.650390625,24564.05078125,0.0,33.20346817129581,-16.825782228188473,-10.686339245876013,24616.617611860773,24642.012791973793,38.80895077509507
2025-08-06 05:30:00+00:00,24561.099609375,24563.0,24548.19921875,24556.69921875,0.0,34.72515931224082,-19.1400169866356,-12.37707479402793,24611.330183052603,24638.83972598953,37.09408152330257
2025-08-06 05:45:00+00:00,24569.400390625,24570.599609375,24550.30078125,24561.55078125,0.0,37.46369879723142,-20.072873441411502,-13.916234523504645,24607.33686948807,24636.116614798764,35.89442056628096
2025-08-06 06:00:00+00:00,24566.400390625,24578.44921875,24553.55078125,24568.75,0.0,36.8617819741953,-20.814309428016713,-15.29584950440706,24603.438157215394,24633.382645223322,35.108993204403745
2025-08-06 06:15:00+00:00,24580.349609375,24590.599609375,24558.30078125,24566.0,0.0,41.5631669349229,-20.04524827019486,-16.245729257564623,24601.23924789726,24631.30291832731,34.90826712730348
2025-08-06 06:30:00+00:00,24587.94921875,24600.099609375,24577.30078125,24580.25,0.0,44.00927507042127,-18.608034954006143,-16.718190396852926,24599.973530835618,24629.602773245846,34.04330719856752
2025-08-06 06:45:00+00:00,24616.5,24633.599609375,24586.19921875,24587.900390625,0.0,52.11832101634637,-14.992400547260331,-16.373032426934408,24601.547480279845,24629.088939000914,34.99738458616984
2025-08-06 07:00:00+00:00,24600.099609375,24623.30078125,24595.55078125,24615.599609375,0.0,47.83282966455183,-13.297078249412152,-15.757841591429958,24601.40958781272,24627.952102544998,34.47971425858628
2025-08-06 07:15:00+00:00,24608.0,24610.650390625,24583.25,24600.599609375,0.0,49.96707884055067,-11.187070037431113,-14.84368728063019,24602.03724611627,24627.169667151076,33.97404828475869
2025-08-06 07:30:00+00:00,24618.099609375,24620.69921875,24604.400390625,24609.0,0.0,52.63484349371597,-8.600774878043012,-13.595104800112756,24603.566994998055,24626.813978610837,32.71153255906164
2025-08-06 07:45:00+00:00,24620.25,24622.25,24607.650390625,24617.400390625,0.0,53.206941652390846,-6.30491959074061,-12.137067758238327,24605.15585261729,24626.556567684922,31.417823760200093
2025-08-06 08:00:00+00:00,24615.94921875,24628.80078125,24584.5,24620.44921875,0.0,51.857852105842326,-4.777403900225181,-10.6651349866357,24606.183792248976,24626.14059321689,32.33803500947152
2025-08-06 08:15:00+00:00,24598.099609375,24616.0,24595.349609375,24615.400390625,0.0,46.57911799094569,-4.950089461501193,-9.5221258816088,24605.4138700705,24625.040946791716,31.503203267723553
2025-08-06 08:30:00+00:00,24583.80078125,24600.400390625,24578.44921875,24598.25,0.0,42.81894649080338,-6.169620398835832,-8.851624785054206,24603.355480659025,24623.423685397924,30.820915311100443
2025-08-06 08:45:00+00:00,24574.349609375,24601.25,24574.099609375,24583.599609375,0.0,40.49215644316487,-7.808723927813844,-8.643044613606135,24600.593016727213,24621.4992118284,30.558734976378982
2025-08-06 09:00:00+00:00,24560.400390625,24574.69921875,24539.849609375,24574.5,0.0,37.27284720503856,-10.116691733393964,-8.9377740375637,24596.76514757462,24619.103179624344,30.865226004851912
2025-08-06 09:15:00+00:00,24567.05078125,24585.599609375,24556.849609375,24560.05078125,0.0,39.73295230161573,-11.27912319236566,-9.406043868524094,24593.935207924656,24617.061909099863,30.714138433076776
2025-08-06 09:30:00+00:00,24576.349609375,24581.94921875,24556.349609375,24570.349609375,0.0,43.09361431525419,-11.319536215010885,-9.788742337821454,24592.260389015166,24615.46534832634,30.348814928928437
2025-08-06 09:45:00+00:00,24569.599609375,24585.75,24563.400390625,24577.599609375,0.0,41.29355256644436,-11.760662814351235,-10.183126433127411,24590.102219525626,24613.666691896877,29.777443103647837
2025-08-07 03:45:00+00:00,24525.849609375,24533.599609375,24466.55078125,24466.55078125,0.0,31.971750686633314,-15.462278664952464,-11.238956879492422,24583.982923320807,24610.222884739156,35.01111346231585
2025-08-07 04:00:00+00:00,24504.55078125,24542.69921875,24498.5,24526.25,0.0,28.588241236115707,-19.885248555990984,-12.968215214792135,24576.4179574093,24606.078880680758,35.66740669715043
2025-08-07 04:15:00+00:00,24481.349609375,24519.349609375,24479.099609375,24503.75,0.0,25.431028820500316,-24.97473157112472,-15.369518486058652,24567.363829025082,24601.187536707985,35.99473479021112
2025-08-07 04:30:00+00:00,24476.05078125,24487.849609375,24468.0,24481.099609375,0.0,24.758523536840116,-29.100304478182807,-18.115675684483485,24558.667348284598,24596.280212964535,34.84151154626747
2025-08-07 04:45:00+00:00,24450.69921875,24486.650390625,24450.55078125,24476.94921875,0.0,21.789650550131313,-34.02331040846184,-21.297202629279155,24548.384669281302,24590.571154367888,34.93137567689122
2025-08-07 05:00:00+00:00,24435.75,24450.44921875,24425.5,24450.30078125,0.0,20.247797073462735,-38.685166574250616,-24.77479541827345,24537.65755792118,24584.49973654954,34.2362216106847
2025-08-07 05:15:00+00:00,24426.05078125,24437.349609375,24413.599609375,24435.25,0.0,19.293870098322657,-42.670488238913094,-28.35393398240138,24527.028341095353,24578.28605202799,33.48720578135008
2025-08-07 05:30:00+00:00,24411.599609375,24433.80078125,24388.55078125,24426.80078125,0.0,17.937871460025818,-46.45941791790392,-31.97503076950189,24516.035128550557,24571.749328786696,34.3274053683965
2025-08-07 05:45:00+00:00,24424.150390625,24433.5,24410.30078125,24410.94921875,0.0,22.999451395629606,-47.89729858756618,-35.15948433311475,24507.284201129074,24565.961135133297,33.53253489565389
2025-08-07 06:00:00+00:00,24423.69921875,24448.19921875,24412.5,24424.44921875,0.0,22.944663960943984,-48.51399603003665,-37.83038667249913,24499.32372661678,24560.382236451598,33.68729802810718
2025-08-07 06:15:00+00:00,24426.44921875,24432.05078125,24416.900390625,24423.849609375,0.0,24.130987852017086,-48.22492427094403,-39.90929419218811,24492.383297296135,24555.129961247614,32.36323321359952
2025-08-07 06:30:00+00:00,24442.30078125,24449.69921875,24421.150390625,24426.80078125,0.0,30.749321504850172,-46.18435965318349,-41.16430728438719,24487.613533863172,24550.705287522218,32.090775707270986
2025-08-07 06:45:00+00:00,24436.80078125,24452.5,24430.650390625,24440.19921875,0.0,29.778666778005856,-44.49805564037524,-41.831056955584806,24482.77422409049,24546.238444138995,31.359263826394486
2025-08-07 07:00:00+00:00,24434.900390625,24447.349609375,24417.849609375,24437.900390625,0.0,29.432944141872397,-42.82137504611819,-42.029120573691486,24478.214811379494,24541.872245961975,31.226459267366305
2025-08-07 07:15:00+00:00,24435.5,24439.5,24424.25,24434.94921875,0.0,29.71022821036712,-40.9719114389809,-41.81767874674937,24474.146734105256,24537.700785336016,30.08528360541157
2025-08-07 07:30:00+00:00,24403.150390625,24436.44921875,24398.69921875,24435.80078125,0.0,24.18806378247706,-41.636580740352656,-41.78145914547003,24467.38517758333,24532.424299268918,30.632763347882168
2025-08-07 07:45:00+00:00,24358.0,24405.599609375,24355.94921875,24402.94921875,0.0,18.90622327191305,-45.28458265606241,-42.48208384758851,24456.96754162301,24525.584130670137,31.991165296247726
2025-08-07 08:00:00+00:00,24385.400390625,24394.80078125,24344.5,24357.849609375,0.0,29.03400636731982,-45.44085404836005,-43.073837887742826,24450.15162248034,24520.08672909974,33.29899500723003
2025-08-07 08:15:00+00:00,24388.25,24395.5,24370.05078125,24386.150390625,0.0,30.01295028178629,-44.81812514291596,-43.42269533877746,24444.256229863167,24514.91666129191,32.738296703142176
2025-08-07 08:30:00+00:00,24427.599609375,24442.75,24388.400390625,24388.400390625,0.0,41.92613854836827,-40.68048408289178,-42.87425308760033,24442.66988505477,24511.49246317752,34.29270408148916
2025-08-07 08:45:00+00:00,24469.650390625,24513.69921875,24426.599609375,24427.349609375,0.0,51.43909332724046,-33.62066897508703,-41.023536265097675,24445.23945701384,24509.851597587225,38.06462588816851
2025-08-07 09:00:00+00:00,24515.05078125,24521.650390625,24465.69921875,24469.349609375,0.0,59.208300942006936,-24.08464969290435,-37.63575895065901,24451.88815456014,24510.05548714263,39.342236315799326
2025-08-07 09:15:00+00:00,24537.099609375,24542.599609375,24504.25,24514.900390625,0.0,62.358027948313236,-14.580059696116223,-33.02461909975045,24460.003531209175,24511.11604095566,39.27133439145651
2025-08-07 09:30:00+00:00,24592.0,24601.30078125,24537.150390625,24537.150390625,0.0,68.81490844353515,-2.5877707348627155,-26.937249426772908,24472.574623474968,24514.287960918184,41.05203706885248
2025-08-07 09:45:00+00:00,24626.650390625,24633.80078125,24590.05078125,24592.25,0.0,72.07117822525657,9.60152124457818,-19.629495292502693,24487.248506060685,24518.69433071061,41.24474870679159
2025-08-08 03:45:00+00:00,24515.150390625,24585.30078125,24514.80078125,24544.25,0.0,52.92164777857379,10.147530388079758,-13.674090156386203,24489.905828400144,24518.555352668034,46.287953040235045
2025-08-08 04:00:00+00:00,24499.5,24532.94921875,24496.400390625,24515.5,0.0,50.87820135816676,9.211209748224064,-9.097030175464152,24490.8195590287,24517.808083935954,45.592301260575404
2025-08-08 04:15:00+00:00,24476.849609375,24506.599609375,24476.55078125,24499.75,0.0,47.99007290957517,6.56578538226313,-5.964467063918696,24489.48908763311,24516.20186924729,44.48205317946287
2025-08-08 04:30:00+00:00,24449.599609375,24480.900390625,24437.55078125,24477.19921875,0.0,44.70238247185363,2.244546515681577,-4.322664347998641,24485.690089703763,24513.590015918962,44.40116433628695
2025-08-08 04:45:00+00:00,24467.150390625,24481.25,24443.150390625,24449.30078125,0.0,47.21079665001892,0.23344395336607704,-3.411442687725698,24483.924404077214,24511.76885414273,43.9510532676236
2025-08-08 05:00:00+00:00,24437.400390625,24468.599609375,24433.099609375,24467.599609375,0.0,43.60037249350851,-3.7180859054678876,-3.472771331274136,24479.493545653193,24508.8524438087,43.347406605650484
2025-08-08 05:15:00+00:00,24421.849609375,24440.69921875,24409.0,24437.599609375,0.0,41.80087122751502,-8.012160670587036,-4.380649199136716,24474.00364696003,24505.440567948557,42.51539318738973
2025-08-08 05:30:00+00:00,24440.80078125,24446.19921875,24418.80078125,24422.69921875,0.0,44.79132976413075,-9.773383192594338,-5.459195997828241,24470.84146927336,24502.905674352536,41.43561063829047
2025-08-08 05:45:00+00:00,24432.599609375,24452.75,24430.30078125,24441.05078125,0.0,43.74380950726922,-11.696105338698544,-6.706577866002302,24467.199387378278,24500.148573765182,40.079439789126866
2025-08-08 06:00:00+00:00,24432.05078125,24445.94921875,24422.30078125,24432.80078125,0.0,43.670205943491595,-13.113003789763752,-7.9878630507545925,24463.851901080347,24497.47807209792,38.90579676847494
2025-08-08 06:15:00+00:00,24433.75,24446.44921875,24416.30078125,24431.80078125,0.0,43.984465390817725,-13.938123259518761,-9.177915092507426,24460.98505335841,24494.978932015652,38.28027110644102
2025-08-08 06:30:00+00:00,24423.099609375,24435.849609375,24403.05078125,24433.849609375,0.0,42.388231933797485,-15.275349181578349,-10.397401910321612,24457.37691583618,24492.160135049355,37.88873946490952
2025-08-08 06:45:00+00:00,24434.55078125,24436.099609375,24411.599609375,24423.05078125,0.0,44.7115085018159,-15.235471458901884,-11.365015820037668,24455.202998256544,24489.90094470428,36.9324009317017
2025-08-08 07:00:00+00:00,24435.349609375,24441.900390625,24424.349609375,24436.30078125,0.0,44.878501714396904,-14.966880441606918,-12.085388744351517,24453.312199315445,24487.761676652153,35.54799952586587
2025-08-08 07:15:00+00:00,24458.69921875,24481.349609375,24434.05078125,24436.75,0.0,49.664267371250375,-12.723236242109124,-12.212958243903039,24453.8252487854,24486.621972420697,36.387344425804024
2025-08-08 07:30:00+00:00,24435.94921875,24464.400390625,24419.55078125,24459.849609375,0.0,45.517625942184964,-12.635216014670732,-12.297409798056579,24452.12276973441,24484.634805610083,36.99179192217516
2025-08-08 07:45:00+00:00,24425.05078125,24453.099609375,24417.849609375,24435.94921875,0.0,43.63794449447849,-13.291654257962364,-12.496258690037736,24449.544485116847,24482.298177203807,36.86737821344837
2025-08-08 08:00:00+00:00,24456.94921875,24463.5,24418.0,24425.599609375,0.0,50.12936054557791,-11.109881180676894,-12.21898318816557,24450.249697843814,24481.3041004017,37.483994055344915
2025-08-08 08:15:00+00:00,24423.650390625,24457.75,24418.30078125,24457.75,0.0,44.38275835073825,-11.930223250550625,-12.161231200642582,24447.716430489643,24479.043170606536,37.624367247820274
2025-08-08 08:30:00+00:00,24413.25,24449.44921875,24388.25,24424.75,0.0,42.73494687604486,-13.266645226936816,-12.382314005901431,24444.433913300152,24476.463046269022,39.30828521226168
2025-08-08 08:45:00+00:00,24400.69921875,24434.849609375,24395.0,24413.05078125,0.0,40.76788851975666,-15.163714564831025,-12.93859411768735,24440.268704295377,24473.49191577808,39.34695122388585
2025-08-08 09:00:00+00:00,24417.30078125,24424.900390625,24383.25,24401.5,0.0,44.412680099207925,-15.15287541856378,-13.381450377862636,24438.08128305296,24471.288341875017,39.511482609679724
2025-08-08 09:15:00+00:00,24406.44921875,24421.94921875,24400.5,24418.400390625,0.0,42.568791006541254,-15.837352578397258,-13.872630817969561,24435.0687055003,24468.745631164235,38.22132090541688
2025-08-08 09:30:00+00:00,24344.44921875,24407.349609375,24337.94921875,24407.150390625,0.0,33.907102053509064,-21.139010152877745,-15.3259066849512,24426.438278190748,24463.87126204995,40.44839731395853
2025-08-08 09:45:00+00:00,24349.19921875,24365.349609375,24339.19921875,24349.19921875,0.0,34.99834706626157,-24.672912695241394,-17.19530788700924,24419.08217729163,24459.374319175444,39.427111121890064
