Price,Close,High,Low,Open,Volume,rsi,macd,macd_signal,ema_20,ema_50,atr
2025-05-23 04:30:00+00:00,24774.69921875,24826.349609375,24768.05078125,24795.44921875,0.0,56.773786190954965,-36.98837258239291,-64.49573700504291,24672.45527156412,24767.061020079123,76.82549377928466
2025-05-23 05:00:00+00:00,24889.599609375,24908.849609375,24748.55078125,24774.599609375,0.0,63.9253829863017,-15.590689546319481,-54.71472751329823,24693.135684688965,24771.866454953473,82.78787480397861
2025-05-23 05:30:00+00:00,24882.0,24902.349609375,24854.150390625,24892.30078125,0.0,63.18083001882393,0.7453119653764588,-43.6227196175633,24711.122762337636,24776.18541750432,80.3172565144087
2025-05-23 06:00:00+00:00,24837.44921875,24903.400390625,24804.30078125,24884.150390625,0.0,58.85328395672856,9.981771489179664,-32.90182139621471,24723.15385342453,24778.587919513957,81.65885314730806
2025-05-23 06:30:00+00:00,24869.5,24873.900390625,24819.80078125,24836.94921875,0.0,60.926781555005455,19.661318948117696,-22.389193327348227,24737.091581669814,24782.15309914086,79.69033573500035
2025-05-23 07:00:00+00:00,24880.900390625,24901.349609375,24865.44921875,24870.69921875,0.0,61.666744306831845,27.930382232781994,-12.325278215322184,24750.787658713165,24786.02554194416,76.56248251285747
2025-05-23 07:30:00+00:00,24884.150390625,24902.0,24873.75,24881.900390625,0.0,61.88832758966128,34.349957373382495,-2.9902310975812476,24763.488871276197,24789.873575225763,73.11159090479622
2025-05-23 08:00:00+00:00,24875.900390625,24892.05078125,24838.05078125,24884.599609375,0.0,60.925571730032146,38.329966872446676,5.273808496424337,24774.194730261795,24793.247175829656,71.74647726873934
2025-05-23 08:30:00+00:00,24872.650390625,24894.05078125,24857.099609375,24876.150390625,0.0,60.52611995653232,40.7521399344223,12.36947478402393,24783.571459820196,24796.36102739026,69.26109831204367
2025-05-23 09:00:00+00:00,24836.25,24873.900390625,24819.30078125,24872.69921875,0.0,56.090432896804316,39.2817071560894,17.751921258437022,24788.588463646844,24797.925300825937,68.21384910225484
2025-05-23 09:30:00+00:00,24845.150390625,24864.0,24836.349609375,24836.349609375,0.0,56.92174456911462,38.392006571568345,21.879938321063285,24793.97531383524,24799.777265131783,65.32357416637949
2025-05-26 04:00:00+00:00,25061.94921875,25079.05078125,25024.349609375,25040.05078125,0.0,71.21659108349476,54.55192537633047,28.414335732116726,24819.496638112836,24810.05851821485,77.36477534199524
2025-05-26 04:30:00+00:00,24975.19921875,25065.900390625,24938.650390625,25062.5,0.0,62.30704136978772,59.67092813930503,34.66565421355439,24834.325455316375,24816.534624118187,80.92800567470987
2025-05-26 05:00:00+00:00,24980.30078125,24992.30078125,24910.5,24974.650390625,0.0,62.60333739914803,63.408494513267215,40.41422227349696,24848.22786731005,24822.95682635865,80.99034678723059
2025-05-26 05:30:00+00:00,24974.5,25024.400390625,24960.0,24980.400390625,0.0,62.00647991884569,65.15144294570928,45.361666407939424,24860.253784709093,24828.899695913216,79.80534991849983
2025-05-26 06:00:00+00:00,24999.05078125,25011.349609375,24954.099609375,24974.349609375,0.0,63.58872080751016,67.73300112843935,49.83593335203942,24873.472546284418,24835.57228749505,78.19425349574985
2025-05-26 06:30:00+00:00,25007.400390625,25013.80078125,24972.0,25000.0,0.0,64.13574980837794,69.6497691006225,53.79870050175604,24886.227579078757,24842.31064448054,75.59471976391058
2025-05-26 07:00:00+00:00,24967.349609375,25010.30078125,24939.44921875,25006.19921875,0.0,59.51679741918855,67.16284671016183,56.4715297434372,24893.95348672602,24847.214133299934,75.2559228164884
2025-05-26 07:30:00+00:00,24973.05078125,24992.099609375,24965.94921875,24966.75,0.0,59.95886383926868,64.90380901296157,58.157985597342076,24901.48656239497,24852.14890380778,71.74838480281065
2025-05-26 08:00:00+00:00,24989.150390625,25013.349609375,24967.849609375,24971.69921875,0.0,61.245829613723174,63.67856245945222,59.26210096976411,24909.835498416876,24857.521511133946,69.87350017403845
2025-05-26 08:30:00+00:00,24985.099609375,25004.099609375,24969.25,24989.650390625,0.0,60.71704432623056,61.669790587504394,59.74363889331217,24917.003508984315,24862.524573810064,67.37179368839286
2025-05-26 09:00:00+00:00,25004.599609375,25013.44921875,24979.80078125,24984.05078125,0.0,62.39999448234115,60.94873239054141,59.984657592758026,24925.34599473581,24868.09614383222,64.96298253207908
2025-05-26 09:30:00+00:00,24996.349609375,25019.650390625,24992.599609375,25004.44921875,0.0,61.20529112182306,59.03110864772316,59.79394780375105,24932.108243749066,24873.125691500565,62.25496815478772
2025-05-27 04:00:00+00:00,24760.400390625,24841.650390625,24751.400390625,24791.900390625,0.0,38.50136583689121,38.03381779625852,55.44192180225255,24915.755114880107,24868.70509146623,75.30455748301718
2025-05-27 04:30:00+00:00,24755.69921875,24791.44921875,24737.75,24760.69921875,0.0,38.19733522328705,20.774492816661223,48.50843600513429,24900.51169620105,24864.27348861461,73.76131900208738
2025-05-27 05:00:00+00:00,24779.69921875,24803.25,24751.349609375,24756.30078125,0.0,40.76880525998321,8.930013213652273,40.59275144683789,24889.005745967617,24860.956850580704,72.19982411800972
2025-05-27 05:30:00+00:00,25012.55078125,25012.55078125,24772.599609375,24779.69921875,0.0,58.716347351145544,18.123437163274502,36.09888859012521,24900.771939804035,24866.90171060695,84.18206324350902
2025-05-27 06:00:00+00:00,24948.05078125,25062.400390625,24908.0,25013.30078125,0.0,53.84894828128562,19.97442815328759,32.87399650275769,24905.274686608413,24870.084027102755,89.19765805647266
2025-05-27 06:30:00+00:00,24856.30078125,24971.099609375,24835.150390625,24948.150390625,0.0,47.781219064811495,13.877917639441876,29.07478073009453,24900.610505145705,24869.54350765755,92.53705524886746
2025-05-27 07:00:00+00:00,24824.25,24888.69921875,24819.94921875,24854.05078125,0.0,45.83812836636791,6.386538901933818,24.53713236446239,24893.338076084212,24867.767291670978,90.83797987394836
2025-05-27 07:30:00+00:00,24824.849609375,24848.25,24800.80078125,24824.150390625,0.0,45.882467613068684,0.4922760930385266,19.728161110177616,24886.81536496905,24866.08424530643,87.73878265080918
2025-05-27 08:00:00+00:00,24764.349609375,24871.849609375,24761.69921875,24824.75,0.0,42.1344341770211,-8.957556889345142,13.991017510273066,24875.15195967438,24862.09465174049,89.33961179182282
2025-05-27 08:30:00+00:00,24731.349609375,24787.44921875,24706.05078125,24761.599609375,0.0,40.2052117911702,-18.89167040102984,7.414479928012485,24861.456497741106,24856.967395177136,88.77238505669263
2025-05-27 09:00:00+00:00,24817.69921875,24817.69921875,24727.44921875,24731.400390625,0.0,47.03859456711929,-19.571230149198527,2.0173379125702824,24857.28913783719,24855.427466689798,88.87792898121458
2025-05-27 09:30:00+00:00,24837.69921875,24843.30078125,24816.55078125,24818.05078125,0.0,48.50643773362578,-18.285173198059056,-2.0431643095555856,24855.42343125746,24854.732241280395,84.44021976827068
2025-05-28 04:00:00+00:00,24782.150390625,24814.80078125,24743.349609375,24768.900390625,0.0,44.79312833000777,-21.500446226960776,-5.934620693036624,24848.445046435318,24851.88589419587,85.14803331160849
2025-05-28 04:30:00+00:00,24750.5,24784.650390625,24737.25,24783.400390625,0.0,42.783450596123856,-26.299332937902363,-10.007563142009772,24839.11694677481,24847.909976776427,82.45177311970788
2025-05-28 05:00:00+00:00,24781.650390625,24799.05078125,24743.849609375,24750.25,0.0,45.38079481019151,-27.274505519835657,-13.460951617574949,24833.64394142721,24845.311561633232,80.50530160222876
2025-05-28 05:30:00+00:00,24758.69921875,24801.900390625,24753.75,24781.5,0.0,43.80304478134894,-29.558571760440827,-16.680475646148125,24826.506348791285,24841.914999167224,78.1942365324267
2025-05-28 06:00:00+00:00,24770.900390625,24780.69921875,24746.349609375,24759.599609375,0.0,44.899777536050195,-30.03791967104553,-19.351964451127607,24821.21054325164,24839.130112557723,75.06247744975336
2025-05-28 06:30:00+00:00,24776.44921875,24780.05078125,24754.5,24770.849609375,0.0,45.421445858800794,-29.62852311615643,-21.407276184133373,24816.947559965767,24836.672038290755,71.52592772119955
2025-05-28 07:00:00+00:00,24805.25,24827.05078125,24775.30078125,24776.099609375,0.0,48.16463020562818,-26.672625623108615,-22.460346071928424,24815.833506635696,24835.43980149504,70.11336145539958
2025-05-28 07:30:00+00:00,24789.44921875,24823.30078125,24774.05078125,24804.400390625,0.0,46.77560118043929,-25.31325115564323,-23.030927088671387,24813.320717313247,24833.636249230527,68.62312135144246
2025-05-28 08:00:00+00:00,24773.30078125,24796.849609375,24761.099609375,24790.150390625,0.0,45.33657585773522,-25.247938525510108,-23.47432937603913,24809.509294831034,24831.270152446978,66.27504125491086
2025-05-28 08:30:00+00:00,24771.69921875,24798.0,24765.55078125,24773.099609375,0.0,45.188094764319665,-25.036801837795792,-23.786823868390464,24805.90833520427,24828.93403740004,63.85891107598866
2025-05-28 09:00:00+00:00,24774.05078125,24792.94921875,24769.05078125,24770.69921875,0.0,45.47048611136676,-24.398472645563743,-23.90915362382512,24802.87428244672,24826.781752845134,61.00459153484661
2025-05-28 09:30:00+00:00,24757.150390625,24780.5,24740.05078125,24775.599609375,0.0,43.72687422749067,-24.968491218372947,-24.121021142734687,24798.519626082747,24824.051111189445,59.53635062164329
2025-05-29 04:00:00+00:00,24804.05078125,24826.650390625,24780.30078125,24802.69921875,0.0,49.51271694681078,-21.38920405355384,-23.57465772489852,24799.04640276534,24823.266784525153,60.248039862954485
2025-05-29 04:30:00+00:00,24771.150390625,24848.05078125,24770.5,24804.349609375,0.0,45.9440643370528,-20.965700210137584,-23.05286622194633,24796.389639704354,24821.223004372205,61.483949962029165
2025-05-29 05:00:00+00:00,24743.94921875,24770.599609375,24741.5,24770.599609375,0.0,43.173453379049704,-22.56486389879501,-22.95526575731607,24791.39531389918,24818.192659838,59.21012429509851
2025-05-29 05:30:00+00:00,24728.94921875,24756.5,24709.05078125,24745.80078125,0.0,41.68076170331792,-24.75720167311374,-23.315652940475605,24785.448066742112,24814.692917050237,58.37005961330576
2025-05-29 06:00:00+00:00,24739.5,24748.30078125,24721.19921875,24729.05078125,0.0,43.16914756441406,-25.351054112561542,-23.72273317489279,24781.07206038572,24811.74417520513,56.136595533783925
2025-05-29 06:30:00+00:00,24750.19921875,24757.69921875,24727.150390625,24738.400390625,0.0,44.71014278777898,-24.67392328463393,-23.91297119684102,24778.131789753745,24809.33064750101,54.30889786172793
2025-05-29 07:00:00+00:00,24768.599609375,24772.30078125,24677.599609375,24749.900390625,0.0,47.35402414047315,-22.39438593899831,-23.60925414527248,24777.22396305101,24807.733351888226,57.19406029124736
2025-05-29 07:30:00+00:00,24758.19921875,24772.900390625,24741.30078125,24769.75,0.0,46.01465599828347,-21.18287774438795,-23.123978865095573,24775.412082641385,24805.790836863198,55.365885225801115
2025-05-29 08:00:00+00:00,24745.69921875,24773.69921875,24739.849609375,24758.25,0.0,44.38959632076663,-20.989441093410278,-22.697071310758517,24772.582286080302,24803.434302819544,53.82900837931532
2025-05-29 08:30:00+00:00,24746.849609375,24760.75,24717.80078125,24745.55078125,0.0,44.583565050719784,-20.506923199125595,-22.259041688431935,24770.131554965512,24801.215295233487,53.05188054864994
2025-05-29 09:00:00+00:00,24757.349609375,24767.599609375,24738.349609375,24746.849609375,0.0,46.42053763425035,-19.057578145781008,-21.61874897990175,24768.914226814035,24799.495072258647,51.351746223746375
2025-05-29 09:30:00+00:00,24880.849609375,24891.150390625,24758.099609375,24758.599609375,0.0,62.26482733931108,-7.853019165002479,-18.8656030169219,24779.57473943889,24802.68544626321,57.24096301133592
2025-05-30 04:00:00+00:00,24807.55078125,24863.599609375,24788.30078125,24848.05078125,0.0,52.36686579571915,-4.832225407528313,-16.058927495043182,24782.23912437328,24802.876243713676,59.76295337659764
2025-05-30 04:30:00+00:00,24761.5,24808.80078125,24746.55078125,24806.849609375,0.0,47.28153513421689,-6.0840051513005164,-14.06394302629465,24780.263969671065,24801.25364592098,59.940599563983525
2025-05-30 05:00:00+00:00,24751.69921875,24761.900390625,24717.849609375,24761.900390625,0.0,46.252091972809964,-7.777239578455919,-12.806602336726906,24777.543517202394,24799.31033505153,58.80561254155613
2025-05-30 05:30:00+00:00,24774.150390625,24783.150390625,24746.599609375,24751.25,0.0,48.991857008683326,-7.224241563228134,-11.690130182027152,24777.22036229026,24798.32367056422,57.215981735016406
2025-05-30 06:00:00+00:00,24751.900390625,24787.94921875,24737.75,24774.80078125,0.0,46.4640467644701,-8.483582245731668,-11.048820594768056,24774.80893641738,24796.503149782293,56.714784378943804
2025-05-30 06:30:00+00:00,24750.25,24756.30078125,24729.349609375,24748.25,0.0,46.273328308408274,-9.505221266259468,-10.740100729066338,24772.469990091915,24794.68930077122,54.58881205723353
2025-05-30 07:00:00+00:00,24755.30078125,24761.349609375,24732.19921875,24749.849609375,0.0,46.99043931856057,-9.794417763638194,-10.55096413598071,24770.83482734507,24793.14465294686,52.77178195493114
2025-05-30 07:30:00+00:00,24769.69921875,24776.69921875,24750.75,24756.05078125,0.0,49.077096482855204,-8.760785614707856,-10.19292843172614,24770.72667414554,24792.225224154827,50.85588458315034
2025-05-30 08:00:00+00:00,24789.400390625,24801.69921875,24762.400390625,24770.150390625,0.0,51.8688952038579,-6.279518389877921,-9.410246423356497,24772.50512333406,24792.114446369345,50.03038055042532
2025-05-30 08:30:00+00:00,24771.349609375,24796.25,24751.099609375,24788.94921875,0.0,49.207026125668534,-5.703892505582189,-8.668975639801635,24772.39507438558,24791.300139036233,49.68180984146637
2025-05-30 09:00:00+00:00,24765.30078125,24786.80078125,24757.69921875,24770.400390625,0.0,48.31228541054661,-5.670429540616169,-8.069266419964542,24771.71942742029,24790.28055637795,48.21179217421877
2025-05-30 09:30:00+00:00,24736.650390625,24784.099609375,24729.80078125,24764.400390625,0.0,44.21165316489005,-7.865093084692489,-8.028431752910132,24768.37951915407,24788.177412622932,48.64658045641743
2025-06-02 04:00:00+00:00,24598.19921875,24601.099609375,24526.150390625,24565.5,0.0,30.665974211508143,-20.539466061283747,-10.530638614584856,24752.17187149654,24780.727287373014,60.20753899524476
2025-06-02 04:30:00+00:00,24588.94921875,24606.80078125,24554.19921875,24598.05078125,0.0,30.004548758252312,-30.973354107765772,-14.619181713221039,24736.62685694925,24773.206578799563,59.66425495987013
2025-06-02 05:00:00+00:00,24617.30078125,24638.849609375,24582.25,24588.30078125,0.0,34.656613251511885,-36.533416917885916,-19.002028754154015,24725.262468787416,24767.092625954483,59.44535170380798
2025-06-02 05:30:00+00:00,24630.900390625,24657.849609375,24611.44921875,24616.69921875,0.0,36.825572262612056,-39.388387124752626,-23.07930042827374,24716.27560420052,24761.751753980778,58.51356876960741
2025-06-02 06:00:00+00:00,24651.099609375,24652.30078125,24621.25,24631.849609375,0.0,40.010626642211484,-39.56498294638368,-26.37643693189573,24710.06836659809,24757.412454192316,56.551941089635456
2025-06-02 06:30:00+00:00,24671.5,24688.69921875,24647.400390625,24650.80078125,0.0,43.12918299785059,-37.62507691123028,-28.62616492776264,24706.395188826846,24754.04333834164,55.462433020732924
2025-06-02 07:00:00+00:00,24684.75,24737.05078125,24670.05078125,24671.75,0.0,45.124535185259624,-34.619451648231916,-29.824822271856497,24704.33374227191,24751.32595252432,56.28654494782343
2025-06-02 07:30:00+00:00,24706.849609375,24721.69921875,24684.400390625,24685.099609375,0.0,48.377804153669615,-30.107161572970654,-29.88129013207933,24704.573348662678,24749.58178220474,54.9302794604789
2025-06-02 08:00:00+00:00,24708.30078125,24732.900390625,24697.94921875,24707.099609375,0.0,48.593320516939926,-26.11302701602108,-29.127637508867682,24704.928342242423,24747.9629194222,53.503200347230404
2025-06-02 08:30:00+00:00,24700.150390625,24713.5,24681.55078125,24708.44921875,0.0,47.3964858162818,-23.336308572361304,-27.969371721566407,24704.47329923124,24746.0879182929,51.96363023314252
2025-06-02 09:00:00+00:00,24713.5,24716.05078125,24654.80078125,24700.349609375,0.0,49.586656275393025,-19.829949971808674,-26.34148737161486,24705.33298501874,24744.809960712784,52.62694235934662
2025-06-02 09:30:00+00:00,24690.69921875,24754.30078125,24666.599609375,24714.25,0.0,46.05932249425842,-18.67568632496841,-24.808327162285572,24703.939292993146,24742.687970831892,55.13224446760758
2025-06-03 04:00:00+00:00,24630.150390625,24691.69921875,24601.80078125,24647.900390625,0.0,38.273259975956336,-22.388626323026983,-24.324386994433855,24696.911778481895,24738.274732392405,57.61554396992132
2025-06-03 04:30:00+00:00,24719.94921875,24766.44921875,24619.150390625,24630.400390625,0.0,51.39593905922333,-17.87904457566401,-23.03531851067989,24699.10582041219,24737.556084798587,64.02149283814123
2025-06-03 05:00:00+00:00,24637.69921875,24748.05078125,24612.099609375,24719.599609375,0.0,42.48650539153228,-20.703400248516118,-22.568934858247136,24693.257572634837,24733.64012926727,69.15932705505972
2025-06-03 05:30:00+00:00,24618.30078125,24647.44921875,24572.55078125,24637.30078125,0.0,40.69476389090364,-24.22773204065743,-22.900694294729195,24686.11883059819,24729.11701758032,69.5692635154126
2025-06-03 06:00:00+00:00,24623.44921875,24662.599609375,24576.05078125,24617.25,0.0,41.40109321115457,-26.302159575345286,-23.580987350852418,24680.150296136457,24724.973182332076,70.78208955895455
2025-06-03 06:30:00+00:00,24606.25,24641.80078125,24583.75,24622.30078125,0.0,39.70002047295415,-28.999701053231547,-24.664730091328245,24673.11217269489,24720.317371260233,69.87271039402923
2025-06-03 07:00:00+00:00,24530.5,24648.94921875,24502.75,24605.30078125,0.0,33.2250808589793,-36.82541359512834,-27.096866792088267,24659.530061009664,24712.87355277944,75.32460384802714
2025-06-03 07:30:00+00:00,24540.400390625,24557.25,24504.150390625,24531.900390625,0.0,34.723577294744146,-41.74723227644063,-30.026939888958744,24648.184378115886,24706.10989936162,73.73710424281091
2025-06-03 08:00:00+00:00,24568.349609375,24572.69921875,24531.69921875,24541.30078125,0.0,38.892635179873025,-42.898038781440846,-32.601159667455164,24640.58106680723,24700.707535048423,71.3987396540387
2025-06-03 08:30:00+00:00,24562.349609375,24585.849609375,24559.849609375,24567.5,0.0,38.32672237494386,-43.78943374939263,-34.838814483842654,24633.130451813682,24695.281734041622,68.15597253589308
2025-06-03 09:00:00+00:00,24567.44921875,24601.69921875,24556.849609375,24562.099609375,0.0,39.13731675781974,-43.58198878838812,-36.58744934475175,24626.87509628381,24690.268694226266,66.49123231011501
2025-06-03 09:30:00+00:00,24538.400390625,24575.05078125,24524.44921875,24568.650390625,0.0,36.217214904639526,-45.24008527861588,-38.31797653152458,24618.44893384011,24684.3130744772,65.3562558951068
2025-06-04 04:00:00+00:00,24575.099609375,24581.150390625,24530.75,24572.650390625,0.0,42.09527278531253,-43.096034192287334,-39.27358806367713,24614.320426748196,24680.0301934928,64.28797980438489
2025-06-04 04:30:00+00:00,24581.19921875,24596.849609375,24569.599609375,24575.150390625,0.0,43.03492882836238,-40.43852066519321,-39.50657458398035,24611.166025986462,24676.15446899308,61.6424098183574
2025-06-04 05:00:00+00:00,24589.0,24609.599609375,24577.05078125,24581.650390625,0.0,44.28025964389371,-37.2733007859606,-39.05991982437641,24609.05497589251,24672.73664667963,59.56429684026045
2025-06-04 05:30:00+00:00,24590.400390625,24598.150390625,24572.0,24589.099609375,0.0,44.51476313542908,-34.25694862802993,-38.09932558510711,24607.278348724176,24669.507773893172,57.17758925345613
2025-06-04 06:00:00+00:00,24594.349609375,24601.55078125,24583.19921875,24590.349609375,0.0,45.215005736687864,-31.188279787736974,-36.71711642563309,24606.047040214733,24666.56039489246,54.40430162820926
2025-06-04 06:30:00+00:00,24594.150390625,24609.150390625,24588.0,24594.55078125,0.0,45.18402728373231,-28.444522165995295,-35.06259757370553,24604.914025968093,24663.720786881975,52.029022270837174
2025-06-04 07:00:00+00:00,24602.099609375,24605.19921875,24582.19921875,24594.30078125,0.0,46.751722452966,-25.336574702621874,-33.1173929994888,24604.645986292562,24661.304270116994,49.955520680063096
2025-06-04 07:30:00+00:00,24608.19921875,24619.900390625,24588.80078125,24602.150390625,0.0,47.98107964854628,-22.12625870906777,-30.919166141404595,24604.984389383746,24659.221719082994,48.60866987255859
2025-06-04 08:00:00+00:00,24621.349609375,24622.55078125,24601.05078125,24608.05078125,0.0,50.62761641468776,-18.30986876444149,-28.397306666011975,24606.542981763865,24657.736538310135,46.67233631023298
2025-06-04 08:30:00+00:00,24612.849609375,24632.0,24608.650390625,24621.94921875,0.0,48.895987709691816,-15.789222867490025,-25.875689906307585,24607.143612964926,24655.97626658719,45.00642724343062
2025-06-04 09:00:00+00:00,24628.900390625,24631.5,24610.05078125,24612.05078125,0.0,52.219375720667266,-12.354019482503645,-23.1713558215468,24609.21568702779,24654.91446752985,43.32376949389987
2025-06-04 09:30:00+00:00,24612.0,24644.25,24604.099609375,24629.44921875,0.0,48.63310324866041,-10.870013581356034,-20.711087373508647,24609.480859691812,24653.23154723456,43.097099574692734
2025-06-05 04:00:00+00:00,24749.19921875,24761.25,24704.05078125,24715.349609375,0.0,67.90400479198095,1.3612109261630394,-16.296627713574313,24622.787370078306,24656.994985333207,50.67944960507183
2025-06-05 04:30:00+00:00,24723.849609375,24757.400390625,24713.75,24749.400390625,0.0,63.187157273577625,8.906375693586597,-11.256027032142132,24632.41234524942,24659.616735295633,50.177373963638125
2025-06-05 05:00:00+00:00,24704.55078125,24734.849609375,24690.900390625,24723.849609375,0.0,59.78248909223208,13.17682475559559,-6.369456674594588,24639.28267248757,24661.378854744824,49.73250573409255
2025-06-05 05:30:00+00:00,24736.94921875,24754.19921875,24698.349609375,24704.75,0.0,63.352489482569325,18.95694567591272,-1.304176204493126,24648.584248322088,24664.3423984313,50.16944170844308
2025-06-05 06:00:00+00:00,24742.05078125,24743.5,24713.80078125,24738.099609375,0.0,63.89595595278734,23.676459124297253,3.6919508612649503,24657.48582288665,24667.38978599282,48.70728292569714
2025-06-05 06:30:00+00:00,24822.099609375,24898.900390625,24742.05078125,24742.44921875,0.0,71.13040441601976,33.48992792574427,9.651546274160815,24673.16332636173,24673.456837890157,56.431734814933066
2025-06-05 07:00:00+00:00,24796.349609375,24837.44921875,24785.55078125,24823.900390625,0.0,66.51334658052586,38.74276042914789,15.469789105158231,24684.895353315376,24678.276162262115,56.107927863866415
2025-06-05 07:30:00+00:00,24768.900390625,24821.05078125,24763.05078125,24796.900390625,0.0,61.90077062458052,40.22703328304851,20.42123794073629,24692.89583305915,24681.830053570462,56.243075873590236
2025-06-05 08:00:00+00:00,24732.599609375,24763.599609375,24711.349609375,24763.599609375,0.0,56.33665139692781,38.03570857276645,23.944132067142323,24696.67714508923,24683.821016543192,56.336483400476645
2025-06-05 08:30:00+00:00,24729.849609375,24744.400390625,24693.099609375,24732.349609375,0.0,55.92652322846891,35.66603014080465,26.28851168187479,24699.83642740216,24685.626059399343,55.976790389728315
2025-06-05 09:00:00+00:00,24739.900390625,24780.650390625,24712.900390625,24731.80078125,0.0,57.15421263337122,34.20476571245308,27.87176248799045,24703.65204294719,24687.75446454545,56.817733933319154
2025-06-05 09:30:00+00:00,24761.099609375,24775.400390625,24727.099609375,24742.80078125,0.0,59.70385582045584,34.36120828895946,29.169651648184253,24709.12323974984,24690.630744734844,56.209380170224925
2025-06-06 04:00:00+00:00,24712.30078125,24732.150390625,24681.099609375,24728.75,0.0,52.02868041070234,30.199412527945242,29.37560382413645,24709.425862749853,24691.48055008838,57.908710158066
2025-06-06 04:30:00+00:00,24831.55078125,24832.94921875,24671.650390625,24713.25,0.0,64.15540023274406,36.1074139969096,30.72196585869108,24721.056807368914,24696.973500330016,65.29371858427557
2025-06-06 05:00:00+00:00,24942.400390625,24947.849609375,24829.05078125,24832.400390625,0.0,71.39432870119839,49.167413456962095,34.41105537834528,24742.137148631402,24706.598084263154,69.11551212289875
2025-06-06 05:30:00+00:00,24969.900390625,24993.0,24942.150390625,24942.150390625,0.0,72.8587422207714,61.03302655578591,39.73544961383341,24763.828885964125,24716.923664904796,67.81080478376313
2025-06-06 06:00:00+00:00,25025.80078125,25029.30078125,24969.900390625,24970.25,0.0,75.5938684014632,74.09320442887474,46.60700057684168,24788.778590277067,24729.036492996765,67.21006091528005
2025-06-06 06:30:00+00:00,24984.099609375,25028.400390625,24967.05078125,25026.849609375,0.0,69.932221003829,80.1545813088851,53.31651672325036,24807.380592095917,24739.038968148852,66.79145723383148
2025-06-06 07:00:00+00:00,24982.75,24994.849609375,24966.0,24984.599609375,0.0,69.75014786010834,83.88241964013287,59.42969730662686,24824.082440467733,24748.596263515567,64.08132524391495
2025-06-06 07:30:00+00:00,24973.900390625,24991.05078125,24965.150390625,24982.94921875,0.0,68.490925854237,85.14121394221729,64.57200063374495,24838.350816673184,24757.431719480643,61.354115628278166
2025-06-06 08:00:00+00:00,24990.25,24997.69921875,24962.349609375,24973.30078125,0.0,69.58345982006666,86.4614208932253,68.94988468564102,24852.81740556145,24766.561848128462,59.496650895901155
2025-06-06 08:30:00+00:00,25017.0,25021.75,24975.150390625,24990.69921875,0.0,71.3347424585794,88.64435886460706,72.88877952143423,24868.453843127027,24776.382952123426,58.57543364440822
2025-06-06 09:00:00+00:00,24998.400390625,25018.25,24983.19921875,25017.599609375,0.0,68.38638069824975,87.86071625540717,75.88316686822881,24880.8297047935,24785.089518339173,56.89510133052192
2025-06-06 09:30:00+00:00,25000.30078125,25013.400390625,24992.650390625,24999.599609375,0.0,68.52950290191083,86.39708763702947,77.98595102198895,24892.20790255126,24793.529175708223,54.31330837834178
2025-06-09 04:00:00+00:00,25101.099609375,25116.0,25078.94921875,25095.349609375,0.0,74.9956508484141,92.30672002135543,80.85010482186225,24912.10235082019,24805.590761342217,58.69801626203166
2025-06-09 04:30:00+00:00,25123.19921875,25129.400390625,25094.650390625,25100.900390625,0.0,76.1525557826452,97.64777725241947,84.2096393079737,24932.206814432553,24818.045994966054,56.98744367188654
2025-06-09 05:00:00+00:00,25129.599609375,25141.30078125,25118.30078125,25123.650390625,0.0,76.49179661848662,101.23014354025872,87.6137401544307,24951.006128236593,24830.263783766404,54.55976912389464
2025-06-09 05:30:00+00:00,25109.599609375,25142.69921875,25109.25,25128.94921875,0.0,72.99732569353468,101.28777930947763,90.34854798544009,24966.110269297395,24841.218129868703,53.051872668616454
2025-06-09 06:00:00+00:00,25110.30078125,25128.099609375,25103.349609375,25109.75,0.0,73.04382046156798,100.23459279038434,92.32575694642894,24979.842699007168,24851.770390707185,51.030310335143845
2025-06-09 06:30:00+00:00,25116.650390625,25118.75,25102.30078125,25113.55078125,0.0,73.48899538908175,98.77369364106198,93.61534428535556,24992.872002970773,24862.157841684355,48.560232364776425
2025-06-09 07:00:00+00:00,25107.75,25127.849609375,25104.19921875,25116.400390625,0.0,71.701490322515,95.793485726168,94.05097257351805,25003.812764592603,24871.788906716345,46.78095795479239
2025-06-09 07:30:00+00:00,25106.30078125,25117.099609375,25098.44921875,25107.55078125,0.0,71.39697137464853,92.25129414639378,93.6910368880932,25013.573528083783,24880.985450815704,44.771631716950075
2025-06-09 08:00:00+00:00,25108.900390625,25116.05078125,25098.599609375,25106.150390625,0.0,71.62973141238746,88.63215227025648,92.67925996452585,25022.65227689723,24889.923291592542,42.82017029966793
2025-06-09 08:30:00+00:00,25096.0,25112.44921875,25083.5,25109.30078125,0.0,68.64447634382073,83.75749824598824,90.89490762081834,25029.637774335588,24898.004731137935,41.82938804612022
2025-06-09 09:00:00+00:00,25098.400390625,25107.25,25092.349609375,25096.19921875,0.0,68.9041656583273,79.17530761305534,88.55098761926575,25036.18659493458,24905.863384451153,39.90588823032592
2025-06-09 09:30:00+00:00,25102.150390625,25110.94921875,25095.80078125,25098.25,0.0,69.33149882663142,74.98213480818958,85.83721705705052,25042.46886119081,24913.56091410503,38.13749889244549
2025-06-10 04:00:00+00:00,25127.900390625,25142.0,25055.94921875,25087.75,0.0,72.16063802282248,72.8965192510077,83.24907749584196,25050.605197327397,24921.96638377248,41.55987620369938
2025-06-10 04:30:00+00:00,25134.80078125,25163.75,25127.099609375,25127.599609375,0.0,72.88256212961025,70.9822189155966,80.7957057797929,25058.623824367645,24930.312830732382,41.20919866236371
2025-06-10 05:00:00+00:00,25112.599609375,25153.80078125,25099.80078125,25134.55078125,0.0,66.87392488694367,66.90246313097668,78.01705725002965,25063.764375320727,24937.461331855622,42.12282732933773
2025-06-10 05:30:00+00:00,25126.0,25131.5,25109.650390625,25112.30078125,0.0,68.55883680145217,64.01262906888587,75.2161716138009,25069.691577671136,24944.855005116184,40.67474033259932
2025-06-10 06:00:00+00:00,25145.69921875,25147.44921875,25124.5,25126.150390625,0.0,70.90192035253334,62.59047306219145,72.691031903479,25076.930400631027,24952.7312487881,39.40863164812794
2025-06-10 06:30:00+00:00,25122.849609375,25150.5,25120.0,25145.849609375,0.0,64.863745896842,58.940205664497626,69.94086665568273,25081.303658606645,24959.402557046407,38.7723008161188
2025-06-10 07:00:00+00:00,25137.30078125,25139.349609375,25121.19921875,25122.80078125,0.0,66.7900500010584,56.56142633537456,67.26497859162109,25086.63671790601,24966.378957995566,37.29930723103889
2025-06-10 07:30:00+00:00,25130.099609375,25142.75,25121.150390625,25137.5,0.0,64.88119463922905,53.47868322041177,64.50771951737923,25090.77604090306,24972.79937569672,36.17790024132183
2025-06-10 08:00:00+00:00,25127.349609375,25140.80078125,25123.75,25130.69921875,0.0,64.12745825355094,50.234611740368564,61.6530979619771,25094.259237900387,24978.8601691743,34.811677456227414
2025-06-10 08:30:00+00:00,25123.900390625,25132.650390625,25117.94921875,25126.69921875,0.0,63.136727961921316,46.84533473474585,58.691545316530856,25097.082204826544,24984.548020995895,33.37521277185403
2025-06-10 09:00:00+00:00,25102.400390625,25127.25,25098.69921875,25123.25,0.0,57.20417595618444,41.94096859376441,55.34142997197757,25097.58869871211,24989.16968254998,33.03061052029303
2025-06-10 09:30:00+00:00,25091.5,25122.5,25086.150390625,25102.5,0.0,54.41261346802302,36.7510099024621,51.62334595807448,25097.00882264429,24993.182636175472,33.26768186705782
2025-06-11 04:00:00+00:00,25145.69921875,25149.69921875,25112.44921875,25135.94921875,0.0,63.857098496712794,36.589572424632934,48.616591251386176,25101.646003225786,24999.163678629375,35.04850593012512
2025-06-11 04:30:00+00:00,25138.849609375,25158.599609375,25132.400390625,25145.650390625,0.0,62.10594497006847,35.49970730041605,45.99321446119215,25105.189203811424,25004.641558266456,34.41641398868761
2025-06-11 05:00:00+00:00,25173.900390625,25188.849609375,25135.25,25138.849609375,0.0,67.08080463103906,37.03734301733857,44.202040172421434,25111.7331263651,25011.27915953542,35.78664223056707
2025-06-11 05:30:00+00:00,25186.19921875,25203.599609375,25167.30078125,25174.25,0.0,68.63670624573486,38.80106848053765,43.12184583404468,25118.825135163665,25018.1387697007,35.82322693731228
2025-06-11 06:00:00+00:00,25210.55078125,25215.80078125,25185.5,25185.75,0.0,71.50815624252155,41.68330203739606,42.83413707471496,25127.56091098141,25025.684338781066,35.42876653107569
2025-06-11 06:30:00+00:00,25206.05078125,25220.400390625,25201.5,25210.150390625,0.0,70.22858672531132,43.10746448750069,42.88880255727211,25135.036136721275,25032.75753260338,34.24816825207028
2025-06-11 07:00:00+00:00,25214.75,25222.19921875,25186.30078125,25205.75,0.0,71.29782746375128,44.42596289442008,43.1962346247017,25142.627933224012,25039.89449210913,34.3660446269224
2025-06-11 07:30:00+00:00,25171.650390625,25220.099609375,25171.400390625,25215.05078125,0.0,59.832400356411114,41.51455021016227,42.859897741793816,25145.391976786013,25045.061390090144,35.3898427785708
2025-06-11 08:00:00+00:00,25145.69921875,25173.80078125,25108.150390625,25171.400390625,0.0,54.182493926155246,36.69024963605261,41.62596812064558,25145.421237925442,25049.007971606217,37.55131048188717
2025-06-11 08:30:00+00:00,25142.599609375,25153.30078125,25116.25,25144.849609375,0.0,53.53228151133566,32.24514217473188,39.749802931462845,25145.15251139683,25052.67823191088,37.515558393895226
2025-06-11 09:00:00+00:00,25144.900390625,25157.599609375,25130.599609375,25142.400390625,0.0,53.973805578033975,28.5785802215687,37.51555838948401,25145.128499894752,25056.29478715457,36.76444708004557
2025-06-11 09:30:00+00:00,25126.80078125,25154.849609375,25124.94921875,25144.599609375,0.0,49.95274217099897,23.936392413856083,34.79972519435843,25143.383002880964,25059.059728099488,36.2741573332566
2025-06-12 04:00:00+00:00,25093.25,25195.55078125,25083.599609375,25173.650390625,0.0,43.48548257582118,17.35015568514791,31.30981129251633,25138.608431178014,25060.40052307598,41.679658371952556
2025-06-12 04:30:00+00:00,25103.80078125,25111.69921875,25065.25,25093.19921875,0.0,45.85932187741529,12.833933895588416,27.61463581313075,25135.293416899156,25062.102493984767,42.0203412560988
2025-06-12 05:00:00+00:00,25054.5,25115.75,25042.44921875,25104.0,0.0,37.857375131732866,5.216501979029999,23.1350090463106,25127.598805765905,25061.804356965757,44.25465839852031
2025-06-12 05:30:00+00:00,25077.650390625,25092.75,25038.25,25054.75,0.0,42.89612514645953,1.0357360318230349,18.715154443413088,25122.841813847725,25062.42577005043,44.98646851291171
2025-06-12 06:00:00+00:00,25029.94921875,25078.94921875,25020.400390625,25078.25,0.0,36.3549959414614,-6.056817791850335,13.760759996360404,25113.994900028894,25061.152179803357,45.955208485203734
2025-06-12 06:30:00+00:00,25035.25,25049.150390625,25010.0,25029.150390625,0.0,37.49561511282014,-11.12178404639053,8.784251187810218,25106.49538574043,25060.136408046365,45.46915006661776
2025-06-12 07:00:00+00:00,25040.599609375,25074.5,25034.5,25035.349609375,0.0,38.68981182113852,-14.536569007388607,4.120087148770454,25100.21959751515,25059.370259078863,45.07849649043077
2025-06-12 07:30:00+00:00,24980.849609375,25045.44921875,24978.0,25040.94921875,0.0,31.460032072914473,-21.812693190429854,-1.0664689190696084,25088.85102721609,25056.29101791401,46.67640522325714
2025-06-12 08:00:00+00:00,24889.30078125,24984.80078125,24872.05078125,24978.849609375,0.0,24.045786070306548,-34.567823005458195,-7.7667397363473265,25069.846241885985,25049.742381182088,51.3959477073102
2025-06-12 08:30:00+00:00,24862.900390625,24894.75,24826.69921875,24890.599609375,0.0,22.40590424374024,-46.2732370926642,-15.468039207610701,25050.13711319446,25042.415244297496,52.585578674645184
2025-06-12 09:00:00+00:00,24905.150390625,24913.150390625,24863.75,24863.75,0.0,30.566866732969828,-51.546444857936876,-22.683720337675936,25036.32885390213,25037.032308859358,52.41875162645624
2025-06-12 09:30:00+00:00,24856.0,24920.94921875,24850.80078125,24915.0,0.0,27.008156764631877,-59.011280452010396,-29.94923236054283,25019.154677340022,25029.93300262958,53.685157760280795
2025-06-13 04:00:00+00:00,24641.900390625,24647.150390625,24583.05078125,24641.900390625,0.0,17.4679584003066,-81.26647626130216,-40.2126811406947,24983.225697652877,25014.71603745293,69.3468764024036
2025-06-13 04:30:00+00:00,24672.25,24675.0,24614.25,24641.19921875,0.0,21.690729600658045,-95.35571808469103,-51.24128852949397,24953.60896454308,25001.2859967685,68.7328138022319
2025-06-13 05:00:00+00:00,24671.55078125,24692.25,24661.30078125,24671.900390625,0.0,21.663228960987254,-105.36340114478662,-62.0657110525525,24926.74628041993,24988.35520400307,66.03398558421534
2025-06-13 05:30:00+00:00,24663.150390625,24692.349609375,24639.75,24671.400390625,0.0,21.31360859690838,-112.67357258195989,-72.18728335843397,24901.64190996327,24975.602074066675,65.0743872835571
2025-06-13 06:00:00+00:00,24684.650390625,24693.650390625,24661.30078125,24661.5,0.0,24.66476974663877,-115.40178584376554,-80.8301838555003,24880.976050978672,24964.192204127787,62.736903147231594
2025-06-13 06:30:00+00:00,24706.44921875,24724.55078125,24683.349609375,24684.0,0.0,28.01236512500502,-114.48521694382725,-87.5611904731657,24864.354447909274,24954.084636073756,61.19863662778648
2025-06-13 07:00:00+00:00,24682.44921875,24711.05078125,24675.900390625,24704.349609375,0.0,26.61036378322885,-114.37696248440261,-92.92434487541308,24847.030140370298,24943.432266766944,59.33804762758744
2025-06-13 07:30:00+00:00,24691.650390625,24700.30078125,24674.44921875,24678.0,0.0,28.096187056405057,-112.25470995226351,-96.79041789078317,24832.232068965983,24933.558467702554,56.946155832759764
2025-06-13 08:00:00+00:00,24712.599609375,24754.099609375,24689.25,24689.25,0.0,31.49676605127597,-107.64155778375789,-98.96064586937813,24820.83850138589,24924.89341443481,57.510688228634066
2025-06-13 08:30:00+00:00,24712.75,24728.849609375,24704.80078125,24711.80078125,0.0,31.521803546326467,-102.78858338212012,-99.72623337192653,24810.544358396757,24916.57406484913,55.12055536408877
2025-06-13 09:00:00+00:00,24663.94921875,24724.900390625,24650.900390625,24713.5,0.0,27.951715236017506,-101.7079554078191,-100.12257777910504,24796.582916525636,24906.66720813936,56.46908712379672
2025-06-13 09:30:00+00:00,24735.55078125,24744.94921875,24662.75,24664.25,0.0,38.88810671800068,-93.99043898456148,-98.89615002019634,24790.77033221367,24899.956760026053,58.30695366852552
2025-06-16 04:00:00+00:00,24737.25,24791.650390625,24706.150390625,24786.5,0.0,39.12426657858514,-86.73728543090692,-96.46437710233846,24785.67315771713,24893.57610277013,60.2493141207737
2025-06-16 04:30:00+00:00,24825.94921875,24832.05078125,24726.05078125,24736.849609375,0.0,49.98862996949706,-72.99043502070708,-91.7695886860122,24789.508973053595,24890.924068102675,63.51722025500415
2025-06-16 05:00:00+00:00,24875.900390625,24890.69921875,24825.849609375,24827.5,0.0,54.872985307118206,-57.40360192843946,-84.89639133449765,24797.736727108015,24890.334904280022,63.612390906432424
2025-06-16 05:30:00+00:00,24884.150390625,24930.5,24874.25,24876.19921875,0.0,55.64351359483236,-43.87940389969663,-76.69299384753745,24805.966599823918,24890.09237433277,63.08650584168725
2025-06-16 06:00:00+00:00,24892.19921875,24925.05078125,24883.44921875,24884.0,0.0,56.42523220756719,-32.141400307096774,-67.78267513944932,24814.179230197828,24890.174995682464,61.551867031566736
2025-06-16 06:30:00+00:00,24893.0,24918.55078125,24889.599609375,24892.25,0.0,56.507357142716444,-22.51479499600464,-58.72909911076039,24821.685970178987,24890.28578016551,59.22324594895483
2025-06-16 07:00:00+00:00,24921.5,24952.69921875,24892.0,24892.0,0.0,59.43744667473748,-12.442499723827495,-49.471779233373816,24831.19206825718,24891.509867217843,59.32867257760092
2025-06-16 07:30:00+00:00,24941.30078125,24947.94921875,24922.0,24922.0,0.0,61.38394974265379,-2.82975592398725,-40.1433745714965,24841.678612351734,24893.462452081847,56.980140161343705
2025-06-16 08:00:00+00:00,24937.900390625,24966.30078125,24927.650390625,24941.099609375,0.0,60.84396870469717,4.462587754507695,-31.222182106295662,24850.842591234905,24895.20511633844,55.67087233731915
2025-06-16 08:30:00+00:00,24941.400390625,24965.849609375,24938.80078125,24938.80078125,0.0,61.22209074041771,10.404309009689314,-22.896883883098667,24859.46714355777,24897.016695722225,53.690754223939216
2025-06-16 09:00:00+00:00,24942.44921875,24946.5,24928.5,24941.5,0.0,61.34256307878388,15.024603302099422,-15.31258644605905,24867.370198337983,24898.798363291942,51.14141463651499
2025-06-16 09:30:00+00:00,24940.94921875,24957.94921875,24934.349609375,24944.150390625,0.0,61.050441675678925,18.35361332262255,-8.579346492322731,24874.377724091508,24900.451338015788,49.174142832121056
2025-06-17 04:00:00+00:00,24874.400390625,24917.150390625,24857.94921875,24882.69921875,0.0,49.73445007146645,15.443915644147637,-3.7746940650286573,24874.379882808986,24899.429732235756,51.59027548696955
2025-06-17 04:30:00+00:00,24872.25,24884.30078125,24846.80078125,24874.349609375,0.0,49.41571451430718,12.816697804668365,-0.45641569108925273,24874.177036827175,24898.36386038337,50.5838272379003
2025-06-17 05:00:00+00:00,24875.849609375,24908.400390625,24868.30078125,24871.849609375,0.0,49.99344177250806,10.899425341489405,1.814752515426479,24874.33632945078,24897.480948579123,49.834954533407426
2025-06-17 05:30:00+00:00,24889.94921875,24890.69921875,24866.69921875,24875.80078125,0.0,52.2918956303829,10.397833984679892,3.5313688092771613,24875.823271288802,24897.18558662504,47.98960063816404
2025-06-17 06:00:00+00:00,24867.25,24899.849609375,24864.650390625,24890.19921875,0.0,48.43237716349415,8.075591579945467,4.440213363410823,24875.006769261297,24896.01164205151,47.07600193186661
2025-06-17 06:30:00+00:00,24857.849609375,24872.650390625,24846.80078125,24866.650390625,0.0,46.88894043598347,5.414252647973626,4.635021220323384,24873.37275403403,24894.515091750472,45.55983103494756
2025-06-17 07:00:00+00:00,24827.900390625,24864.05078125,24814.0,24857.400390625,0.0,42.26743739156606,0.8783456910387031,3.8836861144664474,24869.04205275698,24891.902750529865,45.88061319316559
2025-06-17 07:30:00+00:00,24839.19921875,24846.150390625,24821.05078125,24827.900390625,0.0,44.490308228203716,-1.7841061848048412,2.7501276546121898,24866.199878089647,24889.83594536203,44.39625577758233
2025-06-17 08:00:00+00:00,24849.19921875,24856.94921875,24838.349609375,24839.55078125,0.0,46.45530186545853,-3.052020262060978,1.5896980712775564,24864.580767676347,24888.24234823999,42.55363817739788
2025-06-17 08:30:00+00:00,24861.05078125,24869.25,24845.599609375,24849.150390625,0.0,48.769911381216104,-3.0651955902576447,0.6587193389705163,24864.244578492886,24887.1760122796,41.20340620936946
2025-06-17 09:00:00+00:00,24852.05078125,24867.80078125,24836.75,24861.25,0.0,47.10467143522035,-3.7585358549113153,-0.22473169980585006,24863.083264469755,24885.798552239223,40.47821871227164
2025-06-17 09:30:00+00:00,24841.5,24868.44921875,24833.849609375,24852.30078125,0.0,45.158027116408114,-5.100576608074334,-1.199900681459547,24861.027715472635,24884.061354112193,40.05831804532367
2025-06-18 04:00:00+00:00,24902.25,24947.400390625,24893.80078125,24897.05078125,0.0,56.34480278341193,-1.2477529633033555,-1.2094711378283087,24864.953647332382,24884.774634343088,44.76132322958626
2025-06-18 04:30:00+00:00,24882.75,24928.849609375,24874.19921875,24902.75,0.0,52.63349413250181,0.22950491180017707,-0.9216759279026117,24866.648538062633,24884.69523691787,45.467685186401525
2025-06-18 05:00:00+00:00,24847.0,24884.80078125,24827.150390625,24882.150390625,0.0,46.576388598666846,-1.4675666095463384,-1.030854064231357,24864.777248723338,24883.216992332855,46.3378784320157
2025-06-18 05:30:00+00:00,24807.80078125,24847.69921875,24805.44921875,24846.55078125,0.0,41.004295751073045,-5.907459848669532,-2.0061752211189923,24859.350918487784,24880.259493859015,46.04588711544314
2025-06-18 06:00:00+00:00,24779.44921875,24807.400390625,24767.19921875,24806.650390625,0.0,37.509085693415145,-11.580350308395282,-3.92101023857425,24851.74123279847,24876.306149737095,45.65700678576864
2025-06-18 06:30:00+00:00,24791.44921875,24821.75,24778.5,24779.05078125,0.0,39.846282720950434,-14.935687844550557,-6.123945759769512,24845.999136222425,24872.978426953287,45.485077729642306
2025-06-18 07:00:00+00:00,24775.400390625,24794.25,24760.650390625,24791.05078125,0.0,37.80958258429993,-18.6745546780694,-8.63406754342949,24839.275446165528,24869.151837293357,44.63611570431071
2025-06-18 07:30:00+00:00,24801.900390625,24803.80078125,24769.19921875,24775.400390625,0.0,42.9912335494235,-19.27709074788436,-10.762672184320465,24835.71591706643,24866.514525659302,43.919361904002805
2025-06-18 08:00:00+00:00,24779.599609375,24814.94921875,24765.599609375,24800.900390625,0.0,39.97288709468519,-21.308460922264203,-12.871829931909213,24830.371506810105,24863.106097569722,44.30723672335974
2025-06-18 08:30:00+00:00,24766.19921875,24782.75,24750.900390625,24781.05078125,0.0,38.235724118345104,-23.726135827582766,-15.042691111043924,24824.259860328188,24859.305827812088,43.417406198476904
2025-06-18 09:00:00+00:00,24813.900390625,24819.650390625,24765.80078125,24765.80078125,0.0,47.056102748722495,-21.544720565903845,-16.34309700201591,24823.273244165983,24857.525222432203,44.162563568228556
2025-06-18 09:30:00+00:00,24798.75,24829.650390625,24794.94921875,24823.900390625,0.0,44.864642722604955,-20.798688823098928,-17.23421536623251,24820.937697102556,24855.220311748588,43.48674987585509
2025-06-19 04:00:00+00:00,24842.349609375,24862.400390625,24800.400390625,24816.30078125,0.0,51.818718179114846,-16.49913740696138,-17.087199774378288,24822.976926842788,24854.71557832217,44.92700992936544
2025-06-19 04:30:00+00:00,24833.55078125,24843.44921875,24815.0,24841.650390625,0.0,50.43617635074643,-13.644419453783485,-16.39864371025933,24823.98396059586,24853.88558628013,43.75002484512505
2025-06-19 05:00:00+00:00,24811.44921875,24838.30078125,24796.44921875,24833.849609375,0.0,47.04108276439995,-13.01541271606402,-15.721997511420266,24822.79017565816,24852.221415004435,43.61442039190183
2025-06-19 05:30:00+00:00,24803.25,24816.599609375,24791.25,24811.5,0.0,45.809125133106,-13.028346109975246,-15.183267231131262,24820.92920654786,24850.3009673572,42.3097910335517
2025-06-19 06:00:00+00:00,24804.69921875,24816.44921875,24795.05078125,24804.55078125,0.0,46.07792633260764,-12.774400736427197,-14.70149393219045,24819.38349342425,24848.51266349025,40.81612292401229
2025-06-19 06:30:00+00:00,24804.94921875,24822.19921875,24797.75,24804.94921875,0.0,46.12756982824133,-12.4099204496124,-14.243179235674841,24818.00880059813,24846.804293108282,39.64705834015427
2025-06-19 07:00:00+00:00,24789.849609375,24807.349609375,24772.19921875,24805.650390625,0.0,43.521364324628614,-13.187462620066071,-14.032035912553088,24815.326972862593,24844.57077609913,39.32586778907182
2025-06-19 07:30:00+00:00,24785.05078125,24807.69921875,24781.94921875,24789.30078125,0.0,42.695731953197836,-14.02917610694567,-14.031463951431606,24812.443526042345,24842.236658654067,38.35616294699526
2025-06-19 08:00:00+00:00,24811.30078125,24811.650390625,24780.55078125,24785.25,0.0,48.45598129133466,-12.434744495734776,-13.712120060292241,24812.33469320498,24841.023486991162,37.83783769185275
2025-06-19 08:30:00+00:00,24817.19921875,24849.849609375,24811.55078125,24811.80078125,0.0,49.67999792881506,-10.573308823182742,-13.08435781287034,24812.797981352123,24840.0892019621,37.88862272279183
2025-06-19 09:00:00+00:00,24810.5,24829.69921875,24787.75,24816.650390625,0.0,48.27774021125315,-9.528836115929153,-12.373253473482105,24812.579125985256,24838.92884110084,38.17866529616384
2025-06-19 09:30:00+00:00,24744.69921875,24811.5,24734.0,24810.55078125,0.0,37.17778245495624,-13.850991489263834,-12.668801076638452,24806.11437291523,24835.233561792964,40.987332060723574
2025-06-20 04:00:00+00:00,24865.150390625,24900.099609375,24818.19921875,24831.599609375,0.0,56.7712633918249,-7.470809008384094,-11.629202662987582,24811.736850792353,24836.40677076677,49.159693386743314
2025-06-20 04:30:00+00:00,25008.94921875,25017.650390625,24861.0,24864.349609375,0.0,69.1440243008539,9.084178472458007,-7.486526435898465,24830.518981074034,24843.173141275918,56.837600332333075
2025-06-20 05:00:00+00:00,24994.94921875,25039.55078125,24991.400390625,25009.94921875,0.0,67.12953444371473,20.834277741236292,-1.8223656004715147,24846.17900370984,24849.12514431412,56.217085353237856
2025-06-20 05:30:00+00:00,25004.0,25019.80078125,24994.849609375,24994.849609375,0.0,67.78302292469462,30.52476794906397,4.647061109435582,24861.20957478509,24855.198668066507,53.98380581907801
2025-06-20 06:00:00+00:00,25029.75,25044.650390625,25002.900390625,25003.30078125,0.0,69.63277304809765,39.82330280763199,11.682309449074864,24877.261043853177,24862.04381833841,53.109962546286724
2025-06-20 06:30:00+00:00,24981.94921875,25043.19921875,24979.849609375,25029.849609375,0.0,62.46317546043933,42.841485143464524,17.914144587952798,24887.231346224304,24866.74599090357,53.84136589119481
2025-06-20 07:00:00+00:00,25022.5,25033.19921875,24964.05078125,24981.25,0.0,65.69051190557317,47.95275601747926,23.921866873858093,24900.11407515532,24872.853991260297,54.934728148966606
2025-06-20 07:30:00+00:00,25067.19921875,25077.55078125,25017.650390625,25021.94921875,0.0,68.86796808102986,54.97659245988325,30.132811991063125,24916.026945973863,24880.47537273048,55.289418325826134
2025-06-20 08:00:00+00:00,25038.75,25073.650390625,25034.55078125,25067.30078125,0.0,64.7573289384582,57.58363099784037,35.62297579241858,24927.714855881117,24886.682220858696,54.13300340076712
2025-06-20 08:30:00+00:00,25036.5,25061.19921875,25035.650390625,25038.44921875,0.0,64.42978045559451,58.79047166435339,40.25647496680554,24938.075345797202,24892.557427883847,52.09127659535518
2025-06-20 09:00:00+00:00,25046.05078125,25052.900390625,25031.400390625,25036.5,0.0,65.23365226400088,59.827910899777635,44.17076215339996,24948.358720602228,24898.576775074675,49.90618540997267
2025-06-20 09:30:00+00:00,25079.75,25134.55078125,25039.849609375,25046.5,0.0,67.98309814291706,62.647176629528985,47.866045048625764,24960.872175782966,24905.681607424685,53.10582730033177
2025-06-23 04:00:00+00:00,24854.75,24916.69921875,24835.19921875,24908.25,0.0,43.33902058672073,46.193357168456714,47.531507472591954,24950.76530189887,24903.684289486464,66.78046686816522
2025-06-23 04:30:00+00:00,24893.650390625,24894.30078125,24824.900390625,24853.650390625,0.0,46.92152070822888,35.878933114414394,45.20099260095645,24945.325786539455,24903.2908032566,66.9676042793677
2025-06-23 05:00:00+00:00,24919.0,24939.05078125,24885.55078125,24893.75,0.0,49.176629967637545,29.411145978181594,42.04302327640148,24942.818568773793,24903.906850187715,66.00563254512716
2025-06-23 05:30:00+00:00,24945.69921875,24949.150390625,24902.599609375,24918.5,0.0,51.51322978246791,26.138473837501806,38.862113388621545,24943.092916390575,24905.54576660192,64.61600030976093
2025-06-23 06:00:00+00:00,24935.0,24968.80078125,24928.80078125,24945.94921875,0.0,50.51105037386702,22.423041190675576,35.574298949032354,24942.322162448614,24906.700834578318,62.85771457334944
2025-06-23 06:30:00+00:00,24942.75,24955.150390625,24932.30078125,24935.650390625,0.0,51.25087341519991,19.874790072040923,32.43439717363407,24942.362908882078,24908.114527339952,59.99999277346734
2025-06-23 07:00:00+00:00,24948.400390625,24964.150390625,24938.30078125,24943.900390625,0.0,51.81643512472693,18.102547107904684,29.568027160488192,24942.93790714331,24909.694365115836,57.560679673576814
2025-06-23 07:30:00+00:00,25034.349609375,25034.44921875,24945.400390625,24950.0,0.0,59.511212732401724,23.364088764403277,28.327239481271214,24951.64378354633,24914.582806067177,59.809833134392754
2025-06-23 08:00:00+00:00,25018.599609375,25043.5,25013.349609375,25041.19921875,0.0,57.69300454491807,25.963711557789793,27.854533896574928,24958.020528863344,24918.661896392976,57.69130152657898
2025-06-23 08:30:00+00:00,24998.69921875,25056.55078125,24984.30078125,25019.349609375,0.0,55.39026928198241,26.117074761350523,27.507042069530048,24961.89468980493,24921.80061491678,58.73120856039477
2025-06-23 09:00:00+00:00,24985.30078125,24999.849609375,24972.5,24999.849609375,0.0,53.83236227865844,24.870779410739488,26.979789537771936,24964.123841371125,24924.290817518086,56.489665761438
2025-06-23 09:30:00+00:00,24958.19921875,24994.80078125,24951.69921875,24987.05078125,0.0,50.724574701372916,21.448961493180832,25.873623928853718,24963.559591597685,24925.620558742867,55.53337267133528
2025-06-24 04:00:00+00:00,25193.0,25210.69921875,25119.05078125,25199.900390625,0.0,67.97466726377027,37.25416406212389,28.149731955507754,24985.411059064572,24936.10602702746,69.60241748052562
2025-06-24 04:30:00+00:00,25233.5,25257.80078125,25189.75,25193.44921875,0.0,69.93005907573314,52.443377880386834,33.008461140483575,25009.0385772489,24947.768535771484,69.49158632120236
2025-06-24 05:00:00+00:00,25223.0,25247.5,25167.099609375,25234.80078125,0.0,68.75791286978094,62.908506907457195,38.9884702938783,25029.41585560615,24958.561926525545,70.27078662861648
2025-06-24 05:30:00+00:00,25283.5,25285.75,25218.55078125,25221.849609375,0.0,71.70122479033216,75.21698683570503,46.23417360224365,25053.61434554842,24971.304596073565,70.05138892300101
2025-06-24 06:00:00+00:00,25291.44921875,25292.849609375,25266.650390625,25283.400390625,0.0,72.0735020298634,84.63733486398269,53.91480585459146,25076.265285853333,24983.859287158917,66.91909105350094
2025-06-24 06:30:00+00:00,25286.349609375,25316.5,25267.69921875,25291.650390625,0.0,71.42435611932677,90.64661493754102,61.26116767118137,25096.27331666492,24995.72165273602,65.62492606753658
2025-06-24 07:00:00+00:00,25245.150390625,25291.25,25143.94921875,25289.150390625,0.0,66.23414095905673,91.03518312978485,67.21597076290207,25110.4520856135,25005.503171868924,71.45891572342683
2025-06-24 07:30:00+00:00,25134.75,25248.0,25117.94921875,25245.80078125,0.0,54.752383459772936,81.4953101464489,70.07183863961144,25112.766172697928,25010.57167493289,75.64404897532492
2025-06-24 08:00:00+00:00,25083.75,25158.05078125,25008.0,25135.75,0.0,50.40540194118858,69.0239531350453,69.86226153869822,25110.00272767908,25013.441413170814,80.95881556637313
2025-06-24 08:30:00+00:00,25038.650390625,25092.75,25000.349609375,25082.25,0.0,46.8622089513415,54.86865953625238,66.86354113820906,25103.207267007263,25014.43000052196,81.77607092770361
2025-06-24 09:00:00+00:00,25032.19921875,25077.05078125,25015.5,25039.150390625,0.0,46.360197619940244,42.6384225268157,62.01851741593039,25096.444595744666,25015.126832609334,80.33140737929622
2025-06-24 09:30:00+00:00,25071.55078125,25078.349609375,25022.599609375,25032.94921875,0.0,49.88675793563012,35.70957603763236,56.756729140270785,25094.073756268983,25017.339536477597,78.57559256648935
2025-06-25 04:00:00+00:00,25203.0,25204.69921875,25159.44921875,25159.900390625,0.0,59.47194548597571,40.36002343456494,53.47738799912962,25104.447684243365,25024.620338968674,82.47365291888296
2025-06-25 04:30:00+00:00,25207.650390625,25209.400390625,25172.650390625,25203.75,0.0,59.765147290660806,43.91456439729518,51.56482327876273,25114.27651342257,25031.797988053237,79.20767771039132
2025-06-25 05:00:00+00:00,25205.30078125,25217.94921875,25188.150390625,25207.69921875,0.0,59.5308088255584,46.01157706014783,50.454174035039756,25122.945491310897,25038.602019158992,75.67847416857765
2025-06-25 05:30:00+00:00,25211.650390625,25215.30078125,25192.55078125,25205.25,0.0,59.987400906703144,47.63670878819539,49.89068098567088,25131.393576959857,25045.38822980472,71.89786887082211
2025-06-25 06:00:00+00:00,25213.25,25220.25,25204.849609375,25212.19921875,0.0,60.10950350562756,48.494695832523576,49.61148395504142,25139.189426773206,25051.97104432218,67.86233471040624
2025-06-25 06:30:00+00:00,25204.599609375,25215.150390625,25180.30078125,25212.94921875,0.0,59.059895151501124,47.92420214694357,49.274027593421856,25145.418967973375,25057.956478245822,65.50428290073437
2025-06-25 07:00:00+00:00,25208.69921875,25217.30078125,25188.650390625,25204.849609375,0.0,59.42153080353398,47.25812377194961,48.870846829127416,25151.44565852353,25063.867958265593,62.8718620238962
2025-06-25 07:30:00+00:00,25258.80078125,25259.5,25207.55078125,25208.19921875,0.0,63.647706782782,50.194419218642,49.135561307030336,25161.669955926052,25071.512382696354,62.091673218617906
2025-06-25 08:00:00+00:00,25236.25,25265.94921875,25234.75,25258.69921875,0.0,60.58898081434824,50.1239967000256,49.33324838562939,25168.77281726643,25077.972681414143,59.88506932800234
2025-06-25 08:30:00+00:00,25258.05078125,25262.05078125,25224.30078125,25236.05078125,0.0,62.46686085821422,51.236702385442186,49.71393918559195,25177.275480502958,25085.034567682214,58.30399294743074
2025-06-25 09:00:00+00:00,25235.19921875,25259.19921875,25215.75,25258.25,0.0,59.27844116984188,49.70166963315205,49.71148527510397,25182.792027002677,25090.92337752801,57.24293764761426
2025-06-25 09:30:00+00:00,25238.349609375,25255.75,25234.650390625,25235.80078125,0.0,59.58471132215757,48.18392106360261,49.4059724328037,25188.08322532385,25096.704798384755,54.66127134242753
2025-06-26 04:00:00+00:00,25418.099609375,25421.349609375,25336.69921875,25350.44921875,0.0,72.35872803513583,60.78472863944262,51.68172367413149,25209.989547614437,25109.308516462803,63.82832338939699
2025-06-26 04:30:00+00:00,25362.30078125,25437.5,25361.05078125,25419.44921875,0.0,65.44374957957277,65.51326419869656,54.448031779044506,25224.495379389253,25119.229781748578,64.72981591515435
2025-06-26 05:00:00+00:00,25320.25,25375.80078125,25292.5,25362.5,0.0,60.73331910839973,65.11688911892634,56.58180324702087,25233.614867066466,25127.11292756236,66.0563134390719
2025-06-26 05:30:00+00:00,25337.349609375,25365.19921875,25313.900390625,25323.05078125,0.0,61.93319319892609,65.42833743541269,58.351110084699236,25243.494366333947,25135.357503319723,65.00220734520961
2025-06-26 06:00:00+00:00,25342.650390625,25370.349609375,25318.349609375,25338.0,0.0,62.31759767919718,65.34958191487749,59.75080445073489,25252.93779721881,25143.486636155223,64.07347824912321
2025-06-26 06:30:00+00:00,25406.900390625,25413.5,25348.150390625,25352.25,0.0,66.7061737844779,69.66851041685368,61.73434564395865,25267.60090135273,25153.816587310903,64.55748761525727
2025-06-26 07:00:00+00:00,25371.44921875,25421.19921875,25351.30078125,25407.900390625,0.0,62.3886681422044,69.43032945923551,63.27354240701403,25277.491217295326,25162.351200308516,64.93898403559604
2025-06-26 07:30:00+00:00,25400.400390625,25450.900390625,25370.19921875,25373.0,0.0,64.41430932428807,70.76198681341702,64.77123128829463,25289.196852850535,25171.686462673868,66.06485459555346
2025-06-26 08:00:00+00:00,25500.44921875,25502.75,25395.599609375,25402.19921875,0.0,70.35601268488763,78.9800067924698,67.61298638912967,25309.31612579334,25184.579119774895,68.99953574051392
2025-06-26 08:30:00+00:00,25507.900390625,25526.5,25475.30078125,25500.69921875,0.0,70.74774747130468,85.11296485392086,71.11298208208791,25328.228912920164,25197.258385298428,67.72808452690579
2025-06-26 09:00:00+00:00,25541.05078125,25547.400390625,25480.349609375,25507.55078125,0.0,72.48956150503582,91.59251626412879,75.20888891849609,25348.49766228491,25210.74044004163,67.67970572141252
2025-06-26 09:30:00+00:00,25530.400390625,25564.75,25528.599609375,25545.0,0.0,71.02629575743286,94.77569471213792,79.12225007722445,25365.821731650634,25223.276124378237,65.42761178595448
2025-06-27 04:00:00+00:00,25545.349609375,25573.80078125,25524.099609375,25537.30078125,0.0,71.88419426340337,97.38210331428127,82.77422072463582,25382.91962476724,25235.906457123212,64.30429464945773
2025-06-27 04:30:00+00:00,25556.69921875,25578.30078125,25542.05078125,25544.5,0.0,72.54876449741022,99.2197757212125,86.06333172395117,25399.47006228941,25248.486565422303,62.30041646021075
2025-06-27 05:00:00+00:00,25604.75,25610.25,25539.599609375,25556.55078125,0.0,75.21935433128513,103.36194861015974,89.52305510119288,25419.020532547558,25262.457680503783,62.89684318626712
2025-06-27 05:30:00+00:00,25601.150390625,25608.849609375,25594.30078125,25605.900390625,0.0,74.63359493838212,105.1421784891354,92.64687977878138,25436.366233316836,25275.73974756736,59.443413539033756
2025-06-27 06:00:00+00:00,25610.05078125,25617.0,25595.650390625,25601.75,0.0,75.1489107473976,106.04874669501078,95.32725316202726,25452.907618834277,25288.84998418237,56.72242752731706
2025-06-27 06:30:00+00:00,25625.0,25632.44921875,25607.94921875,25610.900390625,0.0,76.02971979380962,106.74301847516472,97.61040622465477,25469.29736942149,25302.032337743847,54.42082556108012
2025-06-27 07:00:00+00:00,25640.30078125,25649.150390625,25622.69921875,25624.75,0.0,76.93097017322512,107.29109408953445,99.54654379763072,25485.58340864325,25315.297766900952,52.42299315493154
2025-06-27 07:30:00+00:00,25634.650390625,25644.5,25608.80078125,25641.25,0.0,75.79758566526151,106.04706411828738,100.84664786176205,25499.780264070083,25327.821399203855,51.22843784029357
2025-06-27 08:00:00+00:00,25632.69921875,25637.05078125,25620.349609375,25635.5,0.0,75.38457592244178,103.70823417223073,101.41896512385578,25512.43921213484,25339.777392127235,48.76220455705832
2025-06-27 08:30:00+00:00,25615.400390625,25639.349609375,25611.55078125,25634.25,0.0,71.65665007501151,99.3139938321874,100.9979708655221,25522.24503865771,25350.586137166363,47.26482052619701
2025-06-27 09:00:00+00:00,25629.5,25637.5,25611.25,25616.05078125,0.0,72.83576810154264,95.86418469731507,99.9712136318807,25532.459796880787,25361.523935708858,45.76376191718294
2025-06-27 09:30:00+00:00,25632.44921875,25653.349609375,25624.25,25630.05078125,0.0,73.08796355418518,92.30413875464365,98.4377986564333,25541.982598963572,25372.148456612435,44.573465307027014
2025-06-30 04:00:00+00:00,25558.44921875,25631.94921875,25558.19921875,25631.849609375,0.0,58.42969003161392,82.55989605021387,95.26221813518941,25543.55084846704,25379.454368853123,46.693217785096515
2025-06-30 04:30:00+00:00,25555.0,25600.0,25543.80078125,25558.19921875,0.0,57.847326788011294,73.70951299346416,90.95167710684437,25544.64124385113,25386.33851125104,47.37221785401819
2025-06-30 05:00:00+00:00,25559.150390625,25569.900390625,25537.05078125,25554.849609375,0.0,58.38481033033731,66.26654303597388,86.01465029267028,25546.023067353402,25393.11544769708,46.33488867694546
2025-06-30 05:30:00+00:00,25555.400390625,25565.94921875,25539.0,25558.30078125,0.0,57.66930683748704,59.38083673838264,80.68788758181276,25546.91614576022,25399.47956310602,44.95019796787793
2025-06-30 06:00:00+00:00,25568.19921875,25578.30078125,25554.099609375,25556.19921875,0.0,59.49385937480426,54.3303370480935,75.41637747506891,25548.94310509258,25406.0960201901,43.46812467552951
2025-06-30 06:30:00+00:00,25571.5,25599.30078125,25564.400390625,25569.25,0.0,59.973024267820485,50.01755389133541,70.33661275832222,25551.091380798047,25412.58245077088,42.85614367192026
2025-06-30 07:00:00+00:00,25526.349609375,25575.5,25526.349609375,25572.25,0.0,51.07310899153012,42.466851551816944,64.76266051702117,25548.735021614903,25417.04390797104,43.30573273999738
2025-06-30 07:30:00+00:00,25510.599609375,25527.150390625,25490.69921875,25526.650390625,0.0,48.37620522276886,34.810696139920765,58.7722676416011,25545.103077592055,25420.71275900649,42.81612124964043
2025-06-30 08:00:00+00:00,25499.75,25514.349609375,25473.30078125,25509.650390625,0.0,46.55258183100739,27.550084785700165,52.52783107042091,25540.783736869,25423.81225865329,42.68988602645182
2025-06-30 08:30:00+00:00,25491.25,25502.19921875,25478.0,25499.19921875,0.0,45.1176241760166,20.869547858193982,46.19617442797553,25536.066238119573,25426.456875961005,41.36912407813384
2025-06-30 09:00:00+00:00,25505.900390625,25519.80078125,25477.599609375,25491.349609375,0.0,48.087784157030875,16.566371479286317,40.27021383823769,25533.193300262945,25429.572307908613,41.42855606362428
2025-06-30 09:30:00+00:00,25507.44921875,25526.650390625,25503.55078125,25504.900390625,0.0,48.405681955638435,13.129699676959717,34.84211100598209,25530.741482976,25432.626304412195,40.1193455858654
2025-07-01 04:00:00+00:00,25569.599609375,25593.150390625,25551.30078125,25574.19921875,0.0,59.202127323969364,15.245390255742677,30.922766855934206,25534.44225691876,25437.997806567597,43.37519032080359
2025-07-01 04:30:00+00:00,25545.80078125,25572.30078125,25522.849609375,25569.75,0.0,54.499228229919844,14.830763932786795,27.704366271304725,25535.524021140784,25442.2253742022,43.809189003246196
2025-07-01 05:00:00+00:00,25520.94921875,25554.25,25519.650390625,25546.25,0.0,50.02991376996178,12.354441868556023,24.634381390754985,25534.135944722613,25445.31258379231,43.151361886942894
2025-07-01 05:30:00+00:00,25526.30078125,25535.599609375,25513.80078125,25521.0,0.0,50.96250309478483,10.700417409476358,21.84758859449926,25533.3897386776,25448.48859153575,41.626180903946974
2025-07-01 06:00:00+00:00,25515.400390625,25532.349609375,25502.69921875,25527.150390625,0.0,48.958250856310265,8.413040391285904,19.160678953856593,25531.676467434496,25451.1125836569,40.77076731259361
2025-07-01 06:30:00+00:00,25541.75,25551.30078125,25511.099609375,25515.30078125,0.0,53.69862200346772,8.62702392670326,17.053947948425925,25532.635851488354,25454.666992140945,40.73008192419407
2025-07-01 07:00:00+00:00,25534.25,25547.19921875,25525.05078125,25541.099609375,0.0,52.212238502530624,8.098070583495428,15.262772475439828,25532.789579918033,25457.78789440993,39.402821608180204
2025-07-01 07:30:00+00:00,25527.900390625,25541.25,25523.19921875,25534.099609375,0.0,50.92699269865064,7.084841198262438,13.62718622000435,25532.323942842508,25460.53740406542,37.877675868310185
2025-07-01 08:00:00+00:00,25530.5,25536.900390625,25509.19921875,25528.099609375,0.0,51.453875732476,6.417637827231374,12.185276541449756,25532.150234000364,25463.281035278545,37.15078272593088
2025-07-01 08:30:00+00:00,25534.69921875,25552.19921875,25526.25,25530.599609375,0.0,52.34396695190615,6.156745082666021,10.97957024969301,25532.392994452708,25466.08174835586,36.35067101336439
2025-07-01 09:00:00+00:00,25535.150390625,25543.0,25515.05078125,25534.44921875,0.0,52.444854060570826,5.918170516895771,9.967290303133563,25532.655603611973,25468.79032256249,35.750567280266935
2025-07-01 09:30:00+00:00,25533.0,25556.94921875,25527.0,25536.0,0.0,51.8811034639978,5.492268450929259,9.072285932692703,25532.688403267977,25471.308349128667,35.33618524239073
2025-07-02 04:00:00+00:00,25534.19921875,25576.44921875,25531.5,25568.900390625,0.0,52.18975669149916,5.191658716044913,8.296160489363144,25532.83229045674,25473.77465774127,36.02283049293425
2025-07-02 04:30:00+00:00,25524.0,25535.55078125,25497.25,25534.099609375,0.0,49.29374596923444,4.083361174853053,7.453600626461126,25531.991119937047,25475.744279006318,36.18554126129609
2025-07-02 05:00:00+00:00,25491.650390625,25523.55078125,25482.69921875,25523.55078125,0.0,41.43932181554584,0.5879072403040482,6.0804619492297105,25528.149145716852,25476.368048089404,36.55091554620351
2025-07-02 05:30:00+00:00,25493.400390625,25501.5,25463.69921875,25491.849609375,0.0,41.97792568574995,-2.01779492768037,4.460810573847694,25524.839740470008,25477.035983090802,36.64019166790326
2025-07-02 06:00:00+00:00,25490.05078125,25500.150390625,25472.94921875,25493.900390625,0.0,41.1968940156329,-4.303509967525315,2.7079464655730927,25521.52650625858,25477.546367332343,35.96597596841017
2025-07-02 06:30:00+00:00,25491.599609375,25503.94921875,25480.099609375,25490.0,0.0,41.736698523011086,-5.921716259796085,0.9820139204992573,25518.676325603003,25478.09747486343,35.10052121173801
2025-07-02 07:00:00+00:00,25475.0,25495.650390625,25460.5,25491.25,0.0,37.73820160182994,-8.446243119724386,-0.9036374875454714,25514.516675545576,25477.97600526094,35.1040833126853
2025-07-02 07:30:00+00:00,25406.099609375,25489.94921875,25404.349609375,25474.69921875,0.0,26.422872276692488,-15.824222753632057,-3.8877545407627885,25504.19124067219,25475.157323069336,38.71090660285063
2025-07-02 08:00:00+00:00,25407.0,25417.650390625,25384.150390625,25405.349609375,0.0,26.732039938744308,-21.352532072178292,-7.3807100470458895,25494.934932036744,25472.48448687054,38.338698988361294
2025-07-02 08:30:00+00:00,25404.650390625,25425.099609375,25397.25,25408.05078125,0.0,26.42005449888987,-25.62792807448932,-11.030153652534576,25486.336404283247,25469.82432623346,37.58947830169263
2025-07-02 09:00:00+00:00,25431.0,25431.0,25379.400390625,25404.75,0.0,35.50993617554094,-26.58357800565136,-14.140838523157933,25481.066270541985,25468.301803636074,38.590201949786014
2025-07-02 09:30:00+00:00,25444.75,25472.80078125,25430.19921875,25430.19921875,0.0,39.69647089533795,-25.93249372943319,-16.499169564412988,25477.607578109415,25467.37820349348,38.87672770337273
2025-07-03 04:00:00+00:00,25545.349609375,25547.0,25434.849609375,25434.849609375,0.0,60.10335028891827,-17.101817907845543,-16.6196992330995,25484.05920013471,25470.435905684917,44.110560769203246
2025-07-03 04:30:00+00:00,25553.05078125,25567.349609375,25529.599609375,25545.94921875,0.0,61.18619285092926,-9.373966240986192,-15.17055263467684,25490.629826907596,25473.675704726687,43.656234999974444
2025-07-03 05:00:00+00:00,25531.150390625,25564.5,25526.44921875,25551.94921875,0.0,56.49065616720944,-4.959595483574958,-13.128361204456464,25494.488928214018,25475.9296139776,43.25584544640484
2025-07-03 05:30:00+00:00,25539.650390625,25576.30078125,25531.150390625,25531.150390625,0.0,57.84289780691464,-0.7664606111429748,-10.655981085793767,25498.790019872205,25478.428467963775,43.39117010201878
2025-07-03 06:00:00+00:00,25514.400390625,25552.44921875,25484.849609375,25542.30078125,0.0,52.6119179726075,0.513248597864731,-8.422135149062068,25500.276721848662,25479.839131597546,45.12034433580316
2025-07-03 06:30:00+00:00,25511.650390625,25517.80078125,25486.44921875,25513.599609375,0.0,52.05972500907573,1.2906475667696213,-6.479578605895731,25501.35992839879,25481.086631951563,44.13685991896008
2025-07-03 07:00:00+00:00,25512.19921875,25538.55078125,25505.05078125,25511.150390625,0.0,52.16762391411173,1.928793759598193,-4.797904132796947,25502.392241765574,25482.30673339464,43.37708421046293
2025-07-03 07:30:00+00:00,25503.849609375,25512.94921875,25479.75,25512.0,0.0,50.31236003721676,1.7407195872037846,-3.4901793887968005,25502.531038680758,25483.151552060535,42.650093820429866
2025-07-03 08:00:00+00:00,25499.44921875,25587.150390625,25480.0,25503.349609375,0.0,49.31693071744809,1.2225024554172705,-2.5476430199539863,25502.237532020685,25483.790676244436,47.257257877899164
2025-07-03 08:30:00+00:00,25453.599609375,25509.150390625,25453.55078125,25499.05078125,0.0,40.35735360683178,-2.8549584664178838,-2.609106109246766,25497.605348911573,25482.60671283779,47.85314012769208
2025-07-03 09:00:00+00:00,25408.849609375,25453.55078125,25384.650390625,25453.55078125,0.0,33.88651633253073,-9.586815787326486,-4.00464804486271,25489.15242133666,25479.71427740788,49.360002886428354
2025-07-03 09:30:00+00:00,25397.400390625,25424.349609375,25388.650390625,25410.599609375,0.0,32.45281822335221,-15.665139505559637,-6.336746337002096,25480.414132697457,25476.486281847767,48.384232590969184
2025-07-04 04:00:00+00:00,25414.0,25429.5,25370.55078125,25424.55078125,0.0,36.63847043519722,-18.924653471349302,-8.854327763871538,25474.08897720246,25474.035839422366,49.13887445947138
2025-07-04 04:30:00+00:00,25410.849609375,25423.55078125,25395.75,25414.05078125,0.0,36.18024558519241,-21.514051375070267,-11.386272486111285,25468.066180266513,25471.55794804796,47.61472494450914
2025-07-04 05:00:00+00:00,25419.25,25424.349609375,25401.099609375,25410.44921875,0.0,38.392792977649286,-22.627490920724085,-13.634516173033845,25463.417020241133,25469.50665596765,45.874387448472774
2025-07-04 05:30:00+00:00,25403.599609375,25426.849609375,25389.25,25419.55078125,0.0,35.89593894109451,-24.490444906110497,-15.805701919649177,25457.720123968167,25466.922065905193,45.28333187179614
2025-07-04 06:00:00+00:00,25339.599609375,25405.05078125,25333.94921875,25403.099609375,0.0,27.904039635399428,-30.77634395556379,-18.7998303268321,25446.470551149767,25461.929028394206,47.12749120238213
2025-07-04 06:30:00+00:00,25350.599609375,25360.599609375,25333.599609375,25339.05078125,0.0,30.757518775250986,-34.472973194238875,-21.934458900313455,25437.339985266455,25457.56316882483,45.689813259354835
2025-07-04 07:00:00+00:00,25358.099609375,25368.0,25349.05078125,25352.099609375,0.0,32.71297614270139,-36.3780476895663,-24.823176658164027,25429.793282800605,25453.6626370817,43.77977079440092
2025-07-04 07:30:00+00:00,25363.599609375,25374.94921875,25354.25,25357.25,0.0,34.18093389036733,-37.01731633759482,-27.26200459405019,25423.489123426738,25450.13075364222,42.13115993408657
2025-07-04 08:00:00+00:00,25384.05078125,25387.25,25362.599609375,25363.599609375,0.0,39.469038085313294,-35.464885569381295,-28.902580789116413,25419.733090838476,25447.539382175863,40.8825335548661
2025-07-04 08:30:00+00:00,25389.25,25391.80078125,25366.19921875,25383.94921875,0.0,40.771847970761996,-33.42968292397927,-29.808001216088986,25416.829939330048,25445.25352405132,39.79103562237567
2025-07-04 09:00:00+00:00,25453.650390625,25462.94921875,25385.75,25387.44921875,0.0,53.983382326694034,-26.316832790984336,-29.10976753106806,25420.336648977187,25445.582812936565,42.46304870292026
2025-07-04 09:30:00+00:00,25467.80078125,25469.75,25449.30078125,25453.25,0.0,56.29047870138782,-19.31537394415136,-27.15088881368472,25424.85704252698,25446.454105811605,40.890632277711674
2025-07-07 04:00:00+00:00,25462.099609375,25489.650390625,25438.900390625,25441.400390625,0.0,55.09202795390958,-14.064576604676404,-24.53362637188306,25428.40395365536,25447.067654970957,41.5948728293037
2025-07-07 04:30:00+00:00,25435.400390625,25469.30078125,25417.05078125,25461.5,0.0,49.75009685443709,-11.920276177970663,-22.01095633310058,25429.0702809858,25446.610115192685,42.35595334149629
2025-07-07 05:00:00+00:00,25468.80078125,25473.099609375,25434.25,25435.55078125,0.0,55.55588827711488,-7.440006492626708,-19.096766365005806,25432.854138153823,25447.48033739101,42.10550020103227
2025-07-07 05:30:00+00:00,25453.650390625,25478.75,25447.150390625,25469.80078125,0.0,52.58785591111578,-5.053615461456502,-16.288136184295944,25434.834733627267,25447.722300262933,41.35507942774426
2025-07-07 06:00:00+00:00,25439.0,25456.25,25433.94921875,25453.30078125,0.0,49.816321654259866,-4.2950369488680735,-13.88951633721037,25435.231425662765,25447.38024927223,39.99405812933395
2025-07-07 06:30:00+00:00,25448.0,25452.849609375,25421.25,25439.05078125,0.0,51.50711600628683,-2.9338140464278695,-11.69837587905387,25436.447480361552,25447.40455322234,39.39445464688153
2025-07-07 07:00:00+00:00,25425.849609375,25453.25,25421.25,25447.5,0.0,47.28459753738271,-3.6008778160648944,-10.078876266456076,25435.438159315214,25446.55926130676,38.866279314961425
2025-07-07 07:30:00+00:00,25447.849609375,25460.400390625,25417.150390625,25423.849609375,0.0,51.534356356133884,-2.327484725999966,-8.528597958364854,25436.620202178052,25446.609863191792,39.17940222103561
2025-07-07 08:00:00+00:00,25449.19921875,25458.349609375,25438.69921875,25446.150390625,0.0,51.79111432959812,-1.1956268879002891,-7.062003744271941,25437.818203756335,25446.711406547016,37.78447282131878
2025-07-07 08:30:00+00:00,25453.150390625,25467.80078125,25446.80078125,25448.80078125,0.0,52.58311489983028,0.019974894228653284,-5.645608016571822,25439.27841202954,25446.96391572655,36.585581905510296
2025-07-07 09:00:00+00:00,25441.25,25456.19921875,25415.849609375,25452.94921875,0.0,49.92289148768397,0.022822908500529593,-4.511921831557352,25439.46618231244,25446.73984060002,36.85444101047385
2025-07-07 09:30:00+00:00,25454.94921875,25473.19921875,25441.650390625,25442.400390625,0.0,52.87826477549799,1.1176093395297357,-3.386015597339935,25440.940757211258,25447.06177699806,36.504067991868574
2025-07-08 04:00:00+00:00,25458.05078125,25494.69921875,25456.25,25475.900390625,0.0,53.54669963975583,2.2100297987162776,-2.2668065181286927,25442.570283310182,25447.492718341273,36.735920278163675
2025-07-08 04:30:00+00:00,25449.099609375,25462.69921875,25441.75,25458.69921875,0.0,51.285611959619665,2.3266756522280048,-1.3481100840573532,25443.192123887784,25447.55573367593,35.6082987404377
2025-07-08 05:00:00+00:00,25451.349609375,25455.599609375,25432.30078125,25449.44921875,0.0,51.836157348618336,2.571037210935174,-0.5642806250588478,25443.969027267518,25447.70451311511,34.729050839335
2025-07-08 05:30:00+00:00,25445.94921875,25454.94921875,25431.05078125,25451.44921875,0.0,50.364891609010265,2.3023886134978966,0.00905322265250108,25444.15761693252,25447.63567804197,33.95543560081107
2025-07-08 06:00:00+00:00,25449.55078125,25455.5,25433.69921875,25445.849609375,0.0,51.356485253055084,2.3529750273191894,0.4778375835858388,25444.67125162942,25447.71078012856,33.08724600432457
2025-07-08 06:30:00+00:00,25466.150390625,25470.55078125,25445.400390625,25447.849609375,0.0,55.74482660524923,3.6899790905408736,1.1202658849768459,25446.716883914716,25448.433902108813,32.52032776294424
2025-07-08 07:00:00+00:00,25473.650390625,25478.69921875,25441.599609375,25465.349609375,0.0,57.60575818580992,5.293728951008234,1.9549584981831236,25449.281979791886,25449.422784011407,32.84741930666251
2025-07-08 07:30:00+00:00,25473.44921875,25480.25,25464.5,25472.5,0.0,57.53587129215888,6.4738528351263085,2.858737365571761,25451.58362159742,25450.36499713841,31.62617507047233
2025-07-08 08:00:00+00:00,25475.150390625,25478.80078125,25447.150390625,25473.349609375,0.0,57.999900981429626,7.460381237669935,3.779066139991396,25453.82807579052,25451.336973353573,31.627904752938587
2025-07-08 08:30:00+00:00,25457.349609375,25477.400390625,25449.19921875,25475.349609375,0.0,51.6408476719783,6.728278419286653,4.368908595850447,25454.16345994142,25451.572763001474,31.383138118800115
2025-07-08 09:00:00+00:00,25482.30078125,25486.25,25447.44921875,25457.650390625,0.0,58.50785713917089,8.068424925742875,5.108811861828933,25456.843204827954,25452.777783324946,31.912969771028678
2025-07-08 09:30:00+00:00,25523.099609375,25547.400390625,25476.849609375,25483.55078125,0.0,66.80766740547554,12.281056769257702,6.5432608433146875,25463.15333859434,25455.535501993578,34.67281344809806
2025-07-09 04:00:00+00:00,25517.30078125,25519.150390625,25472.05078125,25483.19921875,0.0,64.82290723617174,14.979012160682032,8.230411106788157,25468.31023789488,25457.957669807554,35.84252878216249
2025-07-09 04:30:00+00:00,25518.75,25537.25,25503.599609375,25517.400390625,0.0,65.10194395346932,17.037701075209043,9.991869100472336,25473.11402476203,25460.34168275628,35.685947485222314
2025-07-09 05:00:00+00:00,25522.80078125,25531.5,25516.150390625,25518.69921875,0.0,65.91579350398449,18.779611394846143,11.749417559347098,25477.846096808506,25462.7910591678,34.23335190592072
2025-07-09 05:30:00+00:00,25544.30078125,25548.69921875,25515.75,25523.400390625,0.0,69.9247919238929,21.64544299690533,13.728622646858744,25484.17511437436,25465.987518857302,34.14162810906924
2025-07-09 06:00:00+00:00,25519.55078125,25547.30078125,25503.25,25544.80078125,0.0,61.026215004973054,21.669721967209625,15.316842510928922,25487.544225505375,25468.088038951137,34.849424761992864
2025-07-09 06:30:00+00:00,25539.30078125,25542.099609375,25515.650390625,25519.599609375,0.0,64.8682852753532,23.0172941295059,16.85693283464432,25492.473421290575,25470.880695511878,34.249410046850514
2025-07-09 07:00:00+00:00,25530.849609375,25545.94921875,25523.0,25540.349609375,0.0,62.04947809359255,23.13661138196403,18.112868544108263,25496.128296346233,25473.232417624156,33.442253525646905
2025-07-09 07:30:00+00:00,25531.30078125,25537.80078125,25490.5,25531.650390625,0.0,62.14405319857712,23.00241939164698,19.090778713616007,25499.478056813256,25475.509608354583,34.432148363100694
2025-07-09 08:00:00+00:00,25529.19921875,25534.55078125,25516.849609375,25532.5,0.0,61.3767832695986,22.46750137197523,19.76612324528785,25502.308643664375,25477.615083272052,33.237078613950644
2025-07-09 08:30:00+00:00,25491.349609375,25533.19921875,25490.75,25529.849609375,0.0,49.51854324735905,18.773024097339658,19.567503415698212,25501.264926113006,25478.153692138836,33.89508862366846
2025-07-09 09:00:00+00:00,25459.0,25492.05078125,25424.80078125,25492.05078125,0.0,42.04213222043335,13.083957403850945,18.27079421332876,25497.239695054624,25477.40256695692,36.277582293406425
2025-07-09 09:30:00+00:00,25467.099609375,25483.099609375,25460.900390625,25461.80078125,0.0,44.30932027603495,9.12372917643006,16.44138120594902,25494.369210704182,25476.99852940469,35.407727084948824
2025-07-10 04:00:00+00:00,25426.69921875,25457.150390625,25410.5,25450.900390625,0.0,36.61543777938063,2.694188957775623,13.691942756314342,25487.92444956569,25475.026007418233,36.92143296280962
2025-07-10 04:30:00+00:00,25422.44921875,25436.650390625,25400.599609375,25426.599609375,0.0,35.90905119775822,-2.712934449511522,10.41096731514917,25481.68871329753,25472.9641725685,36.85924355475179
2025-07-10 05:00:00+00:00,25389.0,25427.55078125,25381.5,25421.25,0.0,30.86253633993786,-9.586681811928429,6.411437489733651,25472.861216793004,25469.671459918754,37.51578196155523
2025-07-10 05:30:00+00:00,25377.80078125,25401.69921875,25363.80078125,25388.900390625,0.0,29.374072721082626,-15.75623144844576,1.9779037020977688,25463.807841979386,25466.068688206255,37.54311450001557
2025-07-10 06:00:00+00:00,25369.599609375,25385.05078125,25368.75,25377.349609375,0.0,28.297776557710492,-21.064590527497785,-2.630595143821342,25454.835629350397,25462.285587075618,36.02580498215731
2025-07-10 06:30:00+00:00,25403.69921875,25404.400390625,25357.400390625,25368.94921875,0.0,38.403788391647296,-22.263312242965185,-6.557138563650112,25449.965495007502,25459.9880824354,36.80967605486036
2025-07-10 07:00:00+00:00,25402.30078125,25410.75,25384.650390625,25402.900390625,0.0,38.16621129515487,-23.06032498593413,-9.857775848106916,25445.425998459166,25457.72583533009,36.04467129201319
2025-07-10 07:30:00+00:00,25392.349609375,25404.30078125,25378.05078125,25400.599609375,0.0,36.438744316153134,-24.215795119471295,-12.729379702379791,25440.371104260677,25455.162061763225,35.345051914012245
2025-07-10 08:00:00+00:00,25375.150390625,25399.05078125,25357.099609375,25390.55078125,0.0,33.60744744820322,-26.2171319606241,-15.426930154028655,25434.159607723945,25452.02434916957,35.81691762551137
2025-07-10 08:30:00+00:00,25412.849609375,25431.05078125,25372.75,25374.349609375,0.0,43.89739871217448,-24.479015090186294,-17.237347141260184,25432.130084071665,25450.4880848639,37.422907884403415
2025-07-10 09:00:00+00:00,25363.349609375,25414.5,25363.349609375,25411.349609375,0.0,36.006411727197,-26.786997427134338,-19.147277198435013,25425.579562671985,25447.07088974669,38.4034423658746
2025-07-10 09:30:00+00:00,25348.25,25377.400390625,25343.349609375,25363.19921875,0.0,33.99870570094632,-29.494508012467122,-21.216723361241435,25418.21484241751,25443.195560737015,38.09253800045498
2025-07-11 04:00:00+00:00,25286.900390625,25322.400390625,25279.349609375,25309.900390625,0.0,27.330627860519698,-36.17364317319516,-24.20810732363218,25405.70870415156,25437.06633837968,40.29309890220819
2025-07-11 04:30:00+00:00,25239.19921875,25287.599609375,25231.80078125,25287.05078125,0.0,23.475375936060274,-44.79957026438933,-28.326399911783614,25389.85065792284,25429.306843492242,41.40065098955046
2025-07-11 05:00:00+00:00,25175.05078125,25240.69921875,25170.55078125,25238.80078125,0.0,19.49314239087039,-56.16449311060205,-33.894018551547305,25369.39352681114,25419.33601752196,43.454064311725425
2025-07-11 05:30:00+00:00,25161.650390625,25214.849609375,25149.849609375,25176.25,0.0,18.776591583435263,-65.49756076804988,-40.21472699484782,25349.608466221987,25409.23069882012,44.99305971803075
2025-07-11 06:00:00+00:00,25163.19921875,25180.650390625,25161.30078125,25161.30078125,0.0,19.146534083586374,-71.93982907353711,-46.55974741058568,25331.85520455799,25399.582405484038,43.161384693528554
2025-07-11 06:30:00+00:00,25157.150390625,25169.150390625,25136.75,25163.05078125,0.0,18.786656160441794,-76.64989076930942,-52.57777608233043,25315.216650850085,25390.07526764643,42.39274226006223
2025-07-11 07:00:00+00:00,25163.599609375,25205.150390625,25156.05078125,25157.05078125,0.0,20.502350317924737,-78.95213942532428,-57.852648750929205,25300.77693261436,25381.193869282844,42.87180419684349
2025-07-11 07:30:00+00:00,25152.55078125,25167.75,25140.5,25163.69921875,0.0,19.733212670275847,-80.73754401279803,-62.42962780330297,25286.660156293947,25372.227473673713,41.7559610399261
2025-07-11 08:00:00+00:00,25168.400390625,25172.650390625,25144.0,25152.849609375,0.0,24.130211231170406,-79.95192299571136,-65.93408684178465,25275.397321468336,25364.234254730625,40.81984886743138
2025-07-11 08:30:00+00:00,25152.349609375,25191.55078125,25150.05078125,25169.0,0.0,22.769883511971145,-79.70567913052219,-68.68840529953216,25263.67849174516,25355.925052951974,40.86843109118628
2025-07-11 09:00:00+00:00,25167.94921875,25175.80078125,25150.400390625,25153.69921875,0.0,27.072905507000783,-77.36001291414505,-70.42272682245475,25254.56141812657,25348.553451610722,39.76357105788726
2025-07-11 09:30:00+00:00,25140.55078125,25172.05078125,25130.44921875,25166.349609375,0.0,24.491807639262916,-76.82627499060618,-71.70343645608503,25243.70326223356,25340.396484145596,39.894856160895316
2025-07-14 04:00:00+00:00,25117.150390625,25122.05078125,25042.099609375,25071.900390625,0.0,22.51726198481252,-77.39928897512073,-72.84260695989218,25231.65060779465,25331.641735380083,44.07745014047423
2025-07-14 04:30:00+00:00,25110.150390625,25127.19921875,25086.400390625,25117.5,0.0,21.947247339377725,-77.52459293478387,-73.77900415487052,25220.079158540397,25322.95580029165,43.84326285365464
2025-07-14 05:00:00+00:00,25073.19921875,25112.05078125,25071.849609375,25109.30078125,0.0,19.186197735733074,-79.68696623868163,-74.96059657163275,25206.09059284607,25313.161424544916,43.58311349803646
2025-07-14 05:30:00+00:00,25036.349609375,25085.099609375,25019.80078125,25074.25,0.0,16.902519317931294,-83.4125897603808,-76.65099520938236,25189.924784896444,25302.306059244136,45.134235971391
2025-07-14 06:00:00+00:00,25034.55078125,25049.5,25024.25,25036.349609375,0.0,16.79741274173888,-85.52445100518526,-78.42568636854294,25175.12726073964,25291.805852263973,43.71393340200593
2025-07-14 06:30:00+00:00,25043.44921875,25056.55078125,25029.25,25034.80078125,0.0,19.46531658551538,-85.49455866415883,-79.83946082766613,25162.586494835865,25282.066376439896,42.54156539114836
2025-07-14 07:00:00+00:00,25039.05078125,25060.94921875,25033.80078125,25044.19921875,0.0,19.138643134765587,-84.84771428114254,-80.84111151836142,25150.821188780068,25272.536353099116,41.44205625606634
2025-07-14 07:30:00+00:00,25057.349609375,25058.099609375,25002.75,25039.30078125,0.0,24.79344751301234,-81.91426627557667,-81.05574246980447,25141.919133598632,25264.0976572668,42.435452907418735
2025-07-14 08:00:00+00:00,25035.25,25058.55078125,25012.900390625,25058.55078125,0.0,22.726387999844462,-80.44541669115642,-80.93367731407487,25131.760168494002,25255.12323933477,42.6650913158174
2025-07-14 08:30:00+00:00,25058.80078125,25060.80078125,25027.5,25034.599609375,0.0,29.47429235755959,-76.49915692625291,-80.04677323651049,25124.811655423142,25247.424319409878,41.99621202540187
2025-07-14 09:00:00+00:00,25105.099609375,25108.5,25037.19921875,25059.25,0.0,40.478546183275256,-68.84221889048786,-77.80586236730598,25122.934317704272,25241.842958232042,44.089395541444595
2025-07-14 09:30:00+00:00,25087.099609375,25107.099609375,25066.75,25107.05078125,0.0,37.99631720555849,-63.49456408878541,-74.94360271160187,25119.52148833958,25235.774591610196,43.82226795812712
2025-07-15 04:00:00+00:00,25101.55078125,25155.69921875,25089.25,25147.94921875,0.0,41.1181772227398,-57.428421241711476,-71.44056641762378,25117.809992426286,25230.51091277254,45.59207805933232
2025-07-15 04:30:00+00:00,25129.94921875,25132.55078125,25097.69921875,25102.80078125,0.0,46.788142765094946,-49.75588785734362,-67.10363070556775,25118.96610921902,25226.567316928522,44.824898376522874
2025-07-15 05:00:00+00:00,25192.849609375,25197.05078125,25128.0,25129.75,0.0,56.72743375663884,-38.15993010911188,-61.31489058627658,25126.0026330434,25225.245053887207,46.55531858177124
2025-07-15 05:30:00+00:00,25211.849609375,25243.69921875,25190.44921875,25192.94921875,0.0,59.20614898871642,-27.124237513096887,-54.47675997164065,25134.178535551175,25224.71974233771,47.03351011164472
2025-07-15 06:00:00+00:00,25204.650390625,25228.30078125,25199.55078125,25211.75,0.0,57.85388049182548,-18.74322814284824,-47.33005360588217,25140.8901407963,25223.932708937213,45.727545103670096
2025-07-15 06:30:00+00:00,25203.25,25213.650390625,25173.099609375,25204.599609375,0.0,57.57839156079481,-12.07502429131273,-40.27904774296829,25146.829175006173,25223.121622312225,45.35777625697938
2025-07-15 07:00:00+00:00,25208.19921875,25220.400390625,25203.69921875,25204.69921875,0.0,58.33353670909632,-6.318231466990255,-33.486884487772684,25152.673941077013,25222.536430015665,43.34296299755228
2025-07-15 07:30:00+00:00,25186.94921875,25220.349609375,25181.19921875,25208.25,0.0,53.897275725006004,-3.431077756005834,-27.475723141419316,25155.938253236345,25221.140853103287,43.04349354236997
2025-07-15 08:00:00+00:00,25193.599609375,25198.0,25169.55078125,25186.44921875,0.0,55.04942030388394,-0.5994466476149682,-22.10046784265845,25159.525049059073,25220.06080432963,42.00104534291497
2025-07-15 08:30:00+00:00,25181.75,25195.099609375,25159.5,25193.400390625,0.0,52.530394502011404,0.6806310700449103,-17.544248060117777,25161.641711053446,25218.558419846115,41.54379991663533
2025-07-15 09:00:00+00:00,25160.0,25194.650390625,25156.05078125,25181.69921875,0.0,48.173031388357515,-0.059258251676510554,-14.047250098429524,25161.485357619786,25216.2620112247,41.3335005922328
2025-07-15 09:30:00+00:00,25219.650390625,25225.05078125,25161.30078125,25161.30078125,0.0,58.371643408935874,4.12016740938634,-10.41376659686635,25167.024884572664,25216.39488884824,43.0275920677876
2025-07-16 04:00:00+00:00,25155.05078125,25167.80078125,25135.0,25147.150390625,0.0,47.475841120678034,2.1944475366071856,-7.8921237701716445,25165.884493780028,25213.98923756988,46.000649107588494
2025-07-16 04:30:00+00:00,25148.69921875,25156.80078125,25132.69921875,25154.849609375,0.0,46.55567697485606,0.15400735096773133,-6.2828975459437695,25164.247800920024,25211.428844674985,44.436428635617894
2025-07-16 05:00:00+00:00,25138.5,25154.75,25121.19921875,25148.849609375,0.0,45.0458794018238,-2.2599960833758814,-5.478317253430192,25161.79562940383,25208.56888998185,43.65888239378804
2025-07-16 05:30:00+00:00,25147.30078125,25149.05078125,25127.75,25138.30078125,0.0,46.65352676761567,-3.423497750358365,-5.067353352815827,25160.415167674895,25206.16621905119,42.061875169231755
2025-07-16 06:00:00+00:00,25185.650390625,25210.0,25140.25,25147.5,0.0,53.093029309180956,-1.2368308128097851,-4.301248844814619,25162.81852224157,25205.361676759967,44.039598371429484
2025-07-16 06:30:00+00:00,25185.05078125,25191.94921875,25171.400390625,25185.400390625,0.0,52.98533458209574,0.442632630438311,-3.3524725497640335,25164.935880242374,25204.565171053695,42.361686210970234
2025-07-16 07:00:00+00:00,25208.5,25233.400390625,25184.69921875,25185.05078125,0.0,56.68560790833526,3.6240002696686133,-1.9571779858775045,25169.084844028814,25204.719478071198,42.81450661554379
2025-07-16 07:30:00+00:00,25206.599609375,25220.5,25203.0,25208.69921875,0.0,56.29888541171285,5.923627512431267,-0.38101688621575014,25172.65767882369,25204.793208710562,41.00632757157638
2025-07-16 08:00:00+00:00,25217.5,25231.30078125,25186.0,25206.099609375,0.0,58.066047137023844,8.527370872001484,1.4006606654276967,25176.928376078577,25205.291514251327,41.31307426289235
2025-07-16 08:30:00+00:00,25224.94921875,25255.30078125,25216.30078125,25217.400390625,0.0,59.277947165157435,11.064402397343656,3.3334090118108888,25181.50178966633,25206.062404623823,41.14785467268575
2025-07-16 09:00:00+00:00,25227.5,25239.19921875,25219.599609375,25224.80078125,0.0,59.70735889156103,13.129496228910284,5.292626455230768,25185.882571602873,25206.903094638576,39.60869429427963
2025-07-16 09:30:00+00:00,25198.55078125,25234.75,25190.599609375,25229.0,0.0,52.890695760322,12.288483960430312,6.691797956270677,25187.089067759745,25206.575552937065,39.933101175045365
2025-07-17 04:00:00+00:00,25189.05078125,25213.650390625,25178.849609375,25209.900390625,0.0,50.83945654086083,10.731696753384313,7.499777715693405,25187.27589761596,25205.888306988552,39.566506894684984
2025-07-17 04:30:00+00:00,25155.150390625,25191.80078125,25150.69921875,25189.44921875,0.0,44.24515856135244,6.6853884728989215,7.336899867134509,25184.216325521586,25203.898584778217,39.676153723636055
2025-07-17 05:00:00+00:00,25162.80078125,25171.099609375,25144.0,25155.19921875,0.0,45.94902212351134,4.04930473065906,6.679380839839419,25182.17674987667,25202.286906208483,38.77782912730491
2025-07-17 05:30:00+00:00,25182.650390625,25200.099609375,25150.94921875,25162.05078125,0.0,50.201314762599054,3.521295655049471,6.04776380288143,25182.22185851937,25201.516846773837,39.51872637714028
2025-07-17 06:00:00+00:00,25189.849609375,25205.19921875,25178.44921875,25182.400390625,0.0,51.68592133848779,3.6417812578656594,5.5665672938782755,25182.94831098181,25201.059308052314,38.60667449305883
2025-07-17 06:30:00+00:00,25180.099609375,25193.44921875,25173.94921875,25189.650390625,0.0,49.53222120038983,2.9168992514314596,5.036633685388913,25182.677006066875,25200.23735908458,37.24191202926892
2025-07-17 07:00:00+00:00,25179.69921875,25210.44921875,25168.44921875,25180.05078125,0.0,49.44111138512753,2.2837907435277884,4.486065097016688,25182.39340727479,25199.431941816558,37.58177545574971
2025-07-17 07:30:00+00:00,25166.5,25182.75,25155.55078125,25179.94921875,0.0,46.4104189763135,0.7088103228743421,3.730614142188219,25180.879749439096,25198.14049311787,36.84016426248187
2025-07-17 08:00:00+00:00,25177.44921875,25194.5,25160.400390625,25166.69921875,0.0,49.1926899685466,0.3402156448973983,3.0525344427300554,25180.55303223061,25197.32907059364,36.64441034194745
2025-07-17 08:30:00+00:00,25133.849609375,25182.0,25133.400390625,25177.400390625,0.0,40.234811156941795,-3.430477977675764,1.7559319586488915,25176.10508719674,25194.83967995762,37.49835313002263
2025-07-17 09:00:00+00:00,25115.650390625,25151.75,25107.25,25134.150390625,0.0,37.190484323765844,-7.797420881652215,-0.15473860941132966,25170.34749704705,25191.734217630852,37.99847076359244
2025-07-17 09:30:00+00:00,25109.5,25122.80078125,25102.30078125,25117.55078125,0.0,36.19379888125059,-11.620584849086299,-2.4479078573463235,25164.55249732828,25188.509346351213,36.748579994764405
2025-07-18 04:00:00+00:00,25039.0,25086.150390625,25026.44921875,25070.19921875,0.0,27.196527226148916,-20.107444540386496,-5.979815193954359,25152.59511663035,25182.646234729596,40.05588008442409
2025-07-18 04:30:00+00:00,24952.650390625,25042.25,24938.599609375,25039.80078125,0.0,20.480957477679397,-33.41583684649959,-11.467019524463405,25133.552761772695,25173.62678986275,44.59834512303666
2025-07-18 05:00:00+00:00,24931.05078125,24962.599609375,24931.05078125,24952.55078125,0.0,19.20357293998795,-45.184878439937165,-18.210591307558158,25114.266858865773,25164.11400521127,43.66623676603404
2025-07-18 05:30:00+00:00,24971.55078125,24976.55078125,24925.599609375,24931.0,0.0,28.24094051173465,-50.65994090271488,-24.700461226589503,25100.674851473792,25156.5625062324,44.186589273817326
2025-07-18 06:00:00+00:00,24950.900390625,24972.900390625,24920.650390625,24971.30078125,0.0,26.606761109869296,-56.01952309972694,-30.964273601216995,25086.41061710724,25148.49732522819,44.762547182830374
2025-07-18 06:30:00+00:00,24939.650390625,24953.94921875,24919.0,24951.349609375,0.0,25.73314160731063,-60.47766273442903,-36.866951427859405,25072.43345268036,25140.307249361398,44.06159515191392
2025-07-18 07:00:00+00:00,24952.19921875,24952.69921875,24929.30078125,24939.400390625,0.0,28.551266131856096,-62.280256925612775,-41.94961252741008,25060.98257325842,25132.930463847228,42.58565531963435
2025-07-18 07:30:00+00:00,24945.900390625,24991.19921875,24935.55078125,24951.55078125,0.0,27.977395915681853,-63.48526992382904,-46.25674400669388,25050.022365388573,25125.59595117185,43.518711189660465
2025-07-18 08:00:00+00:00,24960.400390625,24994.25,24941.80078125,24946.80078125,0.0,31.395864078925,-62.549194410479686,-49.51523408745105,25041.486939220613,25119.117693895503,44.15660458682758
2025-07-18 08:30:00+00:00,24986.69921875,24988.150390625,24958.099609375,24960.0,0.0,37.21638820418944,-59.005078366848466,-51.41320294333053,25036.26906108055,25113.92481251725,43.149045777054184
2025-07-18 09:00:00+00:00,24973.150390625,25005.19921875,24952.94921875,24986.5,0.0,35.54329733264409,-56.636744925352104,-52.45791133973485,25030.257759132404,25108.404246952847,43.799113935836026
2025-07-18 09:30:00+00:00,24965.55078125,24980.900390625,24962.69921875,24973.099609375,0.0,34.6036151348293,-54.74201668144087,-52.914732408076055,25024.095189810272,25102.802150258616,41.97068950291917
2025-07-21 04:00:00+00:00,25035.25,25048.75,24882.5,24901.900390625,0.0,48.14431183643037,-47.0736507019501,-51.746516066850866,25025.157552685483,25100.15304632691,50.847783109853516
2025-07-21 04:30:00+00:00,25044.44921875,25070.75,25024.19921875,25033.94921875,0.0,49.62681092557022,-39.79537898637136,-49.35628865075497,25026.994854215438,25097.96858250036,50.540854405578266
2025-07-21 05:00:00+00:00,25060.19921875,25066.400390625,25036.5,25045.150390625,0.0,52.149141821140546,-32.38311050281118,-45.961653021166214,25030.1571746473,25096.487430980742,49.06653556410839
2025-07-21 05:30:00+00:00,25053.55078125,25079.30078125,25052.30078125,25059.94921875,0.0,50.98849908728352,-26.737099035599385,-42.11674222405285,25032.38513718089,25094.803640795224,47.49035445238636
2025-07-21 06:00:00+00:00,25042.75,25066.75,25000.099609375,25053.25,0.0,49.07752707935264,-22.870490275985503,-38.267491834439376,25033.372266973183,25092.76232154835,48.85892846471591
2025-07-21 06:30:00+00:00,25029.0,25050.69921875,25028.099609375,25043.400390625,0.0,46.67904608743919,-20.677329677699163,-34.749459403091336,25032.955860594786,25090.261838350376,46.98326281545049
2025-07-21 07:00:00+00:00,25039.75,25056.75,25010.0,25029.349609375,0.0,48.78636218600353,-17.865852517476014,-31.37273802596827,25033.60292149052,25088.28098194448,46.96660118577545
2025-07-21 07:30:00+00:00,25044.400390625,25059.19921875,25037.349609375,25040.69921875,0.0,49.71225264717902,-15.088557455848786,-28.115901911944377,25034.63125188428,25086.560174441758,45.17253034214864
2025-07-21 08:00:00+00:00,25012.349609375,25053.099609375,24988.099609375,25044.349609375,0.0,43.83076840818983,-15.297422137413378,-25.55220595703818,25032.50919069292,25083.649956203848,46.588778174852315
2025-07-21 08:30:00+00:00,25032.75,25039.94921875,25006.599609375,25012.400390625,0.0,48.04425501311892,-13.659351372112724,-23.17363504005309,25032.53212491264,25081.65387948997,45.643123260577156
2025-07-21 09:00:00+00:00,25050.44921875,25050.94921875,25000.0,25032.849609375,0.0,51.44722038546574,-10.808396981952683,-20.700587428433007,25034.238514801913,25080.43016730409,46.02213008125022
2025-07-21 09:30:00+00:00,25093.30078125,25111.349609375,25050.849609375,25050.849609375,0.0,58.52932456323576,-5.033212380181794,-17.567112418782763,25039.86349255887,25080.934897262756,47.08486297723234
2025-07-22 04:00:00+00:00,25097.55078125,25140.94921875,25089.599609375,25124.849609375,0.0,59.16550794703743,-0.112105214917392,-14.07611097800969,25045.35752005326,25081.586500556372,47.389487719930024
2025-07-22 04:30:00+00:00,25102.0,25123.80078125,25086.099609375,25098.25,0.0,59.85973409945797,4.099664062308875,-10.440955969945977,25050.752041952954,25082.38702994632,46.697465159577874
2025-07-22 05:00:00+00:00,25085.849609375,25105.849609375,25076.599609375,25102.05078125,0.0,56.12939647585802,6.064413228941703,-7.139882130168441,25054.09466742172,25082.522817374895,45.45121764817946
2025-07-22 05:30:00+00:00,25060.44921875,25088.30078125,25047.150390625,25086.25,0.0,50.77059511249821,5.508394512158702,-4.610226801703013,25054.699862786318,25081.657186056273,45.14401571795236
2025-07-22 06:00:00+00:00,25085.349609375,25086.650390625,25035.75,25060.94921875,0.0,55.27821101814292,6.996349533059401,-2.2889115347505307,25057.618886270957,25081.80198697073,45.55518535417004
2025-07-22 06:30:00+00:00,25099.599609375,25102.099609375,25071.099609375,25085.80078125,0.0,57.66708832503811,9.21914791657764,0.012700355515103512,25061.617050376102,25082.499932947372,44.51552925744361
2025-07-22 07:00:00+00:00,25115.55078125,25116.400390625,25097.25,25099.30078125,0.0,60.22811036535327,12.128053262167668,2.4357709368456164,25066.753596173618,25083.796044645518,42.7037336408405
2025-07-22 07:30:00+00:00,25081.099609375,25119.69921875,25078.69921875,25114.849609375,0.0,52.798697813817135,11.520657092616602,4.252748167999814,25068.119883145177,25083.690302085888,42.58203838078047
2025-07-22 08:00:00+00:00,25088.80078125,25107.30078125,25073.5,25081.05078125,0.0,54.15994765688616,11.527825860430312,5.707763706485913,25070.089492488492,25083.8907130335,41.95480572858186
2025-07-22 08:30:00+00:00,25069.5,25107.650390625,25061.44921875,25088.19921875,0.0,50.248732311396424,9.862407719992916,6.538692509187314,25070.03335034673,25083.326371345913,42.25811759618316
2025-07-22 09:00:00+00:00,25066.599609375,25080.0,25044.849609375,25069.05078125,0.0,49.66826367684787,8.213830634525948,6.8737201342550405,25069.70632739704,25082.670419896072,41.750422812527226
2025-07-22 09:30:00+00:00,25064.900390625,25071.05078125,25047.900390625,25062.650390625,0.0,49.308881708106234,6.693055289677432,6.837587165339519,25069.24861913304,25081.97355600309,40.42184908484671
2025-07-23 04:00:00+00:00,25116.900390625,25127.400390625,25085.900390625,25114.349609375,0.0,59.06924161635319,9.573438648676529,7.384757462006921,25073.786883084656,25083.343235792185,41.99885986450052
2025-07-23 04:30:00+00:00,25108.400390625,25119.69921875,25090.849609375,25117.099609375,0.0,57.13273390003679,11.042987563570932,8.116403482319724,25077.08340761231,25084.32586931504,41.05962768667905
2025-07-23 05:00:00+00:00,25122.44921875,25132.05078125,25097.80078125,25109.05078125,0.0,59.49625186447284,13.189201776800473,9.130963141215874,25081.403961053995,25085.820902626216,40.573225709059116
2025-07-23 05:30:00+00:00,25125.05078125,25142.30078125,25102.80078125,25122.150390625,0.0,59.93676411722372,14.927936396543373,10.290357792281373,25085.560801072665,25087.359329238912,40.49656672984061
2025-07-23 06:00:00+00:00,25135.30078125,25137.5,25117.25,25124.400390625,0.0,61.70398427479844,16.9377377493729,11.61983378369968,25090.297942041936,25089.239386180525,39.05038339199485
2025-07-23 06:30:00+00:00,25173.650390625,25176.5,25130.55078125,25135.650390625,0.0,67.48325976005214,21.378573884790967,13.571581803917937,25098.236270478417,25092.549621648937,39.543157346138074
2025-07-23 07:00:00+00:00,25168.849609375,25188.5,25164.05078125,25173.5,0.0,66.13769527091102,24.231262678811618,15.703517978896674,25104.961350373327,25095.541778030354,38.465018874985354
2025-07-23 07:30:00+00:00,25167.05078125,25183.05078125,25139.94921875,25168.55078125,0.0,65.60980983738241,26.046639260403026,17.772142235197947,25110.87462950444,25098.34605266642,38.7962005624864
2025-07-23 08:00:00+00:00,25191.599609375,25195.55078125,25166.5,25167.099609375,0.0,69.22040876474858,29.130426127630926,20.04379901368454,25118.562722825445,25102.003054890287,38.10009918302308
2025-07-23 08:30:00+00:00,25195.400390625,25218.650390625,25182.650390625,25192.150390625,0.0,69.74994733639394,31.51772401645576,22.338584014238787,25125.880595949213,25105.665695507338,37.95009209852144
2025-07-23 09:00:00+00:00,25212.55078125,25216.55078125,25192.0,25194.05078125,0.0,72.08381706930398,34.397060087281716,24.750279228847372,25134.134899311193,25109.857267497246,36.992998466484195
2025-07-23 09:30:00+00:00,25209.19921875,25233.400390625,25205.80078125,25213.400390625,0.0,70.93208569769193,35.99359977140557,26.998943337359012,25141.283882114887,25113.753030291475,36.322042102806755
2025-07-24 04:00:00+00:00,25175.75,25196.44921875,25164.55078125,25188.80078125,0.0,60.53639570420737,34.1659527316624,28.432345216219694,25144.566369532517,25116.184284005536,36.9167846311777
2025-07-24 04:30:00+00:00,25171.94921875,25175.69921875,25154.650390625,25175.30078125,0.0,59.46985110527876,32.041483723522106,29.154172917680178,25147.17425993418,25118.371144191595,35.78698639859358
2025-07-24 05:00:00+00:00,25166.900390625,25182.900390625,25161.75,25171.55078125,0.0,58.00783711511,29.609113069298473,29.24516094800384,25149.052939047593,25120.274251894865,34.74151527190832
2025-07-24 05:30:00+00:00,25112.650390625,25169.599609375,25102.05078125,25166.349609375,0.0,45.16063499971133,23.03834844767698,28.00379844793847,25145.58602967401,25119.975276943107,37.084894761414866
2025-07-24 06:00:00+00:00,25072.30078125,25116.5,25067.400390625,25113.25,0.0,38.356337538149624,14.408995948429947,25.284837948036763,25138.606482205054,25118.105688876713,37.94308866238523
2025-07-24 06:30:00+00:00,25078.05078125,25078.19921875,25019.30078125,25072.80078125,0.0,39.7494853769015,7.942591614850244,21.816388681399463,25132.83927259029,25116.534908185473,39.43989929364342
2025-07-24 07:00:00+00:00,25040.80078125,25091.19921875,25040.80078125,25077.5,0.0,34.33573490251976,-0.18570342273960705,17.41597026057165,25124.073701986454,25113.564942423298,40.222652022668896
2025-07-24 07:30:00+00:00,25058.849609375,25070.849609375,25030.650390625,25041.849609375,0.0,38.69272106637615,-5.112116910335317,12.910352826390257,25117.86188364251,25111.419243088072,40.22097821747826
2025-07-24 08:00:00+00:00,25068.599609375,25101.599609375,25051.5,25059.55078125,0.0,40.971282437821934,-8.13580705691129,8.70112084972995,25113.170238474173,25109.740041765992,40.92659472872981
2025-07-24 08:30:00+00:00,25077.19921875,25103.25,25063.30078125,25068.400390625,0.0,42.98409575997332,-9.72607058848007,5.015682562087947,25109.74442707187,25108.463931059483,40.856782158820536
2025-07-24 09:00:00+00:00,25049.05078125,25093.0,25047.650390625,25077.05078125,0.0,38.371843369240054,-13.10662454524936,1.3912211406204857,25103.96407985074,25106.134003615975,41.17769838854764
2025-07-24 09:30:00+00:00,25051.900390625,25071.05078125,25046.30078125,25049.44921875,0.0,39.08444886797756,-15.37852419605042,-1.962727926713696,25099.00563325781,25104.007195263388,40.00429136079424
2025-07-25 04:00:00+00:00,24928.55078125,24993.849609375,24912.69921875,24991.55078125,0.0,25.395627202092655,-26.82310359686744,-6.934803060744445,25082.771837828495,25097.126551576588,47.089782826094655
2025-07-25 04:30:00+00:00,24870.650390625,24940.75,24863.5,24928.849609375,0.0,21.57569790557902,-40.10281259497788,-13.568404967591132,25062.569795237687,25088.24513350006,49.24408405280218
2025-07-25 05:00:00+00:00,24870.25,24880.19921875,24844.44921875,24870.44921875,0.0,21.551556524422722,-50.082070890133764,-20.87113815209966,25044.253624262667,25079.69630473535,48.280220906173454
2025-07-25 05:30:00+00:00,24883.05078125,24891.599609375,24854.80078125,24870.599609375,0.0,24.46161822073512,-56.308697307820694,-27.95864998324387,25028.900972547177,25071.984715579063,47.460121421803926
2025-07-25 06:00:00+00:00,24846.55078125,24916.849609375,24831.349609375,24882.75,0.0,21.96015387962599,-63.45709467429697,-35.05833892145449,25011.53428766173,25063.144169134786,50.17725560596079
2025-07-25 06:30:00+00:00,24828.349609375,24848.25,24812.75,24846.400390625,0.0,20.81696569102627,-69.78647846228341,-42.00396682962028,24994.0881278249,25053.936539340284,49.12888020553502
2025-07-25 07:00:00+00:00,24855.900390625,24886.599609375,24827.80078125,24828.150390625,0.0,27.01080816439847,-71.75232676099404,-47.95363881589504,24980.927390948716,25046.170415861256,49.81959077121109
2025-07-25 07:30:00+00:00,24856.349609375,24872.849609375,24847.349609375,24855.599609375,0.0,27.11092315376888,-72.43899584960309,-52.85071022263666,24969.06284032265,25038.726462665716,48.08247714469601
2025-07-25 08:00:00+00:00,24874.400390625,24880.05078125,24807.55078125,24856.30078125,0.0,31.194906402666902,-70.7115204677466,-56.42287227165865,24960.047368922875,25032.282302977845,49.82658592007486
2025-07-25 08:30:00+00:00,24835.80078125,24879.849609375,24813.849609375,24873.349609375,0.0,27.62981208994266,-71.63142716466609,-59.46458325026014,24948.214360573074,25024.57714526303,50.98182978292665
2025-07-25 09:00:00+00:00,24833.94921875,24848.30078125,24818.150390625,24831.80078125,0.0,27.467650126767538,-71.68354221593472,-61.90837504339506,24937.331966113732,25017.101540301734,49.493869843074755
2025-07-25 09:30:00+00:00,24832.19921875,24849.0,24808.400390625,24833.69921875,0.0,27.304536506607576,-71.04706777215324,-63.7361135891467,24927.319323507665,25009.85046886833,48.858565523926565
2025-07-28 04:00:00+00:00,24802.849609375,24853.099609375,24781.150390625,24784.05078125,0.0,24.6596634910849,-72.08003164501133,-65.40489720031962,24915.46506501884,25001.732788103887,50.507897897217525
2025-07-28 04:30:00+00:00,24870.900390625,24888.0,24802.25,24802.25,0.0,39.3332484576582,-66.63935661212236,-65.65178908268018,24911.220810314666,24996.60210584981,53.025190904559125
2025-07-28 05:00:00+00:00,24827.19921875,24885.400390625,24775.400390625,24871.900390625,0.0,34.6641419488937,-65.1034299796629,-65.54211726207673,24903.218753975176,24989.95885537531,57.09482012566205
2025-07-28 05:30:00+00:00,24814.44921875,24844.650390625,24797.05078125,24826.849609375,0.0,33.41775464448639,-64.17524324506667,-65.26874245867472,24894.76451252516,24983.07612452726,56.416590786329046
2025-07-28 06:00:00+00:00,24818.400390625,24824.599609375,24779.44921875,24815.30078125,0.0,34.20725259125078,-62.401496414593566,-64.6952932498585,24887.491739010857,24976.618252609525,55.61186220337697
2025-07-28 06:30:00+00:00,24794.0,24820.400390625,24772.150390625,24818.400390625,0.0,31.706896606858678,-62.24715047003701,-64.20566469389419,24878.587763866966,24969.45675250719,55.08601490313576
2025-07-28 07:00:00+00:00,24733.44921875,24798.349609375,24715.150390625,24793.75,0.0,26.52541966762209,-66.24711667621159,-64.61395509035768,24864.7650452844,24960.20155510495,57.094100892197496
2025-07-28 07:30:00+00:00,24686.75,24735.44921875,24685.25,24734.599609375,0.0,23.355401711201566,-72.35133424029846,-66.16143092034584,24847.81123144779,24949.47796470868,56.601609310611956
2025-07-28 08:00:00+00:00,24676.650390625,24698.94921875,24661.099609375,24687.400390625,0.0,22.722926700483384,-77.11499109403667,-68.352142955084,24831.51019898848,24938.77884415638,55.26218074378253
2025-07-28 08:30:00+00:00,24672.69921875,24693.55078125,24646.75,24675.94921875,0.0,22.466596753162264,-80.28359076042398,-70.738432516152,24816.38534372767,24928.344349042403,54.65779506565521
2025-07-28 09:00:00+00:00,24700.69921875,24705.849609375,24670.19921875,24671.900390625,0.0,28.61234791668356,-79.61758091772936,-72.51426219646748,24805.36761753932,24919.417089030936,53.30012331989412
2025-07-28 09:30:00+00:00,24673.94921875,24703.75,24669.599609375,24701.94921875,0.0,26.45488912693952,-80.32235860886794,-74.07588147894758,24792.85157955938,24909.790898039526,51.932285270258824
2025-07-29 04:00:00+00:00,24697.25,24726.94921875,24668.80078125,24710.0,0.0,31.313287491553467,-78.10042856791915,-74.8807908967419,24783.746667220395,24901.455960861505,52.376296143811764
2025-07-29 04:30:00+00:00,24632.900390625,24717.25,24628.05078125,24694.69921875,0.0,26.171362238874025,-80.60286898662889,-76.0252065147193,24769.38035516369,24890.92436987184,55.00650490139664
2025-07-29 05:00:00+00:00,24645.25,24649.80078125,24614.30078125,24633.099609375,0.0,28.594730122345638,-80.65976521654011,-76.95211825508346,24757.55841657667,24881.29008085726,53.61318312272545
2025-07-29 05:30:00+00:00,24683.650390625,24698.44921875,24635.44921875,24645.05078125,0.0,35.666069530423044,-76.72186340701955,-76.90606728547068,24750.519556962226,24873.53950476972,54.28367004253078
2025-07-29 06:00:00+00:00,24673.25,24705.44921875,24665.80078125,24683.94921875,0.0,34.66478250214283,-73.59195026244561,-76.24324388086568,24743.16055153725,24865.685014386596,53.23829628949287
2025-07-29 06:30:00+00:00,24696.650390625,24707.400390625,24662.94921875,24672.900390625,0.0,38.826071234227605,-68.43438657781007,-74.68147242025455,24738.73101240275,24859.056205611632,52.61064454560052
2025-07-29 07:00:00+00:00,24708.55078125,24715.900390625,24683.69921875,24696.55078125,0.0,40.88802430916664,-62.66436236958543,-72.27805041012073,24735.856704673915,24853.154032107253,51.15282506912906
2025-07-29 07:30:00+00:00,24734.94921875,24742.150390625,24702.94921875,24709.05078125,0.0,45.293126506284075,-55.3237060825777,-68.88718154461212,24735.77027744307,24848.5185492305,50.299135555262694
2025-07-29 08:00:00+00:00,24785.0,24795.94921875,24734.44921875,24735.0,0.0,52.517950794079056,-44.94935514737517,-64.09961626516474,24740.45882244849,24846.027625731265,51.09919730131536
2025-07-29 08:30:00+00:00,24819.099609375,24819.650390625,24784.94921875,24785.19921875,0.0,56.71237524593278,-33.588862297601736,-57.99746547165214,24747.948421203397,24844.971625089845,49.927909770864254
2025-07-29 09:00:00+00:00,24793.05078125,24827.94921875,24771.80078125,24819.099609375,0.0,52.870198548887764,-26.38338139908592,-51.6746486571389,24752.243884064977,24842.935513566714,50.37223318008824
2025-07-29 09:30:00+00:00,24830.400390625,24846.349609375,24771.69921875,24794.349609375,0.0,57.3336195781701,-17.457940273194254,-44.83130698034998,24759.68736088022,24842.44394011802,52.10638728329622
2025-07-30 04:00:00+00:00,24839.349609375,24879.94921875,24814.94921875,24832.650390625,0.0,58.35140526883583,-9.552224615894374,-37.775490507458855,24767.274241689247,24842.322593814373,53.02735962020363
2025-07-30 04:30:00+00:00,24810.94921875,24858.75,24810.349609375,24839.349609375,0.0,53.95286170777196,-5.514988813269156,-31.323390168620918,24771.433763314082,24841.092265380477,52.69686183483195
2025-07-30 05:00:00+00:00,24817.19921875,24826.849609375,24773.05078125,24810.94921875,0.0,54.76104620937752,-1.790487955790013,-25.41680972605474,24775.792378117505,24840.155283159675,52.775573712701096
2025-07-30 05:30:00+00:00,24898.69921875,24902.30078125,24809.30078125,24817.25,0.0,63.70644419069881,7.649397194152698,-18.803568342013254,24787.497791511076,24842.451123771058,55.64874701893673
2025-07-30 06:00:00+00:00,24876.30078125,24898.5,24840.900390625,24898.5,0.0,60.18423874717313,13.171376047310332,-12.408579464148538,24795.95521910526,24843.77856131925,55.80232424079839
2025-07-30 06:30:00+00:00,24867.25,24877.650390625,24849.599609375,24876.94921875,0.0,58.770262933519035,16.625611960214883,-6.601741179275855,24802.74519823809,24844.69900989497,53.82007117002708
2025-07-30 07:00:00+00:00,24865.55078125,24875.0,24853.69921875,24867.400390625,0.0,58.492415320111824,19.006906271344633,-1.4800116891517572,24808.726682334465,24845.516726418697,51.497264747168
2025-07-30 07:30:00+00:00,24835.849609375,24872.55078125,24832.650390625,24866.349609375,0.0,53.712366815707426,18.28666552483628,2.4733237536458503,24811.309818243088,24845.137623789535,50.66891659558457
2025-07-30 08:00:00+00:00,24866.69921875,24869.55078125,24831.599609375,24835.94921875,0.0,57.58914165637774,19.97491679295854,5.9736423615083885,24816.584999243747,24845.983176533082,49.76050625839996
2025-07-30 08:30:00+00:00,24877.0,24879.19921875,24845.900390625,24867.30078125,0.0,58.829083502754145,21.8917011421363,9.157254117633972,24822.33880883958,24847.199522551393,48.584672106014246
2025-07-30 09:00:00+00:00,24853.5,24890.69921875,24852.25,24876.25,0.0,54.88657391140412,21.26933331152759,11.579669956412697,24825.30654133105,24847.446600098396,47.860711152013224
2025-07-30 09:30:00+00:00,24844.55078125,24867.25,24840.75,24853.75,0.0,53.418413179995916,19.82543983100186,13.22882393133053,24827.13932608524,24847.33303857493,46.33494606972657
2025-07-31 04:00:00+00:00,24694.099609375,24719.25,24684.650390625,24708.400390625,0.0,35.989280388745996,6.466450432228157,11.876349231510057,24814.46887687474,24841.32388448866,54.446763537960386
2025-07-31 04:30:00+00:00,24678.400390625,24693.75,24653.599609375,24692.75,0.0,34.716402732528735,-5.326045326717576,8.43587031986453,24801.509973422384,24834.934727866555,53.450566142391786
2025-07-31 05:00:00+00:00,24713.400390625,24728.69921875,24662.599609375,24677.30078125,0.0,39.82611275882626,-11.712461715334939,4.406203912824637,24793.118584584536,24830.16867542571,54.35406923043523
2025-07-31 05:30:00+00:00,24781.94921875,24805.25,24713.19921875,24713.19921875,0.0,48.35238377833789,-11.114306366354867,1.3021018569887364,24792.054835457435,24828.277716340388,57.046691517546996
2025-07-31 06:00:00+00:00,24798.650390625,24821.80078125,24780.30078125,24782.19921875,0.0,50.2036964143733,-9.18672015856282,-0.7956625461215752,24792.682983568633,24827.11586042998,55.93621355200793
2025-07-31 06:30:00+00:00,24826.44921875,24849.75,24755.599609375,24798.55078125,0.0,53.21009054483628,-5.354240741820831,-1.7073781852614265,24795.89881549067,24827.089717619,58.665797628650225
2025-07-31 07:00:00+00:00,24897.150390625,24906.05078125,24827.650390625,24827.900390625,0.0,59.84943600263824,3.3494105831705383,-0.6960204315750337,24805.54182264632,24829.837194991786,60.16120940517521
2025-07-31 07:30:00+00:00,24926.94921875,24927.94921875,24886.19921875,24897.650390625,0.0,62.278922069612264,12.5074551972466,1.944674694189293,24817.104431799053,24833.64550964897,58.84612301909126
2025-07-31 08:00:00+00:00,24907.69921875,24955.80078125,24901.30078125,24926.30078125,0.0,59.763143421241324,18.00441373878857,5.156622503109149,24825.73250674676,24836.54957667254,58.53568566058474
2025-07-31 08:30:00+00:00,24867.150390625,24952.69921875,24863.400390625,24907.349609375,0.0,54.74642885485758,18.871304782860534,7.8995589590594255,24829.677067116118,24837.749608592247,60.733052979471545
2025-07-31 09:00:00+00:00,24851.44921875,24893.349609375,24835.099609375,24862.75,0.0,52.89486820495754,18.082920183111128,9.936231203869767,24831.750605366964,24838.286848206277,60.55569205236644
2025-07-31 09:30:00+00:00,24765.599609375,24851.900390625,24747.55078125,24851.900390625,0.0,44.11042349398036,10.41076488919498,10.03113794093481,24825.450510510585,24835.43636825211,63.68382900398312
2025-08-01 04:00:00+00:00,24696.900390625,24738.69921875,24672.30078125,24685.5,0.0,38.58776089360011,-1.199103744376771,7.785089603872494,24813.207641950055,24830.003584815757,65.79918608405576
2025-08-01 04:30:00+00:00,24764.44921875,24777.55078125,24684.650390625,24696.55078125,0.0,45.77639495520869,-4.892979162475967,5.249475850602803,24808.56398259767,24827.432825362197,67.73498640840891
2025-08-01 05:00:00+00:00,24743.400390625,24784.099609375,24735.30078125,24764.69921875,0.0,44.046201397382596,-9.410389449738432,2.3175027905345558,24802.35792621932,24824.13743576466,66.38240367387971
2025-08-01 05:30:00+00:00,24692.69921875,24771.349609375,24670.25,24743.44921875,0.0,40.113273647162416,-16.886968035771133,-1.5233913747265824,24791.914239793674,24818.98299588173,68.86220408110259
2025-08-01 06:00:00+00:00,24659.400390625,24694.5,24644.650390625,24692.650390625,0.0,37.73043334472775,-25.208558994505438,-6.260424898682354,24779.29387320618,24812.724854499116,67.50416160209527
2025-08-01 06:30:00+00:00,24664.75,24675.94921875,24646.150390625,24659.099609375,0.0,38.36389426462996,-31.014297499274107,-11.211199418800705,24768.38493290083,24806.921919028566,64.81092349658846
2025-08-01 07:00:00+00:00,24644.80078125,24697.69921875,24611.150390625,24665.30078125,0.0,36.858100687173724,-36.8009044047285,-16.329140415986267,24756.61501369599,24800.564227350977,66.36363097004643
2025-08-01 07:30:00+00:00,24683.75,24684.75,24634.5,24645.69921875,0.0,41.67179910513983,-37.80812707247969,-20.624937747284953,24749.675488582085,24795.98327725878,65.21265732932883
2025-08-01 08:00:00+00:00,24643.849609375,24692.650390625,24615.599609375,24684.19921875,0.0,38.43887860089379,-41.34933693812491,-24.769817585452948,24739.596833419506,24790.01725106726,66.05823760937677
2025-08-01 08:30:00+00:00,24628.44921875,24663.94921875,24618.44921875,24644.55078125,0.0,37.23805547766904,-44.88109278655975,-28.792072625674308,24729.011346308125,24783.681249799916,64.58979206584986
2025-08-01 09:00:00+00:00,24613.80078125,24652.099609375,24605.55078125,24628.30078125,0.0,36.08338038296342,-48.30520884688303,-32.69469986991606,24718.038911540687,24777.019270641096,63.301151784360584
2025-08-01 09:30:00+00:00,24572.150390625,24617.69921875,24535.349609375,24610.75,0.0,32.95442742340995,-53.759972432930226,-36.90775438251889,24704.144766691574,24768.98519691498,64.66175589797768
2025-08-04 04:00:00+00:00,24608.099609375,24669.75,24555.349609375,24659.650390625,0.0,37.955361580646674,-54.553254402813764,-40.43685438657786,24694.9976088519,24762.67595818792,68.21451552133642
2025-08-04 04:30:00+00:00,24618.5,24652.30078125,24597.0,24607.75,0.0,39.364497519098634,-53.72342131622645,-43.09416777250758,24687.71212229458,24757.021999043296,67.29210593052667
2025-08-04 05:00:00+00:00,24625.25,24656.0,24603.55078125,24618.5,0.0,40.31198734971013,-51.92257292854265,-44.8598488037146,24681.763348742716,24751.85446966905,66.2318997033462
2025-08-04 05:30:00+00:00,24666.44921875,24682.19921875,24622.150390625,24625.55078125,0.0,45.87157821128004,-46.633394229604164,-45.214557888892514,24680.30486017198,24748.505244142812,65.79025173346433
2025-08-04 06:00:00+00:00,24679.44921875,24684.400390625,24632.55078125,24666.75,0.0,47.53226260552977,-40.920979075395735,-44.35584212619316,24680.223370512744,24745.797164715645,64.79449156500259
2025-08-04 06:30:00+00:00,24694.599609375,24696.599609375,24659.55078125,24679.0,0.0,49.477668750746176,-34.77052602351978,-42.43877890565849,24681.592536118675,24743.789417447384,62.81265846214526
2025-08-04 07:00:00+00:00,24705.69921875,24720.80078125,24686.75,24694.94921875,0.0,50.91364507162625,-28.67011076466224,-39.68504527745924,24683.88841065499,24742.295684165136,60.75823866127774
2025-08-04 07:30:00+00:00,24668.80078125,24722.0,24644.099609375,24705.650390625,0.0,46.21147147652086,-26.507323330919462,-37.049500888151286,24682.4514935688,24739.41353110964,61.9826780872579
2025-08-04 08:00:00+00:00,24718.650390625,24734.30078125,24667.30078125,24671.05078125,0.0,52.58291433610284,-20.534146977348428,-33.74643010599072,24685.89900757415,24738.59929030632,62.341058223882335
2025-08-04 08:30:00+00:00,24721.80078125,24726.5,24682.19921875,24718.30078125,0.0,52.96212726180223,-15.368987368685339,-30.070941558529647,24689.318224114708,24737.940525245285,61.05246701146217
2025-08-04 09:00:00+00:00,24725.75,24734.349609375,24689.099609375,24721.80078125,0.0,53.464543560092125,-10.832027349144482,-26.223158716652613,24692.787917056165,24737.462465431745,59.9237193677863
2025-08-04 09:30:00+00:00,24726.900390625,24735.80078125,24701.69921875,24726.349609375,0.0,53.61994895660492,-7.062218083417974,-22.390970590005686,24696.03672406272,24737.048266419715,58.07927959151585
2025-08-05 04:00:00+00:00,24605.099609375,24684.05078125,24599.400390625,24673.0,0.0,38.83315016301561,-13.744484335813468,-20.661673339167244,24687.376046473415,24731.873809280707,63.03790247783615
2025-08-05 04:30:00+00:00,24625.19921875,24644.69921875,24593.19921875,24605.099609375,0.0,41.690787865638534,-17.219858180735173,-19.97331030748083,24681.454443833092,24727.690492004993,62.21376658656214
2025-08-05 05:00:00+00:00,24619.94921875,24633.400390625,24596.849609375,24625.80078125,0.0,41.150011892668836,-20.165295145492564,-20.01170727508318,24675.596803348988,24723.46534403421,60.38069620537913
2025-08-05 05:30:00+00:00,24638.05078125,24646.599609375,24604.150390625,24620.19921875,0.0,43.854194682505195,-20.799170458103617,-20.16919991168727,24672.020991720514,24720.11575333679,59.09987638713777
2025-08-05 06:00:00+00:00,24625.150390625,24638.30078125,24615.69921875,24637.099609375,0.0,42.36029936522686,-22.087859821735037,-20.552931893696822,24667.557124949515,24716.391621465744,56.492853966627926
2025-08-05 06:30:00+00:00,24655.849609375,24668.69921875,24619.30078125,24624.69921875,0.0,46.98826563169069,-20.396862701254577,-20.521718055208375,24666.44212346623,24714.017424913167,55.986109933297364
2025-08-05 07:00:00+00:00,24638.5,24657.80078125,24620.94921875,24657.099609375,0.0,44.799070217563546,-20.223578950721276,-20.462090234310956,24663.7809688504,24711.055957269517,54.619356545204695
2025-08-05 07:30:00+00:00,24604.650390625,24642.349609375,24594.30078125,24639.099609375,0.0,40.80465281581152,-22.557600931639172,-20.881192373776603,24658.149485209884,24706.883189950124,54.15003308661864
2025-08-05 08:00:00+00:00,24623.650390625,24628.25,24593.5,24605.0,0.0,43.831972205468695,-22.61351443883541,-21.227656786788366,24654.86385715418,24703.61915860404,52.76431643757445
2025-08-05 08:30:00+00:00,24621.25,24629.05078125,24592.349609375,24624.900390625,0.0,43.52909726946165,-22.591101601861737,-21.50034574980304,24651.66253742521,24700.388995521527,51.61694896881914
2025-08-05 09:00:00+00:00,24611.099609375,24631.849609375,24592.650390625,24622.349609375,0.0,42.20114615743106,-23.125811006208096,-21.82543880108405,24647.79940142043,24696.887450966762,50.72996823890349
2025-08-05 09:30:00+00:00,24648.849609375,24671.150390625,24597.900390625,24611.5,0.0,48.494406597301804,-20.269804858544376,-21.514312012576116,24647.899421225626,24695.003614041598,52.33854193612467
2025-08-06 04:00:00+00:00,24620.099609375,24659.44921875,24606.349609375,24650.55078125,0.0,44.5187823370439,-20.09464557067986,-21.230378724196864,24645.251820096993,24692.066202093887,52.39290389604434
2025-08-06 04:30:00+00:00,24602.5,24649.44921875,24579.80078125,24619.94921875,0.0,42.23609064099153,-21.132371143481578,-21.210777208053806,24641.18021818299,24688.553802011775,53.625442010612595
2025-08-06 05:00:00+00:00,24556.44921875,24610.5,24544.55078125,24602.69921875,0.0,36.90401547981401,-25.378145852733724,-22.04425093698979,24633.110599189375,24683.373230119156,54.50571177771169
2025-08-06 05:30:00+00:00,24569.400390625,24570.599609375,24548.19921875,24556.69921875,0.0,39.2276886909494,-27.382255964221258,-23.111851942436086,24627.04296027848,24678.90370700174,52.212474552517996
2025-08-06 06:00:00+00:00,24580.349609375,24590.599609375,24553.55078125,24568.75,0.0,41.199270458029645,-27.76693725140649,-24.04286900423017,24622.595974478147,24675.038840428144,51.12935695055243
2025-08-06 06:30:00+00:00,24616.5,24633.599609375,24577.30078125,24580.25,0.0,47.2805435739792,-24.86810154619525,-24.207915512623185,24622.01540548023,24672.743199627042,51.4986048915844
2025-08-06 07:00:00+00:00,24608.0,24623.30078125,24583.25,24615.599609375,0.0,46.073958535538694,-22.991599480334116,-23.964652306165373,24620.680604958303,24670.20425062206,50.6809032028998
2025-08-06 07:30:00+00:00,24620.25,24622.25,24604.400390625,24609.0,0.0,48.128460036102645,-20.282185047191888,-23.228158854370676,24620.639594962275,24668.24526040159,48.335810786621245
2025-08-06 08:00:00+00:00,24598.099609375,24628.80078125,24584.5,24620.44921875,0.0,44.80447330121594,-19.69527116741301,-22.521581316979145,24618.49292966825,24665.49445055741,48.0475943911483
2025-08-06 08:30:00+00:00,24574.349609375,24601.25,24574.099609375,24598.25,0.0,41.49527444647117,-20.905577715533582,-22.198380596690033,24614.288803926036,24661.920143060062,46.55493697928057
2025-08-06 09:00:00+00:00,24567.05078125,24585.599609375,24539.849609375,24574.5,0.0,40.505158553257104,-22.197826084109693,-22.198269694173966,24609.789944623557,24658.199775930258,46.49744148076053
2025-08-06 09:30:00+00:00,24569.599609375,24585.75,24556.349609375,24570.349609375,0.0,41.03428450222664,-22.75397938759488,-22.30941163285815,24605.962293647503,24654.72525959476,45.276223562491914
2025-08-07 04:00:00+00:00,24481.349609375,24542.69921875,24479.099609375,24526.25,0.0,30.81534850037967,-29.970293464259157,-23.841587999138355,24594.094418954886,24647.926214488103,48.506493308028205
2025-08-07 04:30:00+00:00,24450.69921875,24487.849609375,24450.55078125,24481.099609375,0.0,28.189596767289018,-37.72760438939804,-26.61879127719029,24580.437733221086,24640.191822498375,47.70594579495476
2025-08-07 05:00:00+00:00,24426.05078125,24450.44921875,24413.599609375,24450.30078125,0.0,26.252317258898643,-45.341582557077345,-30.3633495331677,24565.734213985743,24631.794134606283,46.94835033638656
2025-08-07 05:30:00+00:00,24424.150390625,24433.80078125,24388.55078125,24426.80078125,0.0,26.10336807191014,-50.94183498837083,-34.47904662420832,24552.25004033234,24623.65124268545,46.827039598073235
2025-08-07 06:00:00+00:00,24426.44921875,24448.19921875,24412.5,24424.44921875,0.0,26.645550280616888,-54.56558111700724,-38.4963535227681,24540.26900970545,24615.9178299821,46.03219525178229
2025-08-07 06:30:00+00:00,24436.80078125,24452.5,24421.150390625,24426.80078125,0.0,29.165823123020502,-55.9571028005048,-41.98850337831544,24530.414892709698,24608.893631992607,44.98343911772641
2025-08-07 07:00:00+00:00,24435.5,24447.349609375,24417.849609375,24437.900390625,0.0,29.030844866524333,-56.51340458614504,-44.893483619881366,24521.375379118297,24602.093881718385,43.87747918074596
2025-08-07 07:30:00+00:00,24358.0,24436.44921875,24355.94921875,24435.80078125,0.0,22.38407259154745,-62.48756234314351,-48.412299364533794,24505.815819202267,24592.52157263139,46.49337352497839
2025-08-07 08:00:00+00:00,24388.25,24395.5,24344.5,24357.849609375,0.0,29.198107452656956,-64.04295588673995,-51.53843066897503,24494.619074516337,24584.51092272428,46.81527541605136
2025-08-07 08:30:00+00:00,24469.650390625,24513.69921875,24388.400390625,24388.400390625,0.0,43.5577495314125,-58.03825635238536,-52.8383958056571,24492.241104621924,24580.00658813215,52.43198565419055
2025-08-07 09:00:00+00:00,24537.099609375,24542.599609375,24465.69921875,24469.349609375,0.0,52.20733196931756,-47.29175059068439,-51.72906676266256,24496.513343169838,24578.323961514223,54.17972886639122
2025-08-07 09:30:00+00:00,24626.650390625,24633.80078125,24537.150390625,24537.150390625,0.0,60.797176549592336,-31.18953417521334,-47.62116024517272,24508.907347689375,24580.219115597,57.21697479557756
2025-08-08 04:00:00+00:00,24476.849609375,24532.94921875,24476.55078125,24515.5,0.0,45.92686120872555,-30.168321138302417,-44.13059242379866,24505.854229754674,24576.165409470646,63.85144869410774
2025-08-08 04:30:00+00:00,24467.150390625,24481.25,24437.55078125,24477.19921875,0.0,45.15672670671992,-29.798153774474486,-41.264104693933824,24502.168149837562,24571.890310692386,62.41200369810004
2025-08-08 05:00:00+00:00,24421.849609375,24468.599609375,24409.0,24467.599609375,0.0,41.64428708454816,-32.78229404470039,-39.56774256408714,24494.518765031604,24566.00636162112,62.211118389307174
2025-08-08 05:30:00+00:00,24432.599609375,24452.75,24418.80078125,24422.69921875,0.0,42.78167602814091,-33.88915842684946,-38.4320257366396,24488.621702588116,24560.774724278137,60.1924112722138
2025-08-08 06:00:00+00:00,24433.75,24446.44921875,24416.30078125,24432.80078125,0.0,42.90991141695668,-34.27838957751737,-37.60129850481516,24483.39582615115,24555.79336254174,58.046413145627106
2025-08-08 06:30:00+00:00,24434.55078125,24436.099609375,24403.05078125,24433.849609375,0.0,43.00566558607351,-34.12882585421903,-36.90680397469594,24478.743917112948,24551.03875151069,56.26087135843945
2025-08-08 07:00:00+00:00,24458.69921875,24481.349609375,24424.349609375,24436.30078125,0.0,45.94977730501801,-31.696342727940646,-35.86471172534488,24476.834898221237,24547.41759336321,56.31366626140806
2025-08-08 07:30:00+00:00,24425.05078125,24464.400390625,24417.849609375,24459.849609375,0.0,42.64422964580202,-32.113545062300545,-35.11447839273602,24471.903077557312,24542.61889484897,55.61631733202177
2025-08-08 08:00:00+00:00,24423.650390625,24463.5,24418.0,24425.599609375,0.0,42.50717579597697,-32.18615873523595,-34.52881446123601,24467.307583563757,24537.953463310776,54.893723236877356
2025-08-08 08:30:00+00:00,24400.69921875,24449.44921875,24388.25,24424.75,0.0,40.22540635293133,-33.70711867146747,-34.364475303282305,24460.96392977197,24532.570943916235,55.344115773528976
2025-08-08 09:00:00+00:00,24406.44921875,24424.900390625,24383.25,24401.5,0.0,41.07876000116226,-34.05593778194452,-34.302767799014745,24455.772052531785,24527.624993909718,54.36599254863405
2025-08-08 09:30:00+00:00,24349.19921875,24407.349609375,24337.94921875,24407.150390625,0.0,35.62539643179278,-38.50807881970104,-35.143830003152004,24445.622258838284,24520.627904687768,55.43987812551733
