Price,Close,High,Low,Open,Volume,rsi,macd,macd_signal,ema_20,ema_50,atr
2025-05-19 07:50:00+00:00,25002.5,25006.099609375,24981.849609375,24982.349609375,0.0,49.07835824595808,-6.35508141425089,-5.793217585492068,25001.62742892589,25010.885446865588,17.059718769586702
2025-05-19 07:55:00+00:00,24996.44921875,25003.650390625,24988.80078125,25002.44921875,0.0,46.483550517819445,-5.989207056820305,-5.8324154797577155,25001.134266051995,25010.31932027282,16.90185381283051
2025-05-19 08:00:00+00:00,24989.75,25004.0,24984.05078125,24996.0,0.0,43.727022254012965,-6.168710898640711,-5.899674563534314,25000.050050237518,25009.512680262123,17.119522736914043
2025-05-19 08:05:00+00:00,24991.44921875,24993.0,24981.599609375,24991.099609375,0.0,44.6240261912166,-6.1034988983738,-5.940439430502212,24999.230923429182,25008.804309222432,16.711013300348753
2025-05-19 08:10:00+00:00,24981.5,24992.94921875,24978.25,24990.849609375,0.0,40.54841533808914,-6.776521204170422,-6.107655785235854,24997.542264054977,25007.733551998026,16.567313689609556
2025-05-19 08:15:00+00:00,24974.75,24985.44921875,24972.0,24982.599609375,0.0,38.01186977642543,-7.765054108094773,-6.4391354498076385,24995.371572240216,25006.440079370655,16.344592622494588
2025-05-19 08:20:00+00:00,24983.400390625,24984.80078125,24970.44921875,24977.650390625,0.0,42.93827683207104,-7.760995403383276,-6.703507440522767,24994.231459705432,25005.536562164947,16.20223332803069
2025-05-19 08:25:00+00:00,24975.0,24984.69921875,24972.55078125,24982.75,0.0,39.64338660454867,-8.339487745521183,-7.03070350152245,24992.399892114438,25004.339049923183,15.912676483171355
2025-05-19 08:30:00+00:00,24949.5,24977.900390625,24944.19921875,24974.44921875,0.0,31.693046484470457,-10.731873623310094,-7.7709375258799795,24988.31418810354,25002.1884989458,17.1832832968734
2025-05-19 08:35:00+00:00,24940.5,24954.099609375,24934.900390625,24952.44921875,0.0,29.448324484960267,-13.2018981871297,-8.857129658129924,24983.760455903204,24999.7693421244,17.327278686382446
2025-05-19 08:40:00+00:00,24940.349609375,24942.25,24919.30078125,24942.25,0.0,29.41083850058739,-14.998650608216849,-10.08543384814731,24979.626089567188,24997.439156526383,17.7288458337837
2025-05-19 08:45:00+00:00,24958.69921875,24960.19921875,24935.75,24940.19921875,0.0,39.52589917567648,-14.771651322938851,-11.02267734310562,24977.633054251266,24995.919943280252,18.208872470656296
2025-05-19 08:50:00+00:00,24947.0,24960.55078125,24944.599609375,24958.75,0.0,35.98534784235149,-15.35873598463877,-11.88988907141225,24974.715620513052,24994.001514132007,18.04760814239513
2025-05-19 08:55:00+00:00,24938.849609375,24951.69921875,24935.099609375,24950.19921875,0.0,33.71927624729831,-16.293847880730027,-12.770680833275808,24971.299809928478,24991.838694337614,17.944179659009766
2025-05-19 09:00:00+00:00,24943.30078125,24946.55078125,24932.55078125,24938.5,0.0,36.08640453469134,-16.485721292134258,-13.5136889250475,24968.633235768622,24989.93524676555,17.66245254050907
2025-05-19 09:05:00+00:00,24942.5,24948.19921875,24938.650390625,24945.19921875,0.0,35.83842962567273,-16.51205798149749,-14.113362736337498,24966.14435617161,24988.07504101004,17.082907939401277
2025-05-19 09:10:00+00:00,24940.19921875,24949.650390625,24938.55078125,24942.150390625,0.0,35.09228689094954,-16.528058644315024,-14.596301917933003,24963.673390702887,24986.19755778416,16.65552947051547
2025-05-19 09:15:00+00:00,24929.849609375,24942.80078125,24916.650390625,24941.30078125,0.0,31.87724231084988,-17.17785069616002,-15.112611673578407,24960.45207819547,24983.987834317133,17.33373383869294
2025-05-19 09:20:00+00:00,24922.150390625,24937.349609375,24919.0,24931.55078125,0.0,29.69751193024679,-18.105370743087406,-15.711163487480206,24956.804298426854,24981.562836525285,17.406296377000587
2025-05-19 09:25:00+00:00,24926.44921875,24931.69921875,24921.400390625,24923.19921875,0.0,32.47391005588028,-18.282804767110065,-16.225491743406177,24953.913338457627,24979.401518181156,16.89862007328626
2025-05-19 09:30:00+00:00,24948.650390625,24958.5,24926.19921875,24926.94921875,0.0,44.63464073507228,-16.442435322776873,-16.268880459280318,24953.41210533071,24978.195591610325,17.998774443051527
2025-05-19 09:35:00+00:00,24945.25,24956.150390625,24936.25,24947.900390625,0.0,43.34702879215531,-15.08442848237246,-16.031990063898746,24952.63476196588,24976.90360762561,18.13460417033356
2025-05-19 09:40:00+00:00,24945.650390625,24949.5,24942.5,24945.650390625,0.0,43.55351432759794,-13.816620697354665,-15.58891619058993,24951.969583742943,24975.677991272645,17.33927530102402
2025-05-19 09:45:00+00:00,24945.400390625,24946.849609375,24940.30078125,24945.349609375,0.0,43.447034369399624,-12.685812652714958,-15.008295483014937,24951.34394630314,24974.490634384503,16.568529074165163
2025-05-19 09:50:00+00:00,24945.25,24947.94921875,24939.75,24944.849609375,0.0,43.37833022468782,-11.66728124135625,-14.3400926346832,24950.763570464744,24973.343942840016,15.97072119386765
2025-05-19 09:55:00+00:00,24935.349609375,24951.650390625,24927.44921875,24944.80078125,0.0,39.005479333407365,-11.526100826569746,-13.77729427306051,24949.29557417048,24971.853968978645,16.558610528234247
2025-05-20 03:45:00+00:00,24976.150390625,25007.650390625,24968.25,25000.94921875,0.0,57.859151347383374,-8.029374637473666,-12.627710345943143,24951.853175737575,24972.02245610203,20.540194151217516
2025-05-20 03:50:00+00:00,24960.0,24985.05078125,24936.19921875,24975.599609375,0.0,51.122878641345544,-6.486621751286293,-11.399492627011774,24952.629063762564,24971.550987235285,22.56243474755912
2025-05-20 03:55:00+00:00,24935.650390625,24971.5,24934.44921875,24960.599609375,0.0,42.99528339017576,-7.1464095911542245,-10.548876019840266,24951.012047273274,24970.14312070155,23.59731664059061
2025-05-20 04:00:00+00:00,24935.55078125,24956.900390625,24917.349609375,24935.400390625,0.0,42.96519101867887,-7.589842867790139,-9.957069389430242,24949.539545747248,24968.786558370117,24.736849826976993
2025-05-20 04:05:00+00:00,24956.44921875,24961.69921875,24932.25,24935.099609375,0.0,50.75297480341009,-6.18365634244401,-9.202386780032995,24950.197609842748,24968.302741130112,25.07344760719292
2025-05-20 04:10:00+00:00,24915.75,24956.94921875,24914.0,24956.349609375,0.0,39.454347182922234,-8.258135559422954,-9.013536535910987,24946.91688509582,24966.24184932109,26.350288403107715
2025-05-20 04:15:00+00:00,24898.05078125,24916.150390625,24887.94921875,24916.150390625,0.0,35.729225200775744,-11.201233472333115,-9.451075923195413,24942.262970443837,24963.56768978889,26.482494365385737
2025-05-20 04:20:00+00:00,24873.69921875,24906.05078125,24864.05078125,24898.30078125,0.0,31.344304944316363,-15.32200481752443,-10.625261702061216,24935.73308933014,24960.04343602266,27.59088762500104
2025-05-20 04:25:00+00:00,24894.05078125,24897.44921875,24867.25,24873.5,0.0,38.173483779464206,-16.752433166973788,-11.850695995043731,24931.76334570346,24957.455488776675,27.777196991072397
2025-05-20 04:30:00+00:00,24892.5,24895.44921875,24874.30078125,24893.650390625,0.0,37.86441111849718,-17.80593726506777,-13.04174424904854,24928.02397944599,24954.908214707,27.303714170281513
2025-05-20 04:35:00+00:00,24897.0,24909.849609375,24886.099609375,24891.900390625,0.0,39.39773640144079,-18.06944119075706,-14.047283637390246,24925.069314736844,24952.637304326337,27.049877443832834
2025-05-20 04:40:00+00:00,24899.400390625,24902.19921875,24888.599609375,24897.0,0.0,40.24481472212651,-17.87848642523386,-14.813524194958969,24922.62465529762,24950.549582220403,26.089144010344775
2025-05-20 04:45:00+00:00,24892.44921875,24902.599609375,24879.0,24899.5,0.0,38.56378585293024,-18.07964399297998,-15.466748154563172,24919.750804197847,24948.271136594114,25.91132010782015
2025-05-20 04:50:00+00:00,24890.900390625,24896.80078125,24889.599609375,24892.80078125,0.0,38.181098995914205,-18.154763487731543,-16.004351221196846,24917.003145762337,24946.021303418856,24.574880948332996
2025-05-20 04:55:00+00:00,24889.099609375,24902.5,24884.5,24890.849609375,0.0,37.7125103683613,-18.150377966667293,-16.433556570290936,24914.3456661064,24943.789080123017,24.10524659488064
2025-05-20 05:00:00+00:00,24895.30078125,24899.5,24887.400390625,24888.55078125,0.0,40.42402510530547,-17.445419725474494,-16.63592920132765,24912.53186754865,24941.887578206428,23.24770107917488
2025-05-20 05:05:00+00:00,24929.0,24932.0,24893.75,24894.150390625,0.0,52.52026020111544,-14.0060370467545,-16.109950770413022,24914.100261115444,24941.38218298265,24.31929385923382
2025-05-20 05:10:00+00:00,24927.0,24935.150390625,24922.900390625,24928.849609375,0.0,51.84743663130612,-11.311295209616219,-15.150219658253661,24915.328807675876,24940.81817580686,23.457201440717117
2025-05-20 05:15:00+00:00,24947.400390625,24967.25,24926.650390625,24927.25,0.0,57.78770976652534,-7.443745000069612,-13.608924726616852,24918.38324414722,24941.076301878158,24.68165915030875
2025-05-20 05:20:00+00:00,24927.94921875,24951.349609375,24927.80078125,24947.099609375,0.0,51.29064581228785,-5.88044450113739,-12.063228681520961,24919.294289347483,24940.561514304507,24.600742648500983
2025-05-20 05:25:00+00:00,24930.849609375,24932.650390625,24917.150390625,24928.25,0.0,52.15445646613692,-4.357252613073797,-10.522033467831529,24920.39479601677,24940.180655287662,23.950689602179484
2025-05-20 05:30:00+00:00,24930.5,24946.55078125,24920.30078125,24932.0,0.0,52.03466931282598,-3.1421024217052036,-9.046047258606263,24921.357196396126,24939.80102174697,24.114926059166663
2025-05-20 05:35:00+00:00,24926.349609375,24935.900390625,24925.150390625,24930.94921875,0.0,50.55032929463282,-2.485339530499914,-7.733905712984994,24921.832664298876,24939.273515379442,23.160288483511902
2025-05-20 05:40:00+00:00,24920.75,24927.849609375,24905.94921875,24927.349609375,0.0,48.53854775949807,-2.3891512378941115,-6.664954817966818,24921.72955341327,24938.54710301162,23.07029577933248
2025-05-20 05:45:00+00:00,24902.55078125,24921.05078125,24895.19921875,24921.05078125,0.0,42.60400873183718,-3.738352775166277,-6.07963440940671,24919.903003683437,24937.13548255038,23.268957687951588
2025-05-20 05:50:00+00:00,24892.55078125,24902.400390625,24888.599609375,24900.900390625,0.0,39.7296134600101,-5.550537993542093,-5.973815126233787,24917.29803011835,24935.387062891543,22.603401558455044
2025-05-20 05:55:00+00:00,24890.55078125,24905.349609375,24889.69921875,24893.150390625,0.0,39.160551567388225,-7.066631392626732,-6.192378379512376,24914.75067308327,24933.628777336973,22.10675792035111
2025-05-20 06:00:00+00:00,24894.650390625,24895.69921875,24876.69921875,24890.80078125,0.0,41.02524930208144,-7.846888078314805,-6.523280319272862,24912.836360468194,24932.10021315219,21.88484664032603
2025-05-20 06:05:00+00:00,24881.94921875,24901.150390625,24881.099609375,24894.650390625,0.0,37.219185702265925,-9.38197596649843,-7.095019448717976,24909.894727923605,24930.133507489358,21.753841969588457
2025-05-20 06:10:00+00:00,24870.30078125,24882.900390625,24865.05078125,24882.150390625,0.0,34.095084147085785,-11.406983132834284,-7.957412185541238,24906.123875859455,24927.787126068208,21.47496821283214
2025-05-20 06:15:00+00:00,24870.150390625,24879.75,24863.75,24870.30078125,0.0,34.05533926062286,-12.8755300721823,-8.94103576286945,24902.69782964665,24925.52686193318,21.083899054772704
2025-05-20 06:20:00+00:00,24858.30078125,24881.75,24846.5,24870.94921875,0.0,30.98999694398219,-14.824639332953666,-10.117756476886294,24898.46953932316,24922.890545043643,22.095763408003226
2025-05-20 06:25:00+00:00,24862.5,24862.75,24844.80078125,24859.44921875,0.0,33.28185073591213,-15.847797066235216,-11.26376459475608,24895.043868911427,24920.522288375265,21.799581646717282
2025-05-20 06:30:00+00:00,24868.94921875,24876.44921875,24859.400390625,24862.599609375,0.0,36.755765015833546,-15.954347104372573,-12.20188109667938,24892.55866413415,24918.499815056628,21.460242109451762
2025-05-20 06:35:00+00:00,24885.099609375,24887.900390625,24865.5,24869.099609375,0.0,44.543138456477024,-14.5676603082793,-12.675036938999366,24891.848277966612,24917.19000306911,21.527395574848065
2025-05-20 06:40:00+00:00,24859.19921875,24887.30078125,24856.349609375,24886.25,0.0,36.73187742659948,-15.381339588449919,-13.216297468889477,24888.738843755506,24914.91585466444,22.200522453430345
2025-05-20 06:45:00+00:00,24860.099609375,24867.75,24855.19921875,24862.0,0.0,37.14453773243637,-15.771725645983679,-13.727383104308318,24886.01129762403,24912.766197986424,21.511255224613894
2025-05-20 06:50:00+00:00,24858.349609375,24865.94921875,24854.150390625,24860.69921875,0.0,36.64426647840947,-16.0374500426733,-14.189396491981316,24883.37685112412,24910.63221411931,20.81751043178433
2025-05-20 06:55:00+00:00,24862.349609375,24866.150390625,24852.05078125,24858.849609375,0.0,38.677272567643826,-15.743787390016223,-14.500274671588297,24881.374256671825,24908.738778639137,20.33766035629974
2025-05-20 07:00:00+00:00,24866.349609375,24876.19921875,24858.80078125,24862.650390625,0.0,40.725623818351664,-15.015205113555567,-14.603260759981751,24879.94333788165,24907.07645827584,20.127715866564046
2025-05-20 07:05:00+00:00,24864.400390625,24870.94921875,24861.69921875,24866.400390625,0.0,40.024024756479406,-14.428758328704134,-14.568360273726228,24878.46305719054,24905.402886995413,19.35073616180947
2025-05-20 07:10:00+00:00,24859.599609375,24870.349609375,24849.900390625,24863.25,0.0,38.275090435429036,-14.187829484977556,-14.492254115976493,24876.666538350964,24903.606680029905,19.42919920382308
2025-05-20 07:15:00+00:00,24832.05078125,24865.05078125,24826.349609375,24860.650390625,0.0,30.136909353692232,-16.035010218696698,-14.800805336520536,24872.417418627065,24900.800566352264,20.80576868033572
2025-05-20 07:20:00+00:00,24809.900390625,24838.150390625,24801.75,24829.75,0.0,25.451136363112383,-19.06647915999565,-15.65394010121556,24866.463415960203,24897.235853578644,21.91967024781174
2025-05-20 07:25:00+00:00,24792.5,24815.900390625,24781.400390625,24810.099609375,0.0,22.492554405958373,-22.612345199078845,-17.04562112078822,24859.41928110685,24893.12856520301,22.818265230110903
2025-05-20 07:30:00+00:00,24792.94921875,24807.849609375,24788.599609375,24792.25,0.0,22.74224493605979,-25.09691971461507,-18.65588083955359,24853.088798977627,24889.199963381325,22.563389142245835
2025-05-20 07:35:00+00:00,24788.19921875,24814.650390625,24787.19921875,24793.599609375,0.0,21.93748579611662,-27.136436275621236,-20.35199192676712,24846.908838955947,24885.23914986637,22.912516480299704
2025-05-20 07:40:00+00:00,24790.69921875,24806.150390625,24784.05078125,24788.5,0.0,23.47239187911306,-28.225670774689206,-21.926727696351538,24841.555541793477,24881.531701587297,22.85445168706401
2025-05-20 07:45:00+00:00,24766.650390625,24793.25,24765.849609375,24790.44921875,0.0,19.500300966563387,-30.675824597041355,-23.676547076489502,24834.42171787267,24877.0265521378,23.179161611202293
2025-05-20 07:50:00+00:00,24776.0,24786.349609375,24766.75,24766.75,0.0,24.82642491387071,-31.50004095105396,-25.241245851402397,24828.857744741937,24873.064726563767,22.930594263973557
2025-05-20 07:55:00+00:00,24781.0,24789.400390625,24772.599609375,24776.25,0.0,27.58574633506045,-31.387959280255018,-26.470588537172922,24824.299864290322,24869.454345129892,22.492750477261158
2025-05-20 08:00:00+00:00,24781.30078125,24795.099609375,24775.55078125,24781.05078125,0.0,27.75753522817243,-30.918454517886858,-27.36016173331571,24820.204713524578,24865.9973426248,22.282470309242505
2025-05-20 08:05:00+00:00,24772.44921875,24781.94921875,24766.849609375,24781.25,0.0,25.816546422289647,-30.904369396172115,-28.06900326588699,24815.656571165095,24862.328788747356,21.769408813939467
2025-05-20 08:10:00+00:00,24762.19921875,24777.150390625,24750.900390625,24772.30078125,0.0,23.745841112484356,-31.358811316240462,-28.726964875957687,24810.565394744608,24858.40213894354,22.08945104151522
2025-05-20 08:15:00+00:00,24776.19921875,24783.0,24753.849609375,24761.80078125,0.0,31.792923394233995,-30.240681067672995,-29.029708114300753,24807.292425602263,24855.17849501438,22.593803868906985
2025-05-20 08:20:00+00:00,24775.44921875,24784.55078125,24771.900390625,24776.05078125,0.0,31.60053130857571,-29.07985900890708,-29.03973829322202,24804.259739235382,24852.051856729504,21.883560065770773
2025-05-20 08:25:00+00:00,24767.94921875,24778.150390625,24767.099609375,24775.05078125,0.0,29.667151110511682,-28.43727923057304,-28.919246480692227,24800.80159442725,24848.75371406364,21.109790150358574
2025-05-20 08:30:00+00:00,24751.19921875,24770.25,24746.30078125,24767.5,0.0,25.861608066063226,-28.945944313290966,-28.924586047211974,24796.077558648463,24844.928047580754,21.312606478904392
2025-05-20 08:35:00+00:00,24735.5,24752.19921875,24728.349609375,24750.75,0.0,22.8969999636346,-30.26696210672526,-29.193061259114632,24790.30826734861,24840.636751597194,21.49382097148265
2025-05-20 08:40:00+00:00,24738.349609375,24743.349609375,24729.150390625,24735.400390625,0.0,24.58686010492511,-30.729705645950162,-29.500390136481737,24785.359823732077,24836.62549111789,20.97277795566246
2025-05-20 08:45:00+00:00,24727.5,24745.599609375,24727.5,24737.099609375,0.0,22.559536345521295,-31.60755383171272,-29.921822875527937,24779.84936432902,24832.34606009366,20.767551628472283
2025-05-20 08:50:00+00:00,24713.94921875,24729.69921875,24709.30078125,24727.349609375,0.0,20.307331848006456,-33.01610058600636,-30.54067841762362,24773.573159988162,24827.703046707637,20.741186333581403
2025-05-20 08:55:00+00:00,24704.099609375,24716.150390625,24701.150390625,24714.05078125,0.0,18.835386943842536,-34.52913482414806,-31.33836969892851,24766.956631358335,24822.85585308675,20.331101595468446
2025-05-20 09:00:00+00:00,24707.94921875,24708.55078125,24697.349609375,24704.0,0.0,21.238289542842566,-35.01397474919577,-32.073490708981964,24761.336877776586,24818.34971056374,19.678963758292127
2025-05-20 09:05:00+00:00,24707.099609375,24710.94921875,24699.900390625,24709.099609375,0.0,21.089890504845073,-35.062590540910605,-32.67131067536769,24756.171423643103,24813.986961497518,19.06252549877126
2025-05-20 09:10:00+00:00,24681.900390625,24707.099609375,24677.30078125,24707.05078125,0.0,17.241790310744562,-36.711300243350706,-33.4793085889643,24749.097991927094,24808.807095973105,19.829404257787598
2025-05-20 09:15:00+00:00,24699.150390625,24707.05078125,24679.150390625,24681.650390625,0.0,27.05386884876971,-36.208593597188155,-34.02516559060908,24744.341077517372,24804.506833018277,20.405903284017054
2025-05-20 09:20:00+00:00,24689.25,24706.69921875,24688.69921875,24699.80078125,0.0,25.206671309942607,-36.19187631917157,-34.45850773632158,24739.094308230004,24799.986957213638,20.23405304944441
2025-05-20 09:25:00+00:00,24677.30078125,24691.69921875,24677.0,24688.650390625,0.0,23.15199138420182,-36.71954973304673,-34.91071613566661,24733.209210422385,24795.17573462683,19.838707742341235
2025-05-20 09:30:00+00:00,24680.150390625,24695.19921875,24675.0,24677.25,0.0,24.72776560082889,-36.48719340080788,-35.22601158869487,24728.1559894893,24790.66493682284,19.864458528602576
2025-05-20 09:35:00+00:00,24686.19921875,24686.80078125,24670.0,24679.80078125,0.0,28.098095127287124,-35.40681176983708,-35.26217162492331,24724.160106561747,24786.568241996454,19.64562443727382
2025-05-20 09:40:00+00:00,24693.099609375,24703.55078125,24684.19921875,24685.44921875,0.0,31.847042790951235,-33.60640398324176,-34.931018096587,24721.201963972533,24782.902805423066,19.624620013182835
2025-05-20 09:45:00+00:00,24676.650390625,24693.69921875,24672.05078125,24692.849609375,0.0,28.08747467103845,-33.125037509606045,-34.56982197919081,24716.95895698705,24778.736044058438,19.769178405098348
2025-05-20 09:50:00+00:00,24683.150390625,24688.900390625,24675.900390625,24676.599609375,0.0,31.527320165357096,-31.851886711061525,-34.02623492556496,24713.739093524,24774.98758706105,19.285665661877037
2025-05-20 09:55:00+00:00,24713.849609375,24713.849609375,24682.44921875,24682.75,0.0,44.92643815204081,-28.042478900675633,-32.82948372058709,24713.749618843143,24772.590019308656,20.151003159242965
2025-05-21 03:45:00+00:00,24723.349609375,24765.0,24701.05078125,24744.25,0.0,48.29811707540432,-23.980492964899895,-31.059685569449655,24714.663903655703,24770.65902284067,23.279447130011327
2025-05-21 03:50:00+00:00,24706.150390625,24753.400390625,24705.599609375,24723.150390625,0.0,43.14782612176924,-21.896760830433777,-29.22710062164648,24713.853092890873,24768.129272557704,25.030970995724804
2025-05-21 03:55:00+00:00,24738.099609375,24746.05078125,24692.650390625,24706.900390625,0.0,53.143415349161835,-17.466015801092,-26.874883657535584,24716.162284936978,24766.951638707404,27.057358112101603
2025-05-21 04:00:00+00:00,24772.05078125,24775.650390625,24722.5,24738.30078125,0.0,60.992043203207324,-11.087235861563386,-23.717354098341147,24721.48499887155,24767.15160508162,28.9211461487372
2025-05-21 04:05:00+00:00,24807.94921875,24808.44921875,24765.150390625,24771.75,0.0,67.24041615548438,-3.099572964652907,-19.5937978716035,24729.71968647902,24768.75151149999,29.948123432755974
2025-05-21 04:10:00+00:00,24796.599609375,24816.69921875,24791.650390625,24807.75,0.0,63.762879518869966,2.288508306031872,-15.217336636076425,24736.089202945306,24769.843593769598,29.59817376791626
2025-05-21 04:15:00+00:00,24829.55078125,24839.55078125,24794.30078125,24796.650390625,0.0,68.80687651491809,9.112443145673751,-10.35138067972639,24744.99030564099,24772.185052102162,30.716161355922242
2025-05-21 04:20:00+00:00,24842.25,24844.0,24818.599609375,24829.25,0.0,70.51052133566492,15.36802842578254,-5.207498858624604,24754.25313367518,24774.932697117765,30.336463446570654
2025-05-21 04:25:00+00:00,24815.30078125,24843.44921875,24807.25,24842.05078125,0.0,62.68621093171623,17.944198549219436,-0.5771593770557959,24760.067195348976,24776.5157592406,30.755231682529892
2025-05-21 04:30:00+00:00,24832.55078125,24841.44921875,24811.25,24815.900390625,0.0,65.33762788593833,21.134141539958364,3.7651008063470366,24766.970394006217,24778.713211084105,30.71551647306347
2025-05-21 04:35:00+00:00,24860.849609375,24861.349609375,24827.400390625,24832.349609375,0.0,69.20371030698314,25.649996080679557,8.142079861213542,24775.911271660385,24781.9342463112,30.946495207130365
2025-05-21 04:40:00+00:00,24869.25,24869.650390625,24852.25,24860.150390625,0.0,70.26396829442959,29.56586773844174,12.426837436659183,24784.800674359398,24785.358393514685,29.97891630840677
2025-05-21 04:45:00+00:00,24893.150390625,24905.25,24869.19921875,24869.19921875,0.0,73.10144501655242,34.20350925534149,16.782171800395645,24795.119694956124,24789.585530656266,30.412620947092
2025-05-21 04:50:00+00:00,24905.0,24911.349609375,24892.80078125,24892.80078125,0.0,74.40545360453801,38.39247347934361,21.10423213618524,24805.584485912685,24794.111588277592,29.56520717408543
2025-05-21 04:55:00+00:00,24893.5,24914.150390625,24884.0,24905.94921875,0.0,70.81731313408135,40.31952552402436,24.947290813753064,24813.957392016237,24798.00917305102,29.607005992007903
2025-05-21 05:00:00+00:00,24903.94921875,24905.05078125,24892.849609375,24893.650390625,0.0,72.13234349831484,42.20339827386124,28.3985123057747,24822.52804218136,24802.16368464706,28.363732126507337
2025-05-21 05:05:00+00:00,24932.900390625,24945.400390625,24904.25,24904.25,0.0,75.43520699096624,45.50791173713151,31.820392192046064,24833.03969441409,24807.290614293255,29.29854925139967
2025-05-21 05:10:00+00:00,24916.400390625,24943.94921875,24914.099609375,24933.349609375,0.0,70.31990880929531,46.26207001477087,34.708727756591024,24840.978808338936,24811.569429051364,29.337910688799695
2025-05-21 05:15:00+00:00,24922.55078125,24923.400390625,24905.94921875,24916.099609375,0.0,71.1064142816274,46.816361136683554,37.13025443260953,24848.7475676638,24815.921638941505,28.48885791638543
2025-05-21 05:20:00+00:00,24916.30078125,24936.05078125,24912.900390625,24923.150390625,0.0,69.10244108655517,46.218539524088555,38.94791145090534,24855.18120705296,24819.858075894783,28.107538824143614
2025-05-21 05:25:00+00:00,24914.099609375,24928.650390625,24909.05078125,24915.849609375,0.0,68.37160909263636,45.04786170625812,40.1679015019759,24860.792483464582,24823.55382230577,27.49982957777621
2025-05-21 05:30:00+00:00,24879.5,24921.44921875,24878.900390625,24914.80078125,0.0,57.98970554991964,40.85721524121618,40.30576424982395,24862.574151706052,24825.747790058485,28.574758045435054
2025-05-21 05:35:00+00:00,24902.75,24903.400390625,24858.05078125,24878.80078125,0.0,62.148959657706826,38.96303678295226,40.03721875644961,24866.400422972143,24828.767484565997,29.77296171183255
2025-05-21 05:40:00+00:00,24896.69921875,24917.0,24894.55078125,24902.599609375,0.0,60.47100547845655,36.55228721555977,39.34023244827165,24869.286022570035,24831.43147414184,29.249837214558795
2025-05-21 05:45:00+00:00,24909.650390625,24912.55078125,24896.150390625,24896.94921875,0.0,62.78692814535738,35.280114943776425,38.528208947372605,24873.130248099078,24834.498882631375,28.33201960101888
2025-05-21 05:50:00+00:00,24869.849609375,24914.400390625,24869.0,24909.400390625,0.0,52.58981688699408,30.706355087608245,36.96383817541974,24872.817806315834,24835.885185640927,29.551188959874676
2025-05-21 05:55:00+00:00,24871.400390625,24886.150390625,24865.80078125,24869.900390625,0.0,52.91071975781119,26.89670407394442,34.95041135512468,24872.682814345277,24837.27793877756,28.893933275240773
2025-05-21 06:00:00+00:00,24852.05078125,24875.19921875,24845.80078125,24871.0,0.0,48.49962214223248,22.06186103248183,32.37270129059611,24870.717858812393,24837.85726593334,28.929969291295006
2025-05-21 06:05:00+00:00,24863.5,24866.44921875,24833.599609375,24851.55078125,0.0,51.09752082956697,18.935789364299126,29.685318905336718,24870.030443687403,24838.86286334772,29.20994358298822
2025-05-21 06:10:00+00:00,24853.349609375,24878.849609375,24852.30078125,24863.5,0.0,48.749646477110716,15.461077672825922,26.840470658834562,24868.441792800506,24839.430971035064,29.019863907417633
2025-05-21 06:15:00+00:00,24823.849609375,24854.849609375,24819.0,24853.05078125,0.0,42.62028400202064,10.209254237364803,23.514227374540614,24864.194918188554,24838.819937244476,29.507702869387803
2025-05-21 06:20:00+00:00,24826.94921875,24834.30078125,24812.400390625,24823.69921875,0.0,43.42517429973677,6.225495265280188,20.056480952688528,24860.647708718217,24838.354418872143,28.964323423360103
2025-05-21 06:25:00+00:00,24829.25,24834.80078125,24825.400390625,24826.849609375,0.0,44.05252706971639,3.216908873873763,16.688566536925574,24857.657450745053,24837.997382837944,27.56689965204867
2025-05-21 06:30:00+00:00,24780.80078125,24829.349609375,24780.44921875,24827.849609375,0.0,35.200649404558135,-3.041800579496339,12.742493113641192,24850.337767936,24835.7543788541,29.090720435830907
2025-05-21 06:35:00+00:00,24778.349609375,24794.400390625,24777.349609375,24781.55078125,0.0,34.81944484299362,-8.106218556302338,8.572750779652488,24843.481752834952,24833.50321142355,28.23072477970013
2025-05-21 06:40:00+00:00,24733.650390625,24781.0,24727.099609375,24778.55078125,0.0,28.71290264298723,-15.547438483357837,3.748712927050423,24833.02162310067,24829.58741452949,30.06427234007869
2025-05-21 06:45:00+00:00,24712.69921875,24736.55078125,24685.94921875,24733.44921875,0.0,26.37780401955854,-22.8715938637215,-1.5753484311039618,24821.562346495844,24825.00356371461,31.53122163721593
2025-05-21 06:50:00+00:00,24760.349609375,24767.400390625,24710.150390625,24713.25,0.0,38.606810022696166,-24.548076532220875,-6.169894051327345,24815.732562008146,24822.46811452482,33.368277234557645
2025-05-21 06:55:00+00:00,24742.5,24762.0,24717.0,24760.25,0.0,36.18229209020275,-27.005710407458537,-10.337057322553584,24808.758032293084,24819.332110033654,34.199114574946385
2025-05-21 07:00:00+00:00,24765.349609375,24775.0,24742.5,24743.05078125,0.0,41.26713365324044,-26.800688787978288,-13.629783615638527,24804.623896777077,24817.215149223513,34.0777492481645
2025-05-21 07:05:00+00:00,24795.30078125,24808.5,24763.0,24766.55078125,0.0,47.20522518954383,-23.945371087094827,-15.692901109929787,24803.735981012593,24816.355762244162,34.893624301867035
2025-05-21 07:10:00+00:00,24780.400390625,24803.400390625,24776.75,24795.69921875,0.0,44.779649137736264,-22.624052242099424,-17.079131336363716,24801.51354383282,24814.945747670863,34.30482189637653
2025-05-21 07:15:00+00:00,24772.19921875,24785.55078125,24751.55078125,24780.30078125,0.0,43.45610460282985,-21.985231504662806,-18.060351370023536,24798.721703348743,24813.26941320338,34.28304890377821
2025-05-21 07:20:00+00:00,24737.44921875,24774.75,24737.30078125,24771.69921875,0.0,38.291638811428705,-24.00626675020976,-19.249534446060782,24792.88622862505,24810.296072244426,34.50920389279405
2025-05-21 07:25:00+00:00,24775.44921875,24780.400390625,24736.30078125,24737.349609375,0.0,45.86771666274758,-22.284784201849106,-19.856584397218448,24791.225561017905,24808.929528970137,35.19423285580876
2025-05-21 07:30:00+00:00,24787.599609375,24790.05078125,24767.349609375,24776.599609375,0.0,48.06337842606301,-19.712824728605483,-19.827832463495856,24790.88023229001,24808.093061535033,34.30187135717956
2025-05-21 07:35:00+00:00,24783.05078125,24802.349609375,24778.150390625,24789.19921875,0.0,47.29003447358966,-17.835978670038457,-19.429461704804375,24790.134570286198,24807.11101132778,33.58025331380959
2025-05-21 07:40:00+00:00,24799.69921875,24804.150390625,24780.80078125,24783.650390625,0.0,50.43347676702311,-14.834175733332813,-18.510404510510064,24791.045489187512,24806.82035279532,32.84949303246605
2025-05-21 07:45:00+00:00,24826.150390625,24831.05078125,24793.19921875,24800.05078125,0.0,55.02292129502312,-10.203220397066616,-16.848967687821375,24794.38881313394,24807.578393494525,33.206783708718476
2025-05-21 07:50:00+00:00,24811.0,24839.349609375,24810.150390625,24826.55078125,0.0,52.05017751399848,-7.667281190340873,-15.012630388325276,24795.97083093071,24807.7125741418,32.92052906881001
2025-05-21 07:55:00+00:00,24775.44921875,24815.400390625,24775.44921875,24812.099609375,0.0,45.79750534678303,-8.429017567519622,-13.695907824164145,24794.016391675403,24806.44734451859,33.422717840680725
2025-05-21 08:00:00+00:00,24801.400390625,24802.75,24775.099609375,24775.099609375,0.0,50.47447980441933,-6.859583439181733,-12.328642947167664,24794.719629670602,24806.249424758058,33.01040875384639
2025-05-21 08:05:00+00:00,24786.44921875,24815.150390625,24769.0,24801.94921875,0.0,47.90957649403794,-6.744483990325534,-11.21181115579924,24793.931971487687,24805.47294609108,33.94897888750022
2025-05-21 08:10:00+00:00,24761.94921875,24788.599609375,24758.5,24786.349609375,0.0,43.96682183541971,-8.531862097457633,-10.67582134413092,24790.88599503648,24803.766133254172,33.67402392232163
2025-05-21 08:15:00+00:00,24784.30078125,24785.19921875,24761.150390625,24762.80078125,0.0,48.158442293681674,-8.051969735835883,-10.151051022471913,24790.25883181872,24803.002786116755,32.98650993679866
2025-05-21 08:20:00+00:00,24784.599609375,24787.599609375,24773.69921875,24784.55078125,0.0,48.214218053938346,-7.560387211931811,-9.632918260363892,24789.71985825265,24802.281092911195,31.623215700241616
2025-05-21 08:25:00+00:00,24776.900390625,24793.80078125,24774.75,24784.30078125,0.0,46.81663531973644,-7.703268642359035,-9.246988336762922,24788.498956573825,24801.28577125291,30.725184668081504
2025-05-21 08:30:00+00:00,24747.05078125,24780.5,24740.80078125,24777.30078125,0.0,41.76230588185092,-10.108591666001303,-9.419309002610598,24784.55151130489,24799.15890889986,31.366187102504252
2025-05-21 08:35:00+00:00,24770.150390625,24771.94921875,24746.55078125,24746.55078125,0.0,46.569617734292315,-10.035202498867875,-9.542487701862054,24783.179976002044,24798.021319947904,30.93991927375395
2025-05-21 08:40:00+00:00,24798.69921875,24798.849609375,24763.349609375,24770.44921875,0.0,51.85874334432844,-7.5859431870230765,-9.151178798894259,24784.657999120896,24798.04790421465,31.265639325628666
2025-05-21 08:45:00+00:00,24793.150390625,24804.05078125,24789.349609375,24799.19921875,0.0,50.80603379471469,-6.023199893563287,-8.525583017828065,24785.466798311765,24797.855844858193,30.08246307915519
2025-05-21 08:50:00+00:00,24802.55078125,24819.349609375,24792.0,24793.69921875,0.0,52.56288177378123,-3.980299201892194,-7.616526254640892,24787.093844305884,24798.039960010814,29.887259243144108
2025-05-21 08:55:00+00:00,24807.900390625,24813.30078125,24798.25,24803.05078125,0.0,53.57889342375669,-1.9076269810466329,-6.47474639992204,24789.0754201458,24798.42664356431,28.827510815062386
2025-05-21 09:00:00+00:00,24808.599609375,24818.94921875,24803.849609375,24808.75,0.0,53.71842234044581,-0.20622101621120237,-5.221041323179873,24790.934866739055,24798.825583400023,27.846946426486504
2025-05-21 09:05:00+00:00,24807.849609375,24819.599609375,24802.94921875,24808.80078125,0.0,53.53255649198,1.0693103923149465,-3.9629709800809088,24792.545794609145,24799.17946677159,27.047192440666038
2025-05-21 09:10:00+00:00,24786.150390625,24813.0,24780.650390625,24807.19921875,0.0,48.32303244387085,0.3254806794284377,-3.1052806481790394,24791.936708515415,24798.668522608983,27.425936507404177
2025-05-21 09:15:00+00:00,24799.05078125,24806.0,24785.55078125,24785.55078125,0.0,51.35393008170289,0.7680899208462506,-2.3306065343739815,24792.61423925204,24798.683513143926,26.92759952473245
2025-05-21 09:20:00+00:00,24810.25,24813.900390625,24790.150390625,24798.69921875,0.0,53.882690917817364,1.9994953530622297,-1.4645861568867393,24794.293835513752,24799.137100863773,26.700628130108704
2025-05-21 09:25:00+00:00,24807.19921875,24812.900390625,24796.349609375,24810.94921875,0.0,53.07332609095481,2.698118251770211,-0.6320452751553493,24795.52291963149,24799.453262349507,25.975639067243797
2025-05-21 09:30:00+00:00,24816.75,24828.44921875,24807.0,24807.0,0.0,55.3352226355814,3.9766102721041534,0.28968583429655126,24797.544546333254,24800.13156578678,25.65232333029781
2025-05-21 09:35:00+00:00,24829.349609375,24829.849609375,24815.0,24816.75,0.0,58.197786034127176,5.938057357583602,1.4193601389539616,24800.57359995628,24801.277371417695,24.880700904919397
2025-05-21 09:40:00+00:00,24809.69921875,24828.400390625,24803.650390625,24828.400390625,0.0,52.541972254591585,5.839580951822427,2.303404301527655,24801.44270650806,24801.607639940532,24.939166465282295
2025-05-21 09:45:00+00:00,24811.349609375,24815.69921875,24806.5,24809.400390625,0.0,52.95549347307624,5.827534234180348,3.0082302880581935,24802.386221066816,24801.98967795757,23.814884485619274
2025-05-21 09:50:00+00:00,24797.099609375,24819.94921875,24794.849609375,24811.44921875,0.0,48.98652587792434,4.614933139342611,3.329570858315077,24801.882734239025,24801.797910562174,23.906650549146466
2025-05-21 09:55:00+00:00,24800.400390625,24806.5,24796.5,24797.44921875,0.0,49.92277907918201,3.8756079010599933,3.4387782668640607,24801.741558656737,24801.743105858754,22.913318367064573
2025-05-22 03:45:00+00:00,24643.05078125,24732.349609375,24627.849609375,24732.349609375,0.0,25.704273040225857,-9.299907582222659,0.8910410970467169,24786.628151284665,24795.519877442726,33.60170857298853
2025-05-22 03:50:00+00:00,24580.55078125,24644.69921875,24574.900390625,24644.69921875,0.0,21.286933935697007,-24.502378031153057,-4.187642728593238,24767.001735090886,24787.089716807717,36.18721711241792
2025-05-22 03:55:00+00:00,24590.5,24614.0,24574.80078125,24580.599609375,0.0,23.539543614016495,-35.340246225827286,-10.418163428040048,24750.192046034612,24779.380316148592,36.402360086530926
2025-05-22 04:00:00+00:00,24548.94921875,24591.44921875,24546.599609375,24591.44921875,0.0,20.855253308027073,-46.743307888595155,-17.683192320151072,24731.0260624837,24770.34380252512,37.00573503570729
2025-05-22 04:05:00+00:00,24575.25,24603.75,24542.099609375,24548.75,0.0,26.563680738455417,-53.04657526953088,-24.755868910027033,24716.19024700906,24762.693065171195,38.766067577799625
2025-05-22 04:10:00+00:00,24589.94921875,24616.05078125,24564.30078125,24574.80078125,0.0,29.61902368850481,-56.20792599226479,-31.046280326474587,24704.167291936767,24755.918796684087,39.69349132224251
2025-05-22 04:15:00+00:00,24576.400390625,24593.05078125,24556.650390625,24590.5,0.0,28.44429804716492,-59.125039759448555,-36.66203221306938,24691.99901562136,24748.878859191573,39.458269843868045
2025-05-22 04:20:00+00:00,24589.30078125,24599.099609375,24559.80078125,24574.650390625,0.0,31.240597107712247,-59.707647136765445,-41.271155197808596,24682.21823139552,24742.620895350727,39.446881149663184
2025-05-22 04:25:00+00:00,24629.650390625,24629.650390625,24571.349609375,24588.150390625,0.0,39.23870972629323,-56.26490462313086,-44.26990508287305,24677.211770369755,24738.190679479132,40.793588299687244
2025-05-22 04:30:00+00:00,24609.05078125,24631.69921875,24602.30078125,24631.650390625,0.0,36.88012165832426,-54.56967742301276,-46.329859550901,24670.720247596444,24733.126369744656,39.97964895685244
2025-05-22 04:35:00+00:00,24594.94921875,24609.80078125,24580.19921875,24606.099609375,0.0,35.31520212951958,-53.74454226710441,-47.81279609414168,24663.503959134876,24727.707657940944,39.23835706707727
2025-05-22 04:40:00+00:00,24606.05078125,24612.650390625,24587.599609375,24593.849609375,0.0,37.561431781217706,-51.600000708858715,-48.57023701708509,24658.032227907745,24722.936800031497,38.22495879442889
2025-05-22 04:45:00+00:00,24609.69921875,24621.0,24601.150390625,24606.44921875,0.0,38.31949829712087,-49.04072668790832,-48.66433495124974,24653.429084178435,24718.49611056948,36.912433835898256
2025-05-22 04:50:00+00:00,24613.55078125,24622.80078125,24602.75,24610.849609375,0.0,39.15927434936102,-46.169481638014986,-48.165364288602795,24649.631150566205,24714.380607458912,35.708030079762665
2025-05-22 04:55:00+00:00,24580.25,24615.650390625,24571.150390625,24613.44921875,0.0,34.753553634174025,-46.05025531245337,-47.74234249337292,24643.023421940852,24709.120583636995,36.33602793120819
2025-05-22 05:00:00+00:00,24599.400390625,24599.400390625,24576.599609375,24580.75,0.0,39.00360696713626,-43.904388650691544,-46.97475172483664,24638.86884752982,24704.81783096986,35.36922459683618
2025-05-22 05:05:00+00:00,24603.5,24628.599609375,24598.849609375,24600.05078125,0.0,39.906045897212714,-41.395784807136806,-45.85895834129668,24635.500385860312,24700.844582696533,34.96785141134789
2025-05-22 05:10:00+00:00,24605.55078125,24622.80078125,24603.150390625,24604.099609375,0.0,40.38122600594789,-38.795012524497,-44.446169177936746,24632.648042564095,24697.1075708751,33.87374706946589
2025-05-22 05:15:00+00:00,24599.150390625,24613.05078125,24594.099609375,24606.80078125,0.0,39.3358141040703,-36.82583448938749,-42.9221022402269,24629.45778999847,24693.266112826077,32.807848841289754
2025-05-22 05:20:00+00:00,24600.099609375,24611.30078125,24597.94921875,24599.400390625,0.0,39.58561432309032,-34.787642402170604,-41.29521027261564,24626.661772796233,24689.612524455446,31.4181141026262
2025-05-22 05:25:00+00:00,24605.150390625,24611.75,24593.30078125,24600.400390625,0.0,40.97828740869869,-32.39141656571883,-39.514451531236276,24624.613069732306,24686.300283913075,30.491764434581473
2025-05-22 05:30:00+00:00,24594.19921875,24610.25,24593.25,24605.900390625,0.0,38.885234255370726,-31.018496455217246,-37.81526051603247,24621.716512495896,24682.68847743609,29.52806697496851
2025-05-22 05:35:00+00:00,24600.05078125,24603.69921875,24588.150390625,24594.5,0.0,40.630204175536896,-29.122568346356275,-36.076722082097234,24619.6531095201,24679.44778346801,28.529549914256474
2025-05-22 05:40:00+00:00,24594.599609375,24605.0,24594.150390625,24600.349609375,0.0,39.49877308096571,-27.740124782761995,-34.40940262223019,24617.267061887233,24676.120404091813,27.2666970185953
2025-05-22 05:45:00+00:00,24599.69921875,24604.30078125,24594.55078125,24594.650390625,0.0,41.14981705805804,-25.934080504644953,-32.71433819871314,24615.5939339694,24673.123494862724,26.015504374409918
2025-05-22 05:50:00+00:00,24586.05078125,24599.94921875,24579.19921875,24599.349609375,0.0,38.14919981761108,-25.312307716896612,-31.23393210234984,24612.780300377075,24669.70887864262,25.639396919094924
2025-05-22 05:55:00+00:00,24595.5,24598.80078125,24584.25,24585.900390625,0.0,41.33848682728434,-23.782920615762123,-29.7437298050323,24611.13455748402,24666.79872653899,24.847352942731
2025-05-22 06:00:00+00:00,24590.349609375,24598.650390625,24587.900390625,24595.650390625,0.0,40.12403082444544,-22.72450979588757,-28.339885803203355,24609.155038616493,24663.800721944324,23.84039916110736
2025-05-22 06:05:00+00:00,24559.55078125,24593.349609375,24548.75,24590.849609375,0.0,33.740543613587135,-24.09318835101658,-27.490546312766,24604.430823629205,24659.712488975918,25.323199890671123
2025-05-22 06:10:00+00:00,24560.650390625,24565.05078125,24543.05078125,24559.0,0.0,34.14339208491438,-24.803230478530168,-26.953083145918832,24600.261258581188,24655.827700805297,25.0858284699089
2025-05-22 06:15:00+00:00,24572.599609375,24578.25,24557.599609375,24558.900390625,0.0,38.5178915271966,-24.123659362154285,-26.387198389165924,24597.626815799646,24652.563854082542,24.769011480986837
2025-05-22 06:20:00+00:00,24595.0,24607.5,24573.19921875,24573.30078125,0.0,45.787768412403224,-21.52939260445055,-25.415637232222853,24597.376642866344,24650.30644804009,25.49268141984492
2025-05-22 06:25:00+00:00,24589.75,24596.349609375,24578.5,24595.55078125,0.0,44.460849290318166,-19.67030163925301,-24.266570113628887,24596.650295926695,24647.931685371852,24.946747702355996
2025-05-22 06:30:00+00:00,24594.69921875,24599.0,24583.25,24589.80078125,0.0,46.04816468261919,-17.594776434165396,-22.93221137773619,24596.464479052724,24645.84413766119,24.28983715218771
2025-05-22 06:35:00+00:00,24576.05078125,24596.05078125,24576.05078125,24594.900390625,0.0,41.26281845087971,-17.25576706910215,-21.79692251600938,24594.520317357223,24643.107143292127,23.98342021274573
2025-05-22 06:40:00+00:00,24572.80078125,24581.25,24569.55078125,24576.75,0.0,40.473419520255824,-17.052773782295844,-20.848092769266675,24592.451790108917,24640.35003105518,23.105977251121036
2025-05-22 06:45:00+00:00,24557.30078125,24574.650390625,24555.650390625,24572.75,0.0,36.85235767120408,-17.93586708998555,-20.265647633410452,24589.104074979496,24637.09319772949,22.81269316175525
2025-05-22 06:50:00+00:00,24552.25,24569.0,24549.80078125,24558.0,0.0,35.73055279301499,-18.82626329014238,-19.97777076475684,24585.594163076687,24633.766013504803,22.554587846629875
2025-05-22 06:55:00+00:00,24552.69921875,24563.44921875,24548.900390625,24552.19921875,0.0,35.917395521088324,-19.273487725709856,-19.836914156947444,24582.46131123605,24630.58692351442,21.982747866513456
2025-05-22 07:00:00+00:00,24554.44921875,24571.900390625,24551.5,24553.69921875,0.0,36.68956352148996,-19.26463521538608,-19.722458368635174,24579.793492904046,24627.601131170715,21.869722349262496
2025-05-22 07:05:00+00:00,24562.69921875,24565.150390625,24554.900390625,24555.849609375,0.0,40.33929259777888,-18.380039827352448,-19.453974660378627,24578.165466794137,24625.05595813461,21.07196874395803
2025-05-22 07:10:00+00:00,24558.69921875,24565.69921875,24553.650390625,24562.900390625,0.0,39.160534585581765,-17.796609938410256,-19.122501715984953,24576.311538408983,24622.453733060705,20.427458699746744
2025-05-22 07:15:00+00:00,24528.19921875,24559.0,24523.349609375,24558.650390625,0.0,31.582347553654714,-19.569744812448334,-19.21195033527763,24571.729412727174,24618.75747759754,21.514810980121975
2025-05-22 07:20:00+00:00,24516.94921875,24537.30078125,24513.69921875,24525.30078125,0.0,29.327924562624148,-21.633371909632842,-19.696234650148675,24566.512251396016,24614.764996858423,21.663864660113262
2025-05-22 07:25:00+00:00,24523.849609375,24528.44921875,24509.349609375,24517.0,0.0,32.510180464065584,-22.45318110218068,-20.247623940555076,24562.44914263211,24611.199687545348,21.48070356831946
2025-05-22 07:30:00+00:00,24521.75,24526.150390625,24516.44921875,24523.69921875,0.0,32.037470255631945,-23.007095250457496,-20.799518202535562,24558.573033810007,24607.69185666122,20.63930844736807
2025-05-22 07:35:00+00:00,24513.94921875,24521.849609375,24511.94921875,24521.849609375,0.0,30.27606491673528,-23.801168996244087,-21.39984836127727,24554.323146661434,24604.01567478235,19.872242888627493
2025-05-22 07:40:00+00:00,24539.650390625,24543.0,24512.75,24513.849609375,0.0,41.65725026334444,-22.101832220199867,-21.54024513306179,24552.92574132463,24601.491545991867,20.61351125372553
2025-05-22 07:45:00+00:00,24534.69921875,24548.900390625,24531.30078125,24540.44921875,0.0,40.29275409749543,-20.913535554122063,-21.414903217273846,24551.18988203181,24598.872239041208,20.39823254810228
2025-05-22 07:50:00+00:00,24550.94921875,24554.099609375,24534.599609375,24535.94921875,0.0,46.488056255053415,-18.44790670686416,-20.82150391519191,24551.166961719253,24596.992904912142,20.334073080380687
2025-05-22 07:55:00+00:00,24551.650390625,24554.44921875,24542.599609375,24550.69921875,0.0,46.74483142362229,-16.249979720185365,-19.907199076190604,24551.21300256742,24595.21476709696,19.72803995856778
2025-05-22 08:00:00+00:00,24552.900390625,24556.599609375,24543.900390625,24553.650390625,0.0,47.23096060728731,-14.243057098483405,-18.774370680649163,24551.37370619195,24593.555379784335,19.22598130081294
2025-05-22 08:05:00+00:00,24540.94921875,24554.30078125,24539.900390625,24553.099609375,0.0,43.17317514118796,-13.461737620244094,-17.71184406856815,24550.380897864146,24591.492393077104,18.881296252540587
2025-05-22 08:10:00+00:00,24524.19921875,24540.94921875,24518.19921875,24540.650390625,0.0,38.21739140140058,-14.032364950737247,-16.975948245001973,24547.88740461518,24588.853445064276,19.15763223450197
2025-05-22 08:15:00+00:00,24528.349609375,24534.849609375,24523.099609375,24524.650390625,0.0,40.05359299549228,-13.988439362656209,-16.37844646853282,24546.026662211356,24586.480745625482,18.628515646323258
2025-05-22 08:20:00+00:00,24520.44921875,24528.30078125,24515.05078125,24527.349609375,0.0,37.75344898999718,-14.42484290489665,-15.987725755805588,24543.590715215036,24583.891273983307,18.247823680514454
2025-05-22 08:25:00+00:00,24525.349609375,24530.19921875,24518.900390625,24520.599609375,0.0,40.053024330897934,-14.211454486085131,-15.632471501861497,24541.853467039793,24581.59552243004,17.751466855120565
2025-05-22 08:30:00+00:00,24536.900390625,24539.55078125,24522.599609375,24525.349609375,0.0,45.192704172867586,-12.960886086886603,-15.09815441886652,24541.38174547648,24579.842772163178,17.694302927969098
2025-05-22 08:35:00+00:00,24519.599609375,24537.30078125,24518.55078125,24536.30078125,0.0,39.70208698898232,-13.21351292698455,-14.721226120490126,24539.30725632396,24577.480295191093,17.76970986168559
2025-05-22 08:40:00+00:00,24529.80078125,24531.0,24519.19921875,24519.19921875,0.0,44.020746565779426,-12.447089897978003,-14.266398875987703,24538.401877745488,24575.61051033066,17.343357817993763
2025-05-22 08:45:00+00:00,24491.849609375,24530.25,24483.650390625,24529.30078125,0.0,34.2054784116188,-14.73221274678508,-14.359561650147178,24533.96832837687,24572.325769116716,19.433090072065635
2025-05-22 08:50:00+00:00,24481.75,24499.900390625,24475.599609375,24489.55078125,0.0,32.15099227137546,-17.160329541467945,-14.919715228411333,24528.99515424574,24568.773778170962,19.780782299060945
2025-05-22 08:55:00+00:00,24492.349609375,24494.150390625,24476.55078125,24483.30078125,0.0,36.46415946891635,-18.02158805392901,-15.54008979351487,24525.505102353287,24565.77675194367,19.62498423305659
2025-05-22 09:00:00+00:00,24483.400390625,24497.44921875,24474.30078125,24492.25,0.0,34.47167421316344,-19.204886810934113,-16.27304919699872,24521.495129807736,24562.546306401764,19.876659466409688
2025-05-22 09:05:00+00:00,24500.80078125,24502.19921875,24464.150390625,24484.400390625,0.0,41.19941309986181,-18.52504827370649,-16.723449012340275,24519.524239468905,24560.124913258558,21.17467151345185
2025-05-22 09:10:00+00:00,24557.55078125,24569.900390625,24502.099609375,24502.099609375,0.0,56.78349569949278,-13.254234054817061,-16.029606020835633,24523.145814876625,24560.023966905283,24.59788136070529
2025-05-22 09:15:00+00:00,24576.400390625,24580.05078125,24512.69921875,24557.80078125,0.0,60.52576057690301,-7.469960810041812,-14.31767697867687,24528.217679233614,24560.66617960017,27.65171572779777
2025-05-22 09:20:00+00:00,24565.55078125,24575.0,24545.75,24575.0,0.0,57.44247019966629,-3.718490943796496,-12.197839771700796,24531.773212758984,24560.857732606048,27.865906791883646
2025-05-22 09:25:00+00:00,24616.80078125,24639.849609375,24562.05078125,24566.5,0.0,66.20118038064746,3.351389902338269,-9.087993836892982,24539.871076424795,24563.05157765091,31.432544029963385
2025-05-22 09:30:00+00:00,24595.30078125,24617.599609375,24594.900390625,24616.30078125,0.0,60.56939313308631,7.137178144723293,-5.842959440569727,24545.15009593196,24564.316252301855,30.80873508139457
2025-05-22 09:35:00+00:00,24618.94921875,24619.349609375,24594.0,24594.94921875,0.0,64.17905272823174,11.908401233264158,-2.29268730580295,24552.17858381939,24566.45872157433,30.418797530937812
2025-05-22 09:40:00+00:00,24606.25,24619.25,24601.349609375,24619.05078125,0.0,60.95218402474684,14.497787613359833,1.0654076780296067,24557.32824250326,24568.019163865534,29.524625609085113
2025-05-22 09:45:00+00:00,24614.80078125,24616.400390625,24597.5,24606.349609375,0.0,62.32573949902971,17.043405787364463,4.261007299896578,24562.801817621996,24569.8537370963,28.765751681650464
2025-05-22 09:50:00+00:00,24624.80078125,24628.94921875,24598.599609375,24615.099609375,0.0,63.923997022364254,19.641329931808286,7.33707182627892,24568.70648082466,24572.008523141543,28.878884374032573
2025-05-22 09:55:00+00:00,24637.0,24647.150390625,24622.80078125,24622.80078125,0.0,65.82850461240221,22.42606481783514,10.354870424590164,24575.21062550803,24574.55720850854,28.555364731244534
2025-05-23 03:45:00+00:00,24626.400390625,24663.75,24614.650390625,24643.849609375,0.0,62.72979630769934,23.506716589592543,12.98523965759064,24580.085841233453,24576.590274473892,30.02281077722707
2025-05-23 03:50:00+00:00,24719.19921875,24720.849609375,24625.849609375,24626.5,0.0,74.18633983513868,31.48825379293703,16.68584248465992,24593.334734330267,24582.182782092565,34.664038578853706
2025-05-23 03:55:00+00:00,24713.80078125,24732.69921875,24705.30078125,24719.94921875,0.0,72.784681708038,36.952109820711485,20.739095951870233,24604.807691179765,24587.3442722556,34.1450670732213
2025-05-23 04:00:00+00:00,24746.900390625,24751.650390625,24696.099609375,24714.0,0.0,75.80333441821136,43.45222671773445,25.281722105043073,24618.34032922217,24593.601374936752,35.67404665727692
2025-05-23 04:05:00+00:00,24750.44921875,24773.0,24742.05078125,24746.400390625,0.0,76.10930195750358,48.332826225738245,29.891942929182107,24630.922128224818,24599.752270772566,35.33655894961428
2025-05-23 04:10:00+00:00,24781.400390625,24784.55078125,24746.30078125,24749.900390625,0.0,78.64551508396163,54.07489566248478,34.728533475842646,24645.25339131055,24606.875726453054,35.544661881784684
2025-05-23 04:15:00+00:00,24780.75,24795.30078125,24763.25,24780.94921875,0.0,78.45703275269707,57.90554687318581,39.36393615531128,24658.157830233355,24613.69432541568,35.29509897951435
2025-05-23 04:20:00+00:00,24804.099609375,24806.400390625,24768.30078125,24781.400390625,0.0,80.28390283521125,62.10952396136054,43.913053716521134,24672.05704729446,24621.16119929644,35.495421150620466
2025-05-23 04:25:00+00:00,24796.0,24805.900390625,24783.80078125,24805.400390625,0.0,77.81868572938434,64.04931467618371,47.94030590845365,24683.861138028322,24628.01762285344,34.53857745236186
2025-05-23 04:30:00+00:00,24809.55078125,24818.69921875,24785.150390625,24795.44921875,0.0,78.98150762535269,65.92016100915498,51.53627692859392,24695.83158023991,24635.136570241542,34.46788107183601
2025-05-23 04:35:00+00:00,24817.349609375,24817.349609375,24800.69921875,24809.25,0.0,79.64294771827167,67.25682563886585,54.68038667064831,24707.404725871824,24642.282179619324,33.1952031827763
2025-05-23 04:40:00+00:00,24818.099609375,24826.349609375,24798.69921875,24818.30078125,0.0,79.70907905644614,67.59743951526616,57.263797239571886,24717.94709572927,24649.17698078621,32.79914514293513
2025-05-23 04:45:00+00:00,24793.099609375,24820.55078125,24791.5,24817.44921875,0.0,71.38454313330743,65.09965905357967,58.83096960237344,24725.104477981244,24654.821005436756,32.531404864868335
2025-05-23 04:50:00+00:00,24773.849609375,24796.0,24773.75,24792.25,0.0,65.6952101212293,60.86521955734861,59.237819593368485,24729.746871447314,24659.48879382649,31.797018803092026
2025-05-23 04:55:00+00:00,24774.69921875,24795.30078125,24768.05078125,24773.599609375,0.0,65.82467235703808,56.92179312659937,58.77461430001467,24734.028047380903,24664.006849705846,31.472231745728312
2025-05-23 05:00:00+00:00,24753.25,24778.94921875,24753.25,24774.599609375,0.0,59.699275058610326,51.472483821864444,57.31418820438463,24735.858709535103,24667.506581089932,31.059873674604862
2025-05-23 05:05:00+00:00,24786.94921875,24790.599609375,24748.55078125,24753.150390625,0.0,65.18141057812096,49.304757699101174,55.71230210332794,24740.724472317474,24672.19060609621,31.84479899249023
2025-05-23 05:10:00+00:00,24813.69921875,24814.349609375,24785.349609375,24785.400390625,0.0,68.80852651131488,49.17842232999101,54.405526148660556,24747.674448168193,24677.739963455184,31.641599064455214
2025-05-23 05:15:00+00:00,24876.849609375,24878.75,24807.900390625,24814.099609375,0.0,75.3396326806994,53.5566417649643,54.23574927192131,24759.976844473604,24685.548184863805,34.44217122949413
2025-05-23 05:20:00+00:00,24878.25,24895.650390625,24875.94921875,24876.69921875,0.0,75.46233194989793,56.48825063977347,54.68624954549175,24771.240954523735,24693.105118790718,33.38924270417312
2025-05-23 05:25:00+00:00,24889.599609375,24908.849609375,24877.44921875,24878.349609375,0.0,76.48357730852103,59.046736396219785,55.55834691563736,24782.513207366712,24700.810785088142,33.247181841375046
2025-05-23 05:30:00+00:00,24888.099609375,24899.30078125,24884.150390625,24892.30078125,0.0,76.03318081972553,60.25869262823835,56.49841605815756,24792.569055177024,24708.1554448641,31.95455389734826
2025-05-23 05:35:00+00:00,24884.75,24891.0,24874.849609375,24888.099609375,0.0,74.97145993747202,60.25431693249266,57.24959623302458,24801.348192779213,24715.0807215361,30.825685092180525
2025-05-23 05:40:00+00:00,24890.099609375,24902.349609375,24879.5,24884.099609375,0.0,75.55847347629823,59.990979264224734,57.79787283926461,24809.800708645478,24721.9442073337,30.2559653980962
2025-05-23 05:45:00+00:00,24867.5,24894.400390625,24864.75,24890.80078125,0.0,68.27349488585925,57.29818485302894,57.69793524201748,24815.29587925067,24727.652277634345,30.21271005716076
2025-05-23 05:50:00+00:00,24860.849609375,24875.55078125,24857.349609375,24868.25,0.0,66.24927747165836,54.00495938296808,56.9593400702076,24819.6343297387,24732.87570240849,29.354743044149277
2025-05-23 05:55:00+00:00,24882.0,24886.30078125,24854.150390625,24861.44921875,0.0,69.36057506273366,52.49656649323151,56.06678535481238,24825.573917382633,24738.723714078747,29.554432157067186
2025-05-23 06:00:00+00:00,24886.05078125,24903.400390625,24879.349609375,24884.150390625,0.0,69.93226981315931,51.03966496715657,55.06136127728122,24831.333618703335,24744.50124612468,29.16131423513382
2025-05-23 06:05:00+00:00,24869.19921875,24889.55078125,24868.30078125,24888.900390625,0.0,64.5373981842138,47.9722851109218,53.64354604400934,24834.93986632683,24749.39136269822,28.59622036119569
2025-05-23 06:10:00+00:00,24868.599609375,24872.5,24861.80078125,24868.75,0.0,64.34718266379961,44.97454248012946,51.90974533123337,24838.145556140942,24754.066195901232,27.317863103253142
2025-05-23 06:15:00+00:00,24804.30078125,24872.900390625,24804.30078125,24871.30078125,0.0,48.00695834910146,36.98410207873894,48.92461668073449,24834.92224424657,24756.0361796404,30.266559265520776
2025-05-23 06:20:00+00:00,24841.94921875,24845.25,24805.400390625,24805.5,0.0,55.183212090855335,33.305608435726754,45.800815031732945,24835.59147991356,24759.405318429013,31.02960637155501
2025-05-23 06:25:00+00:00,24837.44921875,24849.80078125,24827.55078125,24841.25,0.0,54.219911980266936,29.68507229449824,42.577666484286006,24835.768407421794,24762.46586353964,30.402491630729653
2025-05-23 06:30:00+00:00,24845.150390625,24850.05078125,24835.69921875,24836.94921875,0.0,55.64685948390413,27.12451697963479,39.48703658335577,24836.66192963162,24765.708394013578,29.255996692820393
2025-05-23 06:35:00+00:00,24845.5,24851.849609375,24838.099609375,24844.650390625,0.0,55.71434419457935,24.83716166053273,36.55706159879116,24837.503650619085,24768.837476601282,28.148425500476076
2025-05-23 06:40:00+00:00,24834.75,24846.19921875,24819.80078125,24844.650390625,0.0,53.041891102148305,21.90447972493348,33.62654522401962,24837.241398179172,24771.422281440446,28.023426357584928
2025-05-23 06:45:00+00:00,24843.599609375,24845.599609375,24828.849609375,24834.69921875,0.0,54.957326667449614,20.06312249219991,30.913860677655684,24837.846942102587,24774.25276488886,27.218181617757434
2025-05-23 06:50:00+00:00,24869.349609375,24873.900390625,24842.0,24844.30078125,0.0,60.06213675138174,20.445955173192488,28.82027957676305,24840.84719612853,24777.982052907926,27.55262511827476
2025-05-23 06:55:00+00:00,24869.5,24871.650390625,24855.25,24869.94921875,0.0,60.09058522729341,20.524889942651498,27.161201649940743,24843.57603459248,24781.57099200958,26.75603694018371
2025-05-23 07:00:00+00:00,24883.69921875,24886.05078125,24865.44921875,24870.69921875,0.0,62.78590333788513,21.48553275413724,26.026067870780043,24847.397290226527,24785.576020509205,26.316431623027732
2025-05-23 07:05:00+00:00,24881.0,24901.349609375,24879.349609375,24883.349609375,0.0,61.92967074258881,21.77800146394293,25.17645458941262,24850.59754830019,24789.31813735198,26.00811507852575
2025-05-23 07:10:00+00:00,24869.80078125,24891.650390625,24869.400390625,24881.25,0.0,58.37275073896506,20.865576291125763,24.31427892975525,24852.426427628743,24792.47431946563,25.739678287202484
2025-05-23 07:15:00+00:00,24885.80078125,24887.25,24870.0,24870.0,0.0,61.7525774871448,21.18928219514055,23.689279582832313,24855.604937497432,24796.134180712077,25.147502605973735
2025-05-23 07:20:00+00:00,24887.599609375,24898.19921875,24879.94921875,24885.19921875,0.0,62.12490474244392,21.34492089122432,23.220407844510714,24858.652049104818,24799.721060267486,24.654823848404185
2025-05-23 07:25:00+00:00,24880.900390625,24892.75,24880.5,24887.599609375,0.0,59.7905110860698,20.68920246631751,22.714166768872076,24860.770938773407,24802.90456341876,23.768765002089598
2025-05-23 07:30:00+00:00,24889.400390625,24893.349609375,24879.5,24881.900390625,0.0,61.75419513969589,20.617751250607398,22.29488366521914,24863.497553235462,24806.296556642537,23.060253885868914
2025-05-23 07:35:00+00:00,24891.80078125,24902.0,24887.05078125,24890.349609375,0.0,62.313916328631926,20.518294977606274,21.939565927696567,24866.193098760657,24809.64966348989,22.48089423330685
2025-05-23 07:40:00+00:00,24877.44921875,24892.5,24874.650390625,24892.30078125,0.0,56.947723675588,19.061692684197624,21.36399127899678,24867.265110188215,24812.308469578522,22.150088171999215
2025-05-23 07:45:00+00:00,24886.19921875,24891.05078125,24873.75,24876.69921875,0.0,59.25173136341303,18.401258492111083,20.771444721619645,24869.06835862267,24815.20614601662,21.803709106142126
2025-05-23 07:50:00+00:00,24891.94921875,24895.849609375,24885.19921875,24886.900390625,0.0,60.738683990654216,18.132812803243723,20.243718337944465,24871.247488158606,24818.21567828067,21.00704350034626
2025-05-23 07:55:00+00:00,24884.150390625,24898.400390625,24883.19921875,24892.05078125,0.0,57.66508572914636,17.09372162617001,19.613718995589576,24872.476336012547,24820.801353274568,20.592338384250098
2025-05-23 08:00:00+00:00,24880.849609375,24892.05078125,24871.19921875,24884.599609375,0.0,56.36502539236034,15.821508420471218,18.855276880565906,24873.273790618496,24823.156186847136,20.610854392517947
2025-05-23 08:05:00+00:00,24878.55078125,24889.150390625,24870.0,24878.80078125,0.0,55.42778174279657,14.46107579155796,17.976436662764318,24873.77636115483,24825.328523882545,20.506535551980953
2025-05-23 08:10:00+00:00,24851.0,24883.25,24841.69921875,24878.80078125,0.0,45.63412966363509,11.032628067579935,16.587674943727443,24871.60718390199,24826.33524843617,22.009695958982313
2025-05-23 08:15:00+00:00,24853.55078125,24867.80078125,24838.05078125,24850.349609375,0.0,46.575331977904305,8.424275471101282,14.954995049202212,24869.88752650656,24827.40252423279,22.562574819055005
2025-05-23 08:20:00+00:00,24870.80078125,24883.19921875,24852.80078125,24854.0,0.0,52.557086170913614,7.660759613791015,13.496147962119974,24869.974503148795,24829.10441666484,23.12227929626536
2025-05-23 08:25:00+00:00,24875.900390625,24879.69921875,24863.150390625,24870.0,0.0,54.19005899697642,7.382067771290167,12.273331923954014,24870.538873384623,24830.939552898573,22.652747069746404
2025-05-23 08:30:00+00:00,24884.44921875,24894.05078125,24875.80078125,24876.150390625,0.0,56.87009403978985,7.761551132341992,11.370975765631611,24871.863668181322,24833.037971167258,22.33826513619309
2025-05-23 08:35:00+00:00,24878.349609375,24887.900390625,24876.69921875,24884.69921875,0.0,54.423578624040566,7.483837905161636,10.593548193537618,24872.481376866435,24834.8148981558,21.542758474679296
2025-05-23 08:40:00+00:00,24869.099609375,24881.55078125,24863.599609375,24878.400390625,0.0,50.8509530710155,6.44307867696989,9.763454290224074,24872.159303772012,24836.159396634983,21.286216574702202
2025-05-23 08:45:00+00:00,24869.400390625,24872.650390625,24857.099609375,24868.849609375,0.0,50.96367593687284,5.5782375730887,8.926410946796999,24871.896550138965,24837.46296502675,20.87654262293776
2025-05-23 08:50:00+00:00,24869.69921875,24875.25,24860.099609375,24869.400390625,0.0,51.08371036348124,4.860923993714096,8.113313556180419,24871.687280482874,24838.727131839427,20.467531765942205
2025-05-23 08:55:00+00:00,24872.650390625,24884.150390625,24868.5,24869.150390625,0.0,52.32489750589025,4.478952148125245,7.386441274569385,24871.779005258315,24840.057455713373,20.123450255874904
2025-05-23 09:00:00+00:00,24866.349609375,24873.900390625,24864.5,24872.69921875,0.0,49.440524567460955,3.6260178429110965,6.634356588237727,24871.261919936092,24841.088520562847,19.357517425098127
2025-05-23 09:05:00+00:00,24853.849609375,24870.75,24847.650390625,24866.150390625,0.0,44.23130060001476,1.919291332073044,5.691343537004791,24869.60360464456,24841.588955418225,19.624809707233972
2025-05-23 09:10:00+00:00,24835.650390625,24862.849609375,24833.75,24855.05078125,0.0,37.96017397864651,-0.8915493539898307,4.374764958805867,24866.369965214126,24841.356070524373,20.3015811120744
2025-05-23 09:15:00+00:00,24847.25,24852.5,24832.099609375,24834.75,0.0,43.46228575621631,-2.1582898917440616,3.0681539886958813,24864.549016146117,24841.587205013613,20.308638934426227
2025-05-23 09:20:00+00:00,24822.75,24849.650390625,24819.30078125,24847.25,0.0,36.166490899177205,-5.080570485235512,1.4384090939096026,24860.568157465532,24840.84849109151,21.025851108752924
2025-05-23 09:25:00+00:00,24836.25,24837.75,24821.05078125,24823.25,0.0,41.9490702188944,-6.235285246686544,-0.09632977420962696,24858.252142468813,24840.668158107528,20.71680594027057
2025-05-23 09:30:00+00:00,24857.30078125,24858.400390625,24836.349609375,24836.349609375,0.0,49.61390370900667,-5.389654316237284,-1.1549946826151583,24858.16153663845,24841.320417838604,20.819204846322673
2025-05-23 09:35:00+00:00,24850.849609375,24864.0,24849.19921875,24857.599609375,0.0,47.54219884082136,-5.180325795899989,-1.9600609052721245,24857.46516261336,24841.694111624347,20.38931744658534
2025-05-23 09:40:00+00:00,24850.75,24854.94921875,24842.80078125,24850.650390625,0.0,47.509211402241,-4.965232964626921,-2.561095317143084,24856.82562331685,24842.049244501824,19.800683164686387
2025-05-23 09:45:00+00:00,24855.94921875,24857.0,24846.849609375,24850.5,0.0,49.47962962253426,-4.325376595799753,-2.913951572874418,24856.74215621525,24842.594341531167,19.111376554708787
2025-05-23 09:50:00+00:00,24854.05078125,24862.099609375,24852.650390625,24856.44921875,0.0,48.759880985170234,-3.926214892631833,-3.1164042368259013,24856.485834789986,24843.043613677004,18.421222425801016
2025-05-23 09:55:00+00:00,24845.150390625,24856.599609375,24842.900390625,24852.5,0.0,45.423809041945184,-4.278740845795255,-3.348871558619772,24855.406268679035,24843.126232380848,18.083936448958088
2025-05-26 03:45:00+00:00,25003.650390625,25014.150390625,24908.5,24919.5,0.0,76.39573260992337,8.13769883016721,-1.051557480862376,24869.524756483414,24849.42129741003,28.86365527403251
2025-05-26 03:50:00+00:00,25017.44921875,25039.30078125,25005.19921875,25005.19921875,0.0,77.58818124524544,18.873702542619867,2.9334945238340726,24883.612800508803,24856.010627658656,29.3484220848159
2025-05-26 03:55:00+00:00,25040.5,25048.55078125,25006.400390625,25015.80078125,0.0,79.45532027782191,28.90882529405644,8.128560677878546,24898.554438555584,24863.245505005376,30.262848409114763
2025-05-26 04:00:00+00:00,25044.900390625,25054.80078125,25031.5,25040.05078125,0.0,79.80127070397263,36.79268396348198,13.861385334999234,24912.492148276484,24870.36922601007,29.765557897749424
2025-05-26 04:05:00+00:00,25050.44921875,25051.900390625,25024.349609375,25046.0,0.0,80.25282928604221,42.99284802541297,19.68767787308198,24925.63091689301,24877.431186509675,29.60735956576732
2025-05-26 04:10:00+00:00,25043.55078125,25049.849609375,25028.44921875,25049.849609375,0.0,77.92057267856622,46.81027672891287,25.11219764424816,24936.861380165104,24883.94568042106,29.063976739641085
2025-05-26 04:15:00+00:00,25063.05078125,25079.05078125,25041.25,25041.25,0.0,79.71512785292714,50.8232447817536,30.25440707174925,24948.879418363667,24890.969409865334,29.688034204666724
2025-05-26 04:20:00+00:00,25064.44921875,25073.900390625,25054.650390625,25063.5,0.0,79.84166464201455,53.49968206210906,34.90346206982122,24959.88606601951,24897.772539625515,28.94246033290482
2025-05-26 04:25:00+00:00,25061.94921875,25067.44921875,25049.5,25065.30078125,0.0,78.89418225632411,54.78749267137027,38.880268190131034,24969.606366279557,24904.210840767653,28.15722879126876
2025-05-26 04:30:00+00:00,25046.650390625,25065.900390625,25042.349609375,25062.5,0.0,73.17166220775127,53.951682868977514,41.894551125900335,24976.943892407693,24909.79670546794,27.828196824035278
2025-05-26 04:35:00+00:00,25045.55078125,25056.400390625,25035.150390625,25047.900390625,0.0,72.76313714002009,52.59429400962472,44.03449970264521,24983.477881821243,24915.120394714297,27.35832562231847
2025-05-26 04:40:00+00:00,25044.150390625,25059.400390625,25039.900390625,25045.099609375,0.0,72.21020755571072,50.81973546301015,45.3915468547182,24989.256215993028,24920.180394553932,26.797016649295724
2025-05-26 04:45:00+00:00,25015.5,25048.25,25014.25,25043.900390625,0.0,61.85417377102138,46.56476828445739,45.626191140666045,24991.755623993693,24923.918418296915,27.311515460060317
2025-05-26 04:50:00+00:00,25021.099609375,25029.44921875,24998.900390625,25015.30078125,0.0,62.97190679171995,43.1471443963128,45.1303817917954,24994.550289268103,24927.729445398018,27.54275207898458
2025-05-26 04:55:00+00:00,24975.19921875,25021.19921875,24938.650390625,25020.30078125,0.0,50.03079018776555,36.316243871173356,43.36755420767099,24992.707330171143,24929.59100513731,31.471757510842824
2025-05-26 05:00:00+00:00,24956.80078125,24975.80078125,24948.099609375,24974.650390625,0.0,45.95418012395526,29.08285677744425,40.51061472162564,24989.287658845322,24930.658055180946,31.202429965425477
2025-05-26 05:05:00+00:00,24945.599609375,24957.5,24910.5,24956.5,0.0,43.62366888752931,22.190703813379514,36.84663253997642,24985.1268922291,24931.243998482674,32.33082782503794
2025-05-26 05:10:00+00:00,24969.400390625,24976.75,24931.69921875,24948.05078125,0.0,49.48575846385142,18.436621176999324,33.164630267381,24983.629130171565,24932.740327586296,33.23939592682095
2025-05-26 05:15:00+00:00,24962.150390625,24992.19921875,24950.94921875,24970.19921875,0.0,47.85345676183021,14.706936818842223,29.473091577673248,24981.583535929036,24933.893663391736,33.81158193204802
2025-05-26 05:20:00+00:00,24970.150390625,24976.55078125,24960.94921875,24962.55078125,0.0,49.820366154387585,12.255395662807132,26.029552394700026,24980.4946649477,24935.315495832256,32.5108662583303
2025-05-26 05:25:00+00:00,24980.30078125,24992.30078125,24965.099609375,24969.94921875,0.0,52.27981826606667,11.004727676878247,23.02458745113567,24980.476199833633,24937.079624672166,32.13160237380671
2025-05-26 05:30:00+00:00,24972.30078125,24983.400390625,24966.55078125,24980.400390625,0.0,50.19179411697183,9.261272956548055,20.271924552218145,24979.69758853995,24938.460846498747,31.040031445320516
2025-05-26 05:35:00+00:00,24969.400390625,24976.80078125,24960.0,24972.55078125,0.0,49.42112970289824,7.558406639116583,17.729220969597836,24978.716903024244,24939.67416195468,30.022942145654763
2025-05-26 05:40:00+00:00,24972.75,24973.0,24963.25,24969.44921875,0.0,50.368912306255865,6.405321734986501,15.46444112267557,24978.148626545742,24940.971253642736,28.574874849536567
2025-05-26 05:45:00+00:00,24999.0,25009.849609375,24972.75,24972.75,0.0,57.14610369149688,7.522929610837309,13.876138820307919,24980.134471636622,24943.24689075479,29.18378445849824
2025-05-26 05:50:00+00:00,24995.349609375,25024.400390625,24990.400390625,24999.19921875,0.0,56.000892401611495,8.021617673271976,12.70523459090073,24981.58353237361,24945.290134622246,29.527799854319795
2025-05-26 05:55:00+00:00,24974.5,24995.94921875,24961.650390625,24995.94921875,0.0,49.85542795915043,6.657696545000363,11.495726981720658,24980.90891024279,24946.43561953902,29.86858758793981
2025-05-26 06:00:00+00:00,24977.400390625,24980.44921875,24968.400390625,24974.349609375,0.0,50.66647338252776,5.74459637704058,10.345500860784641,24980.574765517285,24947.649924287492,28.595747626301254
2025-05-26 06:05:00+00:00,24965.25,24977.19921875,24954.099609375,24977.19921875,0.0,47.220808042738675,3.9944770915753907,9.075296106942792,24979.11526403945,24948.34012333504,28.217535742279733
2025-05-26 06:10:00+00:00,24973.69921875,24977.55078125,24964.900390625,24964.900390625,0.0,49.77852721881628,3.2517916588985827,7.910595217333951,24978.59945020236,24949.33459766504,27.105596805331178
2025-05-26 06:15:00+00:00,24979.5,24987.69921875,24972.400390625,24973.650390625,0.0,51.51571102096949,3.0955985374712327,6.947595881361408,24978.685216849753,24950.517554619357,26.262256185307525
2025-05-26 06:20:00+00:00,24995.599609375,24997.400390625,24978.400390625,24979.30078125,0.0,56.05871022647782,4.222246856435959,6.4025260763763185,24980.296111375967,24952.285478335267,25.743523600642703
2025-05-26 06:25:00+00:00,24999.05078125,25011.349609375,24988.400390625,24995.099609375,0.0,56.98908147349423,5.33213891566993,6.1884486442350415,24982.08227041159,24954.119411782904,25.543930397025367
2025-05-26 06:30:00+00:00,25007.150390625,25007.150390625,24991.55078125,25000.0,0.0,59.17384353062374,6.787070035687066,6.308172922525447,24984.469710431913,24956.199058012004,24.833621752594983
2025-05-26 06:35:00+00:00,24987.400390625,25007.849609375,24987.400390625,25006.05078125,0.0,52.209747809231494,6.274129231875122,6.301364184395383,24984.748822831258,24957.422639683104,24.520450109552485
2025-05-26 06:40:00+00:00,24989.80078125,24998.349609375,24980.44921875,24987.5,0.0,52.934742616875226,5.992236637925089,6.239538675101325,24985.22996172828,24958.692370724944,24.047588717798735
2025-05-26 06:45:00+00:00,24984.599609375,24988.099609375,24972.0,24987.80078125,0.0,51.12493541059035,5.288184722292499,6.04926788453956,24985.169928170824,24959.708340868085,23.60138818438454
2025-05-26 06:50:00+00:00,24981.849609375,24993.94921875,24980.099609375,24983.400390625,0.0,50.14867177223571,4.456939663352387,5.730802240302126,24984.853707333124,24960.57662590757,22.904832555142786
2025-05-26 06:55:00+00:00,25007.400390625,25013.80078125,24978.94921875,24981.55078125,0.0,58.14573043942199,5.793126914457389,5.7432671751331785,24987.00101050378,24962.41285197492,23.75817040834687
2025-05-26 07:00:00+00:00,24998.05078125,25010.30078125,24992.650390625,25006.19921875,0.0,54.68853595641493,6.028140942653408,5.800241928637225,24988.053369622467,24963.81041782885,23.321900423822093
2025-05-26 07:05:00+00:00,24997.599609375,25002.19921875,24991.25,24998.05078125,0.0,54.520076392482885,6.107581060838129,5.861709755077406,24988.96253531318,24965.13548416399,22.438137447120514
2025-05-26 07:10:00+00:00,24968.400390625,25003.44921875,24968.400390625,24997.349609375,0.0,44.883916148974606,3.7709359988948563,5.443555003840896,24987.00423581907,24965.263519711483,23.338901066969047
2025-05-26 07:15:00+00:00,24968.30078125,24977.05078125,24963.150390625,24967.349609375,0.0,44.85479087222393,1.889311501658085,4.732706303404334,24985.222954431538,24965.38262800711,22.664721749685544
2025-05-26 07:20:00+00:00,24957.599609375,24972.25,24957.0,24967.30078125,0.0,41.722477428289224,-0.46008107739544357,3.6941488272443785,24982.592159664247,24965.077411590166,22.13509876756515
2025-05-26 07:25:00+00:00,24967.349609375,24968.30078125,24939.44921875,24956.650390625,0.0,45.45956226583289,-1.517752401981852,2.651768581399133,24981.14048820813,24965.16651738565,22.614846177024784
2025-05-26 07:30:00+00:00,24973.400390625,24977.650390625,24965.94921875,24966.75,0.0,47.70095101501874,-1.8464325434470084,1.7521283564299048,24980.403336057356,24965.489414375428,21.835298012594443
2025-05-26 07:35:00+00:00,24988.5,24992.099609375,24971.900390625,24972.69921875,0.0,52.90252883777821,-0.8783762648927222,1.2260274321653797,24981.174446909034,24966.391790282272,21.718435208123413
2025-05-26 07:40:00+00:00,24981.900390625,24989.05078125,24978.05078125,24988.5,0.0,50.53668923316275,-0.6363821932063729,0.8535455070910292,24981.24358440579,24966.99997068787,20.952832693257456
2025-05-26 07:45:00+00:00,24976.80078125,24982.55078125,24972.349609375,24980.599609375,0.0,48.72346950943968,-0.846339925443317,0.51356842058416,24980.820460295716,24967.38431620011,20.184856920524783
2025-05-26 07:50:00+00:00,24973.30078125,24986.849609375,24969.94921875,24976.400390625,0.0,47.46474520392673,-1.280394103971048,0.15477591567311838,24980.1043003866,24967.616334437364,19.950252185130157
2025-05-26 07:55:00+00:00,24973.05078125,24979.099609375,24968.0,24973.05078125,0.0,47.370608708645136,-1.6258166757033905,-0.20134260260218342,24979.432536659304,24967.829449998644,19.318063412978002
2025-05-26 08:00:00+00:00,24980.150390625,24984.30078125,24967.849609375,24971.69921875,0.0,50.38028812838934,-1.3115684649455943,-0.42338777507086567,24979.500903703658,24968.312624140857,19.113285445979574
2025-05-26 08:05:00+00:00,24989.69921875,24990.75,24979.849609375,24979.849609375,0.0,54.175935067059875,-0.28868607372351107,-0.39644743480139477,24980.47217180331,24969.15131412553,18.52665010162389
2025-05-26 08:10:00+00:00,25001.19921875,25009.19921875,24988.75,24990.30078125,0.0,58.31189369295094,1.4333862963067077,-0.030480688579774318,24982.446176274425,24970.408094699043,18.663976433650756
2025-05-26 08:15:00+00:00,25002.849609375,25004.69921875,24993.0,25000.69921875,0.0,58.885418280488835,2.897908501643542,0.555197149464889,24984.389360379242,24971.680310960848,18.166493741961414
2025-05-26 08:20:00+00:00,25000.900390625,25003.400390625,24992.25,25002.30078125,0.0,57.87273784937319,3.8568083519603533,1.215519389963982,24985.96183945027,24972.826196437876,17.665343519321315
2025-05-26 08:25:00+00:00,24989.150390625,25013.349609375,24989.150390625,24999.599609375,0.0,52.06060137127724,3.6268089942095685,1.6977773108130996,24986.265510990717,24973.4663609158,18.13204889294122
2025-05-26 08:30:00+00:00,24985.650390625,25000.650390625,24984.94921875,24989.650390625,0.0,50.43574464152997,3.1260766313644126,1.9834371749233624,24986.206928098745,24973.944166002435,17.958414820231134
2025-05-26 08:35:00+00:00,24995.099609375,24997.44921875,24976.75,24984.75,0.0,54.55922704192873,3.45192397806386,2.277134535551462,24987.053850125056,24974.773791232736,18.15418652950034
2025-05-26 08:40:00+00:00,25001.0,25004.099609375,24994.25,24994.25,0.0,56.96674377041658,4.1385657499449735,2.6494207784301644,24988.38205487505,24975.802270007924,17.561002447036028
2025-05-26 08:45:00+00:00,24990.44921875,25001.150390625,24982.900390625,24999.599609375,0.0,51.69272613681034,3.7877120441589796,2.8770790315759274,24988.578927625043,24976.376660154674,17.610216557962026
2025-05-26 08:50:00+00:00,24979.25,24991.80078125,24969.25,24989.349609375,0.0,46.74564399917832,2.5762768810018315,2.8169186014611083,24987.69045832742,24976.489340148608,17.96311403596474
2025-05-26 08:55:00+00:00,24985.099609375,24988.05078125,24975.25,24976.099609375,0.0,49.46600856151746,2.064422992421896,2.6664194796532663,24987.44371080814,24976.82699776533,17.594375979824402
2025-05-26 09:00:00+00:00,25003.599609375,25004.150390625,24979.80078125,24984.05078125,0.0,56.95501315575682,3.1156551538733765,2.7562666144972887,24988.98236781451,24977.876904102963,18.076892650908373
2025-05-26 09:05:00+00:00,24990.599609375,25004.849609375,24987.94921875,25003.400390625,0.0,51.21165841011926,2.866727016506047,2.7783586948990404,24989.136390820273,24978.375833721475,17.992856791914917
2025-05-26 09:10:00+00:00,24993.94921875,25000.349609375,24987.05078125,24988.94921875,0.0,52.5396642536146,2.906233901572705,2.8039337362337737,24989.59475538501,24978.986554702984,17.657569029992423
2025-05-26 09:15:00+00:00,24984.400390625,24998.349609375,24983.150390625,24993.30078125,0.0,48.4877817551557,2.1423372357239714,2.6716144361318137,24989.100053979295,24979.198861994042,17.481972581421537
2025-05-26 09:20:00+00:00,25001.5,25004.69921875,24984.44921875,24984.55078125,0.0,55.15713469513938,2.8835000005346956,2.7139915490123903,24990.281001219362,24980.07341642565,17.683176548819997
2025-05-26 09:25:00+00:00,25004.599609375,25013.44921875,24993.349609375,25000.400390625,0.0,56.262567115288356,3.678584965837217,2.906910232377356,24991.644678186567,24981.03522791386,17.85577889354714
2025-05-26 09:30:00+00:00,25002.25,25019.650390625,24998.75,25004.44921875,0.0,55.1526799056562,4.0721603592683095,3.139960257755547,24992.654708835467,24981.86717976038,18.073251160079487
2025-05-26 09:35:00+00:00,25007.94921875,25008.80078125,24999.30078125,25000.400390625,0.0,57.35042997933379,4.788749295901653,3.4697180653847686,24994.11132882733,24982.890004818797,17.460876077216664
2025-05-26 09:40:00+00:00,25004.44921875,25010.849609375,24999.94921875,25007.099609375,0.0,55.55005205825106,5.016404453708674,3.7790553430495497,24995.095889772347,24983.73546418865,16.992269973486902
2025-05-26 09:45:00+00:00,25001.30078125,25006.80078125,24994.900390625,25002.900390625,0.0,53.91054812473718,4.886442347098637,4.000532743859368,24995.68683181784,24984.42430015184,16.628564305737836
2025-05-26 09:50:00+00:00,24999.5,25002.94921875,24994.5,25002.05078125,0.0,52.94798766282539,4.585282165600802,4.117482628207655,24996.049990692332,24985.015504067454,16.04432533747085
2025-05-26 09:55:00+00:00,24996.349609375,25004.05078125,24992.599609375,24999.400390625,0.0,51.22483801876311,4.045763316386001,4.103138765843324,24996.07852580497,24985.4599787854,15.71624294729436
2025-05-27 03:45:00+00:00,24874.30078125,24969.55078125,24865.69921875,24957.75,0.0,21.725933956308367,-6.159131054835598,2.05068480170754,24984.48064537116,24981.100794568323,23.925824924273336
2025-05-27 03:50:00+00:00,24790.650390625,24876.349609375,24771.0,24876.19921875,0.0,15.245689375550555,-20.757194773825177,-2.510891113399004,24966.020621109623,24973.63215127643,29.741809527896667
2025-05-27 03:55:00+00:00,24790.44921875,24813.5,24784.150390625,24790.05078125,0.0,15.233921214004198,-31.973922853961994,-8.403497461511602,24949.299535170612,24966.44850686363,29.71379523126119
2025-05-27 04:00:00+00:00,24810.55078125,24838.30078125,24766.349609375,24791.900390625,0.0,21.734874933846626,-38.79403903806815,-14.481605776822912,24936.085368130556,24960.334870565057,32.73075070581397
2025-05-27 04:05:00+00:00,24830.650390625,24841.650390625,24795.0,24810.55078125,0.0,27.70528314614029,-42.091949955382006,-20.00367461253473,24926.043941701457,24955.249204685053,33.725010700041544
2025-05-27 04:10:00+00:00,24825.69921875,24836.94921875,24804.099609375,24830.349609375,0.0,27.155739184628473,-44.59106823156253,-24.92115333634029,24916.487301420366,24950.168813079756,33.66248203396715
2025-05-27 04:15:00+00:00,24782.30078125,24827.349609375,24781.75,24826.05078125,0.0,22.87306541528345,-49.50289017749674,-29.837500704571582,24903.707632832713,24943.585753008,34.51513398689807
2025-05-27 04:20:00+00:00,24786.19921875,24800.099609375,24772.099609375,24783.099609375,0.0,24.03206913036759,-52.47606175705005,-34.365212915067275,24892.516355301024,24937.413732056706,34.049767273548206
2025-05-27 04:25:00+00:00,24760.400390625,24803.849609375,24751.400390625,24785.55078125,0.0,21.707305694919228,-56.265478067161894,-38.745265945486196,24879.933882474736,24930.472032392718,35.36401380758048
2025-05-27 04:30:00+00:00,24763.19921875,24767.75,24737.75,24760.69921875,0.0,22.582267275388674,-58.369923609927355,-42.670197478374426,24868.816295453333,24923.91231421065,34.98086996418187
2025-05-27 04:35:00+00:00,24780.900390625,24784.05078125,24754.0,24762.55078125,0.0,28.05821656323812,-57.94146212081614,-45.72445040686277,24860.44335213635,24918.3040034818,34.62872077031174
2025-05-27 04:40:00+00:00,24777.099609375,24791.44921875,24759.55078125,24781.099609375,0.0,27.606684330622258,-57.24866758238204,-48.02929384196663,24852.505852825743,24912.766576261925,34.43370053671804
2025-05-27 04:45:00+00:00,24764.44921875,24779.75,24753.44921875,24776.900390625,0.0,26.101106018519502,-57.06262134050485,-49.83595934167427,24844.11950672329,24906.950209300674,33.8527777305239
2025-05-27 04:50:00+00:00,24760.650390625,24771.150390625,24753.05078125,24764.30078125,0.0,25.648744550316422,-56.56961275253707,-51.18269002384683,24836.17006709488,24901.212961509475,32.72755141941504
2025-05-27 04:55:00+00:00,24755.69921875,24776.349609375,24752.44921875,24760.30078125,0.0,25.039631822512376,-55.93364978900354,-52.132881976878174,24828.506176776318,24895.50654022479,32.09703993409968
2025-05-27 05:00:00+00:00,24775.400390625,24779.25,24751.349609375,24756.30078125,0.0,31.963405598174106,-53.22636424304801,-52.35157843011214,24823.448482857144,24890.796495142447,31.797279269163994
2025-05-27 05:05:00+00:00,24775.69921875,24798.849609375,24767.349609375,24776.44921875,0.0,32.06590304763489,-50.474865184332884,-51.976235780956294,24818.900933894558,24886.28287646039,31.77604503565228
2025-05-27 05:10:00+00:00,24761.30078125,24781.30078125,24758.69921875,24775.80078125,0.0,29.7410010369326,-48.89251346956371,-51.35949131867778,24813.415205071266,24881.381617824693,31.120724854534263
2025-05-27 05:15:00+00:00,24761.25,24768.19921875,24754.25,24762.55078125,0.0,29.732813186799504,-47.09965050534811,-50.50752315601186,24808.447090302576,24876.67057398843,29.89418870421039
2025-05-27 05:20:00+00:00,24778.80078125,24783.150390625,24758.55078125,24761.400390625,0.0,36.26379198667411,-43.75817531394932,-49.157653587599356,24805.62363229757,24872.832542900647,29.516004466409647
2025-05-27 05:25:00+00:00,24779.69921875,24803.25,24770.849609375,24778.650390625,0.0,36.588705986044566,-40.56987152793954,-47.4400971756674,24803.15464053114,24869.180255679054,29.722032049166103
2025-05-27 05:30:00+00:00,24872.80078125,24873.0,24772.599609375,24779.69921875,0.0,59.582324357733306,-30.182672732313222,-43.98861228699656,24809.78760631389,24869.322237073993,34.77048623315424
2025-05-27 05:35:00+00:00,24868.150390625,24960.19921875,24825.099609375,24876.349609375,0.0,58.44237461445454,-22.07156326727636,-39.60520248305252,24815.34596672447,24869.276282311286,41.9368521718575
2025-05-27 05:40:00+00:00,24877.650390625,24888.05078125,24842.650390625,24870.19921875,0.0,60.12091688513505,-14.707342879944918,-34.625630562431006,24821.279721381667,24869.604678715747,42.18424777565339
2025-05-27 05:45:00+00:00,24913.849609375,24930.75,24880.650390625,24880.650390625,0.0,65.79091923446532,-5.882362529417151,-28.876976955828237,24830.095901190554,24871.339774035718,42.963916461321006
2025-05-27 05:50:00+00:00,24946.25,24946.25,24888.599609375,24913.44921875,0.0,69.91413705992157,3.683477880880673,-22.364885988486456,24841.158196315264,24874.277429955884,44.01295033015522
2025-05-27 05:55:00+00:00,25012.55078125,25012.55078125,24942.0,24942.44921875,0.0,76.22821284853725,16.42505644585981,-14.606897501617205,24857.481299642383,24879.69991432036,45.9085096815727
2025-05-27 06:00:00+00:00,25021.55078125,25062.400390625,25001.19921875,25013.30078125,0.0,76.93582263994085,26.938543282285536,-6.297809344836658,24873.10696455739,24885.262693415643,47.00084269538894
2025-05-27 06:05:00+00:00,24976.599609375,25028.0,24925.400390625,25022.44921875,0.0,66.31776508818143,31.2827652036176,1.2183055648541945,24882.96340692097,24888.844533257186,50.97218317250401
2025-05-27 06:10:00+00:00,24968.94921875,24978.55078125,24940.400390625,24974.5,0.0,64.68160962161036,33.71957155704149,7.718558763291654,24891.15253185707,24891.985893472593,50.05634084768229
2025-05-27 06:15:00+00:00,24930.30078125,24976.19921875,24913.099609375,24968.150390625,0.0,57.027230329996655,32.16141546292056,12.607130103217436,24894.88093656116,24893.488438091317,50.988002885347846
2025-05-27 06:20:00+00:00,24946.55078125,24946.55078125,24908.0,24931.099609375,0.0,59.212773753349,31.870422335468902,16.459788549667728,24899.801874150573,24895.569314293618,50.09962991139442
2025-05-27 06:25:00+00:00,24948.05078125,24977.05078125,24935.900390625,24947.849609375,0.0,59.41794791853803,31.398898690484202,19.447610577831025,24904.397008160042,24897.627411037007,49.46039853379482
2025-05-27 06:30:00+00:00,24953.94921875,24971.099609375,24926.599609375,24948.150390625,0.0,60.26441203678006,31.142179752780066,21.78652441282083,24909.116266311466,24899.836109378695,49.10608435280948
2025-05-27 06:35:00+00:00,24950.05078125,24965.05078125,24936.69921875,24954.849609375,0.0,59.38280802727436,30.275163579332002,23.484252246123066,24913.01479154371,24901.80531219718,47.62361850618023
2025-05-27 06:40:00+00:00,24957.44921875,24967.44921875,24942.099609375,24950.05078125,0.0,60.56193967682254,29.841050040828122,24.755611805064078,24917.24664175383,24903.987426179643,46.03261785395307
2025-05-27 06:45:00+00:00,24934.650390625,24962.75,24923.400390625,24957.400390625,0.0,55.24007464355791,27.342153713903826,25.272920186832028,24918.904141646322,24905.18989537358,45.55526010545642
2025-05-27 06:50:00+00:00,24894.94921875,24940.099609375,24881.80078125,24935.44921875,0.0,47.42478719974198,21.905692411164637,24.599474631698552,24916.622720418098,24904.788300211872,46.46551496399525
2025-05-27 06:55:00+00:00,24856.30078125,24908.55078125,24835.150390625,24895.900390625,0.0,41.29922567690517,14.31365287299559,22.542310279957963,24910.87777383066,24902.886828880037,48.38943465406702
2025-05-27 07:00:00+00:00,24885.30078125,24888.69921875,24819.94921875,24854.05078125,0.0,46.84700290505596,10.515745509779663,20.1369973259223,24908.441869775357,24902.19717995337,49.843760750205085
2025-05-27 07:05:00+00:00,24854.05078125,24885.69921875,24850.400390625,24884.599609375,0.0,42.216827107131856,4.927462014271441,17.09509026359213,24903.261766106276,24900.309085886573,48.804836991261865
2025-05-27 07:10:00+00:00,24860.400390625,24866.44921875,24835.69921875,24854.55078125,0.0,43.44005208334123,0.9995453566589276,13.87598128220549,24899.179730346154,24898.74403901357,47.51520577760031
2025-05-27 07:15:00+00:00,24848.849609375,24881.30078125,24844.5,24857.349609375,0.0,41.71024860109712,-3.0107028976672154,10.49864444623095,24894.386385491758,24896.787394714018,46.74988973991457
2025-05-27 07:20:00+00:00,24849.349609375,24857.69921875,24824.599609375,24850.150390625,0.0,41.818251776625104,-6.07843924624467,7.183227707735825,24890.097168718734,24894.927089406607,45.77486971384924
2025-05-27 07:25:00+00:00,24824.25,24851.19921875,24820.55078125,24849.349609375,0.0,38.01081145828442,-10.414914463832247,3.6635992734222107,24883.82600979314,24892.15543884164,44.69441027000287
2025-05-27 07:30:00+00:00,24814.849609375,24833.599609375,24802.69921875,24824.150390625,0.0,36.66440706850814,-14.443638009361166,0.04215181686553571,24877.25682880094,24889.123837686086,43.70912315250267
2025-05-27 07:35:00+00:00,24823.650390625,24823.849609375,24800.80078125,24814.80078125,0.0,38.848327087925746,-16.733388858319813,-3.3129563181715342,24872.151453736562,24886.55625152683,42.23338779339533
2025-05-27 07:40:00+00:00,24829.849609375,24837.099609375,24817.849609375,24822.0,0.0,40.40710341805739,-17.842134735896252,-6.218792001716478,24868.122706654507,24884.33246163852,40.59171723672423
2025-05-27 07:45:00+00:00,24816.5,24848.25,24808.400390625,24830.0,0.0,38.151791201046194,-19.572407214214763,-8.889515044216136,24863.206258401697,24881.67236510368,40.53870953231535
2025-05-27 07:50:00+00:00,24813.099609375,24831.650390625,24804.94921875,24816.75,0.0,37.57647066572558,-20.976242656324757,-11.30686056663786,24858.43419658963,24878.98323742805,39.550313985364255
2025-05-27 07:55:00+00:00,24824.849609375,24829.80078125,24804.19921875,24812.099609375,0.0,40.893316417266746,-20.899746291524934,-13.225437711615276,24855.235664473956,24876.86035005342,38.553974593552525
2025-05-27 08:00:00+00:00,24825.80078125,24837.55078125,24820.25,24824.75,0.0,41.16584514712537,-20.52576253658117,-14.685502676608456,24852.432342262153,24874.858014021913,37.03588935472734
2025-05-27 08:05:00+00:00,24826.30078125,24831.650390625,24813.94921875,24825.55078125,0.0,41.31901341261244,-19.95895745750022,-15.74019363278681,24849.94362216576,24872.953808815175,35.65483810617538
2025-05-27 08:10:00+00:00,24847.400390625,24849.30078125,24821.55078125,24827.05078125,0.0,47.52717248248714,-17.604267175229324,-16.11300834127531,24849.701409638066,24871.95171398419,35.09020681287714
2025-05-27 08:15:00+00:00,24838.900390625,24871.849609375,24834.94921875,24847.5,0.0,45.44149462424069,-16.236868610201782,-16.137780395060606,24848.67274116063,24870.65558365638,35.2195056566002
2025-05-27 08:20:00+00:00,24810.69921875,24845.150390625,24806.80078125,24839.25,0.0,39.28216334508577,-17.230175540902565,-16.356259424229,24845.056215216762,24868.304353660053,35.44308449362875
2025-05-27 08:25:00+00:00,24764.349609375,24815.75,24761.69921875,24811.150390625,0.0,31.68151692499231,-21.50945692631285,-17.38689892464577,24837.36987180326,24864.227697021423,36.772205690512415
2025-05-27 08:30:00+00:00,24769.05078125,24783.94921875,24744.55078125,24761.599609375,0.0,33.095535025863995,-24.242025988372916,-18.757924337391202,24830.86329175057,24860.495268951956,36.95979367690438
2025-05-27 08:35:00+00:00,24761.55078125,24787.44921875,24756.94921875,24769.19921875,0.0,31.959083571042115,-26.704955869037803,-20.347330643720525,24824.262100274325,24856.615092963642,36.49837984283978
2025-05-27 08:40:00+00:00,24767.599609375,24771.400390625,24760.55078125,24761.94921875,0.0,33.929613318872754,-27.847744205802883,-21.847413356136997,24818.865672569627,24853.12428968566,34.666324809422655
2025-05-27 08:45:00+00:00,24722.44921875,24779.94921875,24716.75,24768.25,0.0,27.52234122740677,-32.02747854565678,-23.883426394040953,24809.683153158236,24847.999777099947,36.70438866232104
2025-05-27 08:50:00+00:00,24737.55078125,24737.55078125,24706.05078125,24721.599609375,0.0,32.138321160755424,-33.7325306233688,-25.853247239906523,24802.81340345269,24843.66844392936,36.33264661501239
2025-05-27 08:55:00+00:00,24731.349609375,24739.5,24725.099609375,24737.650390625,0.0,31.25796772745808,-35.17866170991692,-27.7183301339086,24796.007327826243,24839.26378375076,34.76605690144008
2025-05-27 09:00:00+00:00,24757.400390625,24757.5,24727.44921875,24731.400390625,0.0,38.83762989490923,-33.832648966217675,-28.94119390037042,24792.33047666422,24836.053454608573,34.42925149776579
2025-05-27 09:05:00+00:00,24765.150390625,24771.19921875,24745.19921875,24758.349609375,0.0,40.92452368861029,-31.774289705866977,-29.507813061469733,24789.74189704144,24833.27294229549,33.82716210506823
2025-05-27 09:10:00+00:00,24780.650390625,24784.94921875,24765.44921875,24765.75,0.0,44.968790314943504,-28.5630476676306,-29.31885998270191,24788.876039287494,24831.209312818217,32.825138249349074
2025-05-27 09:15:00+00:00,24790.30078125,24797.19921875,24767.099609375,24781.25,0.0,47.38396497654583,-24.951780748302554,-28.44544413582204,24789.011728998208,24829.605056678287,32.630457615466995
2025-05-27 09:20:00+00:00,24786.150390625,24798.25,24780.400390625,24789.900390625,0.0,46.43999024769594,-22.169175083607115,-27.190190325379056,24788.739220581712,24827.90095212718,31.57468274114792
2025-05-27 09:25:00+00:00,24817.69921875,24817.69921875,24778.94921875,24784.849609375,0.0,53.94995606516282,-17.219715124560025,-25.196095285215254,24791.49731564536,24827.500884151606,32.0872054024945
2025-05-27 09:30:00+00:00,24818.0,24828.599609375,24816.650390625,24818.05078125,0.0,54.01615557915796,-13.121703089691437,-22.781216846110492,24794.021380821992,24827.128300459386,30.648777784459178
2025-05-27 09:35:00+00:00,24841.5,24842.69921875,24817.650390625,24818.30078125,0.0,58.978002297925286,-7.886830947394628,-19.80233966636732,24798.54315407704,24827.691896519802,30.24878138021209
2025-05-27 09:40:00+00:00,24831.80078125,24838.94921875,24826.94921875,24838.94921875,0.0,56.27879385660771,-4.469283830811037,-16.735728499256066,24801.71054714113,24827.85302925432,29.127495656625513
2025-05-27 09:45:00+00:00,24825.5,24834.80078125,24820.599609375,24832.599609375,0.0,54.53278526483806,-2.2434128411150596,-13.837265367627865,24803.976209318163,24827.760753597286,28.06132967222369
2025-05-27 09:50:00+00:00,24822.25,24830.150390625,24819.900390625,24825.599609375,0.0,53.60891235319432,-0.7331901245051995,-11.216450319003332,24805.71657033548,24827.544645613078,26.789091838493423
2025-05-27 09:55:00+00:00,24837.69921875,24843.30078125,24816.55078125,24822.5,0.0,57.31124853785258,1.6908045551754185,-8.634999344167582,24808.76253685115,24827.942864167468,26.78629956431532
2025-05-28 03:45:00+00:00,24815.75,24844.650390625,24766.94921875,24844.400390625,0.0,51.074699460504604,1.8197424289355695,-6.544050989546951,24809.428009531995,24827.464712631492,30.423076157935657
2025-05-28 03:50:00+00:00,24804.150390625,24863.150390625,24795.650390625,24817.75,0.0,48.09602759423687,0.9746993607514014,-5.040300919487281,24808.9253791599,24826.550425493984,33.071427860940254
2025-05-28 03:55:00+00:00,24769.150390625,24813.19921875,24765.19921875,24804.44921875,0.0,40.433566866511256,-2.4905018962053873,-4.530341114830903,24805.13728501372,24824.299443734417,34.13775444230166
2025-05-28 04:00:00+00:00,24766.19921875,24780.900390625,24757.69921875,24768.900390625,0.0,39.85696712365287,-5.412442496144649,-4.706761391093652,24801.428897750506,24822.02100353895,33.356569973208686
2025-05-28 04:05:00+00:00,24769.69921875,24801.55078125,24743.349609375,24766.5,0.0,40.932780991254056,-7.360829661382013,-5.237575045151324,24798.407023559983,24819.969168841348,35.13118439476521
2025-05-28 04:10:00+00:00,24807.25,24807.25,24769.69921875,24771.0,0.0,51.04959409142869,-5.807955806096288,-5.351651197340318,24799.249211792365,24819.470377906393,35.30401274156769
2025-05-28 04:15:00+00:00,24782.80078125,24814.80078125,24771.94921875,24806.30078125,0.0,45.57609548552373,-6.475494243622961,-5.576419806596847,24797.682694597854,24818.0323545081,35.84312343859857
2025-05-28 04:20:00+00:00,24776.19921875,24785.55078125,24752.94921875,24783.30078125,0.0,44.19811550686558,-7.45132000814192,-5.951399846905862,24795.63664927901,24816.391839380332,35.61158337155582
2025-05-28 04:25:00+00:00,24782.150390625,24789.5,24762.650390625,24775.25,0.0,45.78933810691937,-7.656203178255964,-6.292360513175883,24794.352243692912,24815.04903746836,34.98572808608755
2025-05-28 04:30:00+00:00,24763.900390625,24784.650390625,24758.650390625,24783.400390625,0.0,41.848347125919304,-9.185314457656204,-6.870951302071948,24791.45206721025,24813.04320818039,34.34389036565272
2025-05-28 04:35:00+00:00,24767.75,24769.5,24755.80078125,24763.75,0.0,42.963494994721685,-9.971568820914399,-7.491074805840438,24789.19472747594,24811.26700393802,32.869270964534664
2025-05-28 04:40:00+00:00,24760.5,24775.55078125,24756.650390625,24767.849609375,0.0,41.35505442543359,-11.052291540607257,-8.203318152793802,24786.461896287758,24809.276141038492,31.871493797425046
2025-05-28 04:45:00+00:00,24753.849609375,24760.0,24737.25,24760.0,0.0,39.88017570163028,-12.30357507124063,-9.023369536483168,24783.355964200826,24807.102551561493,31.255672811894687
2025-05-28 04:50:00+00:00,24767.849609375,24772.5,24748.599609375,24753.25,0.0,44.377400141044234,-12.02690461722159,-9.624076552630852,24781.87916850313,24805.563220495354,30.730295512830782
2025-05-28 04:55:00+00:00,24750.5,24769.599609375,24750.400390625,24767.30078125,0.0,40.34922448749803,-13.057095697495242,-10.310680381603731,24778.890676264735,24803.403878515146,29.906647172628585
2025-05-28 05:00:00+00:00,24767.5,24767.5,24747.599609375,24750.25,0.0,45.56335392716354,-12.359301293749013,-10.720404564032789,24777.805849953806,24801.99588327926,29.19191456208369
2025-05-28 05:05:00+00:00,24749.69921875,24766.849609375,24743.849609375,24766.650390625,0.0,41.475184673156306,-13.091754880060762,-11.194674627238383,24775.129027934396,24799.945033689877,28.796091423720565
2025-05-28 05:10:00+00:00,24752.69921875,24766.25,24748.650390625,24749.69921875,0.0,42.412972772700456,-13.277104500331916,-11.61116060185709,24772.992855631117,24798.092256633412,27.99634270595481
2025-05-28 05:15:00+00:00,24782.44921875,24799.05078125,24751.650390625,24752.099609375,0.0,50.827626281734986,-10.897796031880716,-11.468487687861817,24773.89346164244,24797.478804167396,29.38234612874375
2025-05-28 05:20:00+00:00,24793.94921875,24797.900390625,24776.900390625,24782.5,0.0,53.64719786482103,-7.99209514028189,-10.773209178345832,24775.803533747923,24797.340389052988,28.78360711954777
2025-05-28 05:25:00+00:00,24781.650390625,24794.5,24775.900390625,24794.5,0.0,50.32377403047295,-6.605573948687379,-9.939682132414141,24776.360377260025,24796.72509499699,28.05617870922293
2025-05-28 05:30:00+00:00,24798.44921875,24801.900390625,24781.05078125,24781.5,0.0,54.47247967526948,-4.103913518531044,-8.772528409637522,24778.46407644955,24796.79270769319,27.541423756778435
2025-05-28 05:35:00+00:00,24785.25,24798.80078125,24782.25,24798.80078125,0.0,50.87713447841978,-3.150084038854402,-7.6480395354808985,24779.110354882927,24796.340052489533,26.756377863437116
2025-05-28 05:40:00+00:00,24768.05078125,24785.19921875,24758.44921875,24784.75,0.0,46.56430987346785,-3.7389007964957273,-6.866211787683865,24778.057062155982,24795.23066930367,26.759549533905894
2025-05-28 05:45:00+00:00,24773.05078125,24783.849609375,24767.75,24767.75,0.0,47.945778656626494,-3.7587555120699108,-6.2447205325610735,24777.58027349827,24794.360869772154,25.998125236841187
2025-05-28 05:50:00+00:00,24760.69921875,24783.099609375,24757.599609375,24772.94921875,0.0,44.86039399740974,-4.7167862093156145,-5.939133667911983,24775.972553998436,24793.040805026187,25.9625448627811
2025-05-28 05:55:00+00:00,24758.69921875,24765.69921875,24753.75,24760.05078125,0.0,44.362578401506205,-5.573171670588636,-5.865941268447314,24774.327474450965,24791.694076152613,24.96159299758245
2025-05-28 06:00:00+00:00,24755.05078125,24763.55078125,24746.349609375,24759.599609375,0.0,43.41608482588115,-6.471660460236308,-5.987085106805113,24772.49159890802,24790.257084195648,24.407277203112276
2025-05-28 06:05:00+00:00,24751.25,24761.69921875,24750.19921875,24755.400390625,0.0,42.4011704979762,-7.405049777364184,-6.270678040916928,24770.468589488206,24788.72739461935,23.4853288314614
2025-05-28 06:10:00+00:00,24756.349609375,24760.650390625,24750.099609375,24750.849609375,0.0,44.28314627823351,-7.645143226371147,-6.545571078007772,24769.123924715517,24787.45767755094,22.561432575642726
2025-05-28 06:15:00+00:00,24763.05078125,24765.349609375,24752.25,24756.349609375,0.0,46.74552586540762,-7.21156007272657,-6.678768876951532,24768.545530099756,24786.50054436267,21.8855880613111
2025-05-28 06:20:00+00:00,24776.5,24780.69921875,24763.150390625,24763.150390625,0.0,51.38891144291423,-5.716802999959327,-6.486375701553091,24769.303098661687,24786.10836615237,21.582934449788876
2025-05-28 06:25:00+00:00,24770.900390625,24777.19921875,24764.900390625,24776.599609375,0.0,49.45543865641478,-4.927240764882299,-6.174548714218933,24769.45522170581,24785.511974955218,20.91978399801824
2025-05-28 06:30:00+00:00,24764.150390625,24771.44921875,24759.099609375,24770.849609375,0.0,47.15239016691719,-4.7909485207092075,-5.897828675516988,24768.949999698118,24784.674265765796,20.30762866780265
2025-05-28 06:35:00+00:00,24756.900390625,24770.349609375,24754.5,24764.150390625,0.0,44.742337095289805,-5.20791672233463,-5.759846284880517,24767.80241788163,24783.585094191647,19.989198718316747
2025-05-28 06:40:00+00:00,24761.69921875,24763.650390625,24755.5,24757.25,0.0,46.68481327144175,-5.092439232463221,-5.6263648743970585,24767.221160821475,24782.72682456648,19.143569568794124
2025-05-28 06:45:00+00:00,24768.400390625,24769.30078125,24759.05078125,24762.19921875,0.0,49.361773507758436,-4.4093655027099885,-5.382965000059644,24767.33346842181,24782.1650036276,18.50831459959454
2025-05-28 06:50:00+00:00,24770.05078125,24770.650390625,24764.150390625,24768.30078125,0.0,50.02726843437136,-3.6922895050120133,-5.044829901050118,24767.59226011973,24781.68993608338,17.650577842480647
2025-05-28 06:55:00+00:00,24776.44921875,24780.05078125,24767.55078125,24770.150390625,0.0,52.62666243612241,-2.577983785959077,-4.55146067803191,24768.43577998928,24781.484417756583,17.2826794251606
2025-05-28 07:00:00+00:00,24792.25,24793.150390625,24775.30078125,24776.099609375,0.0,58.383615429137734,-0.4151123247502255,-3.7241910073755737,24770.703800942683,24781.906597452406,17.3231744215777
2025-05-28 07:05:00+00:00,24792.650390625,24796.650390625,24783.94921875,24792.099609375,0.0,58.5211700614396,1.3161157055365038,-2.7161296647931583,24772.793952341,24782.32792267486,16.993031382536437
2025-05-28 07:10:00+00:00,24795.099609375,24799.150390625,24788.55078125,24793.05078125,0.0,59.405085784134165,2.852871746865276,-1.6023293824614715,24774.91830062995,24782.82877313369,16.53635838199812
2025-05-28 07:15:00+00:00,24809.80078125,24813.599609375,24789.30078125,24795.25,0.0,64.32002316082783,5.197114586975658,-0.2424405885740455,24778.240441641385,24783.88649894217,17.090820506498254
2025-05-28 07:20:00+00:00,24817.099609375,24827.05078125,24804.400390625,24809.5,0.0,66.48930350097461,7.556788405156112,1.3174052101719862,24781.94131475887,24785.188973861106,17.487932657819808
2025-05-28 07:25:00+00:00,24805.25,24819.69921875,24803.94921875,24816.55078125,0.0,60.10069611498162,8.374150467490836,2.728754261635756,24784.16118954374,24785.97568076851,17.363794610832677
2025-05-28 07:30:00+00:00,24820.849609375,24821.05078125,24802.599609375,24804.400390625,0.0,64.88425064465807,10.163515218981047,4.215706453104815,24787.65532476577,24787.343285811905,17.441464415416057
2025-05-28 07:35:00+00:00,24805.25,24823.30078125,24805.25,24821.150390625,0.0,57.464796322763576,10.205202350840409,5.413605632651934,24789.33100812141,24788.04550989771,17.484987046457768
2025-05-28 07:40:00+00:00,24791.349609375,24806.599609375,24789.69921875,24805.349609375,0.0,51.782620577023174,9.01270153704536,6.1334248135306195,24789.52325585985,24788.17508242623,17.443230159210785
2025-05-28 07:45:00+00:00,24784.94921875,24797.099609375,24780.400390625,24791.099609375,0.0,49.3623029577535,7.465124706730421,6.399764792170581,24789.087633277963,24788.04857796834,17.3900864871243
2025-05-28 07:50:00+00:00,24778.75,24785.0,24774.400390625,24784.80078125,0.0,47.067604633986974,5.6730385182236205,6.254419537381189,24788.103096775303,24787.683927851936,16.90505240768685
2025-05-28 07:55:00+00:00,24789.44921875,24791.05078125,24774.05078125,24778.400390625,0.0,51.27739503942216,5.057831307651213,6.015101891435195,24788.23129886813,24787.753154945978,16.91183437856636
2025-05-28 08:00:00+00:00,24784.44921875,24796.849609375,24781.55078125,24790.150390625,0.0,49.30395775272248,4.119331854264601,5.635947884001077,24787.871100761644,24787.623588820647,16.796619646168764
2025-05-28 08:05:00+00:00,24774.849609375,24788.849609375,24770.75,24785.19921875,0.0,45.66987014837733,2.571315502136713,5.023021407628204,24786.630958724818,24787.12264845023,16.88969034108528
2025-05-28 08:10:00+00:00,24776.69921875,24781.75,24765.69921875,24775.150390625,0.0,46.48828521907745,1.4767266236631258,4.313762450835188,24785.68507872722,24786.713886501202,16.82976826315062
2025-05-28 08:15:00+00:00,24766.25,24777.650390625,24761.099609375,24776.900390625,0.0,42.58543035099203,-0.23124196059507085,3.404761568549137,24783.834118848437,24785.911381148213,16.809840619354144
2025-05-28 08:20:00+00:00,24773.80078125,24776.099609375,24761.400390625,24765.849609375,0.0,46.1064497646116,-0.9644172250664269,2.5309258098260243,24782.878562886683,24785.43645566201,16.65908191440028
2025-05-28 08:25:00+00:00,24773.30078125,24781.44921875,24770.599609375,24773.44921875,0.0,45.90569048489348,-1.567737820019829,1.7111930838568539,24781.966393207,24784.96054686154,16.244119590157403
2025-05-28 08:30:00+00:00,24771.400390625,24776.30078125,24765.55078125,24773.099609375,0.0,45.10185730013813,-2.174157050314534,0.9341230570225764,24780.960107246807,24784.428776028737,15.851682476574732
2025-05-28 08:35:00+00:00,24788.69921875,24790.75,24769.849609375,24771.44921875,0.0,53.14481132037381,-1.2445316162084055,0.49839212237638003,24781.697165485206,24784.596244370747,16.212304487176535
2025-05-28 08:40:00+00:00,24788.55078125,24795.19921875,24786.099609375,24788.19921875,0.0,53.07295865811658,-0.5138510724937078,0.2959434834023625,24782.34989079614,24784.751324248366,15.704254836306783
2025-05-28 08:45:00+00:00,24793.30078125,24798.0,24785.30078125,24788.349609375,0.0,55.16207286803714,0.44339267056420795,0.3254333208347316,24783.392832744124,24785.08659707196,15.489609401570585
2025-05-28 08:50:00+00:00,24787.349609375,24795.30078125,24785.19921875,24793.400390625,0.0,52.036425141258626,0.7135796966540511,0.4030625959985955,24783.76966861373,24785.175342652474,15.104748908601257
2025-05-28 08:55:00+00:00,24771.69921875,24788.30078125,24770.44921875,24788.05078125,0.0,44.84063372903064,-0.33133148315391736,0.25618378016809296,24782.620101960045,24784.64686720532,15.300949879415453
2025-05-28 09:00:00+00:00,24783.150390625,24786.099609375,24769.05078125,24770.69921875,0.0,50.26042563351744,-0.2327344347613689,0.15840013718220058,24782.670605642423,24784.58818184923,15.425798325528636
2025-05-28 09:05:00+00:00,24779.349609375,24792.94921875,24772.0,24780.94921875,0.0,48.55510568312856,-0.4560300158263999,0.03551410658048049,24782.35432028362,24784.382747634554,15.82032835584802
2025-05-28 09:10:00+00:00,24782.0,24782.5,24776.349609375,24779.05078125,0.0,49.83335756642468,-0.4143526005282183,-0.05445923484125927,24782.320575494705,24784.289306550847,15.129618517930302
2025-05-28 09:15:00+00:00,24783.400390625,24786.099609375,24776.650390625,24780.900390625,0.0,50.53274204641348,-0.26526531531635555,-0.09662045093627854,24782.423415030924,24784.254447102776,14.723875677363852
2025-05-28 09:20:00+00:00,24773.599609375,24784.75,24773.25,24783.25,0.0,45.727907188417404,-0.9272647748730378,-0.2627493157236304,24781.583052587503,24783.83661032914,14.493598843266435
2025-05-28 09:25:00+00:00,24774.05078125,24780.19921875,24772.44921875,24773.19921875,0.0,45.98253498172678,-1.3993672813667217,-0.49007290885224875,24780.865693412503,24783.452852326038,14.011913211604547
2025-05-28 09:30:00+00:00,24756.55078125,24780.5,24755.150390625,24775.599609375,0.0,38.44760469254538,-3.1493123530490266,-1.0219207976916045,24778.549987492264,24782.39786914659,14.821748651847079
2025-05-28 09:35:00+00:00,24761.5,24767.0,24756.69921875,24757.75,0.0,41.3735307898131,-4.089652866725373,-1.6354672114983582,24776.92617915967,24781.578344866328,14.509425087429431
2025-05-28 09:40:00+00:00,24748.5,24763.75,24748.400390625,24763.05078125,0.0,36.46963535165517,-5.816818193772633,-2.4717374079532135,24774.218924001605,24780.281154871573,14.569438250827329
2025-05-28 09:45:00+00:00,24747.69921875,24749.94921875,24740.05078125,24749.5,0.0,36.18512119865097,-7.167601860903233,-3.4109102985432176,24771.693237787164,24779.003431886413,14.235795340053949
2025-05-28 09:50:00+00:00,24748.44921875,24749.900390625,24743.25,24748.25,0.0,36.68334272036267,-8.084397020498727,-4.34560764293432,24769.479521688387,24777.80522744969,13.693980717550096
2025-05-28 09:55:00+00:00,24757.150390625,24757.44921875,24743.69921875,24749.349609375,0.0,42.31061124974993,-8.016443368953333,-5.079774788138123,24768.30531872997,24776.995233848724,13.697982094867944
2025-05-29 03:45:00+00:00,24847.94921875,24888.30078125,24839.25,24845.19921875,0.0,71.13760010313177,-0.6286364881780173,-4.189547128146103,24775.890452065214,24779.77774306054,22.08743984702023
2025-05-29 03:50:00+00:00,24803.599609375,24871.05078125,24793.80078125,24845.19921875,0.0,56.331278189124355,1.6288346675646608,-3.02587076900395,24778.52941942805,24780.7119338964,26.027622715090214
2025-05-29 03:55:00+00:00,24800.05078125,24817.599609375,24798.19921875,24803.05078125,0.0,55.33871784214058,3.0958490312696085,-1.8015268089492387,24780.579072934903,24781.470320067132,25.554248994369484
2025-05-29 04:00:00+00:00,24803.5,24826.650390625,24801.55078125,24802.69921875,0.0,56.147482749320766,4.485090281679732,-0.5442033908234446,24782.762018369674,24782.334229084106,25.62891759298595
2025-05-29 04:05:00+00:00,24808.44921875,24813.900390625,24780.30078125,24802.94921875,0.0,57.341196981283446,5.917224491749948,0.748082185691234,24785.2084184059,24783.35834632591,26.19825272027267
2025-05-29 04:10:00+00:00,24808.75,24814.650390625,24793.19921875,24808.30078125,0.0,57.41706177160539,6.995828152157628,1.9976313789845128,24787.450473795812,24784.354097450385,25.85917551703891
2025-05-29 04:15:00+00:00,24795.599609375,24810.25,24786.849609375,24808.900390625,0.0,52.98074796431385,6.712129452735098,2.94053099373463,24788.22658194621,24784.795097918017,25.68354802475042
2025-05-29 04:20:00+00:00,24793.55078125,24801.44921875,24780.80078125,24795.0,0.0,52.30270532671457,6.249927607575955,3.6024103165028953,24788.73364854657,24785.13845804868,25.32389727298253
2025-05-29 04:25:00+00:00,24804.05078125,24806.19921875,24791.44921875,24792.80078125,0.0,55.449442818940284,6.654186246178142,4.212765502437945,24790.192423089753,24785.880117782068,24.568618896340922
2025-05-29 04:30:00+00:00,24819.599609375,24829.69921875,24795.05078125,24804.349609375,0.0,59.69043901541689,8.135444275045302,4.997301256959417,24792.993107497874,24787.202450785713,25.288605939459426
2025-05-29 04:35:00+00:00,24825.55078125,24848.05078125,24817.150390625,24819.05078125,0.0,61.21237857178762,9.677999811618065,5.933440967891146,24796.093838331413,24788.70630688235,25.689447702712325
2025-05-29 04:40:00+00:00,24801.75,24826.55078125,24793.55078125,24825.849609375,0.0,52.65056485686186,8.877626302535646,6.5222780348200455,24796.632520395087,24789.21782425952,26.211630009661445
2025-05-29 04:45:00+00:00,24790.900390625,24806.150390625,24781.44921875,24802.44921875,0.0,49.26761448890865,7.2838876053610875,6.674599948928254,24796.08660327413,24789.283807254244,26.103740142899913
2025-05-29 04:50:00+00:00,24793.80078125,24798.900390625,24789.5,24789.650390625,0.0,50.18900738886701,6.183594857084245,6.576398930559453,24795.8689059385,24789.460943489372,24.910643748764205
2025-05-29 04:55:00+00:00,24771.150390625,24796.349609375,24770.5,24793.44921875,0.0,43.53873716580595,3.444205048810545,5.949960154209672,24793.514761622926,24788.74288259273,24.977712722066762
2025-05-29 05:00:00+00:00,24757.94921875,24770.599609375,24749.900390625,24770.599609375,0.0,40.195767156359345,0.20562433664599666,4.801092990696937,24790.1275670636,24787.53528793223,24.71144752763342
2025-05-29 05:05:00+00:00,24750.25,24767.099609375,24748.19921875,24757.80078125,0.0,38.34649356828929,-2.94825121375834,3.2512241498058816,24786.329703533735,24786.073119778026,24.296372034588178
2025-05-29 05:10:00+00:00,24743.19921875,24759.5,24741.5,24750.19921875,0.0,36.68212099875352,-5.9480935114952445,1.4113606175456566,24782.22203831624,24784.391790325946,23.846631174974736
2025-05-29 05:15:00+00:00,24754.349609375,24759.05078125,24741.900390625,24742.94921875,0.0,41.04041790310623,-7.3411229141493095,-0.33913608879333657,24779.567521274217,24783.21366558277,23.36832827854797
2025-05-29 05:20:00+00:00,24755.80078125,24768.05078125,24749.900390625,24753.94921875,0.0,41.603781310648316,-8.233105197836267,-1.9179299106019227,24777.304022224293,24782.1386505109,22.99561844615169
2025-05-29 05:25:00+00:00,24743.94921875,24765.849609375,24743.94921875,24756.650390625,0.0,38.37852688011759,-9.783550944906892,-3.491054117462917,24774.12737427436,24780.641025735964,22.917387887497995
2025-05-29 05:30:00+00:00,24716.69921875,24756.5,24714.650390625,24745.80078125,0.0,32.19787880295304,-13.060583357058931,-5.404959965382121,24768.658026129186,24778.13350389338,24.269689422319566
2025-05-29 05:35:00+00:00,24731.25,24737.099609375,24715.30078125,24715.75,0.0,37.94471693212625,-14.31847425425076,-7.187662823155849,24765.095356974023,24776.29493511325,24.09319932965388
2025-05-29 05:40:00+00:00,24723.55078125,24739.44921875,24720.5,24731.400390625,0.0,36.196492433051375,-15.755010506989493,-8.901132359922578,24761.138730714592,24774.226536922535,23.725772145392888
2025-05-29 05:45:00+00:00,24714.69921875,24726.25,24709.05078125,24722.19921875,0.0,34.24315351863875,-17.40706514367048,-10.602318916672157,24756.715920051298,24771.89213228832,23.25958976000768
2025-05-29 05:50:00+00:00,24724.19921875,24725.05078125,24709.69921875,24714.80078125,0.0,38.10382857248668,-17.74520407390446,-12.03089594811862,24753.619091355933,24770.021821953484,22.694730670007136
2025-05-29 05:55:00+00:00,24728.94921875,24735.75,24719.55078125,24723.80078125,0.0,40.00063754478141,-17.42898581042391,-13.11051392057968,24751.269579679178,24768.41113163178,22.230765532863767
2025-05-29 06:00:00+00:00,24735.44921875,24737.150390625,24721.19921875,24729.05078125,0.0,42.59319057841301,-16.464097019259498,-13.781230540315644,24749.762878638303,24767.118507597203,21.78222312873064
2025-05-29 06:05:00+00:00,24741.849609375,24748.30078125,24728.69921875,24733.349609375,0.0,45.10834772093039,-15.009932508870406,-14.026970934026597,24749.00923394656,24766.12757041202,21.626461655249877
2025-05-29 06:10:00+00:00,24732.599609375,24744.55078125,24730.650390625,24741.55078125,0.0,42.22876207449114,-14.437468205756886,-14.109070388372654,24747.44641255879,24764.812748410568,21.074599438803457
2025-05-29 06:15:00+00:00,24735.25,24736.44921875,24728.400390625,24732.19921875,0.0,43.34476658786889,-13.612999562792538,-14.009856223256632,24746.284849457956,24763.653424943488,20.14418720210321
2025-05-29 06:20:00+00:00,24740.55078125,24744.55078125,24733.349609375,24734.05078125,0.0,45.60787311691605,-12.389060103920201,-13.685696999389346,24745.738747723863,24762.747438916293,19.505400393024413
2025-05-29 06:25:00+00:00,24739.5,24744.30078125,24729.0,24740.19921875,0.0,45.22224015139853,-11.3727703130171,-13.223111662114897,24745.14458127397,24761.835774645064,19.205070454236957
2025-05-29 06:30:00+00:00,24744.900390625,24747.80078125,24732.349609375,24738.400390625,0.0,47.67115144644201,-10.01612726102394,-12.581714781896707,24745.121325021686,24761.171641938396,18.936934841434315
2025-05-29 06:35:00+00:00,24738.849609375,24746.80078125,24736.19921875,24745.25,0.0,45.23121773267573,-9.321769787111407,-11.929725782939649,24744.52401876962,24760.29626811238,18.341551102760434
2025-05-29 06:40:00+00:00,24732.05078125,24739.599609375,24730.55078125,24739.599609375,0.0,42.59324439703417,-9.213883186042949,-11.38655726356031,24743.336091386802,24759.188601960912,17.677785175777547
2025-05-29 06:45:00+00:00,24729.55078125,24736.94921875,24727.150390625,24732.0,0.0,41.63174857145827,-9.223785328391386,-10.954002876526527,24742.023204707108,24758.026334482052,17.115002529293438
2025-05-29 06:50:00+00:00,24738.599609375,24742.400390625,24729.30078125,24729.30078125,0.0,46.35232066777681,-8.404585215375846,-10.444119344296391,24741.697148008814,24757.264502124915,16.828188732558193
2025-05-29 06:55:00+00:00,24750.19921875,24757.69921875,24736.650390625,24737.400390625,0.0,51.740437908828675,-6.741658051723789,-9.703627085781871,24742.506869031782,24756.987432188645,17.129662974875465
2025-05-29 07:00:00+00:00,24742.400390625,24755.400390625,24740.5,24749.900390625,0.0,48.23291681738894,-5.984095616651757,-8.95972079195585,24742.496728231134,24756.415391343013,16.970429235598647
2025-05-29 07:05:00+00:00,24690.599609375,24749.599609375,24688.44921875,24741.650390625,0.0,32.48203030794454,-9.454625026592112,-9.058701638883102,24737.55414548293,24753.834380285443,20.12614076341303
2025-05-29 07:10:00+00:00,24700.55078125,24703.05078125,24677.599609375,24683.150390625,0.0,36.75481993462706,-11.272130083933007,-9.501387327893083,24734.030015555985,24751.744827382092,20.506500128526387
2025-05-29 07:15:00+00:00,24715.150390625,24722.75,24697.19921875,24700.25,0.0,42.503705750196566,-11.403002756105707,-9.881710413535608,24732.231956038748,24750.309751430832,20.86680592291736
2025-05-29 07:20:00+00:00,24722.650390625,24725.900390625,24713.80078125,24714.849609375,0.0,45.25661930404261,-10.777298977824103,-10.060828126393307,24731.319425999343,24749.225070614917,20.24057759806612
2025-05-29 07:25:00+00:00,24768.599609375,24772.30078125,24722.5,24723.150390625,0.0,58.398632019575,-6.498792254355067,-9.348420951985661,24734.869919654167,24749.984856448646,22.352020716061396
2025-05-29 07:30:00+00:00,24759.599609375,24772.900390625,24748.75,24769.75,0.0,55.58395371638229,-3.7905742544317036,-8.236851612474869,24737.22512819901,24750.361905583013,22.48047570955701
2025-05-29 07:35:00+00:00,24757.900390625,24765.19921875,24741.30078125,24760.05078125,0.0,55.0445279236439,-1.7611038213944994,-6.941702054258795,24739.19420081101,24750.657532447407,22.58175869458865
2025-05-29 07:40:00+00:00,24760.75,24762.30078125,24741.69921875,24758.849609375,0.0,55.818882190203546,0.07632594177266583,-5.538096455052504,24741.247134067104,24751.053315488687,22.44031610926089
2025-05-29 07:45:00+00:00,24747.0,24761.849609375,24742.80078125,24760.349609375,0.0,51.23313493626904,0.4181717568790191,-4.346842812666199,24741.79502606071,24750.89436194011,22.19806696752797
2025-05-29 07:50:00+00:00,24755.25,24757.30078125,24744.0,24747.150390625,0.0,53.691388474464844,1.3393538427117164,-3.209603481590616,24743.07645215017,24751.065171275794,21.562546559133118
2025-05-29 07:55:00+00:00,24758.19921875,24765.900390625,24745.349609375,24754.69921875,0.0,54.572952913182824,2.2810797208694567,-2.1114668410986015,24744.516715635866,24751.344937843412,21.49027760848075
2025-05-29 08:00:00+00:00,24758.44921875,24773.69921875,24754.599609375,24758.25,0.0,54.65176093683368,3.0128469505289104,-1.086604082773099,24745.84362069435,24751.623537094652,21.319515591803555
2025-05-29 08:05:00+00:00,24753.849609375,24762.849609375,24748.44921875,24758.44921875,0.0,52.83562479187881,3.1849140099402575,-0.2323004642304276,24746.606095806794,24751.710834046822,20.825292379889017
2025-05-29 08:10:00+00:00,24754.75,24756.94921875,24750.94921875,24753.650390625,0.0,53.163736088998085,3.355255100534123,0.48521064872248254,24747.381705729957,24751.83001702538,19.76634292418266
2025-05-29 08:15:00+00:00,24744.900390625,24758.0,24743.44921875,24754.099609375,0.0,49.13669752608392,2.664752869797667,0.9211190929375195,24747.145390005673,24751.558266970464,19.393802804598185
2025-05-29 08:20:00+00:00,24754.650390625,24760.44921875,24744.0,24744.30078125,0.0,52.937016436533426,2.8711713172851887,1.3111295378070533,24747.86015196942,24751.679526721626,19.183475372126885
2025-05-29 08:25:00+00:00,24745.69921875,24758.349609375,24739.849609375,24753.650390625,0.0,49.29549646059143,2.2861216742348915,1.5061279650926211,24747.654348805667,24751.445004840385,19.13465570268925
2025-05-29 08:30:00+00:00,24728.55078125,24749.30078125,24728.55078125,24745.55078125,0.0,43.16884706548549,0.43373025390610565,1.2916484228553182,24745.834961419416,24750.547192150567,19.25003743821145
2025-05-29 08:35:00+00:00,24726.30078125,24735.55078125,24723.650390625,24728.80078125,0.0,42.42382648884963,-1.2020035398454638,0.7929180303151618,24743.974563308046,24749.596352507408,18.725062665839204
2025-05-29 08:40:00+00:00,24725.599609375,24736.650390625,24717.80078125,24725.94921875,0.0,42.17952497673178,-2.52579724817042,0.1291749746180455,24742.224567695375,24748.655303757118,18.73395885935069
2025-05-29 08:45:00+00:00,24730.80078125,24736.05078125,24718.05078125,24725.599609375,0.0,44.72241053074969,-3.1192652490171895,-0.5205130701090015,24741.136588033914,24747.955126403896,18.681533226539926
2025-05-29 08:50:00+00:00,24742.650390625,24746.19921875,24730.19921875,24730.30078125,0.0,50.10610136056229,-2.6034178892914497,-0.9370940339454912,24741.280759709254,24747.74709754982,18.489995138929935
2025-05-29 08:55:00+00:00,24746.849609375,24760.75,24740.80078125,24743.099609375,0.0,51.89414495078241,-1.834614981933555,-1.116598223543104,24741.811126344088,24747.711901935123,18.594225396863514
2025-05-29 09:00:00+00:00,24751.099609375,24767.599609375,24743.849609375,24746.849609375,0.0,53.702538524918545,-0.8723378894792404,-1.0677461567303315,24742.695743775603,24747.844753207275,18.96249501137326
2025-05-29 09:05:00+00:00,24755.94921875,24766.80078125,24752.099609375,24753.44921875,0.0,55.74682593812422,0.2783875079076097,-0.7985194238027432,24743.95797948745,24748.16257538542,18.72954335877517
2025-05-29 09:10:00+00:00,24756.30078125,24759.80078125,24748.849609375,24754.69921875,0.0,55.8988509861784,1.2048253547764034,-0.3978504680869139,24745.133484417216,24748.481720713444,18.17394539564837
2025-05-29 09:15:00+00:00,24744.349609375,24759.5,24738.349609375,24755.94921875,0.0,49.65405728591998,0.9635669330345991,-0.12556698786261128,24745.05882965129,24748.319677131545,18.386548626316344
2025-05-29 09:20:00+00:00,24750.0,24750.650390625,24742.19921875,24743.400390625,0.0,52.36366381576103,1.214309393970325,0.14240828850397597,24745.52941730355,24748.385572145995,17.67687885836518
2025-05-29 09:25:00+00:00,24757.349609375,24760.849609375,24747.25,24750.05078125,0.0,55.70318871255855,1.9832153816678328,0.5105697071367474,24746.655149881786,24748.737103017724,17.385645323839093
2025-05-29 09:30:00+00:00,24797.75,24812.55078125,24758.099609375,24758.599609375,0.0,68.69492238750483,5.785857041468262,1.5656271740030503,24751.521326083523,24750.659177409187,20.086754363207728
2025-05-29 09:35:00+00:00,24821.099609375,24834.44921875,24798.19921875,24798.19921875,0.0,73.52740122242153,10.561845904088841,3.3648709200202087,24758.14782925414,24753.4215472902,21.273358962264318
2025-05-29 09:40:00+00:00,24850.75,24853.75,24821.150390625,24822.25,0.0,78.14171166245562,16.54862793002394,6.001622322020955,24766.96708361089,24757.23834935725,22.086004081031152
2025-05-29 09:45:00+00:00,24853.69921875,24857.099609375,24838.900390625,24850.44921875,0.0,78.54235102738016,21.285803629205475,9.05845858345786,24775.22728695747,24761.02112854912,21.808376557386072
2025-05-29 09:50:00+00:00,24857.55078125,24857.900390625,24837.099609375,24854.099609375,0.0,79.08158941078952,25.06193996184811,12.259154859135911,24783.067619747235,24764.806605125625,21.736405464001354
2025-05-29 09:55:00+00:00,24880.849609375,24891.150390625,24854.900390625,24855.80078125,0.0,82.02440907406624,29.593441155946493,15.72601211849803,24792.380190187974,24769.357311174623,22.77309078800126
2025-05-30 03:45:00+00:00,24806.69921875,24843.30078125,24780.69921875,24830.5,0.0,55.34080503094232,26.891384535589168,17.95908660191626,24793.743907193882,24770.82169970699,28.300040776358312
2025-05-30 03:50:00+00:00,24857.849609375,24859.400390625,24803.69921875,24806.0,0.0,64.0329408086367,28.548307124645362,20.07693070646208,24799.849212163514,24774.23455890966,30.25726442626129
2025-05-30 03:55:00+00:00,24848.0,24862.44921875,24846.400390625,24857.900390625,0.0,61.54872452116975,28.735405190149322,21.80862560319953,24804.435001481274,24777.12732130536,29.24237611902834
2025-05-30 04:00:00+00:00,24826.150390625,24863.599609375,24824.900390625,24848.05078125,0.0,56.32812251252829,26.811534206539363,22.809207323867497,24806.503133780676,24779.049794612016,29.917864878383458
2025-05-30 04:05:00+00:00,24814.30078125,24831.05078125,24805.599609375,24826.75,0.0,53.669398272941415,24.05341534665422,23.058048928424846,24807.24576687299,24780.43218624488,29.598815378141783
2025-05-30 04:10:00+00:00,24819.349609375,24821.80078125,24799.849609375,24813.5,0.0,54.65155690165603,22.02113853652918,22.850666850045712,24808.398513777942,24781.958359700962,29.05255512791737
2025-05-30 04:15:00+00:00,24801.30078125,24833.55078125,24788.30078125,24819.099609375,0.0,50.52785148017117,18.738153167778364,22.028164113592243,24807.72253925147,24782.716886036218,30.209515475923272
2025-05-30 04:20:00+00:00,24807.349609375,24821.44921875,24799.69921875,24801.349609375,0.0,51.83939865021665,16.435001026533428,20.90953149618048,24807.68702212038,24783.682875186758,29.60526437050018
2025-05-30 04:25:00+00:00,24807.55078125,24813.599609375,24801.099609375,24807.349609375,0.0,51.8850846960756,14.459291538074467,19.619483504559277,24807.67404679939,24784.618871502964,28.383459772607313
2025-05-30 04:30:00+00:00,24801.650390625,24808.5,24784.0,24806.849609375,0.0,50.375662861277824,12.275906315913744,18.15076806683017,24807.100365258975,24785.286774213633,28.10606978884965
2025-05-30 04:35:00+00:00,24797.25,24808.80078125,24784.349609375,24802.0,0.0,49.22551541369724,10.074352188115881,16.535484891087314,24806.16223523431,24785.755920322903,27.845005652146103
2025-05-30 04:40:00+00:00,24794.75,24804.44921875,24790.75,24796.849609375,0.0,48.54735600767277,8.035250211196399,14.835437955109132,24805.075355688186,24786.10862932985,26.83459230199281
2025-05-30 04:45:00+00:00,24766.94921875,24795.80078125,24764.099609375,24795.80078125,0.0,41.67210400535051,4.128367249668372,12.69402381402098,24801.444295027406,24785.35727989535,27.18220512863618
2025-05-30 04:50:00+00:00,24751.25,24767.30078125,24750.400390625,24767.30078125,0.0,38.3676902736728,-0.23198719027277548,10.10882161316223,24796.663885977177,24784.019739507297,26.447789806947885
2025-05-30 04:55:00+00:00,24761.5,24769.150390625,24746.55078125,24751.150390625,0.0,41.62249563543823,-2.8279117550082447,7.521474939528134,24793.314944455542,24783.136612467795,26.172919776094464
2025-05-30 05:00:00+00:00,24744.5,24761.900390625,24741.80078125,24761.900390625,0.0,38.03486142383612,-6.185654228749627,4.780049105872582,24788.665902126442,24781.62145119455,25.739111890302002
2025-05-30 05:05:00+00:00,24741.099609375,24745.400390625,24722.05078125,24744.400390625,0.0,37.34153652531106,-9.017128590185166,2.0206135666610323,24784.135779007258,24780.03235935849,25.568433139209002
2025-05-30 05:10:00+00:00,24737.849609375,24746.05078125,24731.099609375,24741.19921875,0.0,36.65381382102434,-11.392020142990077,-0.6619131752691896,24779.727572375614,24778.378133868944,24.810057334622645
2025-05-30 05:15:00+00:00,24727.94921875,24738.55078125,24717.849609375,24737.599609375,0.0,34.565400639647706,-13.91264132233482,-3.3120588046823163,24774.796300601745,24776.400529354476,24.51656551607817
2025-05-30 05:20:00+00:00,24748.900390625,24751.900390625,24725.5,24728.25,0.0,42.08552546080198,-14.057619802475529,-5.461171004240959,24772.330023461105,24775.322092541555,24.65112445242973
2025-05-30 05:25:00+00:00,24751.69921875,24756.44921875,24747.69921875,24748.849609375,0.0,43.02749212115022,-13.787737794860732,-7.126484362364914,24770.36518491719,24774.395705334042,23.51532984868475
2025-05-30 05:30:00+00:00,24758.0,24768.0,24751.0,24751.25,0.0,45.18881886966893,-12.91654013596417,-8.284495517084766,24769.18754825841,24773.752736497416,23.04994914520727
2025-05-30 05:35:00+00:00,24757.099609375,24772.30078125,24757.099609375,24759.0,0.0,44.92653038934843,-12.158606861776207,-9.059317786023055,24768.0363159838,24773.099672688695,22.489322197335323
2025-05-30 05:40:00+00:00,24753.94921875,24764.75,24746.599609375,24757.30078125,0.0,43.96497743454551,-11.677538085852575,-9.58296184598896,24766.694687675823,24772.34867449502,22.179398513597086
2025-05-30 05:45:00+00:00,24764.75,24769.44921875,24753.19921875,24754.30078125,0.0,48.06867352010487,-10.305954209150514,-9.72756031862127,24766.509479325745,24772.050687259925,21.75587004834015
2025-05-30 05:50:00+00:00,24771.55078125,24773.75,24761.44921875,24764.44921875,0.0,50.52555867634547,-8.571392220750568,-9.496326699047131,24766.989603318532,24772.031083102673,21.080506562744425
2025-05-30 05:55:00+00:00,24774.150390625,24783.150390625,24767.400390625,24772.599609375,0.0,51.47069292927366,-6.907348978034861,-8.978531154844678,24767.671583062005,24772.11419320159,20.699756093976966
2025-05-30 06:00:00+00:00,24773.05078125,24787.94921875,24773.05078125,24774.80078125,0.0,51.02665027886883,-5.6126132938188675,-8.305347582639516,24768.183887651336,24772.150922144665,20.28537619440718
2025-05-30 06:05:00+00:00,24761.80078125,24774.05078125,24761.80078125,24773.0,0.0,46.597447433781966,-5.431693731610721,-7.730616812433758,24767.57597275597,24771.745034266445,19.711420751949525
2025-05-30 06:10:00+00:00,24745.599609375,24762.849609375,24745.0,24762.599609375,0.0,41.068797543747536,-6.520449167415791,-7.488583283430165,24765.482985767307,24770.71972348639,19.57843422502456
2025-05-30 06:15:00+00:00,24752.599609375,24754.599609375,24737.75,24745.400390625,0.0,44.15199217605824,-6.7407510140765226,-7.339016829559437,24764.25599753947,24770.00913077614,19.38351816430852
2025-05-30 06:20:00+00:00,24766.900390625,24768.05078125,24752.05078125,24753.599609375,0.0,49.916910480034616,-5.695731437932409,-7.010359751234032,24764.507844499996,24769.887219397664,19.14183829542934
2025-05-30 06:25:00+00:00,24751.900390625,24768.400390625,24750.900390625,24767.69921875,0.0,44.70434647633155,-6.008656482972583,-6.810019097581742,24763.30713460714,24769.181853563445,19.024564131470104
2025-05-30 06:30:00+00:00,24745.349609375,24749.0,24744.349609375,24748.25,0.0,42.61159335442387,-6.707920404493052,-6.789599358964005,24761.596894108843,24768.247255752136,18.205008211365097
2025-05-30 06:35:00+00:00,24744.5,24747.599609375,24735.30078125,24736.05078125,0.0,42.33478671282477,-7.247108322728309,-6.881101151716867,24759.968618479426,24767.31599082068,17.783138205196163
2025-05-30 06:40:00+00:00,24741.849609375,24746.400390625,24738.80078125,24744.150390625,0.0,41.43062626599881,-7.798388042738225,-7.064558529921139,24758.24299856472,24766.31730919536,17.05574328875358
2025-05-30 06:45:00+00:00,24746.55078125,24750.75,24729.349609375,24732.69921875,0.0,43.726423723665306,-7.7664095764484955,-7.20492873922661,24757.12945405856,24765.542151236717,17.36607524134261
2025-05-30 06:50:00+00:00,24751.599609375,24756.30078125,24746.150390625,24746.5,0.0,46.16693725474469,-7.250093610538897,-7.213961713489068,24756.602802183937,24764.9953848892,16.850669197318137
2025-05-30 06:55:00+00:00,24750.25,24755.400390625,24748.75,24752.30078125,0.0,45.59766309303705,-6.870611551938055,-7.1452916811788665,24755.997773404517,24764.41713450139,16.122077870723984
2025-05-30 07:00:00+00:00,24741.30078125,24751.44921875,24736.900390625,24749.849609375,0.0,41.90751310480047,-7.208896773241577,-7.158012699591409,24754.598059865995,24763.51061084447,16.009702888886558
2025-05-30 07:05:00+00:00,24735.05078125,24747.75,24734.94921875,24742.25,0.0,39.503083811844746,-7.890357880834927,-7.304481735840113,24752.736414283518,24762.39453909567,15.78049420039466
2025-05-30 07:10:00+00:00,24736.75,24739.94921875,24732.19921875,24734.900390625,0.0,40.50255978812493,-8.198797334007395,-7.48334485547357,24751.21389863747,24761.388870895837,15.206887471795042
2025-05-30 07:15:00+00:00,24743.80078125,24747.400390625,24737.05078125,24737.150390625,0.0,44.59305562703035,-7.784563104058179,-7.543588505190492,24750.50788745771,24760.69914189012,14.881423411309681
2025-05-30 07:20:00+00:00,24754.349609375,24757.19921875,24747.900390625,24749.25,0.0,50.11851862934418,-6.529805687667249,-7.340831941685844,24750.87376573555,24760.450140615016,14.775495846216133
2025-05-30 07:25:00+00:00,24755.30078125,24761.349609375,24752.849609375,24754.400390625,0.0,50.596926058196026,-5.3964429390689475,-6.951954141162465,24751.295386260736,24760.24820495364,14.327246142914982
2025-05-30 07:30:00+00:00,24765.400390625,24767.25,24753.25,24756.05078125,0.0,55.47950036882646,-3.6413159016883583,-6.289826493267644,24752.638720009712,24760.45025145056,14.303871418421055
2025-05-30 07:35:00+00:00,24759.349609375,24768.900390625,24751.849609375,24765.349609375,0.0,52.153877117485784,-2.7074032980199263,-5.573341854218102,24753.27785233022,24760.407089016226,14.500079263533836
2025-05-30 07:40:00+00:00,24758.25,24764.55078125,24754.75,24759.400390625,0.0,51.54913040673741,-2.0325699171080487,-4.865187466796091,24753.75139020353,24760.322497290097,14.16441511970999
2025-05-30 07:45:00+00:00,24759.650390625,24766.650390625,24758.55078125,24758.599609375,0.0,52.30758858981417,-1.3689790426906256,-4.165945781974998,24754.313199767483,24760.296140165978,13.752699084373562
2025-05-30 07:50:00+00:00,24752.900390625,24761.400390625,24751.849609375,24759.400390625,0.0,48.37657584459737,-1.3719323001387238,-3.6071430856077433,24754.17864651582,24760.006110772214,13.452562096204021
2025-05-30 07:55:00+00:00,24769.69921875,24776.69921875,24750.75,24752.55078125,0.0,57.031277338851474,-0.018534092443587724,-2.8894212869749123,24755.65679625241,24760.3862326537,14.34518042861802
2025-05-30 08:00:00+00:00,24773.150390625,24782.44921875,24769.400390625,24770.150390625,0.0,58.568061324110786,1.3173390015326731,-2.0480692292733953,24757.322852859324,24760.88678786826,14.252583835502447
2025-05-30 08:05:00+00:00,24775.69921875,24783.19921875,24769.55078125,24773.599609375,0.0,59.7140302730113,2.552276130700193,-1.1280001572786778,24759.07298294415,24761.467667510686,14.209430525823702
2025-05-30 08:10:00+00:00,24771.94921875,24781.650390625,24770.69921875,24776.0,0.0,57.20698567298213,3.191588398498425,-0.26408244612325726,24760.29929111614,24761.878708735756,13.976697765050579
2025-05-30 08:15:00+00:00,24763.30078125,24775.44921875,24763.099609375,24771.650390625,0.0,51.80505639850803,2.96619885448672,0.3819738139987382,24760.585147319365,24761.934476285336,13.860477165761251
2025-05-30 08:20:00+00:00,24774.94921875,24776.94921875,24762.400390625,24762.650390625,0.0,57.61093995705478,3.6850288544264913,1.0425848220842888,24761.953154122282,24762.444858342777,13.909645091421163
2025-05-30 08:25:00+00:00,24789.400390625,24801.69921875,24773.400390625,24775.150390625,0.0,63.48756192677343,5.359020156607585,1.905871888988948,24764.56717664635,24763.50193804012,14.937443879533939
2025-05-30 08:30:00+00:00,24781.30078125,24796.25,24780.849609375,24788.94921875,0.0,58.58517702635847,5.963357663655188,2.7173690439221962,24766.16085327527,24764.19993189149,14.970511504210085
2025-05-30 08:35:00+00:00,24767.349609375,24784.349609375,24766.44921875,24781.25,0.0,51.2450736526023,5.255968977853627,3.2250890307084825,24766.27406814191,24764.32344865555,15.179788584266507
2025-05-30 08:40:00+00:00,24753.900390625,24770.349609375,24753.599609375,24766.80078125,0.0,45.34671336200588,3.5689778396517795,3.293866792497142,24765.09562266411,24763.914701281803,15.291946542533186
2025-05-30 08:45:00+00:00,24765.400390625,24766.44921875,24751.099609375,24753.599609375,0.0,50.584282265242216,3.1239679411810357,3.259887022233921,24765.124648184195,24763.97296360899,15.296065316280815
2025-05-30 08:50:00+00:00,24771.349609375,24773.05078125,24764.5,24765.650390625,0.0,53.088869406102155,3.2142942407699593,3.2507684659411287,24765.717501630937,24764.26224383511,14.81425931154647
2025-05-30 08:55:00+00:00,24771.349609375,24776.30078125,24767.400390625,24771.0,0.0,53.088869406102155,3.2484325753102894,3.250301287814961,24766.25389284466,24764.540179738637,14.391840119650293
2025-05-30 09:00:00+00:00,24780.349609375,24786.80078125,24769.900390625,24770.400390625,0.0,56.91977087042033,3.956108677011798,3.3914627656543286,24767.59634203803,24765.160157371436,14.571022298603845
2025-05-30 09:05:00+00:00,24771.349609375,24784.30078125,24769.099609375,24780.19921875,0.0,52.3186241752312,3.7475231877251645,3.4626748500684963,24767.95379607012,24765.402880979418,14.616032982632143
2025-05-30 09:10:00+00:00,24769.30078125,24775.849609375,24766.75,24771.05078125,0.0,51.30194375910326,3.3779554105058196,3.4457309621559613,24768.082080372966,24765.55573981356,14.222002724944133
2025-05-30 09:15:00+00:00,24764.94921875,24770.349609375,24758.30078125,24769.44921875,0.0,49.1187136619835,2.7027795974645414,3.297140689217678,24767.78371259935,24765.531954673814,14.066775967805267
2025-05-30 09:20:00+00:00,24771.69921875,24778.55078125,24761.400390625,24765.349609375,0.0,52.495791033840945,2.681456329726643,3.174003817319471,24768.156617947032,24765.773808167,14.287034157604891
2025-05-30 09:25:00+00:00,24765.30078125,24777.900390625,24757.69921875,24773.30078125,0.0,49.16466650205478,2.1237754922694876,2.9639581523094747,24767.884633499696,24765.755258091824,14.709472565990255
2025-05-30 09:30:00+00:00,24739.5,24784.099609375,24729.80078125,24764.400390625,0.0,38.543712352857405,-0.3955384885557578,2.2920588241364284,24765.181335071153,24764.72564012744,17.537283677348093
2025-05-30 09:35:00+00:00,24759.55078125,24760.55078125,24736.599609375,24739.0,0.0,47.95359668270969,-0.7653599010081962,1.6805750791075034,24764.64509185009,24764.522704485185,17.995418548608942
2025-05-30 09:40:00+00:00,24752.150390625,24761.44921875,24748.55078125,24760.19921875,0.0,45.20260394058992,-1.6367285230080597,1.017114358684391,24763.455120304843,24764.037515706354,17.631348473708304
2025-05-30 09:45:00+00:00,24747.0,24757.150390625,24745.75,24751.650390625,0.0,43.33914920647035,-2.711629931720381,0.27136550060343656,24761.887965990096,24763.369377835515,17.186280055943424
2025-05-30 09:50:00+00:00,24741.75,24751.05078125,24740.599609375,24746.650390625,0.0,41.462782759509416,-3.9416908082712325,-0.5712457611714973,24759.970064467227,24762.52155909687,16.70520090016175
2025-05-30 09:55:00+00:00,24736.650390625,24749.30078125,24731.099609375,24741.400390625,0.0,39.666307098732894,-5.267300609742961,-1.5104567308857901,24757.749143148918,24761.50700347052,16.812055969793054
2025-06-02 03:45:00+00:00,24569.19921875,24700.5,24560.19921875,24669.69921875,0.0,15.665123083290865,-19.603785810500995,-5.129122546808832,24739.79200749188,24753.965521716775,28.21484996302212
2025-06-02 03:50:00+00:00,24554.900390625,24577.94921875,24541.75,24568.55078125,0.0,14.839418459525277,-31.753317076789244,-10.453961452804915,24722.18328207599,24746.159045987686,28.78516201923483
2025-06-02 03:55:00+00:00,24564.94921875,24587.650390625,24544.25,24549.75,0.0,18.106355460616996,-40.10870352243364,-16.384909866730663,24707.208609378275,24739.052778252877,29.829106919646627
2025-06-02 04:00:00+00:00,24540.349609375,24572.400390625,24526.150390625,24565.5,0.0,16.443363064869033,-48.160229223183705,-22.739973738021273,24691.31727604463,24731.260497120413,31.002027853957582
2025-06-02 04:05:00+00:00,24562.19921875,24562.19921875,24540.400390625,24540.5,0.0,23.19128243815831,-52.17658132664292,-28.627295255745604,24679.020318207047,24724.630643066674,30.348283676889185
2025-06-02 04:10:00+00:00,24571.0,24591.19921875,24560.75,24562.30078125,0.0,25.79089345382539,-54.026634398276656,-33.70716308425182,24668.732668853994,24718.60591196602,30.35549332496853
2025-06-02 04:15:00+00:00,24588.5,24597.5,24556.94921875,24571.599609375,0.0,30.80586684712746,-53.464406640749075,-37.65861179555127,24661.09146229647,24713.5037193399,31.083728176756495
2025-06-02 04:20:00+00:00,24586.25,24596.25,24579.30078125,24588.44921875,0.0,30.52028593182368,-52.594121000056475,-40.645713636452314,24653.96370398252,24708.513377405005,30.0741203605596
2025-06-02 04:25:00+00:00,24598.19921875,24601.099609375,24572.150390625,24586.150390625,0.0,34.018601177024706,-50.35969604224374,-42.588510117610596,24648.652800627046,24704.187331967554,29.99377024551963
2025-06-02 04:30:00+00:00,24580.849609375,24606.80078125,24572.75,24598.05078125,0.0,31.535812172997268,-49.41919295088519,-43.95464668426551,24642.19535384114,24699.350558532555,30.283556745839658
2025-06-02 04:35:00+00:00,24592.25,24598.55078125,24575.849609375,24580.900390625,0.0,34.89807682163236,-47.20971699810252,-44.605660747032914,24637.438653475314,24695.15053662932,29.74195782649397
2025-06-02 04:40:00+00:00,24581.94921875,24601.650390625,24576.69921875,24592.099609375,0.0,33.306482718563245,-45.76235836559863,-44.83700027074606,24632.153945406237,24690.711269261505,29.39975882995869
2025-06-02 04:45:00+00:00,24565.849609375,24581.94921875,24560.25,24581.75,0.0,30.932001659447764,-45.39117889295085,-44.94783599518702,24625.839246736596,24685.814733579682,28.84972025281878
2025-06-02 04:50:00+00:00,24578.69921875,24582.099609375,24554.19921875,24565.849609375,0.0,34.919928901333606,-43.558050308762176,-44.669878857902056,24621.34972026168,24681.61412515499,28.781910993688864
2025-06-02 04:55:00+00:00,24588.94921875,24591.400390625,24573.900390625,24578.30078125,0.0,37.99540836360595,-40.807786599678366,-43.89746040625732,24618.26395821295,24677.980207256755,27.976060208425373
2025-06-02 05:00:00+00:00,24592.0,24597.5,24582.25,24588.30078125,0.0,38.92059950280135,-37.944608419064025,-42.70689000881867,24615.762628859335,24674.608434423157,27.067055907823562
2025-06-02 05:05:00+00:00,24626.69921875,24628.44921875,24590.94921875,24592.099609375,0.0,48.35894793883585,-32.50093161466066,-40.665698329987066,24616.80420884892,24672.729641651662,27.81226620012188
2025-06-02 05:10:00+00:00,24629.349609375,24633.349609375,24615.349609375,24626.599609375,0.0,49.007113143301076,-27.654134505912225,-38.0633855651721,24617.999008899023,24671.028463915325,27.111390042970317
2025-06-02 05:15:00+00:00,24635.099609375,24638.849609375,24617.650390625,24629.400390625,0.0,50.45986181391241,-23.082950053125387,-35.06729846276276,24619.627637515783,24669.61948922747,26.689092093472436
2025-06-02 05:20:00+00:00,24617.650390625,24636.849609375,24614.849609375,24634.849609375,0.0,46.161946747947056,-20.63044464079212,-32.17992769836863,24619.439328288092,24667.581485360708,26.354156943938687
2025-06-02 05:25:00+00:00,24617.30078125,24619.25,24609.599609375,24618.0,0.0,46.07726491880424,-18.501750326107867,-29.44429222391648,24619.235657141606,24665.609693042643,25.16103077830021
2025-06-02 05:30:00+00:00,24625.05078125,24627.30078125,24611.44921875,24616.69921875,0.0,48.33965122991134,-16.004890104333754,-26.75641179999994,24619.78947848526,24664.019147482148,24.49606875842162
2025-06-02 05:35:00+00:00,24629.69921875,24634.150390625,24620.349609375,24626.150390625,0.0,49.702755328089225,-13.495453148760134,-24.10422006975198,24620.733263272377,24662.673267924023,23.73211965067722
2025-06-02 05:40:00+00:00,24623.150390625,24632.19921875,24621.150390625,24630.150390625,0.0,47.78961637801091,-11.897989365632384,-21.662973928928064,24620.96346587739,24661.1233511672,22.82617025598599
2025-06-02 05:45:00+00:00,24643.05078125,24643.599609375,24611.599609375,24623.25,0.0,53.630531064335514,-8.923330005742173,-19.115045144290885,24623.0670197224,24660.414622935154,23.481443809129846
2025-06-02 05:50:00+00:00,24645.099609375,24657.849609375,24639.900390625,24642.55078125,0.0,54.198639149279614,-6.3276267821165675,-16.557561471856022,24625.165361594074,24659.81403416809,23.086284876334854
2025-06-02 05:55:00+00:00,24630.900390625,24645.80078125,24630.44921875,24644.75,0.0,49.65785928965714,-5.354547669219755,-14.31695871132877,24625.711554835114,24658.68016579385,22.533804706596648
2025-06-02 06:00:00+00:00,24631.80078125,24632.94921875,24621.900390625,24631.849609375,0.0,49.94424233479057,-4.459317229840963,-12.34543041503121,24626.29148116034,24657.626072282328,21.713449236482603
2025-06-02 06:05:00+00:00,24628.400390625,24637.099609375,24623.349609375,24632.80078125,0.0,48.814836590231856,-3.9783636621759797,-10.672017064460166,24626.492329680786,24656.479967119296,21.1446314338767
2025-06-02 06:10:00+00:00,24625.5,24638.19921875,24622.30078125,24627.25,0.0,47.82149173140223,-3.787580903612252,-9.295129832290584,24626.397822092138,24655.26506644795,20.769903295742647
2025-06-02 06:15:00+00:00,24637.349609375,24638.94921875,24621.25,24625.5,0.0,52.10926611640533,-2.649675932902028,-7.9660390524128735,24627.44084945241,24654.562499503918,20.550568685332458
2025-06-02 06:20:00+00:00,24637.849609375,24645.44921875,24636.0,24637.80078125,0.0,52.28743165922187,-1.6880731674391427,-6.710445875418128,24628.432159921227,24653.907092047884,19.757615118523
2025-06-02 06:25:00+00:00,24651.099609375,24652.30078125,24636.94921875,24637.69921875,0.0,56.866884668615654,0.14153667065693298,-5.340049366203116,24630.59096463111,24653.796994688164,19.442897074342785
2025-06-02 06:30:00+00:00,24664.599609375,24667.599609375,24647.400390625,24650.80078125,0.0,60.976572180978735,2.6503017954237293,-3.7419791338777477,24633.829883178143,24654.220626636667,19.496920051175444
2025-06-02 06:35:00+00:00,24657.849609375,24673.25,24657.05078125,24663.650390625,0.0,58.00088494782184,4.0471941091818735,-2.184144485265824,24636.117476149273,24654.36293968523,19.261369958234337
2025-06-02 06:40:00+00:00,24665.94921875,24666.849609375,24657.05078125,24657.75,0.0,60.49232656803737,5.741626224131323,-0.5989903433863946,24638.9585944922,24654.817303570122,18.58547411300331
2025-06-02 06:45:00+00:00,24675.099609375,24683.75,24665.55078125,24665.55078125,0.0,63.151751113392294,7.7336868059392145,1.0675450864787273,24642.400595909607,24655.61268811149,18.55788444421736
2025-06-02 06:50:00+00:00,24674.400390625,24688.69921875,24672.69921875,24675.55078125,0.0,62.80385415745273,9.150506714126095,2.6841374120082007,24645.44819540631,24656.34946075908,18.375178412487546
2025-06-02 06:55:00+00:00,24671.5,24676.599609375,24668.25,24674.349609375,0.0,61.295436919753,9.924901330632565,4.1322901957330735,24647.92931965333,24656.943599552844,17.659066338381294
2025-06-02 07:00:00+00:00,24717.94921875,24717.94921875,24670.05078125,24671.75,0.0,72.63206362527006,14.123867254325887,6.130605607451637,24654.59788147206,24659.335976776263,19.81902142135406
2025-06-02 07:05:00+00:00,24735.25,24735.25,24710.849609375,24719.400390625,0.0,75.50941452992174,18.63281892098894,8.631048270159098,24662.279035617576,24662.312997294845,20.14626207875734
2025-06-02 07:10:00+00:00,24723.650390625,24736.75,24717.5,24735.55078125,0.0,70.18174506325909,21.027808579532575,11.110400332033795,24668.123926570664,24664.718385268578,20.082243358846103
2025-06-02 07:15:00+00:00,24732.69921875,24737.05078125,24718.099609375,24723.849609375,0.0,71.85031120344215,23.386435671502113,13.565607399927458,24674.273954397268,24667.384300307065,20.00145253857138
2025-06-02 07:20:00+00:00,24732.30078125,24736.25,24727.05078125,24732.19921875,0.0,71.66016329754399,24.936066604852385,15.839699240912445,24679.800318859434,24669.93004465777,19.229864410816283
2025-06-02 07:25:00+00:00,24684.75,24733.599609375,24683.099609375,24731.94921875,0.0,53.47254342196508,22.07276850015478,17.086313092760914,24680.271717063297,24670.511219377073,21.46344552432941
2025-06-02 07:30:00+00:00,24702.69921875,24716.150390625,24684.400390625,24685.099609375,0.0,57.82401259550633,21.009748762855452,17.87100022677982,24682.407669604887,24671.773493862285,22.198199415448734
2025-06-02 07:35:00+00:00,24696.44921875,24703.80078125,24693.30078125,24703.55078125,0.0,55.8647893949597,19.438895706422045,18.184579322708267,24683.74495999966,24672.74116934808,21.362613742916682
2025-06-02 07:40:00+00:00,24702.44921875,24703.19921875,24692.80078125,24697.30078125,0.0,57.35849207441802,18.46527697894271,18.24071885395516,24685.526317975884,24673.906190893253,20.579458296994062
2025-06-02 07:45:00+00:00,24710.69921875,24713.80078125,24700.75,24702.900390625,0.0,59.39348121987442,18.15015943486651,18.22260697013743,24687.923737097226,24675.349054730774,20.041695650780202
2025-06-02 07:50:00+00:00,24718.400390625,24719.849609375,24706.0,24710.349609375,0.0,61.2524060717193,18.310771543518058,18.24023988481356,24690.82627552844,24677.037342412903,19.599403773938757
2025-06-02 07:55:00+00:00,24706.849609375,24721.69921875,24706.099609375,24718.0,0.0,57.0349879903252,17.30650763669837,18.05349343519052,24692.352307323352,24678.20645092122,19.31370417401456
2025-06-02 08:00:00+00:00,24699.30078125,24716.849609375,24699.05078125,24707.099609375,0.0,54.39886190934065,15.720280307861685,17.586850809724755,24693.014066744938,24679.033679561566,19.20549874194209
2025-06-02 08:05:00+00:00,24723.69921875,24732.900390625,24698.5,24699.69921875,0.0,60.71834757039492,16.24467521765837,17.31841569131148,24695.93646217399,24680.78526933366,20.29084816216051
2025-06-02 08:10:00+00:00,24727.75,24730.650390625,24714.150390625,24724.599609375,0.0,61.668137226837125,16.793540671566006,17.213440687362386,24698.966322919325,24682.627023477442,20.02007329343476
2025-06-02 08:15:00+00:00,24715.94921875,24732.5,24715.94921875,24728.25,0.0,57.320025320844664,16.090811218971794,16.98891479368427,24700.583741569862,24683.93377623323,19.772266718903705
2025-06-02 08:20:00+00:00,24713.150390625,24719.80078125,24710.400390625,24715.900390625,0.0,56.306009376555835,15.133600302047853,16.61785189535699,24701.7805652894,24685.07952581722,19.031418426482013
2025-06-02 08:25:00+00:00,24708.30078125,24718.80078125,24697.94921875,24714.0,0.0,54.50670934891869,13.824322621530882,16.05914604059177,24702.401538238028,24685.99016328517,19.161428717447585
2025-06-02 08:30:00+00:00,24706.30078125,24713.5,24703.55078125,24708.44921875,0.0,53.74395207486194,12.481448967319011,15.34360662593722,24702.77289471536,24686.786658107318,18.50341371977276
2025-06-02 08:35:00+00:00,24686.849609375,24708.80078125,24684.44921875,24706.099609375,0.0,46.87379081940801,9.735440809832653,14.221973462716306,24701.256391349612,24686.789126784483,18.92113863264613
2025-06-02 08:40:00+00:00,24693.599609375,24694.80078125,24682.150390625,24687.19921875,0.0,49.296056384838,8.011526261263498,12.979884022425745,24700.527174018694,24687.05620453313,18.473228060671406
2025-06-02 08:45:00+00:00,24687.900390625,24695.400390625,24685.0,24693.849609375,0.0,47.33369246933968,6.114942982345383,11.606895814409672,24699.324623219298,24687.08930987007,17.896596815266307
2025-06-02 08:50:00+00:00,24682.599609375,24691.400390625,24681.55078125,24688.69921875,0.0,45.5187336237138,4.1364756073235185,10.112811772992442,24697.731764757937,24686.913243183986,17.32181199810443
2025-06-02 08:55:00+00:00,24700.150390625,24705.599609375,24683.150390625,24683.19921875,0.0,52.07159031504112,3.9393173293719883,8.878112884268353,24697.96211007861,24687.432347005204,17.727396855382686
2025-06-02 09:00:00+00:00,24664.349609375,24704.05078125,24658.599609375,24700.349609375,0.0,41.188738785619634,0.8840533101283654,7.279300969440356,24694.76091953541,24686.52714160794,19.707666499641068
2025-06-02 09:05:00+00:00,24663.900390625,24669.44921875,24654.80078125,24664.44921875,0.0,41.072742090674524,-1.5555818566281232,5.512324404226661,24691.82182154394,24685.639818039985,19.346292999666705
2025-06-02 09:10:00+00:00,24667.150390625,24669.599609375,24660.55078125,24663.55078125,0.0,42.33796559557174,-3.1899902424738684,3.771861474886555,24689.472161456426,24684.914742455083,18.61075979433337
2025-06-02 09:15:00+00:00,24670.80078125,24674.5,24656.75,24667.650390625,0.0,43.79760803285223,-4.142957215801289,2.1888977367489866,24687.6939347701,24684.361253780375,18.549276951880984
2025-06-02 09:20:00+00:00,24685.400390625,24686.80078125,24671.55078125,24671.599609375,0.0,49.3228956638141,-3.6777293705054035,1.0155723152981087,24687.475501994377,24684.402004244872,18.36718574103234
2025-06-02 09:25:00+00:00,24713.5,24716.05078125,24683.44921875,24685.599609375,0.0,57.90139835853232,-1.0297588934772648,0.606506073543034,24689.954025613963,24685.543102117623,19.38392693810146
2025-06-02 09:30:00+00:00,24738.400390625,24754.30078125,24712.75,24714.25,0.0,63.75633696338416,3.042952942018019,1.0937954472380311,24694.567965138824,24687.61593696105,20.96727367466564
2025-06-02 09:35:00+00:00,24734.849609375,24747.05078125,24730.75,24738.19921875,0.0,62.42311471959091,5.915893306668295,2.058215019124084,24698.404312208935,24689.46823784003,20.63395278718952
2025-06-02 09:40:00+00:00,24723.94921875,24746.30078125,24723.94921875,24736.150390625,0.0,58.38669852969554,7.22980809172077,3.0925336336434217,24700.83716045094,24690.820433169833,20.756639195247413
2025-06-02 09:45:00+00:00,24716.400390625,24724.75,24708.900390625,24724.0,0.0,55.700537466727575,7.57465181257794,3.9889572694303252,24702.31937284847,24691.823568756314,20.40613706522974
2025-06-02 09:50:00+00:00,24696.25,24720.5,24696.19921875,24716.599609375,0.0,49.19441085883166,6.1510691302028135,4.421379641584823,24701.741337339092,24691.997154295284,20.684325935570474
2025-06-02 09:55:00+00:00,24690.69921875,24700.55078125,24666.599609375,24696.55078125,0.0,47.54685463786412,4.522831554204458,4.441670024108751,24700.689706997273,24691.946254862134,21.63195778838687
2025-06-03 03:45:00+00:00,24694.80078125,24841.900390625,24669.05078125,24773.94921875,0.0,48.90846648709031,3.522794774671638,4.257894974221328,24700.128856926105,24692.058197073424,32.433218616002094
2025-06-03 03:50:00+00:00,24668.69921875,24705.80078125,24654.75,24691.849609375,0.0,41.52163649361843,0.6169684400010738,3.529709667377277,24697.13555805219,24691.1421587078,33.76304451843051
2025-06-03 03:55:00+00:00,24649.0,24683.55078125,24648.80078125,24667.849609375,0.0,36.98190174080802,-3.2381547531440447,2.1761367832730127,24692.551219190074,24689.489525032986,33.83354133854262
2025-06-03 04:00:00+00:00,24627.05078125,24647.900390625,24601.80078125,24647.900390625,0.0,32.69283026507168,-7.97258319787943,0.14639278704252412,24686.3130822434,24687.04094684542,34.78823258221814
2025-06-03 04:05:00+00:00,24674.150390625,24691.69921875,24622.19921875,24626.650390625,0.0,46.91920860893342,-7.833803787656507,-1.449646527897282,24685.154730660695,24686.53543483678,37.26764454063113
2025-06-03 04:10:00+00:00,24646.80078125,24677.099609375,24641.94921875,24673.349609375,0.0,41.44163287962726,-9.817534584060922,-3.12322413913001,24681.501973573962,24684.977213127495,37.116412118086046
2025-06-03 04:15:00+00:00,24660.599609375,24660.599609375,24639.349609375,24646.44921875,0.0,44.934583162989064,-10.15909767003177,-4.530398845310362,24679.51127222168,24684.021228666614,35.983096966794186
2025-06-03 04:20:00+00:00,24647.849609375,24685.5,24647.19921875,24660.650390625,0.0,42.416933059369946,-11.32802490069298,-5.889924056386886,24676.49587576009,24682.602733792435,36.14864584416603
2025-06-03 04:25:00+00:00,24630.150390625,24664.05078125,24622.80078125,24649.05078125,0.0,39.1386315903415,-13.526660267725674,-7.417271298654644,24672.08202003294,24680.54577915842,36.51302828386846
2025-06-03 04:30:00+00:00,24639.5,24640.25,24619.150390625,24630.400390625,0.0,41.70186604013678,-14.349250075028976,-8.80366705392951,24668.978970505996,24678.936140760048,35.412069790377856
2025-06-03 04:35:00+00:00,24649.75,24655.650390625,24637.05078125,24639.349609375,0.0,44.46334306524918,-14.012541233743832,-9.845441889892376,24667.147639981613,24677.79158622044,34.21117976070801
2025-06-03 04:40:00+00:00,24661.69921875,24667.05078125,24645.19921875,24649.900390625,0.0,47.580644416592975,-12.635836899589776,-10.403520891831857,24666.62874272146,24677.160512986306,33.328349956371724
2025-06-03 04:45:00+00:00,24705.5,24705.5,24655.80078125,24662.400390625,0.0,57.088808295695166,-7.919144835508632,-9.906645680567213,24670.33076722418,24678.271865418217,34.49769772734517
2025-06-03 04:50:00+00:00,24746.94921875,24766.44921875,24708.25,24708.25,0.0,63.783500672398034,-0.826993775783194,-8.090715299610409,24677.62776260759,24680.965094960644,36.38709208610623
2025-06-03 04:55:00+00:00,24719.94921875,24758.75,24716.69921875,24746.30078125,0.0,57.49140822292098,2.585113108911173,-5.955549617906093,24681.658377478296,24682.493884128857,36.79164131209864
2025-06-03 05:00:00+00:00,24733.150390625,24748.05078125,24711.349609375,24719.599609375,0.0,59.59037226271534,6.282041181148088,-3.5080314580952567,24686.562378730363,24684.480413795376,36.78517920944874
2025-06-03 05:05:00+00:00,24647.650390625,24734.69921875,24635.55078125,24733.150390625,0.0,44.32479246610788,2.2863917655959085,-2.3491468133570237,24682.856475101282,24683.036099161243,41.239697658773835
2025-06-03 05:10:00+00:00,24642.849609375,24650.349609375,24612.099609375,24645.25,0.0,43.64864954891273,-1.2531268422062567,-2.12994281912687,24679.046297413064,24681.46015838531,41.02614782600428
2025-06-03 05:15:00+00:00,24660.900390625,24662.849609375,24635.5,24642.5,0.0,46.926849432087565,-2.5720249469850387,-2.2183592446985037,24677.3181158142,24680.653892982944,40.04925222236112
2025-06-03 05:20:00+00:00,24656.25,24663.19921875,24649.05078125,24660.849609375,0.0,46.181470734966986,-3.9470101792539936,-2.5640894316096015,24675.3116285938,24679.69687757185,38.19919402790675
2025-06-03 05:25:00+00:00,24637.69921875,24664.75,24636.0,24655.75,0.0,43.23152779374081,-6.4591320401013945,-3.34309795330796,24671.729494322964,24678.049910559228,37.52425159734198
2025-06-03 05:30:00+00:00,24639.19921875,24647.44921875,24629.5,24637.30078125,0.0,43.54554814079072,-8.234052221218008,-4.32128880688997,24668.631372839824,24676.52635401769,36.12603496538898
2025-06-03 05:35:00+00:00,24626.5,24638.150390625,24619.55078125,24637.25,0.0,41.45482696448138,-10.54386693894412,-5.5658044333008,24664.618861140792,24674.564536213074,34.94906371786119
2025-06-03 05:40:00+00:00,24590.19921875,24646.19921875,24588.05078125,24626.25,0.0,36.11675172139,-15.129181624466582,-7.478479871533956,24657.531276151196,24671.256092390995,36.60616184515682
2025-06-03 05:45:00+00:00,24607.150390625,24608.650390625,24572.55078125,24590.25,0.0,40.001966562508656,-17.19702207894443,-9.42218831301605,24652.733096577274,24668.742143302134,36.5699795258599
2025-06-03 05:50:00+00:00,24595.650390625,24611.599609375,24586.099609375,24607.900390625,0.0,38.30015535178753,-19.538526456908585,-11.445455941794558,24647.29664839134,24665.875800059897,35.779266702584195
2025-06-03 05:55:00+00:00,24618.30078125,24618.94921875,24587.5,24595.75,0.0,43.40702854784938,-19.34350839597755,-13.025066432631156,24644.535137235023,24664.010113047745,35.46997756311389
2025-06-03 06:00:00+00:00,24653.75,24662.599609375,24612.80078125,24617.25,0.0,50.33543413131991,-16.142419719792088,-13.648537090063344,24645.41274321264,24663.607755673325,36.4934668889629
2025-06-03 06:05:00+00:00,24607.150390625,24654.25,24598.94921875,24654.25,0.0,42.90026179669889,-17.16783281856624,-14.352396235763925,24641.768709632866,24661.393741357704,37.83684648617983
2025-06-03 06:10:00+00:00,24594.25,24608.19921875,24576.05078125,24607.650390625,0.0,41.09072949453507,-18.804665321098582,-15.242850052830857,24637.24311823926,24658.760653461326,37.430531558595554
2025-06-03 06:15:00+00:00,24608.05078125,24608.849609375,24588.900390625,24596.099609375,0.0,43.82076151094431,-18.771868745345273,-15.948653791333742,24634.462895668858,24656.77203102167,36.18186635798158
2025-06-03 06:20:00+00:00,24625.55078125,24626.849609375,24602.599609375,24607.19921875,0.0,47.16447590786887,-17.13623759631082,-16.18617055232916,24633.61412286706,24655.547668285526,35.32959018955433
2025-06-03 06:25:00+00:00,24623.44921875,24632.150390625,24620.599609375,24626.349609375,0.0,46.80420668673081,-15.82712145280675,-16.11436073242468,24632.646036760674,24654.288905558646,33.631103836729025
2025-06-03 06:30:00+00:00,24638.25,24639.44921875,24613.0,24622.30078125,0.0,49.71732126597792,-13.440405497603933,-15.57956968546053,24633.17974754537,24653.65992887007,33.11811204481981
2025-06-03 06:35:00+00:00,24620.05078125,24641.80078125,24614.80078125,24638.349609375,0.0,46.355790742889425,-12.869093860368594,-15.037474520442142,24631.929369802954,24652.34192308105,32.68110404161839
2025-06-03 06:40:00+00:00,24615.349609375,24630.900390625,24612.599609375,24619.19921875,0.0,45.49997830294195,-12.649850945319486,-14.559949805417611,24630.350345000294,24650.891244112187,31.65393812793136
2025-06-03 06:45:00+00:00,24599.05078125,24614.849609375,24583.75,24614.849609375,0.0,42.56590217438384,-13.634113002528466,-14.374782444839783,24627.369434166932,24648.85828478426,31.650057502721978
2025-06-03 06:50:00+00:00,24588.05078125,24599.44921875,24586.849609375,24598.349609375,0.0,40.660218199942946,-15.127376859290962,-14.52530132773002,24623.624800555797,24646.473676802525,30.289311207884698
2025-06-03 06:55:00+00:00,24606.25,24610.349609375,24586.849609375,24587.349609375,0.0,45.04399970258668,-14.673131640407519,-14.554867390265521,24621.97005764572,24644.896277712232,29.804360407321504
2025-06-03 07:00:00+00:00,24624.19921875,24628.099609375,24604.849609375,24605.30078125,0.0,49.04242678661285,-12.718179826289997,-14.187529877470418,24622.18235870327,24644.084628341163,29.336191806798542
2025-06-03 07:05:00+00:00,24632.94921875,24648.94921875,24616.650390625,24623.55078125,0.0,50.91720764795976,-10.343580201821169,-13.418739942340569,24623.20777394582,24643.647945612098,29.547808686670074
2025-06-03 07:10:00+00:00,24628.150390625,24637.849609375,24626.05078125,24633.55078125,0.0,49.834323082762644,-8.748075842748221,-12.4846071224221,24623.678499343838,24643.040198357703,28.2800243608365
2025-06-03 07:15:00+00:00,24593.650390625,24628.69921875,24587.75,24627.80078125,0.0,42.78875775309662,-10.150480395121122,-12.017781776961904,24620.818679465854,24641.1033431525,29.18496681720532
2025-06-03 07:20:00+00:00,24526.900390625,24595.19921875,24502.75,24593.099609375,0.0,33.052216124816724,-16.45834173507319,-12.905893768584162,24611.87408052863,24636.624795994558,33.703841955262085
2025-06-03 07:25:00+00:00,24530.5,24541.849609375,24515.650390625,24527.19921875,0.0,33.92538545469719,-20.92569056426146,-14.509853127719623,24604.124168097333,24632.46303928889,33.16779744060051
2025-06-03 07:30:00+00:00,24539.19921875,24545.849609375,24524.150390625,24531.900390625,0.0,36.094633225590556,-23.493326008054282,-16.306547703786556,24597.940839588064,24628.805634561875,32.34861324841476
2025-06-03 07:35:00+00:00,24522.25,24538.650390625,24504.150390625,24538.19921875,0.0,33.76847082089948,-26.589350418340473,-18.36310824669734,24590.732188198726,24624.626982226117,32.541485739599416
2025-06-03 07:40:00+00:00,24541.44921875,24541.900390625,24513.25,24522.80078125,0.0,38.59587334861859,-27.180436418784666,-20.12657388111481,24586.038572060752,24621.365109148624,32.263550374270885
2025-06-03 07:45:00+00:00,24535.69921875,24543.849609375,24516.5,24540.5,0.0,37.70939672648118,-27.792478881594434,-21.659754881210738,24581.24434793592,24618.005662466327,31.91255458860868
2025-06-03 07:50:00+00:00,24535.80078125,24557.25,24526.599609375,24535.900390625,0.0,37.736599267462935,-27.94717407175267,-22.917238719319123,24576.91638920393,24614.781941634315,31.822400019779487
2025-06-03 07:55:00+00:00,24540.400390625,24545.69921875,24526.44921875,24533.19921875,0.0,39.03509079081933,-27.382967286870553,-23.81038443282941,24573.438675053552,24611.865018065324,30.924371446938096
2025-06-03 08:00:00+00:00,24561.80078125,24564.30078125,24538.55078125,24541.30078125,0.0,44.80286500607771,-24.921714658696146,-24.032650478002758,24572.33030421512,24609.901714660802,30.554773486442517
2025-06-03 08:05:00+00:00,24561.30078125,24572.69921875,24556.650390625,24561.900390625,0.0,44.69646675226978,-22.749260723132466,-23.7759725270287,24571.279873456537,24607.99579570352,29.518634532053767
2025-06-03 08:10:00+00:00,24539.900390625,24567.19921875,24536.25,24560.099609375,0.0,40.28659777712352,-22.495098507544753,-23.51979772313191,24568.291351282103,24605.325387661225,29.620819119049923
2025-06-03 08:15:00+00:00,24533.349609375,24549.349609375,24531.69921875,24542.0,0.0,39.01757661549052,-22.56218361205174,-23.328274900915876,24564.963566338567,24602.50280812059,28.765788512332072
2025-06-03 08:20:00+00:00,24552.19921875,24552.44921875,24533.650390625,24533.650390625,0.0,44.44080799292094,-20.853951722569036,-22.83341026524651,24563.747914187275,24600.530118341354,28.075347145379784
2025-06-03 08:25:00+00:00,24568.349609375,24569.650390625,24550.5,24551.80078125,0.0,48.65412712755368,-17.989591283825575,-21.864646468962324,24564.18617087182,24599.268137597574,27.437850251066944
2025-06-03 08:30:00+00:00,24564.849609375,24572.30078125,24561.69921875,24567.5,0.0,47.807994088475354,-15.819626936845452,-20.65564256253895,24564.24935549117,24597.91839139277,26.235258268847875
2025-06-03 08:35:00+00:00,24569.19921875,24576.94921875,24564.05078125,24564.69921875,0.0,48.99512215974936,-13.5922543850902,-19.2429649270492,24564.720771039632,24596.792149328347,25.28262821393017
2025-06-03 08:40:00+00:00,24577.150390625,24579.55078125,24559.849609375,24569.0,0.0,51.181106692844956,-11.057982927046396,-17.605968527048642,24565.904544333476,24596.021884281156,24.88395276114944
2025-06-03 08:45:00+00:00,24571.44921875,24585.849609375,24568.650390625,24576.400390625,0.0,49.54156388318535,-9.401220049068797,-15.965018831452674,24566.43260856362,24595.05825033876,24.33504318892448
2025-06-03 08:50:00+00:00,24575.69921875,24576.44921875,24559.94921875,24571.099609375,0.0,50.80667520902435,-7.657018705362134,-14.303418806234568,24567.315142867086,24594.299072629397,23.775397246858443
2025-06-03 08:55:00+00:00,24562.349609375,24578.94921875,24560.55078125,24575.900390625,0.0,46.834527313260175,-7.268145822628867,-12.896364209513429,24566.842234915457,24593.046152501774,23.39132869351141
2025-06-03 09:00:00+00:00,24583.94921875,24586.150390625,24561.80078125,24562.099609375,0.0,53.20880261042012,-5.157599701422441,-11.348611307895231,24568.471471471126,24592.689410001705,23.45977731361774
2025-06-03 09:05:00+00:00,24590.400390625,24601.69921875,24579.150390625,24583.05078125,0.0,54.946241593510656,-2.930638463141804,-9.665016738944546,24570.55993996197,24592.599644535952,23.394709514430758
2025-06-03 09:10:00+00:00,24586.05078125,24595.55078125,24578.650390625,24590.19921875,0.0,53.50370905162029,-1.499448058923008,-8.031903002940238,24572.035258179876,24592.342826367876,22.93082959375713
2025-06-03 09:15:00+00:00,24572.05078125,24588.650390625,24571.55078125,24586.400390625,0.0,49.04089795369531,-1.4778664253208262,-6.721095687416356,24572.03673656751,24591.54705989267,22.514313863845906
2025-06-03 09:20:00+00:00,24568.150390625,24576.69921875,24556.849609375,24570.80078125,0.0,47.84357047692948,-1.7552582274802262,-5.72792819542913,24571.666608382508,24590.6295434508,22.323977828928342
2025-06-03 09:25:00+00:00,24567.44921875,24572.599609375,24558.150390625,24567.30078125,0.0,47.61849340684501,-2.00851898298788,-4.98404635294088,24571.264952227033,24589.720511109594,21.761495037576317
2025-06-03 09:30:00+00:00,24544.650390625,24575.05078125,24542.849609375,24568.650390625,0.0,40.88361604786201,-4.002763482516457,-4.787789778855996,24568.73023207446,24587.953055404316,22.50718624024944
2025-06-03 09:35:00+00:00,24539.099609375,24548.099609375,24534.400390625,24545.80078125,0.0,39.42172198199089,-5.96238758063555,-5.022709339211906,24565.908268007846,24586.037233991403,21.87804570523162
2025-06-03 09:40:00+00:00,24535.19921875,24542.75,24535.19921875,24541.0,0.0,38.38312837409438,-7.740900441487611,-5.566347559667048,24562.98359664996,24584.04358633488,20.85466967271508
2025-06-03 09:45:00+00:00,24543.150390625,24550.650390625,24534.650390625,24535.5,0.0,41.75210509374022,-8.411825291826972,-6.135443106099033,24561.094719885677,24582.43993160116,20.507907553235434
2025-06-03 09:50:00+00:00,24533.099609375,24550.5,24524.44921875,24544.349609375,0.0,38.85974925528528,-9.643389131360891,-6.837032311151405,24558.42851888466,24580.505017004056,20.90382710300433
2025-06-03 09:55:00+00:00,24538.400390625,24539.55078125,24529.599609375,24532.849609375,0.0,41.1742922405906,-10.075539058270806,-7.484733660575285,24556.521078098027,24578.85385518527,20.121494586718306
2025-06-04 03:45:00+00:00,24572.44921875,24612.0,24565.599609375,24568.150390625,0.0,53.382100663808366,-7.583151269573136,-7.504417182374856,24558.038043874407,24578.602692972123,23.941359928738425
2025-06-04 03:50:00+00:00,24584.150390625,24594.94921875,24567.400390625,24571.25,0.0,56.7071535555233,-4.610581299570185,-6.925650005813922,24560.524934041132,24578.820249742825,24.199036228471392
2025-06-04 03:55:00+00:00,24573.150390625,24611.80078125,24572.69921875,24583.349609375,0.0,52.888132109635556,-3.106595353849116,-6.1618390754209615,24561.727358477692,24578.59790232644,25.263502390723435
2025-06-04 04:00:00+00:00,24560.650390625,24581.150390625,24557.69921875,24572.650390625,0.0,48.86114790683475,-2.890006987785455,-5.50747265789386,24561.62479011077,24577.89407833815,25.134050211028903
2025-06-04 04:05:00+00:00,24554.599609375,24569.25,24536.80078125,24560.30078125,0.0,46.9957709886508,-3.1700640999806637,-5.039990946311221,24560.955725278793,24576.980569751362,25.65656224952684
2025-06-04 04:10:00+00:00,24553.849609375,24563.55078125,24544.099609375,24554.30078125,0.0,46.75749042390553,-3.4131850386002043,-4.714629764769018,24560.278952335575,24576.073473266017,25.213320079917782
2025-06-04 04:15:00+00:00,24543.599609375,24561.650390625,24537.05078125,24552.849609375,0.0,43.510568225813515,-4.382431528531015,-4.648190117521418,24558.690443482184,24574.799988407543,25.169483600995083
2025-06-04 04:20:00+00:00,24554.400390625,24554.400390625,24530.75,24543.349609375,0.0,47.63688135203622,-4.230269658488396,-4.564606025714814,24558.281867019596,24574.000004180776,25.060976959852578
2025-06-04 04:25:00+00:00,24575.099609375,24575.849609375,24553.94921875,24553.94921875,0.0,54.496819442082646,-2.411626587560022,-4.134010138083855,24559.883556767727,24574.043125953096,24.835220793077394
2025-06-04 04:30:00+00:00,24579.599609375,24588.150390625,24572.650390625,24575.150390625,0.0,55.85094624569705,-0.6003064996584726,-3.427269410398779,24561.76127606366,24574.26102726376,24.16841930785758
2025-06-04 04:35:00+00:00,24575.5,24591.099609375,24575.349609375,24578.69921875,0.0,54.26654774732656,0.49862565895091393,-2.6420903965288405,24563.069725962356,24574.30961442989,23.567103643010608
2025-06-04 04:40:00+00:00,24578.75,24582.5,24570.75,24576.0,0.0,55.34798302962312,1.6131893084748299,-1.7910344555281066,24564.56308539451,24574.483747197348,22.723024811366994
2025-06-04 04:45:00+00:00,24578.19921875,24584.099609375,24569.599609375,24578.94921875,0.0,55.11014648660077,2.424102047461929,-0.9480071549300995,24565.861764761703,24574.62945196412,22.13566589626935
2025-06-04 04:50:00+00:00,24595.19921875,24596.0,24576.05078125,24577.75,0.0,60.72057873714709,4.387932802543219,0.11918083656456424,24568.655807998683,24575.436109485137,21.979491100107253
2025-06-04 04:55:00+00:00,24581.19921875,24596.849609375,24579.94921875,24594.599609375,0.0,54.661664765008766,4.759732592956425,1.0472911878429363,24569.850418546426,24575.662113770035,21.61669820902816
2025-06-04 05:00:00+00:00,24600.44921875,24601.099609375,24581.650390625,24581.650390625,0.0,60.49829413690078,6.53239929378833,2.1443128090320154,24572.764589994385,24576.634157102584,21.494104810169006
2025-06-04 05:05:00+00:00,24594.400390625,24603.25,24588.599609375,24600.099609375,0.0,57.972801934011365,7.364269829555269,3.188304213136666,24574.8251424354,24577.330872142677,21.005268082656933
2025-06-04 05:10:00+00:00,24600.80078125,24609.599609375,24590.94921875,24593.80078125,0.0,59.88120750381802,8.442669417927391,4.239177254094811,24577.299012798696,24578.251260735124,20.837062549967154
2025-06-04 05:15:00+00:00,24589.69921875,24603.80078125,24589.25,24601.25,0.0,55.199167920177146,8.305761894080206,5.052494182091889,24578.479984794056,24578.70020026512,20.38804245711236
2025-06-04 05:20:00+00:00,24583.0,24591.69921875,24581.650390625,24589.400390625,0.0,52.529995495577,7.569434994835319,5.555882344640576,24578.91046243272,24578.868819862568,19.649527147675762
2025-06-04 05:25:00+00:00,24589.0,24590.900390625,24577.05078125,24582.75,0.0,54.645324559339514,7.384911811725033,5.921688238057468,24579.87137077246,24579.26612104443,19.235247306770354
2025-06-04 05:30:00+00:00,24584.849609375,24593.150390625,24583.80078125,24589.099609375,0.0,52.88961968809112,6.825098535082361,6.102370297462446,24580.345488734605,24579.48508137112,18.5291303116439
2025-06-04 05:35:00+00:00,24586.44921875,24589.25,24582.80078125,24584.94921875,0.0,53.509590898945525,6.436323655543674,6.169160969078693,24580.926796355117,24579.758184797745,17.666279485812193
2025-06-04 05:40:00+00:00,24581.55078125,24593.55078125,24580.650390625,24587.19921875,0.0,51.2839028426661,5.6676209874640335,6.068852972755761,24580.986223487966,24579.828482697834,17.325858852897035
2025-06-04 05:45:00+00:00,24582.69921875,24582.69921875,24572.0,24582.05078125,0.0,51.79019651902829,5.092386036838434,5.873559585572297,24581.149365893874,24579.941060582234,16.852527416975818
2025-06-04 05:50:00+00:00,24591.650390625,24591.80078125,24581.55078125,24582.25,0.0,55.658312165436364,5.297724090771226,5.758392486612083,24582.149463487316,24580.400249995673,16.38091831576326
2025-06-04 05:55:00+00:00,24590.400390625,24598.150390625,24590.400390625,24592.05078125,0.0,54.99472206224071,5.298513459627429,5.666416681215152,24582.935266071858,24580.792412373292,15.7644241503516
2025-06-04 06:00:00+00:00,24594.900390625,24599.900390625,24590.25,24590.349609375,0.0,56.98308786218436,5.597724350212957,5.652678215014713,24584.074801743587,24581.34566642238,15.327707469969342
2025-06-04 06:05:00+00:00,24598.44921875,24601.55078125,24593.349609375,24595.05078125,0.0,58.53880897655578,6.051454506941809,5.732433473400132,24585.443793839437,24582.01639396464,14.818669213185817
2025-06-04 06:10:00+00:00,24592.69921875,24599.349609375,24590.650390625,24598.19921875,0.0,55.06402335253812,5.87928919375554,5.761804617471214,24586.13478668806,24582.43532826995,14.381565608672545
2025-06-04 06:15:00+00:00,24586.69921875,24594.94921875,24585.400390625,24592.650390625,0.0,51.6207126017001,5.198768914833636,5.649197476943699,24586.18854212253,24582.602539661322,14.036370074124505
2025-06-04 06:20:00+00:00,24590.25,24590.650390625,24584.05078125,24585.900390625,0.0,53.474897203329924,4.889605731463234,5.497279127847606,24586.575347634673,24582.902440066762,13.505172881329898
2025-06-04 06:25:00+00:00,24594.349609375,24595.05078125,24583.19921875,24589.80078125,0.0,55.591144083260964,4.918696227610781,5.381562547800241,24587.315753514704,24583.351348667085,13.387057854092047
2025-06-04 06:30:00+00:00,24592.19921875,24595.650390625,24589.400390625,24594.55078125,0.0,54.19854476240534,4.713893276133604,5.248028693466914,24587.780845441874,24583.698323964454,12.877268007371187
2025-06-04 06:35:00+00:00,24601.94921875,24602.80078125,24588.0,24592.099609375,0.0,59.19032691388326,5.277493319550558,5.253921618683643,24589.13021432836,24584.414045328595,13.014661810416102
2025-06-04 06:40:00+00:00,24607.75,24607.94921875,24600.94921875,24601.849609375,0.0,61.85406297642672,6.12165831573293,5.427468958093501,24590.90352724947,24585.329180805908,12.585043109672096
2025-06-04 06:45:00+00:00,24604.05078125,24609.150390625,24596.75,24607.5,0.0,59.20031134555507,6.418184286354517,5.625612023745704,24592.15564667809,24586.06336121548,12.571853646481232
2025-06-04 06:50:00+00:00,24605.30078125,24606.400390625,24595.69921875,24603.94921875,0.0,59.82751050896224,6.677078601951507,5.835905339386865,24593.40756425637,24586.81776984429,12.43823351994686
2025-06-04 06:55:00+00:00,24594.150390625,24604.94921875,24592.849609375,24604.94921875,0.0,52.12921529595984,5.914334114433586,5.85159109439621,24593.47830962481,24587.105323600397,12.43915768816494
2025-06-04 07:00:00+00:00,24593.150390625,24597.55078125,24582.19921875,24594.30078125,0.0,51.48932513774842,5.1695703807417885,5.715186951665326,24593.447079243873,24587.342385052343,12.647186603296015
2025-06-04 07:05:00+00:00,24592.900390625,24594.94921875,24586.25,24592.94921875,0.0,51.31972225395427,4.507210528070573,5.473591666946376,24593.395013661124,24587.560346055194,12.365188899489157
2025-06-04 07:10:00+00:00,24600.599609375,24600.599609375,24587.05078125,24592.650390625,0.0,56.114101261475966,4.551086093324557,5.289090552222013,24594.081165633874,24588.071689714794,12.449734558454216
2025-06-04 07:15:00+00:00,24598.05078125,24605.19921875,24596.400390625,24600.30078125,0.0,54.21064684825664,4.330271986684238,5.097326839114459,24594.45922426398,24588.463026637746,12.188955527493201
2025-06-04 07:20:00+00:00,24596.099609375,24602.94921875,24593.05078125,24598.25,0.0,52.73590325713061,3.95227261411128,4.868315994113823,24594.61545141741,24588.76250047058,12.025347096957972
2025-06-04 07:25:00+00:00,24602.099609375,24602.94921875,24594.150390625,24596.05078125,0.0,56.64198828683674,4.089711594420805,4.71259511417522,24595.328228365754,24589.285524349187,11.794881456103832
2025-06-04 07:30:00+00:00,24613.900390625,24619.900390625,24601.900390625,24602.150390625,0.0,63.101038575305395,5.092158170507901,4.788507725441756,24597.097005723776,24590.25081322275,12.238104209239273
2025-06-04 07:35:00+00:00,24607.650390625,24615.0,24607.400390625,24613.94921875,0.0,58.159377061614514,5.3209449959831545,4.894995179550035,24598.102090000084,24590.933149591467,11.906783149650753
2025-06-04 07:40:00+00:00,24600.25,24612.44921875,24598.099609375,24607.44921875,0.0,52.87884418024804,4.84921183222832,4.8858385100856925,24598.306652857216,24591.298516274157,12.0812707371757
2025-06-04 07:45:00+00:00,24602.349609375,24604.599609375,24594.94921875,24600.400390625,0.0,54.150760910753824,4.591848855416174,4.827040579151789,24598.691696335103,24591.731892474192,11.907636443448865
2025-06-04 07:50:00+00:00,24601.44921875,24604.30078125,24588.80078125,24601.94921875,0.0,53.4840399719951,4.2660564008692745,4.714843743495286,24598.954317517477,24592.112964092852,12.164233840345375
2025-06-04 07:55:00+00:00,24608.19921875,24608.30078125,24600.0,24601.599609375,0.0,57.68977896483105,4.500651413396554,4.67200527747554,24599.834784301525,24592.74379760882,11.888272941034993
2025-06-04 08:00:00+00:00,24607.150390625,24611.94921875,24601.80078125,24608.05078125,0.0,56.82996800802386,4.549494248982228,4.647503071776877,24600.531508713288,24593.308762040826,11.763998980961064
2025-06-04 08:05:00+00:00,24603.55078125,24609.25,24603.150390625,24607.150390625,0.0,53.86288663201954,4.248767013341421,4.567755860089786,24600.81905847869,24593.710409852953,11.359399723392416
2025-06-04 08:10:00+00:00,24605.69921875,24609.0,24601.05078125,24603.150390625,0.0,55.36091274948735,4.136120837119961,4.481428855495821,24601.283835647384,24594.180559221466,11.1158153681501
2025-06-04 08:15:00+00:00,24612.05078125,24613.150390625,24603.25,24605.75,0.0,59.54310549645105,4.50740735618092,4.486624555632841,24602.30925903811,24594.881352242195,11.02899931506795
2025-06-04 08:20:00+00:00,24618.599609375,24622.55078125,24610.69921875,24612.349609375,0.0,63.355240832868745,5.26934852659906,4.643169349826085,24603.860720974957,24595.811479972894,11.087753828277382
2025-06-04 08:25:00+00:00,24621.349609375,24622.30078125,24611.5,24618.75,0.0,64.85292004379232,6.025634645571699,4.919662408975208,24605.526329394008,24596.812975243563,11.067255786971854
2025-06-04 08:30:00+00:00,24616.5,24624.650390625,24610.900390625,24621.94921875,0.0,60.181701962022494,6.162634878146491,5.168256902809465,24606.571440880292,24597.585015430093,11.258880373616721
2025-06-04 08:35:00+00:00,24627.150390625,24632.0,24615.55078125,24616.650390625,0.0,65.97746634858947,7.049345595940395,5.5444746414356505,24608.531340855978,24598.744441908326,11.629618829072669
2025-06-04 08:40:00+00:00,24616.55078125,24626.75,24612.099609375,24626.349609375,0.0,57.07371224493242,6.818174662923411,5.799214645733203,24609.29509708398,24599.442729725648,11.873987573424623
2025-06-04 08:45:00+00:00,24621.400390625,24625.80078125,24616.55078125,24616.55078125,0.0,59.750070394488795,6.946221264824999,6.028615969551562,24610.447982183126,24600.3038144668,11.686559889608578
2025-06-04 08:50:00+00:00,24621.30078125,24623.30078125,24615.5,24621.05078125,0.0,59.667781935116544,6.959437412871921,6.214780258215635,24611.481582094257,24601.127224928885,11.409004272493679
2025-06-04 08:55:00+00:00,24612.849609375,24622.30078125,24608.650390625,24621.05078125,0.0,52.99868531738895,6.216314559766033,6.215087118525715,24611.61187040671,24601.586926279713,11.5691032976727
2025-06-04 09:00:00+00:00,24621.5,24622.900390625,24610.05078125,24612.05078125,0.0,58.154310243462334,6.2533142596475955,6.222732546750091,24612.553597034643,24602.36783113149,11.660568017481793
2025-06-04 09:05:00+00:00,24618.94921875,24622.75,24615.69921875,24622.05078125,0.0,56.196795505416716,6.00755866257532,6.179697769915137,24613.162703864677,24603.018081626335,11.331297534090238
2025-06-04 09:10:00+00:00,24615.150390625,24622.55078125,24612.0,24618.0,0.0,53.31833155632764,5.4435124764058855,6.032460711213288,24613.352007365662,24603.493858449812,11.275546370940935
2025-06-04 09:15:00+00:00,24612.5,24618.25,24610.55078125,24615.80078125,0.0,51.34240684729233,4.728134446202603,5.77159545821115,24613.270863807025,24603.84704047139,11.020094398016582
2025-06-04 09:20:00+00:00,24615.75,24620.150390625,24610.849609375,24611.75,0.0,53.612546281952085,4.373030468734214,5.491882460315764,24613.50697201588,24604.313823198005,10.897286316015396
2025-06-04 09:25:00+00:00,24628.900390625,24631.5,24613.5,24615.19921875,0.0,61.449869211588535,5.094014006685029,5.412308769589616,24614.973011883416,24605.27800231279,11.404623007728583
2025-06-04 09:30:00+00:00,24639.19921875,24644.25,24628.25,24629.44921875,0.0,66.25795732885845,6.422394646033354,5.614325944878364,24617.280269680232,24606.60824609464,11.732864221462256
2025-06-04 09:35:00+00:00,24625.849609375,24640.05078125,24622.099609375,24639.30078125,0.0,56.43272140231742,6.325032921635284,5.756467340229748,24618.096397270212,24607.36280936054,12.177029053857808
2025-06-04 09:40:00+00:00,24616.900390625,24625.69921875,24614.94921875,24625.650390625,0.0,50.97554410068651,5.462774429055571,5.697728757994913,24617.98249187543,24607.736832155228,12.085840594653678
2025-06-04 09:45:00+00:00,24610.5,24617.650390625,24609.0,24617.650390625,0.0,47.44203344587546,4.214389469863818,5.4010609003686945,24617.26987360158,24607.845191678556,11.840451311106987
2025-06-04 09:50:00+00:00,24607.150390625,24612.69921875,24605.44921875,24610.5,0.0,45.6582735824474,2.9210775491883396,4.9050642301326235,24616.306113318096,24607.817944578415,11.512561931742201
2025-06-04 09:55:00+00:00,24612.0,24622.05078125,24604.099609375,24607.69921875,0.0,48.66755184469746,2.261373771747458,4.376326138455591,24615.8960072878,24607.98194675181,11.972462641974902
2025-06-05 03:45:00+00:00,24627.30078125,24674.05078125,24618.94921875,24674.05078125,0.0,56.79657915988832,2.9393163390304835,4.0889241785705694,24616.98217623658,24608.73954810468,15.54948539969098
2025-06-05 03:50:00+00:00,24666.80078125,24666.900390625,24613.650390625,24625.55078125,0.0,70.00315769760985,6.587968591586105,4.588733061173677,24621.726805285478,24611.01645920842,18.242379299713054
2025-06-05 03:55:00+00:00,24715.5,24716.94921875,24665.80078125,24667.849609375,0.0,78.66307288189265,13.256360671603034,6.322258583259549,24630.65758573448,24615.11385296495,20.59281202830498
2025-06-05 04:00:00+00:00,24737.30078125,24737.30078125,24704.05078125,24715.349609375,0.0,81.26990374564727,20.068908404704416,9.071588547548522,24640.814080545482,24619.905497211425,21.496896883426054
2025-06-05 04:05:00+00:00,24737.099609375,24749.75,24729.599609375,24737.099609375,0.0,81.17135215215208,25.16162116961641,12.2895950719621,24649.984130910198,24624.501344747252,21.40071786496705
2025-06-05 04:10:00+00:00,24747.150390625,24753.05078125,24732.599609375,24737.650390625,0.0,82.32459437621523,29.666667895176943,15.765009636605068,24659.238060406846,24629.311111252264,21.332893151397975
2025-06-05 04:15:00+00:00,24751.19921875,24757.19921875,24743.849609375,24746.849609375,0.0,82.78209933289541,33.181164662841184,19.24824064185229,24667.99626596334,24634.091037036487,20.76265859594098
2025-06-05 04:20:00+00:00,24753.599609375,24760.94921875,24751.099609375,24753.0,0.0,83.06201386872267,35.74803899319522,22.54820031212088,24676.148965335877,24638.77764771643,19.983155080159484
2025-06-05 04:25:00+00:00,24749.19921875,24761.25,24740.55078125,24754.599609375,0.0,80.47902835572522,37.00070949853398,25.4387021494035,24683.1061323277,24643.10790540402,20.034302485148093
2025-06-05 04:30:00+00:00,24748.099609375,24757.400390625,24743.19921875,24749.400390625,0.0,79.81112315847656,37.472767870254756,27.84551529357375,24689.295987284586,24647.225227128376,19.617650298708945
2025-06-05 04:35:00+00:00,24734.44921875,24751.44921875,24728.94921875,24748.05078125,0.0,71.84049178762237,36.326654033338855,29.54174304152677,24693.596295043197,24650.64577581942,19.823532420229736
2025-06-05 04:40:00+00:00,24732.25,24740.94921875,24724.400390625,24734.599609375,0.0,70.61687388344788,34.83928638010548,30.601251709242515,24697.27760027718,24653.84594147356,19.58962497057047
2025-06-05 04:45:00+00:00,24720.0,24734.94921875,24714.25,24733.0,0.0,64.07068905031869,32.299732960847905,30.940947959563594,24699.44163834602,24656.440218278516,19.66888166910115
2025-06-05 04:50:00+00:00,24734.849609375,24737.19921875,24713.75,24719.55078125,0.0,67.94933744126428,31.12655045475185,30.978068458601246,24702.813826063066,24659.51509636073,19.93890574630821
2025-06-05 04:55:00+00:00,24723.849609375,24741.150390625,24720.849609375,24733.19921875,0.0,62.56165384260926,28.97517897043872,30.577490560968744,24704.817233997535,24662.03801843972,19.96475399657191
2025-06-05 05:00:00+00:00,24721.650390625,24734.849609375,24713.849609375,24723.849609375,0.0,61.5115459406129,26.783993787903455,29.818791206355687,24706.42039177158,24664.37575852542,20.038700139673917
2025-06-05 05:05:00+00:00,24719.80078125,24724.44921875,24709.650390625,24722.05078125,0.0,60.590405527164435,24.61447537523054,28.77792804013066,24707.694714579047,24666.549288828344,19.66442356719721
2025-06-05 05:10:00+00:00,24718.349609375,24723.0,24715.650390625,24720.25,0.0,59.83333571680203,22.518440396634105,27.52603051143135,24708.709466464377,24668.58067394782,18.784793982040267
2025-06-05 05:15:00+00:00,24706.05078125,24723.150390625,24701.80078125,24717.80078125,0.0,53.70837073607081,19.638524247919122,25.948529258728907,24708.456258348724,24670.050089920456,18.967995081537392
2025-06-05 05:20:00+00:00,24693.94921875,24708.150390625,24690.900390625,24705.25,0.0,48.45256214034255,16.193012031715625,23.997425813326252,24707.0746355298,24670.987310658868,18.84528114714186
2025-06-05 05:25:00+00:00,24704.55078125,24704.55078125,24691.19921875,24693.55078125,0.0,52.809352034558536,14.154709588456171,22.028882568352238,24706.834268455532,24672.30352519185,18.452872672346015
2025-06-05 05:30:00+00:00,24709.5,24712.599609375,24698.349609375,24704.75,0.0,54.73286023418641,12.791251225924498,20.181356299866692,24707.088147650244,24673.762210478446,18.152667481464157
2025-06-05 05:35:00+00:00,24705.19921875,24715.099609375,24702.05078125,24711.900390625,0.0,52.72180606808088,11.2341631074014,18.391917661373636,24706.908249659744,24674.995034332234,17.788107527431002
2025-06-05 05:40:00+00:00,24708.80078125,24708.80078125,24703.55078125,24705.099609375,0.0,54.23818300151175,10.173501754063182,16.748234479911545,24707.088490763577,24676.320749897637,16.892528418328787
2025-06-05 05:45:00+00:00,24714.599609375,24717.75,24707.849609375,24708.099609375,0.0,56.64907957016529,9.689146507094847,15.336416885348207,24707.803835393235,24677.82188164185,16.39309000451959
2025-06-05 05:50:00+00:00,24733.400390625,24735.05078125,24712.94921875,24715.900390625,0.0,63.38444656869241,10.699025698140758,14.408938647906718,24710.241602558166,24680.001431013738,16.800838039911046
2025-06-05 05:55:00+00:00,24736.94921875,24754.19921875,24732.349609375,24735.150390625,0.0,64.50547859461548,11.651412770061143,13.857433472337604,24712.785185052624,24682.23467759163,17.16146456384597
2025-06-05 06:00:00+00:00,24736.900390625,24739.900390625,24731.599609375,24738.099609375,0.0,64.4762288680844,12.260910223612882,13.538128822592661,24715.08187129761,24684.37843104392,16.528558612856973
2025-06-05 06:05:00+00:00,24732.900390625,24737.25,24730.55078125,24737.25,0.0,61.996155141106414,12.279622926842421,13.286427643442613,24716.778873138315,24686.281252988276,15.826462908367189
2025-06-05 06:10:00+00:00,24728.75,24736.25,24726.55078125,24733.55078125,0.0,59.441296350940426,11.823259861830593,12.99379408712021,24717.918980458475,24687.946694047558,15.388802611340962
2025-06-05 06:15:00+00:00,24716.30078125,24729.44921875,24713.80078125,24728.19921875,0.0,52.45812474722706,10.337872376567248,12.462609745009617,24717.764866248144,24689.05861903589,15.407347960530894
2025-06-05 06:20:00+00:00,24733.30078125,24733.5,24716.650390625,24716.650390625,0.0,59.46172312271581,10.412422097499075,12.05257221550751,24719.2444772007,24690.793605789386,15.53533873120726
2025-06-05 06:25:00+00:00,24742.05078125,24743.5,24721.25,24730.650390625,0.0,62.522028834887344,11.050175615637272,11.852092895533463,24721.416506157777,24692.803691101566,16.014957393263884
2025-06-05 06:30:00+00:00,24798.94921875,24805.25,24742.05078125,24742.44921875,0.0,75.48312263536636,15.962818820837128,12.674238080594197,24728.800574023702,24696.96626081327,19.385261775887894
2025-06-05 06:35:00+00:00,24818.599609375,24829.19921875,24800.599609375,24800.599609375,0.0,78.27719138493327,21.19739586826472,14.378869638128304,24737.352863104777,24701.736196050988,20.161314506181615
2025-06-05 06:40:00+00:00,24865.150390625,24873.099609375,24815.19921875,24819.44921875,0.0,83.17033422605883,28.770447092108952,17.257185128924434,24749.524056201943,24708.144595838206,22.856962800382927
2025-06-05 06:45:00+00:00,24852.400390625,24898.900390625,24852.400390625,24870.75,0.0,77.98864696379445,33.35878697298904,20.477505497737354,24759.321802337472,24713.801685829847,24.545751171784143
2025-06-05 06:50:00+00:00,24843.25,24860.400390625,24838.099609375,24853.150390625,0.0,74.40583607810525,35.84353734862816,23.550711867915517,24767.314964019617,24718.87809030711,24.38539617737099
2025-06-05 06:55:00+00:00,24822.099609375,24845.5,24803.650390625,24844.75,0.0,66.7703041787417,35.69459508767977,25.979488511868368,24772.532549291558,24722.925993015655,25.63283997720163
2025-06-05 07:00:00+00:00,24815.099609375,24837.44921875,24812.30078125,24823.900390625,0.0,64.41428502894784,34.612721862293256,27.70613518195335,24776.586555013793,24726.540644637593,25.598239800258657
2025-06-05 07:05:00+00:00,24814.44921875,24820.05078125,24808.44921875,24814.44921875,0.0,64.18765997494043,33.318770403799135,28.828662226322507,24780.19252298867,24729.988039700824,24.598477135954465
2025-06-05 07:10:00+00:00,24817.94921875,24834.5,24817.94921875,24826.099609375,0.0,64.90326099540955,32.20449196305708,29.503828173669422,24783.78839877546,24733.437497702755,24.273641715529145
2025-06-05 07:15:00+00:00,24814.25,24831.599609375,24811.05078125,24818.30078125,0.0,63.45993469494307,30.66938465804924,29.736939470545387,24786.68950365399,24736.6066154399,24.00758360191992
2025-06-05 07:20:00+00:00,24825.69921875,24826.099609375,24807.44921875,24813.25,0.0,65.98146470294031,30.030484593924484,29.795648495221208,24790.404714615514,24740.10044302069,23.624926960711353
2025-06-05 07:25:00+00:00,24796.349609375,24829.19921875,24785.55078125,24825.94921875,0.0,55.42309730565552,26.846414740615728,29.205801744300114,24790.9708950688,24742.306292681642,25.055177713517683
2025-06-05 07:30:00+00:00,24800.44921875,24803.19921875,24790.44921875,24796.900390625,0.0,56.470899600481715,24.37286543542359,28.23921448252481,24791.873592562246,24744.586407429422,24.17623644826642
2025-06-05 07:35:00+00:00,24793.099609375,24821.05078125,24790.05078125,24800.400390625,0.0,54.019433217441325,21.570852377961273,26.905542061612106,24791.99035606822,24746.488885937095,24.6636481305331
2025-06-05 07:40:00+00:00,24796.25,24800.55078125,24790.400390625,24793.0,0.0,54.922756938669174,19.38103453518852,25.400640556327392,24792.396036442675,24748.44030217486,23.626986880137878
2025-06-05 07:45:00+00:00,24780.349609375,24790.19921875,24773.150390625,24777.150390625,0.0,49.623835355842985,16.176091565375827,23.55573075813708,24791.248757674322,24749.691647555257,23.589317058342317
2025-06-05 07:50:00+00:00,24775.0,24781.0,24763.05078125,24780.349609375,0.0,47.94772678755944,13.054003971472412,21.45538540080415,24789.701256943434,24750.684131964856,23.18645289346072
2025-06-05 07:55:00+00:00,24768.900390625,24786.599609375,24766.400390625,24774.44921875,0.0,46.03833072461812,9.972581844096567,19.158824689462634,24787.720222055963,24751.398495049565,22.97307902607067
2025-06-05 08:00:00+00:00,24730.75,24763.599609375,24711.349609375,24763.599609375,0.0,36.30120652371532,4.401378568014479,16.207335465173003,24782.29448662206,24750.58875014566,25.442914899208482
2025-06-05 08:05:00+00:00,24745.25,24746.05078125,24720.30078125,24732.0,0.0,41.37623565626169,1.1430127127605374,13.194470914690509,24778.766440277104,24750.379387394853,25.46484954926502
2025-06-05 08:10:00+00:00,24730.599609375,24762.900390625,24725.5,24745.30078125,0.0,38.07544342391268,-2.591555944065476,10.037265542939313,24774.179123048336,24749.60370982545,26.317388197531805
2025-06-05 08:15:00+00:00,24747.349609375,24758.44921875,24728.75,24730.94921875,0.0,43.61390934067796,-4.151784311161464,7.199455572119158,24771.62393126992,24749.515313729356,26.558947522708106
2025-06-05 08:20:00+00:00,24737.0,24748.849609375,24736.150390625,24747.650390625,0.0,41.16406405746576,-6.152481536817504,4.529068150331826,24768.326414006122,24749.02451711252,25.5689668960861
2025-06-05 08:25:00+00:00,24732.599609375,24741.05078125,24722.75,24737.0,0.0,40.131884738258876,-8.000893925451237,2.023075735175213,24764.92386118411,24748.3804030836,25.04981077850852
2025-06-05 08:30:00+00:00,24711.44921875,24742.55078125,24695.650390625,24732.349609375,0.0,35.52147292738877,-11.04511263961831,-0.5905619397834916,24759.831038095148,24746.932121345028,26.61056648182934
2025-06-05 08:35:00+00:00,24710.69921875,24726.900390625,24706.44921875,24711.30078125,0.0,35.366317291404286,-13.364143112085003,-3.145278174243794,24755.151817205133,24745.51122320405,26.170609724198673
2025-06-05 08:40:00+00:00,24713.55078125,24717.80078125,24693.099609375,24710.05078125,0.0,36.50196387398654,-14.801274329980515,-5.4764774053911385,24751.189813780835,24744.257872539187,26.065649877827337
2025-06-05 08:45:00+00:00,24713.75,24716.44921875,24701.099609375,24713.80078125,0.0,36.58579452739751,-15.74266425192036,-7.529714774696983,24747.62411723028,24743.06148538079,25.30021841333967
2025-06-05 08:50:00+00:00,24710.44921875,24723.44921875,24701.69921875,24713.5,0.0,35.74379010020853,-16.56412706253832,-9.336597232265252,24744.083650708348,24741.782572963897,25.046631383815406
2025-06-05 08:55:00+00:00,24729.849609375,24744.400390625,24707.599609375,24711.05078125,0.0,43.91402548174856,-15.471348792361823,-10.563547544284567,24742.728027724217,24741.314613607472,25.886213517114303
2025-06-05 09:00:00+00:00,24741.94921875,24749.849609375,24712.900390625,24731.80078125,0.0,48.32697452019102,-13.473660809551802,-11.145570197338015,24742.653855440956,24741.33950008365,26.67642817660614
2025-06-05 09:05:00+00:00,24738.25,24742.900390625,24722.30078125,24742.05078125,0.0,47.106636656240816,-12.050069033164618,-11.326469964503335,24742.234440637054,24741.218343217624,26.24236969077713
2025-06-05 09:10:00+00:00,24751.55078125,24764.44921875,24732.0,24739.900390625,0.0,51.81780754651407,-9.736365643875615,-11.008449100377792,24743.121711171618,24741.623536865955,26.68571605215019
2025-06-05 09:15:00+00:00,24760.150390625,24768.599609375,24750.349609375,24750.349609375,0.0,54.631449526275645,-7.126670609319262,-10.232093402166086,24744.743490167177,24742.350080150623,26.083164905568033
2025-06-05 09:20:00+00:00,24748.400390625,24780.650390625,24747.05078125,24759.900390625,0.0,50.3086163528674,-5.938144065330562,-9.373303534798982,24745.091766401252,24742.58734722805,26.620053796241745
2025-06-05 09:25:00+00:00,24739.900390625,24753.05078125,24738.05078125,24748.55078125,0.0,47.38745922530591,-5.617353820714925,-8.62211359198217,24744.597349660657,24742.481976380874,25.790049953653046
2025-06-05 09:30:00+00:00,24740.5,24746.599609375,24727.099609375,24742.80078125,0.0,47.61851907676793,-5.254174917434284,-7.948525857072594,24744.20712588345,24742.40425181692,25.340760671249257
2025-06-05 09:35:00+00:00,24747.05078125,24747.900390625,24731.94921875,24742.099609375,0.0,50.19212808013038,-4.3871869599679485,-7.236258077651666,24744.477950204076,24742.586468657435,24.67007575723145
2025-06-05 09:40:00+00:00,24752.55078125,24754.5,24733.80078125,24746.150390625,0.0,52.31068508286905,-3.2191800193868403,-6.432842465998701,24745.24679125607,24742.97722601401,24.386443113857776
2025-06-05 09:45:00+00:00,24767.44921875,24769.400390625,24745.44921875,24752.849609375,0.0,57.57483689306339,-1.0789097095912439,-5.36205591471721,24747.361308160256,24743.936912003657,24.35535231108222
2025-06-05 09:50:00+00:00,24770.05078125,24770.69921875,24757.099609375,24767.94921875,0.0,58.43758948560783,0.817767566852126,-4.126091218403343,24749.52221035928,24744.960985307433,23.58708495850492
2025-06-05 09:55:00+00:00,24761.099609375,24775.400390625,24755.55078125,24770.94921875,0.0,54.342769310054216,1.58039539663514,-2.9847938953956463,24750.624819789347,24745.59387252577,23.320122416826
2025-06-06 03:45:00+00:00,24750.349609375,24758.94921875,24723.55078125,24758.94921875,0.0,49.82710692492316,1.3023357715755992,-2.127367962001397,24750.598609273697,24745.780372010053,24.33645853883843
2025-06-06 03:50:00+00:00,24747.599609375,24755.849609375,24733.25,24749.650390625,0.0,48.71197976999758,0.8502681363133888,-1.5318407423384401,24750.312990235725,24745.851714651813,24.21239788427854
2025-06-06 03:55:00+00:00,24729.44921875,24754.349609375,24729.05078125,24747.75,0.0,42.026668274301194,-0.9614999826117128,-1.417772590393095,24748.32596437994,24745.208479518413,24.290000044330075
2025-06-06 04:00:00+00:00,24708.44921875,24732.150390625,24704.25,24728.75,0.0,35.8894608343746,-4.045232839518576,-1.943264640218191,24744.528179081848,24743.766939880436,24.547885085806495
2025-06-06 04:05:00+00:00,24694.349609375,24713.400390625,24687.150390625,24708.849609375,0.0,32.46184950040373,-7.539918499893247,-3.062595412153202,24739.749267681196,24741.829005350814,24.669464722534602
2025-06-06 04:10:00+00:00,24687.349609375,24704.849609375,24685.55078125,24693.849609375,0.0,30.884800874289652,-10.750399646913138,-4.600156259105189,24734.758824032986,24739.692558449802,24.285847822710704
2025-06-06 04:15:00+00:00,24703.69921875,24704.80078125,24681.099609375,24687.55078125,0.0,38.41089648671517,-11.838979858712264,-6.047920979026604,24731.80076638699,24738.281054932162,24.24408525501708
2025-06-06 04:20:00+00:00,24704.44921875,24709.150390625,24696.099609375,24704.25,0.0,38.740436859740164,-12.49710988381048,-7.33775875998338,24729.19585708823,24736.954316258354,23.444563540373
2025-06-06 04:25:00+00:00,24712.30078125,24714.5,24700.19921875,24703.849609375,0.0,42.225574193618336,-12.243986144116207,-8.319004236809945,24727.586802246493,24735.98751096391,22.791436233917786
2025-06-06 04:30:00+00:00,24687.400390625,24715.25,24671.650390625,24713.25,0.0,35.355813791703056,-13.892493165509222,-9.433702022549802,24723.759524949208,24734.08213369572,24.277734315423658
2025-06-06 04:35:00+00:00,24794.599609375,24816.94921875,24682.19921875,24687.0,0.0,63.15071867339669,-6.474234855595569,-8.841808589158955,24730.506199656425,24736.455368036084,32.168610435750544
2025-06-06 04:40:00+00:00,24750.599609375,24799.400390625,24723.900390625,24793.69921875,0.0,53.06533607577993,-4.098400169987144,-7.893126905324593,24732.41985772486,24737.010044167022,35.26370969033979
2025-06-06 04:45:00+00:00,24754.75,24756.5,24735.75,24750.25,0.0,53.81460840010694,-1.8592005212049116,-6.686341628500657,24734.54653794154,24737.705728709494,34.2270161410298
2025-06-06 04:50:00+00:00,24788.849609375,24792.650390625,24737.75,24755.349609375,0.0,59.53090304687821,2.636542407570232,-4.8217648212864805,24739.718259030444,24739.711371088535,35.70368574702767
2025-06-06 04:55:00+00:00,24831.55078125,24832.94921875,24786.30078125,24787.25,0.0,65.31946673674108,9.535163342847227,-1.950379188459739,24748.464213527546,24743.312916585066,36.48545372938283
2025-06-06 05:00:00+00:00,24860.55078125,24868.150390625,24829.05078125,24832.400390625,0.0,68.60393732681693,17.144793268293142,1.8686553028908375,24759.13912473921,24747.910479905262,36.672179132641205
2025-06-06 05:05:00+00:00,24884.599609375,24886.19921875,24845.55078125,24860.900390625,0.0,71.05229234879438,24.829796812235145,6.460883604759699,24771.08774232357,24753.270837923683,36.95619758745254
2025-06-06 05:10:00+00:00,24912.5,24925.5,24883.400390625,24883.75,0.0,73.62231489460702,32.793522524014406,11.72741138861064,24784.55557638799,24759.515118789423,37.32358414370593
2025-06-06 05:15:00+00:00,24941.400390625,24947.849609375,24909.400390625,24912.55078125,0.0,75.99929161286951,40.964637675424456,17.574856645973405,24799.493177743894,24766.64787454768,37.40398661558408
2025-06-06 05:20:00+00:00,24930.849609375,24943.05078125,24919.30078125,24940.25,0.0,73.39887320983442,46.05801727922517,23.271488772623762,24812.003314089714,24773.0871582664,36.42870185732808
2025-06-06 05:25:00+00:00,24942.400390625,24944.30078125,24921.849609375,24930.30078125,0.0,74.43037381983913,50.44510900836758,28.706212819772528,24824.42208328355,24779.7268928687,35.430306858590356
2025-06-06 05:30:00+00:00,24970.44921875,24974.349609375,24942.150390625,24942.150390625,0.0,76.78452857377444,55.544929455609235,34.07395614693987,24838.32942951845,24787.206199766006,35.1995148508339
2025-06-06 05:35:00+00:00,24980.80078125,24982.400390625,24966.80078125,24970.44921875,0.0,77.60404213050168,59.73329029654269,39.20582297686044,24851.89812968336,24794.798144137927,33.79952160256005
2025-06-06 05:40:00+00:00,24983.05078125,24983.599609375,24962.349609375,24981.400390625,0.0,77.78758424121177,62.51353551041757,43.86736548357187,24864.38885840399,24802.180600495263,32.903127202377185
2025-06-06 05:45:00+00:00,24984.25,24993.0,24972.900390625,24982.650390625,0.0,77.89158208159003,64.07504951832016,47.90890229052153,24875.804205222656,24809.320576946433,31.988590214707386
2025-06-06 05:50:00+00:00,24969.55078125,24987.80078125,24960.55078125,24983.849609375,0.0,73.35785201039423,63.39567068384713,51.006255969186654,24884.732450558593,24815.604114370104,31.650119485085433
2025-06-06 05:55:00+00:00,24969.900390625,24984.349609375,24966.650390625,24969.19921875,0.0,73.39751275636735,62.168825100612594,53.238769795471846,24892.84368294587,24821.65494873304,30.653626575436473
2025-06-06 06:00:00+00:00,24979.25,24983.599609375,24969.900390625,24970.25,0.0,74.49116040829661,61.24498244166534,54.84001232471055,24901.072855998646,24827.83514682194,29.442597445048154
2025-06-06 06:05:00+00:00,24980.099609375,24983.5,24975.19921875,24979.19921875,0.0,74.59337494687757,59.89100067961772,55.85020999569198,24908.59921346306,24833.80630221618,27.932467716830427
2025-06-06 06:10:00+00:00,25006.349609375,25007.94921875,24977.900390625,24980.30078125,0.0,77.58225562481854,60.24168732554244,56.72850546166208,24917.908774978485,24840.57270641849,28.08363631741397
2025-06-06 06:15:00+00:00,24998.650390625,25006.849609375,24993.400390625,25006.599609375,0.0,74.80266582514511,59.21574417262673,57.22595320385501,24925.598452659106,24846.771831289334,27.0383207768844
2025-06-06 06:20:00+00:00,25007.19921875,25008.55078125,24997.69921875,25000.19921875,0.0,75.83780627393476,58.41907706082202,57.46457797524842,24933.36995419157,24853.063101385833,25.882123757106942
2025-06-06 06:25:00+00:00,25025.80078125,25029.30078125,25007.19921875,25007.349609375,0.0,77.95954883058174,58.61304853094043,57.694272086386825,24942.172890101898,24859.837128047173,25.612083667313588
2025-06-06 06:30:00+00:00,25011.849609375,25028.400390625,25008.0,25026.849609375,0.0,72.79642741255178,56.98415151572408,57.55224797225428,24948.80876812791,24865.798401824737,25.239819878576903
2025-06-06 06:35:00+00:00,25013.69921875,25019.30078125,25010.69921875,25011.69921875,0.0,73.05124868503472,55.20610529707119,57.083019437217665,24954.9888110443,24871.59843386102,24.05137292296427
2025-06-06 06:40:00+00:00,24998.849609375,25017.94921875,24996.599609375,25013.94921875,0.0,67.57812141749514,51.99933551411232,56.0662826525966,24959.166029932938,24876.58867603804,23.85838981239539
2025-06-06 06:45:00+00:00,24984.349609375,24999.55078125,24982.150390625,24998.55078125,0.0,62.6427865270628,47.73762886918121,54.40055189591352,24961.564466070275,24880.814594992433,23.397104156152864
2025-06-06 06:50:00+00:00,24982.150390625,24986.94921875,24967.05078125,24983.650390625,0.0,61.90434391746476,43.67923010042796,52.256287536816416,24963.525030313584,24884.78854776234,23.147199394999088
2025-06-06 06:55:00+00:00,24984.099609375,24986.25,24975.400390625,24982.25,0.0,62.328219752617734,40.15729717504291,49.83648946446172,24965.484514033717,24888.68309919813,22.268800107856297
2025-06-06 07:00:00+00:00,24987.55078125,24994.849609375,24984.349609375,24984.599609375,0.0,63.11084278680414,37.21562215886297,47.31231600334198,24967.58606329241,24892.560263200165,21.446028671580848
2025-06-06 07:05:00+00:00,24971.400390625,24990.099609375,24969.05078125,24988.400390625,0.0,57.12950824680934,33.198431117310975,44.48953902613577,24967.94933256218,24895.6520329031,21.41765720396793
2025-06-06 07:10:00+00:00,24981.099609375,24986.25,24966.0,24972.05078125,0.0,59.60552988576828,30.44645637116264,41.68092249514115,24969.201739877688,24899.00291825494,21.334253117970224
2025-06-06 07:15:00+00:00,24981.30078125,24988.650390625,24981.150390625,24981.69921875,0.0,59.657574185881344,27.959430535909632,38.93662410329485,24970.354029532195,24902.23028543122,20.349719413115206
2025-06-06 07:20:00+00:00,24983.0,24987.25,24977.94921875,24982.5,0.0,60.12489998117473,25.82783024577293,36.314865331790465,24971.558407671986,24905.39772521823,19.560509544321263
2025-06-06 07:25:00+00:00,24982.75,24990.25,24980.400390625,24984.150390625,0.0,60.01474829893548,23.84349577064131,33.820591419560635,24972.624273607988,24908.431147758693,18.866873817941173
2025-06-06 07:30:00+00:00,24979.099609375,24991.05078125,24976.94921875,24982.94921875,0.0,58.33422621584348,21.72589776140012,31.401652687928532,24973.240972252464,24911.20245997894,18.526494438088232
2025-06-06 07:35:00+00:00,24968.349609375,24983.75,24968.0,24979.19921875,0.0,53.576349737717884,18.961672565994377,28.9136566635417,24972.775128168894,24913.44352466114,18.328173406796218
2025-06-06 07:40:00+00:00,24969.05078125,24979.150390625,24968.0,24969.75,0.0,53.84080284524918,16.635815567417012,26.458088444316765,24972.420428462334,24915.624201390114,17.81547463666792
2025-06-06 07:45:00+00:00,24968.80078125,24976.19921875,24965.150390625,24969.44921875,0.0,53.72329354964484,14.60403796947503,24.08727834934842,24972.075700156398,24917.70955746305,17.332142742977354
2025-06-06 07:50:00+00:00,24975.44921875,24979.44921875,24966.05078125,24969.30078125,0.0,56.44571789982529,13.376121327561123,21.94504694499096,24972.396987641503,24919.973857905676,17.0511637970504
2025-06-06 07:55:00+00:00,24973.900390625,24981.099609375,24972.80078125,24975.400390625,0.0,55.624743306216935,12.138090702672343,19.98365569652724,24972.540168878026,24922.08862389467,16.425996963332516
2025-06-06 08:00:00+00:00,24980.0,24980.599609375,24962.349609375,24973.30078125,0.0,58.20300645261495,11.516376394534745,18.290199836128743,24973.25062898488,24924.359658251742,16.55628289452305
2025-06-06 08:05:00+00:00,24997.0,24997.0,24978.44921875,24980.150390625,0.0,64.40956966932632,12.254162889359577,17.08299244677491,24975.512473843464,24927.208299104615,16.698747062771407
2025-06-06 08:10:00+00:00,24981.75,24997.69921875,24980.0,24996.30078125,0.0,56.32897059536735,11.476027944976522,15.961599546415233,24976.10652395361,24929.347189335807,16.770209326144876
2025-06-06 08:15:00+00:00,24978.25,24994.25,24974.80078125,24982.150390625,0.0,54.634844405169,10.456394835324318,14.860558604197049,24976.31066452946,24931.264946616757,16.961567142134527
2025-06-06 08:20:00+00:00,24975.05078125,24981.349609375,24972.19921875,24977.94921875,0.0,53.06385479378463,9.283167457848322,13.745080374927305,24976.190675645703,24932.982038171,16.403625962339202
2025-06-06 08:25:00+00:00,24990.25,24991.150390625,24972.30078125,24975.55078125,0.0,59.08341779980988,9.470654427539557,12.890195185449755,24977.52965891754,24935.22784059567,16.578339063243543
2025-06-06 08:30:00+00:00,24992.099609375,24994.5,24985.599609375,24990.69921875,0.0,59.759752430829884,9.657165428838198,12.243589234127445,24978.91727324682,24937.458106037997,16.029914174797575
2025-06-06 08:35:00+00:00,24979.19921875,24992.25,24978.849609375,24992.150390625,0.0,53.159633241650276,8.664148124396888,11.527701012181334,24978.944125199505,24939.09501241886,15.842091064097747
2025-06-06 08:40:00+00:00,24990.0,24991.30078125,24975.150390625,24979.55078125,0.0,57.4016533674223,8.649007166510273,10.951962243047124,24979.997065656695,24941.09128644165,15.864112461305051
2025-06-06 08:45:00+00:00,25003.599609375,25007.30078125,24989.400390625,24989.69921875,0.0,62.06070612722014,9.623449532366067,10.686259700910913,24982.244926963198,24943.542593223352,16.009560901568978
2025-06-06 08:50:00+00:00,25016.599609375,25021.75,24998.55078125,25003.599609375,0.0,65.90007556423329,11.314269624901499,10.811861685709031,24985.51680147861,24946.407574248908,16.523107890742622
2025-06-06 08:55:00+00:00,25017.0,25019.5,25006.44921875,25016.69921875,0.0,66.01415149166024,12.54198866891602,11.15788708235043,24988.51520133779,24949.17590467052,16.275084559261007
2025-06-06 09:00:00+00:00,25002.44921875,25018.25,24998.30078125,25017.599609375,0.0,58.37174142723978,12.200202080388408,11.366350081958027,24989.84225061514,24951.265054242263,16.537522715742362
2025-06-06 09:05:00+00:00,24989.5,25003.5,24986.75,25002.650390625,0.0,52.542090163343666,10.760400812108855,11.245160227988194,24989.809655318462,24952.764463879823,16.552699664617908
2025-06-06 09:10:00+00:00,24988.44921875,24997.150390625,24986.25,24990.0,0.0,52.087492906722986,9.42590272941743,10.88130872827404,24989.68008993099,24954.1638660316,16.1489633046452
2025-06-06 09:15:00+00:00,25001.05078125,25003.30078125,24983.19921875,24988.849609375,0.0,56.903211890092784,9.278190952612931,10.56068517314182,24990.76301291375,24956.00256858918,16.431291818599114
2025-06-06 09:20:00+00:00,24994.75,25004.75,24991.849609375,25001.150390625,0.0,53.981662817412804,8.554101558220282,10.159368450157514,24991.142725969585,24957.52207570333,16.17908459048489
2025-06-06 09:25:00+00:00,24998.400390625,25004.30078125,24993.05078125,24994.69921875,0.0,55.41004065386495,8.180511665937956,9.763597093313603,24991.833932127243,24959.12514687673,15.827007119735969
2025-06-06 09:30:00+00:00,24996.5,25013.400390625,24995.099609375,24999.599609375,0.0,54.462285262229855,7.642989715681324,9.339475617787148,24992.278319543693,24960.590827391366,16.003705271897683
2025-06-06 09:35:00+00:00,25010.25,25010.25,24994.30078125,24997.19921875,0.0,59.81763449122444,8.231620783535618,9.117904650936843,24993.98990815858,24962.53824592504,15.99981337747642
2025-06-06 09:40:00+00:00,25002.099609375,25008.099609375,24998.150390625,25008.05078125,0.0,55.640593586728244,7.948817715227051,8.884087263794886,24994.76226065538,24964.089671942686,15.721227377299531
2025-06-06 09:45:00+00:00,25000.44921875,25010.05078125,24996.75,25002.099609375,0.0,54.80602732479615,7.505008449857996,8.608271501007508,24995.303875712012,24965.515536523366,15.548338368206709
2025-06-06 09:50:00+00:00,25004.5,25004.5,24996.05078125,25000.05078125,0.0,56.52948484307945,7.394906721146981,8.365598545035404,24996.179697072774,24967.044339012646,15.041258395477659
2025-06-06 09:55:00+00:00,25000.30078125,25007.349609375,24992.650390625,25003.650390625,0.0,54.221127706647906,6.889391828615771,8.070357201751477,24996.572181280128,24968.348513218032,15.016826992229255
2025-06-09 03:45:00+00:00,25109.44921875,25160.099609375,25106.349609375,25160.099609375,0.0,78.63835574917294,15.12181942758616,9.480649646918415,25007.322375324875,24973.881874219285,25.35839850171288
2025-06-09 03:50:00+00:00,25096.349609375,25118.650390625,25087.349609375,25108.599609375,0.0,73.56682800423732,20.354415580026398,11.655402833540013,25015.801159520124,24978.684530499904,25.78285441230482
2025-06-09 03:55:00+00:00,25095.150390625,25129.80078125,25093.30078125,25094.650390625,0.0,73.10203604870668,24.126404624472343,14.14960319172648,25023.358229149162,24983.25181913226,26.548364811425902
2025-06-09 04:00:00+00:00,25091.5,25107.05078125,25082.599609375,25095.349609375,0.0,71.6187365807771,26.51552266215367,16.622787085811918,25029.84792161115,24987.496845832957,26.39856531596691
2025-06-09 04:05:00+00:00,25089.5,25103.900390625,25086.55078125,25091.44921875,0.0,70.77144523431743,27.92562343056852,18.88335435476324,25035.529071933895,24991.496969525782,25.75221132018356
2025-06-09 04:10:00+00:00,25108.19921875,25110.900390625,25078.94921875,25089.400390625,0.0,73.88255256824995,30.20383808182669,21.14745110017593,25042.450038297335,24996.073528318888,26.19499421695616
2025-06-09 04:15:00+00:00,25106.30078125,25116.0,25089.5,25108.400390625,0.0,73.03262466637233,31.49311849996957,23.21658458013466,25048.531061435686,25000.396165688733,26.216780344316437
2025-06-09 04:20:00+00:00,25099.900390625,25108.150390625,25097.0,25107.0,0.0,70.10455573469699,31.633770076863584,24.900021679480446,25053.423378501335,25004.298292156822,25.140609650079547
2025-06-09 04:25:00+00:00,25101.099609375,25102.19921875,25089.400390625,25098.150390625,0.0,70.34446485944757,31.47913255076128,26.215843853736615,25057.963971917874,25008.094422243812,24.259053826859578
2025-06-09 04:30:00+00:00,25116.349609375,25117.44921875,25094.650390625,25100.900390625,0.0,73.28089563957107,32.215765457080124,27.41582817440532,25063.524508818555,25012.339723699937,24.154751991012464
2025-06-09 04:35:00+00:00,25107.05078125,25124.349609375,25102.349609375,25116.5,0.0,68.80696289378997,31.68398141124635,28.26945882177353,25067.669868097742,25016.053882819546,24.000841134511575
2025-06-09 04:40:00+00:00,25118.94921875,25119.69921875,25106.599609375,25107.55078125,0.0,71.22755620865591,31.855433581473335,28.986653773713492,25072.55361577891,25020.088994032503,23.22218172311789
2025-06-09 04:45:00+00:00,25115.69921875,25123.80078125,25110.0,25119.150390625,0.0,69.63795463106837,31.367478061489237,29.462818631268643,25076.662720823777,25023.83841460966,22.54922454646661
2025-06-09 04:50:00+00:00,25121.400390625,25125.400390625,25111.349609375,25115.44921875,0.0,70.86624802475593,31.082506928320072,29.78675629067893,25080.923451281036,25027.6643744534,21.942192882433282
2025-06-09 04:55:00+00:00,25123.19921875,25129.400390625,25114.80078125,25121.650390625,0.0,71.2612947875705,30.64851860400813,29.959108753344772,25084.949714849507,25031.410838935622,21.417722631902333
2025-06-09 05:00:00+00:00,25129.19921875,25132.650390625,25121.19921875,25123.650390625,0.0,72.59607899667594,30.43786087294575,30.054859177264966,25089.16395331622,25035.24567735972,20.70582614926645
2025-06-09 05:05:00+00:00,25122.650390625,25129.849609375,25118.30078125,25128.650390625,0.0,68.83797352113028,29.403531793075672,29.92459370042711,25092.353137821818,25038.673313174044,20.051754861818846
2025-06-09 05:10:00+00:00,25134.150390625,25134.900390625,25120.900390625,25122.94921875,0.0,71.6166523274403,29.1754559408364,29.77476614850897,25096.33382856498,25042.41751228977,19.61948665740321
2025-06-09 05:15:00+00:00,25137.849609375,25140.400390625,25131.900390625,25134.44921875,0.0,72.46712635389864,28.95937457864784,29.611687834536745,25100.28771245165,25046.159947469583,18.82523761044584
2025-06-09 05:20:00+00:00,25140.55078125,25141.30078125,25134.44921875,25137.75,0.0,73.10093977880253,28.67553679968114,29.424457627565626,25104.122290432446,25049.861548794306,17.96997510255685
2025-06-09 05:25:00+00:00,25129.599609375,25140.400390625,25128.80078125,25139.150390625,0.0,66.42469124125425,27.252772272862785,28.99012055662506,25106.548701760308,25052.988531562176,17.525691166659932
2025-06-09 05:30:00+00:00,25138.5,25142.69921875,25127.69921875,25128.94921875,0.0,68.90991025243521,26.537500488058868,28.499596542911824,25109.59168254504,25056.341922481308,17.345284654755652
2025-06-09 05:35:00+00:00,25127.30078125,25140.75,25124.5,25137.900390625,0.0,62.6281996738858,24.7812957365677,27.755936381643004,25111.278263374086,25059.12462282518,17.26705003655882
2025-06-09 05:40:00+00:00,25122.30078125,25130.900390625,25121.69921875,25126.94921875,0.0,59.9985148551715,22.724083515462553,26.749565808406917,25112.32802698132,25061.602119233998,16.690915882161764
2025-06-09 05:45:00+00:00,25119.19921875,25128.19921875,25116.0,25121.599609375,0.0,58.361489686497215,20.60592555288531,25.520837757302598,25112.982426197384,25063.86082901894,16.370080372721638
2025-06-09 05:50:00+00:00,25123.05078125,25123.94921875,25113.55078125,25120.05078125,0.0,59.82732996035704,19.018821872199624,24.220434580282006,25113.94131715478,25066.182003616235,15.943534453241522
2025-06-09 05:55:00+00:00,25109.599609375,25123.900390625,25109.25,25123.19921875,0.0,52.83216828007207,16.48559790588115,22.673467245401834,25113.527821175754,25067.88465482246,15.851167036938557
2025-06-09 06:00:00+00:00,25117.849609375,25121.69921875,25109.30078125,25109.75,0.0,56.213710324164396,14.97112787066726,21.13299937045492,25113.939420051873,25069.844064804915,15.604543498585803
2025-06-09 06:05:00+00:00,25121.69921875,25128.099609375,25117.05078125,25117.80078125,0.0,57.73630308463637,13.921057475607086,19.690610991485357,25114.678448499315,25071.87760025374,15.279135257615389
2025-06-09 06:10:00+00:00,25112.44921875,25124.05078125,25107.400390625,25121.400390625,0.0,52.96996289523745,12.201816482600407,18.192852089708367,25114.46614090414,25073.468644116343,15.377082069571433
2025-06-09 06:15:00+00:00,25112.349609375,25114.55078125,25106.599609375,25112.25,0.0,52.919299613561954,10.707834711924079,16.69584861415151,25114.264566472793,25074.993387851977,14.846659912816332
2025-06-09 06:20:00+00:00,25109.19921875,25114.80078125,25103.349609375,25112.650390625,0.0,51.24973158885733,9.163996354993287,15.189478162319867,25113.782152403954,25076.334792985235,14.604125052972307
2025-06-09 06:25:00+00:00,25110.30078125,25112.650390625,25103.900390625,25108.75,0.0,51.82208913710945,7.937877313466743,13.739157992549242,25113.450593246434,25077.66679252503,14.185973263474285
2025-06-09 06:30:00+00:00,25110.19921875,25113.55078125,25102.30078125,25113.55078125,0.0,51.76174872573673,6.878680744597659,12.367062542958926,25113.140938532488,25078.942573945616,13.976260887511836
2025-06-09 06:35:00+00:00,25110.69921875,25112.849609375,25103.25,25110.19921875,0.0,52.05770901169831,6.01032239867709,11.095714514102559,25112.9083937913,25080.187932565394,13.66364292233242
2025-06-09 06:40:00+00:00,25116.25,25118.650390625,25109.69921875,25110.30078125,0.0,55.334037031481,5.704288325388916,10.017429276359831,25113.22664200165,25081.60213128832,13.327037847522961
2025-06-09 06:45:00+00:00,25116.05078125,25118.19921875,25112.75,25116.55078125,0.0,55.18826436098004,5.383619811273093,9.090667383342483,25113.49560764435,25082.9530587378,12.764336483414178
2025-06-09 06:50:00+00:00,25109.30078125,25117.75,25104.94921875,25116.05078125,0.0,50.348456097605606,4.532570464754826,8.179047999624952,25113.096100368697,25083.986302757887,12.766939681027452
2025-06-09 06:55:00+00:00,25116.650390625,25118.75,25108.75,25109.55078125,0.0,54.97812725778717,4.400434311901336,7.42332526208023,25113.43460420263,25085.26724738013,12.569301132382634
2025-06-09 07:00:00+00:00,25125.19921875,25127.099609375,25114.5,25116.400390625,0.0,59.686733641573305,4.92871923560233,6.924404056784651,25114.555043683333,25086.833207041695,12.571466006855303
2025-06-09 07:05:00+00:00,25122.30078125,25127.849609375,25119.25,25125.150390625,0.0,57.49133562793289,5.0552355520521814,6.550570355838158,25115.2927329754,25088.22409230477,12.287761961722781
2025-06-09 07:10:00+00:00,25117.19921875,25123.05078125,25115.25,25122.44921875,0.0,53.74426775857343,4.689786249531608,6.178413534576848,25115.47430304917,25089.36037177321,11.967263339456867
2025-06-09 07:15:00+00:00,25110.5,25118.400390625,25106.94921875,25117.25,0.0,49.20865195431176,3.815610100842605,5.705852847829999,25115.00055990163,25090.18937680171,11.930399663424234
2025-06-09 07:20:00+00:00,25108.5,25111.400390625,25105.44921875,25109.55078125,0.0,47.90875328497993,2.9276873621201958,5.150219750688039,25114.381458958618,25090.907440456544,11.503311964251074
2025-06-09 07:25:00+00:00,25107.75,25111.849609375,25104.19921875,25108.5,0.0,47.403056344207954,2.138828380360792,4.547941476622589,25113.74989143875,25091.567932987662,11.228103297161711
2025-06-09 07:30:00+00:00,25105.400390625,25111.75,25104.099609375,25107.55078125,0.0,45.77299527324054,1.3089691324748856,3.900147007793049,25112.954700885057,25092.110382306775,10.972552392007303
2025-06-09 07:35:00+00:00,25109.55078125,25111.0,25103.44921875,25105.30078125,0.0,49.102444862401235,0.9749627729397616,3.3151101608223916,25112.630518062673,25092.79431952024,10.728140167578209
2025-06-09 07:40:00+00:00,25109.05078125,25111.400390625,25105.0,25109.849609375,0.0,48.71440180705527,0.6622801519588393,2.7845441590496813,25112.289590747183,25093.431827823366,10.419015200251193
2025-06-09 07:45:00+00:00,25105.30078125,25117.099609375,25104.44921875,25109.099609375,0.0,45.79154181844787,0.11060823919979157,2.2497569750797037,25111.62398984269,25093.897276977354,10.578399159161822
2025-06-09 07:50:00+00:00,25104.349609375,25109.5,25098.44921875,25104.5,0.0,45.05314775964565,-0.39875079631019616,1.7200554208017238,25110.93119170291,25094.307172365498,10.612140737078835
2025-06-09 07:55:00+00:00,25106.30078125,25110.25,25103.55078125,25103.55078125,0.0,46.94316378601659,-0.6376280586482608,1.2485187249117269,25110.49020023121,25094.77750996881,10.332646309430347
2025-06-09 08:00:00+00:00,25102.150390625,25109.05078125,25099.05078125,25106.150390625,0.0,43.51442758093324,-1.1486014843139856,0.7690946830665844,25109.695932649665,25095.066642543567,10.308885858756751
2025-06-09 08:05:00+00:00,25106.80078125,25109.349609375,25098.599609375,25101.849609375,0.0,48.08953970078997,-1.1648759818090184,0.38230055009146385,25109.420203944937,25095.52680484578,10.340394011702697
2025-06-09 08:10:00+00:00,25110.19921875,25113.099609375,25103.55078125,25106.75,0.0,51.20022827542478,-0.8932512891733495,0.1271901822385012,25109.494395831134,25096.10219362634,10.283853591223933
2025-06-09 08:15:00+00:00,25110.5,25113.849609375,25105.849609375,25109.75,0.0,51.47737014419211,-0.6462664725549985,-0.027501148720198737,25109.59016765674,25096.666813484127,10.120721191850794
2025-06-09 08:20:00+00:00,25110.849609375,25113.05078125,25104.650390625,25110.55078125,0.0,51.81987698396507,-0.41750592281096033,-0.10550210353835107,25109.71011448705,25097.22300155828,9.997840437075737
2025-06-09 08:25:00+00:00,25108.900390625,25116.05078125,25107.849609375,25110.650390625,0.0,49.71291667005287,-0.38901290323701687,-0.16220426347808425,25109.632997928762,25097.680938384427,9.869506968356044
2025-06-09 08:30:00+00:00,25106.19921875,25112.44921875,25104.19921875,25109.30078125,0.0,46.86896838704313,-0.577734215217788,-0.24531025382602503,25109.30597134031,25098.01498859484,9.753827899187755
2025-06-09 08:35:00+00:00,25104.5,25110.44921875,25103.25,25105.80078125,0.0,45.120304937937206,-0.8545591409492772,-0.3671600312506755,25108.848259784092,25098.269302767592,9.571355817102914
2025-06-09 08:40:00+00:00,25090.69921875,25105.150390625,25088.349609375,25104.099609375,0.0,34.01885713861749,-2.1626232236121723,-0.7262526697229749,25107.119779685607,25097.972436727687,10.087743348024134
2025-06-09 08:45:00+00:00,25097.150390625,25099.55078125,25083.5,25090.400390625,0.0,41.29054558738118,-2.6481910792681447,-1.110640351632009,25106.170314060786,25097.94019962562,10.513674626736696
2025-06-09 08:50:00+00:00,25089.25,25102.19921875,25085.849609375,25097.900390625,0.0,36.05064439719903,-3.628673510862427,-1.6142469834780928,25104.55885557881,25097.599407483438,10.930527108755504
2025-06-09 08:55:00+00:00,25096.0,25098.849609375,25088.44921875,25088.650390625,0.0,42.73695856041228,-3.81704380899464,-2.054806348581402,25103.743726476063,25097.536685621344,10.892660217058681
2025-06-09 09:00:00+00:00,25101.30078125,25107.099609375,25096.19921875,25096.19921875,0.0,47.38904311385797,-3.4982739564366057,-2.343499870152443,25103.511065025963,25097.684297214626,10.907442299768775
2025-06-09 09:05:00+00:00,25100.19921875,25107.25,25099.25,25101.94921875,0.0,46.54282967894333,-3.296533058204659,-2.5341065077628864,25103.19565109492,25097.78292158856,10.69976784978529
2025-06-09 09:10:00+00:00,25102.099609375,25105.80078125,25099.099609375,25100.55078125,0.0,48.259362729254505,-2.94930850907258,-2.617146908024825,25103.091266169213,25097.95220346254,10.41415385158634
2025-06-09 09:15:00+00:00,25098.69921875,25104.44921875,25096.0,25102.349609375,0.0,45.4473006066463,-2.9149123622082698,-2.676699998861514,25102.67297593881,25097.981498179695,10.273801344330172
2025-06-09 09:20:00+00:00,25097.30078125,25100.150390625,25094.650390625,25099.30078125,0.0,44.30393643822814,-2.966301707398088,-2.734620340568829,25102.1613383494,25097.95480339814,9.932815534020873
2025-06-09 09:25:00+00:00,25098.400390625,25099.55078125,25092.349609375,25097.0,0.0,45.465722350056886,-2.8850418800466286,-2.764704648464389,25101.80315285184,25097.972277407036,9.737698129805096
2025-06-09 09:30:00+00:00,25102.55078125,25106.44921875,25095.80078125,25098.25,0.0,49.728192290483676,-2.457413510979677,-2.7032464209674467,25101.874355556425,25098.15182657735,9.802750941961875
2025-06-09 09:35:00+00:00,25102.55078125,25104.650390625,25096.650390625,25102.19921875,0.0,49.728192290483676,-2.094372327112069,-2.581471602196371,25101.93877705105,25098.324334603727,9.673983017536028
2025-06-09 09:40:00+00:00,25103.19921875,25105.5,25099.349609375,25102.849609375,0.0,50.4302248096071,-1.734343652267853,-2.4120460122106677,25102.058819117618,25098.515506531035,9.422297846640598
2025-06-09 09:45:00+00:00,25102.44921875,25105.55078125,25099.599609375,25103.19921875,0.0,49.56801671829407,-1.4923343639675295,-2.22810368256204,25102.096000034988,25098.66976975531,9.174360277237698
2025-06-09 09:50:00+00:00,25106.55078125,25110.94921875,25100.30078125,25101.849609375,0.0,54.18155655366798,-0.9585291168514232,-1.974188769419917,25102.52026491261,25098.978829029613,9.279651507435005
2025-06-09 09:55:00+00:00,25102.150390625,25108.19921875,25099.400390625,25107.19921875,0.0,49.002258493748705,-0.8804105358722154,-1.7554331227103768,25102.485038789982,25099.10320399414,9.245306980118219
2025-06-10 03:45:00+00:00,25127.099609375,25191.25,25123.19921875,25191.25,0.0,67.7978145164638,1.1810777174396208,-1.1681309546803775,25104.829283607603,25100.20110224437,14.949185722609773
2025-06-10 03:50:00+00:00,25138.44921875,25140.19921875,25122.44921875,25128.400390625,0.0,72.7228741075087,3.6881262111455726,-0.1968795215151875,25108.031182192593,25101.701028381845,15.149243885280503
2025-06-10 03:55:00+00:00,25089.25,25149.55078125,25086.44921875,25138.650390625,0.0,42.429158812572645,1.685584062786802,0.17961319534521042,25106.24249817425,25101.212752759027,18.57440950061761
2025-06-10 04:00:00+00:00,25115.400390625,25119.19921875,25055.94921875,25087.75,0.0,53.513564427795714,2.1835028959758347,0.5803911354713354,25107.114678407655,25101.769130714558,21.76552310771635
2025-06-10 04:05:00+00:00,25124.099609375,25130.900390625,25101.80078125,25114.94921875,0.0,56.513106603688,3.242681792111398,1.112849266799348,25108.732290880733,25102.644835760064,22.289386412522326
2025-06-10 04:10:00+00:00,25109.05078125,25126.75,25105.650390625,25125.150390625,0.0,50.448731077494564,2.8350928512809332,1.457297983695665,25108.762623296854,25102.89604930869,22.204402338413587
2025-06-10 04:15:00+00:00,25124.349609375,25125.75,25103.599609375,25108.19921875,0.0,55.65816714034906,3.703867373693356,1.9066118616952035,25110.24709816144,25103.737365389723,22.20054435888405
2025-06-10 04:20:00+00:00,25126.44921875,25142.0,25120.099609375,25124.19921875,0.0,56.33661788791229,4.509812065050937,2.4272519023663506,25111.790157265114,25104.628026305814,22.17910480646376
2025-06-10 04:25:00+00:00,25127.900390625,25131.650390625,25125.94921875,25127.69921875,0.0,56.828282604522386,5.205619342443242,2.9829253903817294,25113.32446520415,25105.54066804382,21.00210959707349
2025-06-10 04:30:00+00:00,25147.150390625,25150.099609375,25127.099609375,25127.599609375,0.0,62.81057574029123,7.227056732510391,3.8317516588074616,25116.545981910895,25107.172421870535,21.14481605442538
2025-06-10 04:35:00+00:00,25150.0,25157.599609375,25140.25,25147.80078125,0.0,63.614356678808726,8.955763620939251,4.85655405123382,25119.732078871762,25108.85193473836,20.873729863037852
2025-06-10 04:40:00+00:00,25156.900390625,25157.94921875,25141.650390625,25149.05078125,0.0,65.55572663358234,10.758562131861254,6.036955667359306,25123.271918086357,25110.736187910385,20.54695116746372
2025-06-10 04:45:00+00:00,25158.80078125,25158.80078125,25149.69921875,25156.5,0.0,66.09230164482358,12.20000452352906,7.269565438593258,25126.65561934004,25112.621073923703,19.729423405502025
2025-06-10 04:50:00+00:00,25145.25,25163.75,25143.44921875,25157.05078125,0.0,59.03078316954679,12.109334337248583,8.237519218324323,25128.426512736227,25113.900639652187,19.770234680109024
2025-06-10 04:55:00+00:00,25134.80078125,25147.55078125,25133.19921875,25143.5,0.0,54.220049614603326,11.066742418228387,8.803363858305136,25129.033585928013,25114.72025304818,19.383186667244093
2025-06-10 05:00:00+00:00,25140.75,25141.349609375,25127.55078125,25134.55078125,0.0,56.39872605877571,10.598361727621523,9.162363432168414,25130.149434887247,25115.74102743845,18.98430391422666
2025-06-10 05:05:00+00:00,25149.599609375,25152.849609375,25140.650390625,25140.75,0.0,59.48729637786238,10.816569493068528,9.493204644348438,25132.00183245751,25117.068814965372,18.499654973924756
2025-06-10 05:10:00+00:00,25149.19921875,25153.80078125,25145.849609375,25149.849609375,0.0,59.282684585656455,10.832324250975944,9.76102856567394,25133.63967877108,25118.328830800063,17.74619189543013
2025-06-10 05:15:00+00:00,25140.69921875,25150.400390625,25134.44921875,25148.75,0.0,54.9607444798395,10.043159753597138,9.81745480325858,25134.312015911928,25119.206100915748,17.61797617968512
2025-06-10 05:20:00+00:00,25113.44921875,25140.75,25105.25,25140.400390625,0.0,43.908880919375434,7.136627343927103,9.281289311392284,25132.32508284889,25118.980340830814,18.8952635954219
2025-06-10 05:25:00+00:00,25112.599609375,25119.0,25099.80078125,25113.94921875,0.0,43.61440463205447,4.710325393687526,8.367096527851333,25130.446466327565,25118.73011606784,18.916974677891762
2025-06-10 05:30:00+00:00,25116.900390625,25118.30078125,25109.650390625,25112.30078125,0.0,45.60317328916563,3.09877991536996,7.313433205355059,25129.1563638797,25118.658362128906,18.18364724554235
2025-06-10 05:35:00+00:00,25126.849609375,25128.19921875,25118.80078125,25119.349609375,0.0,49.99695854419991,2.5945291997013555,6.369652404224319,25128.936672974494,25118.979587511105,17.691874451217895
2025-06-10 05:40:00+00:00,25127.69921875,25129.099609375,25118.55078125,25126.150390625,0.0,50.36564960135921,2.237668797683,5.5432556829160555,25128.81882019121,25119.321533834198,17.181656856488043
2025-06-10 05:45:00+00:00,25124.05078125,25128.69921875,25121.25,25127.80078125,0.0,48.70487418903669,1.6415333682125492,4.762911219975355,25128.364721244427,25119.50699451717,16.48648270602461
2025-06-10 05:50:00+00:00,25124.19921875,25124.900390625,25115.5,25123.55078125,0.0,48.77887678730508,1.1676099306678225,4.043850962113849,25127.96800672115,25119.691003310614,15.98033327166571
2025-06-10 05:55:00+00:00,25126.0,25131.5,25123.05078125,25124.44921875,0.0,49.72644927092013,0.9266483635801706,3.4204104424071136,25127.780577509613,25119.938414945493,15.44239652011816
2025-06-10 06:00:00+00:00,25127.25,25134.150390625,25124.5,25126.150390625,0.0,50.41220878770627,0.8270158154227829,2.9017315170102473,25127.730046318222,25120.22514377116,15.028681813324008
2025-06-10 06:05:00+00:00,25132.900390625,25136.650390625,25126.900390625,25127.69921875,0.0,53.49993634667413,1.1902748567226809,2.5594401849527344,25128.222460061723,25120.722212275232,14.651633112372293
2025-06-10 06:10:00+00:00,25134.80078125,25135.599609375,25129.69921875,25133.05078125,0.0,54.52554298263137,1.6129132454116188,2.3701347970445115,25128.848966841557,25121.27431301934,14.026544363274272
2025-06-10 06:15:00+00:00,25141.0,25143.900390625,25134.099609375,25134.80078125,0.0,57.79565901974571,2.4201839830420795,2.3801446342440253,25130.00620809474,25122.047869371523,13.72470414089754
2025-06-10 06:20:00+00:00,25142.099609375,25143.150390625,25136.650390625,25140.599609375,0.0,58.36755067457156,3.1127987392137584,2.526675455237972,25131.15796059762,25122.83421211676,13.208653845119144
2025-06-10 06:25:00+00:00,25145.69921875,25147.44921875,25139.19921875,25142.150390625,0.0,60.26567268333639,3.9071204642568773,2.802764457041753,25132.542842326417,25123.730879043553,12.854464284753492
2025-06-10 06:30:00+00:00,25145.80078125,25150.5,25139.599609375,25145.849609375,0.0,60.32064189296077,4.493028562628751,3.140817278159153,25133.805503176285,25124.59636540459,12.714887594771099
2025-06-10 06:35:00+00:00,25142.849609375,25146.19921875,25137.349609375,25143.19921875,0.0,57.81764765560359,4.665449646112393,3.4457437517498013,25134.666846623782,25125.312178893626,12.438796293358877
2025-06-10 06:40:00+00:00,25133.5,25145.0,25132.400390625,25142.69921875,0.0,50.64739217083092,4.001532087346277,3.5569014188690966,25134.5557183739,25125.633269917405,12.450282942047528
2025-06-10 06:45:00+00:00,25129.0,25135.599609375,25127.400390625,25133.5,0.0,47.58839549473993,3.0767928935856617,3.46087971381241,25134.02660233829,25125.765298548096,12.146635499758418
2025-06-10 06:50:00+00:00,25123.05078125,25129.400390625,25120.900390625,25129.349609375,0.0,43.82024031817699,1.842637409656163,3.137231252981161,25132.981286044167,25125.658846889346,11.88616153548996
2025-06-10 06:55:00+00:00,25122.849609375,25126.25,25120.0,25123.5,0.0,43.694248020652466,0.8386598591714574,2.67751697421922,25132.016364456627,25125.548680712312,11.483578568669248
2025-06-10 07:00:00+00:00,25129.44921875,25133.349609375,25121.19921875,25122.80078125,0.0,48.886334500740574,0.5689749494340504,2.2558085692621863,25131.77187438933,25125.7016429883,11.531208001264302
2025-06-10 07:05:00+00:00,25133.80078125,25135.44921875,25124.900390625,25124.900390625,0.0,52.02751605713213,0.6983324993598217,1.9443133552817136,25131.96510361416,25126.019256253465,11.461038010102566
2025-06-10 07:10:00+00:00,25136.5,25138.650390625,25127.55078125,25133.599609375,0.0,53.91922085713542,1.0070450954626722,1.7568597033179054,25132.396998508048,25126.430265812156,11.435221679023812
2025-06-10 07:15:00+00:00,25133.099609375,25138.75,25129.900390625,25136.05078125,0.0,51.181138460703316,0.966181408984994,1.5987240444513233,25132.46391382871,25126.691808696974,11.250535085879253
2025-06-10 07:20:00+00:00,25134.75,25135.349609375,25129.0,25132.80078125,0.0,52.443419747121524,1.0548101784515893,1.4899412712513767,25132.681636321213,25127.007816199053,10.900468963673593
2025-06-10 07:25:00+00:00,25137.30078125,25139.349609375,25132.599609375,25134.0,0.0,54.40565307219567,1.3157091695902636,1.4550948509191541,25133.12155488586,25127.411461887325,10.604006894839765
2025-06-10 07:30:00+00:00,25140.25,25142.75,25135.5,25137.5,0.0,56.633634222016866,1.7403886877800687,1.512153618291337,25133.80045442054,25127.914933970176,10.364434973779781
2025-06-10 07:35:00+00:00,25132.19921875,25140.30078125,25131.25,25138.80078125,0.0,49.51992349172803,1.4110537525994005,1.49193364515295,25133.64795578525,25128.082945138012,10.270602564938368
2025-06-10 07:40:00+00:00,25130.5,25135.05078125,25125.5,25132.349609375,0.0,48.1453373770714,1.001397207910486,1.3938263577044572,25133.348150472368,25128.17773160319,10.219186756728485
2025-06-10 07:45:00+00:00,25127.30078125,25132.19921875,25124.150390625,25127.650390625,0.0,45.57999358193339,0.41382095828157617,1.197825277819881,25132.772210546427,25128.14334139326,10.06416114017645
2025-06-10 07:50:00+00:00,25127.599609375,25130.25,25121.150390625,25127.55078125,0.0,45.87012222331894,-0.027408571582782315,0.9527785079393485,25132.279581863437,25128.122018569014,9.995264585520989
2025-06-10 07:55:00+00:00,25130.099609375,25133.849609375,25123.5,25127.349609375,0.0,48.350955231293824,-0.17335867535803118,0.7275510712798726,25132.071965435967,25128.199571149642,10.020574927626631
2025-06-10 08:00:00+00:00,25132.900390625,25135.25,25127.05078125,25130.69921875,0.0,51.057235946605346,-0.06230730452443822,0.5695793961190104,25132.150863073017,25128.383917011422,9.890478057796157
2025-06-10 08:05:00+00:00,25137.75,25139.25,25129.19921875,25132.80078125,0.0,55.41360952841766,0.41227223592431983,0.5381179640800723,25132.684114208918,25128.751214383527,9.901928285810717
2025-06-10 08:10:00+00:00,25129.150390625,25140.80078125,25128.849609375,25139.099609375,0.0,47.36294117875205,0.0933868290267128,0.44917173706940045,25132.34756910569,25128.766868353778,10.048302827895666
2025-06-10 08:15:00+00:00,25131.099609375,25131.75,25123.75,25128.900390625,0.0,49.16570502480077,-0.00202316873401287,0.3589327559087178,25132.228715798003,25128.858348393827,9.901995483045976
2025-06-10 08:20:00+00:00,25135.849609375,25136.30078125,25129.25,25131.5,0.0,53.35791382344045,0.30216584349182085,0.34757937342533846,25132.573562805337,25129.13251549113,9.698337323542692
2025-06-10 08:25:00+00:00,25127.349609375,25137.099609375,25123.94921875,25136.19921875,0.0,46.04081235234486,-0.1410155952871719,0.24986037968283636,25132.07604343102,25129.06259760422,9.94491255936107
2025-06-10 08:30:00+00:00,25127.44921875,25130.099609375,25123.75,25126.69921875,0.0,46.134034832953205,-0.4786844579175522,0.10415141216275864,25131.6353934614,25128.99932784523,9.688105189049566
2025-06-10 08:35:00+00:00,25129.69921875,25132.650390625,25121.69921875,25127.19921875,0.0,48.306525706031515,-0.5582975615980104,-0.028338382589395167,25131.45099586984,25129.02677454738,9.778324238046025
2025-06-10 08:40:00+00:00,25127.55078125,25130.75,25123.19921875,25129.349609375,0.0,46.382875627876494,-0.7856954626367951,-0.17980979859887516,25131.07954685843,25128.968892457287,9.619214024614166
2025-06-10 08:45:00+00:00,25124.099609375,25129.25,25121.099609375,25126.400390625,0.0,43.393545013221285,-1.2302095749873843,-0.389889753876577,25130.414790907627,25128.77794017955,9.514298067498869
2025-06-10 08:50:00+00:00,25124.900390625,25125.599609375,25119.400390625,25124.0,0.0,44.290717273094835,-1.5005761493375758,-0.6120270329687767,25129.88960992833,25128.625879412706,9.27750668767752
2025-06-10 08:55:00+00:00,25123.900390625,25129.0,25117.94921875,25123.30078125,0.0,43.36637297317736,-1.7750733098728233,-0.844636288349586,25129.31920808992,25128.440566126912,9.404169156414838
2025-06-10 09:00:00+00:00,25121.5,25124.75,25117.400390625,25123.25,0.0,41.14653669034153,-2.1613905845406407,-1.1079871475877971,25128.574521605166,25128.168387063113,9.257414886313779
2025-06-10 09:05:00+00:00,25122.05078125,25127.25,25116.099609375,25121.69921875,0.0,41.881664615562826,-2.395492616436968,-1.3654882413576315,25127.953212999913,25127.928480952796,9.39262743907708
2025-06-10 09:10:00+00:00,25112.80078125,25124.0,25104.349609375,25122.099609375,0.0,34.163695923784516,-3.28949856602776,-1.7502903062916573,25126.510124261826,25127.3352378272,10.125324809500146
2025-06-10 09:15:00+00:00,25112.849609375,25113.900390625,25104.150390625,25112.900390625,0.0,34.232593317482326,-3.9485482935888285,-2.189941903751092,25125.209122844033,25126.767173966327,10.09851589453585
2025-06-10 09:20:00+00:00,25110.55078125,25119.30078125,25106.349609375,25112.400390625,0.0,32.50776603167982,-4.603282394451526,-2.672610001891179,25123.81309031127,25126.131236997062,10.302277035997577
2025-06-10 09:25:00+00:00,25102.400390625,25112.150390625,25098.69921875,25110.44921875,0.0,27.262899297361685,-5.713965259579709,-3.2808810534288853,25121.77378557924,25125.200615570706,10.527198095926321
2025-06-10 09:30:00+00:00,25093.75,25107.25,25093.5,25102.5,0.0,23.01808660572459,-7.209101625314361,-4.066525167805981,25119.104853619312,25123.967258097346,10.757398231931585
2025-06-10 09:35:00+00:00,25119.69921875,25121.349609375,25086.150390625,25093.650390625,0.0,48.78083677419152,-6.228326608437783,-4.498885455932341,25119.161459822233,25123.799884005293,12.503242554650758
2025-06-10 09:40:00+00:00,25104.69921875,25122.5,25103.80078125,25120.69921875,0.0,40.3704051579517,-6.58551624924803,-4.916211614595479,25117.784103529637,25123.050838309005,12.945812282889989
2025-06-10 09:45:00+00:00,25109.55078125,25111.80078125,25101.19921875,25103.94921875,0.0,43.74854668529864,-6.40329783393463,-5.213628858463309,25116.999977598243,25122.521424306695,12.778365869826418
2025-06-10 09:50:00+00:00,25100.80078125,25109.44921875,25100.25,25108.849609375,0.0,39.41189622965977,-6.885567761153652,-5.5480166390013785,25115.457196993648,25121.669634382906,12.529966968410246
2025-06-10 09:55:00+00:00,25091.5,25103.80078125,25087.69921875,25101.30078125,0.0,35.39551371050622,-7.926889225371269,-6.023791156275356,25113.17555918473,25120.48651146593,12.785080934952372
2025-06-11 03:45:00+00:00,25128.19921875,25129.30078125,25084.400390625,25122.150390625,0.0,54.91793281323865,-5.724831449751946,-5.963999214970674,25114.60638390523,25120.788970575108,15.079031627098631
2025-06-11 03:50:00+00:00,25131.0,25137.099609375,25123.94921875,25127.599609375,0.0,56.010448160366074,-3.710908118999214,-5.513380995776382,25116.16768067616,25121.189403101576,14.941271555520158
2025-06-11 03:55:00+00:00,25136.650390625,25137.0,25118.099609375,25122.599609375,0.0,58.21070189585056,-1.6400149966830213,-4.73870779595771,25118.118414957004,25121.795716337787,15.224065774768718
2025-06-11 04:00:00+00:00,25141.849609375,25143.849609375,25128.400390625,25135.94921875,0.0,60.18414052621566,0.41592173728713533,-3.7077818893087415,25120.3785287111,25122.58214351572,15.240148130142382
2025-06-11 04:05:00+00:00,25125.099609375,25149.69921875,25122.349609375,25141.650390625,0.0,51.71169598570678,0.6857761956707691,-2.8290702723128396,25120.828155440995,25122.680867667066,16.10510964763221
2025-06-11 04:10:00+00:00,25126.19921875,25126.19921875,25115.849609375,25124.400390625,0.0,52.187552428730754,0.9771036423153419,-2.0678354893872033,25121.33968527995,25122.818842219338,15.69400248530134
2025-06-11 04:15:00+00:00,25132.5,25135.849609375,25112.44921875,25125.80078125,0.0,54.928356839165794,1.6968429820772144,-1.3148997950943198,25122.402572396142,25123.19849546564,16.2444587809941
2025-06-11 04:20:00+00:00,25136.44921875,25139.25,25129.19921875,25132.30078125,0.0,56.60737153602098,2.5564414764012326,-0.5406315407952093,25123.740348239364,25123.71813167287,15.802053243065952
2025-06-11 04:25:00+00:00,25145.69921875,25148.25,25133.30078125,25137.0,0.0,60.33453846649283,3.9386745819101634,0.35522968374586533,25125.831669240375,25124.58013508766,15.74113649356124
2025-06-11 04:30:00+00:00,25152.5,25153.5,25145.650390625,25145.650390625,0.0,62.86035820853632,5.519248031159805,1.3880333532286533,25128.3715102651,25125.675031750892,15.17745598509258
2025-06-11 04:35:00+00:00,25157.44921875,25158.05078125,25144.349609375,25153.05078125,0.0,64.62574421740374,7.089501112128346,2.5283269050085924,25131.14081583509,25126.921078299878,15.072007120085967
2025-06-11 04:40:00+00:00,25146.349609375,25158.599609375,25146.05078125,25157.900390625,0.0,57.97048971775755,7.353525415026525,3.493366607012179,25132.5892723627,25127.682981479295,14.891780049008398
2025-06-11 04:45:00+00:00,25152.099609375,25154.25,25146.599609375,25147.150390625,0.0,60.25397215546627,7.935270661855611,4.381747417980866,25134.447399697205,25128.640496298736,14.392395090150655
2025-06-11 04:50:00+00:00,25139.69921875,25153.099609375,25138.599609375,25152.25,0.0,53.50289829312266,7.311418589863024,4.967681652357298,25134.947572940328,25129.074171688982,14.400081155139896
2025-06-11 04:55:00+00:00,25138.849609375,25141.5,25132.400390625,25140.5,0.0,53.06420854888945,6.6715494825803034,5.3084552184019,25135.319195457916,25129.457522186472,14.021476027987047
2025-06-11 05:00:00+00:00,25148.69921875,25150.94921875,25135.25,25138.849609375,0.0,57.422759052333944,6.879922303280182,5.622748635377556,25136.593483390494,25130.212098522297,14.141314793845115
2025-06-11 05:05:00+00:00,25145.650390625,25150.75,25141.650390625,25148.849609375,0.0,55.69858649166316,6.721562328861182,5.842511374074282,25137.456045984258,25130.817521742014,13.781192978213323
2025-06-11 05:10:00+00:00,25173.30078125,25173.650390625,25144.80078125,25145.400390625,0.0,65.74433119408079,8.726621289602917,6.419333357180009,25140.86983029528,25132.4835319188,14.857508435126658
2025-06-11 05:15:00+00:00,25172.400390625,25188.849609375,25169.0,25173.150390625,0.0,65.2256537393255,10.12626172135424,7.160719030014855,25143.87274080287,25134.048898926885,15.21408707368904
2025-06-11 05:20:00+00:00,25169.75,25174.19921875,25168.400390625,25172.0,0.0,63.63420273657227,10.89601993886754,7.9077792117853924,25146.33724167879,25135.448942106224,14.54156857735411
2025-06-11 05:25:00+00:00,25173.900390625,25178.25,25168.55078125,25168.55078125,0.0,65.07141080304032,11.706020986050135,8.667427566638342,25148.962303483193,25136.956842048137,14.195686446828816
2025-06-11 05:30:00+00:00,25171.849609375,25176.44921875,25167.30078125,25174.25,0.0,63.73113785078153,12.043640157073241,9.342670084725322,25151.142046901463,25138.325185864876,13.835168664912471
2025-06-11 05:35:00+00:00,25176.650390625,25183.75,25170.849609375,25171.0,0.0,65.52145206843103,12.553875445970334,9.984911156974324,25153.571412970374,25139.82813507116,13.768398804918723
2025-06-11 05:40:00+00:00,25180.80078125,25182.19921875,25173.650390625,25176.849609375,0.0,67.0363799833362,13.141653623079037,10.616259650195268,25156.164686139862,25141.434905509544,13.39557232778167
2025-06-11 05:45:00+00:00,25193.05078125,25203.599609375,25179.25,25180.44921875,0.0,71.07593990647939,14.429609133650956,11.378929546886406,25159.677647578923,25143.459057499367,14.178003545440122
2025-06-11 05:50:00+00:00,25191.25,25196.599609375,25188.19921875,25193.599609375,0.0,69.72328640897871,15.130599030726444,12.129263443654414,25162.68453828569,25145.333212107234,13.765316908265827
2025-06-11 05:55:00+00:00,25186.19921875,25196.849609375,25181.69921875,25191.400390625,0.0,65.93318948597455,15.104467835775722,12.724304322078677,25164.924031663242,25146.93580060303,13.864250745175411
2025-06-11 06:00:00+00:00,25190.30078125,25193.650390625,25185.650390625,25185.75,0.0,67.47918879177266,15.23905416069465,13.227254289801872,25167.340864957216,25148.636388079383,13.445375691948596
2025-06-11 06:05:00+00:00,25192.80078125,25193.75,25187.19921875,25190.400390625,0.0,68.41992179229163,15.370265051602473,13.655856442161994,25169.76561888986,25150.36832506647,12.95290466038084
2025-06-11 06:10:00+00:00,25187.80078125,25193.599609375,25185.5,25192.80078125,0.0,64.40706903816144,14.89904549260973,13.904494252251542,25171.48325340035,25151.83626452465,12.606240711425064
2025-06-11 06:15:00+00:00,25193.400390625,25194.19921875,25185.900390625,25187.55078125,0.0,66.75845672655083,14.806759172970487,14.084947236395331,25173.570599802697,25153.466230254075,12.298568383823275
2025-06-11 06:20:00+00:00,25214.900390625,25215.349609375,25190.55078125,25193.05078125,0.0,73.89063523881033,16.280816795213468,14.52412114815896,25177.506770357202,25155.87541301372,13.191444079621613
2025-06-11 06:25:00+00:00,25210.55078125,25215.80078125,25205.650390625,25214.69921875,0.0,70.59084824388017,16.90319148591152,14.999935215709474,25180.65381901366,25158.01954510142,12.97422597572007
2025-06-11 06:30:00+00:00,25211.900390625,25213.0,25205.0,25210.150390625,0.0,71.02325122121493,17.305839168246166,15.461116006216812,25183.629682976643,25160.132519435676,12.618924120311494
2025-06-11 06:35:00+00:00,25209.900390625,25213.25,25208.650390625,25211.599609375,0.0,69.39492842831888,17.26454217670107,15.821801240313665,25186.131655133628,25162.084200658788,12.046115924217816
2025-06-11 06:40:00+00:00,25205.94921875,25213.19921875,25204.05078125,25209.900390625,0.0,66.16743857634734,16.7202468664982,16.001490365550573,25188.01904214471,25163.80439744668,11.839138893916543
2025-06-11 06:45:00+00:00,25207.150390625,25209.150390625,25201.5,25206.19921875,0.0,66.67486489429771,16.19908052669416,16.041008397779294,25189.84107533331,25165.504240316415,11.539942588993933
2025-06-11 06:50:00+00:00,25214.80078125,25220.400390625,25205.0,25206.19921875,0.0,69.78334203013152,16.21644198523427,16.07609511527029,25192.218190182517,25167.437438000088,11.815688877280081
2025-06-11 06:55:00+00:00,25206.05078125,25216.44921875,25203.900390625,25214.849609375,0.0,62.59209255569164,15.347235811888822,15.930323254593999,25193.53557980799,25168.95168675499,11.868055966402933
2025-06-11 07:00:00+00:00,25195.5,25207.099609375,25193.599609375,25205.75,0.0,55.204719254487244,13.649678786488948,15.474194360972989,25193.722667445323,25169.992797078325,11.984623397374152
2025-06-11 07:05:00+00:00,25187.5,25198.44921875,25186.30078125,25194.94921875,0.0,50.35207964784261,11.525955432836781,14.684546575345749,25193.13003245053,25170.679354055646,11.99632440470457
2025-06-11 07:10:00+00:00,25199.55078125,25202.69921875,25187.05078125,25187.900390625,0.0,56.54819574796404,10.692035578180366,13.886044375912673,25193.741532336193,25171.811566886798,12.2571896257971
2025-06-11 07:15:00+00:00,25209.650390625,25210.849609375,25196.849609375,25198.80078125,0.0,60.94711204063255,10.72249985212693,13.253335471155525,25195.256661697033,25173.295442327515,12.381676081097307
2025-06-11 07:20:00+00:00,25220.69921875,25222.0,25208.75,25209.19921875,0.0,65.1086339107698,11.505562141086557,12.903780805141732,25197.679762368745,25175.154413951925,12.443699218161784
2025-06-11 07:25:00+00:00,25214.75,25222.19921875,25211.55078125,25220.150390625,0.0,61.31961437449638,11.513373411460634,12.625699326405513,25199.30549928601,25176.70718203224,12.315466238293086
2025-06-11 07:30:00+00:00,25209.80078125,25220.099609375,25209.599609375,25215.05078125,0.0,58.2809929302097,10.993477345098654,12.299254930144143,25200.305049949246,25178.00497023686,12.185790078415009
2025-06-11 07:35:00+00:00,25212.650390625,25216.44921875,25208.0,25209.94921875,0.0,59.52465143914365,10.688188840460498,11.977041712207415,25201.48079668027,25179.36361417365,11.918892126385364
2025-06-11 07:40:00+00:00,25208.05078125,25214.349609375,25207.25,25212.19921875,0.0,56.59211504645244,9.960279562292271,11.573689282224386,25202.106509496432,25180.48860111782,11.574657644143553
2025-06-11 07:45:00+00:00,25208.099609375,25214.19921875,25199.25,25207.94921875,0.0,56.61654960063879,9.280367931962246,11.115025012171959,25202.67728091344,25181.571385755356,11.8156977231333
2025-06-11 07:50:00+00:00,25198.849609375,25210.80078125,25195.94921875,25208.349609375,0.0,50.784474286493214,7.904022718088527,10.472824553355274,25202.312740766924,25182.248963152208,12.032545207195207
2025-06-11 07:55:00+00:00,25171.650390625,25199.80078125,25171.400390625,25197.400390625,0.0,38.29332967172081,4.565876992481208,9.29143504118046,25199.392516943884,25181.833332857022,13.201677022752692
2025-06-11 08:00:00+00:00,25164.19921875,25173.5,25159.25,25171.400390625,0.0,35.7025896813726,1.3040923913067672,7.693966511205722,25196.040774258752,25181.141798970475,13.276557235413213
2025-06-11 08:05:00+00:00,25167.94921875,25173.80078125,25163.0,25164.150390625,0.0,37.97687886092765,-0.9671530072337191,5.9617426075178335,25193.365388019825,25180.624442883396,13.099716093597982
2025-06-11 08:10:00+00:00,25155.650390625,25170.44921875,25155.30078125,25168.349609375,0.0,33.759303687867714,-3.7167001869238447,4.026054048629498,25189.773483506033,25179.64506828503,13.24605333691241
2025-06-11 08:15:00+00:00,25128.900390625,25155.25,25123.599609375,25155.25,0.0,26.79036134300594,-7.962451393948868,1.628352960113825,25183.976046088792,25177.655080925815,14.589248187847238
2025-06-11 08:20:00+00:00,25108.849609375,25132.30078125,25108.849609375,25128.19921875,0.0,22.963794992039865,-12.797646981856815,-1.2568470282803033,25176.821147354145,25174.95682713951,15.222242736929577
2025-06-11 08:25:00+00:00,25145.69921875,25151.849609375,25108.150390625,25108.80078125,0.0,39.94187937203146,-13.500493523872137,-3.7055763273986706,25173.85715415375,25173.809469947766,17.256312452148894
2025-06-11 08:30:00+00:00,25133.099609375,25144.849609375,25130.94921875,25144.849609375,0.0,36.943792839564,-14.902402035149862,-5.944941468948909,25169.97548322244,25172.213004827267,17.07729013413826
2025-06-11 08:35:00+00:00,25117.75,25135.150390625,25117.099609375,25133.349609375,0.0,33.63179083177461,-17.055405724498996,-8.167034320058926,25165.001627677448,25170.077200716394,17.146825213842668
2025-06-11 08:40:00+00:00,25127.849609375,25129.0,25116.25,25117.099609375,0.0,37.59597347980896,-17.742201534107153,-10.082067762868572,25161.46334022007,25168.421216742223,16.832766269996764
2025-06-11 08:45:00+00:00,25138.55078125,25141.150390625,25125.80078125,25127.30078125,0.0,41.577804939464606,-17.224444351788406,-11.510543080652539,25159.28119174673,25167.249827115076,16.72682649178271
2025-06-11 08:50:00+00:00,25150.44921875,25151.349609375,25137.900390625,25138.5,0.0,45.724635470717466,-15.673341068188165,-12.343102678159665,25158.440051461326,25166.59097972821,16.492711653083944
2025-06-11 08:55:00+00:00,25142.599609375,25153.30078125,25136.75,25149.19921875,0.0,43.5294828550429,-14.905655299626233,-12.855613202452979,25156.931437929292,25165.650141675145,16.49685948143509
2025-06-11 09:00:00+00:00,25141.150390625,25146.849609375,25140.19921875,25142.400390625,0.0,43.11791372830727,-14.2499342667179,-13.134477415305964,25155.428481043167,25164.68936712416,15.793540277404015
2025-06-11 09:05:00+00:00,25137.25,25142.94921875,25130.599609375,25141.05078125,0.0,41.96781664897332,-13.884942575499736,-13.28457044734472,25153.697197134294,25163.61331351145,15.547545212946586
2025-06-11 09:10:00+00:00,25135.19921875,25140.44921875,25133.44921875,25136.94921875,0.0,41.34339377647818,-13.60434254590291,-13.348524867056359,25151.93548490722,25162.499035285513,14.937006269164687
2025-06-11 09:15:00+00:00,25138.05078125,25144.30078125,25132.400390625,25134.650390625,0.0,42.621767493248264,-13.001988903961319,-13.279217674437351,25150.61313217796,25161.540280225297,14.720105151724352
2025-06-11 09:20:00+00:00,25150.849609375,25157.599609375,25137.849609375,25138.80078125,0.0,48.09019312072231,-11.36089946051652,-12.895554031653186,25150.635653815774,25161.121038231166,15.079383355172613
2025-06-11 09:25:00+00:00,25144.900390625,25154.19921875,25144.19921875,25151.25,0.0,45.90038584383451,-10.420258236041263,-12.400494872530803,25150.089438273797,25160.484934403474,14.71657025837457
2025-06-11 09:30:00+00:00,25146.400390625,25154.849609375,25143.650390625,25144.599609375,0.0,46.56111393974637,-9.444881114464806,-11.809372120917605,25149.738100402483,25159.93259935334,14.465330864919244
2025-06-11 09:35:00+00:00,25147.94921875,25149.349609375,25140.25,25145.75,0.0,47.27713250037257,-8.449509546393529,-11.13739960601279,25149.567730721294,25159.462662859092,14.082065044210726
2025-06-11 09:40:00+00:00,25144.94921875,25150.150390625,25143.44921875,25149.349609375,0.0,45.99170062806258,-7.812685559485544,-10.472456796707341,25149.127872438316,25158.893508188146,13.554858389267102
2025-06-11 09:45:00+00:00,25136.0,25146.69921875,25134.94921875,25145.0,0.0,42.297181511042396,-7.938613725760661,-9.965688182518004,25147.877598872765,25157.995723553315,13.42593993289088
2025-06-11 09:50:00+00:00,25129.0,25138.94921875,25129.0,25136.80078125,0.0,39.616459910922856,-8.505211420415435,-9.67359283009749,25146.079732313454,25156.858636355148,13.177602705541531
2025-06-11 09:55:00+00:00,25126.80078125,25135.400390625,25124.94921875,25129.94921875,0.0,38.78477910257241,-9.027637760435027,-9.544401816164997,25144.243641735982,25155.679896939262,12.982857646217136
2025-06-12 03:45:00+00:00,25164.05078125,25170.69921875,25131.69921875,25131.69921875,0.0,55.73524418737254,-6.3625571121847315,-8.908032875368946,25146.13003597541,25156.00816691223,15.19111335005877
2025-06-12 03:50:00+00:00,25151.099609375,25172.099609375,25149.25,25164.900390625,0.0,50.49951824237777,-5.235165105867054,-8.173459321468568,25146.603328680132,25155.81567445979,15.738148780411715
2025-06-12 03:55:00+00:00,25173.69921875,25178.55078125,25164.05078125,25176.400390625,0.0,57.926788259779045,-2.489402927345509,-7.036648042643957,25149.183889639167,25156.516989922155,16.57479328716802
2025-06-12 04:00:00+00:00,25189.05078125,25191.55078125,25168.75,25173.650390625,0.0,62.08811227343352,0.9148305792150495,-5.446352318272156,25152.980736459245,25157.79282487619,17.01950671308459
2025-06-12 04:05:00+00:00,25149.900390625,25195.55078125,25146.30078125,25188.30078125,0.0,48.82521924906654,0.44843158914954984,-4.267395536787815,25152.68737018932,25157.483317650654,19.321684805007116
2025-06-12 04:10:00+00:00,25103.5,25149.69921875,25100.44921875,25149.69921875,0.0,38.36510510425083,-3.623546718899888,-4.138625773210229,25148.00285874272,25155.36632480161,21.473791024292325
2025-06-12 04:15:00+00:00,25108.94921875,25114.44921875,25083.599609375,25103.44921875,0.0,39.99104896243559,-6.337853621567774,-4.5784713428817385,25144.283464457698,25153.54604613292,22.143492335057157
2025-06-12 04:20:00+00:00,25118.44921875,25126.55078125,25105.25,25107.849609375,0.0,42.822928903618305,-7.6343863387992315,-5.1896543420652375,25141.823060104583,25152.169699961043,22.0832986861245
2025-06-12 04:25:00+00:00,25093.25,25119.0,25091.55078125,25118.349609375,0.0,37.735926178486174,-10.573380859834288,-6.266399645619048,25137.197054380336,25149.859123491984,22.466578690687037
2025-06-12 04:30:00+00:00,25077.05078125,25096.55078125,25065.25,25093.19921875,0.0,34.868388363380305,-14.047762896429049,-7.822672295781048,25131.46883789173,25147.003894384456,23.097593159209392
2025-06-12 04:35:00+00:00,25103.55078125,25107.400390625,25073.25,25077.80078125,0.0,42.558246318824075,-14.495808504627348,-9.157299537550308,25128.809975354423,25145.299850732124,23.88707869248015
2025-06-12 04:40:00+00:00,25096.80078125,25108.30078125,25095.5,25102.94921875,0.0,41.223156993080046,-15.22010852809035,-10.369861335658317,25125.76148067781,25143.39792643871,23.095200303731566
2025-06-12 04:45:00+00:00,25090.69921875,25101.05078125,25084.94921875,25096.599609375,0.0,40.00156669261487,-16.100865856697055,-11.516062239866065,25122.422217637068,25141.331310450918,22.595654746322168
2025-06-12 04:50:00+00:00,25098.05078125,25098.75,25073.05078125,25091.19921875,0.0,42.22314437055811,-16.020982813792216,-12.417046354651296,25120.101128457347,25139.63403479598,22.817337889442012
2025-06-12 04:55:00+00:00,25103.80078125,25111.69921875,25097.05078125,25097.650390625,0.0,43.97061670756011,-15.31713162275264,-12.997063408271567,25118.548714437602,25138.22880916673,22.233845004481868
2025-06-12 05:00:00+00:00,25096.05078125,25115.75,25093.30078125,25104.0,0.0,42.121441046133896,-15.209360671109607,-13.439522860839176,25116.406054134022,25136.57476885627,22.249228843447447
2025-06-12 05:05:00+00:00,25095.849609375,25101.30078125,25089.849609375,25095.75,0.0,42.07198051074883,-14.967646591663652,-13.745147607004071,25114.448297490308,25134.97770377857,21.477939059986916
2025-06-12 05:10:00+00:00,25044.650390625,25099.19921875,25042.44921875,25096.400390625,0.0,31.828411272024013,-18.69196615515466,-14.734511316634189,25107.80087778885,25131.435456203923,23.997371984273567
2025-06-12 05:15:00+00:00,25058.30078125,25063.849609375,25042.849609375,25043.69921875,0.0,36.28273622811914,-20.307946433898906,-15.849198340087131,25103.086582880387,25128.567429735143,23.78327398539688
2025-06-12 05:20:00+00:00,25055.650390625,25065.150390625,25051.75,25058.75,0.0,35.79370718410742,-21.55402543224409,-16.990163758518523,25098.56885028464,25125.707938005333,23.04163945965425
2025-06-12 05:25:00+00:00,25054.5,25057.75,25046.0,25055.75,0.0,35.569611304435526,-22.376437285001884,-18.067418463815194,25094.3718169242,25122.915469848263,22.235093783964658
2025-06-12 05:30:00+00:00,25057.05078125,25062.900390625,25051.0,25054.75,0.0,36.51865428350525,-22.56229379601791,-18.966393530255736,25090.817432574277,25120.332540883628,21.496900701181467
2025-06-12 05:35:00+00:00,25055.25,25060.55078125,25048.55078125,25058.900390625,0.0,36.114221995729125,-22.59443977990668,-19.692002780185923,25087.430058043396,25117.78028437839,20.818550651097077
2025-06-12 05:40:00+00:00,25046.150390625,25058.849609375,25038.25,25055.599609375,0.0,34.06145024444025,-23.088033651558362,-20.371208954460414,25083.498661146405,25114.971268937083,20.802911988518712
2025-06-12 05:45:00+00:00,25069.75,25069.75,25039.69921875,25045.849609375,0.0,43.09537938803257,-21.329051080610952,-20.562777379690523,25082.189264846747,25113.19788584151,21.463474078624518
2025-06-12 05:50:00+00:00,25076.55078125,25083.69921875,25064.349609375,25067.44921875,0.0,45.41619055568685,-19.165352259147767,-20.28329235558197,25081.65226640896,25111.760744484982,21.31248374265134
2025-06-12 05:55:00+00:00,25077.650390625,25092.75,25074.650390625,25076.94921875,0.0,45.80108987083945,-17.16401993026375,-19.659437870518328,25081.271135381918,25110.423083549296,21.08299271639053
2025-06-12 06:00:00+00:00,25055.75,25078.94921875,25054.5,25078.25,0.0,39.78395962350901,-17.14746285714864,-19.15704286784439,25078.84055105983,25108.27904105717,21.323437433076922
2025-06-12 06:05:00+00:00,25032.150390625,25058.05078125,25025.650390625,25054.80078125,0.0,34.52095198489886,-18.82166803083601,-19.089967900442712,25074.393869113657,25105.293603785318,22.11464837535714
2025-06-12 06:10:00+00:00,25035.599609375,25040.30078125,25020.400390625,25031.75,0.0,35.85655949606134,-19.64372394434031,-19.20071910922223,25070.699177709976,25102.560505965306,21.956487107474487
2025-06-12 06:15:00+00:00,25042.599609375,25043.19921875,25031.0,25035.650390625,0.0,38.59402776081725,-19.505520184902707,-19.261679324358326,25068.023028344738,25100.209098255884,21.259539367654877
2025-06-12 06:20:00+00:00,25037.349609375,25044.099609375,25035.25,25043.19921875,0.0,37.308015990905425,-19.593759174684237,-19.32809529442351,25065.101750347618,25097.744020260558,20.37311579675096
2025-06-12 06:25:00+00:00,25029.94921875,25038.94921875,25029.05078125,25037.849609375,0.0,35.511725236655124,-20.029946134778584,-19.468465462494525,25061.753890195465,25095.085400593478,19.624924489840176
2025-06-12 06:30:00+00:00,25022.900390625,25031.30078125,25010.0,25029.150390625,0.0,33.840414825504396,-20.705726240150398,-19.7159176180257,25058.05355690304,25092.254615888833,19.744628544137306
2025-06-12 06:35:00+00:00,25034.25,25036.150390625,25020.94921875,25022.05078125,0.0,38.83221059836816,-20.093838951022917,-19.791501884625145,25055.786551483703,25089.979925069663,19.420095924913216
2025-06-12 06:40:00+00:00,25039.150390625,25040.150390625,25032.80078125,25034.099609375,0.0,40.905433768666214,-18.99453610825003,-19.632108729350122,25054.202155211446,25087.986609993404,18.55791831420513
2025-06-12 06:45:00+00:00,25039.400390625,25043.69921875,25033.150390625,25039.349609375,0.0,41.01527283562117,-17.896853982336324,-19.285057779947365,25052.792463346068,25086.081268057387,17.98584044354762
2025-06-12 06:50:00+00:00,25044.80078125,25049.150390625,25035.25,25039.5,0.0,43.46002450407816,-16.40209347505879,-18.70846491896965,25052.03135076549,25084.46242543749,17.694022599365645
2025-06-12 06:55:00+00:00,25035.25,25045.30078125,25033.30078125,25044.5,0.0,40.28032181083414,-15.805952055110538,-18.12796234619783,25050.43312688306,25082.53252640073,17.287306699410955
2025-06-12 07:00:00+00:00,25059.150390625,25062.80078125,25035.05078125,25035.349609375,0.0,50.116081193699294,-13.252181011786888,-17.152806079315642,25051.26334247753,25081.61557989972,18.034641935167315
2025-06-12 07:05:00+00:00,25043.650390625,25062.19921875,25036.75,25059.30078125,0.0,44.946048007029944,-12.33680847343203,-16.18960655813892,25050.538299443957,25080.126748947772,18.564254564798222
2025-06-12 07:10:00+00:00,25057.19921875,25059.94921875,25043.05078125,25043.900390625,0.0,49.81918536367993,-10.398227648816828,-15.031330776274501,25051.172672711196,25079.227630116486,18.445267631598348
2025-06-12 07:15:00+00:00,25069.94921875,25070.099609375,25048.0,25057.44921875,0.0,53.95006297687848,-7.7438041805398825,-13.57382545712758,25052.96091519108,25078.863770847212,18.706292041841323
2025-06-12 07:20:00+00:00,25063.0,25074.5,25061.5,25069.849609375,0.0,51.46341830295286,-6.1302328258425405,-12.085106930870571,25053.917018506218,25078.241662186538,18.298699753138372
2025-06-12 07:25:00+00:00,25040.599609375,25063.30078125,25034.5,25063.25,0.0,44.364930032571,-6.583104289245966,-10.984706402545651,25052.648693827054,25076.765503252755,19.04884843148563
2025-06-12 07:30:00+00:00,25030.150390625,25043.19921875,25021.650390625,25040.94921875,0.0,41.49002286072571,-7.696452894033428,-10.327055700843207,25050.505998284003,25074.937459620294,19.2274184095938
2025-06-12 07:35:00+00:00,25035.25,25040.0,25027.650390625,25029.599609375,0.0,43.41713390576292,-8.074219253696356,-9.876488411413838,25049.053046066478,25073.381088654794,18.73614633569424
2025-06-12 07:40:00+00:00,25041.099609375,25043.150390625,25028.150390625,25035.25,0.0,45.62929335880062,-7.811540647970105,-9.463498858725092,25048.295575905384,25072.115148290883,18.469278740287507
2025-06-12 07:45:00+00:00,25042.69921875,25045.25,25037.599609375,25041.19921875,0.0,46.248159304112235,-7.389113748635282,-9.048621836707131,25047.762589509635,25070.961582426535,17.69650101776697
2025-06-12 07:50:00+00:00,25029.69921875,25045.44921875,25025.94921875,25042.650390625,0.0,42.05831774386174,-8.010983115269482,-8.841094092419603,25046.042268484907,25069.343450517652,17.825322373640756
2025-06-12 07:55:00+00:00,24980.849609375,25038.349609375,24978.0,25029.30078125,0.0,30.77563080906718,-12.303744385539176,-9.533624151043519,25039.833443807773,25065.873103806178,20.86277144516642
2025-06-12 08:00:00+00:00,24945.099609375,24984.80078125,24934.55078125,24978.849609375,0.0,25.404446946345146,-18.3786571256569,-11.302630745966196,25030.81117386179,25061.13688833829,22.961859199083104
2025-06-12 08:05:00+00:00,24925.150390625,24953.0,24921.650390625,24945.349609375,0.0,22.99292203727302,-24.520151427732344,-13.946134882319425,25020.748242124955,25055.804084506395,23.560984211648595
2025-06-12 08:10:00+00:00,24911.900390625,24931.19921875,24907.900390625,24925.400390625,0.0,21.531010513473305,-30.109411619640014,-17.178790229783544,25010.38178007734,25050.1608023934,23.542258776887984
2025-06-12 08:15:00+00:00,24878.05078125,24926.599609375,24877.44921875,24912.75,0.0,18.325449639482045,-36.84558816891513,-21.11214981760986,24997.77882780807,25043.41138979954,25.371411051753125
2025-06-12 08:20:00+00:00,24898.55078125,24904.05078125,24872.05078125,24879.650390625,0.0,25.55422234779661,-40.06799899050384,-24.903319652188657,24988.32853765968,25037.73058162113,25.844881690913613
2025-06-12 08:25:00+00:00,24889.30078125,24910.5,24884.75,24899.25,0.0,24.500502026209233,-42.8739561984039,-28.49744696143171,24978.89732276352,25031.90980513599,25.838104427276928
2025-06-12 08:30:00+00:00,24855.19921875,24892.900390625,24852.349609375,24890.599609375,0.0,21.05375451764256,-47.30411619093502,-32.25878080733237,24967.11655095271,25024.979978218893,26.88900991461429
2025-06-12 08:35:00+00:00,24831.19921875,24857.150390625,24826.69921875,24855.0,0.0,19.02520556857361,-52.15049092934714,-36.23712283173533,24954.17204312388,25017.380732749527,27.143450054641843
2025-06-12 08:40:00+00:00,24847.400390625,24858.599609375,24831.5,24831.900390625,0.0,24.325789396870846,-54.06079941038843,-39.80185814746595,24944.00331431446,25010.714836979936,27.161802952524567
2025-06-12 08:45:00+00:00,24873.0,24877.19921875,24844.5,24847.55078125,0.0,31.910289054021092,-52.89926827689851,-42.42134017335246,24937.241093903558,25005.314255137586,27.55733265234424
2025-06-12 08:50:00+00:00,24860.55078125,24894.75,24860.55078125,24873.400390625,0.0,30.318866737207628,-52.37949616915648,-44.41297137251327,24929.93725460322,24999.637256161604,28.03175308789108
2025-06-12 08:55:00+00:00,24862.900390625,24865.5,24844.849609375,24861.44921875,0.0,31.018109610945004,-51.18791674806198,-45.76796044762301,24923.552791367198,24994.27502614056,27.504512911970288
2025-06-12 09:00:00+00:00,24909.69921875,24912.5,24863.75,24863.75,0.0,43.236314974878056,-45.93776519451785,-45.80192139700198,24922.233403498893,24990.95832781152,29.08273408790098
2025-06-12 09:05:00+00:00,24868.44921875,24912.30078125,24868.099609375,24908.0,0.0,37.01326383626648,-44.59148958767037,-45.55983503513566,24917.111100189475,24986.154049024793,30.162622501265197
2025-06-12 09:10:00+00:00,24891.69921875,24903.599609375,24868.19921875,24868.19921875,0.0,42.07398102212496,-41.173849273614906,-44.682637882831514,24914.690921004763,24982.449938033627,30.536748795817683
2025-06-12 09:15:00+00:00,24906.80078125,24913.150390625,24884.94921875,24891.650390625,0.0,45.15627137358607,-36.82231014694844,-43.11057233565491,24913.939479123357,24979.48330443427,30.369921872902133
2025-06-12 09:20:00+00:00,24896.80078125,24910.19921875,24893.900390625,24905.44921875,0.0,43.505427127313034,-33.791077952017076,-41.24667345892735,24912.307222183037,24976.24085254469,29.36484374805198
2025-06-12 09:25:00+00:00,24905.150390625,24910.69921875,24887.05078125,24896.849609375,0.0,45.30346438753205,-30.365031718643877,-39.070345110870655,24911.62561917751,24973.45299129294,28.95652901604827
2025-06-12 09:30:00+00:00,24905.5,24920.94921875,24897.30078125,24915.0,0.0,45.3818489515692,-27.306878147272073,-36.71765171815094,24911.04222687489,24970.78816810498,28.57737962204482
2025-06-12 09:35:00+00:00,24902.94921875,24910.94921875,24888.55078125,24905.44921875,0.0,44.876530875708816,-24.80318051275026,-34.33475747707081,24910.271464196332,24968.127817149885,28.136026613327335
2025-06-12 09:40:00+00:00,24887.55078125,24901.94921875,24884.599609375,24901.94921875,0.0,41.84726203128759,-23.78730210379217,-32.22526640241509,24908.107589630014,24964.967933389104,27.43699681058967
2025-06-12 09:45:00+00:00,24876.25,24887.349609375,24866.5,24887.349609375,0.0,39.72778186921854,-23.62179242892671,-30.504571607717413,24905.073533474777,24961.488798746395,26.980838556261833
2025-06-12 09:50:00+00:00,24870.900390625,24878.150390625,24867.349609375,24876.599609375,0.0,38.72781953906798,-23.649674856831552,-29.133592257540244,24901.818948441465,24957.9363121534,25.82512017724313
2025-06-12 09:55:00+00:00,24856.0,24871.650390625,24850.80078125,24869.80078125,0.0,36.009114861786315,-24.590643249273853,-28.22500245588697,24897.455239066087,24953.938809716015,25.469726548511478
2025-06-13 03:45:00+00:00,24601.150390625,24621.19921875,24508.099609375,24508.099609375,0.0,15.703697693826356,-45.3775173160102,-31.655505427911617,24869.235729690743,24940.10396975166,48.50048826826066
2025-06-13 03:50:00+00:00,24628.44921875,24628.44921875,24582.25,24604.599609375,0.0,20.852223615100613,-58.96872276213253,-37.118148894755805,24846.30368102972,24927.88221481042,48.33611187409918
2025-06-13 03:55:00+00:00,24644.25,24652.349609375,24615.80078125,24629.150390625,0.0,23.754944668327994,-67.68463367846925,-43.2314458514985,24827.060473312602,24916.759382857068,47.494163034877815
2025-06-13 04:00:00+00:00,24586.80078125,24641.900390625,24585.5,24641.900390625,0.0,20.772060354011245,-78.32484761658998,-50.2501262045168,24804.17859787807,24903.819829852873,48.298151389529394
2025-06-13 04:05:00+00:00,24636.44921875,24638.5,24583.05078125,24585.150390625,0.0,29.062275168462193,-81.8080475952629,-56.56171048266603,24788.204371294447,24893.33470784884,48.808941915277295
2025-06-13 04:10:00+00:00,24621.19921875,24638.69921875,24616.599609375,24635.650390625,0.0,28.090002361159435,-84.82128920140167,-62.21362622641317,24772.299118671166,24882.66272788418,46.90113244811463
2025-06-13 04:15:00+00:00,24611.150390625,24635.05078125,24593.44921875,24620.349609375,0.0,27.438597938557137,-87.01708257001519,-67.17431749513358,24756.951620762007,24872.015185246564,46.522591737535016
2025-06-13 04:20:00+00:00,24639.94921875,24645.94921875,24610.19921875,24610.19921875,0.0,32.28508800198853,-85.44844342069337,-70.82914268024554,24745.8085348561,24862.914559109446,45.75312089913966
2025-06-13 04:25:00+00:00,24641.900390625,24647.150390625,24627.19921875,24639.099609375,0.0,32.61348565761469,-83.09003216073324,-73.28132057634309,24735.912521119804,24854.24733681594,43.91012454027254
2025-06-13 04:30:00+00:00,24623.19921875,24646.5,24614.25,24641.19921875,0.0,31.058746177063725,-81.78721047232102,-74.98249855553868,24725.177920894108,24845.18662630355,43.07725850168164
2025-06-13 04:35:00+00:00,24627.80078125,24631.099609375,24616.599609375,24621.5,0.0,31.91876708237541,-79.46735703584636,-75.87947025160022,24715.903907594668,24836.66169120341,41.036025751561525
2025-06-13 04:40:00+00:00,24644.150390625,24654.400390625,24624.150390625,24626.19921875,0.0,35.02042185465008,-75.43995479746081,-75.79156716077235,24709.070239311844,24829.11222843563,40.26559534073571
2025-06-13 04:45:00+00:00,24630.55078125,24646.25,24625.19921875,24642.5,0.0,33.64726681871983,-72.50973721271293,-75.13520117116047,24701.592195686906,24821.325505016586,38.89310861996887
2025-06-13 04:50:00+00:00,24659.94921875,24663.44921875,24625.400390625,24629.44921875,0.0,39.197393496220734,-67.04248640172955,-73.5166582172743,24697.62619788339,24814.99702320221,38.83280287032824
2025-06-13 04:55:00+00:00,24672.25,24675.0,24657.94921875,24659.25,0.0,41.405862825584684,-61.013751946949924,-71.01607696320943,24695.20941713259,24809.39910072369,37.27694418316194
2025-06-13 05:00:00+00:00,24673.5,24682.400390625,24663.44921875,24671.900390625,0.0,41.63784919308544,-55.49535598440707,-67.91193276744896,24693.141853596153,24804.069724224726,35.96796044686466
2025-06-13 05:05:00+00:00,24667.349609375,24683.94921875,24661.30078125,24672.55078125,0.0,40.78227607342313,-51.030030126465135,-64.5355522392522,24690.68544938461,24798.708151093364,35.016565950660045
2025-06-13 05:10:00+00:00,24673.94921875,24677.75,24663.099609375,24666.25,0.0,42.15577728757431,-46.42355208105437,-60.91315220761264,24689.091522657505,24793.815643942642,33.56183914168433
2025-06-13 05:15:00+00:00,24675.599609375,24687.75,24668.25,24671.849609375,0.0,42.514853125466956,-42.15378966421122,-57.16127969893236,24687.806578535365,24789.179721018423,32.55742206013545
2025-06-13 05:20:00+00:00,24681.900390625,24692.25,24674.25,24674.25,0.0,43.945488960060224,-37.82552271751774,-53.29412830264944,24687.244084448663,24784.972688453978,31.5176061986972
2025-06-13 05:25:00+00:00,24671.55078125,24684.80078125,24670.599609375,24680.5,0.0,42.09241997021763,-34.82898015708997,-49.60109867353755,24685.749484144028,24780.52477052441,30.28071803271883
2025-06-13 05:30:00+00:00,24683.5,24685.19921875,24670.349609375,24671.400390625,0.0,44.977247387234044,-31.131136140720628,-45.90710616697417,24685.53524755888,24776.71987756267,29.178495985738916
2025-06-13 05:35:00+00:00,24673.900390625,24692.349609375,24673.400390625,24683.25,0.0,43.1188018505771,-28.644974925438873,-42.45467991866711,24684.42716594613,24772.68774082002,28.44783332604328
2025-06-13 05:40:00+00:00,24653.75,24677.44921875,24650.44921875,24673.80078125,0.0,39.435332473894974,-27.978127927133755,-39.55936952036044,24681.505531094117,24768.023515689823,28.34441665989733
2025-06-13 05:45:00+00:00,24655.94921875,24657.849609375,24639.75,24652.75,0.0,40.03739351482719,-26.961394134417787,-37.03977444317191,24679.071596585156,24763.628445221595,27.61264471097609
2025-06-13 05:50:00+00:00,24657.19921875,24662.150390625,24650.94921875,24655.19921875,0.0,40.400048258506416,-25.757840375063097,-34.78338762955015,24676.988512981807,24759.454750065845,26.440396651263512
2025-06-13 05:55:00+00:00,24663.150390625,24667.05078125,24653.349609375,24657.599609375,0.0,42.19260704494056,-24.046611150497483,-32.63603233373962,24675.670596566873,24755.678108519147,25.53045202438755
2025-06-13 06:00:00+00:00,24677.05078125,24682.44921875,24661.30078125,24661.5,0.0,46.25841764311577,-21.323005968566576,-30.373427060705012,24675.802042727173,24752.594683920357,25.217450986931293
2025-06-13 06:05:00+00:00,24689.599609375,24690.650390625,24674.94921875,24676.44921875,0.0,49.69803076254006,-17.94508392752323,-27.887758434068658,24677.116096693633,24750.124288840147,24.537716764650487
2025-06-13 06:10:00+00:00,24679.30078125,24693.650390625,24679.30078125,24688.349609375,0.0,47.03724245562094,-15.915620367704832,-25.493330820795894,24677.32416188948,24747.346896385632,23.80999480824688
2025-06-13 06:15:00+00:00,24675.650390625,24687.30078125,24673.150390625,24678.69921875,0.0,46.09521576403111,-14.435409476191126,-23.281746551874942,24677.164755102385,24744.535268708743,23.1200230808721
2025-06-13 06:20:00+00:00,24684.80078125,24689.599609375,24674.599609375,24675.099609375,0.0,48.86003509807068,-12.381248306472116,-21.10164690279438,24677.891995687874,24742.192739788792,22.54002143223838
2025-06-13 06:25:00+00:00,24684.650390625,24687.25,24674.44921875,24683.900390625,0.0,48.81571864984083,-10.642762900777598,-19.009870102391023,24678.535652348553,24739.936177076488,21.84436141922135
2025-06-13 06:30:00+00:00,24692.0,24694.150390625,24683.599609375,24684.0,0.0,51.147696365247725,-8.573123012833094,-16.922520684479437,24679.817971172502,24738.056326995058,21.037677121419826
2025-06-13 06:35:00+00:00,24686.400390625,24702.0,24685.05078125,24690.349609375,0.0,49.30457814962902,-7.300603358315129,-14.998137219246576,24680.444868263217,24736.030604000152,20.745644380604123
2025-06-13 06:40:00+00:00,24688.94921875,24692.75,24683.349609375,24685.44921875,0.0,50.184529877229146,-6.017091945421271,-13.201928164481515,24681.254806404817,24734.184275166815,19.935269112346685
2025-06-13 06:45:00+00:00,24723.94921875,24724.55078125,24688.80078125,24688.80078125,0.0,60.359654090110375,-2.150898195199261,-10.991722170625065,24685.32094091388,24733.782900405375,21.064892747179066
2025-06-13 06:50:00+00:00,24710.349609375,24723.900390625,24709.0,24722.75,0.0,55.606880846311114,-0.18218648125912296,-8.829815032751878,24687.704623624464,24732.86394781595,20.628058890237703
2025-06-13 06:55:00+00:00,24706.44921875,24712.849609375,24703.849609375,24709.19921875,0.0,54.286620701400565,1.0511853983916808,-6.853614946523166,24689.48982316023,24731.828076087873,19.797483255220726
2025-06-13 07:00:00+00:00,24696.099609375,24711.05078125,24696.099609375,24704.349609375,0.0,50.837445639384214,1.1799132126689074,-5.246909314684752,24690.119326609256,24730.426959746193,19.451318156633533
2025-06-13 07:05:00+00:00,24692.400390625,24698.80078125,24690.849609375,24695.099609375,0.0,49.623823770054365,0.9722276601751219,-4.003081919712778,24690.33657080123,24728.93572174144,18.629879136516852
2025-06-13 07:10:00+00:00,24690.80078125,24696.44921875,24687.44921875,24692.05078125,0.0,49.07822034326893,0.6708273750555236,-3.068300060759118,24690.38078132016,24727.44023387903,17.94203062676565
2025-06-13 07:15:00+00:00,24682.400390625,24695.80078125,24681.44921875,24688.5,0.0,46.20514244580521,-0.24307383693303564,-2.503254815993902,24689.620744111096,24725.67396551613,17.68556861771096
2025-06-13 07:20:00+00:00,24683.30078125,24687.75,24675.900390625,24680.19921875,0.0,46.5662118798651,-0.8844972000333655,-2.179503292801795,24689.018842886228,24724.012272015498,17.26871438608875
2025-06-13 07:25:00+00:00,24682.44921875,24685.5,24678.0,24681.599609375,0.0,46.25003343308813,-1.4448880434902094,-2.0325802429394777,24688.393164397065,24722.38234835803,16.570949072796697
2025-06-13 07:30:00+00:00,24677.900390625,24686.55078125,24675.599609375,24678.0,0.0,44.511429813357225,-2.23034421806733,-2.0721330379650484,24687.39385260925,24720.637957858697,16.16953641581122
2025-06-13 07:35:00+00:00,24681.0,24685.25,24674.44921875,24676.849609375,0.0,46.0010180104127,-2.5730507953812776,-2.172316589448294,24686.78491426551,24719.083528138748,15.78605390396756
2025-06-13 07:40:00+00:00,24686.0,24687.19921875,24676.19921875,24679.400390625,0.0,48.407046685347694,-2.413370184491214,-2.2205273084568784,24686.710160525938,24717.786134878406,15.444192910827018
2025-06-13 07:45:00+00:00,24686.099609375,24690.44921875,24680.650390625,24685.19921875,0.0,48.45631929319436,-2.2528154516330687,-2.2269849370921166,24686.65201279728,24716.543526035137,15.040952568982231
2025-06-13 07:50:00+00:00,24696.25,24700.30078125,24684.599609375,24685.150390625,0.0,53.34590592167888,-1.2916338253016875,-2.039914714734031,24687.566106816586,24715.747701484743,15.088111090840643
2025-06-13 07:55:00+00:00,24691.650390625,24700.25,24689.0,24694.69921875,0.0,50.985606060029305,-0.8907722297408327,-1.8100862177353916,24687.955086226913,24714.802708902007,14.81396029863774
2025-06-13 08:00:00+00:00,24711.05078125,24715.44921875,24689.25,24689.25,0.0,59.18780418157949,0.981053881936532,-1.2518581978010068,24690.15467622911,24714.65557448428,15.627193045163617
2025-06-13 08:05:00+00:00,24726.849609375,24727.650390625,24707.400390625,24707.400390625,0.0,64.41084456330486,3.696709587587975,-0.2621446407232104,24693.649431766815,24715.133771930974,15.957393541937645
2025-06-13 08:10:00+00:00,24735.05078125,24736.849609375,24725.25,24725.69921875,0.0,66.78701227083917,6.436456861672923,1.0775756597560164,24697.59241743188,24715.914831119957,15.646123244299242
2025-06-13 08:15:00+00:00,24743.5,24754.099609375,24733.599609375,24733.599609375,0.0,69.07765399309781,9.18364432015369,2.698789391835551,24701.964568152653,24716.996602448584,15.992828726849297
2025-06-13 08:20:00+00:00,24726.599609375,24746.69921875,24724.5,24742.400390625,0.0,60.14261591535141,9.883162942092895,4.13566410188702,24704.310762554782,24717.373190955503,16.43614229993149
2025-06-13 08:25:00+00:00,24712.599609375,24727.5,24706.0,24726.05078125,0.0,53.920620515822435,9.201781088147982,5.148887499139212,24705.10017653766,24717.185991677838,16.797846421364955
2025-06-13 08:30:00+00:00,24721.650390625,24724.05078125,24704.80078125,24711.80078125,0.0,57.01655198317957,9.285070948011708,5.976124188913711,24706.67638740312,24717.361066146357,16.973000248410315
2025-06-13 08:35:00+00:00,24725.150390625,24728.849609375,24714.400390625,24719.94921875,0.0,58.1865034896714,9.523716041094303,6.685642559349829,24708.435816281395,24717.666529851405,16.792730141381007
2025-06-13 08:40:00+00:00,24715.849609375,24727.900390625,24714.599609375,24724.349609375,0.0,53.98166826618879,8.860213652013044,7.120556777882472,24709.14189181412,24717.59527806802,16.54330522056808
2025-06-13 08:45:00+00:00,24711.05078125,24717.94921875,24705.30078125,24714.349609375,0.0,51.89777298253344,7.856592002139223,7.267763822733822,24709.323690808014,24717.33863113398,16.265100383384645
2025-06-13 08:50:00+00:00,24710.099609375,24717.900390625,24708.30078125,24710.150390625,0.0,51.47361974355441,6.904867973014916,7.195184652790042,24709.397587814394,24717.054747927745,15.788993882785743
2025-06-13 08:55:00+00:00,24712.75,24718.05078125,24708.900390625,24709.599609375,0.0,52.63524208850957,6.291954461896239,7.014538614611282,24709.716865165403,24716.88593428352,15.314807935801046
2025-06-13 09:00:00+00:00,24711.25,24724.900390625,24707.900390625,24713.5,0.0,51.87834088683381,5.62039026416096,6.7357089445212175,24709.862878006796,24716.664917252794,15.435178797529543
2025-06-13 09:05:00+00:00,24705.05078125,24713.69921875,24702.0,24710.94921875,0.0,48.757751512049516,4.535661374036863,6.295699430424348,24709.40458307758,24716.209460938957,15.16832450842029
2025-06-13 09:10:00+00:00,24687.650390625,24715.0,24686.349609375,24705.19921875,0.0,41.25626730818236,2.2460487592798017,5.485769296195439,24707.33275522495,24715.08949739723,16.131329231033124
2025-06-13 09:15:00+00:00,24678.0,24700.55078125,24676.900390625,24687.849609375,0.0,37.78422779784752,-0.3432350059483724,4.319968435766677,24704.53915948924,24713.635007303223,16.6684050448879
2025-06-13 09:20:00+00:00,24673.94921875,24680.0,24665.75,24679.099609375,0.0,36.39948674503053,-2.6911038675316377,2.917753975107014,24701.625831799785,24712.078701869763,16.49566182739591
2025-06-13 09:25:00+00:00,24663.94921875,24675.849609375,24650.900390625,24673.75,0.0,33.167858867403154,-5.297655210735684,1.2746721379384744,24698.037582937905,24710.191271159183,17.09948732186763
2025-06-13 09:30:00+00:00,24702.099609375,24702.44921875,24662.75,24664.25,0.0,51.03019124806622,-4.236116923097143,0.17251432573135106,24698.42444259858,24709.873951089216,18.713753852448516
2025-06-13 09:35:00+00:00,24727.900390625,24727.900390625,24702.599609375,24702.599609375,0.0,59.00933526055155,-1.297970564712159,-0.121582652357351,24701.231675743955,24710.580870286696,19.219970095130765
2025-06-13 09:40:00+00:00,24725.599609375,24728.44921875,24717.19921875,24727.94921875,0.0,58.100191390400575,0.8352495373255806,0.06978378557923534,24703.552431327866,24711.169840447023,18.65068651690714
2025-06-13 09:45:00+00:00,24717.94921875,24725.900390625,24709.75,24725.150390625,0.0,55.062386429584244,1.8867697436253366,0.4331809771884556,24704.923553939498,24711.43569841969,18.472093953199483
2025-06-13 09:50:00+00:00,24729.349609375,24733.150390625,24718.099609375,24718.69921875,0.0,58.54111650037451,3.598541581963218,1.0662530981434082,24707.249844933354,24712.138204731666,18.23845666189952
2025-06-13 09:55:00+00:00,24735.55078125,24744.94921875,24728.44921875,24728.55078125,0.0,60.339600309131626,5.393344720756431,1.9316714226660128,24709.945172201606,24713.056344987286,18.114281186049556
2025-06-16 03:45:00+00:00,24788.94921875,24804.75,24704.599609375,24733.75,0.0,71.71720274701016,10.997771314159763,3.7448914009647627,24717.469367110974,24716.032536115235,23.97400328883173
2025-06-16 03:50:00+00:00,24802.900390625,24817.400390625,24784.599609375,24788.30078125,0.0,73.82957865587393,16.376287098857574,6.271170540543325,24725.60565506469,24719.43911864503,24.604487428915178
2025-06-16 03:55:00+00:00,24785.599609375,24816.80078125,24780.19921875,24800.69921875,0.0,67.13339768266653,19.02348031081783,8.821632494598227,24731.319364999006,24722.033647693264,25.461421362564092
2025-06-16 04:00:00+00:00,24760.0,24791.650390625,24757.94921875,24786.5,0.0,58.656017294622856,18.838566206959513,10.825019237070485,24734.05085404672,24723.522524254313,26.04997497059523
2025-06-16 04:05:00+00:00,24757.69921875,24775.05078125,24749.25,24761.69921875,0.0,57.94776754976398,18.29546786397259,12.319108962450906,24736.303079256555,24724.862786783553,26.032175419124144
2025-06-16 04:10:00+00:00,24765.0,24775.19921875,24753.44921875,24757.650390625,0.0,59.61417612696646,18.243866608194367,13.5040604915996,24739.03611932736,24726.436795144982,25.72630574632956
2025-06-16 04:15:00+00:00,24713.25,24767.30078125,24706.5,24767.30078125,0.0,45.76921841534666,13.867325833914947,13.57671356006267,24736.58029843904,24725.91966592361,28.231625425163166
2025-06-16 04:20:00+00:00,24725.400390625,24743.75,24706.150390625,24712.400390625,0.0,48.77716597155449,11.249641848840838,13.111299217818303,24735.515545313894,24725.89930218641,28.9007671358658
2025-06-16 04:25:00+00:00,24737.25,24737.25,24721.19921875,24724.599609375,0.0,51.596825795593475,10.015816775357962,12.492202729326236,24735.680731474476,24726.34442759087,27.982911001161096
2025-06-16 04:30:00+00:00,24736.900390625,24738.55078125,24726.05078125,24736.849609375,0.0,51.506739052196465,8.907115280177095,11.775185239496409,24735.79688948881,24726.758386925543,26.876988786792445
2025-06-16 04:35:00+00:00,24767.94921875,24771.94921875,24736.44921875,24736.849609375,0.0,58.44578566474801,10.413798514378868,11.502907894472902,24738.859016085113,24728.373713663757,27.492918159164415
2025-06-16 04:40:00+00:00,24763.69921875,24771.0,24761.30078125,24767.94921875,0.0,57.23843189373194,11.136541236166522,11.429634562811627,24741.22474967224,24729.75902758871,26.221939629938387
2025-06-16 04:45:00+00:00,24790.349609375,24790.55078125,24763.25,24763.599609375,0.0,62.473461906158825,13.701837592427182,11.88407516873474,24745.90330773917,24732.13512883523,26.298999745657074
2025-06-16 04:50:00+00:00,24795.75,24798.30078125,24782.44921875,24790.5,0.0,63.44993435313107,15.986339259383385,12.70452798686447,24750.65061176401,24734.62982966522,25.55275422811014
2025-06-16 04:55:00+00:00,24825.94921875,24832.05078125,24793.05078125,24795.349609375,0.0,68.40150624975254,20.00306497555357,14.164235384602291,24757.821907667436,24738.21098217835,26.51327178324513
2025-06-16 05:00:00+00:00,24845.849609375,24863.849609375,24825.849609375,24827.5,0.0,71.17294789025041,24.509612695052056,16.233310846692245,24766.205498306255,24742.432104813513,27.333752370156194
2025-06-16 05:05:00+00:00,24855.55078125,24857.099609375,24843.0,24846.849609375,0.0,72.44187396052043,28.53495453146752,18.6936395836473,24774.714572872326,24746.868131340434,26.38845644193075
2025-06-16 05:10:00+00:00,24869.69921875,24870.099609375,24846.099609375,24856.44921875,0.0,74.22393152556492,32.492177998392435,21.453347266596328,24783.76072962258,24751.685036729046,26.217852410364266
2025-06-16 05:15:00+00:00,24867.150390625,24890.69921875,24866.19921875,24872.19921875,0.0,73.30429079774893,35.018960203262395,24.16646985392954,24791.702602099,24756.213089823006,26.095148666766818
2025-06-16 05:20:00+00:00,24871.75,24873.5,24859.30078125,24867.25,0.0,73.93198382868756,36.966476807327126,26.726471244609062,24799.32616380386,24760.743949045635,25.24543938699776
2025-06-16 05:25:00+00:00,24875.900390625,24876.19921875,24869.30078125,24872.349609375,0.0,74.51429510509789,38.40212380558296,29.061601756803846,24806.618947310635,24765.2598879311,23.934939252212207
2025-06-16 05:30:00+00:00,24900.400390625,24906.75,24876.19921875,24876.19921875,0.0,77.68340273400301,41.04370337623186,31.458022080689453,24815.550513340575,24770.559515487723,24.428844260982764
2025-06-16 05:35:00+00:00,24925.55078125,24930.5,24893.849609375,24899.5,0.0,80.38047269646435,44.65188145578577,34.09679395570872,24826.02672933195,24776.637604341147,25.301811858412567
2025-06-16 05:40:00+00:00,24906.75,24927.900390625,24904.80078125,24926.099609375,0.0,73.25344965943648,45.47017083200626,36.37146933096823,24833.714659871763,24781.74005122973,25.144511681025957
2025-06-16 05:45:00+00:00,24905.849609375,24912.30078125,24900.55078125,24906.75,0.0,72.91998949836523,45.52127612441109,38.2014306896568,24840.584655062547,24786.607092725626,24.187760846666958
2025-06-16 05:50:00+00:00,24875.19921875,24906.69921875,24874.5,24905.900390625,0.0,62.49139405925708,42.59750949595764,39.08064645091697,24843.881280175636,24790.08129374619,24.760007839762174
2025-06-16 05:55:00+00:00,24884.150390625,24891.19921875,24874.25,24875.0,0.0,64.10586872779422,40.5354210392361,39.3716013685808,24847.716433551766,24793.770277937518,24.20209433335059
2025-06-16 06:00:00+00:00,24892.55078125,24904.25,24883.44921875,24884.0,0.0,65.6022247478108,39.12799918096425,39.32288093105749,24851.98637142779,24797.64402316546,23.95914339882555
2025-06-16 06:05:00+00:00,24903.19921875,24907.349609375,24892.150390625,24892.25,0.0,67.45437087356946,38.42886311899929,39.14407736864585,24856.863785458478,24801.78344260015,23.333434495338008
2025-06-16 06:10:00+00:00,24908.849609375,24912.80078125,24896.05078125,24903.44921875,0.0,68.4258941786184,37.893914594740636,38.89404481386481,24861.81481630767,24805.982115807008,22.863189174242432
2025-06-16 06:15:00+00:00,24917.099609375,24922.400390625,24903.44921875,24909.349609375,0.0,69.84146297675764,37.7010755561314,38.65545096231813,24867.080034695035,24810.33966457438,22.583759367153686
2025-06-16 06:20:00+00:00,24902.150390625,24925.05078125,24901.19921875,24917.44921875,0.0,64.2227356818872,35.92781868194288,38.109924506243075,24870.420068593125,24813.94008520382,22.674316733785563
2025-06-16 06:25:00+00:00,24892.19921875,24903.25,24890.099609375,24901.849609375,0.0,60.72084300317912,33.33525535535955,37.154990676066376,24872.49427336997,24817.009070833083,21.994036297443735
2025-06-16 06:30:00+00:00,24893.75,24901.849609375,24889.599609375,24892.25,0.0,61.07703238879582,31.047864867516182,35.93356551435634,24874.518628287115,24820.018519035704,21.298033704769182
2025-06-16 06:35:00+00:00,24894.55078125,24899.0,24891.349609375,24892.80078125,0.0,61.27232610308401,28.9658079768451,34.54001400685409,24876.42645237882,24822.94135284803,20.32320205621424
2025-06-16 06:40:00+00:00,24916.900390625,24918.05078125,24892.75,24895.349609375,0.0,66.34739287398259,28.787346967324993,33.389480598948275,24880.281113164172,24826.626020996147,20.678743427198935
2025-06-16 06:45:00+00:00,24898.55078125,24918.55078125,24897.19921875,24917.30078125,0.0,59.45812420849263,26.855679651118407,32.082720409382304,24882.021081553296,24829.446599829633,20.72680193239901
2025-06-16 06:50:00+00:00,24900.349609375,24903.55078125,24894.80078125,24897.69921875,0.0,59.89773234308222,25.17971371646854,30.702119070799554,24883.766655631553,24832.227110007883,19.871316080084796
2025-06-16 06:55:00+00:00,24893.0,24902.0,24891.650390625,24899.75,0.0,57.17007438367586,22.99339306292677,29.160373869224998,24884.64602176188,24834.610360595812,19.19119417257874
2025-06-16 07:00:00+00:00,24937.55078125,24942.599609375,24892.0,24892.0,0.0,66.98464407464371,24.572339282367466,28.242766951853493,24889.684570284557,24838.647239837155,21.434652401323117
2025-06-16 07:05:00+00:00,24949.599609375,24951.5,24922.80078125,24936.19921875,0.0,69.05028471519702,26.490538828569697,27.892321327196736,24895.390764483647,24842.998313152366,21.95354999765718
2025-06-16 07:10:00+00:00,24940.599609375,24952.69921875,24939.25,24949.349609375,0.0,65.74155608766895,26.973566520566237,27.708570365870635,24899.69636875901,24846.82581496502,21.346097765681666
2025-06-16 07:15:00+00:00,24934.19921875,24948.150390625,24930.0,24941.25,0.0,63.4143653479896,26.53404347702235,27.47366498810098,24902.982354472435,24850.252222956588,21.117832969918688
2025-06-16 07:20:00+00:00,24927.900390625,24936.30078125,24921.150390625,24933.94921875,0.0,61.12126889127934,25.38483493462263,27.055898977405313,24905.35550077268,24853.29724913966,20.691587088138782
2025-06-16 07:25:00+00:00,24921.5,24928.349609375,24915.30078125,24926.150390625,0.0,58.79476008271836,23.684599531778076,26.38163908827987,24906.893072127663,24855.97186682046,20.14567573362887
2025-06-16 07:30:00+00:00,24928.400390625,24932.30078125,24922.0,24922.0,0.0,60.53871572436375,22.63305481266798,25.631922233157493,24908.94138817503,24858.812201087305,19.47818327051252
2025-06-16 07:35:00+00:00,24937.400390625,24941.05078125,24924.099609375,24928.0,0.0,62.752973177241266,22.26921715737626,24.959381218001248,24911.65176936074,24861.8940908731,19.29768245654734
2025-06-16 07:40:00+00:00,24934.400390625,24941.69921875,24929.150390625,24936.5,0.0,61.51390941095609,21.491062673518172,24.265717509104633,24913.81830471924,24864.737475177095,18.815621432865385
2025-06-16 07:45:00+00:00,24933.349609375,24938.75,24929.599609375,24934.349609375,0.0,61.059145684104244,20.55266207877503,23.523106423038715,24915.67842897217,24867.428147106428,18.125247803732144
2025-06-16 07:50:00+00:00,24933.849609375,24942.349609375,24932.19921875,24933.19921875,0.0,61.206112121796,19.623115606213105,22.743108259673594,24917.409017581962,24870.032910332648,17.55561514810842
2025-06-16 07:55:00+00:00,24941.30078125,24947.94921875,24930.44921875,24932.19921875,0.0,63.4216350135418,19.265608683479513,22.04760834443478,24919.684423645587,24872.827728799995,17.55164263752925
2025-06-16 08:00:00+00:00,24940.25,24946.80078125,24933.69921875,24941.099609375,0.0,62.87628886203508,18.682136565283145,21.374513988604456,24921.643049965056,24875.47173943529,17.233779770562872
2025-06-16 08:05:00+00:00,24952.099609375,24953.400390625,24939.69921875,24940.349609375,0.0,66.3864393836113,18.957366433474817,20.891084477578527,24924.543674670764,24878.47675394273,16.981450635165523
2025-06-16 08:10:00+00:00,24947.900390625,24966.30078125,24947.55078125,24951.44921875,0.0,64.07433410479001,18.62198359307513,20.43726430067785,24926.768123809263,24881.1992494989,17.107775589796557
2025-06-16 08:15:00+00:00,24942.0,24951.650390625,24941.5,24947.599609375,0.0,60.866558890051586,17.676316490560566,19.885074738654392,24928.21877868457,24883.583592655807,16.61081952088252
2025-06-16 08:20:00+00:00,24935.69921875,24943.75,24927.650390625,24941.650390625,0.0,57.553061897533496,16.23134328784363,19.15432844849224,24928.931201547945,24885.627342698717,16.574304510462337
2025-06-16 08:25:00+00:00,24937.900390625,24945.80078125,24933.25,24935.599609375,0.0,58.40497146218752,15.08986126106538,18.34143501100687,24929.785410031476,24887.677266146806,16.286909991857886
2025-06-16 08:30:00+00:00,24949.0,24952.349609375,24938.80078125,24938.80078125,0.0,62.49286384916533,14.909012429419818,17.65495049468946,24931.615370980857,24890.082079239088,16.15564633172518
2025-06-16 08:35:00+00:00,24960.44921875,24963.900390625,24949.099609375,24949.150390625,0.0,66.18455971955538,15.510746465261036,17.226109688803774,24934.361451720775,24892.841574906182,16.065985209816237
2025-06-16 08:40:00+00:00,24961.5,24965.849609375,24955.0,24959.900390625,0.0,66.51035419087705,15.889252872653742,16.95873832557377,24936.946075366417,24895.534062164763,15.693386935900792
2025-06-16 08:45:00+00:00,24959.25,24965.75,24957.19921875,24961.650390625,0.0,65.06481539311889,15.825242190443532,16.732039098547723,24939.07025866485,24898.032726393598,15.183200815479307
2025-06-16 08:50:00+00:00,24948.599609375,24961.400390625,24947.25,24959.599609375,0.0,58.575159442593105,14.74514292015374,16.33465986286893,24939.977815875343,24900.015741412477,15.1094286590165
2025-06-16 08:55:00+00:00,24941.400390625,24954.75,24939.25,24948.55078125,0.0,54.61007227463213,13.156578828959027,15.69904365608695,24940.113299184835,24901.638668832577,15.137326611943893
2025-06-16 09:00:00+00:00,24939.349609375,24946.5,24935.5,24941.5,0.0,53.4990970764465,11.598449725272076,14.878924869923976,24940.040566821994,24903.117529246007,14.841803282519328
2025-06-16 09:05:00+00:00,24931.5,24942.849609375,24928.5,24940.5,0.0,49.35987212965946,9.619337574513338,13.82700741084185,24939.227179505615,24904.23056731479,14.806646574839375
2025-06-16 09:10:00+00:00,24936.69921875,24940.400390625,24929.900390625,24931.400390625,0.0,52.008446159279345,8.373881543873722,12.736382237448224,24938.986421338413,24905.50384776323,14.499028962350849
2025-06-16 09:15:00+00:00,24939.19921875,24941.349609375,24929.94921875,24935.849609375,0.0,53.27394865622432,7.502098254408338,11.689525440840248,24939.006687758563,24906.82523486075,14.277697652540073
2025-06-16 09:20:00+00:00,24935.30078125,24939.69921875,24929.25,24938.30078125,0.0,51.01487559130534,6.4225966942358355,10.636139691519364,24938.653744281557,24907.941922954444,14.004234873787212
2025-06-16 09:25:00+00:00,24942.44921875,24944.69921875,24932.19921875,24935.80078125,0.0,54.79983029821618,6.0738871049907175,9.723689174213636,24939.01521804046,24909.295150240545,13.896789525659553
2025-06-16 09:30:00+00:00,24943.400390625,24949.599609375,24934.349609375,24944.150390625,0.0,55.29480953329288,5.807340458373801,8.940419431045669,24939.4328535247,24910.63261064778,13.99344741668387
2025-06-16 09:35:00+00:00,24945.05078125,24948.30078125,24939.5,24944.05078125,0.0,56.19124748066466,5.663982190133538,8.285131982863243,24939.967894260444,24911.98234282826,13.622542690492164
2025-06-16 09:40:00+00:00,24950.69921875,24952.19921875,24941.900390625,24944.69921875,0.0,59.20621442384554,5.9377052598538285,7.81564663826136,24940.989925164213,24913.50065168794,13.385134507242723
2025-06-16 09:45:00+00:00,24955.19921875,24957.94921875,24947.30078125,24951.55078125,0.0,61.48062946722216,6.443468858524284,7.5412110823139455,24942.343191220003,24915.135889611942,13.189656149582529
2025-06-16 09:50:00+00:00,24937.80078125,24955.5,24937.150390625,24955.19921875,0.0,49.89726181075682,5.378383001549082,7.108645466160973,24941.91058074667,24916.02470889187,13.558224237112347
2025-06-16 09:55:00+00:00,24940.94921875,24953.94921875,24936.44921875,24939.349609375,0.0,51.67172637041515,4.733779318714369,6.633672236671653,24941.819022461274,24917.00214065101,13.839779648747179
2025-06-17 03:45:00+00:00,24896.400390625,24975.80078125,24892.80078125,24966.30078125,0.0,33.56016621338517,0.6210490692719759,5.431147603191717,24937.493438476868,24916.194228885284,18.77979538812238
2025-06-17 03:50:00+00:00,24889.5,24907.599609375,24868.94921875,24896.05078125,0.0,31.70633169176884,-3.158711478801706,3.7131757867930326,24932.922634812407,24915.14739637998,20.199123619327924
2025-06-17 03:55:00+00:00,24882.599609375,24897.30078125,24872.900390625,24889.44921875,0.0,29.926080112490965,-6.634524134937237,1.6436358024469786,24928.12996572313,24913.871012575863,20.49921411973307
2025-06-17 04:00:00+00:00,24890.400390625,24912.69921875,24862.849609375,24882.69921875,0.0,34.40965475645733,-8.659847522114433,-0.4170608624653036,24924.53667285664,24912.950596028768,22.595670923680707
2025-06-17 04:05:00+00:00,24899.25,24917.150390625,24883.099609375,24890.30078125,0.0,39.16510294790159,-9.441999883605604,-2.2220486666933636,24922.128418298864,24912.41331775313,23.413893089846372
2025-06-17 04:10:00+00:00,24880.400390625,24900.650390625,24863.5,24898.5,0.0,33.58039711415137,-11.450868722284213,-4.067812677811533,24918.154320425165,24911.157908846144,24.395071485214487
2025-06-17 04:15:00+00:00,24868.75,24884.75,24865.099609375,24880.900390625,0.0,30.6694774370483,-13.823650469428685,-6.018980236134963,24913.449147051342,24909.494853597276,24.05616570948488
2025-06-17 04:20:00+00:00,24858.0,24883.400390625,24857.94921875,24868.650390625,0.0,28.237171260782347,-16.382682887055125,-8.091720766318996,24908.168275903598,24907.475447573855,24.155809007021674
2025-06-17 04:25:00+00:00,24874.400390625,24875.099609375,24859.25,24859.25,0.0,36.50989165085425,-16.892632305287407,-9.851903074112679,24904.952286829444,24906.178386517036,23.651794747591556
2025-06-17 04:30:00+00:00,24859.900390625,24877.349609375,24851.25,24874.349609375,0.0,32.898883645538874,-18.25635185170904,-11.532792829631951,24900.661630048067,24904.363563148723,23.826638649549302
2025-06-17 04:35:00+00:00,24856.55078125,24867.349609375,24854.05078125,24860.150390625,0.0,32.108835945959214,-19.38394880429405,-13.103024024564373,24896.4605968292,24902.488552093873,23.074652183510068
2025-06-17 04:40:00+00:00,24851.69921875,24856.349609375,24846.80078125,24856.25,0.0,30.94952923604744,-20.433513239462627,-14.569121867544023,24892.197608440707,24900.49681353137,22.12289131325935
2025-06-17 04:45:00+00:00,24880.849609375,24881.30078125,24850.25,24851.75,0.0,44.02641533231044,-18.697573721554363,-15.394812238346091,24891.116846624926,24899.726334937004,22.760597737312253
2025-06-17 04:50:00+00:00,24877.650390625,24881.099609375,24870.94921875,24880.69921875,0.0,43.06253844808108,-17.379637717818696,-15.791777334240614,24889.834327005887,24898.86061163065,21.859868657861377
2025-06-17 04:55:00+00:00,24872.25,24884.30078125,24867.5,24878.150390625,0.0,41.414283776057545,-16.57980861696342,-15.949383590785176,24888.1596291958,24897.81705823337,21.498505271585564
2025-06-17 05:00:00+00:00,24890.349609375,24891.80078125,24868.30078125,24871.849609375,0.0,48.525523765837754,-14.320374714679929,-15.623581815564128,24888.368198736676,24897.524217101673,21.641469180758026
2025-06-17 05:05:00+00:00,24896.900390625,24908.400390625,24887.650390625,24890.05078125,0.0,50.850820811086436,-11.86439836999125,-14.871745126449554,24889.180788440324,24897.499753318276,21.57779281070388
2025-06-17 05:10:00+00:00,24900.44921875,24904.25,24893.55078125,24897.150390625,0.0,52.112885808346206,-9.521896159818425,-13.801775333123327,24890.25397227934,24897.615418629324,20.800751806367888
2025-06-17 05:15:00+00:00,24873.349609375,24901.30078125,24873.349609375,24900.69921875,0.0,43.02696557856878,-9.73988296911557,-12.989396860321776,24888.64403295512,24896.66381826641,21.311496096984467
2025-06-17 05:20:00+00:00,24875.75,24881.80078125,24870.400390625,24874.44921875,0.0,43.959002734049456,-9.608190385584749,-12.31315556537437,24887.416029816537,24895.843668530473,20.60355999184272
2025-06-17 05:25:00+00:00,24875.849609375,24877.30078125,24869.80078125,24875.400390625,0.0,43.99994343906467,-9.387571341387229,-11.728038720576942,24886.314465964962,24895.059587779277,19.66759142099681
2025-06-17 05:30:00+00:00,24871.5,24877.400390625,24868.44921875,24875.80078125,0.0,42.538550926395246,-9.454718178934854,-11.273374612248526,24884.903564444492,24894.13568237617,18.902132881997037
2025-06-17 05:35:00+00:00,24872.400390625,24879.25,24869.75,24871.19921875,0.0,42.960881919296696,-9.327753991216014,-10.884250488042024,24883.712785985495,24893.283317993773,18.230551961854392
2025-06-17 05:40:00+00:00,24878.80078125,24878.849609375,24866.69921875,24872.5,0.0,45.99922341076449,-8.611408962475252,-10.42968218292867,24883.244976010687,24892.71537537637,17.79625472350765
2025-06-17 05:45:00+00:00,24870.55078125,24882.650390625,24868.650390625,24878.80078125,0.0,42.832097859679166,-8.610153923291364,-10.065776531001209,24882.0360050811,24891.84617560671,17.525093671828532
2025-06-17 05:50:00+00:00,24884.900390625,24889.400390625,24869.75,24870.80078125,0.0,49.362738740475336,-7.366351034488616,-9.52589143169869,24882.308803704327,24891.57379188194,17.676900597055067
2025-06-17 05:55:00+00:00,24889.94921875,24890.69921875,24879.349609375,24884.30078125,0.0,51.46364139039771,-5.905159051413648,-8.801744955641682,24883.036462280106,24891.510083131667,17.224951224051132
2025-06-17 06:00:00+00:00,24891.69921875,24893.599609375,24885.599609375,24890.19921875,0.0,52.20386115985041,-4.553454118224181,-7.952086788158183,24883.86148670581,24891.51750021474,16.56602613661891
2025-06-17 06:05:00+00:00,24892.69921875,24894.599609375,24883.44921875,24891.75,0.0,52.648263192683615,-3.3627627418645716,-7.0342219788994615,24884.703175471925,24891.563842118085,16.17919502864613
2025-06-17 06:10:00+00:00,24894.94921875,24899.849609375,24891.5,24892.650390625,0.0,53.691566336378415,-2.2120756208823877,-6.069792707296047,24885.678989117456,24891.696601986005,15.61993891052855
2025-06-17 06:15:00+00:00,24885.900390625,24896.599609375,24885.19921875,24894.55078125,0.0,49.014301852977255,-2.0071751272807887,-5.257269191292996,24885.700074975317,24891.46929957969,15.318542604419367
2025-06-17 06:20:00+00:00,24872.44921875,24886.900390625,24871.44921875,24886.19921875,0.0,43.01551479751251,-2.896794717740704,-4.785174296582538,24884.438088668143,24890.723414056956,15.328016123746554
2025-06-17 06:25:00+00:00,24867.25,24876.75,24864.650390625,24871.80078125,0.0,40.93031185200451,-3.975530710631574,-4.623245579392345,24882.801127842606,24889.802888015507,15.09741564169323
2025-06-17 06:30:00+00:00,24863.30078125,24868.19921875,24859.900390625,24866.650390625,0.0,39.369187700477916,-5.090426437702263,-4.716681751054328,24880.943951976642,24888.76358971098,14.611802247643713
2025-06-17 06:35:00+00:00,24868.599609375,24869.80078125,24859.900390625,24863.099609375,0.0,42.536133006569855,-5.483211143382505,-4.869987629519963,24879.768300300293,24887.97284538408,14.275272846026306
2025-06-17 06:40:00+00:00,24855.69921875,24872.650390625,24854.0,24868.099609375,0.0,37.4125663780299,-6.757552701754321,-5.247500643966835,24877.476006819314,24886.707212967056,14.587781258810141
2025-06-17 06:45:00+00:00,24859.55078125,24862.400390625,24851.650390625,24855.05078125,0.0,39.74612200887714,-7.371712154024863,-5.672342945978441,24875.76884247938,24885.642254860504,14.31365402603799
2025-06-17 06:50:00+00:00,24856.5,24862.30078125,24855.0,24859.25,0.0,38.52097805085222,-8.012250261599547,-6.1403244091026625,24873.933714624203,24884.499421336564,13.812734542035276
2025-06-17 06:55:00+00:00,24857.849609375,24859.19921875,24846.80078125,24856.5,0.0,39.41073168462735,-8.315127515259519,-6.575285030334035,24872.40189507666,24883.454330671404,13.711713324747041
2025-06-17 07:00:00+00:00,24852.849609375,24862.0,24850.849609375,24857.400390625,0.0,37.25931614381156,-8.856525619808963,-7.031533148229021,24870.539772628883,24882.25414552253,13.528761703336539
2025-06-17 07:05:00+00:00,24850.599609375,24858.94921875,24848.900390625,24853.05078125,0.0,36.29902707445689,-9.359256036535953,-7.497077725890407,24868.640709461844,24881.012791163805,13.280195019169643
2025-06-17 07:10:00+00:00,24844.099609375,24864.05078125,24841.69921875,24851.099609375,0.0,33.60451427924451,-10.16499347372519,-8.030660875457365,24866.303461834526,24879.565215407383,13.928149839228954
2025-06-17 07:15:00+00:00,24840.25,24849.94921875,24838.05078125,24843.400390625,0.0,32.08543250428805,-10.987520208294882,-8.622032742024869,24863.822179755047,24878.023442254154,13.783170386426887
2025-06-17 07:20:00+00:00,24820.900390625,24841.599609375,24820.900390625,24840.099609375,0.0,25.777762423261734,-13.050294663200475,-9.507685126259991,24859.73439031409,24875.783322582425,14.277173840967823
2025-06-17 07:25:00+00:00,24827.900390625,24831.650390625,24814.0,24822.19921875,0.0,31.058022675807152,-13.959302630282764,-10.398008627064545,24856.702580819892,24873.905560544878,14.518117896970121
2025-06-17 07:30:00+00:00,24826.5,24830.25,24821.05078125,24827.900390625,0.0,30.589182314891247,-14.624120060274436,-11.243230913706524,24853.82614455133,24872.046518954885,14.138196529329397
2025-06-17 07:35:00+00:00,24835.19921875,24838.55078125,24823.55078125,24826.400390625,0.0,36.9558438879531,-14.284377006162686,-11.851460132197758,24852.05215161787,24870.60152678999,14.199753920091583
2025-06-17 07:40:00+00:00,24839.44921875,24841.400390625,24833.0,24835.0,0.0,39.85822352490877,-13.51638028848538,-12.184444163455282,24850.85187229712,24869.37986765117,13.7855136847279
2025-06-17 07:45:00+00:00,24841.650390625,24843.75,24837.0,24839.80078125,0.0,41.36387465872595,-12.585048576191184,-12.264565046002463,24849.9755407093,24868.292437179556,13.28297699296162
2025-06-17 07:50:00+00:00,24837.30078125,24841.75,24830.599609375,24841.55078125,0.0,39.2716503663458,-12.058930762268574,-12.223438189255686,24848.768420760796,24867.077078123493,13.130649395250076
2025-06-17 07:55:00+00:00,24839.19921875,24846.150390625,24837.099609375,24837.099609375,0.0,40.68192852866038,-11.357864175719442,-12.050323386548438,24847.85706818834,24865.983828736298,12.839230242017928
2025-06-17 08:00:00+00:00,24848.650390625,24852.69921875,24838.349609375,24839.55078125,0.0,47.2496225884284,-9.925221496228914,-11.625303008484533,24847.932622706117,24865.30408606527,12.947114465802361
2025-06-17 08:05:00+00:00,24851.0,24852.5,24846.25,24849.150390625,0.0,48.76827898911287,-8.502239486697363,-11.0006903041271,24848.224753876962,24864.74314151369,12.468749146816478
2025-06-17 08:10:00+00:00,24849.19921875,24852.05078125,24846.099609375,24850.5,0.0,47.63634178756635,-7.434127989352419,-10.287377841172162,24848.317560055348,24864.13357591511,12.003207913115302
2025-06-17 08:15:00+00:00,24844.75,24850.0,24839.55078125,24848.94921875,0.0,44.86554104681104,-6.867492522891553,-9.603400777516041,24847.97779243103,24863.373435683145,11.892208687178496
2025-06-17 08:20:00+00:00,24852.80078125,24856.94921875,24841.94921875,24845.44921875,0.0,50.47859017766819,-5.7030577697041736,-8.823332175953668,24848.437124699503,24862.958821783806,12.114193780951458
2025-06-17 08:25:00+00:00,24849.19921875,24854.80078125,24845.75,24852.650390625,0.0,48.11851646106181,-5.013063358863292,-8.061278412535593,24848.509705085264,24862.41922950797,11.895378600169211
2025-06-17 08:30:00+00:00,24850.80078125,24855.150390625,24845.599609375,24849.150390625,0.0,49.254708448998244,-4.287580548556434,-7.306538839739761,24848.727902815237,24861.96360408609,11.727907360871411
2025-06-17 08:35:00+00:00,24862.94921875,24863.849609375,24847.0,24850.900390625,0.0,56.95524207683479,-2.701214893204451,-6.385474050432699,24850.08231385664,24862.00225564154,12.093743219023454
2025-06-17 08:40:00+00:00,24862.349609375,24866.25,24860.150390625,24862.19921875,0.0,56.499517466141526,-1.475384829685936,-5.403456206283347,24851.250627715533,24862.015877356574,11.665590801593208
2025-06-17 08:45:00+00:00,24865.44921875,24867.30078125,24857.75,24862.25,0.0,58.354582892544165,-0.25090087160788244,-4.372945139348254,24852.60287448072,24862.150518195533,11.514532976479407
2025-06-17 08:50:00+00:00,24865.55078125,24868.30078125,24857.900390625,24865.30078125,0.0,58.417156391749664,0.7194137778424192,-3.3544733559101196,24853.836008458748,24862.283861844728,11.434951379945163
2025-06-17 08:55:00+00:00,24861.05078125,24869.25,24859.0,24865.0,0.0,54.5091400516715,1.112459001451498,-2.461086884437796,24854.523129676963,24862.235505742974,11.350311995663365
2025-06-17 09:00:00+00:00,24861.5,24867.80078125,24859.69921875,24861.25,0.0,54.83397138009269,1.4435579344644793,-1.6801579206573414,24855.187593517254,24862.206662380508,11.11825846025884
2025-06-17 09:05:00+00:00,24838.44921875,24863.599609375,24836.75,24861.69921875,0.0,39.31905880889392,-0.15229363294201903,-1.3745850631142769,24853.59346258704,24861.27499792441,12.24192638274035
2025-06-17 09:10:00+00:00,24852.0,24853.44921875,24837.69921875,24837.69921875,0.0,48.537435026970456,-0.319895147196803,-1.163647079930782,24853.441704245415,24860.911272515612,12.49250306968747
2025-06-17 09:15:00+00:00,24854.55078125,24858.80078125,24850.80078125,24852.400390625,0.0,50.074932276925374,-0.2440802207966044,-0.9797337081039466,24853.547330626807,24860.66184148559,12.171609993281221
2025-06-17 09:20:00+00:00,24851.650390625,24861.80078125,24849.150390625,24853.849609375,0.0,48.307646591271606,-0.4132697132663452,-0.8664409091364264,24853.366669674255,24860.308451255765,12.205808609832562
2025-06-17 09:25:00+00:00,24852.05078125,24854.349609375,24843.05078125,24851.650390625,0.0,48.57745287795731,-0.5091759641909448,-0.7949879201473301,24853.241346967185,24859.98462105946,12.14102428948738
2025-06-17 09:30:00+00:00,24846.900390625,24867.099609375,24843.30078125,24852.30078125,0.0,45.301910448861165,-0.9893709859825321,-0.8338645333143706,24852.637446363166,24859.471513983597,12.973724563452567
2025-06-17 09:35:00+00:00,24861.0,24864.80078125,24841.400390625,24846.80078125,0.0,54.37234745151342,-0.22956211004930083,-0.7130040486613567,24853.433880042863,24859.53145461169,13.718486424991669
2025-06-17 09:40:00+00:00,24862.400390625,24867.349609375,24850.650390625,24861.25,0.0,55.16754561057534,0.4800579093825945,-0.4743916570525665,24854.287833431637,24859.64396190633,13.931395876777978
2025-06-17 09:45:00+00:00,24844.75,24868.44921875,24841.099609375,24859.5,0.0,44.61380698481205,-0.37745110427204054,-0.4550035464964613,24853.37946834291,24859.05988496883,14.889839698079552
2025-06-17 09:50:00+00:00,24847.400390625,24861.650390625,24841.599609375,24844.80078125,0.0,46.27581367213849,-0.833560041130113,-0.5307148454231917,24852.810032369776,24858.602649896522,15.258478380359582
2025-06-17 09:55:00+00:00,24841.5,24852.099609375,24833.849609375,24846.55078125,0.0,43.17004360233392,-1.6520975196835934,-0.7549913802752721,24851.732886429796,24857.931957743716,15.472158496048182
2025-06-18 03:45:00+00:00,24830.349609375,24837.44921875,24777.849609375,24789.349609375,0.0,37.98217394526194,-3.1640643402643036,-1.2368059722730784,24849.696383853152,24856.850297023375,18.91346079097331
2025-06-18 03:50:00+00:00,24879.75,24881.55078125,24829.80078125,24831.44921875,0.0,60.58269596177732,-0.37182411461981246,-1.0638096007424251,24852.558633009994,24857.748324591084,21.258927877332358
2025-06-18 03:55:00+00:00,24897.19921875,24900.05078125,24872.599609375,24880.25,0.0,65.38157229703808,3.212026265755412,-0.20864242744285777,24856.810117366185,24859.295418479673,21.701231020022902
2025-06-18 04:00:00+00:00,24914.400390625,24924.55078125,24893.80078125,24897.05078125,0.0,69.34378597030774,7.355455217435519,1.3041771015328179,24862.294905295596,24861.45639777949,22.347571661449837
2025-06-18 04:05:00+00:00,24935.44921875,24944.349609375,24914.400390625,24915.25,0.0,73.36162755765235,12.197017406444502,3.482745162515155,24869.261982767443,24864.358077033237,22.890546453489133
2025-06-18 04:10:00+00:00,24937.80078125,24939.69921875,24929.400390625,24934.400390625,0.0,73.77515141194912,16.038855817700096,5.993967293552144,24875.789487384827,24867.238183080954,21.991138001454196
2025-06-18 04:15:00+00:00,24927.150390625,24947.400390625,24922.94921875,24937.0,0.0,68.58238087128902,18.016460382728837,8.398465911387483,24880.68100197913,24869.587681416015,22.166854706707465
2025-06-18 04:20:00+00:00,24916.80078125,24933.55078125,24912.599609375,24927.75,0.0,63.87718308531683,18.534940016208566,10.4257607323517,24884.12098095731,24871.439175527154,22.080020218728357
2025-06-18 04:25:00+00:00,24902.25,24917.75,24902.25,24916.599609375,0.0,57.86630255467425,17.569185783002467,11.854445742481854,24885.84755419947,24872.647443153543,21.610018774533476
2025-06-18 04:30:00+00:00,24914.55078125,24917.099609375,24901.650390625,24902.75,0.0,61.1910263001536,17.593580990225746,13.002272792030633,24888.581194870952,24874.29071131419,21.16996162992394
2025-06-18 04:35:00+00:00,24909.30078125,24923.650390625,24909.30078125,24914.19921875,0.0,59.049356781815966,16.993393976052175,13.800497028834942,24890.554488811817,24875.663655233242,20.682793611715088
2025-06-18 04:40:00+00:00,24916.94921875,24916.94921875,24901.650390625,24908.69921875,0.0,61.18096578882255,16.939636839862942,14.428324991040542,24893.068272615452,24877.282696939783,20.298224648378294
2025-06-18 04:45:00+00:00,24916.900390625,24928.849609375,24908.0,24917.25,0.0,61.15907861122765,16.70058000991412,14.882775994815258,24895.33799814017,24878.836331986262,20.33760927170842
2025-06-18 04:50:00+00:00,24878.69921875,24918.400390625,24878.099609375,24917.349609375,0.0,46.994296272142485,13.275577842465282,14.561336364345262,24893.753352483964,24878.830954996603,21.763550127300675
2025-06-18 04:55:00+00:00,24882.75,24888.25,24874.19921875,24878.0,0.0,48.360078121273745,10.764022194551217,13.801873530386453,24892.70541415216,24878.984643035954,21.21263806463634
2025-06-18 05:00:00+00:00,24854.349609375,24884.80078125,24854.099609375,24882.150390625,0.0,40.483964493325935,6.408054019462725,12.32310962820171,24889.05248036386,24878.018563284542,21.89039047966232
2025-06-18 05:05:00+00:00,24873.44921875,24876.44921875,24842.44921875,24854.5,0.0,46.76339406487219,4.445847746734216,10.747657251908212,24887.56645544825,24877.839373302795,22.755362588257867
2025-06-18 05:10:00+00:00,24871.5,24879.80078125,24867.30078125,24874.599609375,0.0,46.22734330818957,2.7023484846686188,9.138595498460292,24886.036316834132,24877.590770428178,22.02283668909659
2025-06-18 05:15:00+00:00,24848.94921875,24872.0,24848.75,24871.75,0.0,40.450280122253204,-0.4933596805931302,7.212204462649608,24882.50421225469,24876.467572323156,22.110491211303977
2025-06-18 05:20:00+00:00,24831.5,24856.44921875,24830.0,24848.80078125,0.0,36.63518278029499,-4.383457776675641,4.8930720147845586,24877.646668230438,24874.704138114404,22.42040032121084
2025-06-18 05:25:00+00:00,24847.0,24847.349609375,24827.150390625,24831.55078125,0.0,41.879110939255796,-6.144834259055642,2.6854907600165183,24874.727937922777,24873.617701325606,22.26174449469578
2025-06-18 05:30:00+00:00,24839.05078125,24847.69921875,24836.849609375,24846.55078125,0.0,40.04859600756407,-8.088929189591,0.5306067700950148,24871.33011347775,24872.262135832447,21.446591986146082
2025-06-18 05:35:00+00:00,24836.650390625,24839.349609375,24826.0,24838.849609375,0.0,39.48732106971161,-9.711383111640316,-1.5177912062520516,24868.02728272987,24870.865596804702,20.868236085349935
2025-06-18 05:40:00+00:00,24837.94921875,24840.849609375,24829.19921875,24836.44921875,0.0,39.977502509194956,-10.768255215964018,-3.367884008194445,24865.16270520798,24869.574758449617,20.209818552467798
2025-06-18 05:45:00+00:00,24823.55078125,24837.80078125,24818.150390625,24837.80078125,0.0,36.45230212492468,-12.622167061617802,-5.218740618879116,24861.19966483103,24867.769896598653,20.180462093362955
2025-06-18 05:50:00+00:00,24814.05078125,24825.849609375,24811.900390625,24822.55078125,0.0,34.30301998870115,-14.68865449554869,-7.112723394213031,24856.70929496617,24865.663264624196,19.735373283122744
2025-06-18 05:55:00+00:00,24807.80078125,24813.80078125,24805.44921875,24813.599609375,0.0,32.927495695188426,-16.638880781440093,-9.017954871658445,24852.05134127892,24863.39414762913,18.940101084328262
2025-06-18 06:00:00+00:00,24773.099609375,24807.400390625,24770.150390625,24806.650390625,0.0,26.559478122778543,-20.74540362472908,-11.36344462227257,24844.53212871664,24859.853185344655,20.276550337233385
2025-06-18 06:05:00+00:00,24798.75,24799.150390625,24767.19921875,24771.55078125,0.0,36.3572830504292,-21.680164963494462,-13.42678869051695,24840.171925981722,24857.456981997806,21.110451875645285
2025-06-18 06:10:00+00:00,24804.75,24807.349609375,24794.099609375,24798.75,0.0,38.42660509381707,-21.68682795012137,-15.078796542437836,24836.798409221556,24855.390041527306,20.548991027384908
2025-06-18 06:15:00+00:00,24802.30078125,24806.849609375,24799.599609375,24805.75,0.0,37.88509228916431,-21.64028417382724,-16.391094068715717,24833.512920843314,24853.308109751724,19.599063096857414
2025-06-18 06:20:00+00:00,24788.900390625,24801.75,24787.75,24801.75,0.0,34.98054870920423,-22.426182357085054,-17.598111726389583,24829.26410844157,24850.782316844798,19.238471536367598
2025-06-18 06:25:00+00:00,24779.44921875,24790.400390625,24776.80078125,24788.94921875,0.0,33.05564893681324,-23.540285158989718,-18.78654641290961,24824.51983323285,24847.984940448925,18.83569566769848
2025-06-18 06:30:00+00:00,24800.30078125,24800.30078125,24778.5,24779.05078125,0.0,40.79615007768809,-22.48151985952427,-19.52554110223254,24822.21325685353,24846.114973421514,19.047487495005733
2025-06-18 06:35:00+00:00,24820.25,24821.75,24797.75,24800.19921875,0.0,47.09840389742545,-19.804412560974015,-19.581315393980837,24822.026280010337,24845.100660738317,19.40123838821961
2025-06-18 06:40:00+00:00,24816.349609375,24820.650390625,24811.19921875,24819.30078125,0.0,46.065898380079894,-17.792414783638378,-19.223535271912347,24821.485644711734,24843.97316852799,18.69051935156107
2025-06-18 06:45:00+00:00,24813.0,24817.5,24809.25,24815.80078125,0.0,45.15048066557081,-16.28050599331982,-18.63492941619384,24820.67748807252,24842.75853446807,17.944767969306707
2025-06-18 06:50:00+00:00,24795.44921875,24814.349609375,24789.25,24812.5,0.0,40.59815769080961,-16.31049155938308,-18.17004184483169,24818.274795756093,24840.903267185007,18.45582806971337
2025-06-18 06:55:00+00:00,24791.44921875,24797.150390625,24780.900390625,24795.19921875,0.0,39.61774557755243,-16.46719829565336,-17.829473134996025,24815.71997889837,24838.963892736574,18.2982689218767
2025-06-18 07:00:00+00:00,24787.05078125,24793.80078125,24783.19921875,24791.05078125,0.0,38.51628279749274,-16.753186356312654,-17.61421577925935,24812.989579122335,24836.92808444298,17.748504177456937
2025-06-18 07:05:00+00:00,24793.44921875,24794.25,24786.5,24787.30078125,0.0,41.08244992595675,-16.275914906898834,-17.34655560478725,24811.12859242021,24835.223030886395,17.034325307638586
2025-06-18 07:10:00+00:00,24782.30078125,24793.25,24781.599609375,24792.75,0.0,38.09871712826501,-16.60583781796231,-17.19841204742226,24808.383086594476,24833.14764854771,16.66398845530726
2025-06-18 07:15:00+00:00,24765.80078125,24787.349609375,24760.650390625,24782.30078125,0.0,34.1459810913298,-17.99132342842131,-17.35699432362207,24804.32762894262,24830.506594928192,17.380790619213883
2025-06-18 07:20:00+00:00,24775.349609375,24780.25,24766.05078125,24766.099609375,0.0,38.14551576620689,-18.11005864683466,-17.50760718826459,24801.56781755523,24828.34357588689,17.171392628555747
2025-06-18 07:25:00+00:00,24775.400390625,24783.94921875,24770.19921875,24774.849609375,0.0,38.167023038454104,-17.99265145445679,-17.604616041503032,24799.075681657116,24826.26737254329,16.927007440801766
2025-06-18 07:30:00+00:00,24786.5,24794.30078125,24769.19921875,24775.400390625,0.0,42.84499287678128,-16.810182376906596,-17.445729308583747,24797.87799768977,24824.70786773767,17.510904230744497
2025-06-18 07:35:00+00:00,24790.400390625,24795.25,24785.900390625,24785.900390625,0.0,44.43579961615147,-15.381035187918314,-17.03279048445066,24797.165844635987,24823.36247647835,16.927954598191317
2025-06-18 07:40:00+00:00,24800.5,24803.30078125,24789.80078125,24791.30078125,0.0,48.437788099859034,-13.280383677309146,-16.282309123022358,24797.483383242085,24822.465908773316,16.68310069832051
2025-06-18 07:45:00+00:00,24793.80078125,24801.30078125,24789.69921875,24799.849609375,0.0,46.06761139167042,-12.017641298032686,-15.429375558024423,24797.132659242838,24821.341786125344,16.320133684154758
2025-06-18 07:50:00+00:00,24796.55078125,24803.80078125,24790.80078125,24793.150390625,0.0,47.20955578767901,-10.671986826539069,-14.477897811727354,24797.07724229114,24820.369589855723,16.082981278143702
2025-06-18 07:55:00+00:00,24801.900390625,24802.25,24793.94921875,24795.80078125,0.0,49.45176117637597,-9.069331585891632,-13.396184566560212,24797.536589751508,24819.645307532952,15.527109847562008
2025-06-18 08:00:00+00:00,24804.599609375,24808.05078125,24796.55078125,24800.900390625,0.0,50.592057023792094,-7.495013516032486,-12.215950356454666,24798.20925828708,24819.055280154207,15.239459144164721
2025-06-18 08:05:00+00:00,24802.150390625,24814.94921875,24801.80078125,24803.75,0.0,49.50087164707949,-6.371539446870884,-11.04706817453791,24798.584604224023,24818.392343309926,15.090100455295813
2025-06-18 08:10:00+00:00,24790.75,24809.900390625,24790.30078125,24802.150390625,0.0,44.67116935909012,-6.328147454543796,-10.103284030539088,24797.83845144078,24817.308329846794,15.412208235274685
2025-06-18 08:15:00+00:00,24778.0,24795.150390625,24778.0,24791.30078125,0.0,39.97376733457417,-7.239129255944135,-9.530453075620098,24795.949075113087,24815.76682671555,15.536364120255064
2025-06-18 08:20:00+00:00,24770.150390625,24780.349609375,24765.599609375,24778.75,0.0,37.36846453366895,-8.496543902270787,-9.323671240950237,24793.492057542793,24813.97794686886,15.480195254522558
2025-06-18 08:25:00+00:00,24779.599609375,24780.05078125,24766.55078125,24770.80078125,0.0,42.2480436898917,-8.631087284411478,-9.185154449642486,24792.168967241098,24812.629776771064,15.338752736342375
2025-06-18 08:30:00+00:00,24780.599609375,24782.400390625,24769.69921875,24781.05078125,0.0,42.756326688557614,-8.558366717319586,-9.059796903177906,24791.067123634803,24811.37369177514,15.150354103389349
2025-06-18 08:35:00+00:00,24777.05078125,24782.099609375,24773.19921875,24780.599609375,0.0,41.364961425472366,-8.686958069691173,-8.98522913648056,24789.732233883868,24810.02769528396,14.703928140647252
2025-06-18 08:40:00+00:00,24776.900390625,24782.75,24774.05078125,24777.05078125,0.0,41.30362063416131,-8.700706580009864,-8.928324625186422,24788.510153573498,24808.728585297333,14.27502032702959
2025-06-18 08:45:00+00:00,24766.099609375,24779.5,24765.849609375,24777.19921875,0.0,37.05381762533273,-9.473925637041248,-9.037444827557387,24786.375816030784,24807.05686075136,14.230403919741763
2025-06-18 08:50:00+00:00,24753.44921875,24770.25,24752.25,24766.25,0.0,32.79731924162343,-10.980907049106463,-9.426137271867201,24783.239949623094,24804.95460028072,14.499660782617351
2025-06-18 08:55:00+00:00,24766.19921875,24766.19921875,24750.900390625,24754.349609375,0.0,40.24749566743994,-11.019357932644198,-9.744781404022602,24781.617022873274,24803.43478139716,14.556744164216111
2025-06-18 09:00:00+00:00,24792.25,24794.30078125,24765.80078125,24765.80078125,0.0,51.964954073928624,-8.845781540174357,-9.564981431252953,24782.629687361536,24802.996162518844,15.552691009629246
2025-06-18 09:05:00+00:00,24785.849609375,24797.349609375,24785.349609375,24792.19921875,0.0,49.40171145799391,-7.552602917410695,-9.162505728484502,24782.936346600916,24802.323748670067,15.2989273660843
2025-06-18 09:10:00+00:00,24787.05078125,24792.599609375,24781.349609375,24787.0,0.0,49.901159368583244,-6.35753925521567,-8.601512433830736,24783.328197519877,24801.72480877124,15.009718268506848
2025-06-18 09:15:00+00:00,24807.849609375,24811.25,24783.900390625,24787.69921875,0.0,57.68913633410606,-3.689619450018654,-7.61913383706832,24785.663570077508,24801.964997030213,15.891139061827788
2025-06-18 09:20:00+00:00,24805.349609375,24812.94921875,24797.69921875,24808.0,0.0,56.55118287049804,-1.7567521445234888,-6.446657498559354,24787.538430962984,24802.097726926087,15.845343414554375
2025-06-18 09:25:00+00:00,24813.900390625,24819.650390625,24804.05078125,24805.900390625,0.0,59.494233861971175,0.459736153450649,-5.065378768157354,24790.049093787937,24802.56057648291,15.827790983157632
2025-06-18 09:30:00+00:00,24808.400390625,24829.650390625,24808.099609375,24823.900390625,0.0,56.82785023935587,1.752315462083061,-3.701839922109271,24791.796836343845,24802.789588802207,16.2365760022178
2025-06-18 09:35:00+00:00,24815.25,24816.05078125,24805.19921875,24808.19921875,0.0,59.275723525481126,3.291458227111434,-2.30318029226513,24794.030470977763,24803.27823237859,15.851932180630813
2025-06-18 09:40:00+00:00,24813.05078125,24819.099609375,24810.80078125,24816.55078125,0.0,58.13595315416213,4.284393561796605,-0.985665521452783,24795.84192909893,24803.661469589235,15.312424748085755
2025-06-18 09:45:00+00:00,24811.400390625,24816.0,24806.44921875,24813.25,0.0,57.246360108019665,4.881854260631371,0.18783843496404784,24797.323687339507,24803.964956688676,14.900878783936774
2025-06-18 09:50:00+00:00,24805.599609375,24823.30078125,24804.5,24810.75,0.0,54.11216576612943,4.8315761983431,1.1165859876398585,24798.111870390505,24804.02906071559,15.179443245798433
2025-06-18 09:55:00+00:00,24798.75,24809.150390625,24794.94921875,24805.19921875,0.0,50.59002326354017,4.190716271212295,1.7314120443543461,24798.172644639028,24803.822038726747,15.109566719312832
2025-06-19 03:45:00+00:00,24756.19921875,24813.94921875,24751.94921875,24802.349609375,0.0,35.24331653172703,0.2464962710837426,1.4344288897002255,24794.17517550674,24801.954477159034,18.45888338221906
2025-06-19 03:50:00+00:00,24809.75,24810.55078125,24738.55078125,24755.30078125,0.0,54.110485352557845,1.4253435357022681,1.432611818900634,24795.658492125145,24802.260183937113,22.2832488549177
2025-06-19 03:55:00+00:00,24816.05078125,24824.849609375,24804.900390625,24809.400390625,0.0,55.74430667871262,2.8353250132677204,1.7131544577740514,24797.60061489894,24802.800991674874,22.116532418852152
2025-06-19 04:00:00+00:00,24827.900390625,24834.69921875,24800.400390625,24816.30078125,0.0,58.72087524921933,4.8529679442581255,2.3411171550708665,24800.48630782523,24803.78528182978,22.986696397862712
2025-06-19 04:05:00+00:00,24831.25,24838.099609375,24819.0,24827.599609375,0.0,59.54910287705746,6.64564314866584,3.2020223537898613,24803.41618327045,24804.862329601165,22.709047324801087
2025-06-19 04:10:00+00:00,24839.599609375,24841.900390625,24826.349609375,24831.349609375,0.0,61.61648453848255,8.64049263902416,4.289716410836721,24806.862223851833,24806.224575866803,22.197742605172436
2025-06-19 04:15:00+00:00,24836.150390625,24862.400390625,24828.099609375,24840.69921875,0.0,60.246660620809266,9.82979040054488,5.397731208778353,24809.651573068324,24807.39813722987,23.062245365517263
2025-06-19 04:20:00+00:00,24825.44921875,24838.19921875,24817.900390625,24834.94921875,0.0,56.081044845626174,9.795901256144134,6.27736521825151,24811.156110752294,24808.106022779677,22.86485841976603
2025-06-19 04:25:00+00:00,24842.349609375,24847.900390625,24812.94921875,24825.44921875,0.0,60.702333336438045,11.005895038950257,7.22307118239126,24814.126920144932,24809.448908528513,23.728166523711312
2025-06-19 04:30:00+00:00,24821.80078125,24843.44921875,24816.599609375,24841.650390625,0.0,53.3515574276472,10.189249804239807,7.81630690676097,24814.8577640597,24809.93329569406,23.951126727374792
2025-06-19 04:35:00+00:00,24818.75,24826.349609375,24815.0,24821.55078125,0.0,52.33821689807622,9.189944067020406,8.091034338812857,24815.228453196873,24810.279048804096,23.051018345062307
2025-06-19 04:40:00+00:00,24833.19921875,24838.900390625,24819.69921875,24819.69921875,0.0,56.54779093775501,9.45492774507511,8.363813020065308,24816.939954678124,24811.177878998053,22.84383065077214
2025-06-19 04:45:00+00:00,24829.5,24839.5,24825.69921875,24832.400390625,0.0,55.20352556300388,9.259693202297058,8.542989056511658,24818.136149470683,24811.896393547147,22.19789855071699
2025-06-19 04:50:00+00:00,24832.69921875,24836.900390625,24827.55078125,24831.25,0.0,56.173859457445765,9.256416430005629,8.685674531210452,24819.523108449666,24812.71219061393,21.280163609594346
2025-06-19 04:55:00+00:00,24833.55078125,24838.349609375,24829.5,24832.55078125,0.0,56.44430485246758,9.216293842826417,8.791798393533645,24820.859077287794,24813.529390246717,20.39226687855189
2025-06-19 05:00:00+00:00,24800.05078125,24838.30078125,24799.099609375,24833.849609375,0.0,44.74620051911515,6.4074651053779235,8.314931735902501,24818.877334808007,24813.000817344888,21.735760092583895
2025-06-19 05:05:00+00:00,24816.900390625,24817.19921875,24796.44921875,24799.80078125,0.0,50.32294696947431,5.477924647486361,7.747530318219274,24818.689054409628,24813.153741787246,21.66534865739933
2025-06-19 05:10:00+00:00,24813.05078125,24818.099609375,24806.25,24815.349609375,0.0,49.10355536546741,4.380134371105669,7.074051128796554,24818.152076013474,24813.149704119118,20.964224422942237
2025-06-19 05:15:00+00:00,24816.0,24824.650390625,24810.75,24813.349609375,0.0,50.10112426618321,3.70539152640049,6.400319208317342,24817.947116393145,24813.261480428173,20.459664865946365
2025-06-19 05:20:00+00:00,24816.400390625,24821.44921875,24812.0,24816.80078125,0.0,50.24370638847689,3.1664601563206816,5.75354739791801,24817.79980917713,24813.3845749457,19.673204429093055
2025-06-19 05:25:00+00:00,24811.44921875,24824.25,24808.80078125,24819.30078125,0.0,48.401893728411316,2.313170185105264,5.06547195535546,24817.194991041215,24813.3086786243,19.371491166300693
2025-06-19 05:30:00+00:00,24811.150390625,24816.099609375,24808.900390625,24811.5,0.0,48.28684263665941,1.594439101554599,4.371265384595288,24816.619314811098,24813.224039879227,18.502043136564932
2025-06-19 05:35:00+00:00,24804.599609375,24812.400390625,24803.55078125,24811.349609375,0.0,45.72116555724897,0.49059101214879774,3.5951305101059905,24815.474580960043,24812.885826918275,17.812583582167438
2025-06-19 05:40:00+00:00,24814.55078125,24816.599609375,24802.44921875,24804.05078125,0.0,50.06197169233845,0.4139876613371598,2.9589019403522245,24815.386600035275,24812.951119245008,17.550998370941194
2025-06-19 05:45:00+00:00,24811.30078125,24815.650390625,24809.44921875,24814.30078125,0.0,48.6923690079296,0.08999372367543401,2.385120297016867,24814.997474436677,24812.88640010795,16.740296478373967
2025-06-19 05:50:00+00:00,24805.19921875,24813.0,24805.099609375,24811.099609375,0.0,46.14020513976594,-0.6516075804611319,1.7777747215212671,24814.064307228422,24812.58494201548,16.1088746317044
2025-06-19 05:55:00+00:00,24803.25,24808.30078125,24791.25,24804.5,0.0,45.32292715284033,-1.3807017494473257,1.1460794273275485,24813.03437320667,24812.21886585801,16.17615367586837
2025-06-19 06:00:00+00:00,24812.150390625,24816.44921875,24801.75,24804.55078125,0.0,49.70378123071792,-1.226192210913723,0.6716250996792943,24812.950184389367,24812.216180554755,16.07065832402063
2025-06-19 06:05:00+00:00,24800.94921875,24813.0,24795.05078125,24811.94921875,0.0,44.83510596545979,-1.9847048051015008,0.14035911872313522,24811.807235280856,24811.774338915355,16.204841211590587
2025-06-19 06:10:00+00:00,24799.5,24815.150390625,24797.599609375,24801.44921875,0.0,44.231425007221645,-2.67197052926349,-0.4221068108741898,24810.635117635058,24811.292992291223,16.30097978576269
2025-06-19 06:15:00+00:00,24803.80078125,24806.19921875,24798.19921875,24799.5,0.0,46.53222811810801,-2.836894509397098,-0.9050643505787714,24809.984228455527,24810.999180093528,15.708052658208212
2025-06-19 06:20:00+00:00,24805.5,24807.599609375,24799.80078125,24803.650390625,0.0,47.45461080553744,-2.798228958115942,-1.2836972720862057,24809.557159078813,24810.783525972212,15.143108048693339
2025-06-19 06:25:00+00:00,24804.69921875,24808.19921875,24802.80078125,24805.650390625,0.0,47.04274005263444,-2.799926771691389,-1.5869431720072424,24809.094498095117,24810.544925688988,14.447060152358102
2025-06-19 06:30:00+00:00,24806.0,24810.150390625,24797.75,24804.94921875,0.0,47.834764821105054,-2.665582944475318,-1.8026711265008575,24808.79978399082,24810.366693309028,14.300869471832524
2025-06-19 06:35:00+00:00,24815.900390625,24822.19921875,24804.75,24805.599609375,0.0,53.53125024313284,-1.74017604486653,-1.7901721101739922,24809.476032241695,24810.583701046908,14.5257515631302
2025-06-19 06:40:00+00:00,24811.80078125,24817.650390625,24808.30078125,24816.150390625,0.0,51.04549659993049,-1.322345449221757,-1.6966067779835452,24809.69743690915,24810.631429682322,14.1560271211209
2025-06-19 06:45:00+00:00,24807.5,24813.75,24807.099609375,24811.849609375,0.0,48.50106081421627,-1.3229980970827455,-1.6218850418033854,24809.488157203516,24810.50862851831,13.619910228540835
2025-06-19 06:50:00+00:00,24810.19921875,24813.099609375,24802.400390625,24808.5,0.0,50.179544660780905,-1.0931102360373188,-1.5161300806501723,24809.5558773508,24810.496494801904,13.411289408645061
2025-06-19 06:55:00+00:00,24804.94921875,24811.0,24801.55078125,24810.599609375,0.0,46.972752611251295,-1.3193449860882538,-1.4767730617377888,24809.117147960245,24810.278954564576,13.128284361598986
2025-06-19 07:00:00+00:00,24804.5,24807.349609375,24801.650390625,24805.650390625,0.0,46.69775851382638,-1.517394277598214,-1.484897304909874,24808.677419583077,24810.052328895377,12.597636817913344
2025-06-19 07:05:00+00:00,24795.05078125,24806.05078125,24794.05078125,24803.900390625,0.0,41.229954623872146,-2.409052690858516,-1.6697283820996025,24807.379644503737,24809.464032909284,12.554948473776676
2025-06-19 07:10:00+00:00,24792.599609375,24797.5,24786.80078125,24795.44921875,0.0,39.924042513921414,-3.2757269512112543,-1.9909280959219329,24805.972022110524,24808.80268296676,12.422396350649771
2025-06-19 07:15:00+00:00,24782.599609375,24793.69921875,24772.19921875,24792.650390625,0.0,35.04693771650149,-4.715135822414595,-2.5357696412204653,24803.746078040473,24807.77511145336,13.070796611317645
2025-06-19 07:20:00+00:00,24788.150390625,24791.599609375,24775.30078125,24782.80078125,0.0,39.46728629529798,-5.3463467092879,-3.0978850548339523,24802.260774477094,24807.005514558132,13.301370290866386
2025-06-19 07:25:00+00:00,24789.849609375,24792.599609375,24785.25,24788.25,0.0,40.79557032563406,-5.6444079117172805,-3.6071896262106184,24801.078758753083,24806.332733962714,12.876244511161644
2025-06-19 07:30:00+00:00,24787.80078125,24792.650390625,24781.94921875,24789.30078125,0.0,39.66537554656399,-5.977047189553559,-4.081161138879207,24799.814189467073,24805.60599071908,12.72088218000724
2025-06-19 07:35:00+00:00,24804.25,24807.69921875,24787.05078125,24787.349609375,0.0,51.324699328054415,-4.857359120171168,-4.236400735137599,24800.236647613066,24805.55281461245,13.287136131435295
2025-06-19 07:40:00+00:00,24794.55078125,24805.25,24789.05078125,24803.599609375,0.0,45.71497641067912,-4.698482964729919,-4.328817181056063,24799.69513653087,24805.121362323727,13.495142032761345
2025-06-19 07:45:00+00:00,24788.44921875,24795.599609375,24783.099609375,24794.400390625,0.0,42.56331580370168,-5.007197709437605,-4.464493286732372,24798.624096742216,24804.467552771817,13.42406045899268
2025-06-19 07:50:00+00:00,24787.5,24791.75,24784.44921875,24788.69921875,0.0,42.077312895152396,-5.267727307607856,-4.625140090907469,24797.564658957243,24803.802158545474,12.98668337263606
2025-06-19 07:55:00+00:00,24785.05078125,24793.900390625,24783.150390625,24788.19921875,0.0,40.78331985334618,-5.607194131731376,-4.821550899072251,24796.372861080363,24803.06681041624,12.826920274590629
2025-06-19 08:00:00+00:00,24789.94921875,24797.0,24780.55078125,24785.25,0.0,44.46197481834131,-5.418499972489371,-4.940940713755675,24795.761085620325,24802.552395056777,13.085655879977013
2025-06-19 08:05:00+00:00,24795.599609375,24797.55078125,24781.349609375,24790.75,0.0,48.440816132523054,-4.758169969125447,-4.90438656482963,24795.74570693029,24802.279736794746,13.308192736764369
2025-06-19 08:10:00+00:00,24789.19921875,24801.849609375,24785.650390625,24796.0,0.0,44.547643907992956,-4.697165714707808,-4.862942394805266,24795.1222318655,24801.766775302796,13.514694594852628
2025-06-19 08:15:00+00:00,24791.349609375,24794.849609375,24786.69921875,24789.0,0.0,46.11460704571739,-4.424300272188702,-4.775213970281953,24794.762934485454,24801.358258991902,13.131530025577442
2025-06-19 08:20:00+00:00,24799.0,24801.650390625,24789.25,24791.19921875,0.0,51.37862048320499,-3.549809858279332,-4.530133147881429,24795.166464534457,24801.265778247125,13.079305782679054
2025-06-19 08:25:00+00:00,24811.30078125,24811.650390625,24792.349609375,24799.25,0.0,58.41315932055728,-1.8429552193701966,-3.992697562179183,24796.703066126414,24801.659307776652,13.523696887487691
2025-06-19 08:30:00+00:00,24827.30078125,24836.400390625,24811.55078125,24811.80078125,0.0,65.42111452204517,0.7916796711651841,-3.03582211551031,24799.61713423342,24802.664855756,14.350547779452857
2025-06-19 08:35:00+00:00,24831.69921875,24842.0,24825.599609375,24827.150390625,0.0,67.06422368925054,3.197702822770225,-1.7891171278542028,24802.672570854047,24803.803458226354,14.496965125563367
2025-06-19 08:40:00+00:00,24832.400390625,24836.0,24824.349609375,24832.25,0.0,67.33072884712551,5.102256577465596,-0.4108423867902431,24805.503791784613,24804.924906555712,14.293638375523127
2025-06-19 08:45:00+00:00,24837.05078125,24841.650390625,24829.900390625,24833.30078125,0.0,69.11567631825741,6.907254280409688,1.0527769466497434,24808.508266971792,24806.18474477902,14.111949920128618
2025-06-19 08:50:00+00:00,24830.19921875,24849.849609375,24830.150390625,24836.55078125,0.0,63.601995649988034,7.696147731083329,2.3814511035364605,24810.57407190305,24807.126488856313,14.511040550833716
2025-06-19 08:55:00+00:00,24817.19921875,24832.55078125,24812.55078125,24830.25,0.0,54.68759261230108,7.189484221144085,3.3430577270579853,24811.20503826943,24807.521497871752,14.903109082917023
2025-06-19 09:00:00+00:00,24825.30078125,24829.69921875,24813.349609375,24816.650390625,0.0,58.583470573540794,7.3568726766498,4.145820716976348,24812.547489981866,24808.2187246709,15.006430532351521
2025-06-19 09:05:00+00:00,24822.0,24828.05078125,24816.400390625,24825.099609375,0.0,56.45379244723645,7.140868287926423,4.744830231166364,24813.447729031213,24808.759166840668,14.766713396112126
2025-06-19 09:10:00+00:00,24804.69921875,24823.5,24787.75,24822.150390625,0.0,46.84193436510718,5.510137361856323,4.897891657304355,24812.61453757586,24808.599953190052,16.265519582104115
2025-06-19 09:15:00+00:00,24806.75,24809.55078125,24801.599609375,24804.400390625,0.0,47.9727285952586,4.333300669215532,4.784973459686591,24812.056010187684,24808.52740600613,15.67163760302525
2025-06-19 09:20:00+00:00,24812.599609375,24817.900390625,24803.80078125,24806.55078125,0.0,51.16388253939495,3.8285307813093823,4.59368492401115,24812.107781538856,24808.68710025589,15.559349872452017
2025-06-19 09:25:00+00:00,24810.5,24814.55078125,24804.55078125,24811.55078125,0.0,49.978932599414236,3.2219356109453656,4.319335061397993,24811.95465948754,24808.7581943635,15.162253452991157
2025-06-19 09:30:00+00:00,24807.94921875,24811.5,24791.099609375,24810.55078125,0.0,48.509063051495495,2.5064846442983253,3.9567649779780596,24811.573188941107,24808.726469829642,15.536406108134646
2025-06-19 09:35:00+00:00,24799.650390625,24810.099609375,24791.599609375,24805.55078125,0.0,43.9774757499204,1.2553674308910558,3.4164854685606594,24810.437684339573,24808.370545154954,15.748091386125028
2025-06-19 09:40:00+00:00,24791.75,24806.599609375,24789.75,24799.0,0.0,40.13373957331068,-0.36938938082312234,2.659310498683903,24808.65790487866,24807.718759070445,15.82677124247324
2025-06-19 09:45:00+00:00,24787.900390625,24805.150390625,24785.94921875,24791.44921875,0.0,38.37374921700586,-1.9452287773965509,1.7384026434678126,24806.680998759264,24806.941568151018,16.067799859082296
2025-06-19 09:50:00+00:00,24779.599609375,24798.55078125,24776.94921875,24789.150390625,0.0,34.82719838528446,-3.8198635179905978,0.6267494111761305,24804.101818817904,24805.86933447353,16.463068619147844
2025-06-19 09:55:00+00:00,24744.69921875,24780.650390625,24734.0,24779.94921875,0.0,24.552590135666307,-8.029139976933948,-1.104428466445885,24798.444428335246,24803.47050640594,18.61930590528014
2025-06-20 03:45:00+00:00,24859.69921875,24880.650390625,24787.44921875,24795.900390625,0.0,63.140376393610595,-2.0617168040080287,-1.2958861339583139,24804.278217898554,24805.675553948844,27.000153474545844
2025-06-20 03:50:00+00:00,24835.05078125,24874.349609375,24823.849609375,24861.150390625,0.0,56.47344415248515,0.6708529674178862,-0.9025383136830738,24807.20893821774,24806.82752364693,28.67871394064971
2025-06-20 03:55:00+00:00,24830.19921875,24850.650390625,24814.849609375,24848.80078125,0.0,55.23713540330456,2.4170909311578725,-0.23861246471488462,24809.398488744624,24807.744060709796,29.187433034174735
2025-06-20 04:00:00+00:00,24832.0,24847.099609375,24818.19921875,24831.599609375,0.0,55.62544727592993,3.9013329576628166,0.5893766197606557,24811.55101362609,24808.695274015292,29.166930004947968
2025-06-20 04:05:00+00:00,24836.69921875,24847.44921875,24829.349609375,24831.55078125,0.0,56.68149998068084,5.394607460391853,1.5504227878868952,24813.946080780745,24809.793467926458,28.376407102808827
2025-06-20 04:10:00+00:00,24874.349609375,24874.349609375,24832.05078125,24836.25,0.0,64.06127014814115,9.506524827651447,3.141643195839806,24819.69879778972,24812.325081316594,29.370865747251052
2025-06-20 04:15:00+00:00,24893.69921875,24900.099609375,24874.25,24874.25,0.0,67.15788989103152,14.163334625900461,5.345981481851937,24826.74645692879,24815.516223961044,29.119347434947404
2025-06-20 04:20:00+00:00,24872.150390625,24895.19921875,24863.80078125,24892.5,0.0,60.86790441448674,15.931431972101564,7.463071579901863,24831.070641090337,24817.737171673354,29.28213958245116
2025-06-20 04:25:00+00:00,24865.150390625,24877.5,24853.0,24872.400390625,0.0,58.93683245407012,16.57673408696064,9.28580408131362,24834.31633152221,24819.596513593027,28.940558183704646
2025-06-20 04:30:00+00:00,24876.599609375,24878.30078125,24861.0,24864.349609375,0.0,61.11008216238078,17.80673200786987,10.98998966662487,24838.34331036533,24821.83192911389,28.109145545582887
2025-06-20 04:35:00+00:00,24884.80078125,24894.94921875,24875.599609375,24876.099609375,0.0,62.63554144546423,19.221704408773803,12.636332615054657,24842.767831401965,24824.301295864327,27.483464390541254
2025-06-20 04:40:00+00:00,24919.05078125,24919.099609375,24881.44921875,24884.30078125,0.0,68.23868133364613,22.843443988869694,14.677754889817665,24850.032874244633,24828.01696195788,28.209673407288307
2025-06-20 04:45:00+00:00,24958.599609375,24963.94921875,24918.849609375,24918.849609375,0.0,73.23061584218956,28.575557367992587,17.457315385452652,24860.372563304667,24833.137850091887,29.416097404981997
2025-06-20 04:50:00+00:00,24978.94921875,24981.599609375,24959.150390625,24959.150390625,0.0,75.37523231202177,34.36421267365586,20.838694843093293,24871.665578108987,24838.85594298044,28.95780473319757
2025-06-20 04:55:00+00:00,25008.94921875,25017.650390625,24977.55078125,24979.30078125,0.0,78.15389105550052,40.90103135844765,24.851162146164167,24884.740210550986,24845.526267520425,29.75364792189774
2025-06-20 05:00:00+00:00,25024.650390625,25039.55078125,25006.900390625,25009.94921875,0.0,79.46022510497306,46.80887701481333,29.242705119894,24898.064989605657,24852.55074293629,29.96055811497647
2025-06-20 05:05:00+00:00,25004.849609375,25030.55078125,25004.849609375,25025.44921875,0.0,73.49187334795265,49.32454702176619,33.25907350026844,24908.234953393214,24858.523247502515,29.656316240692437
2025-06-20 05:10:00+00:00,25001.599609375,25018.80078125,24996.5,25005.349609375,0.0,72.52892809246153,50.4741511922075,36.702089038656254,24917.12682539148,24864.134085223006,29.130920884214408
2025-06-20 05:15:00+00:00,25003.349609375,25008.75,24996.099609375,25002.94921875,0.0,72.73608047944393,50.93923535774593,39.54951830247419,24925.338519104196,24869.593517542693,27.953740151413378
2025-06-20 05:20:00+00:00,25020.80078125,25024.650390625,25002.849609375,25002.900390625,0.0,74.77855014502539,52.11522970700753,42.06266058338086,24934.430163118082,24875.523214158668,27.514243087026706
2025-06-20 05:25:00+00:00,24994.94921875,25021.900390625,24991.400390625,25020.69921875,0.0,66.79562220896999,50.38045414352746,43.72621929541019,24940.193882702075,24880.20658688774,27.72751143795337
2025-06-20 05:30:00+00:00,25009.650390625,25012.05078125,24994.849609375,24994.849609375,0.0,68.83325736009272,49.619906325777265,44.904956701483606,24946.808788218543,24885.282814485283,26.975630040599558
2025-06-20 05:35:00+00:00,25012.900390625,25015.849609375,25008.400390625,25009.5,0.0,69.28204355288526,48.71782576969781,45.66753051512645,24953.103226542968,24890.287425314295,25.5808863769853
2025-06-20 05:40:00+00:00,25016.55078125,25017.400390625,25002.80078125,25012.900390625,0.0,69.80791767747178,47.74707785373539,46.08343998284824,24959.145850800778,24895.238929468636,24.796509448272065
2025-06-20 05:45:00+00:00,25006.19921875,25019.80078125,25005.650390625,25016.650390625,0.0,66.33964012838256,45.61662845686078,45.99007767765075,24963.6271239388,24899.590313362023,24.036072389466916
2025-06-20 05:50:00+00:00,25010.599609375,25018.69921875,25005.05078125,25006.400390625,0.0,67.08820717915505,43.77865364071113,45.54779287026283,24968.10069398034,24903.943619088022,23.294098468790708
2025-06-20 05:55:00+00:00,25004.0,25012.44921875,25004.0,25009.349609375,0.0,64.76202328651155,41.3132782802968,44.70088995226963,24971.51967550602,24907.86739873163,22.233749917448513
2025-06-20 06:00:00+00:00,25016.349609375,25018.599609375,25002.900390625,25003.30078125,0.0,67.06344250987766,39.89606382236525,43.73992472628875,24975.78919301735,24912.121603070587,21.766997691202192
2025-06-20 06:05:00+00:00,25034.150390625,25035.75,25011.650390625,25016.900390625,0.0,70.09521103493212,39.75105995848935,42.94215177272887,24981.347402313317,24916.90704571978,21.933612811473463
2025-06-20 06:10:00+00:00,25019.400390625,25044.650390625,25016.650390625,25036.30078125,0.0,64.77461466905353,38.00781123370689,41.95528366492448,24984.97149643824,24920.92639257881,22.3669261820825
2025-06-20 06:15:00+00:00,25034.25,25036.5,25017.75,25019.05078125,0.0,67.4531000897247,37.393464846954885,41.04291990133056,24989.664687253648,24925.370455614935,22.10857431193375
2025-06-20 06:20:00+00:00,25038.849609375,25044.25,25031.349609375,25033.75,0.0,68.25821068732071,36.85292338471845,40.204920598008144,24994.34896555092,24929.820618507485,21.450846905724198
2025-06-20 06:25:00+00:00,25029.75,25040.25,25027.400390625,25038.349609375,0.0,64.84092267267077,35.28355113926227,39.220646706258975,24997.720492641307,24933.739417781704,20.836472796386754
2025-06-20 06:30:00+00:00,25028.30078125,25032.349609375,25022.349609375,25029.849609375,0.0,64.28889793122511,33.536287045080826,38.08377477402335,25000.63290108023,24937.44770654517,20.06243902521627
2025-06-20 06:35:00+00:00,25029.30078125,25036.05078125,25026.44921875,25028.0,0.0,64.5134021265691,31.86494011038667,36.840007841296014,25003.36317538211,24941.049787906144,19.315233559129393
2025-06-20 06:40:00+00:00,25040.099609375,25043.19921875,25028.05078125,25030.099609375,0.0,66.93110124916905,31.05379201926189,35.68276467688919,25006.861883381433,24944.934094630415,19.01760526919158
2025-06-20 06:45:00+00:00,25019.599609375,25042.5,25019.0,25039.75,0.0,58.74841404107198,28.429060129987192,34.23202376750879,25008.075000142726,24947.862154032162,19.33777632139218
2025-06-20 06:50:00+00:00,25001.44921875,25021.599609375,24998.44921875,25019.30078125,0.0,52.6151003057158,24.600773954574834,32.305773804922,25007.44397334342,24949.963607550508,19.610105914507024
2025-06-20 06:55:00+00:00,24981.94921875,25003.25,24979.849609375,25003.25,0.0,46.944639411937644,19.765498188029596,29.797718681543518,25005.01590147738,24951.217945244603,19.880840536685096
2025-06-20 07:00:00+00:00,24966.349609375,24988.30078125,24964.05078125,24981.25,0.0,42.95624530190463,14.507515592438722,26.73967806372256,25001.33339746763,24951.81134383795,20.192923355493303
2025-06-20 07:05:00+00:00,24984.599609375,24987.0,24964.599609375,24965.650390625,0.0,48.4718190819674,11.678526201678324,23.727447691313714,24999.73970336357,24953.09715817274,20.350599589029493
2025-06-20 07:10:00+00:00,25000.900390625,25002.25,24980.650390625,24985.05078125,0.0,52.856469114926355,10.629340126844909,21.107826178419952,24999.850245007518,24954.971794739497,20.43981457374167
2025-06-20 07:15:00+00:00,25020.849609375,25022.44921875,24997.849609375,25000.19921875,0.0,57.61038755711812,11.277586833151872,19.141778309366337,25001.850184471088,24957.555238450692,20.73694277383155
2025-06-20 07:20:00+00:00,25027.900390625,25032.900390625,25019.44921875,25020.650390625,0.0,59.17723971039167,12.2194084055227,17.75730432859761,25004.331156485747,24960.31387186929,20.216530566772153
2025-06-20 07:25:00+00:00,25022.5,25033.19921875,25022.05078125,25028.25,0.0,57.42637498759233,12.387249890645762,16.68329344100724,25006.06152253472,24962.75254356069,19.568809633431282
2025-06-20 07:30:00+00:00,25025.5,25029.400390625,25018.099609375,25021.94921875,0.0,58.166831256619446,12.616900628101575,15.870014878426108,25007.912806102846,24965.21322812694,18.978236177471906
2025-06-20 07:35:00+00:00,25042.599609375,25044.5,25017.650390625,25024.25,0.0,62.20213030848732,14.01711547934974,15.499434998610836,25011.216311176384,24968.247988175885,19.540477120152485
2025-06-20 07:40:00+00:00,25038.25,25047.44921875,25035.25,25043.400390625,0.0,60.60079588073491,14.607433313180081,15.321034661524687,25013.790948207203,24970.993165110165,19.01610152228445
2025-06-20 07:45:00+00:00,25074.099609375,25074.25,25037.19921875,25038.900390625,0.0,67.92914534031637,17.763264462901134,15.809480621799977,25019.53463022318,24975.036555081337,20.30429293140699
2025-06-20 07:50:00+00:00,25055.05078125,25077.55078125,25054.5,25073.5,0.0,61.3945722693116,18.513786744446406,16.350341846329265,25022.917120797163,24978.174367872267,20.500470668449346
2025-06-20 07:55:00+00:00,25067.19921875,25070.099609375,25053.900390625,25055.5,0.0,63.78712189635976,19.85992557762438,17.052258592588288,25027.134463459337,24981.665538494923,20.193238388560108
2025-06-20 08:00:00+00:00,25060.900390625,25073.650390625,25058.80078125,25067.30078125,0.0,61.65360978178904,20.18579819675142,17.678966513420917,25030.350266046546,24984.772787598064,19.81155060187724
2025-06-20 08:05:00+00:00,25050.25,25067.05078125,25049.599609375,25060.849609375,0.0,58.11416938614525,19.361470105512126,18.01546723183916,25032.24547880402,24987.340521417747,19.642952121386006
2025-06-20 08:10:00+00:00,25047.55078125,25053.44921875,25034.55078125,25049.849609375,0.0,57.217642572767026,18.27966318097242,18.068306421665813,25033.70312665602,24989.701708077835,19.58977250557272
2025-06-20 08:15:00+00:00,25050.69921875,25053.30078125,25042.80078125,25047.75,0.0,58.03094508812763,17.474935810681927,17.949632299469037,25035.321802093542,24992.093767319882,18.940503040888956
2025-06-20 08:20:00+00:00,25058.19921875,25058.650390625,25045.599609375,25051.30078125,0.0,59.98253192907405,17.243597434404364,17.808425326456103,25037.500603679873,24994.686137964203,18.519808627254033
2025-06-20 08:25:00+00:00,25038.75,25060.94921875,25035.69921875,25057.349609375,0.0,53.08833931766146,15.314336556304625,17.309607572425808,25037.619593805597,24996.41413255384,19.00053658245017
2025-06-20 08:30:00+00:00,25039.44921875,25048.05078125,25037.599609375,25038.44921875,0.0,53.29616858989066,13.684063158289064,16.584498689598462,25037.793843800304,24998.101782992908,18.389867674775157
2025-06-20 08:35:00+00:00,25047.69921875,25054.099609375,25037.900390625,25038.75,0.0,55.78513903368213,12.908959348926146,15.849390821464,25038.737212843134,25000.046780473578,18.233392751576933
2025-06-20 08:40:00+00:00,25049.650390625,25053.25,25038.55078125,25047.5,0.0,56.377254610067325,12.31022267521621,15.141557192214444,25039.776563108073,25001.99202008736,17.980951751464296
2025-06-20 08:45:00+00:00,25048.80078125,25061.19921875,25048.44921875,25050.44921875,0.0,56.02542544517614,11.633064445959462,14.439858642963449,25040.636012454925,25003.827657780013,17.607312340645418
2025-06-20 08:50:00+00:00,25056.599609375,25059.150390625,25038.55078125,25048.5,0.0,58.580632586215856,11.59208557607053,13.870304029584867,25042.156355018742,25005.897146077856,17.821047843099315
2025-06-20 08:55:00+00:00,25036.5,25058.150390625,25035.650390625,25056.599609375,0.0,50.4450932925399,9.824488442100119,13.061140912087918,25041.61765454077,25007.097257996375,18.155258711449363
2025-06-20 09:00:00+00:00,25032.80078125,25044.650390625,25032.349609375,25036.5,0.0,49.093750344897494,8.032564537232247,12.055425637116784,25040.777952322598,25008.10523930044,17.737081749917266
2025-06-20 09:05:00+00:00,25048.80078125,25049.900390625,25031.400390625,25032.30078125,0.0,54.74110715389743,7.813449631281401,11.207030435949708,25041.542031268065,25009.701142906306,17.79157591063746
2025-06-20 09:10:00+00:00,25046.05078125,25051.55078125,25043.55078125,25048.75,0.0,53.63967523177489,7.333363028257736,10.432296954411314,25041.971436028252,25011.126618919785,17.09217763130621
2025-06-20 09:15:00+00:00,25048.0,25052.900390625,25036.55078125,25045.30078125,0.0,54.340942541455796,7.02914894578862,9.751667352686775,25042.545584977943,25012.57263386411,17.03913704157005
2025-06-20 09:20:00+00:00,25038.5,25047.75,25035.44921875,25046.650390625,0.0,50.34396038082627,5.952865559858765,8.991906994121173,25042.16029117052,25013.58939332042,16.718540199315047
2025-06-20 09:25:00+00:00,25046.05078125,25047.400390625,25031.75,25038.75,0.0,53.285085931513606,5.644126191284158,8.32235083355377,25042.530814035235,25014.862388925503,16.642243801149686
2025-06-20 09:30:00+00:00,25101.900390625,25102.400390625,25039.849609375,25046.5,0.0,68.25992979206507,9.793155340506928,8.616511734944403,25048.185059424737,25018.27564389411,19.921425047496136
2025-06-20 09:35:00+00:00,25119.69921875,25121.80078125,25098.900390625,25101.94921875,0.0,71.40579902877863,14.352065831029904,9.763622554161504,25054.99593174143,25022.2530389865,20.134208303032125
2025-06-20 09:40:00+00:00,25116.599609375,25132.099609375,25111.900390625,25121.400390625,0.0,70.10272843407628,17.513043207298324,11.313506684788868,25060.862948658913,25025.952904491933,20.13885190638697
2025-06-20 09:45:00+00:00,25126.349609375,25127.900390625,25109.44921875,25116.05078125,0.0,71.84332515178431,20.567791371526255,13.164363622136346,25067.099773489015,25029.89003017362,20.018303332716474
2025-06-20 09:50:00+00:00,25121.150390625,25134.55078125,25121.150390625,25125.5,0.0,69.51904455626828,22.3119693050794,14.993884758724956,25072.247451311487,25033.46886783838,19.545595282165298
2025-06-20 09:55:00+00:00,25079.75,25134.44921875,25072.80078125,25123.19921875,0.0,54.42102778926154,20.121627758089744,16.019433358597915,25072.961979758013,25035.283814197657,22.552941154867774
2025-06-23 03:45:00+00:00,24930.25,24985.55078125,24926.900390625,24939.75,0.0,29.50330920497086,6.250315973316901,14.065609881541715,25059.3703626382,25031.164841091868,31.859846027734363
2025-06-23 03:50:00+00:00,24928.0,24944.30078125,24912.19921875,24930.0,0.0,29.285975422000888,-4.868236746639013,10.278840555905571,25046.8588995298,25027.11916104905,31.877111490039052
2025-06-23 03:55:00+00:00,24908.25,24927.650390625,24891.19921875,24927.5,0.0,27.37941760561955,-15.099373644079606,5.203197715908535,25033.658051955535,25022.457625321636,32.22880218717912
2025-06-23 04:00:00+00:00,24863.80078125,24916.69921875,24859.599609375,24908.25,0.0,23.64805519545685,-26.488955630458804,-1.135232953364933,25017.481169031198,25016.235788299222,34.00528841488061
2025-06-23 04:05:00+00:00,24894.900390625,24895.19921875,24863.0,24863.0,0.0,30.758327911860945,-32.629668340523494,-7.434120030796645,25005.80680918299,25011.47753741004,33.87628343881771
2025-06-23 04:10:00+00:00,24870.349609375,24900.849609375,24866.0,24895.599609375,0.0,28.50183466915368,-39.02738685022996,-13.75277339468331,24992.90612348699,25005.943108859643,33.94580671997359
2025-06-23 04:15:00+00:00,24857.25,24871.30078125,24835.19921875,24871.30078125,0.0,27.348940269655998,-44.640070910820214,-19.93023289791069,24979.986492678705,25000.112006551422,34.09978927568976
2025-06-23 04:20:00+00:00,24868.150390625,24878.349609375,24856.25,24857.05078125,0.0,29.890283495704892,-47.659207365293696,-25.476027791387295,24969.335435340257,24994.937041220972,33.24263356849763
2025-06-23 04:25:00+00:00,24854.75,24867.55078125,24843.05078125,24867.349609375,0.0,28.567311007223083,-50.5504798240363,-30.4909181979171,24958.422536736427,24989.4395101927,32.6609889832478
2025-06-23 04:30:00+00:00,24829.19921875,24858.849609375,24824.900390625,24853.650390625,0.0,26.187280178757888,-54.27788689485169,-35.248311937304024,24946.115554071053,24983.15557719495,32.75300539515867
2025-06-23 04:35:00+00:00,24853.25,24853.25,24828.80078125,24829.19921875,0.0,31.93562446891336,-54.66108781193543,-39.130867112230305,24937.271215588098,24978.061240834366,32.15987777764733
2025-06-23 04:40:00+00:00,24862.44921875,24864.0,24847.5,24853.400390625,0.0,34.05118285259053,-53.604557259084686,-42.02560514160118,24930.145311127326,24973.527436046745,31.04131507924395
2025-06-23 04:45:00+00:00,24866.650390625,24866.849609375,24856.75,24863.099609375,0.0,35.044133623191755,-51.83077679307462,-43.98663947189587,24924.09817584139,24969.33617936354,29.54547895751224
2025-06-23 04:50:00+00:00,24884.94921875,24885.650390625,24865.55078125,24865.75,0.0,39.329019249234655,-48.39066305283268,-44.86744418808323,24920.36970373745,24966.026886790463,28.870773987332797
2025-06-23 04:55:00+00:00,24893.650390625,24894.30078125,24877.599609375,24884.900390625,0.0,41.31151782885526,-44.44984612042026,-44.783924574550646,24917.82500725055,24963.18859282319,28.001516693594738
2025-06-23 05:00:00+00:00,24903.400390625,24905.900390625,24891.69921875,24893.75,0.0,43.53790361246164,-40.07798275604364,-43.842736210849246,24916.451234238593,24960.84395744287,27.015777777980826
2025-06-23 05:05:00+00:00,24903.80078125,24906.400390625,24885.55078125,24903.75,0.0,43.632470807724,-36.16406454029493,-42.30700187673839,24915.24642919206,24958.60697014119,26.57533717776791
2025-06-23 05:10:00+00:00,24919.5,24925.099609375,24898.19921875,24903.349609375,0.0,47.35565130294669,-31.433118977638514,-40.13222529691841,24915.651531173768,24957.073363468986,26.598555281141632
2025-06-23 05:15:00+00:00,24934.25,24936.099609375,24918.599609375,24919.75,0.0,50.65356679071523,-26.191687337635813,-37.34411770506189,24917.422813919125,24956.178329607457,25.948658475345802
2025-06-23 05:20:00+00:00,24915.650390625,24939.05078125,24911.150390625,24934.0,0.0,46.68223736158711,-23.270401332360052,-34.52937443052152,24917.254011700636,24954.58899866697,26.088067914606818
2025-06-23 05:25:00+00:00,24919.0,24921.400390625,24908.400390625,24915.349609375,0.0,47.4808181492914,-20.449249425579183,-31.713349429533054,24917.420296300574,24953.193351660426,25.15320592070633
2025-06-23 05:30:00+00:00,24912.400390625,24920.19921875,24909.400390625,24918.5,0.0,46.01834896229238,-18.532369911143178,-29.07715352585508,24916.942210045756,24951.593627698254,24.12789322101302
2025-06-23 05:35:00+00:00,24919.5,24924.349609375,24902.599609375,24912.150390625,0.0,47.878244168669816,-16.2529955276259,-26.512321926209246,24917.185809089016,24950.335054063027,23.958043705226377
2025-06-23 05:40:00+00:00,24928.30078125,24933.400390625,24914.69921875,24919.349609375,0.0,50.17018318546232,-13.579884950482665,-23.92583453106393,24918.244377866253,24949.470964933105,23.582552860210207
2025-06-23 05:45:00+00:00,24925.80078125,24933.25,24921.400390625,24928.55078125,0.0,49.50425103838287,-11.530241222517361,-21.446715869354616,24918.964035331373,24948.542722435726,22.744485468409476
2025-06-23 05:50:00+00:00,24942.69921875,24944.19921875,24920.349609375,24925.25,0.0,53.95336393831463,-8.444972732257156,-18.846367241935127,24921.224528990293,24948.313565428445,22.823422890308798
2025-06-23 05:55:00+00:00,24945.69921875,24949.150390625,24936.94921875,24943.5,0.0,54.716182112923306,-5.692184339808591,-16.21553066150982,24923.55545182455,24948.21104202929,22.0646906749296
2025-06-23 06:00:00+00:00,24954.44921875,24956.19921875,24944.94921875,24945.94921875,0.0,56.95597313248807,-2.772567401680135,-13.526938009543883,24926.497715341262,24948.455676410493,21.292212769577485
2025-06-23 06:05:00+00:00,24956.150390625,24961.349609375,24945.849609375,24953.25,0.0,57.39716529144494,-0.31781600540853105,-10.885113608716814,24929.321779654,24948.7574299091,20.878483286036236
2025-06-23 06:10:00+00:00,24962.5,24968.80078125,24955.75,24956.19921875,0.0,59.08295221494778,2.115565648429765,-8.284977757287498,24932.481610163144,24949.29635422639,20.319361712033647
2025-06-23 06:15:00+00:00,24952.55078125,24963.400390625,24946.099609375,24963.05078125,0.0,55.38482676295995,3.204282364134997,-5.987125733002999,24934.392959790464,24949.423978815554,20.103748821888388
2025-06-23 06:20:00+00:00,24931.0,24956.349609375,24928.80078125,24954.400390625,0.0,48.32846021078197,2.3015988665865734,-4.329380813085085,24934.0698207628,24948.701469842395,20.635540200682076
2025-06-23 06:25:00+00:00,24935.0,24938.94921875,24928.94921875,24931.650390625,0.0,49.61168235523567,1.8872274782916065,-3.086059154809747,24934.15840926158,24948.164157299558,19.87585875777621
2025-06-23 06:30:00+00:00,24934.25,24941.94921875,24932.30078125,24935.650390625,0.0,49.364140876733536,1.4812416045169812,-2.1725990029444016,24934.16713218905,24947.618504072125,19.14532866793505
2025-06-23 06:35:00+00:00,24947.5,24948.80078125,24933.75,24934.599609375,0.0,53.75424848604558,2.2032613147566735,-1.2974269394041866,24935.436929123425,24947.613856853608,18.852860995225406
2025-06-23 06:40:00+00:00,24941.099609375,24952.30078125,24939.80078125,24948.150390625,0.0,51.43446989299041,2.2332654103593086,-0.5912884694514877,24935.97623200453,24947.358396168172,18.39908520985216
2025-06-23 06:45:00+00:00,24947.400390625,24952.5,24941.599609375,24941.900390625,0.0,53.55921060815409,2.733948999102722,0.07375902425935421,24937.06424711124,24947.360043009616,17.89917845379129
2025-06-23 06:50:00+00:00,24947.80078125,24955.150390625,24944.349609375,24948.849609375,0.0,53.69783933843796,3.127006344995607,0.6844084884066047,24938.086774172076,24947.37732686218,17.392150082091913
2025-06-23 06:55:00+00:00,24942.75,24949.650390625,24939.599609375,24949.25,0.0,51.60514408090435,2.9964105322942487,1.1468088971841335,24938.53089091759,24947.19586306366,16.867766594085346
2025-06-23 07:00:00+00:00,24943.150390625,24953.650390625,24942.05078125,24943.900390625,0.0,51.765622221372865,2.8918847399254446,1.4958240657323958,24938.97084327068,24947.037217085675,16.491469649864964
2025-06-23 07:05:00+00:00,24943.80078125,24946.19921875,24938.30078125,24943.44921875,0.0,52.0438089577994,2.8289183742199384,1.7624429274299045,24939.43083736395,24946.910298033297,15.877681639160324
2025-06-23 07:10:00+00:00,24960.80078125,24963.19921875,24942.849609375,24944.099609375,0.0,58.741863499493455,4.103472721613798,2.2306488862666836,24941.466070115002,24947.455022865324,16.197105048863158
2025-06-23 07:15:00+00:00,24945.19921875,24964.150390625,24942.099609375,24961.099609375,0.0,51.61665305727849,3.8107228773005772,2.5466636844734625,24941.82160808024,24947.366559958842,16.615224777515788
2025-06-23 07:20:00+00:00,24947.94921875,24952.5,24942.099609375,24945.599609375,0.0,52.70560553465415,3.7573066416989604,2.788792275918562,24942.40519004879,24947.3894093232,16.17130805233609
2025-06-23 07:25:00+00:00,24948.400390625,24950.80078125,24944.900390625,24949.19921875,0.0,52.892929406650055,3.7086289241597115,2.972759605566792,24942.97616153224,24947.429055648765,15.437671093240656
2025-06-23 07:30:00+00:00,24949.75,24954.150390625,24947.900390625,24950.0,0.0,53.48642018181497,3.7358886805159273,3.1253854205566194,24943.62128900536,24947.520073074305,14.781408872294895
2025-06-23 07:35:00+00:00,24948.94921875,24952.849609375,24945.400390625,24950.25,0.0,53.05927093402333,3.650791823747568,3.230466701194809,24944.1287108858,24947.576118002762,14.257681006416687
2025-06-23 07:40:00+00:00,24962.25,24963.099609375,24947.650390625,24949.05078125,0.0,58.9266503743023,4.603547014899959,3.5050827639358397,24945.854547944295,24948.151564355594,14.342790845244068
2025-06-23 07:45:00+00:00,24975.150390625,24977.599609375,24961.80078125,24963.55078125,0.0,63.669855075819,6.326636550529656,4.069393521254604,24948.6446281996,24949.210341856357,14.446793508083775
2025-06-23 07:50:00+00:00,25020.30078125,25032.0,24975.80078125,24976.25,0.0,74.6875238431578,11.206277614906867,5.496770339985057,24955.46902372821,24951.99820222474,17.475566070006362
2025-06-23 07:55:00+00:00,25034.349609375,25034.44921875,25019.900390625,25021.55078125,0.0,77.022530145374,16.022355591387168,7.601887390265479,24962.981460456474,24955.227669171807,17.266513359648766
2025-06-23 08:00:00+00:00,25027.05078125,25043.5,25024.650390625,25041.19921875,0.0,73.24234238444141,19.030802410947217,9.887670394401827,24969.083300532046,24958.044261802323,17.379591646459566
2025-06-23 08:05:00+00:00,25028.25,25035.30078125,25018.19921875,25031.150390625,0.0,73.47270842529663,21.26663657258905,12.163463630039272,24974.718224290897,24960.797428006153,17.359732421712454
2025-06-23 08:10:00+00:00,25020.19921875,25033.900390625,25019.5,25028.599609375,0.0,69.16747608091865,22.133776097263762,14.157526123484171,24979.049747572713,24963.126909996106,17.14835086480442
2025-06-23 08:15:00+00:00,25015.599609375,25023.80078125,25013.349609375,25021.44921875,0.0,66.7605751132886,22.194001745112473,15.764821247809833,24982.53068679198,24965.184662912925,16.66998093696125
2025-06-23 08:20:00+00:00,25017.849609375,25028.05078125,25013.94921875,25016.30078125,0.0,67.35894094358471,22.16775116442659,17.045407231133183,24985.894393704646,24967.24995493105,16.4865224771783
2025-06-23 08:25:00+00:00,25018.599609375,25023.599609375,25013.599609375,25018.44921875,0.0,67.56851789039919,21.95438958509112,18.02720370192477,24989.00917614944,24969.26366687003,16.023199443094136
2025-06-23 08:30:00+00:00,25046.25,25047.099609375,25017.900390625,25019.349609375,0.0,74.15653478794859,23.742762647321797,19.170315491004175,24994.460683182824,24972.28273875748,16.9643436793017
2025-06-23 08:35:00+00:00,25030.650390625,25056.55078125,25028.44921875,25048.75,0.0,66.00963498363019,23.628923556221707,20.062037104047683,24997.90732198684,24974.571666281696,17.759859309351576
2025-06-23 08:40:00+00:00,25014.30078125,25033.25,25010.5,25030.900390625,0.0,58.727439180811146,21.966215559707052,20.44287279517956,24999.468603821428,24976.12967079026,18.11629793011218
2025-06-23 08:45:00+00:00,25000.900390625,25018.599609375,25000.900390625,25015.099609375,0.0,53.516265134733125,19.344219836682896,20.22314220348023,24999.60496446939,24977.101071568093,18.086506560104166
2025-06-23 08:50:00+00:00,24990.25,25003.69921875,24986.69921875,25002.099609375,0.0,49.738621219621706,16.219898923074652,19.422493547399114,24998.714015472302,24977.616715820328,18.008898948668154
2025-06-23 08:55:00+00:00,24998.69921875,25002.0,24984.30078125,24991.19921875,0.0,52.597353661153,14.26123874662153,18.3902425872436,24998.712606260655,24978.443480641097,17.986778934477574
2025-06-23 09:00:00+00:00,24989.19921875,24999.849609375,24982.0,24999.849609375,0.0,49.208367436784286,11.806319933195482,17.073458056433974,24997.806569354878,24978.865274292424,17.976981108800604
2025-06-23 09:05:00+00:00,24979.599609375,24996.94921875,24979.150390625,24990.650390625,0.0,45.98411954666619,8.982624731132091,15.455291391373597,24996.072573166315,24978.894071746643,17.96425589567199
2025-06-23 09:10:00+00:00,24984.94921875,24987.44921875,24978.0,24980.55078125,0.0,48.02780348976096,7.094711292407737,13.783175371580427,24995.01320607905,24979.131528491875,17.356038956695418
2025-06-23 09:15:00+00:00,24981.900390625,24991.19921875,24972.5,24985.5,0.0,46.937842509192194,5.291514060732879,12.084843109410917,24993.764366511998,24979.240111320625,17.451980370502888
2025-06-23 09:20:00+00:00,24982.900390625,24987.849609375,24975.5,24983.19921875,0.0,47.35981811796553,3.898222622119647,10.447519011952664,24992.72970214181,24979.3836516855,17.08752529939554
2025-06-23 09:25:00+00:00,24985.30078125,24990.30078125,24982.849609375,24984.900390625,0.0,48.42016747431595,2.9536724836398207,8.948749706290096,24992.022185866397,24979.61569598215,16.399214340510145
2025-06-23 09:30:00+00:00,24986.349609375,24994.80078125,24983.30078125,24987.05078125,0.0,48.90447536488031,2.2636474394275865,7.611729252917595,24991.481940486265,24979.879771017164,16.049270459045136
2025-06-23 09:35:00+00:00,24980.400390625,24989.69921875,24976.849609375,24987.650390625,0.0,46.25164720986154,1.222651422576746,6.333913686849425,24990.426554785194,24979.900187472373,15.820723238756198
2025-06-23 09:40:00+00:00,24983.900390625,24987.44921875,24980.099609375,24981.19921875,0.0,48.037490794700645,0.6723251823350438,5.2015959859465495,24989.805015341364,24980.05705818424,15.215643677059328
2025-06-23 09:45:00+00:00,24975.30078125,24986.0,24974.44921875,24979.69921875,0.0,44.15546772521209,-0.4525126504158834,4.070774258674064,24988.423659713615,24979.870537520153,14.953867789412232
2025-06-23 09:50:00+00:00,24964.75,24976.150390625,24964.0,24975.099609375,0.0,39.895624260926546,-2.170296776926989,2.822560051553853,24986.169025455176,24979.277575264463,14.753619420525643
2025-06-23 09:55:00+00:00,24958.19921875,24969.400390625,24951.69921875,24966.05078125,0.0,37.47805274123584,-4.013975758931338,1.4552528894568146,24983.5052343404,24978.45097304821,14.964158881559525
2025-06-24 03:45:00+00:00,25234.400390625,25248.94921875,25158.5,25182.599609375,0.0,83.33419355690788,16.620431635612476,4.488288638687948,25007.400011129408,24988.488205110047,34.6631475328767
2025-06-24 03:50:00+00:00,25228.5,25248.099609375,25226.25,25234.80078125,0.0,81.95138757781412,32.12689707566096,10.01601032608255,25028.457152926607,24997.900432360635,33.747894807314076
2025-06-24 03:55:00+00:00,25199.5,25229.400390625,25194.30078125,25229.400390625,0.0,75.33477894915475,41.59632843666623,16.332073948199287,25044.74694788598,25005.80629775826,33.84444584786307
2025-06-24 04:00:00+00:00,25207.599609375,25210.69921875,25193.05078125,25199.900390625,0.0,75.91956134384097,49.18748904357926,22.903156967275283,25060.256725170646,25013.719760958917,32.68758810873
2025-06-24 04:05:00+00:00,25163.30078125,25208.5,25140.849609375,25207.849609375,0.0,66.6169125563471,51.04062871089627,28.53065131599948,25070.07044479725,25019.585683323272,35.18493114560643
2025-06-24 04:10:00+00:00,25176.30078125,25191.900390625,25147.900390625,25163.25,0.0,67.86146943352968,52.94789621422751,33.414100295645085,25080.18761969751,25025.731373438048,35.814578920920255
2025-06-24 04:15:00+00:00,25138.150390625,25177.19921875,25119.05078125,25176.400390625,0.0,60.708622260214845,50.79546328277502,36.890372893071074,25085.707883595365,25030.13996234734,37.409854533711666
2025-06-24 04:20:00+00:00,25166.69921875,25166.69921875,25137.349609375,25137.900390625,0.0,63.78485960527662,50.807617921571364,39.67382189877114,25093.421344086284,25035.49522730431,36.83412273666084
2025-06-24 04:25:00+00:00,25193.0,25209.849609375,25161.55078125,25165.55078125,0.0,66.3951542672419,52.3362046138318,42.20629844178327,25102.905025601875,25041.671885057083,37.65303026439934
2025-06-24 04:30:00+00:00,25207.099609375,25219.400390625,25191.25,25193.44921875,0.0,67.73766650524756,54.062146449774446,44.57746804338151,25112.828319294553,25048.159246795043,36.97427029015653
2025-06-24 04:35:00+00:00,25204.94921875,25216.69921875,25189.75,25207.150390625,0.0,67.29609486726176,54.62674611241164,46.58732365718754,25121.601738290312,25054.30787314622,36.25819518014535
2025-06-24 04:40:00+00:00,25232.599609375,25247.30078125,25202.099609375,25204.25,0.0,70.00382520910074,56.652298420889565,48.60031860992795,25132.172964107904,25061.299705939506,36.89697922977782
2025-06-24 04:45:00+00:00,25236.80078125,25257.80078125,25232.599609375,25233.349609375,0.0,70.4047670878621,57.92879558227651,50.466014004397664,25142.137518121435,25068.182101049722,36.06156441872226
2025-06-24 04:50:00+00:00,25224.599609375,25237.400390625,25206.650390625,25236.69921875,0.0,67.57958249729967,57.295430125162966,51.83189722855073,25149.991050621775,25074.31612098405,35.6821669602421
2025-06-24 04:55:00+00:00,25233.5,25236.44921875,25215.150390625,25225.849609375,0.0,68.5703605278256,56.85626692371443,52.83677116758347,25157.944283895893,25080.5586260435,34.65478561486766
2025-06-24 05:00:00+00:00,25219.69921875,25247.5,25219.69921875,25234.80078125,0.0,65.24102308188185,54.763341501799005,53.22208523442659,25163.82570626295,25086.01511987513,34.16521387451997
2025-06-24 05:05:00+00:00,25215.099609375,25225.400390625,25212.349609375,25220.05078125,0.0,64.12354031008945,52.132581047284475,53.00418439699817,25168.708935130762,25091.077256718265,32.65704011562569
2025-06-24 05:10:00+00:00,25213.69921875,25228.19921875,25191.25,25215.55078125,0.0,63.76542879535876,49.36562837868041,52.276473193334624,25172.99372404688,25095.885961111668,32.963624303795285
2025-06-24 05:15:00+00:00,25196.400390625,25217.0,25195.650390625,25214.0,0.0,59.3556667640857,45.25525320808083,50.87222919628387,25175.222930387652,25099.827703445524,32.13405180888134
2025-06-24 05:20:00+00:00,25210.19921875,25213.55078125,25167.099609375,25196.900390625,0.0,61.634838769285075,42.619905637577176,49.22176448454253,25178.55400546978,25104.155998163347,33.15670324217553
2025-06-24 05:25:00+00:00,25223.0,25226.44921875,25202.44921875,25209.80078125,0.0,63.67010042271056,41.09062264772365,47.59553611717876,25182.786957329805,25108.81654725498,32.502653010591565
2025-06-24 05:30:00+00:00,25235.55078125,25240.05078125,25218.55078125,25221.849609375,0.0,65.59716564733029,40.425399178206135,46.16150872938424,25187.812083417444,25113.786517215573,31.71674922412074
2025-06-24 05:35:00+00:00,25264.150390625,25276.0,25233.69921875,25235.150390625,0.0,69.55955572998627,41.72497471002498,45.274201925512386,25195.082398389593,25119.683139702218,32.47275151168354
2025-06-24 05:40:00+00:00,25256.400390625,25269.400390625,25251.44921875,25263.94921875,0.0,67.29757599542393,41.649428762480966,44.54924729290611,25200.922207173917,25125.04460052272,31.435495823349004
2025-06-24 05:45:00+00:00,25254.849609375,25281.150390625,25248.099609375,25256.400390625,0.0,66.82926739594394,40.99189393163397,43.83777662065168,25206.058150240686,25130.13499302673,31.550873353824077
2025-06-24 05:50:00+00:00,25261.650390625,25267.400390625,25252.5,25255.900390625,0.0,67.88471679049789,40.552099688877206,43.180641234296786,25211.352649324905,25135.29245959921,30.36155315890807
2025-06-24 05:55:00+00:00,25283.5,25285.75,25257.69921875,25261.69921875,0.0,71.06968478157015,41.48838814183182,42.842190615803794,25218.223825579676,25141.104520007088,30.196498022557495
2025-06-24 06:00:00+00:00,25277.80078125,25287.150390625,25267.900390625,25283.400390625,0.0,69.1434867922089,41.29450679423826,42.532653851490686,25223.897821357805,25146.46515770289,29.41460530666053
2025-06-24 06:05:00+00:00,25266.69921875,25288.150390625,25266.650390625,25277.30078125,0.0,65.42380491112301,39.78641805416555,41.98340669202566,25227.974144918964,25151.180218920425,28.849276356184777
2025-06-24 06:10:00+00:00,25281.349609375,25285.0,25267.349609375,25267.75,0.0,67.87956386320377,39.320152703065105,41.45075589423355,25233.057522486204,25156.284900899038,28.09581242002872
2025-06-24 06:15:00+00:00,25273.150390625,25285.25,25266.69921875,25282.19921875,0.0,65.09311213438727,37.85268345131408,40.731141405649666,25236.875890880372,25160.86786128045,27.414024479312385
2025-06-24 06:20:00+00:00,25276.80078125,25280.69921875,25269.69921875,25273.94921875,0.0,65.76688033406833,36.562786469723505,39.89747041846444,25240.678261391768,25165.414250298865,26.2415941593615
2025-06-24 06:25:00+00:00,25291.44921875,25292.849609375,25274.25,25276.19921875,0.0,68.40253364857654,36.3040498149785,39.17878629776725,25245.51359066398,25170.356798081262,25.69573810333568
2025-06-24 06:30:00+00:00,25295.30078125,25296.94921875,25285.849609375,25291.650390625,0.0,69.07668617168741,35.99486169727243,38.542001377668285,25250.255227862646,25175.256562127095,24.653157479883134
2025-06-24 06:35:00+00:00,25306.25,25311.150390625,25295.19921875,25295.349609375,0.0,70.97270783291657,36.21586439197927,38.07677398053048,25255.588063304298,25180.39355969074,24.03158707953434
2025-06-24 06:40:00+00:00,25308.75,25316.5,25300.80078125,25305.69921875,0.0,71.40383620309652,36.1757284474661,37.69656487391761,25260.651104894365,25185.42714558522,23.436417913139028
2025-06-24 06:45:00+00:00,25284.80078125,25311.099609375,25283.55078125,25307.44921875,0.0,61.916533882613464,33.821544904643815,36.921560880062856,25262.95107407109,25189.32415090541,23.730161499700525
2025-06-24 06:50:00+00:00,25293.900390625,25295.80078125,25282.69921875,25284.349609375,0.0,63.880264186181265,32.31756316277824,36.00076133660593,25265.898628028604,25193.425179914022,22.970975856864776
2025-06-24 06:55:00+00:00,25286.349609375,25294.05078125,25267.69921875,25293.69921875,0.0,61.06641001803425,30.168597046926152,34.834328478669974,25267.846340537784,25197.069275187005,23.212446331374434
2025-06-24 07:00:00+00:00,25287.55078125,25291.25,25280.05078125,25289.150390625,0.0,61.35801321386647,28.236952438528533,33.51485327064169,25269.722953938945,25200.617569542417,22.354358646990544
2025-06-24 07:05:00+00:00,25249.25,25287.349609375,25231.25,25287.349609375,0.0,48.805659348757175,23.346434056584258,31.481169427830203,25267.7731488019,25202.524723678012,24.779103118634076
2025-06-24 07:10:00+00:00,25181.150390625,25240.55078125,25143.94921875,25238.5,0.0,35.06859521081148,13.816327635609923,27.948201069386148,25259.52336230886,25201.68651453868,30.530651556588786
2025-06-24 07:15:00+00:00,25225.30078125,25233.0,25166.0,25181.94921875,0.0,45.73294965518272,9.714237496551505,24.30140835481922,25256.264068874683,25202.612564213636,33.13560501683244
2025-06-24 07:20:00+00:00,25270.099609375,25278.650390625,25242.94921875,25242.94921875,0.0,53.99038461279714,9.963341340633633,21.433794951982104,25257.581739398523,25205.25911500428,34.579462470987266
2025-06-24 07:25:00+00:00,25245.150390625,25273.650390625,25239.30078125,25269.75,0.0,49.475238373530466,8.054714750207495,18.75797891162718,25256.397801420095,25206.823478754115,34.56304439270246
2025-06-24 07:30:00+00:00,25224.599609375,25248.0,25201.599609375,25245.80078125,0.0,46.058430175155095,4.828181854569266,15.972019500215598,25253.369402177705,25207.52058191572,35.408569123580854
2025-06-24 07:35:00+00:00,25239.900390625,25240.849609375,25215.849609375,25223.94921875,0.0,48.888649022006604,3.4658245932623686,13.470780518824954,25252.086639172685,25208.790378335692,34.665099900467936
2025-06-24 07:40:00+00:00,25182.349609375,25240.400390625,25182.349609375,25239.349609375,0.0,40.31956215564148,-2.2319914187937684,10.33022613130121,25245.44501728719,25207.75348543527,36.3355057111488
2025-06-24 07:45:00+00:00,25180.900390625,25202.099609375,25163.69921875,25183.349609375,0.0,40.12881841927039,-6.786263677026,6.906928169635768,25239.297909986028,25206.70042289369,36.4829974907096
2025-06-24 07:50:00+00:00,25119.5,25190.599609375,25119.5,25180.900390625,0.0,33.00468635850015,-15.175126223486586,2.4905172910112974,25227.888585225453,25203.280798466487,38.955612625301775
2025-06-24 07:55:00+00:00,25134.75,25150.849609375,25117.94921875,25119.30078125,0.0,36.041761093939016,-20.358136751638085,-2.0792135175185793,25219.01824377541,25200.593316173683,38.52309676813736
2025-06-24 08:00:00+00:00,25098.400390625,25158.05078125,25087.900390625,25135.75,0.0,32.284900387230195,-27.086582366271614,-7.080687287269187,25207.530829189654,25196.585750465892,40.78218918648469
2025-06-24 08:05:00+00:00,25057.150390625,25098.650390625,25031.69921875,25097.05078125,0.0,28.636906670312214,-35.340075855041505,-12.732565000823652,25193.20888265969,25191.1176971388,42.65140223566436
2025-06-24 08:10:00+00:00,25043.5,25090.0,25037.0,25055.400390625,0.0,27.528392393098457,-42.49267227524251,-18.684586455707425,25178.950893834954,25185.32876783924,43.39058779025976
2025-06-24 08:15:00+00:00,25027.75,25050.400390625,25008.0,25044.150390625,0.0,26.26507078495156,-48.86872163836597,-24.721413492239137,25164.550808707812,25179.149208316136,43.319859421312636
2025-06-24 08:20:00+00:00,25082.0,25082.099609375,25023.400390625,25028.25,0.0,36.991097138032565,-48.9796580722832,-29.573062408247953,25156.688826926114,25175.339435440994,44.418385087647444
2025-06-24 08:25:00+00:00,25083.75,25085.55078125,25051.5,25082.0,0.0,37.307908929531294,-48.36880020059834,-33.33220996671803,25149.742271980773,25171.74769287468,43.67784195638691
2025-06-24 08:30:00+00:00,25029.099609375,25092.75,25029.099609375,25082.25,0.0,31.911694587726544,-51.698571773202275,-37.005482328014885,25138.252494589746,25166.153650384498,45.10445257557355
2025-06-24 08:35:00+00:00,25033.25,25040.55078125,25000.349609375,25029.80078125,0.0,32.70773264637623,-53.387124359735026,-40.28181073435891,25128.25225700977,25160.941742526284,44.75421823981829
2025-06-24 08:40:00+00:00,25040.150390625,25049.099609375,25013.0,25034.099609375,0.0,34.08747700989821,-53.551205631410994,-42.93568971376933,25119.861603068366,25156.20482676545,44.136031892331275
2025-06-24 08:45:00+00:00,25046.0,25053.75,25033.19921875,25042.849609375,0.0,35.29859115610007,-52.602853678945394,-44.869122506804544,25112.8271646809,25151.883068853083,42.45137113216475
2025-06-24 08:50:00+00:00,25036.25,25055.349609375,25015.900390625,25047.05078125,0.0,34.171538751385796,-52.038157947765285,-46.30292959499669,25105.534101377958,25147.34843870198,42.23693167629584
2025-06-24 08:55:00+00:00,25038.650390625,25044.25,25019.25,25036.69921875,0.0,34.724126711464905,-50.81122092393343,-47.20458786078404,25099.16422416339,25143.08577014994,41.005722270846135
2025-06-24 09:00:00+00:00,25054.599609375,25075.0,25034.05078125,25039.150390625,0.0,38.42283098630387,-47.99859787478999,-47.36338986358523,25094.919975135923,25139.615724629355,41.00168630507141
2025-06-24 09:05:00+00:00,25070.55078125,25072.30078125,25050.400390625,25054.849609375,0.0,41.96465787677065,-43.97552510409514,-46.68581691168722,25092.59909952774,25136.907295477224,39.63730804220916
2025-06-24 09:10:00+00:00,25057.75,25077.05078125,25057.30078125,25070.44921875,0.0,39.977415275365956,-41.343544370887685,-45.61736240352731,25089.280137667956,25133.80308781145,38.216786039194226
2025-06-24 09:15:00+00:00,25042.80078125,25055.5,25030.0,25031.650390625,0.0,37.73030579872674,-40.002829971694155,-44.49445591716068,25084.853532294816,25130.23436990708,37.46915846496607
2025-06-24 09:20:00+00:00,25044.55078125,25047.80078125,25029.900390625,25042.44921875,0.0,38.16845683225343,-38.35693886153604,-43.26695250603575,25081.015175052453,25126.874229175428,36.071389333539926
2025-06-24 09:25:00+00:00,25032.19921875,25047.900390625,25015.5,25044.900390625,0.0,36.23072926334977,-37.615616751169,-42.136685355062404,25076.366036356983,25123.161483668548,35.80917514007279
2025-06-24 09:30:00+00:00,25027.349609375,25048.5,25022.599609375,25032.94921875,0.0,35.46933310502163,-36.9930042586966,-41.10794913578924,25071.697805215845,25119.404155264878,35.10140481756759
2025-06-24 09:35:00+00:00,25044.900390625,25047.0,25024.80078125,25028.19921875,0.0,40.354565103576256,-34.68356742832111,-39.82307279429561,25069.145670492908,25116.482439004492,34.17982009845562
2025-06-24 09:40:00+00:00,25041.5,25044.75,25031.44921875,25044.25,0.0,39.72705254093067,-32.750181500778126,-38.40849453559211,25066.512749493584,25113.541951200394,32.69920236820879
2025-06-24 09:45:00+00:00,25055.0,25055.69921875,25038.849609375,25042.5,0.0,43.48445175388282,-29.785275927912153,-36.68385081405612,25065.416297160864,25111.246188408222,31.567088582979586
2025-06-24 09:50:00+00:00,25069.400390625,25071.25,25051.099609375,25054.650390625,0.0,47.261218710810404,-25.974161757680122,-34.54191300278092,25065.79573463364,25109.605176730453,30.75161015740962
2025-06-24 09:55:00+00:00,25071.55078125,25078.349609375,25062.30078125,25069.650390625,0.0,47.821966689724135,-22.520703121372208,-32.13767102649918,25066.34383431139,25108.112847495926,29.701411440808933
2025-06-25 03:45:00+00:00,25161.69921875,25166.19921875,25142.150390625,25150.349609375,0.0,64.7451491790755,-12.367027373595192,-28.18354229591838,25075.42529949602,25110.214273819613,34.34048473075115
2025-06-25 03:50:00+00:00,25155.25,25184.349609375,25148.94921875,25161.849609375,0.0,63.16675139797515,-4.785401119654125,-23.50391406066553,25083.02765192497,25111.980380728648,34.41619229462607
2025-06-25 03:55:00+00:00,25160.400390625,25177.75,25154.5,25154.5,0.0,63.923158296353826,1.620011307160894,-18.479128987100246,25090.396484182114,25113.879204646153,33.61860713072421
2025-06-25 04:00:00+00:00,25178.0,25183.349609375,25159.44921875,25159.900390625,0.0,66.45800602867813,8.023992602451472,-13.178504669189902,25098.739676164772,25116.393745640424,32.924448808886766
2025-06-25 04:05:00+00:00,25169.94921875,25186.900390625,25169.0,25179.400390625,0.0,64.23463319335767,12.307687789900228,-8.081266177371877,25105.521537363365,25118.49396027217,31.851301795751997
2025-06-25 04:10:00+00:00,25188.349609375,25192.0,25167.05078125,25168.400390625,0.0,66.95567707624556,16.99143811151953,-3.066725319593596,25113.409925173997,25121.23339749189,31.358295863912566
2025-06-25 04:15:00+00:00,25181.849609375,25199.94921875,25178.75,25188.25,0.0,65.07228846559153,19.948889923485694,1.5363977290222621,25119.927990336,25123.61050384025,30.632647498633098
2025-06-25 04:20:00+00:00,25187.400390625,25196.25,25179.44921875,25180.900390625,0.0,65.95304574294056,22.481441386724327,5.7254064605626755,25126.353933220667,25126.112068027887,29.64465705230216
2025-06-25 04:25:00+00:00,25203.0,25204.69921875,25186.80078125,25187.349609375,0.0,68.36721560595328,25.453848649809515,9.671094898412044,25133.653558628223,25129.127281046403,28.805641369994866
2025-06-25 04:30:00+00:00,25197.099609375,25208.599609375,25193.75,25203.75,0.0,66.44800245471478,27.02189897815697,13.14125571436103,25139.696039651724,25131.79286254949,27.808781941780946
2025-06-25 04:35:00+00:00,25192.44921875,25202.599609375,25188.150390625,25198.30078125,0.0,64.90159462752722,27.57151523707944,16.027307618904715,25144.7201519468,25134.171543184806,26.85452742808231
2025-06-25 04:40:00+00:00,25173.05078125,25194.349609375,25173.05078125,25193.05078125,0.0,58.75865874870248,26.140467260600417,18.049939547243856,25147.418307118533,25135.696219187364,26.45769176357643
2025-06-25 04:45:00+00:00,25190.5,25193.55078125,25172.650390625,25173.900390625,0.0,62.22242525745629,26.11333923332495,19.662619484460073,25151.521325488196,25137.84538706237,26.060741682249546
2025-06-25 04:50:00+00:00,25204.650390625,25207.19921875,25188.5,25191.0,0.0,64.8040086306006,26.923303259154636,21.114756239398986,25156.581236453607,25140.46519112365,25.534918615660295
2025-06-25 04:55:00+00:00,25207.650390625,25209.400390625,25202.19921875,25205.44921875,0.0,65.34471203375819,27.49038842743539,22.38988267700627,25161.444965422314,25143.099904829585,24.225365277041703
2025-06-25 05:00:00+00:00,25207.0,25212.05078125,25202.30078125,25207.69921875,0.0,65.1111731918189,27.569522131328995,23.425810567870816,25165.783540144,25145.605790914702,23.191410614395867
2025-06-25 05:05:00+00:00,25214.400390625,25217.099609375,25205.19921875,25206.150390625,0.0,66.57498530255536,27.90768343487798,24.32218514127225,25170.413716380284,25148.30361835432,22.384909186581876
2025-06-25 05:10:00+00:00,25201.30078125,25214.900390625,25200.05078125,25214.05078125,0.0,61.64458388214275,26.809605264610582,24.819669165939917,25173.355341605973,25150.381938467875,21.846673485754597
2025-06-25 05:15:00+00:00,25198.30078125,25201.400390625,25188.150390625,25201.400390625,0.0,60.538844142600816,25.40444880341238,24.936625093434408,25175.731097762546,25152.261108773055,21.23262537962927
2025-06-25 05:20:00+00:00,25212.75,25215.05078125,25197.099609375,25198.400390625,0.0,63.89776574395595,25.1666775867634,24.982635592100205,25179.256707499448,25154.633222154505,20.99823584358432
2025-06-25 05:25:00+00:00,25205.30078125,25217.94921875,25200.44921875,25212.599609375,0.0,61.01431301418119,24.09935017956741,24.805978509593647,25181.73709547569,25156.62018525629,20.74836185475687
2025-06-25 05:30:00+00:00,25210.599609375,25210.599609375,25200.94921875,25205.25,0.0,62.31696041794751,23.411187073586916,24.527020222392302,25184.485906323243,25158.73702541781,19.95564962405995
2025-06-25 05:35:00+00:00,25206.5,25210.400390625,25203.900390625,25208.94921875,0.0,60.629048546082025,22.27819942419228,24.077256062752298,25186.58248667341,25160.610083244563,19.00876170448424
2025-06-25 05:40:00+00:00,25194.900390625,25207.849609375,25192.55078125,25206.900390625,0.0,56.00663737171952,20.2113234590106,23.304069542003962,25187.374668002136,25161.954801181048,18.74376644880679
2025-06-25 05:45:00+00:00,25208.19921875,25208.650390625,25194.30078125,25195.349609375,0.0,59.79158175706549,19.422522898432362,22.527760213289646,25189.357958549554,25163.76830775238,18.429898086392022
2025-06-25 05:50:00+00:00,25208.75,25214.80078125,25205.05078125,25208.25,0.0,59.945282679049974,18.627114434752002,21.74763105758212,25191.204819640072,25165.53229568366,17.80990536593545
2025-06-25 05:55:00+00:00,25211.650390625,25215.30078125,25208.30078125,25208.75,0.0,60.795169496919335,18.023026549421047,21.002710155949906,25193.15201687673,25167.340848426462,17.03776926836863
2025-06-25 06:00:00+00:00,25213.94921875,25220.05078125,25209.650390625,25212.19921875,0.0,61.49257692879485,17.52773000478919,20.307714125717766,25195.132702769424,25169.16862765484,16.5636707938423
2025-06-25 06:05:00+00:00,25212.80078125,25220.25,25212.75,25214.650390625,0.0,60.90964398697471,16.848317697691527,19.61583484011252,25196.815376910432,25170.87969250171,15.916265737139279
2025-06-25 06:10:00+00:00,25209.19921875,25213.44921875,25207.44921875,25212.19921875,0.0,59.020070009264444,15.83670685654215,18.860009243398448,25197.99479041896,25172.38241902125,15.20796104162933
2025-06-25 06:15:00+00:00,25210.5,25214.19921875,25204.849609375,25210.0,0.0,59.50865268315166,14.967424994028988,18.081492393524556,25199.18576276001,25173.877226118457,14.789507351155807
2025-06-25 06:20:00+00:00,25210.25,25213.150390625,25207.25,25209.900390625,0.0,59.362166381149,14.095851739988575,17.28436426281736,25200.23949964001,25175.30360940793,14.154570442144678
2025-06-25 06:25:00+00:00,25213.25,25214.80078125,25209.25,25209.69921875,0.0,60.615056695634536,13.491674954177142,16.52582640108932,25201.47859491239,25176.791703156636,13.5400140712772
2025-06-25 06:30:00+00:00,25198.55078125,25215.150390625,25189.94921875,25212.94921875,0.0,52.133810760335706,11.691978541311983,15.559056829133851,25201.199755515972,25177.645000336768,14.372953914400258
2025-06-25 06:35:00+00:00,25196.099609375,25199.30078125,25191.099609375,25198.349609375,0.0,50.8559454837301,9.95318298518032,14.437882060343146,25200.71402731207,25178.36871049513,13.932112340157383
2025-06-25 06:40:00+00:00,25194.25,25197.400390625,25190.599609375,25195.94921875,0.0,49.8627544277035,8.329905001199222,13.21628664851436,25200.098405663302,25178.99150616199,13.422731548003284
2025-06-25 06:45:00+00:00,25182.099609375,25204.599609375,25181.099609375,25194.349609375,0.0,43.80992442355566,5.993916388379148,11.771812596487319,25198.38423458823,25179.1133925625,14.142536437431621
2025-06-25 06:50:00+00:00,25199.30078125,25200.80078125,25180.30078125,25182.650390625,0.0,52.58499282421564,5.467592395278189,10.510968556245492,25198.471524746492,25179.90505486397,14.596640977615078
2025-06-25 06:55:00+00:00,25204.599609375,25206.150390625,25198.44921875,25200.599609375,0.0,54.92047576241486,5.415620087060233,9.49189886240844,25199.05515185397,25180.873468766364,14.10410747028543
2025-06-25 07:00:00+00:00,25206.19921875,25212.099609375,25200.44921875,25204.849609375,0.0,55.630968460547244,5.44078874060142,8.681676838047037,25199.7355391774,25181.86663543239,13.92884198133647
2025-06-25 07:05:00+00:00,25214.80078125,25217.30078125,25203.0,25206.650390625,0.0,59.34184146464263,6.084669010575453,8.162275272552721,25201.170324136696,25183.158170562496,13.955409071955293
2025-06-25 07:10:00+00:00,25205.55078125,25215.900390625,25203.44921875,25214.400390625,0.0,54.101555785885566,5.781900914276775,7.686200400897532,25201.58751052844,25184.03631215809,13.847963557887057
2025-06-25 07:15:00+00:00,25191.75,25206.44921875,25189.69921875,25205.44921875,0.0,47.37910786831137,4.377881811320549,7.024536682982136,25200.65060476383,25184.338809720517,14.05525187518084
2025-06-25 07:20:00+00:00,25198.80078125,25200.0,25188.650390625,25192.55078125,0.0,50.74635012591375,3.790431937934045,6.377715733972519,25200.474431095845,25184.90594585893,13.861991696596494
2025-06-25 07:25:00+00:00,25208.69921875,25210.94921875,25196.69921875,25198.599609375,0.0,55.091080681522975,4.07660232843773,5.917493052865561,25201.257744205763,25185.83901538407,13.88970657541103
2025-06-25 07:30:00+00:00,25216.80078125,25218.400390625,25207.55078125,25208.19921875,0.0,58.330931729236184,4.900631382781285,5.714120718848706,25202.738033448073,25187.053202280775,13.67255677538167
2025-06-25 07:35:00+00:00,25224.400390625,25230.400390625,25215.400390625,25216.650390625,0.0,61.16142965580753,6.096627185954276,5.790622012269821,25204.80111508397,25188.51779790212,13.767374148568694
2025-06-25 07:40:00+00:00,25240.44921875,25244.69921875,25222.44921875,25223.900390625,0.0,66.35852640669218,8.244432099429105,6.281384029701678,25208.196172575972,25190.554324209883,14.373275995099501
2025-06-25 07:45:00+00:00,25230.0,25242.55078125,25227.349609375,25240.400390625,0.0,60.66644273512008,8.999675682924135,6.825042360346169,25210.272727568736,25192.101213456554,14.432411415092393
2025-06-25 07:50:00+00:00,25247.75,25249.400390625,25237.400390625,25238.30078125,0.0,66.001440889397,10.904784750528052,7.640990838382546,25213.841991609806,25194.2835188112,14.787267072942937
2025-06-25 07:55:00+00:00,25258.80078125,25259.5,25246.25,25247.650390625,0.0,68.83550966563766,13.154664322009921,8.743725535108021,25218.12378109935,25196.81360753429,14.67746228201844
2025-06-25 08:00:00+00:00,25250.55078125,25265.94921875,25248.5,25258.69921875,0.0,64.51200377528687,14.109360119357007,9.81685245195782,25221.212066827982,25198.920947680006,14.875444886874266
2025-06-25 08:05:00+00:00,25249.599609375,25256.150390625,25244.5,25249.900390625,0.0,64.01279746698732,14.620673769764835,10.777616715519223,25223.91564230865,25200.90834617785,14.645083868168962
2025-06-25 08:10:00+00:00,25257.94921875,25258.75,25248.05078125,25248.80078125,0.0,66.46591225660552,15.520723972855194,11.726238166986416,25227.156935303065,25203.145243141465,14.363236359728322
2025-06-25 08:15:00+00:00,25253.19921875,25261.05078125,25250.400390625,25257.849609375,0.0,63.80143295682574,15.670099784700142,12.51501049052916,25229.6371527742,25205.10814414572,14.098033092962014
2025-06-25 08:20:00+00:00,25241.75,25255.0,25240.849609375,25253.849609375,0.0,57.7880564580629,14.695227488740784,12.951053890171487,25230.790757271898,25206.54507966942,14.101772916679012
2025-06-25 08:25:00+00:00,25236.25,25246.69921875,25234.75,25241.150390625,0.0,55.10134113493785,13.325225234199024,13.025888158976993,25231.310685150765,25207.709978505914,13.948019047630511
2025-06-25 08:30:00+00:00,25225.94921875,25236.650390625,25224.30078125,25236.05078125,0.0,50.37733044039044,11.278292482245888,12.676369023630773,25230.800069303074,25208.425242829213,13.833846928156904
2025-06-25 08:35:00+00:00,25242.900390625,25246.849609375,25225.349609375,25226.599609375,0.0,56.92240237747358,10.898272926071513,12.320749804118922,25231.952480857544,25209.77720940944,14.381429290431411
2025-06-25 08:40:00+00:00,25245.25,25246.69921875,25238.400390625,25243.94921875,0.0,57.75416391139868,10.663773190601205,11.98935448141538,25233.218911252065,25211.168299236524,13.946957778614882
2025-06-25 08:45:00+00:00,25249.349609375,25253.0,25244.80078125,25246.05078125,0.0,59.233222028686576,10.685558211916941,11.728595227515692,25234.755168216154,25212.665605516468,13.536404990856678
2025-06-25 08:50:00+00:00,25254.69921875,25255.05078125,25246.349609375,25249.599609375,0.0,61.14489539325056,11.007602971218148,11.584396776256185,25236.65460160033,25214.31398250602,13.191031196866914
2025-06-25 08:55:00+00:00,25258.05078125,25262.05078125,25252.25,25255.0,0.0,62.33651526084521,11.401835583536013,11.54788453771215,25238.692332995535,25216.029151084214,12.948870486376421
2025-06-25 09:00:00+00:00,25233.25,25259.19921875,25215.75,25258.25,0.0,50.09383161900393,9.60236193981109,11.158780018131939,25238.17401556739,25216.704478492677,15.127466790920963
2025-06-25 09:05:00+00:00,25240.099609375,25241.900390625,25231.05078125,25233.75,0.0,52.84817294714329,8.629496876324993,10.65292338977055,25238.35740545383,25217.621934605708,14.821905546926606
2025-06-25 09:10:00+00:00,25245.5,25246.80078125,25238.150390625,25240.5,0.0,54.95882802335984,8.199739205487276,10.162286552913896,25239.037652553463,25218.71519207215,14.381083052503277
2025-06-25 09:15:00+00:00,25227.55078125,25250.69921875,25226.099609375,25245.849609375,0.0,47.36920965247679,6.337743646221497,9.397377971575418,25237.94366481028,25219.061685765402,15.11097778982447
2025-06-25 09:20:00+00:00,25238.80078125,25240.5,25222.650390625,25228.0,0.0,51.85676105554627,5.704126115218969,8.658727600304129,25238.025294947394,25219.83576794127,15.306594331622723
2025-06-25 09:25:00+00:00,25235.19921875,25240.05078125,25233.25,25239.150390625,0.0,50.37589613315463,4.8553937064243655,7.898060821528176,25237.756144833354,25220.43825620828,14.699036254363957
2025-06-25 09:30:00+00:00,25254.05078125,25255.75,25235.80078125,25235.80078125,0.0,57.25642718559054,5.638928643045801,7.446234385831701,25239.308014968276,25221.75639444521,15.117018039766531
2025-06-25 09:35:00+00:00,25241.30078125,25254.849609375,25238.75,25253.900390625,0.0,52.00451068896834,5.171453979226499,6.9912783045106615,25239.497802233203,25222.522840986574,15.18720313514035
2025-06-25 09:40:00+00:00,25248.599609375,25249.94921875,25237.849609375,25240.94921875,0.0,54.573321871551556,5.328507651684049,6.658724173945339,25240.364641008615,25223.545459354747,14.966660723701754
2025-06-25 09:45:00+00:00,25245.55078125,25249.650390625,25241.349609375,25248.80078125,0.0,53.2902701320561,5.14762030644124,6.35650340044452,25240.858559126842,25224.408413154564,14.4905264755802
2025-06-25 09:50:00+00:00,25241.19921875,25246.900390625,25239.0,25245.55078125,0.0,51.4316476584978,4.600103921344271,6.005223504624471,25240.891002900476,25225.066876119094,14.019802486253043
2025-06-25 09:55:00+00:00,25238.349609375,25247.94921875,25234.650390625,25241.099609375,0.0,50.196992295979385,3.891395989474404,5.582458001594459,25240.64896542186,25225.587767619327,13.968304317592112
2025-06-26 03:45:00+00:00,25283.650390625,25297.94921875,25260.400390625,25271.69921875,0.0,64.70324252567434,6.905531629865436,5.847072727248655,25244.744339250734,25227.86473322739,17.227683250264104
2025-06-26 03:50:00+00:00,25331.75,25340.75,25282.75,25282.75,0.0,73.52196820634317,13.025344271143695,7.282727036027664,25253.030592655425,25231.93866525769,20.13999158953095
2025-06-26 03:55:00+00:00,25348.69921875,25351.55078125,25321.55078125,25331.80078125,0.0,75.81499930867213,19.02370673344558,9.630922975511247,25262.141890378716,25236.517510492686,20.844277904564454
2025-06-26 04:00:00+00:00,25370.75,25389.44921875,25349.599609375,25350.44921875,0.0,78.4319423026561,25.26552076535154,12.757842533479305,25272.48551986646,25241.781529689055,22.266115197095562
2025-06-26 04:05:00+00:00,25354.400390625,25374.099609375,25352.30078125,25372.30078125,0.0,72.19431738716078,28.56366239843919,15.919006506471284,25280.286936129174,25246.197955608113,22.232737549088736
2025-06-26 04:10:00+00:00,25347.099609375,25356.55078125,25336.69921875,25354.400390625,0.0,69.53496337321553,30.239766171955125,18.783158439568055,25286.65004786687,25250.154883206815,22.06265361701097
2025-06-26 04:15:00+00:00,25384.19921875,25388.94921875,25346.75,25346.75,0.0,74.64595413559182,34.167853167764406,21.860097385207325,25295.940445093835,25255.411523816354,23.500979697938757
2025-06-26 04:20:00+00:00,25392.150390625,25394.599609375,25371.69921875,25384.099609375,0.0,75.59109842665379,37.49031847738297,24.986141603642455,25305.103297049183,25260.773832318657,23.45808047844313
2025-06-26 04:25:00+00:00,25418.099609375,25421.349609375,25390.30078125,25392.900390625,0.0,78.41863126815308,41.736172640448785,28.336147811003723,25315.864850604026,25266.943470634593,24.000276738911477
2025-06-26 04:30:00+00:00,25418.349609375,25437.5,25413.400390625,25419.44921875,0.0,78.4445382700437,44.60701367828733,31.590320984460448,25325.625303820307,25272.880966271474,24.007371927203515
2025-06-26 04:35:00+00:00,25396.900390625,25419.5,25384.55078125,25418.80078125,0.0,70.61248195297857,44.636857284247526,34.199628244417866,25332.413407325515,25277.74447310887,24.78893241454612
2025-06-26 04:40:00+00:00,25386.19921875,25409.44921875,25384.94921875,25396.30078125,0.0,67.01742816519446,43.29790215604953,36.019283026744205,25337.53586555642,25281.997600388913,24.768294384935682
2025-06-26 04:45:00+00:00,25380.5,25395.80078125,25371.25,25385.900390625,0.0,65.1159983916587,41.3008013187864,37.07558668515264,25341.627687884382,25285.86043958935,24.752757732440276
2025-06-26 04:50:00+00:00,25373.69921875,25387.55078125,25361.75,25379.849609375,0.0,62.82536434766854,38.72294430875263,37.40505820987264,25344.682119395395,25289.30509759565,24.827616555123114
2025-06-26 04:55:00+00:00,25362.30078125,25379.80078125,25361.05078125,25373.400390625,0.0,59.0744358134628,35.352691587970185,36.99458488549215,25346.36008719107,25292.167673425232,24.393501086900034
2025-06-26 05:00:00+00:00,25360.599609375,25371.0,25351.849609375,25362.5,0.0,58.51294419221172,32.17359450231015,36.03038680885575,25347.716232160972,25294.851278756596,24.018993196764317
2025-06-26 05:05:00+00:00,25370.0,25375.80078125,25359.849609375,25361.5,0.0,60.73391906335074,30.066086983602872,34.83752684380518,25349.83849576469,25297.798287432808,23.442720245209724
2025-06-26 05:10:00+00:00,25306.80078125,25370.849609375,25304.05078125,25370.0,0.0,43.76910264338562,23.03073928964659,32.47616933297346,25345.73966581091,25298.151326406034,26.53958509376617
2025-06-26 05:15:00+00:00,25334.55078125,25334.55078125,25292.5,25306.900390625,0.0,50.329796311385586,19.469931389372505,29.87492174425327,25344.67405775749,25299.57875600776,27.647527676354304
2025-06-26 05:20:00+00:00,25329.19921875,25345.349609375,25318.30078125,25332.69921875,0.0,49.13909134475169,16.03133979924678,27.106205355251973,25343.2002635663,25300.740342781966,27.60476342268614
2025-06-26 05:25:00+00:00,25320.25,25335.849609375,25316.44921875,25330.900390625,0.0,47.13103819257108,12.440695436056558,24.173103371412893,25341.014524179034,25301.505427378754,27.018736794279988
2025-06-26 05:30:00+00:00,25345.30078125,25365.19921875,25323.05078125,25323.05078125,0.0,52.929558573255385,11.484091143684054,21.635300925867128,25341.422739138172,25303.22289223645,28.29948550540285
2025-06-26 05:35:00+00:00,25332.30078125,25346.94921875,25326.900390625,25345.94921875,0.0,49.872629028008056,9.566704975659377,19.221581735825577,25340.553981244062,25304.363201609533,27.71015283537407
2025-06-26 05:40:00+00:00,25337.75,25342.44921875,25322.349609375,25332.349609375,0.0,51.14630840580906,8.390152579333517,17.055295904527163,25340.28693541129,25305.672487820924,27.166542588204493
2025-06-26 05:45:00+00:00,25327.75,25338.900390625,25313.900390625,25337.849609375,0.0,48.70078624227971,6.575017196693807,14.959240162960493,25339.092941562598,25306.538272612263,27.011789546189885
2025-06-26 05:50:00+00:00,25348.69921875,25349.650390625,25323.5,25329.849609375,0.0,53.695732745195336,6.749136359048862,13.317219402178168,25340.007825104254,25308.19164304904,26.95026105181918
2025-06-26 05:55:00+00:00,25337.349609375,25348.099609375,25328.849609375,25348.099609375,0.0,50.80930209180575,5.903259326893021,11.834427387121139,25339.75466170147,25309.335092708883,26.443071646332097
2025-06-26 06:00:00+00:00,25365.94921875,25370.349609375,25338.0,25338.0,0.0,57.07155222223968,7.454711866350408,10.958484282966992,25342.249381420377,25311.555254514416,26.91142367159409
2025-06-26 06:05:00+00:00,25340.099609375,25356.19921875,25338.80078125,25353.80078125,0.0,50.77921517924232,6.523206277703139,10.071428681914224,25342.04464122558,25312.674640979538,26.92835323076594
2025-06-26 06:10:00+00:00,25318.849609375,25342.349609375,25318.349609375,25340.80078125,0.0,46.26355807468393,4.023898978586658,8.861922741248712,25339.835590573144,25312.91679660289,26.719185142854087
2025-06-26 06:15:00+00:00,25346.150390625,25350.19921875,25318.349609375,25318.599609375,0.0,52.150783036778904,4.197735935365927,7.929085380072156,25340.43700010189,25314.220074799836,27.085644016578794
2025-06-26 06:20:00+00:00,25342.0,25349.349609375,25338.349609375,25346.849609375,0.0,51.231857317800795,3.955010242694698,7.134270352596665,25340.585857235044,25315.309483631216,25.93666944396602
2025-06-26 06:25:00+00:00,25342.650390625,25350.05078125,25339.5,25342.55078125,0.0,51.37644664902517,3.771652211486071,6.461746724374547,25340.78247946266,25316.381676062345,24.837677430111306
2025-06-26 06:30:00+00:00,25388.30078125,25391.05078125,25348.150390625,25352.25,0.0,60.27833907480171,7.2266404453075666,6.614725468561152,25345.308032013836,25319.202033128528,26.520728372603354
2025-06-26 06:35:00+00:00,25391.400390625,25398.25,25387.94921875,25398.25,0.0,60.80306784501609,10.098447468153608,7.3114698684796435,25349.697780452996,25322.033341265647,25.36216072098883
2025-06-26 06:40:00+00:00,25396.400390625,25400.55078125,25381.19921875,25383.650390625,0.0,61.68240107621733,12.63221710180369,8.375619315144453,25354.145648088423,25324.949696142485,24.932832276632485
2025-06-26 06:45:00+00:00,25393.55078125,25413.5,25391.650390625,25399.349609375,0.0,60.84463321416105,14.246088094241713,9.549713070963906,25357.898517913334,25327.63993477415,24.712602069373023
2025-06-26 06:50:00+00:00,25402.44921875,25405.849609375,25391.55078125,25395.650390625,0.0,62.55492510190276,16.05801521829926,10.851373500430977,25362.14144180254,25330.57363218497,23.96876107334638
2025-06-26 06:55:00+00:00,25406.900390625,25410.349609375,25395.80078125,25402.900390625,0.0,63.41575691099671,17.64969815488439,12.211038431321661,25366.40419883325,25333.566838398307,23.295908719893067
2025-06-26 07:00:00+00:00,25401.05078125,25421.19921875,25398.349609375,25407.900390625,0.0,61.417492876150355,18.22897152366204,13.414625049789738,25369.70387334913,25336.213267529747,23.26403019525785
2025-06-26 07:05:00+00:00,25406.69921875,25409.80078125,25399.69921875,25402.0,0.0,62.64162914590035,18.925668219726504,14.516833683777092,25373.227239577784,25338.977422479562,22.323853931310857
2025-06-26 07:10:00+00:00,25402.19921875,25410.900390625,25389.94921875,25407.05078125,0.0,60.98163240288323,18.896861719840672,15.392839290989809,25375.986475689424,25341.456708607813,22.22580521300294
2025-06-26 07:15:00+00:00,25378.30078125,25403.19921875,25365.0,25403.19921875,0.0,52.95565050194511,16.75251561058758,15.664774554909364,25376.206885742813,25342.901574201624,23.366763322788444
2025-06-26 07:20:00+00:00,25358.44921875,25383.44921875,25351.30078125,25379.099609375,0.0,47.37760440332923,13.297960076437448,15.191411659214982,25374.515679362547,25343.511285752542,23.994025764017838
2025-06-26 07:25:00+00:00,25371.44921875,25377.900390625,25356.25,25359.19921875,0.0,51.01637014157344,11.476892805218085,14.448507888415602,25374.223635494684,25344.60689096813,23.82662325408799
2025-06-26 07:30:00+00:00,25393.05078125,25396.900390625,25371.0,25373.0,0.0,56.41017360837522,11.642541463890666,13.887314603510616,25376.01669699519,25346.506651371343,23.974749494867417
2025-06-26 07:35:00+00:00,25379.900390625,25399.150390625,25379.900390625,25394.349609375,0.0,52.61206261148547,10.59061063135232,13.227973809078957,25376.38657257898,25347.81620977345,23.637267388091175
2025-06-26 07:40:00+00:00,25392.44921875,25397.0,25370.19921875,25381.0,0.0,55.678762616167624,10.64680369695634,12.711739786654435,25377.916348404793,25349.566523850965,23.863232663941805
2025-06-26 07:45:00+00:00,25430.900390625,25438.05078125,25391.19921875,25393.5,0.0,63.47795551069089,13.636828456939838,12.896757520711517,25382.962447663864,25352.75608725387,25.505256223660247
2025-06-26 07:50:00+00:00,25408.650390625,25450.900390625,25408.650390625,25433.599609375,0.0,57.20493900575222,14.049106220947579,13.127227260758731,25385.40891842207,25354.948020719406,26.70130935054166
2025-06-26 07:55:00+00:00,25400.400390625,25417.55078125,25389.30078125,25411.650390625,0.0,55.03329981675147,13.553892432395514,13.212560295086089,25386.83667767949,25356.730466598056,26.811930111217258
2025-06-26 08:00:00+00:00,25408.75,25414.400390625,25395.599609375,25402.19921875,0.0,56.81992886094606,13.677509813929646,13.3055501988548,25388.92366075763,25358.770448300093,26.239705192558883
2025-06-26 08:05:00+00:00,25425.900390625,25427.5,25409.44921875,25409.44921875,0.0,60.308395453883875,14.986614310128061,13.641763021109453,25392.445254078335,25361.40299505793,25.70472625023325
2025-06-26 08:10:00+00:00,25442.05078125,25447.30078125,25427.150390625,25427.150390625,0.0,63.314085944396595,17.129828602763155,14.339376137440194,25397.169589999445,25364.565653339974,25.39727370557373
2025-06-26 08:15:00+00:00,25463.05078125,25474.400390625,25442.599609375,25442.849609375,0.0,66.83127216795785,20.28898705308893,15.529298320569943,25403.443989166164,25368.4278152188,25.89386911053275
2025-06-26 08:20:00+00:00,25482.5,25484.5,25458.349609375,25463.599609375,0.0,69.72615597969866,24.08440229704138,17.24031911586423,25410.973133055104,25372.90123422983,25.91219207585184
2025-06-26 08:25:00+00:00,25500.44921875,25502.75,25469.150390625,25483.349609375,0.0,72.1425704956042,28.215398615844606,19.435335015860307,25419.494665026046,25377.90311597572,26.46129331150528
2025-06-26 08:30:00+00:00,25513.25,25526.5,25494.55078125,25500.69921875,0.0,73.75166389899591,32.151536132099864,21.97857523910822,25428.423744547374,25383.21083691785,26.853287985683473
2025-06-26 08:35:00+00:00,25480.30078125,25512.94921875,25475.30078125,25512.94921875,0.0,63.57268735606628,32.24057757780247,24.030975706847073,25433.36441470953,25387.01828571519,27.64585446884894
2025-06-26 08:40:00+00:00,25515.94921875,25516.900390625,25477.099609375,25481.849609375,0.0,68.61904981753956,34.78667540474635,26.18211564642693,25441.229634141953,25392.074400736165,28.514063524645444
2025-06-26 08:45:00+00:00,25523.599609375,25525.19921875,25504.69921875,25517.599609375,0.0,69.5926001028896,36.995339616405545,28.344760440422654,25449.07439368796,25397.232252055335,27.941630415742196
2025-06-26 08:50:00+00:00,25508.25,25512.349609375,25507.599609375,25511.650390625,0.0,65.22064409773864,37.079704964664415,30.091749345271005,25454.710165717675,25401.58588922964,27.088656814617757
2025-06-26 08:55:00+00:00,25507.900390625,25517.25,25507.05078125,25513.94921875,0.0,65.1202982222193,36.69535336469926,31.412470149156658,25459.775901423134,25405.75508536279,25.882268381430773
2025-06-26 09:00:00+00:00,25505.900390625,25517.150390625,25502.19921875,25507.55078125,0.0,64.50884209861152,35.81649836912038,32.293275793149405,25464.16870991855,25409.68235223582,25.101475773828575
2025-06-26 09:05:00+00:00,25505.30078125,25513.30078125,25503.94921875,25507.55078125,0.0,64.31386812134357,34.67193945242616,32.76900852500476,25468.086050045356,25413.432094550102,23.976481968555106
2025-06-26 09:10:00+00:00,25504.5,25507.650390625,25493.30078125,25504.849609375,0.0,64.03550709954376,33.31620345555348,32.8784475111145,25471.554045279132,25417.003384959902,23.288848211872597
2025-06-26 09:15:00+00:00,25489.599609375,25509.349609375,25489.55078125,25509.19921875,0.0,58.92491523522472,30.685710149395163,32.43990003877063,25473.27267043112,25419.85029572128,23.039561062810268
2025-06-26 09:20:00+00:00,25508.75,25509.349609375,25480.349609375,25486.5,0.0,63.010832510148745,29.802754131473193,31.912470857311146,25476.651463723396,25423.33655863417,23.465306701180964
2025-06-26 09:25:00+00:00,25541.05078125,25547.400390625,25532.849609375,25535.75,0.0,68.67153456034059,31.348047446415876,31.799586175132095,25482.784732059263,25427.952802658325,24.549955552882324
2025-06-26 09:30:00+00:00,25545.05078125,25550.849609375,25543.75,25545.0,0.0,69.29813705049584,32.520592950186256,31.943787530142927,25488.71483198219,25432.544880250156,23.496303593747875
2025-06-26 09:35:00+00:00,25550.55078125,25564.75,25539.900390625,25560.19921875,0.0,70.18127677372041,33.507395348296996,32.256509093773744,25494.603970007698,25437.172562642307,23.592968292408738
2025-06-26 09:40:00+00:00,25542.099609375,25557.25,25535.75,25551.599609375,0.0,66.99246014888057,33.22451291406833,32.450109857832665,25499.127364233158,25441.287348788686,23.443470557236683
2025-06-26 09:45:00+00:00,25541.099609375,25548.55078125,25537.69921875,25541.05078125,0.0,66.60680897500151,32.54448236971075,32.46898436020828,25503.124720913333,25445.20155508619,22.544048553148347
2025-06-26 09:50:00+00:00,25549.75,25559.5,25541.849609375,25545.05078125,0.0,68.30646045879605,32.3308772652199,32.441362941210606,25507.56522368349,25449.30149410242,22.248072986852037
2025-06-26 09:55:00+00:00,25530.400390625,25558.44921875,25528.599609375,25553.94921875,0.0,60.846160331584066,30.25152121024439,32.00339459501737,25509.740001487444,25452.48184298566,22.79103987171975
2025-06-27 03:45:00+00:00,25597.099609375,25620.94921875,25545.099609375,25553.44921875,0.0,72.14124425428903,33.59838481435145,32.32239263888419,25518.059964143402,25458.153127942103,27.6308818898112
2025-06-27 03:50:00+00:00,25587.400390625,25597.80078125,25570.19921875,25597.80078125,0.0,69.02300346763109,35.06395697068001,32.87070550524335,25524.663814284508,25463.221648047318,27.62878764768183
2025-06-27 03:55:00+00:00,25538.599609375,25588.099609375,25538.599609375,25586.94921875,0.0,55.92496054079439,31.91966819605659,32.680498043406004,25525.991032864553,25466.17764653076,29.191017101418844
2025-06-27 04:00:00+00:00,25563.80078125,25564.150390625,25524.099609375,25537.30078125,0.0,60.13234231929768,31.102787075527885,32.36495584983038,25529.591961282214,25470.006004755047,29.966714540603213
2025-06-27 04:05:00+00:00,25560.349609375,25573.80078125,25553.849609375,25565.25,0.0,59.29753473551187,29.83302562553581,31.858569804971467,25532.521261100577,25473.548891210732,29.25131863591727
2025-06-27 04:10:00+00:00,25535.099609375,25563.349609375,25535.099609375,25561.05078125,0.0,53.450817461053084,26.483975764422212,30.783650996861617,25532.766818079093,25475.962644864234,29.179795876208892
2025-06-27 04:15:00+00:00,25539.69921875,25551.900390625,25528.44921875,25535.25,0.0,54.33412410838333,23.9251850169494,29.411957800879176,25533.427046714416,25478.46211834995,28.770608447551115
2025-06-27 04:20:00+00:00,25568.349609375,25569.80078125,25535.099609375,25540.849609375,0.0,59.49056355444043,23.93328399665552,28.316223040034448,25536.753005063045,25481.987117997993,29.194220120940322
2025-06-27 04:25:00+00:00,25545.349609375,25568.0,25536.099609375,25567.849609375,0.0,54.19958431436107,21.832127539197245,27.019403939867008,25537.57172928323,25484.471921581408,29.41249011230173
2025-06-27 04:30:00+00:00,25556.44921875,25556.94921875,25542.05078125,25544.5,0.0,56.223059678887175,20.822562087749247,25.78003556944346,25539.369585422923,25487.29456068606,28.37577206856589
2025-06-27 04:35:00+00:00,25556.150390625,25563.55078125,25554.19921875,25555.30078125,0.0,56.151133748345224,19.770459708837734,24.578120397322316,25540.96775734693,25489.994789311117,27.016899956525467
2025-06-27 04:40:00+00:00,25567.650390625,25568.80078125,25554.599609375,25556.44921875,0.0,58.358905647590184,19.63823750645315,23.590143819148487,25543.508960516272,25493.0401070097,26.101490807845074
2025-06-27 04:45:00+00:00,25573.75,25578.30078125,25567.25,25568.099609375,0.0,59.52301259314582,19.797425560071133,22.83160016733302,25546.38905951472,25496.205200852455,25.026440125141853
2025-06-27 04:50:00+00:00,25561.30078125,25573.5,25558.150390625,25573.5,0.0,56.07727347045827,18.70343378657708,22.00596689118183,25547.80922348951,25498.757968711183,24.353095071560293
2025-06-27 04:55:00+00:00,25556.69921875,25565.0,25553.55078125,25562.25,0.0,54.81417194882488,17.266096969317005,21.05799290680887,25548.655889704794,25501.03017459506,23.431389620020273
2025-06-27 05:00:00+00:00,25566.900390625,25572.650390625,25554.349609375,25556.55078125,0.0,57.1200435838923,16.75698243905208,20.197790813257512,25550.393461221003,25503.613320321725,23.064917593590252
2025-06-27 05:05:00+00:00,25559.25,25567.30078125,25539.599609375,25567.25,0.0,54.8590496828254,15.556853199512261,19.269603290508464,25551.23694110472,25505.795150897346,23.39607861369095
2025-06-27 05:10:00+00:00,25570.55078125,25571.19921875,25555.099609375,25559.94921875,0.0,57.53310803014499,15.340781750306633,18.483838982468097,25553.07635445189,25508.334587381767,22.874902239498738
2025-06-27 05:15:00+00:00,25588.099609375,25590.69921875,25571.05078125,25571.69921875,0.0,61.36092559865838,16.396577795792837,18.066386745133045,25556.411902539803,25511.462627459936,22.68015475810597
2025-06-27 05:20:00+00:00,25599.30078125,25600.400390625,25585.44921875,25589.55078125,0.0,63.615268385634415,17.930453618660977,18.039200119838632,25560.49655765506,25514.9072609419,22.12808455216983
2025-06-27 05:25:00+00:00,25604.75,25610.25,25597.05078125,25600.349609375,0.0,64.69444312238839,19.362568039781763,18.30387370382726,25564.711171211722,25518.43050561085,21.490308423443416
2025-06-27 05:30:00+00:00,25601.94921875,25606.25,25594.30078125,25605.900390625,0.0,63.64948918129156,20.04051481656279,18.65120192637437,25568.257651929653,25521.705749263365,20.808802018197458
2025-06-27 05:35:00+00:00,25606.349609375,25608.599609375,25599.400390625,25603.0,0.0,64.61649208837306,20.694316075387178,19.05982475617693,25571.885457400636,25525.025116326568,19.97954607046907
2025-06-27 05:40:00+00:00,25606.150390625,25608.0,25598.30078125,25606.400390625,0.0,64.53279287315542,20.95482877304312,19.438825559550168,25575.148784374385,25528.20649963239,19.245236976149847
2025-06-27 05:45:00+00:00,25596.55078125,25608.849609375,25596.55078125,25607.349609375,0.0,60.46823479763627,20.154351890600083,19.58193082576015,25577.18706979111,25530.886667538965,18.749064915353433
2025-06-27 05:50:00+00:00,25606.849609375,25608.849609375,25597.900390625,25597.900390625,0.0,63.149818951772374,20.119077352894237,19.689360131186966,25580.012073561003,25533.865606434498,18.288333716042473
2025-06-27 05:55:00+00:00,25601.150390625,25607.75,25597.650390625,25607.349609375,0.0,60.696135881858915,19.40752483927281,19.632993072804133,25582.025246614718,25536.504225422363,17.70342483453944
2025-06-27 06:00:00+00:00,25598.5,25609.349609375,25595.650390625,25601.75,0.0,59.537580545092126,18.417445129576663,19.38988348415864,25583.59427074665,25538.935432268543,17.417410114215194
2025-06-27 06:05:00+00:00,25604.650390625,25604.900390625,25596.0,25596.75,0.0,61.37982586845829,17.92248569030562,19.09640392538804,25585.59961549697,25541.512489458994,16.80905157927125
2025-06-27 06:10:00+00:00,25608.599609375,25610.900390625,25601.900390625,25604.80078125,0.0,62.558627028873914,17.64548949782329,18.80622103987509,25587.7900911044,25544.14335690668,16.251262180751876
2025-06-27 06:15:00+00:00,25602.25,25609.849609375,25599.19921875,25608.55078125,0.0,59.418353749882556,16.72085994391091,18.389148820682255,25589.167225284935,25546.422048792694,15.851199926769599
2025-06-27 06:20:00+00:00,25607.650390625,25608.849609375,25597.44921875,25601.80078125,0.0,61.202171587953444,16.23668436099979,17.958655928745763,25590.927526745894,25548.823160237098,15.5332849766432
2025-06-27 06:25:00+00:00,25610.05078125,25617.0,25605.0,25607.5,0.0,62.00168654599621,15.863795229251991,17.539683788847007,25592.74878907962,25551.224243414075,15.280907478311544
2025-06-27 06:30:00+00:00,25611.19921875,25615.94921875,25608.94921875,25610.900390625,0.0,62.4009014391314,15.4824748812498,17.128242007327568,25594.505972857747,25553.576203231172,14.689414087003575
2025-06-27 06:35:00+00:00,25611.349609375,25617.80078125,25608.80078125,25611.400390625,0.0,62.45652706884118,15.019278135594504,16.706449232980958,25596.110128716533,25555.841827001517,14.283027366503319
2025-06-27 06:40:00+00:00,25612.25,25615.349609375,25607.94921875,25611.5,0.0,62.81126189964653,14.557040870353376,16.276567560455444,25597.64725931496,25558.053912217147,13.791410456395939
2025-06-27 06:45:00+00:00,25628.400390625,25632.44921875,25612.099609375,25612.44921875,0.0,68.55123362539791,15.317347212458117,16.08472349085598,25600.576128963534,25560.81259764491,14.259853236296228
2025-06-27 06:50:00+00:00,25617.05078125,25629.400390625,25615.650390625,25628.30078125,0.0,61.38127302309165,14.833090211679519,15.834396835020687,25602.145143467005,25563.018016609814,14.223435147989354
2025-06-27 06:55:00+00:00,25625.0,25626.44921875,25612.44921875,25617.44921875,0.0,64.20517703649668,14.918774225756351,15.651272313167821,25604.321796470147,25565.448682625116,14.207475494561544
2025-06-27 07:00:00+00:00,25623.44921875,25632.5,25622.69921875,25624.75,0.0,63.233746684620385,14.692182009137468,15.45945425236175,25606.143455734895,25567.72321345354,13.892711619950006
2025-06-27 07:05:00+00:00,25634.150390625,25635.69921875,25622.69921875,25624.900390625,0.0,66.94979429145539,15.200874957554333,15.407738393400267,25608.810782867287,25570.3282007936,13.828946504239292
2025-06-27 07:10:00+00:00,25638.55078125,25648.44921875,25632.849609375,25634.55078125,0.0,68.36570113864666,15.777222531585721,15.481635221037358,25611.64316366564,25573.003596105616,13.955422423579344
2025-06-27 07:15:00+00:00,25639.44921875,25643.400390625,25634.55078125,25638.94921875,0.0,68.66090921233265,16.12064971885411,15.60943812060071,25614.29135938796,25575.609306797553,13.590721491537963
2025-06-27 07:20:00+00:00,25644.69921875,25646.44921875,25638.44921875,25639.349609375,0.0,70.39922704525924,16.624808914362802,15.812512279353129,25617.18734599387,25578.318715109413,13.191384242142394
2025-06-27 07:25:00+00:00,25640.30078125,25649.150390625,25639.900390625,25645.599609375,0.0,67.0439661427005,16.479476416094258,15.945905106701357,25619.388625542073,25580.749384369832,12.909856796275081
2025-06-27 07:30:00+00:00,25626.150390625,25644.5,25623.599609375,25641.25,0.0,57.54228980978617,15.049005532368028,15.766525191834692,25620.03260316902,25582.529815987684,13.480609212612576
2025-06-27 07:35:00+00:00,25622.69921875,25628.75,25619.650390625,25626.400390625,0.0,55.477204734065886,13.481460439335933,15.309512241334941,25620.286566557686,25584.105086684245,13.167680652783107
2025-06-27 07:40:00+00:00,25616.650390625,25624.650390625,25613.05078125,25622.94921875,0.0,51.957635397770794,11.617164342922479,14.571042661652449,25619.940264087905,25585.381373113294,13.055675561512885
2025-06-27 07:45:00+00:00,25614.75,25622.400390625,25612.0,25617.349609375,0.0,50.86580004415694,9.872546048376535,13.631343338997267,25619.445953222392,25586.533083971597,12.866012351761965
2025-06-27 07:50:00+00:00,25608.849609375,25616.349609375,25608.80078125,25615.099609375,0.0,47.526422894588016,7.922485784289165,12.489571828055649,25618.436777617877,25587.408241830555,12.486213478421826
2025-06-27 07:55:00+00:00,25634.650390625,25638.400390625,25609.05078125,25610.400390625,0.0,59.91798184967172,8.362558032833476,11.664169069011216,25619.980931237602,25589.26087511661,13.705111176391696
2025-06-27 08:00:00+00:00,25629.849609375,25637.05078125,25627.599609375,25635.5,0.0,57.210742790411324,8.229075871062378,10.97715042942145,25620.920805345926,25590.852590185572,13.401258369149433
2025-06-27 08:05:00+00:00,25626.400390625,25633.599609375,25623.94921875,25629.94921875,0.0,55.278252848038385,7.755565834107983,10.332833510358757,25621.4426706106,25592.246621575352,13.13333924456733
2025-06-27 08:10:00+00:00,25625.55078125,25636.05078125,25621.30078125,25626.650390625,0.0,54.787341440915405,7.228424563458248,9.711951720978655,25621.833919242923,25593.55266705279,13.24881501281252
2025-06-27 08:15:00+00:00,25628.150390625,25630.849609375,25623.400390625,25626.05078125,0.0,56.07279349713083,6.940423181167716,9.157646013016468,25622.43548794598,25594.90944052621,12.83455813689734
2025-06-27 08:20:00+00:00,25621.69921875,25632.19921875,25620.349609375,25628.55078125,0.0,52.11313069079957,6.121064533435856,8.550329717100347,25622.36536707017,25595.9600200644,12.764204653904672
2025-06-27 08:25:00+00:00,25632.69921875,25634.400390625,25621.25,25623.0,0.0,57.60991902007721,6.286854031270195,8.097634579934317,25623.349543420634,25597.400772954035,12.791789366125768
2025-06-27 08:30:00+00:00,25633.55078125,25635.650390625,25629.400390625,25634.25,0.0,58.01173666787893,6.4130319394753315,7.760714051842521,25624.321089880574,25598.818420338193,12.324518697116785
2025-06-27 08:35:00+00:00,25635.650390625,25639.349609375,25629.75,25635.05078125,0.0,59.04260626704448,6.606296496447612,7.529830540763539,25625.400070903852,25600.262811329834,12.129882316965586
2025-06-27 08:40:00+00:00,25634.25,25639.19921875,25631.349609375,25636.0,0.0,58.01944343991874,6.570717093833082,7.338007851377449,25626.24292129396,25601.59564225808,11.824148535396617
2025-06-27 08:45:00+00:00,25620.55078125,25637.44921875,25620.55078125,25634.400390625,0.0,49.06249363658871,5.375146355669131,6.945435552235786,25625.700812718344,25602.338981042078,12.186597747154
2025-06-27 08:50:00+00:00,25613.75,25622.650390625,25613.0,25621.55078125,0.0,45.32188529663843,3.8346779413768672,6.323284030064002,25624.562640078504,25602.786471981606,12.005440095571572
2025-06-27 08:55:00+00:00,25615.400390625,25624.25,25611.55078125,25616.30078125,0.0,46.39007996273506,2.715713302641234,5.601769884579449,25623.690044892457,25603.28113545782,12.054995713745031
2025-06-27 09:00:00+00:00,25614.150390625,25619.650390625,25611.25,25616.05078125,0.0,45.66246079026522,1.7083682061638683,4.823089548896333,25622.781506390795,25603.707380758493,11.793952493120386
2025-06-27 09:05:00+00:00,25618.349609375,25622.0,25612.80078125,25615.599609375,0.0,48.58023874129806,1.2346495470337686,4.105401548523821,25622.35942096072,25604.28158580228,11.608614368611788
2025-06-27 09:10:00+00:00,25633.5,25634.150390625,25615.900390625,25618.0,0.0,57.45642264949845,2.058010538628878,3.6959233465448325,25623.420428488273,25605.427405966897,12.082999056568088
2025-06-27 09:15:00+00:00,25633.30078125,25637.5,25628.25,25633.349609375,0.0,57.316313804967706,2.6637487310363213,3.4894884234431305,25624.36141446558,25606.52047950741,11.880641981098938
2025-06-27 09:20:00+00:00,25629.75,25635.900390625,25627.94921875,25634.05078125,0.0,54.753498925862495,2.824720619890286,3.3565348627325617,25624.874613087908,25607.431441095356,11.599965544949013
2025-06-27 09:25:00+00:00,25629.5,25636.099609375,25624.849609375,25630.30078125,0.0,54.56849466426843,2.898704628310952,3.26496881584824,25625.315126127156,25608.29687477789,11.574968006024083
2025-06-27 09:30:00+00:00,25644.30078125,25653.349609375,25626.099609375,25630.05078125,0.0,62.62093634400598,4.10432473885885,3.432840000450362,25627.1232837579,25609.70879267876,12.694613148450935
2025-06-27 09:35:00+00:00,25630.599609375,25644.5,25624.25,25643.349609375,0.0,53.21757178673623,3.909154992263211,3.528102998812932,25627.4543623881,25610.528040392343,13.234283637847298
2025-06-27 09:40:00+00:00,25633.0,25634.849609375,25626.44921875,25631.30078125,0.0,54.506480453703745,3.903179599717987,3.603118318993943,25627.98251835114,25611.40929371029,12.889005565501062
2025-06-27 09:45:00+00:00,25647.599609375,25648.400390625,25631.75,25632.599609375,0.0,61.461226424589434,5.0186585488700075,3.886226364969156,25629.850812734363,25612.828521775573,13.157675926893843
2025-06-27 09:50:00+00:00,25642.30078125,25649.94921875,25638.80078125,25646.099609375,0.0,57.995838582481085,5.412718062605563,4.191524704496437,25631.03652402157,25613.984296656927,13.014158896401426
2025-06-27 09:55:00+00:00,25632.44921875,25648.099609375,25629.599609375,25641.25,0.0,52.11275977791336,4.87389112251185,4.32799798809952,25631.171066376657,25614.708411248812,13.40600468951561
2025-06-30 03:45:00+00:00,25611.349609375,25664.849609375,25592.30078125,25660.94921875,0.0,42.231758038478446,2.713030622468068,4.00500451497323,25629.283308566974,25614.57669352827,17.630492077764494
2025-06-30 03:50:00+00:00,25636.150390625,25637.650390625,25598.55078125,25610.55078125,0.0,53.413150149340524,2.9675409216033586,3.797511796299256,25629.937316382024,25615.422720865397,19.16400045613846
2025-06-30 03:55:00+00:00,25632.599609375,25651.05078125,25625.30078125,25635.69921875,0.0,51.86530710488022,2.8498722423319123,3.6079838855057873,25630.19086809564,25616.096324336366,19.634428994985715
2025-06-30 04:00:00+00:00,25609.650390625,25631.94921875,25597.94921875,25631.849609375,0.0,43.15992096527864,0.8944975962695025,3.065286627658531,25628.234632146057,25615.843542622195,20.70699768284388
2025-06-30 04:05:00+00:00,25596.94921875,25612.599609375,25591.5,25608.94921875,0.0,39.23488171324848,-1.6608836873565451,2.120052564655516,25625.25506896548,25615.102588744856,20.735041375140746
2025-06-30 04:10:00+00:00,25590.400390625,25606.25,25579.349609375,25597.5,0.0,37.348866166533945,-4.16644923079366,0.8627522055656808,25621.935575790198,25614.133875093095,21.175423464416408
2025-06-30 04:15:00+00:00,25569.400390625,25590.80078125,25568.650390625,25589.900390625,0.0,32.03156284361462,-7.757231930288981,-0.8612446216052516,25616.93222482208,25612.379620800228,21.245063975886666
2025-06-30 04:20:00+00:00,25563.75,25578.69921875,25560.19921875,25569.150390625,0.0,30.76251018053,-10.932865127266268,-2.875568722737455,25611.8672510295,25610.472576847278,21.048987977609045
2025-06-30 04:25:00+00:00,25558.44921875,25575.900390625,25558.19921875,25563.599609375,0.0,29.57858304545202,-13.71916012345173,-5.04428700288031,25606.77981938383,25608.43244515719,20.80985825599411
2025-06-30 04:30:00+00:00,25569.44921875,25569.44921875,25543.80078125,25558.19921875,0.0,35.155732455422765,-14.868318195978645,-7.009093241499977,25603.224524085374,25606.903691180436,21.15547105913739
2025-06-30 04:35:00+00:00,25567.849609375,25581.849609375,25556.5,25569.0,0.0,34.72505082447769,-15.726820360257989,-8.75263866525158,25599.85548458915,25605.372158560614,21.45505236741329
2025-06-30 04:40:00+00:00,25586.400390625,25596.0,25567.55078125,25567.94921875,0.0,43.3868907338898,-14.740378590271575,-9.95018665025558,25598.574047068756,25604.62816766118,21.954635680455198
2025-06-30 04:45:00+00:00,25600.0,25600.0,25583.30078125,25586.69921875,0.0,48.75547747629327,-12.714674705348443,-10.503084261274154,25598.709852109827,25604.446670890153,21.579248756851257
2025-06-30 04:50:00+00:00,25566.150390625,25599.650390625,25562.400390625,25599.650390625,0.0,38.87414109046723,-13.682941928498622,-11.139055794719047,25595.608951016035,25602.944855977792,22.72356022957617
2025-06-30 04:55:00+00:00,25555.0,25566.849609375,25553.0,25566.849609375,0.0,36.26666130282822,-15.17511473804916,-11.94626758338507,25591.74143187165,25601.064665547292,22.089706597106442
2025-06-30 05:00:00+00:00,25560.75,25561.05078125,25549.599609375,25554.849609375,0.0,38.55545131032661,-15.712570759915252,-12.699528218691107,25588.789866931493,25599.483698270928,21.329811259813123
2025-06-30 05:05:00+00:00,25557.75,25569.900390625,25556.900390625,25560.69921875,0.0,37.79286812601309,-16.193910141606466,-13.39840460327418,25585.833689128493,25597.84708265246,20.734824741255043
2025-06-30 05:10:00+00:00,25544.400390625,25559.44921875,25541.75,25557.599609375,0.0,34.52085550717756,-17.45140801025991,-14.209005284671328,25581.88766069959,25595.751133945505,20.51799574187968
2025-06-30 05:15:00+00:00,25541.099609375,25553.69921875,25540.44921875,25544.599609375,0.0,33.742960173606235,-18.50106087874883,-15.067416403486828,25578.003084382963,25593.607936903525,19.998853188888273
2025-06-30 05:20:00+00:00,25556.650390625,25556.94921875,25537.05078125,25541.44921875,0.0,40.540911005661634,-17.872082019257505,-15.628349526640964,25575.969494501252,25592.15862136319,19.991680639681967
2025-06-30 05:25:00+00:00,25559.150390625,25562.94921875,25554.44921875,25556.80078125,0.0,41.57865451280842,-16.97619166473669,-15.89791795426011,25574.367675084464,25590.864180942084,19.17084630827611
2025-06-30 05:30:00+00:00,25552.05078125,25562.69921875,25551.900390625,25558.30078125,0.0,39.47178485872369,-16.647172999062605,-16.047768963220612,25572.24225662404,25589.342086836514,18.572845009470676
2025-06-30 05:35:00+00:00,25555.5,25557.80078125,25551.099609375,25552.44921875,0.0,41.035048228077834,-15.924532115710463,-16.02312159371858,25570.647755993177,25588.01494617626,17.724868357008486
2025-06-30 05:40:00+00:00,25547.849609375,25565.94921875,25546.55078125,25555.55078125,0.0,38.65065076959385,-15.787171905212745,-15.975931656017416,25568.476503934304,25586.43983492915,17.844409010079307
2025-06-30 05:45:00+00:00,25542.599609375,25551.099609375,25539.0,25547.650390625,0.0,37.05924599323976,-15.91844613453577,-15.964434551721087,25566.0120377858,25584.720610397617,17.434066179002212
2025-06-30 05:50:00+00:00,25556.900390625,25557.80078125,25541.0,25542.30078125,0.0,43.842202838299826,-14.699086457971134,-15.711364932971097,25565.144261865724,25583.62962138693,17.38883154121634
2025-06-30 05:55:00+00:00,25555.400390625,25560.650390625,25552.849609375,25556.44921875,0.0,43.314923392484644,-13.695894842901907,-15.30827091495726,25564.216274128514,25582.522592729598,16.70397080612946
2025-06-30 06:00:00+00:00,25560.05078125,25562.94921875,25554.099609375,25556.19921875,0.0,45.50320057045282,-12.382868600700021,-14.723190452105813,25563.819560521035,25581.641345220592,16.14294498962021
2025-06-30 06:05:00+00:00,25557.0,25567.55078125,25554.30078125,25560.05078125,0.0,44.295120288200046,-11.456396190413216,-14.069831599767294,25563.17007856665,25580.67501795704,15.936306061790196
2025-06-30 06:10:00+00:00,25561.69921875,25562.400390625,25555.19921875,25557.75,0.0,46.644909932009504,-10.225103818364005,-13.300886043486637,25563.029996679354,25579.930868968528,15.312367905590895
2025-06-30 06:15:00+00:00,25569.150390625,25570.5,25559.900390625,25561.849609375,0.0,50.22989925955632,-8.549495185634441,-12.350607871916198,25563.612891340843,25579.50810511192,14.975742296262974
2025-06-30 06:20:00+00:00,25574.19921875,25578.30078125,25567.94921875,25569.05078125,0.0,52.55607901717787,-6.7365107348014135,-11.227788444493243,25564.621112998855,25579.299913489886,14.645443739387048
2025-06-30 06:25:00+00:00,25568.19921875,25575.650390625,25568.19921875,25573.80078125,0.0,49.58979705636879,-5.717944447282207,-10.125819645051036,25564.961884975153,25578.86459212754,14.131567177645115
2025-06-30 06:30:00+00:00,25572.25,25580.849609375,25567.150390625,25569.25,0.0,51.57687327873703,-4.531621422051103,-9.006980000451051,25565.655991167998,25578.605196357832,14.100685147099034
2025-06-30 06:35:00+00:00,25570.349609375,25572.05078125,25564.400390625,25572.05078125,0.0,50.569765860051405,-3.702121763570176,-7.946008353074877,25566.103002425807,25578.2814478487,13.654179734806245
2025-06-30 06:40:00+00:00,25585.94921875,25589.80078125,25568.599609375,25569.80078125,0.0,57.846120556991835,-1.7656261634692783,-6.709931915153757,25567.993118266208,25578.582144746793,14.193250601962943
2025-06-30 06:45:00+00:00,25597.150390625,25599.30078125,25584.75,25586.900390625,0.0,62.15410739229991,0.6652331162549672,-5.234898908872013,25570.770001348,25579.310311251822,14.21878850539416
2025-06-30 06:50:00+00:00,25592.55078125,25598.44921875,25589.900390625,25597.25,0.0,59.46658560171953,2.195251084798656,-3.7488689101378796,25572.844361338666,25579.8295453694,13.813791335366005
2025-06-30 06:55:00+00:00,25571.5,25593.599609375,25570.599609375,25592.599609375,0.0,49.01974121271885,1.6897014039132046,-2.661154847327663,25572.71632692546,25579.502896531383,14.469949097125577
2025-06-30 07:00:00+00:00,25560.25,25575.5,25558.75,25572.25,0.0,44.51860028018914,0.3769237177039031,-2.05353913432135,25571.529057694464,25578.747880981133,14.632809875902321
2025-06-30 07:05:00+00:00,25546.400390625,25562.25,25545.849609375,25559.94921875,0.0,39.687212675946704,-1.7607133793826506,-1.99497398333361,25569.1358513069,25577.47935194756,14.759065643695012
2025-06-30 07:10:00+00:00,25542.5,25551.0,25542.44921875,25546.900390625,0.0,38.42255810379257,-3.726577441149857,-2.3412946748968593,25566.599103563385,25576.1076126555,14.315616758431082
2025-06-30 07:15:00+00:00,25552.69921875,25554.80078125,25538.80078125,25542.400390625,0.0,43.49322763474764,-4.410703316429135,-2.755176403203315,25565.27530500973,25575.189636423915,14.435929847114576
2025-06-30 07:20:00+00:00,25540.900390625,25554.400390625,25540.900390625,25552.349609375,0.0,39.44645930021222,-5.837652005702694,-3.3716715237031907,25562.953884592134,25573.844960118076,14.36907771517782
2025-06-30 07:25:00+00:00,25526.349609375,25542.599609375,25526.349609375,25541.55078125,0.0,35.108094353562734,-8.049851881849463,-4.307307595332445,25559.467763142886,25571.98239734384,14.503429306950833
2025-06-30 07:30:00+00:00,25512.05078125,25527.150390625,25499.25,25526.650390625,0.0,31.44786696580637,-10.83196796707125,-5.612239669680207,25554.95186010547,25569.63213788918,15.460355115382916
2025-06-30 07:35:00+00:00,25507.94921875,25515.650390625,25505.400390625,25511.650390625,0.0,30.466663055599327,-13.215437487211602,-7.132879233186486,25550.475418071615,25567.21319988372,15.088186892855564
2025-06-30 07:40:00+00:00,25505.69921875,25513.69921875,25505.69921875,25508.19921875,0.0,29.91524808456488,-15.111712040172279,-8.728645794583645,25546.211018136222,25564.800886898087,14.581887829080168
2025-06-30 07:45:00+00:00,25502.150390625,25506.900390625,25490.69921875,25506.25,0.0,29.023005037405227,-16.708281388895557,-10.324572913446028,25542.01476789706,25562.344004691302,14.697550975217299
2025-06-30 07:50:00+00:00,25506.94921875,25510.900390625,25499.150390625,25504.30078125,0.0,31.977466173138737,-17.385934545145574,-11.736845239785938,25538.675191787817,25560.171660144584,14.487011619844635
2025-06-30 07:55:00+00:00,25510.599609375,25518.80078125,25506.75,25506.75,0.0,34.220521208724335,-17.42752982231832,-12.874982156292415,25536.001326796122,25558.22765815362,14.312995164855733
2025-06-30 08:00:00+00:00,25511.25,25514.0,25507.900390625,25509.650390625,0.0,34.63409974010905,-17.209631373414595,-13.741911999716852,25533.644057577447,25556.38539704956,13.72632475129461
2025-06-30 08:05:00+00:00,25500.900390625,25514.349609375,25500.55078125,25512.05078125,0.0,31.265374691497,-17.668401924860518,-14.527209984745586,25530.525613105783,25554.209514444672,13.731503563702137
2025-06-30 08:10:00+00:00,25503.5,25509.650390625,25500.150390625,25502.650390625,0.0,33.02746127256604,-17.619111985972268,-15.145590384990923,25527.95174519095,25552.22090603508,13.429253309151985
2025-06-30 08:15:00+00:00,25486.849609375,25504.44921875,25485.900390625,25502.650390625,0.0,28.064799920610184,-18.7079432006758,-15.8580609481279,25524.03725606562,25549.6573257739,13.794937224569699
2025-06-30 08:20:00+00:00,25486.150390625,25489.099609375,25473.30078125,25486.849609375,0.0,27.875376570295998,-19.403598289678484,-16.56716841643802,25520.428983166516,25547.166857728844,13.938072288886149
2025-06-30 08:25:00+00:00,25499.75,25500.150390625,25480.099609375,25485.349609375,0.0,36.808949558615545,-18.64263445439792,-16.982261624030002,25518.459556198275,25545.307373112024,14.374694357537138
2025-06-30 08:30:00+00:00,25486.650390625,25502.19921875,25480.849609375,25499.19921875,0.0,32.61797331595048,-18.878969126712036,-17.36160312456641,25515.430111857964,25543.007099289003,14.872902573070197
2025-06-30 08:35:00+00:00,25496.0,25497.05078125,25478.69921875,25486.55078125,0.0,38.040359774513995,-18.1031488870467,-17.50991227706247,25513.57962501435,25541.163683630613,15.121378282136613
2025-06-30 08:40:00+00:00,25489.650390625,25502.0,25488.19921875,25495.900390625,0.0,35.92593286639489,-17.795530371502537,-17.567035895950482,25511.300650310604,25539.143554493137,15.027049922698284
2025-06-30 08:45:00+00:00,25480.44921875,25490.900390625,25478.0,25490.900390625,0.0,33.05838599348215,-18.08571726392256,-17.670772169544897,25508.362418733406,25536.841815836542,14.875145687148406
2025-06-30 08:50:00+00:00,25497.650390625,25499.099609375,25478.650390625,25482.5,0.0,42.32626075841023,-16.73479337178651,-17.48357640999322,25507.342225580225,25535.304897200796,15.273293763066377
2025-06-30 08:55:00+00:00,25491.25,25499.30078125,25485.94921875,25497.599609375,0.0,40.10152714073583,-15.996239792511915,-17.18610908649696,25505.809632667824,25533.577254173313,15.13602724427592
2025-06-30 09:00:00+00:00,25485.849609375,25492.30078125,25485.849609375,25491.349609375,0.0,38.273552097873946,-15.666108009118034,-16.882108871021174,25503.908678068507,25531.705581828282,14.515680432184784
2025-06-30 09:05:00+00:00,25491.900390625,25493.30078125,25477.599609375,25486.94921875,0.0,41.491642344363136,-14.746243201512698,-16.45493573711948,25502.765031645315,25530.14459393796,14.600358392385871
2025-06-30 09:10:00+00:00,25495.44921875,25495.44921875,25478.94921875,25490.69921875,0.0,43.35687219565667,-13.574405644823855,-15.878829718660358,25502.068287560047,25528.783990989414,14.736047078644024
2025-06-30 09:15:00+00:00,25500.94921875,25506.0,25492.25,25495.099609375,0.0,46.21847885549771,-12.062858776826033,-15.115635530293494,25501.961709578136,25527.69243129375,14.665615144455165
2025-06-30 09:20:00+00:00,25505.55078125,25519.80078125,25497.650390625,25501.150390625,0.0,48.559963417975126,-10.374053723244288,-14.167319168883653,25502.30352592784,25526.824131292036,15.200241964494081
2025-06-30 09:25:00+00:00,25505.900390625,25511.900390625,25499.349609375,25505.80078125,0.0,48.742553679658485,-8.904803959343553,-13.114816126975635,25502.646084470427,25526.00359244235,15.010994770601647
2025-06-30 09:30:00+00:00,25514.099609375,25514.099609375,25503.55078125,25504.900390625,0.0,52.9597164141466,-6.998134369863692,-11.891479775553247,25503.7368963661,25525.536769576964,14.6922685816301
2025-06-30 09:35:00+00:00,25520.94921875,25522.5,25512.0,25513.05078125,0.0,56.20161556628808,-4.87814651491135,-10.488813123424867,25505.376165164565,25525.356865622965,14.39282082579938
2025-06-30 09:40:00+00:00,25525.150390625,25526.650390625,25516.099609375,25521.349609375,0.0,58.108585821792204,-2.8264597380693885,-8.956342446353771,25507.259424732227,25525.34876856422,14.118389427527996
2025-06-30 09:45:00+00:00,25516.75,25526.099609375,25507.25,25524.80078125,0.0,53.127553491387886,-1.8569190968009934,-7.536457776443216,25508.163289043445,25525.01156195386,14.456333709490282
2025-06-30 09:50:00+00:00,25522.400390625,25525.400390625,25512.599609375,25516.349609375,0.0,55.867851527461696,-0.6254026004062325,-6.154246741235819,25509.519203479784,25524.909163078217,14.338079962383834
2025-06-30 09:55:00+00:00,25507.44921875,25522.44921875,25505.349609375,25522.44921875,0.0,47.889677040399036,-0.8460982288634114,-5.092617038761338,25509.322062076946,25524.22445937907,14.535332063284988
2025-07-01 03:45:00+00:00,25538.150390625,25566.44921875,25513.80078125,25558.19921875,0.0,60.396336486481985,1.439730567686638,-3.7861475174717425,25512.06761717676,25524.770574329894,17.711379773050346
2025-07-01 03:50:00+00:00,25556.69921875,25575.25,25538.25,25538.75,0.0,65.7454523367999,4.693893485862645,-2.090139316804865,25516.318245898023,25526.022678032645,19.096253316046752
2025-07-01 03:55:00+00:00,25573.55078125,25579.5,25556.650390625,25557.44921875,0.0,69.7437093460199,8.534243852114741,0.03473731697905613,25521.76896355059,25527.88652521764,19.364350177400556
2025-07-01 04:00:00+00:00,25580.650390625,25589.0,25574.150390625,25574.19921875,0.0,71.26543399217744,12.012159629353846,2.430221779454014,25527.37671851006,25529.95569641009,19.084697932586234
2025-07-01 04:05:00+00:00,25584.19921875,25584.80078125,25570.099609375,25581.44921875,0.0,72.02289173612805,14.883229110047978,4.920823245572807,25532.788385199576,25532.082893364597,18.771588928472934
2025-07-01 04:10:00+00:00,25580.099609375,25589.650390625,25580.099609375,25584.30078125,0.0,69.73596231960317,16.63599870620601,7.263858337699448,25537.294216073424,25533.965901835596,18.11295980858201
2025-07-01 04:15:00+00:00,25590.0,25593.150390625,25567.099609375,25580.25,0.0,72.04453456310813,18.60944195868069,9.532975061895698,25542.31381454262,25536.16331744989,18.67994705439758
2025-07-01 04:20:00+00:00,25560.69921875,25591.80078125,25558.599609375,25590.94921875,0.0,57.95441494819411,17.60612928516275,11.14760590654911,25544.06480541951,25537.125509657737,19.717177398726328
2025-07-01 04:25:00+00:00,25569.599609375,25572.75,25551.30078125,25560.05078125,0.0,60.48264209999122,17.329421123173233,12.383968949873935,25546.49669151051,25538.399003764294,19.840894638103016
2025-07-01 04:30:00+00:00,25550.650390625,25572.30078125,25538.30078125,25569.75,0.0,53.15436992582503,15.403522108816105,12.98787958166237,25546.892281902365,25538.87945030785,20.852259306809945
2025-07-01 04:35:00+00:00,25547.0,25557.55078125,25541.400390625,25550.400390625,0.0,51.851020517103414,13.427888904017891,13.075881446133474,25546.902540768806,25539.197903236956,20.51641154382352
2025-07-01 04:40:00+00:00,25531.30078125,25548.099609375,25530.5,25547.599609375,0.0,46.563075548215316,10.474644425572478,12.555634042021275,25545.41665890987,25538.888212178645,20.308068531764697
2025-07-01 04:45:00+00:00,25531.599609375,25543.400390625,25526.55078125,25530.650390625,0.0,46.67455433263453,8.06531786780397,11.657570807177814,25544.10074943036,25538.60238461772,20.061035734852933
2025-07-01 04:50:00+00:00,25527.0,25534.44921875,25522.849609375,25531.94921875,0.0,45.114460561703446,5.718835994990513,10.469823844740354,25542.472106627465,25538.147389142516,19.45664813772058
2025-07-01 04:55:00+00:00,25545.80078125,25546.0,25524.44921875,25526.55078125,0.0,52.154163089597596,5.3150297727625,9.438865030344783,25542.789123258182,25538.447522166338,19.606229074311972
2025-07-01 05:00:00+00:00,25544.900390625,25550.94921875,25540.900390625,25546.25,0.0,51.81142555844344,4.8662612038024236,8.52434426503631,25542.990196340736,25538.700575831383,18.923557577932545
2025-07-01 05:05:00+00:00,25553.400390625,25554.25,25535.75,25545.25,0.0,54.82930639476309,5.1372686075628735,7.846929133541623,25543.981643415427,25539.277039156623,18.893303465223077
2025-07-01 05:10:00+00:00,25542.900390625,25553.849609375,25540.400390625,25553.849609375,0.0,50.612614783765565,4.453445136354276,7.168232334104154,25543.878666959194,25539.41913137107,18.504440271278572
2025-07-01 05:15:00+00:00,25537.69921875,25546.69921875,25536.30078125,25542.75,0.0,48.61802764680495,3.452026197242958,6.424991106731915,25543.290148082127,25539.3516838173,17.9254400733301
2025-07-01 05:20:00+00:00,25533.80078125,25541.0,25526.650390625,25537.900390625,0.0,47.11915147946968,2.317112912212906,5.603415467828113,25542.38639886002,25539.13400136368,17.67002359487795
2025-07-01 05:25:00+00:00,25520.94921875,25533.400390625,25519.650390625,25533.349609375,0.0,42.470704101003605,0.3763341229496291,4.557999198852417,25540.344762659068,25538.42087263373,17.41862123988667
2025-07-01 05:30:00+00:00,25519.80078125,25526.650390625,25513.80078125,25521.0,0.0,42.07128179222773,-1.2401210153439024,3.398375156013153,25538.38819300106,25537.690672971625,17.09226324953762
2025-07-01 05:35:00+00:00,25520.650390625,25524.599609375,25517.650390625,25519.849609375,0.0,42.50209744437143,-2.424666931205138,2.2337667385694955,25536.698878489056,25537.02242660509,16.367760070999218
2025-07-01 05:40:00+00:00,25524.099609375,25525.400390625,25518.75,25521.0,0.0,44.31276748367417,-3.049947085444728,1.1770239737666508,25535.498948097244,25536.515649458812,15.673662253427846
2025-07-01 05:45:00+00:00,25530.099609375,25535.599609375,25517.19921875,25524.400390625,0.0,47.4149328256372,-3.0264492337992124,0.33632933225347816,25534.98472536179,25536.26404004376,15.868428565683
2025-07-01 05:50:00+00:00,25522.25,25532.44921875,25522.0,25529.55078125,0.0,43.96435748045373,-3.5997294513581437,-0.45088242446884624,25533.771894374957,25535.714469845967,15.481342150277072
2025-07-01 05:55:00+00:00,25526.30078125,25528.099609375,25521.75,25523.25,0.0,46.14255640750304,-3.684718816097302,-1.0976497027945373,25533.060359791627,25535.345305587303,14.829075523471568
2025-07-01 06:00:00+00:00,25521.099609375,25531.099609375,25518.0,25527.150390625,0.0,43.7888935538931,-4.124223125327262,-1.7029643873010825,25531.92124070433,25534.78665083388,14.70554222715217
2025-07-01 06:05:00+00:00,25530.44921875,25530.44921875,25519.599609375,25520.849609375,0.0,48.84067286167472,-3.6757266297026945,-2.0975168357814047,25531.781048137254,25534.616555458044,14.430118451998442
2025-07-01 06:10:00+00:00,25521.849609375,25532.349609375,25521.55078125,25529.55078125,0.0,44.84824033759192,-3.9684605889160594,-2.4717055864083357,25530.835196826563,25534.11589090577,14.170740571498554
2025-07-01 06:15:00+00:00,25525.30078125,25531.0,25521.400390625,25523.25,0.0,46.7301968587717,-3.877278776744788,-2.7528202244756264,25530.308109628793,25533.770200331033,13.844231200320085
2025-07-01 06:20:00+00:00,25514.75,25526.75,25511.5,25525.80078125,0.0,42.010532522872765,-4.603312285427819,-3.122918636666065,25528.82638490224,25533.024310121975,13.94464325744008
2025-07-01 06:25:00+00:00,25515.400390625,25516.400390625,25502.69921875,25514.05078125,0.0,42.39675256499709,-5.067799545384332,-3.511894818409719,25527.5477187806,25532.333176024054,13.927252444408646
2025-07-01 06:30:00+00:00,25518.30078125,25520.55078125,25511.099609375,25515.30078125,0.0,44.18211330156325,-5.1425911716105475,-3.838034089049885,25526.6670580634,25531.782886032914,13.6075324037366
2025-07-01 06:35:00+00:00,25518.5,25521.400390625,25512.400390625,25518.19921875,0.0,44.309791356568226,-5.126691477955319,-4.0957655668309725,25525.889243009744,25531.261988541424,13.278422946326844
2025-07-01 06:40:00+00:00,25524.400390625,25526.80078125,25516.19921875,25518.5,0.0,48.09660449693667,-4.585124186880421,-4.193637290840862,25525.74744754453,25530.992906270192,13.087218628732069
2025-07-01 06:45:00+00:00,25535.650390625,25536.5,25522.44921875,25524.650390625,0.0,54.455573522654475,-3.2111313042769325,-3.9971360935280766,25526.690584980766,25531.175552715482,13.156044530251208
2025-07-01 06:50:00+00:00,25541.400390625,25548.5,25535.099609375,25535.44921875,0.0,57.33286852314331,-1.6393576064619992,-3.5255803961148615,25528.09151885165,25531.57652675115,13.173497822733266
2025-07-01 06:55:00+00:00,25541.75,25551.30078125,25539.94921875,25541.44921875,0.0,57.50864052077415,-0.36133977220742963,-2.8927322713333754,25529.392326580062,25531.9754864864,13.043359585395176
2025-07-01 07:00:00+00:00,25540.44921875,25544.5,25525.05078125,25541.099609375,0.0,56.57477369220286,0.5403080583055271,-2.2061242054055947,25530.445363929583,25532.307789712424,13.500920954295522
2025-07-01 07:05:00+00:00,25543.150390625,25547.19921875,25539.25,25539.55078125,0.0,58.09649402439363,1.4560480402360554,-1.4736897562772648,25531.655366472,25532.732989748212,13.104370796845842
2025-07-01 07:10:00+00:00,25538.05078125,25546.900390625,25537.5,25542.69921875,0.0,54.23262203084395,1.7501085541116481,-0.8289300941994824,25532.264453593714,25532.94153059142,12.839800784571139
2025-07-01 07:15:00+00:00,25541.75,25542.69921875,25535.69921875,25536.650390625,0.0,56.493042866090576,2.2556479617996956,-0.2120144829996468,25533.167838965743,25533.286960764304,12.422672157101772
2025-07-01 07:20:00+00:00,25532.44921875,25546.44921875,25531.69921875,25542.05078125,0.0,49.82938221927523,1.8840777916193474,0.20720397192415202,25533.099398945193,25533.254108136294,12.58890986016593
2025-07-01 07:25:00+00:00,25534.25,25538.849609375,25532.69921875,25532.94921875,0.0,51.03370083487366,1.7151426549680764,0.508791708532937,25533.20897999803,25533.293162719187,12.146872771939794
2025-07-01 07:30:00+00:00,25532.44921875,25541.25,25531.650390625,25534.099609375,0.0,49.74767578142584,1.419588215649128,0.6909510099561752,25533.13662178393,25533.260066877257,11.964925386444094
2025-07-01 07:35:00+00:00,25529.69921875,25534.55078125,25525.94921875,25532.0,0.0,47.768036017572726,0.9524776068901701,0.7432563293429743,25532.809250066413,25533.12042577423,11.724685180269516
2025-07-01 07:40:00+00:00,25531.19921875,25536.05078125,25530.0,25530.75,0.0,48.96108441155474,0.695311430721631,0.7336673496187057,25532.655913750565,25533.0450843223,11.340890703107407
2025-07-01 07:45:00+00:00,25529.55078125,25535.099609375,25525.80078125,25531.19921875,0.0,47.672376725623145,0.3544048946205294,0.6578148586190704,25532.36018684575,25532.908052829272,11.195029090385448
2025-07-01 07:50:00+00:00,25527.900390625,25530.94921875,25523.19921875,25528.80078125,0.0,46.356801167483546,-0.048381015647464665,0.5165756837657635,25531.935444348535,25532.7116739193,10.948955583929346
2025-07-01 07:55:00+00:00,25527.900390625,25529.80078125,25523.900390625,25528.349609375,0.0,46.356801167483546,-0.36340267166815465,0.34058001267897986,25531.55115351772,25532.522996143052,10.588343801148678
2025-07-01 08:00:00+00:00,25527.349609375,25534.5,25525.80078125,25528.099609375,0.0,45.866898133830226,-0.6500101352576166,0.14246198309166055,25531.15100645651,25532.32011823058,10.453406297495201
2025-07-01 08:05:00+00:00,25534.30078125,25536.099609375,25526.650390625,25527.69921875,0.0,52.66575209699992,-0.31264318210742204,0.05144095005184403,25531.45098500827,25532.397791290165,10.381678615531259
2025-07-01 08:10:00+00:00,25528.849609375,25536.900390625,25527.900390625,25534.599609375,0.0,47.61524111999094,-0.4796127765694109,-0.05476979527240697,25531.20323494796,25532.258646901333,10.282987285850455
2025-07-01 08:15:00+00:00,25528.349609375,25530.349609375,25524.0,25528.400390625,0.0,47.168430724667544,-0.6448497776254953,-0.17278579174302466,25530.93146108387,25532.105351312068,10.002031720789708
2025-07-01 08:20:00+00:00,25526.150390625,25529.099609375,25523.650390625,25528.05078125,0.0,45.16107358535701,-0.942396504629869,-0.3267079343203936,25530.47612104017,25531.871823441987,9.67683079430473
2025-07-01 08:25:00+00:00,25530.5,25531.80078125,25509.19921875,25525.849609375,0.0,49.71877219840094,-0.817800212345901,-0.4249263899254951,25530.478395226823,25531.818026444264,10.600025916140106
2025-07-01 08:30:00+00:00,25537.44921875,25539.05078125,25526.25,25530.599609375,0.0,56.00931084657417,-0.15650874160928652,-0.3712428602622534,25531.14228318141,25532.03885751508,10.757222725701528
2025-07-01 08:35:00+00:00,25538.900390625,25545.69921875,25537.0,25537.0,0.0,57.21312671878268,0.4791436855084612,-0.20116555110811046,25531.88115055699,25532.30793724488,10.610222441722849
2025-07-01 08:40:00+00:00,25551.849609375,25551.849609375,25537.80078125,25539.30078125,0.0,66.1220597649804,2.0046877530694474,0.24000510972740108,25533.782908539655,25533.074277328415,10.855837133385503
2025-07-01 08:45:00+00:00,25541.55078125,25552.19921875,25539.349609375,25552.099609375,0.0,56.11467647581584,2.3555102034079027,0.6631061284635015,25534.52270594064,25533.40668924691,10.998249436357966
2025-07-01 08:50:00+00:00,25539.25,25544.25,25536.900390625,25541.80078125,0.0,54.14320576702893,2.4199895710153214,1.0144828169738656,25534.972924422484,25533.635838688206,10.737632289118112
2025-07-01 08:55:00+00:00,25534.69921875,25542.0,25533.5,25539.19921875,0.0,50.3734688873375,2.079904080434062,1.227567069665905,25534.94685721558,25533.6775398671,10.57780141132396
2025-07-01 09:00:00+00:00,25532.650390625,25537.05078125,25531.5,25534.44921875,0.0,48.72851217492441,1.6263134430228092,1.307316344337286,25534.728146111713,25533.637259504667,10.218728542657962
2025-07-01 09:05:00+00:00,25528.80078125,25533.599609375,25515.05078125,25532.69921875,0.0,45.708260536441536,0.9453113303170539,1.2349153415332395,25534.163635172503,25533.44759369076,10.813735655682393
2025-07-01 09:10:00+00:00,25526.0,25531.75,25525.099609375,25529.349609375,0.0,43.5913267461169,0.17756574252416613,1.0234454217314248,25533.386146108456,25533.155531193082,10.516353867776507
2025-07-01 09:15:00+00:00,25529.30078125,25530.30078125,25523.94921875,25527.150390625,0.0,46.72298730739591,-0.16265768942321301,0.7862247995004973,25532.997063740986,25533.00436452865,10.218868770078185
2025-07-01 09:20:00+00:00,25535.75,25536.55078125,25525.19921875,25530.099609375,0.0,52.29563933586423,0.08710673214955023,0.6464011860303078,25533.259248146605,25533.11203650792,10.2997754650726
2025-07-01 09:25:00+00:00,25535.150390625,25543.0,25530.5,25536.099609375,0.0,51.75362740709502,0.23396635181779857,0.563914219187806,25533.43935695407,25533.19197196349,10.456934360424556
2025-07-01 09:30:00+00:00,25539.30078125,25541.94921875,25532.349609375,25536.0,0.0,55.213763490284904,0.6774463162146276,0.5866206385931704,25533.997587839396,25533.43153311198,10.39569686146566
2025-07-01 09:35:00+00:00,25543.599609375,25548.5,25535.05078125,25539.5,0.0,58.5311515708739,1.3601084029469348,0.7413181914639233,25534.91206608088,25533.830281200724,10.613805567789543
2025-07-01 09:40:00+00:00,25537.25,25547.5,25530.5,25544.099609375,0.0,52.36169364992612,1.372936259751441,0.8676418051214269,25535.134726454133,25533.964387820306,11.069962312947434
2025-07-01 09:45:00+00:00,25549.05078125,25550.05078125,25536.44921875,25537.0,0.0,60.66084049985825,2.308713440899737,1.1558561322770888,25536.46006500612,25534.55601109206,11.250790897736904
2025-07-01 09:50:00+00:00,25537.94921875,25556.94921875,25530.69921875,25549.650390625,0.0,51.56059535796157,2.1299673470311973,1.3506783752279106,25536.601889172205,25534.68907805904,12.322162976469983
2025-07-01 09:55:00+00:00,25533.0,25544.25,25527.0,25538.75,0.0,48.09645886986342,1.5708415060034895,1.3947110013830264,25536.258852108185,25534.622839703785,12.674151335293557
2025-07-02 03:45:00+00:00,25591.94921875,25605.80078125,25574.349609375,25588.30078125,0.0,72.12175025396131,5.817380402560957,2.2792448816186126,25541.562696550263,25536.870932999715,16.968910614915448
2025-07-02 03:50:00+00:00,25586.900390625,25604.55078125,25585.0,25590.80078125,0.0,69.16865000397829,8.675390338299621,3.5584739729548147,25545.88057217643,25538.83287251443,17.153329945992915
2025-07-02 03:55:00+00:00,25568.94921875,25585.94921875,25559.75,25585.94921875,0.0,59.793974262856736,9.383704749907338,4.723520128345319,25548.077586135816,25540.013905700143,17.867405708779135
2025-07-02 04:00:00+00:00,25546.94921875,25576.44921875,25545.69921875,25568.900390625,0.0,50.72100632630048,8.076729377236916,5.3941619781236385,25547.97012257526,25540.285878760922,18.78759101529491
2025-07-02 04:05:00+00:00,25555.44921875,25560.55078125,25546.650390625,25546.650390625,0.0,53.64749022093817,7.6387660011860135,5.843082782736113,25548.682417449047,25540.880519544808,18.438505273130993
2025-07-02 04:10:00+00:00,25536.80078125,25556.30078125,25533.69921875,25556.0,0.0,47.04635677179142,5.720956193723396,5.81865746493357,25547.550833049136,25540.720529807757,18.735866503621633
2025-07-02 04:15:00+00:00,25543.55078125,25543.900390625,25531.5,25535.900390625,0.0,49.46997719962745,4.691664108748228,5.593258793696501,25547.169875734933,25540.831520060394,18.283332512291516
2025-07-02 04:20:00+00:00,25540.05078125,25559.150390625,25540.05078125,25543.650390625,0.0,48.23715789685498,3.552570149196981,5.185121064796598,25546.49186673637,25540.800902852145,18.34163800248498
2025-07-02 04:25:00+00:00,25534.19921875,25553.5,25532.69921875,25540.5,0.0,46.165747852696995,2.1528411763429176,4.578665087105862,25545.321138356718,25540.54201327951,18.517291091593197
2025-07-02 04:30:00+00:00,25527.0,25535.55078125,25517.30078125,25534.099609375,0.0,43.680497480965045,0.45735696767224,3.7544034632191376,25543.57626803703,25540.01095393522,18.498198870765115
2025-07-02 04:35:00+00:00,25520.650390625,25528.05078125,25513.30078125,25526.69921875,0.0,41.55565506598301,-1.3827474418867496,2.7269732821979606,25541.39285114065,25539.25171615835,18.23047037999618
2025-07-02 04:40:00+00:00,25525.80078125,25530.900390625,25518.400390625,25520.25,0.0,43.93789970703469,-2.397809508438513,1.702016724070666,25539.90789210344,25538.724228514886,17.82115106713931
2025-07-02 04:45:00+00:00,25508.25,25526.099609375,25497.25,25526.099609375,0.0,38.22069879525111,-4.565822913758893,0.44844879650475433,25536.892854760255,25537.52916072999,18.60889808912936
2025-07-02 04:50:00+00:00,25519.150390625,25528.150390625,25507.69921875,25507.69921875,0.0,43.16694211245627,-5.3428299146398786,-0.7098069457241722,25535.203096271183,25536.808424647443,18.740489073834404
2025-07-02 04:55:00+00:00,25524.0,25528.0,25515.0,25518.849609375,0.0,45.266533673948175,-5.5038457069022115,-1.66861469795978,25534.136134721546,25536.3061334848,18.33045413998909
2025-07-02 05:00:00+00:00,25513.69921875,25523.55078125,25511.30078125,25523.55078125,0.0,41.739353818726094,-6.388990536084748,-2.612689865584774,25532.189761771875,25535.419587808927,17.928223040704157
2025-07-02 05:05:00+00:00,25494.30078125,25515.349609375,25492.849609375,25513.849609375,0.0,36.04350275643201,-8.557124769366055,-3.8015768463410304,25528.581287436456,25533.80708559093,18.254778537796717
2025-07-02 05:10:00+00:00,25491.05078125,25495.05078125,25482.69921875,25494.650390625,0.0,35.17738342834198,-10.417547604338324,-5.124770997940489,25525.006953513937,25532.130367773636,17.833120249382667
2025-07-02 05:15:00+00:00,25492.650390625,25498.599609375,25485.599609375,25491.75,0.0,35.992642985222744,-11.628821184680419,-6.4255810352884755,25521.925376095944,25530.58213337565,17.487897374426762
2025-07-02 05:20:00+00:00,25490.650390625,25494.19921875,25487.400390625,25492.19921875,0.0,35.393278680259456,-12.604846682843345,-7.6614341647994495,25518.94680605109,25529.01618267955,16.724392428039135
2025-07-02 05:25:00+00:00,25491.650390625,25498.75,25488.849609375,25491.650390625,0.0,35.96743837231581,-13.14612196849339,-8.758371725538238,25516.347147439083,25527.550857500937,16.236963727822054
2025-07-02 05:30:00+00:00,25486.44921875,25494.44921875,25475.400390625,25491.849609375,0.0,34.26193428333427,-13.835292988947913,-9.773755978220173,25513.49972565917,25525.939028530316,16.437811184763337
2025-07-02 05:35:00+00:00,25474.19921875,25487.80078125,25473.75,25486.25,0.0,30.5835982350427,-15.194782614787982,-10.857961305533735,25509.75682023925,25523.91001638207,16.267309046565956
2025-07-02 05:40:00+00:00,25476.25,25477.099609375,25466.75,25474.0,0.0,31.90168447929223,-15.923154813212022,-11.871000007069393,25506.565694502176,25522.040996131793,15.844616212882674
2025-07-02 05:45:00+00:00,25476.30078125,25481.69921875,25463.69921875,25477.19921875,0.0,31.93614858249282,-16.308305412396294,-12.758461088134773,25503.68332181149,25520.24726221486,15.998572197676769
2025-07-02 05:50:00+00:00,25485.19921875,25488.25,25475.19921875,25477.55078125,0.0,37.869879642257395,-15.71436507942417,-13.349641886392654,25501.92293104373,25518.872829137807,15.788015701414142
2025-07-02 05:55:00+00:00,25493.400390625,25501.5,25483.94921875,25486.099609375,0.0,42.817761628061504,-14.415721591147303,-13.562857827343583,25501.111260527658,25517.873909980444,15.913927526313133
2025-07-02 06:00:00+00:00,25477.599609375,25494.30078125,25473.25,25493.900390625,0.0,36.746002094442076,-14.494445321513922,-13.749175326177651,25498.872055655975,25516.294525642978,16.280845649433623
2025-07-02 06:05:00+00:00,25476.599609375,25485.900390625,25474.400390625,25476.80078125,0.0,36.394255769233595,-14.47071667354976,-13.893483595652073,25496.750870295884,25514.73786225992,15.939356674474078
2025-07-02 06:10:00+00:00,25484.30078125,25485.44921875,25472.94921875,25475.94921875,0.0,41.07246106707352,-13.672878903224046,-13.849362657166468,25495.56514752961,25513.544251239924,15.693688340583074
2025-07-02 06:15:00+00:00,25498.75,25500.150390625,25480.44921875,25485.30078125,0.0,48.696760745786676,-11.739331816464983,-13.427356489026172,25495.868466812506,25512.964084524636,15.979937164469998
2025-07-02 06:20:00+00:00,25494.099609375,25499.75,25485.25,25497.900390625,0.0,46.606696077743536,-10.46163427053034,-12.834212045327005,25495.70000419941,25512.224301185437,15.874227367007856
2025-07-02 06:25:00+00:00,25490.05078125,25496.75,25489.80078125,25494.30078125,0.0,44.80368667420688,-9.6643517214834,-12.200239980558285,25495.161982966136,25511.35475138405,15.236726751507295
2025-07-02 06:30:00+00:00,25489.650390625,25492.44921875,25480.099609375,25490.0,0.0,44.61985637882521,-8.961505082243093,-11.552493000895247,25494.637069409837,25510.503599981734,15.030504081756774
2025-07-02 06:35:00+00:00,25497.5,25498.75,25487.69921875,25489.75,0.0,49.03480685694134,-7.682536681615602,-10.778501737039319,25494.909729466042,25509.993654884413,14.746238165202717
2025-07-02 06:40:00+00:00,25498.69921875,25503.94921875,25493.150390625,25498.25,0.0,49.6946204182824,-6.4972814625289175,-9.92225768213724,25495.270633207372,25509.550735820318,14.464280305188238
2025-07-02 06:45:00+00:00,25491.650390625,25501.349609375,25488.94921875,25499.5,0.0,45.93059274675252,-6.056919287035271,-9.149190003116846,25494.925848199528,25508.84876149893,14.316859613746221
2025-07-02 06:50:00+00:00,25494.94921875,25496.80078125,25489.55078125,25492.05078125,0.0,47.91875682581378,-5.379727085019113,-8.3952974194973,25494.92807396624,25508.30368139113,13.812083927050063
2025-07-02 06:55:00+00:00,25491.599609375,25497.05078125,25488.80078125,25495.0,0.0,46.066484477893766,-5.055061269078578,-7.727250189413557,25494.6110773385,25507.648619743442,13.414792217975059
2025-07-02 07:00:00+00:00,25488.94921875,25495.599609375,25486.80078125,25491.25,0.0,44.59752287340972,-4.954513101100019,-7.172702771750849,25494.071852711026,25506.915309900563,13.085080497048269
2025-07-02 07:05:00+00:00,25489.650390625,25491.5,25484.69921875,25489.349609375,0.0,45.096322469455274,-4.763340419907763,-6.690830301382232,25493.650761083787,25506.238254242697,12.636201979401964
2025-07-02 07:10:00+00:00,25494.30078125,25495.650390625,25484.650390625,25490.150390625,0.0,48.41359967317539,-4.188306840111181,-6.190325609128022,25493.71266776628,25505.770118046905,12.519330409444681
2025-07-02 07:15:00+00:00,25484.0,25495.25,25480.150390625,25495.25,0.0,42.3148777337718,-4.511766706767958,-5.854613828656009,25492.78765178854,25504.91638792742,12.70363604984149
2025-07-02 07:20:00+00:00,25477.099609375,25484.849609375,25460.5,25484.650390625,0.0,38.78973678721064,-5.264232045810786,-5.736537472086964,25491.293552511062,25503.82553386654,13.535491287352812
2025-07-02 07:25:00+00:00,25475.0,25478.69921875,25472.25,25477.400390625,0.0,37.75898703070616,-5.961269375020493,-5.78148385267367,25489.74178560525,25502.695120773733,13.029328963256182
2025-07-02 07:30:00+00:00,25485.849609375,25489.94921875,25471.400390625,25474.69921875,0.0,45.777216786483876,-5.573950644342403,-5.7399772110074165,25489.37110215475,25502.034512483588,13.42357890338074
2025-07-02 07:35:00+00:00,25479.400390625,25487.19921875,25477.349609375,25485.099609375,0.0,42.289716091239264,-5.72144258589833,-5.736270285985599,25488.421510580487,25501.146899861684,13.168295365639258
2025-07-02 07:40:00+00:00,25463.650390625,25481.69921875,25463.05078125,25479.75,0.0,35.23069793674385,-7.02820758186499,-5.9946577451614775,25486.06235629901,25499.67644851907,13.559734089522168
2025-07-02 07:45:00+00:00,25443.349609375,25463.650390625,25443.349609375,25463.099609375,0.0,28.603306207992972,-9.591368318517198,-6.713999859832622,25481.99447563958,25497.46755286636,14.041237458127727
2025-07-02 07:50:00+00:00,25432.150390625,25446.44921875,25427.650390625,25444.25,0.0,25.72798225896382,-12.383624313686596,-7.847924750603417,25477.247419923908,25494.90609552356,14.381065362904318
2025-07-02 07:55:00+00:00,25406.099609375,25432.30078125,25404.349609375,25432.150390625,0.0,20.552480134297866,-16.508290343364934,-9.57999786915572,25470.47143796687,25491.42348822362,15.350358685196866
2025-07-02 08:00:00+00:00,25409.0,25415.849609375,25390.0,25405.349609375,0.0,22.42357980582058,-19.320367435353546,-11.528071782395287,25464.61701530336,25488.191194567793,16.100305163039945
2025-07-02 08:05:00+00:00,25416.05078125,25417.400390625,25405.94921875,25408.94921875,0.0,26.92891947690272,-20.740931126390933,-13.370643651194417,25459.99165967923,25485.36215875141,15.768224213894234
2025-07-02 08:10:00+00:00,25397.099609375,25417.650390625,25385.150390625,25415.599609375,0.0,23.05350405454479,-23.129318884311942,-15.322378697817923,25454.00194060264,25481.90088230528,16.96335105575893
2025-07-02 08:15:00+00:00,25398.75,25400.69921875,25384.150390625,25396.80078125,0.0,24.078214375085736,-24.605325780015846,-17.178968114257508,25448.739851021437,25478.640063391347,16.933742274990436
2025-07-02 08:20:00+00:00,25394.80078125,25407.150390625,25393.55078125,25398.75,0.0,23.279315881928213,-25.796376259211684,-18.902449743248344,25443.60279675749,25475.352248405412,16.69558992499112
2025-07-02 08:25:00+00:00,25407.0,25408.400390625,25387.75,25394.900390625,0.0,30.90564279742128,-25.462402617453336,-20.214440318089345,25440.116816113918,25472.67176807579,16.978075689277468
2025-07-02 08:30:00+00:00,25402.650390625,25408.599609375,25397.25,25408.05078125,0.0,29.769387877890438,-25.257549912454124,-21.2230622369623,25436.548585114975,25469.92583170517,16.576042381114792
2025-07-02 08:35:00+00:00,25413.25,25414.849609375,25402.849609375,25403.400390625,0.0,35.94935015395531,-23.96366456765827,-21.771182703101495,25434.32967224688,25467.703250069673,16.26341212174945
2025-07-02 08:40:00+00:00,25415.44921875,25425.099609375,25411.650390625,25413.400390625,0.0,37.184415755581156,-22.501410285349266,-21.91722821955105,25432.53153381861,25465.65407237086,16.062398309481633
2025-07-02 08:45:00+00:00,25420.849609375,25423.849609375,25413.19921875,25415.30078125,0.0,40.23213966980997,-20.668542746101593,-21.667491124861158,25431.41896958588,25463.897034606318,15.675826332018659
2025-07-02 08:50:00+00:00,25407.44921875,25421.94921875,25398.650390625,25420.599609375,0.0,35.614575320218634,-20.065973496020888,-21.347187599093104,25429.13613617294,25461.683394768814,16.220326460088753
2025-07-02 08:55:00+00:00,25404.650390625,25409.150390625,25400.44921875,25407.25,0.0,34.71829940807841,-19.58847135854012,-20.99544435098251,25426.80416040647,25459.44680637102,15.68324398972527
2025-07-02 09:00:00+00:00,25401.099609375,25411.80078125,25400.5,25404.75,0.0,33.564252899922195,-19.274382759562286,-20.651232032698466,25424.356107927284,25457.15868099863,15.37021093688775
2025-07-02 09:05:00+00:00,25390.19921875,25403.94921875,25389.80078125,25401.400390625,0.0,30.240996898206603,-19.678197693305265,-20.456625164819826,25421.10307086278,25454.532819733977,15.282941405681482
2025-07-02 09:10:00+00:00,25398.75,25403.75,25379.400390625,25391.349609375,0.0,35.6255396840165,-19.0882103457443,-20.18294220100472,25418.97420697109,25452.34525817578,15.930560546347092
2025-07-02 09:15:00+00:00,25412.349609375,25416.55078125,25397.05078125,25398.30078125,0.0,43.142490681515305,-17.32357095981206,-19.611067952766188,25418.343292914316,25450.776801360065,16.1855205073223
2025-07-02 09:20:00+00:00,25406.599609375,25413.05078125,25400.80078125,25411.75,0.0,40.9644721293591,-16.202288580978347,-18.92931207840862,25417.22484686295,25449.04436245869,15.90441189965642
2025-07-02 09:25:00+00:00,25431.0,25431.0,25406.349609375,25406.94921875,0.0,52.031398808333705,-13.192679618005059,-17.78198558632791,25418.536766209338,25448.33674040149,16.529124665752388
2025-07-02 09:30:00+00:00,25456.650390625,25458.349609375,25430.19921875,25430.19921875,0.0,60.42927514571246,-8.638194943392591,-15.953227457740848,25422.166635201305,25448.66276590045,17.35921509141293
2025-07-02 09:35:00+00:00,25471.900390625,25471.900390625,25450.349609375,25456.349609375,0.0,64.4177459787233,-3.754901310079731,-13.513562228208626,25426.903183336894,25449.574045301415,17.658612674169152
2025-07-02 09:40:00+00:00,25459.900390625,25472.80078125,25459.19921875,25472.099609375,0.0,59.34855503727929,-0.8434330639211112,-10.979536395351124,25430.04577450719,25449.97900001999,17.368823376014213
2025-07-02 09:45:00+00:00,25442.80078125,25459.900390625,25440.05078125,25459.55078125,0.0,52.953852938630234,0.0831721709764679,-8.766994682085606,25431.260537054128,25449.697501244696,17.546022375941767
2025-07-02 09:50:00+00:00,25446.05078125,25452.55078125,25443.150390625,25443.650390625,0.0,53.96903080835252,1.0674563616084924,-6.800104473346787,25432.66913173945,25449.554492617455,16.98916363480307
2025-07-02 09:55:00+00:00,25444.75,25451.94921875,25441.30078125,25445.69921875,0.0,53.47169739182736,1.7226884185256495,-5.0955458949723,25433.819690621407,25449.36608114226,16.53625462517428
2025-07-03 03:45:00+00:00,25521.05078125,25522.099609375,25485.44921875,25496.30078125,0.0,70.5911647056398,8.303087099375261,-2.4158192961027884,25442.127413538416,25452.177245852366,20.880065678733256
2025-07-03 03:50:00+00:00,25465.05078125,25536.69921875,25459.849609375,25522.75,0.0,54.6872837464146,8.896811568996782,-0.15329312308287446,25444.31059141571,25452.682090377766,24.877890228466594
2025-07-03 03:55:00+00:00,25435.44921875,25478.94921875,25429.900390625,25465.400390625,0.0,48.47080702753603,6.899213941847847,1.2572082899032702,25443.466651161834,25452.006291490405,26.604385792504694
2025-07-03 04:00:00+00:00,25462.55078125,25469.400390625,25434.849609375,25434.849609375,0.0,53.66406898840371,7.417469060837902,2.4892604440901964,25445.284187360707,25452.41980089274,27.171985468040074
2025-07-03 04:05:00+00:00,25464.900390625,25496.150390625,25457.599609375,25462.69921875,0.0,54.09600892011962,7.926413060777122,3.5766909674275817,25447.1523971954,25452.909235784202,27.984756595322924
2025-07-03 04:10:00+00:00,25497.19921875,25497.19921875,25453.849609375,25464.400390625,0.0,59.66259804667757,10.811373560038191,5.023627485949704,25451.91876115298,25454.646097861292,29.08224607958557
2025-07-03 04:15:00+00:00,25518.150390625,25518.25,25495.19921875,25497.099609375,0.0,62.81280027467184,14.619782265326648,6.942858441825093,25458.226535388414,25457.1364622834,28.6514271631866
2025-07-03 04:20:00+00:00,25531.69921875,25537.849609375,25502.349609375,25517.25,0.0,64.73103322056049,18.5177892522006,9.257844603900196,25465.2239338038,25460.06049194876,29.140610937244702
2025-07-03 04:25:00+00:00,25545.349609375,25547.0,25528.599609375,25532.30078125,0.0,66.600329253848,22.449674442745163,11.89621057166919,25472.85495052487,25463.40516322038,28.373452343512934
2025-07-03 04:30:00+00:00,25540.650390625,25559.55078125,25533.400390625,25545.94921875,0.0,65.31688770069962,24.89950807416608,14.49687007216857,25479.311659105835,25466.434387824484,28.214662220762012
2025-07-03 04:35:00+00:00,25545.099609375,25551.599609375,25529.599609375,25539.80078125,0.0,65.98524673823891,26.89006175320901,16.97550840837666,25485.57717817909,25469.519298473526,27.77075777642187
2025-07-03 04:40:00+00:00,25543.05078125,25557.80078125,25533.94921875,25545.80078125,0.0,65.36062882297243,27.97973362564153,19.176353451829634,25491.050854662033,25472.40288603339,27.49081525667745
2025-07-03 04:45:00+00:00,25542.75,25553.099609375,25534.099609375,25542.5,0.0,65.26295813149545,28.490613840509468,21.039205529565603,25495.97458278946,25475.16159638502,26.884328452629063
2025-07-03 04:50:00+00:00,25552.75,25553.099609375,25532.150390625,25542.349609375,0.0,67.02712160151421,29.363917554826912,22.70414793461787,25501.38176538094,25478.204278879723,26.460392045298416
2025-07-03 04:55:00+00:00,25553.05078125,25567.349609375,25550.349609375,25553.80078125,0.0,67.08127484132251,29.73749227339431,24.110816802373158,25506.302624035136,25481.139435835423,25.78464975634853
2025-07-03 05:00:00+00:00,25557.099609375,25564.5,25551.94921875,25551.94921875,0.0,67.84679239284068,30.014273658045568,25.291508173507644,25511.14043216274,25484.11826617031,24.83937343446649
2025-07-03 05:05:00+00:00,25551.55078125,25562.25,25547.94921875,25555.650390625,0.0,65.59544535850397,29.446440605755924,26.1224946599573,25514.989036837716,25486.76267852638,24.08661684986174
2025-07-03 05:10:00+00:00,25547.849609375,25554.5,25544.69921875,25550.900390625,0.0,64.06830476631538,28.37073500945189,26.57214272985622,25518.1186151746,25489.158244442013,23.066200021300187
2025-07-03 05:15:00+00:00,25547.849609375,25548.900390625,25537.55078125,25548.0,0.0,64.06830476631538,27.204632505116024,26.698640684908185,25520.95013843178,25491.459866596248,22.2293006894216
2025-07-03 05:20:00+00:00,25535.900390625,25552.599609375,25531.19921875,25546.25,0.0,58.93118016651866,25.027781098531705,26.364468767632893,25522.37397197399,25493.202632244433,22.1700928276772
2025-07-03 05:25:00+00:00,25531.150390625,25539.05078125,25526.44921875,25536.099609375,0.0,56.97547404407156,22.658136479712994,25.623202310048914,25523.209821369324,25494.690779631906,21.486626375700258
2025-07-03 05:30:00+00:00,25544.849609375,25549.650390625,25531.150390625,25531.150390625,0.0,60.99576173289243,21.636180094828887,24.82579786700491,25525.27075356034,25496.657792563008,21.273295920293098
2025-07-03 05:35:00+00:00,25561.80078125,25567.099609375,25543.55078125,25544.25,0.0,65.31468325808063,21.941166095621156,24.248871512728158,25528.7498038165,25499.212419570344,21.43583393491502
2025-07-03 05:40:00+00:00,25554.19921875,25563.69921875,25549.599609375,25560.599609375,0.0,61.99926822483563,21.32368101253087,23.663833412688703,25531.17355761969,25501.368764636216,20.91181789492109
2025-07-03 05:45:00+00:00,25554.69921875,25565.650390625,25549.30078125,25554.849609375,0.0,62.13541647961092,20.63677753133743,23.05842223641845,25533.41409677496,25503.46015499362,20.585945857783866
2025-07-03 05:50:00+00:00,25567.19921875,25567.44921875,25551.75,25555.0,0.0,65.46649920018676,20.860579333464557,22.618853655827674,25536.63172743925,25505.95972612132,20.23689392151359
2025-07-03 05:55:00+00:00,25539.650390625,25576.30078125,25539.650390625,25566.75,0.0,54.15826539285018,18.600567911104008,21.81519650688294,25536.919219171225,25507.28092865088,21.409286543191193
2025-07-03 06:00:00+00:00,25545.900390625,25550.5,25538.349609375,25542.30078125,0.0,56.01455700804727,17.116506905993447,20.875458586705044,25537.774568833487,25508.795417355745,20.747936834748966
2025-07-03 06:05:00+00:00,25547.19921875,25552.44921875,25535.400390625,25545.94921875,0.0,56.40958918563768,15.862331360323878,19.872833141428814,25538.67215453982,25510.30144878297,20.483714784052612
2025-07-03 06:10:00+00:00,25512.900390625,25551.30078125,25504.099609375,25550.5,0.0,44.93324494580241,11.962859029834362,18.290838319109923,25536.217700833648,25510.403368070896,22.39210457626314
2025-07-03 06:15:00+00:00,25507.05078125,25515.849609375,25484.849609375,25512.599609375,0.0,43.31472355342257,8.304752507036028,16.293621156695146,25533.439898968536,25510.27189407792,23.006954249387203
2025-07-03 06:20:00+00:00,25508.19921875,25516.650390625,25501.30078125,25505.599609375,0.0,43.7431646687696,5.435686826695019,14.12203429069512,25531.036024662008,25510.19061269251,22.46000104407383
2025-07-03 06:25:00+00:00,25514.400390625,25521.400390625,25507.25,25508.400390625,0.0,46.11162986675651,3.6205785734200617,12.02174314724011,25529.451678563244,25510.355702023196,21.866457442711415
2025-07-03 06:30:00+00:00,25508.44921875,25517.80078125,25501.05078125,25513.599609375,0.0,44.18889984673433,1.6824877003600704,9.953892057864103,25527.451444295315,25510.280937973268,21.50099619680346
2025-07-03 06:35:00+00:00,25505.94921875,25510.30078125,25502.44921875,25508.30078125,0.0,43.37076088713303,-0.054563413294090424,7.952200963632465,25525.403613290997,25510.11106663118,20.526036647031784
2025-07-03 06:40:00+00:00,25503.94921875,25508.599609375,25500.900390625,25505.5,0.0,42.68981464978178,-1.5744232497636403,6.046876120953244,25523.360337620426,25509.8694255378,19.60983536867237
2025-07-03 06:45:00+00:00,25489.900390625,25504.900390625,25486.44921875,25503.80078125,0.0,38.15777581890837,-3.8679587185142736,4.063909153059741,25520.173676001814,25509.086326129454,19.527073690552918
2025-07-03 06:50:00+00:00,25504.5,25505.94921875,25489.30078125,25489.349609375,0.0,44.7250281484497,-4.456167711483431,2.3598937801511064,25518.680944954023,25508.906470202808,19.321456819799135
2025-07-03 06:55:00+00:00,25511.650390625,25515.44921875,25498.44921875,25503.400390625,0.0,47.65681225229398,-4.295831143732357,1.0287487953744137,25518.011368351257,25509.014074925246,19.15563847552777
2025-07-03 07:00:00+00:00,25511.849609375,25514.599609375,25505.75,25511.150390625,0.0,47.73998061434676,-4.105363891008892,0.0019262580977524868,25517.42453416304,25509.12527235465,18.41949353977579
2025-07-03 07:05:00+00:00,25506.44921875,25512.94921875,25505.05078125,25510.599609375,0.0,45.623723858180675,-4.340153029006615,-0.866489599323121,25516.379266028467,25509.020329076036,17.667989536934662
2025-07-03 07:10:00+00:00,25518.400390625,25538.55078125,25505.599609375,25505.75,0.0,50.81948516043079,-3.5212743632910133,-1.3974465521166994,25516.571754085282,25509.388174626976,18.75964541822504
2025-07-03 07:15:00+00:00,25520.599609375,25526.900390625,25512.75,25518.55078125,0.0,51.73344817836926,-2.664138022762927,-1.6507848462459451,25516.95535935097,25509.82783873474,18.430412932994678
2025-07-03 07:20:00+00:00,25517.349609375,25521.900390625,25512.099609375,25519.650390625,0.0,50.24734724924378,-2.2214911688170105,-1.7649261107601582,25516.992906972304,25510.122810132398,17.81401066992363
2025-07-03 07:25:00+00:00,25512.19921875,25519.55078125,25510.05078125,25516.80078125,0.0,47.89909019821978,-2.2602293112358893,-1.8639867508553045,25516.536365236847,25510.204237921324,17.220152764929086
2025-07-03 07:30:00+00:00,25500.0,25512.94921875,25496.599609375,25512.0,0.0,42.797270549032675,-3.237979160010582,-2.1387852326863603,25514.961473309526,25509.804071728333,17.157971094219867
2025-07-03 07:35:00+00:00,25504.0,25506.80078125,25496.900390625,25498.900390625,0.0,44.87071706397582,-3.6480341223250434,-2.440635010614097,25513.917523470525,25509.57646107232,16.63957248927559
2025-07-03 07:40:00+00:00,25507.55078125,25508.94921875,25500.19921875,25503.75,0.0,46.71706207925994,-3.644476011631923,-2.6814032108176624,25513.31116706857,25509.497022647913,16.076031597184475
2025-07-03 07:45:00+00:00,25500.69921875,25509.94921875,25479.75,25506.900390625,0.0,43.6773190126512,-4.146719218224462,-2.9744664122990225,25512.110029133466,25509.152010730348,17.08483067952844
2025-07-03 07:50:00+00:00,25501.80078125,25505.650390625,25493.900390625,25499.349609375,0.0,44.30477535847186,-4.405084616912063,-3.2605900532216308,25511.128196001708,25508.863727221316,16.70377134527641
2025-07-03 07:55:00+00:00,25503.849609375,25505.150390625,25497.19921875,25501.19921875,0.0,45.52044293112295,-4.39386797494808,-3.4872456375669207,25510.434997275355,25508.66709514891,16.078585668828097
2025-07-03 08:00:00+00:00,25517.099609375,25525.099609375,25495.599609375,25503.349609375,0.0,52.70941208111809,-3.278027381100401,-3.445401986273617,25511.069722237226,25508.997781981307,17.037258121054663
2025-07-03 08:05:00+00:00,25569.5,25573.150390625,25515.5,25516.650390625,0.0,69.7243371733909,1.813651280808699,-2.393591332857154,25516.634510595584,25511.370417982038,19.938196157050758
2025-07-03 08:10:00+00:00,25570.5,25587.150390625,25559.099609375,25568.80078125,0.0,69.94656559212055,5.861961898765003,-0.7424806865327227,25521.76455720553,25513.689225119997,20.517666520832847
2025-07-03 08:15:00+00:00,25512.5,25574.849609375,25507.5,25570.44921875,0.0,47.95859787909529,4.340131620538159,0.27404177488145365,25520.882218424053,25513.64258884078,23.8628052961305
2025-07-03 08:20:00+00:00,25509.650390625,25512.099609375,25493.94921875,25511.75,0.0,47.17397105333209,2.871034995197988,0.7934404189447606,25519.812520538428,25513.486032048004,23.483375007121175
2025-07-03 08:25:00+00:00,25499.44921875,25513.349609375,25480.0,25510.19921875,0.0,44.3750845643007,0.873546321552567,0.8094615994663219,25517.87315846334,25512.935568781417,24.188106033398235
2025-07-03 08:30:00+00:00,25506.94921875,25509.150390625,25497.75,25499.05078125,0.0,46.8708929966533,-0.10310202755499631,0.6269488740620582,25516.832783252547,25512.700809956656,23.274697789941218
2025-07-03 08:35:00+00:00,25506.599609375,25508.55078125,25493.599609375,25506.0,0.0,46.7655575622775,-0.8949964731291402,0.3225598046238185,25515.85819526421,25512.46154718875,22.680160224588274
2025-07-03 08:40:00+00:00,25492.099609375,25505.80078125,25490.150390625,25505.25,0.0,42.49951796290855,-2.661922360992321,-0.2743366284994094,25513.59547279857,25511.663039823503,22.235092976403397
2025-07-03 08:45:00+00:00,25484.5,25495.150390625,25484.5,25491.75,0.0,40.41844950716767,-4.622167353067198,-1.1439027734129672,25510.82447538918,25510.597822575524,21.40761423701744
2025-07-03 08:50:00+00:00,25477.650390625,25485.599609375,25465.69921875,25483.5,0.0,38.58455207062086,-6.651705147673056,-2.245463248264985,25507.665038744974,25509.305766420603,21.299955407587625
2025-07-03 08:55:00+00:00,25453.599609375,25478.0,25453.55078125,25477.94921875,0.0,32.93403264478599,-10.084576794193708,-3.81328595745073,25502.51595023355,25507.12121124234,21.52490278918851
2025-07-03 09:00:00+00:00,25426.30078125,25453.55078125,25408.94921875,25453.55078125,0.0,27.93366116385441,-14.836908939822024,-6.018010553924989,25495.257362711305,25503.951782615193,23.176723348889332
2025-07-03 09:05:00+00:00,25401.900390625,25425.55078125,25384.650390625,25425.55078125,0.0,24.37176111314905,-20.337634415001958,-8.881935326140383,25486.36622251261,25499.94976724303,24.496271011468668
2025-07-03 09:10:00+00:00,25405.599609375,25415.150390625,25398.650390625,25401.5,0.0,25.914126226089067,-24.120457329572673,-11.929639726826842,25478.674164118554,25496.249761052128,23.925108796363762
2025-07-03 09:15:00+00:00,25397.849609375,25448.599609375,25395.94921875,25408.69921875,0.0,24.774193797182278,-27.42756408794594,-15.02922459905066,25470.97658747631,25492.39093157459,25.97691464126635
2025-07-03 09:20:00+00:00,25408.25,25416.55078125,25393.30078125,25397.099609375,0.0,29.270693515891963,-28.87637652298872,-17.798654983838276,25465.00262676428,25489.09128719912,25.78213502403304
2025-07-03 09:25:00+00:00,25408.849609375,25420.94921875,25401.44921875,25407.80078125,0.0,29.532211649285486,-29.634578377819707,-20.16583966263456,25459.654720346254,25485.94455473543,25.333411093744964
2025-07-03 09:30:00+00:00,25399.44921875,25420.0,25397.849609375,25410.599609375,0.0,27.796962204341142,-30.640783887982252,-22.2608285077041,25453.920863051375,25482.552580775216,25.10605248883461
2025-07-03 09:35:00+00:00,25415.599609375,25415.849609375,25397.69921875,25400.25,0.0,34.87680265195783,-29.7915885667353,-23.76698051951034,25450.2712198441,25479.92697405364,24.609219498560712
2025-07-03 09:40:00+00:00,25397.94921875,25424.349609375,25396.05078125,25416.349609375,0.0,31.26829094568042,-30.194767683231476,-25.05253795225457,25445.28817212085,25476.712160120165,24.8727629718778
2025-07-03 09:45:00+00:00,25414.849609375,25418.44921875,25395.94921875,25399.5,0.0,37.89427236610578,-28.81836953167658,-25.805704268138975,25442.38926138315,25474.286177738002,24.703279902457957
2025-07-03 09:50:00+00:00,25398.650390625,25415.349609375,25392.55078125,25415.349609375,0.0,34.46463095883236,-28.703825814285665,-26.385328577368316,25438.223654644276,25471.320068439454,24.567247632639532
2025-07-03 09:55:00+00:00,25397.400390625,25402.80078125,25388.650390625,25398.0,0.0,34.20735731823831,-28.38668955918547,-26.78560077373175,25434.33572473768,25468.42125754477,23.823186417808135
2025-07-04 03:45:00+00:00,25412.650390625,25458.650390625,25407.349609375,25438.650390625,0.0,40.08374985998844,-26.59820172901891,-26.748120964789187,25432.27045482219,25466.23416472439,26.496530245107554
2025-07-04 03:50:00+00:00,25414.599609375,25428.349609375,25393.94921875,25411.94921875,0.0,40.81144028407865,-24.738358181402873,-26.346168408111925,25430.58751716055,25464.20928020088,27.061091700814156
2025-07-04 03:55:00+00:00,25424.900390625,25442.94921875,25414.349609375,25415.0,0.0,44.63799652299719,-22.177582445452572,-25.512451215580054,25430.045886061926,25462.667755119477,27.17098582039886
2025-07-04 04:00:00+00:00,25406.75,25429.5,25401.099609375,25424.55078125,0.0,39.760242977322825,-21.366435095966153,-24.683247991657275,25427.827230246505,25460.474901977537,27.258800449298942
2025-07-04 04:05:00+00:00,25384.30078125,25407.30078125,25382.599609375,25406.150390625,0.0,34.70840153422333,-22.278249521914404,-24.202248297708703,25423.681854151597,25457.48768155685,27.076112693991877
2025-07-04 04:10:00+00:00,25394.400390625,25395.400390625,25370.55078125,25383.650390625,0.0,38.49458835525386,-21.933084013504413,-23.748415440867845,25420.89314333954,25455.013670147757,26.917076742635317
2025-07-04 04:15:00+00:00,25395.150390625,25403.25,25390.19921875,25393.80078125,0.0,38.77850446964843,-21.35287646118013,-23.2693076449303,25418.441452604824,25452.66609055863,25.92662706458994
2025-07-04 04:20:00+00:00,25407.44921875,25411.25,25387.30078125,25395.55078125,0.0,43.393096035210654,-19.673857172761927,-22.550217550496626,25417.39457319008,25450.892879899468,25.7853836135478
2025-07-04 04:25:00+00:00,25414.0,25414.400390625,25394.900390625,25408.19921875,0.0,45.73910845591798,-17.611613275312266,-21.562496695459753,25417.07128050531,25449.44610029557,25.336427641151527
2025-07-04 04:30:00+00:00,25405.80078125,25423.55078125,25403.80078125,25414.05078125,0.0,43.31916593726819,-16.449261708643462,-20.539849698096496,25415.997899623853,25447.734519156525,24.93739709535499
2025-07-04 04:35:00+00:00,25413.849609375,25413.900390625,25397.75,25406.349609375,0.0,46.321523415710736,-14.709059671127761,-19.37369169270275,25415.793300552534,25446.405699165094,24.30975377604392
2025-07-04 04:40:00+00:00,25410.25,25415.19921875,25400.30078125,25413.5,0.0,45.16919590127564,-13.465177230951667,-18.191988800352533,25415.26536716658,25444.987828609603,23.63751689918364
2025-07-04 04:45:00+00:00,25402.400390625,25417.44921875,25395.75,25409.599609375,0.0,42.67601218019943,-12.963355813655653,-17.14626220301316,25414.04013130548,25443.317733002365,23.49906703138481
2025-07-04 04:50:00+00:00,25416.849609375,25418.05078125,25402.25,25402.69921875,0.0,48.32972447885363,-11.269816104220808,-15.970972983254688,25414.307700645433,25442.27976736992,22.94918947557161
2025-07-04 04:55:00+00:00,25410.849609375,25420.55078125,25407.0,25417.0,0.0,46.2881793864926,-10.2931702793976,-14.835412442483271,25413.97835861968,25441.047212154434,22.277874602316498
2025-07-04 05:00:00+00:00,25403.849609375,25413.849609375,25401.099609375,25410.44921875,0.0,43.95532502840609,-9.96909539922126,-13.86214903383087,25413.013715834473,25439.58848263367,21.59731213072246
2025-07-04 05:05:00+00:00,25414.94921875,25415.25,25402.099609375,25403.69921875,0.0,48.396435410315995,-8.71614372928525,-12.832947972921747,25413.198049445476,25438.622236991174,20.99396059459943
2025-07-04 05:10:00+00:00,25413.849609375,25417.0,25409.650390625,25414.55078125,0.0,47.99071222157641,-7.72287529154346,-11.810933436646092,25413.2601027721,25437.650761398385,20.019364078913757
2025-07-04 05:15:00+00:00,25416.0,25421.400390625,25406.69921875,25413.55078125,0.0,48.89303139124443,-6.685122416765807,-10.785771232670035,25413.521045365233,25436.80171193178,19.63949320720563
2025-07-04 05:20:00+00:00,25421.599609375,25423.849609375,25410.05078125,25415.19921875,0.0,51.26414792198807,-5.349191953147965,-9.698455376765622,25414.29043241378,25436.205551047202,19.222302844190942
2025-07-04 05:25:00+00:00,25419.25,25424.349609375,25415.69921875,25422.150390625,0.0,50.21146331465966,-4.42899656053487,-8.644563613519471,25414.762772183894,25435.540627476723,18.467166257105873
2025-07-04 05:30:00+00:00,25424.75,25426.849609375,25417.650390625,25419.55078125,0.0,52.66191916784978,-3.2188264203323342,-7.559416174882044,25415.71393673781,25435.11746561489,17.80517000659831
2025-07-04 05:35:00+00:00,25413.05078125,25426.400390625,25413.05078125,25425.19921875,0.0,47.32614427535129,-3.167276650423446,-6.6809882699903245,25415.460302881827,25434.252105443717,17.486915675769858
2025-07-04 05:40:00+00:00,25423.55078125,25424.400390625,25410.25,25413.55078125,0.0,52.02441676336522,-2.2531874956475804,-5.7954281151217755,25416.230824631177,25433.832445671414,17.248592457857725
2025-07-04 05:45:00+00:00,25415.69921875,25424.94921875,25413.55078125,25424.05078125,0.0,48.53802139105021,-2.1376788986490283,-5.063878271827226,25416.180195499637,25433.12133873332,16.830724246582175
2025-07-04 05:50:00+00:00,25393.94921875,25415.849609375,25389.25,25415.599609375,0.0,40.45103197743026,-3.7578624320740346,-4.802675103876588,25414.06295961872,25431.585177165347,17.528501755754878
2025-07-04 05:55:00+00:00,25403.599609375,25403.599609375,25394.05078125,25394.44921875,0.0,44.84221874464301,-4.214580621428468,-4.685056207386964,25413.0664500717,25430.48770391867,16.965779532129527
2025-07-04 06:00:00+00:00,25398.599609375,25405.05078125,25398.19921875,25403.099609375,0.0,43.070097942560345,-4.923239252726489,-4.732692816454869,25411.688655719634,25429.23719040715,16.24333545840599
2025-07-04 06:05:00+00:00,25379.900390625,25399.55078125,25377.0,25398.650390625,0.0,37.156178405098125,-6.914026408274367,-5.168959534818769,25408.661201901097,25427.302413945108,16.693867300662706
2025-07-04 06:10:00+00:00,25360.650390625,25378.94921875,25351.5,25378.150390625,0.0,32.24727458865472,-9.930580146567081,-6.121283657168432,25404.088743684326,25424.688609109027,17.530047538115372
2025-07-04 06:15:00+00:00,25350.0,25359.69921875,25333.94921875,25359.599609375,0.0,29.89407838811374,-13.030411756099056,-7.503109276954557,25398.93743476201,25421.75964404593,18.185127847892847
2025-07-04 06:20:00+00:00,25348.099609375,25355.650390625,25336.349609375,25350.80078125,0.0,29.48068388012622,-15.462158146685397,-9.094919050900726,25394.095737106105,25418.87101523531,18.264817376614786
2025-07-04 06:25:00+00:00,25339.599609375,25348.099609375,25334.900390625,25347.44921875,0.0,27.639606193827873,-17.86922830288313,-10.849780901297208,25388.905629703142,25415.76233265255,17.90298890328516
2025-07-04 06:30:00+00:00,25341.5,25353.599609375,25333.599609375,25339.05078125,0.0,28.711526535504802,-19.399873437476344,-12.559799408533035,25384.390807826654,25412.850084313235,18.052775410193362
2025-07-04 06:35:00+00:00,25352.400390625,25355.599609375,25335.30078125,25341.900390625,0.0,34.68791734307821,-19.508468824271404,-13.94953329168071,25381.344101426497,25410.479508090168,18.213207746965264
2025-07-04 06:40:00+00:00,25352.900390625,25359.44921875,25347.69921875,25351.150390625,0.0,34.95727605162736,-19.331345907092327,-15.025895814763034,25378.63517658826,25408.22150348369,17.75155005075346
2025-07-04 06:45:00+00:00,25354.30078125,25360.599609375,25347.5,25351.900390625,0.0,35.75643105283997,-18.860562079877127,-15.792829067785853,25376.317615127475,25406.10696535688,17.419268573913925
2025-07-04 06:50:00+00:00,25352.599609375,25359.5,25350.0,25354.19921875,0.0,35.190784772763976,-18.412485190121515,-16.316760292252987,25374.05875743676,25404.00863767132,16.853606532920075
2025-07-04 06:55:00+00:00,25350.599609375,25354.0,25345.44921875,25352.44921875,0.0,34.49979164452344,-18.011143066352815,-16.655636847072955,25371.82455285945,25401.914165973427,16.26054758414007
2025-07-04 07:00:00+00:00,25364.44921875,25367.150390625,25349.05078125,25352.099609375,0.0,42.86604944970259,-16.386633895977866,-16.60183625685394,25371.122140087118,25400.444952356822,16.391909140630066
2025-07-04 07:05:00+00:00,25360.80078125,25364.400390625,25352.900390625,25363.849609375,0.0,41.3670642913084,-15.218171481628815,-16.325103301808916,25370.1391535312,25398.890278980085,16.045974782370774
2025-07-04 07:10:00+00:00,25360.650390625,25365.19921875,25357.80078125,25361.75,0.0,41.302948727284495,-14.14127999338234,-15.888338640123601,25369.235461825847,25397.390675515184,15.428293547915718
2025-07-04 07:15:00+00:00,25357.75,25368.0,25356.30078125,25361.19921875,0.0,40.01484649500101,-13.367777595260122,-15.384226431150907,25368.141608318623,25395.83613922047,15.161931062350309
2025-07-04 07:20:00+00:00,25356.900390625,25361.349609375,25352.44921875,25357.349609375,0.0,39.625006753335825,-12.677192958897649,-14.842819736700255,25367.071016157326,25394.30924711869,14.714678173968144
2025-07-04 07:25:00+00:00,25358.099609375,25362.599609375,25353.400390625,25357.44921875,0.0,40.50605865696783,-11.896003010646382,-14.253456391489483,25366.21659646377,25392.88926132482,14.320716786541848
2025-07-04 07:30:00+00:00,25360.94921875,25363.900390625,25354.25,25357.25,0.0,42.64779555280598,-10.92107335163746,-13.586979783519078,25365.714941443413,25391.636710635612,13.987122060717429
2025-07-04 07:35:00+00:00,25361.75,25370.25,25359.69921875,25362.099609375,0.0,43.26588441074174,-9.9689029110923,-12.863364409033725,25365.337327972615,25390.46468276755,13.741669145666183
2025-07-04 07:40:00+00:00,25370.69921875,25374.94921875,25358.69921875,25361.30078125,0.0,49.77970735870538,-8.39539690597303,-11.969770908421587,25365.847984237127,25389.689566531568,13.920835635261456
2025-07-04 07:45:00+00:00,25361.69921875,25373.400390625,25360.05078125,25370.25,0.0,44.274345390814375,-7.784867734942964,-11.132790273725863,25365.45286371454,25388.59190583425,13.880033759528496
2025-07-04 07:50:00+00:00,25366.599609375,25368.69921875,25358.44921875,25361.849609375,0.0,47.66804481127136,-6.826902121065359,-10.271612643193762,25365.56207758697,25387.72946283585,13.62074563384789
2025-07-04 07:55:00+00:00,25363.599609375,25372.25,25362.849609375,25367.19921875,0.0,45.82801654595535,-6.237876046128804,-9.464865323780772,25365.375175852496,25386.78319407268,13.319291704644469
2025-07-04 08:00:00+00:00,25372.25,25376.900390625,25362.599609375,25363.599609375,0.0,51.62637353472202,-5.015241823075485,-8.574940623639716,25366.0299210094,25386.21326489336,13.389398100741293
2025-07-04 08:05:00+00:00,25372.0,25381.099609375,25372.0,25372.900390625,0.0,51.45495948070861,-4.020126784238528,-7.663977855759478,25366.598499960885,25385.655881956365,13.082984620331201
2025-07-04 08:10:00+00:00,25372.69921875,25378.30078125,25369.900390625,25372.5,0.0,51.93563911177952,-3.138886704986362,-6.758959625604855,25367.179520797945,25385.1477775169,12.748513620664687
2025-07-04 08:15:00+00:00,25372.25,25376.44921875,25365.80078125,25372.25,0.0,51.582260133037856,-2.4485207687648654,-5.896871854236857,25367.662423579095,25384.641982320158,12.598508183474351
2025-07-04 08:20:00+00:00,25373.400390625,25380.75,25371.349609375,25372.0,0.0,52.47408153771439,-1.787963352704537,-5.075090153930393,25368.208896631088,25384.201135587013,12.370071215011896
2025-07-04 08:25:00+00:00,25384.05078125,25387.25,25366.099609375,25373.599609375,0.0,59.84781519651481,-0.4004531523423793,-4.140162753612791,25369.717647547175,25384.1952393385,12.997236887153903
2025-07-04 08:30:00+00:00,25374.900390625,25388.69921875,25366.19921875,25383.94921875,0.0,52.3349208602601,-0.038754633234930225,-3.319881129537219,25370.211242126014,25383.83073546738,13.676005680928625
2025-07-04 08:35:00+00:00,25382.55078125,25385.19921875,25374.05078125,25375.099609375,0.0,57.17532592020303,0.8553566168775433,-2.4848335802542665,25371.3864363283,25383.780541184347,13.49546509657658
2025-07-04 08:40:00+00:00,25384.30078125,25388.400390625,25379.349609375,25382.650390625,0.0,58.220488534951755,1.6857246149193088,-1.6507219412195515,25372.616373939887,25383.800942755548,13.17798767896397
2025-07-04 08:45:00+00:00,25383.30078125,25385.849609375,25376.849609375,25384.19921875,0.0,57.35902246606664,2.2373152160653262,-0.8731145097625761,25373.63393654085,25383.78132857886,12.8795599876094
2025-07-04 08:50:00+00:00,25385.30078125,25386.400390625,25373.5,25382.80078125,0.0,58.67600292816504,2.8035207843022363,-0.13778745094961364,25374.74506460839,25383.840914958124,12.881047890280156
2025-07-04 08:55:00+00:00,25389.25,25391.80078125,25383.150390625,25385.5,0.0,61.222800894704704,3.5302175738361257,0.5958135540075342,25376.12648702664,25384.05303594016,12.578858085617288
2025-07-04 09:00:00+00:00,25396.900390625,25398.0,25385.75,25387.44921875,0.0,65.64049981172985,4.6696240818928345,1.4105756595845944,25378.104954036007,25384.55685377094,12.55536822235891
2025-07-04 09:05:00+00:00,25433.44921875,25450.599609375,25396.05078125,25397.0,0.0,78.33753052832591,8.424682432007103,2.8133970140690963,25383.37583638972,25386.47420141718,15.55490107254756
2025-07-04 09:10:00+00:00,25454.55078125,25454.55078125,25433.0,25433.0,0.0,82.38485025101004,12.953987464916281,4.841515104238534,25390.15440256689,25389.143871214543,15.983178228079877
2025-07-04 09:15:00+00:00,25449.94921875,25462.94921875,25443.150390625,25453.75,0.0,78.92200523324314,15.987888274579745,7.070789738306777,25395.849146965284,25391.528394647306,16.255724649288457
2025-07-04 09:20:00+00:00,25445.30078125,25450.900390625,25438.849609375,25449.69921875,0.0,75.47095031054684,17.81186240437455,9.219004271520333,25400.558826420973,25393.637115690548,15.955371549339281
2025-07-04 09:25:00+00:00,25453.650390625,25454.650390625,25442.75,25445.75,0.0,77.38394781232786,19.703983482937474,11.316000113803762,25405.615165868974,25395.990577452685,15.665730054743618
2025-07-04 09:30:00+00:00,25460.099609375,25461.349609375,25452.400390625,25453.25,0.0,78.76172369897134,21.47633529966697,13.348067150976403,25410.804160488595,25398.504657135916,15.18597924726193
2025-07-04 09:35:00+00:00,25463.05078125,25464.650390625,25454.349609375,25461.349609375,0.0,79.38074671130954,22.855606584293128,15.249575037639747,25415.780029132537,25401.03587768941,14.837036533171792
2025-07-04 09:40:00+00:00,25462.80078125,25466.400390625,25458.55078125,25463.05078125,0.0,79.1702333617245,23.655826461599645,16.93082532243173,25420.258196000865,25403.458030770216,14.337934593302379
2025-07-04 09:45:00+00:00,25457.150390625,25464.19921875,25449.30078125,25462.5,0.0,74.3697607791511,23.562453877308144,18.257151033407013,25423.77173834602,25405.56361350962,14.377970515209352
2025-07-04 09:50:00+00:00,25464.599609375,25465.099609375,25453.650390625,25457.099609375,0.0,76.4013080759268,23.815020398134948,19.3687249063526,25427.660107015447,25407.878750602384,14.168773960551542
2025-07-04 09:55:00+00:00,25467.80078125,25469.75,25459.150390625,25462.80078125,0.0,77.23633302119575,23.9968680452439,20.294353534130863,25431.483028371116,25410.228634157193,13.913833633012146
2025-07-07 03:45:00+00:00,25447.349609375,25460.94921875,25408.19921875,25451.94921875,0.0,62.11466902478203,22.234440177075157,20.682370862719722,25432.994131323867,25411.68435867554,17.177242837796992
2025-07-07 03:50:00+00:00,25449.94921875,25478.099609375,25443.19921875,25445.19921875,0.0,63.10353464879101,20.807612935044745,20.707419277184727,25434.608901554926,25413.18494142356,18.44318196545435
2025-07-07 03:55:00+00:00,25439.900390625,25452.75,25433.69921875,25450.69921875,0.0,56.918891647296654,18.650988630768552,20.296133147901493,25435.112852894934,25414.232606098125,18.48658191435047
2025-07-07 04:00:00+00:00,25478.0,25480.5,25439.80078125,25441.400390625,0.0,69.2316416715411,19.78806391368198,20.194519301057593,25439.197343095417,25416.733288211926,20.073198831182577
2025-07-07 04:05:00+00:00,25479.650390625,25489.650390625,25470.44921875,25478.0,0.0,69.6364704304134,20.585084952559555,20.272632431357984,25443.05001428871,25419.200625561458,20.01091119145525
2025-07-07 04:10:00+00:00,25451.900390625,25480.849609375,25446.69921875,25479.44921875,0.0,56.23793520920976,18.761268559061136,19.970359656898616,25443.89290727312,25420.482969289442,21.020874008137017
2025-07-07 04:15:00+00:00,25446.650390625,25452.94921875,25440.94921875,25451.80078125,0.0,54.116492952716314,16.699745532139787,19.316236831946853,25444.1555247352,25421.50914267515,20.37652586469866
2025-07-07 04:20:00+00:00,25465.650390625,25466.599609375,25438.900390625,25446.80078125,0.0,59.99769200293995,16.409951188743435,18.73497970330617,25446.202654819943,25423.240172006517,20.8995753565059
2025-07-07 04:25:00+00:00,25462.099609375,25473.30078125,25459.0,25465.94921875,0.0,58.488871707879255,15.712643142618617,18.13051239116866,25447.716650491853,25424.764071511167,20.428232920326906
2025-07-07 04:30:00+00:00,25457.349609375,25469.30078125,25457.19921875,25461.5,0.0,56.44395880969733,14.608340335624234,17.426077980059777,25448.63407514739,25426.041935741123,19.83347074744641
2025-07-07 04:35:00+00:00,25422.0,25457.75,25417.05078125,25457.650390625,0.0,44.0897508388794,10.756757156806998,16.09221381540922,25446.097496561924,25425.883428457157,21.32388131905738
2025-07-07 04:40:00+00:00,25436.099609375,25439.55078125,25417.25,25421.94921875,0.0,48.894515258777815,8.741306044837984,14.622032261294974,25445.145316829836,25426.284063002953,21.393659885553284
2025-07-07 04:45:00+00:00,25430.599609375,25446.25,25427.44921875,25436.099609375,0.0,47.19087083971758,6.623886443780066,13.022403097791994,25443.760011357946,25426.453300115583,21.208454268728048
2025-07-07 04:50:00+00:00,25438.150390625,25443.099609375,25429.55078125,25430.44921875,0.0,49.77804863808425,5.491795101712341,11.516281498576063,25443.22576176433,25426.912009547326,20.661338115604615
2025-07-07 04:55:00+00:00,25435.400390625,25444.650390625,25432.69921875,25437.80078125,0.0,48.83959078100869,4.322871171581937,10.07759943317724,25442.48048832249,25427.244887236648,20.039183384132855
2025-07-07 05:00:00+00:00,25443.5,25452.69921875,25434.25,25435.55078125,0.0,51.72630325449018,4.003906775651558,8.862860901672104,25442.57758467273,25427.882342639132,19.925614481694794
2025-07-07 05:05:00+00:00,25436.44921875,25445.25,25434.80078125,25442.650390625,0.0,49.127621441686706,3.1459218440722907,7.719473090152142,25441.993930775327,25428.21829856505,19.24872907228802
2025-07-07 05:10:00+00:00,25449.400390625,25455.400390625,25434.849609375,25436.69921875,0.0,53.72629371417782,3.4710023823608935,6.8697789485938925,25442.69930790387,25429.04896884191,19.341732799267447
2025-07-07 05:15:00+00:00,25449.400390625,25459.400390625,25447.55078125,25450.30078125,0.0,53.72629371417782,3.686139529083448,6.2330510646918045,25443.337506258264,25429.847063813795,18.80658112610549
2025-07-07 05:20:00+00:00,25461.849609375,25468.44921875,25448.400390625,25449.30078125,0.0,57.962611605795885,4.805787056815461,5.947598263116536,25445.100563697953,25431.10206560051,18.895313054597953
2025-07-07 05:25:00+00:00,25468.80078125,25473.099609375,25456.150390625,25462.44921875,0.0,60.156010812719515,6.1827464140696975,5.994627893307168,25447.35772727434,25432.58044660637,18.75630631855524
2025-07-07 05:30:00+00:00,25467.75,25478.75,25466.900390625,25469.80078125,0.0,59.64933921162474,7.107279071024095,6.217158128850554,25449.299848486306,25433.95964477867,18.262970822587008
2025-07-07 05:35:00+00:00,25473.55078125,25474.349609375,25465.80078125,25468.44921875,0.0,61.573482534091504,8.213373770104226,6.6164012571012885,25451.609461130465,25435.512238365784,17.56910348704508
2025-07-07 05:40:00+00:00,25457.69921875,25473.75,25450.05078125,25473.75,0.0,53.99609664074424,7.721860371715593,6.837493080024149,25452.18943804661,25436.38231602791,18.00696886297043
2025-07-07 05:45:00+00:00,25456.19921875,25461.650390625,25453.599609375,25458.900390625,0.0,53.32732271382297,7.12911499837719,6.895817463694758,25452.571321923122,25437.159449467996,17.295812604901116
2025-07-07 05:50:00+00:00,25452.44921875,25457.5,25447.150390625,25455.75,0.0,51.60646190307675,6.284324577689404,6.773518886493688,25452.55969304949,25437.759048263368,16.79965523133675
2025-07-07 05:55:00+00:00,25453.650390625,25455.55078125,25447.80078125,25452.099609375,0.0,52.13922515329219,5.646655485095835,6.548146206214119,25452.663569009062,25438.382238159902,16.153251286241268
2025-07-07 06:00:00+00:00,25451.30078125,25455.349609375,25446.80078125,25453.30078125,0.0,50.957463531237636,4.895274616421375,6.217571888255571,25452.533779698675,25438.888847692848,15.610078203295462
2025-07-07 06:05:00+00:00,25450.55078125,25454.94921875,25447.30078125,25451.80078125,0.0,50.56350297373066,4.190970236508292,5.812251557906115,25452.344922703563,25439.34617842058,15.0413895816315
2025-07-07 06:10:00+00:00,25452.400390625,25456.25,25449.150390625,25450.849609375,0.0,51.558150249178404,3.7389516526782245,5.397591576860537,25452.35020536275,25439.85810831095,14.474119566872108
2025-07-07 06:15:00+00:00,25438.05078125,25453.0,25433.94921875,25453.0,0.0,44.13849578934081,2.1974987191679247,4.757573005322015,25450.98835544725,25439.78723273993,14.801023972809816
2025-07-07 06:20:00+00:00,25436.400390625,25445.400390625,25436.150390625,25438.150390625,0.0,43.3655263442737,0.8331098613525683,3.9726803765281256,25449.59902546418,25439.654415402092,14.404522260466257
2025-07-07 06:25:00+00:00,25439.0,25442.19921875,25434.400390625,25436.69921875,0.0,44.99939921473776,-0.03797365102218464,3.170549571018064,25448.58959446759,25439.62875205299,13.932686965075808
2025-07-07 06:30:00+00:00,25432.05078125,25443.80078125,25428.099609375,25439.05078125,0.0,41.54869780314634,-1.2743673726763518,2.281566182279181,25447.01446939925,25439.331576727385,14.05900731578468
2025-07-07 06:35:00+00:00,25432.05078125,25436.80078125,25428.55078125,25432.150390625,0.0,41.54869780314633,-2.2285292073283927,1.3795471043576664,25445.58935624218,25439.046055336115,13.64407822180006
2025-07-07 06:40:00+00:00,25430.25,25433.25,25425.19921875,25432.349609375,0.0,40.61273782722267,-3.0943476195825497,0.48476815956962327,25444.1284651715,25438.7011119896,13.244557009528625
2025-07-07 06:45:00+00:00,25432.400390625,25432.849609375,25421.25,25430.55078125,0.0,42.28472039792771,-3.5658910252532223,-0.3253636773949459,25443.01150569088,25438.454024877265,13.127060749919437
2025-07-07 06:50:00+00:00,25444.80078125,25447.25,25430.150390625,25432.55078125,0.0,50.873929241427646,-2.9054919795526075,-0.8413893378264783,25443.18191288699,25438.70291728404,13.410814223139479
2025-07-07 06:55:00+00:00,25448.0,25452.849609375,25444.75,25445.849609375,0.0,52.824544920050826,-2.0997659667737025,-1.0930646636159231,25443.640778326328,25439.067508763103,13.031442448272372
2025-07-07 07:00:00+00:00,25447.55078125,25453.25,25445.5,25447.5,0.0,52.50926649322461,-1.480405304715532,-1.170532791835845,25444.01315955715,25439.40018611553,12.65419655911006
2025-07-07 07:05:00+00:00,25444.650390625,25448.05078125,25442.55078125,25446.849609375,0.0,50.41699171353867,-1.209650701341161,-1.1783563737369083,25444.07384823028,25439.60607648845,12.143182519173626
2025-07-07 07:10:00+00:00,25450.19921875,25450.30078125,25441.849609375,25443.30078125,0.0,54.17865617190743,-0.5410942733251431,-1.0509039536545552,25444.657216851207,25440.021493832042,11.879467473161224
2025-07-07 07:15:00+00:00,25442.099609375,25450.5,25435.400390625,25448.900390625,0.0,48.405784194915654,-0.6572528707656602,-0.9721737370767762,25444.413635186807,25440.102988559218,12.10947760900685
2025-07-07 07:20:00+00:00,25445.849609375,25446.30078125,25437.30078125,25440.69921875,0.0,51.008554412938146,-0.44162495855562156,-0.8660639813725454,25444.5503946333,25440.328346238268,11.88737206550636
2025-07-07 07:25:00+00:00,25425.849609375,25447.25,25421.25,25444.75,0.0,39.54928642089629,-1.8630945434779278,-1.065470093793622,25442.769367465844,25439.760552635787,12.895416917970191
2025-07-07 07:30:00+00:00,25431.55078125,25435.5,25417.150390625,25423.849609375,0.0,43.44933820746437,-2.5007553559589724,-1.352527146226692,25441.700930683382,25439.43860081674,13.28500209347232
2025-07-07 07:35:00+00:00,25441.94921875,25443.05078125,25430.19921875,25430.75,0.0,49.809642142420124,-2.14234353831489,-1.5104904246443316,25441.724577165918,25439.537056421967,13.254042122510011
2025-07-07 07:40:00+00:00,25448.80078125,25455.349609375,25438.849609375,25441.19921875,0.0,53.51918294682905,-1.2905589969923312,-1.4665041391139317,25442.3985013644,25439.900339748558,13.485896256616439
2025-07-07 07:45:00+00:00,25457.5,25460.400390625,25446.099609375,25447.599609375,0.0,57.78535452573213,0.08545556098761153,-1.1561121990936232,25443.836739329698,25440.590522503517,13.544102327572407
2025-07-07 07:50:00+00:00,25456.05078125,25459.30078125,25453.30078125,25456.099609375,0.0,56.849242927804994,1.0469485985995561,-0.7155000395549873,25444.999981417346,25441.196807160242,13.00523787560295
2025-07-07 07:55:00+00:00,25447.849609375,25458.19921875,25444.25,25455.099609375,0.0,51.74100243812548,1.134099534352572,-0.3455801247734755,25445.27137455617,25441.457701364743,13.072665080917023
2025-07-07 08:00:00+00:00,25451.19921875,25453.099609375,25444.05078125,25446.150390625,0.0,53.575823803644106,1.4566612770686334,0.014868155594946308,25445.83593114606,25441.83972165436,12.785248155494378
2025-07-07 08:05:00+00:00,25450.19921875,25454.150390625,25447.5,25450.25,0.0,52.92883267173953,1.613008382882981,0.3344962010525533,25446.251482346433,25442.167545069875,12.34704404617335
2025-07-07 08:10:00+00:00,25452.75,25454.0,25444.349609375,25449.25,0.0,54.44019713321773,1.9206018175427744,0.6517173243505976,25446.87038878963,25442.58254330243,12.154425944660968
2025-07-07 08:15:00+00:00,25457.19921875,25458.099609375,25451.25,25451.849609375,0.0,57.03173343716321,2.494630057604809,1.02029987100144,25447.854086881096,25443.155746261156,11.77551047539947
2025-07-07 08:20:00+00:00,25447.0,25458.349609375,25438.69921875,25456.400390625,0.0,50.00920874277056,2.102325558422308,1.2367050084856135,25447.77274527337,25443.30650130974,12.33800191465665
2025-07-07 08:25:00+00:00,25449.19921875,25455.94921875,25445.650390625,25446.80078125,0.0,51.398871016274725,1.9464426111007924,1.3786525290086493,25447.908599890194,25443.537588268184,12.192346643966887
2025-07-07 08:30:00+00:00,25463.150390625,25467.80078125,25446.80078125,25448.80078125,0.0,59.15560154044285,2.915044410368864,1.6859309052806923,25449.360199007795,25444.306717772375,12.821464740826396
2025-07-07 08:35:00+00:00,25456.400390625,25467.80078125,25455.5,25462.099609375,0.0,54.613951045438846,3.10223904614395,1.9691925334533442,25450.030693447527,25444.780979452873,12.784273062910225
2025-07-07 08:40:00+00:00,25452.05078125,25461.30078125,25450.44921875,25456.25,0.0,51.85140497100018,2.8665709725064517,2.148668221263966,25450.223082762048,25445.06606971943,12.646222308416638
2025-07-07 08:45:00+00:00,25457.75,25458.599609375,25449.44921875,25453.599609375,0.0,55.05913020654283,3.1039018011651933,2.339714937244212,25450.939932022804,25445.563478750042,12.39652004531545
2025-07-07 08:50:00+00:00,25459.44921875,25465.25,25455.150390625,25457.400390625,0.0,56.00032954660842,3.390022871470137,2.5497765240893973,25451.75034028254,25446.108017573573,12.232454997435775
2025-07-07 08:55:00+00:00,25453.150390625,25463.349609375,25452.19921875,25460.30078125,0.0,51.67962432163938,3.073088442262815,2.6544389077240806,25451.88367841039,25446.38418906579,12.155164685118935
2025-07-07 09:00:00+00:00,25437.400390625,25456.19921875,25415.849609375,25452.94921875,0.0,42.78951836717812,1.5333467847121938,2.430220483121704,25450.504317668925,25446.03188324458,14.169053591539011
2025-07-07 09:05:00+00:00,25429.849609375,25440.849609375,25428.099609375,25437.400390625,0.0,39.299183244163004,-0.292819078444154,1.8856125708085323,25448.537202593314,25445.397284269304,14.067692620714796
2025-07-07 09:10:00+00:00,25425.25,25433.69921875,25421.30078125,25430.44921875,0.0,37.303057463219794,-2.087159245260409,1.0910582075947441,25446.319373774902,25444.607194690114,13.94846011209231
2025-07-07 09:15:00+00:00,25423.55078125,25429.55078125,25419.55078125,25425.650390625,0.0,36.5641786294093,-3.6047462364076637,0.1518973187942626,25444.150936391576,25443.781452986583,13.66642724694286
2025-07-07 09:20:00+00:00,25424.69921875,25430.55078125,25421.599609375,25424.69921875,0.0,37.46572828066819,-4.661045916240255,-0.8106913282126409,25442.29839185428,25443.033130075346,13.329623291804085
2025-07-07 09:25:00+00:00,25441.25,25442.94921875,25421.55078125,25426.05078125,0.0,48.7664322640169,-4.115223560937011,-1.471597774757515,25442.19854501102,25442.96320340573,13.905967163818078
2025-07-07 09:30:00+00:00,25456.19921875,25464.25,25441.650390625,25442.400390625,0.0,56.42592878151989,-2.4481575582249206,-1.6669097314509962,25443.53194250997,25443.482262830996,14.555540937831072
2025-07-07 09:35:00+00:00,25466.0,25466.0,25452.400390625,25456.0,0.0,60.58619280775414,-0.3323237805052486,-1.3999925412618466,25445.67175750902,25444.36531134743,14.487260111914567
2025-07-07 09:40:00+00:00,25459.94921875,25466.599609375,25456.150390625,25466.5,0.0,56.96982120070769,0.8464845072303433,-0.9506971315634086,25447.031515722447,25444.97644497106,14.198828586063527
2025-07-07 09:45:00+00:00,25457.30078125,25461.75,25455.599609375,25459.80078125,0.0,55.41078342550956,1.5491343394205614,-0.4507308373666147,25448.009541010786,25445.459752276118,13.623940160273277
2025-07-07 09:50:00+00:00,25463.0,25466.75,25456.94921875,25458.44921875,0.0,58.06996094187294,2.536628047379054,0.1467409395825191,25449.437203771664,25446.147605128033,13.350857380968042
2025-07-07 09:55:00+00:00,25454.94921875,25473.19921875,25453.349609375,25465.099609375,0.0,53.23980321185611,2.6391704476627638,0.645226841198568,25449.962157579124,25446.49276644654,13.815053951970325
2025-07-08 03:45:00+00:00,25457.150390625,25462.900390625,25428.099609375,25441.05078125,0.0,54.357640213401496,2.865025976971083,1.0891866683530709,25450.64675120254,25446.910712492754,15.31403447325816
2025-07-08 03:50:00+00:00,25484.44921875,25487.150390625,25456.94921875,25457.5,0.0,65.40368358024011,5.187012740934733,1.9087518828694034,25453.866033826107,25448.38281077735,16.377401430525435
2025-07-08 03:55:00+00:00,25474.400390625,25489.19921875,25471.44921875,25485.30078125,0.0,59.67822053152324,6.145505964945187,2.7561026992845603,25455.82168685457,25449.40310802628,16.475444185487905
2025-07-08 04:00:00+00:00,25464.69921875,25494.69921875,25464.650390625,25475.900390625,0.0,54.69984170201874,6.052545281876519,3.415391215802952,25456.66716608271,25450.002955505643,17.44497160973877
2025-07-08 04:05:00+00:00,25470.900390625,25473.349609375,25458.349609375,25465.55078125,0.0,57.15996110145435,6.405418340364122,4.013396640715186,25458.02271127721,25450.822462765223,17.270330780471713
2025-07-08 04:10:00+00:00,25471.55078125,25484.30078125,25468.80078125,25470.900390625,0.0,57.42113856355714,6.660772628747509,4.54287183832165,25459.311098893668,25451.63533799992,17.14387858186659
2025-07-08 04:15:00+00:00,25478.900390625,25484.849609375,25467.05078125,25472.150390625,0.0,60.36198537499313,7.371223914473376,5.108542253551995,25461.176745725224,25452.704555749922,17.190660692090407
2025-07-08 04:20:00+00:00,25469.150390625,25484.599609375,25469.150390625,25479.44921875,0.0,54.9407531764212,7.0660649626697705,5.5000467953755505,25461.936140477585,25453.349490450906,17.066271981941092
2025-07-08 04:25:00+00:00,25458.05078125,25472.849609375,25456.25,25469.0,0.0,49.49132043169428,5.861016432478209,5.572240722796082,25461.566106265433,25453.53385479597,17.032938938588156
2025-07-08 04:30:00+00:00,25455.849609375,25462.69921875,25446.05078125,25458.69921875,0.0,48.464692460414064,4.674505822702486,5.392693742777363,25461.021677990153,25453.62466870103,17.005474550117572
2025-07-08 04:35:00+00:00,25448.0,25458.400390625,25447.80078125,25456.099609375,0.0,44.888675144841685,3.065453106235509,4.927245615468992,25459.781518181568,25453.40409345785,16.547912751894888
2025-07-08 04:40:00+00:00,25448.19921875,25453.599609375,25442.94921875,25448.44921875,0.0,44.99959438685605,1.7857574240333633,4.298947977181867,25458.678442045228,25453.19998072421,16.126661171402397
2025-07-08 04:45:00+00:00,25459.94921875,25460.55078125,25441.75,25448.900390625,0.0,51.23375131007966,1.7001182721760415,3.779182036180702,25458.799468398065,25453.464656725224,16.31766974844508
2025-07-08 04:50:00+00:00,25448.400390625,25459.69921875,25445.599609375,25459.5,0.0,45.74537631546668,0.692373464917182,3.161820321927998,25457.809080038725,25453.26605805463,16.17709400748472
2025-07-08 04:55:00+00:00,25449.099609375,25452.849609375,25446.849609375,25448.75,0.0,46.12169981421029,-0.04928234949329635,2.5195997876437395,25456.97960664218,25453.10266791033,15.45015872123581
2025-07-08 05:00:00+00:00,25448.400390625,25450.599609375,25439.80078125,25449.44921875,0.0,45.77973412656215,-0.6855682314417209,1.8785661838266476,25456.162538450066,25452.918264879536,15.117920821504681
2025-07-08 05:05:00+00:00,25450.5,25454.94921875,25447.80078125,25448.150390625,0.0,47.04931088790922,-1.0087798613858467,1.3010969747841488,25455.62324907387,25452.823430962693,14.548672012825776
2025-07-08 05:10:00+00:00,25446.5,25455.599609375,25445.599609375,25450.5,0.0,44.89266481588308,-1.5696005986756063,0.7269574600921977,25454.75436820969,25452.575453277885,14.223766869052506
2025-07-08 05:15:00+00:00,25435.05078125,25449.19921875,25432.30078125,25446.650390625,0.0,39.33485467340564,-2.904430870363285,0.000679794001101186,25452.877836118292,25451.88821123758,14.41481477126304
2025-07-08 05:20:00+00:00,25442.400390625,25446.19921875,25432.55078125,25434.94921875,0.0,44.11759190904598,-3.330845510623476,-0.6656252669238143,25451.87998416655,25451.51613984101,14.360073537601394
2025-07-08 05:25:00+00:00,25451.349609375,25453.599609375,25441.30078125,25442.5,0.0,49.35350275982584,-2.913074909567513,-1.115115195452554,25451.82947228164,25451.5096092345,14.21284172241558
2025-07-08 05:30:00+00:00,25436.55078125,25454.94921875,25436.349609375,25451.44921875,0.0,42.2961078276997,-3.733097623444337,-1.6387116810509106,25450.374358850055,25450.922988529226,14.526182269028753
2025-07-08 05:35:00+00:00,25431.849609375,25440.599609375,25431.599609375,25437.099609375,0.0,40.32346797641824,-4.708045396437228,-2.252578424128174,25448.61009699529,25450.17501287612,14.131454964098127
2025-07-08 05:40:00+00:00,25436.55078125,25443.150390625,25431.05078125,25431.80078125,0.0,43.177459808085736,-5.043218169910688,-2.810706373284677,25447.461590733834,25449.64072928294,13.986323136305403
2025-07-08 05:45:00+00:00,25437.650390625,25440.849609375,25434.099609375,25436.80078125,0.0,43.85383279035487,-5.160627222689072,-3.280690543165556,25446.527190723467,25449.170519923806,13.469442912283588
2025-07-08 05:50:00+00:00,25433.75,25440.55078125,25432.650390625,25437.25,0.0,41.946545307215985,-5.504946077740897,-3.7255416500806247,25445.31031541647,25448.565793652288,13.071653463191904
2025-07-08 05:55:00+00:00,25445.94921875,25445.94921875,25432.30078125,25433.44921875,0.0,49.364323119036136,-4.738820082948223,-3.9281973366541445,25445.371163352997,25448.46318287181,13.112852322963912
2025-07-08 06:00:00+00:00,25447.650390625,25455.5,25444.25,25445.849609375,0.0,50.31766486308495,-3.948869252748409,-3.9323317198729972,25445.588232616996,25448.43130866605,12.979791442752203
2025-07-08 06:05:00+00:00,25441.25,25448.5,25439.69921875,25447.69921875,0.0,46.75127803263756,-3.795533019656432,-3.9049719798296842,25445.175067605855,25448.149688718364,12.681290714698475
2025-07-08 06:10:00+00:00,25436.650390625,25442.44921875,25434.75,25441.400390625,0.0,44.32014727673883,-3.999064262738102,-3.923790436411368,25444.363193607678,25447.69873585196,12.325428431505728
2025-07-08 06:15:00+00:00,25440.849609375,25444.150390625,25433.69921875,25436.0,0.0,47.02840572020733,-3.777972267856967,-3.894626802700488,25444.028566537898,25447.430142656784,12.19155296318389
2025-07-08 06:20:00+00:00,25444.44921875,25446.30078125,25434.150390625,25440.94921875,0.0,49.30471443150181,-3.274549902718718,-3.770611422704134,25444.06862865334,25447.313243680048,12.188612796170755
2025-07-08 06:25:00+00:00,25449.55078125,25453.099609375,25442.19921875,25444.05078125,0.0,52.425034330457,-2.43585161205192,-3.5036594605736915,25444.59073842445,25447.40099025142,12.096596926801414
2025-07-08 06:30:00+00:00,25450.80078125,25450.849609375,25445.400390625,25447.849609375,0.0,53.18536872853842,-1.651277719225618,-3.133183112304077,25445.182171074503,25447.53431538862,11.621784199887028
2025-07-08 06:35:00+00:00,25459.0,25460.5,25449.900390625,25450.349609375,0.0,57.93435438198113,-0.363696361950133,-2.579285762233288,25446.498154781693,25447.983950079262,11.548771712395096
2025-07-08 06:40:00+00:00,25449.900390625,25461.099609375,25449.900390625,25458.94921875,0.0,51.669789618778275,-0.07665762633769191,-2.078760135054169,25446.82217724296,25448.059104610467,11.523803643652588
2025-07-08 06:45:00+00:00,25453.30078125,25456.55078125,25449.849609375,25450.0,0.0,53.68520790504197,0.4203600953114801,-1.5789360889810393,25447.439187148393,25448.264660557114,11.17932994589169
2025-07-08 06:50:00+00:00,25458.099609375,25459.650390625,25449.400390625,25453.80078125,0.0,56.44559305500267,1.1877835157429217,-1.0255921680362472,25448.45446545569,25448.650344824484,11.112949235470854
2025-07-08 06:55:00+00:00,25466.150390625,25470.55078125,25457.150390625,25457.55078125,0.0,60.67963378857712,2.4177327509460156,-0.33692718423979473,25450.13979166229,25449.336621130387,11.276337906151507
2025-07-08 07:00:00+00:00,25474.25,25477.0,25464.150390625,25465.349609375,0.0,64.42643809632577,3.9999383668327937,0.530445925974723,25452.436001980168,25450.313616380176,11.388714439640685
2025-07-08 07:05:00+00:00,25473.599609375,25477.55078125,25470.75,25474.55078125,0.0,63.899889516621634,5.142091795325541,1.4527750998448867,25454.45158363682,25451.226792576053,11.061004926094922
2025-07-08 07:10:00+00:00,25468.44921875,25475.0,25441.599609375,25473.05078125,0.0,59.73634197154839,5.567484639072063,2.2757170076903224,25455.784691742836,25451.902181837777,12.656675333159571
2025-07-08 07:15:00+00:00,25471.05078125,25474.099609375,25464.900390625,25468.150390625,0.0,61.11459460369411,6.044854563497211,3.0295445188517,25457.238605029233,25452.653107304923,12.409714148648174
2025-07-08 07:20:00+00:00,25473.099609375,25477.650390625,25469.30078125,25470.400390625,0.0,62.21165225753257,6.513414388180536,3.7263184927174673,25458.749176871686,25453.454930915515,12.119706664816162
2025-07-08 07:25:00+00:00,25473.650390625,25478.69921875,25471.80078125,25473.400390625,0.0,62.517796599416705,6.850229685143859,4.351100731202746,25460.16834008629,25454.24690972765,11.746758867329293
2025-07-08 07:30:00+00:00,25470.19921875,25476.400390625,25466.80078125,25472.5,0.0,59.2771775870087,6.76074386014443,4.833029356991083,25461.12366186379,25454.872490473626,11.593391046448629
2025-07-08 07:35:00+00:00,25469.19921875,25480.25,25466.349609375,25471.099609375,0.0,58.33363512772796,6.533816289444076,5.173186743481682,25461.892762519616,25455.434322955054,11.758176730630868
2025-07-08 07:40:00+00:00,25474.94921875,25475.849609375,25468.5,25469.599609375,0.0,62.072036939447806,6.7402540469920496,5.486600204183756,25463.136234541555,25456.19961298623,11.44327906237152
2025-07-08 07:45:00+00:00,25475.900390625,25477.400390625,25471.400390625,25474.44921875,0.0,62.668727271587784,6.901057977585879,5.769491758864182,25464.351868454265,25456.97219250148,11.054473415059269
2025-07-08 07:50:00+00:00,25468.94921875,25477.849609375,25467.5,25475.80078125,0.0,55.76427470983148,6.3938899904132995,5.894371405174005,25464.789711339574,25457.441879805345,11.004125983626464
2025-07-08 07:55:00+00:00,25473.44921875,25474.05078125,25464.5,25468.19921875,0.0,58.91965445487377,6.2826456700895505,5.972026258157114,25465.61442633104,25458.069618587488,10.900315645510288
2025-07-08 08:00:00+00:00,25460.19921875,25473.80078125,25447.150390625,25473.349609375,0.0,48.05113924034465,5.066911280435306,5.791003262612753,25465.098692275704,25458.153132319352,12.025321001188123
2025-07-08 08:05:00+00:00,25458.69921875,25464.25,25457.0,25460.150390625,0.0,46.99428489820162,3.937012128648348,5.420205035819872,25464.489218606588,25458.174547473496,11.6842266439604
2025-07-08 08:10:00+00:00,25469.849609375,25471.599609375,25457.849609375,25459.599609375,0.0,54.92994474726625,3.8963871207997727,5.115441452815852,25464.999732013104,25458.63239303826,11.831781883677516
2025-07-08 08:15:00+00:00,25472.349609375,25475.599609375,25469.19921875,25469.30078125,0.0,56.50233694772218,4.01958533834113,4.8962702299209075,25465.699720333283,25459.170323090682,11.443825365200551
2025-07-08 08:20:00+00:00,25476.5,25478.80078125,25471.150390625,25472.0,0.0,59.056183287114074,4.401386210050987,4.797293425946924,25466.728318396777,25459.849918263597,11.17286574090051
2025-07-08 08:25:00+00:00,25475.150390625,25478.400390625,25471.099609375,25477.44921875,0.0,57.86642352781205,4.542698553013906,4.746374451360321,25467.53042051375,25460.449936787576,10.896288277264759
2025-07-08 08:30:00+00:00,25470.80078125,25477.400390625,25469.69921875,25475.349609375,0.0,54.08465602841708,4.254667321114539,4.648033025311165,25467.84188344101,25460.85585225669,10.668065677102991
2025-07-08 08:35:00+00:00,25470.94921875,25474.05078125,25466.150390625,25471.5,0.0,54.19467364299108,3.9923567568475846,4.516897771618448,25468.137820137104,25461.251670550548,10.470374601952779
2025-07-08 08:40:00+00:00,25460.599609375,25475.0,25449.19921875,25471.30078125,0.0,45.93096554877389,2.915735974223935,4.196665412139546,25467.41989530262,25461.226099524058,11.565403648241867
2025-07-08 08:45:00+00:00,25459.80078125,25463.94921875,25456.849609375,25460.80078125,0.0,45.356097573994546,1.9752777217508992,3.752387874061817,25466.694265392845,25461.170204689784,11.246418343010305
2025-07-08 08:50:00+00:00,25457.69921875,25461.44921875,25455.650390625,25459.94921875,0.0,43.80285735236408,1.0482951567428245,3.2115693305980186,25465.837594284003,25461.034087594107,10.857304756009569
2025-07-08 08:55:00+00:00,25457.349609375,25465.400390625,25456.900390625,25457.69921875,0.0,43.5357569818223,0.28219131485093385,2.625693727448602,25465.02921476886,25460.889598252183,10.688925844866029
2025-07-08 09:00:00+00:00,25461.55078125,25465.349609375,25456.599609375,25457.650390625,0.0,47.66558076503062,0.013887869616155513,2.1033325558821128,25464.697935386113,25460.915526997196,10.550431141661312
2025-07-08 09:05:00+00:00,25454.650390625,25466.150390625,25447.44921875,25461.75,0.0,42.205322951149,-0.746938160064019,1.5332784126928864,25463.741026361247,25460.669835374756,11.13262690832836
2025-07-08 09:10:00+00:00,25452.900390625,25459.099609375,25452.25,25456.05078125,0.0,40.92492432139188,-1.4741159535806219,0.9317995394381849,25462.708584862557,25460.365151266924,10.826697084519193
2025-07-08 09:15:00+00:00,25455.55078125,25459.05078125,25450.75,25455.0,0.0,43.71017563577145,-1.8156159305108304,0.38231644544838195,25462.02688928041,25460.176352442733,10.646274524910678
2025-07-08 09:20:00+00:00,25470.0,25470.44921875,25451.94921875,25457.25,0.0,55.91364812691555,-0.9098378818853234,0.12388557998164088,25462.786233158466,25460.561593523413,11.207254915988488
2025-07-08 09:25:00+00:00,25482.30078125,25486.25,25467.19921875,25470.599609375,0.0,63.2233366291144,0.7914447104194551,0.2573974060692037,25464.644761548137,25461.414110689162,11.76750679698931
2025-07-08 09:30:00+00:00,25504.05078125,25505.650390625,25476.849609375,25483.55078125,0.0,72.04831964300503,3.8503818444442004,0.9759942937442031,25468.39771580546,25463.08613698567,12.984169257918646
2025-07-08 09:35:00+00:00,25528.0,25529.25,25503.75,25503.94921875,0.0,78.2400964439135,8.113585005350615,2.4035124360654856,25474.074123823986,25465.631778672505,13.878157168067315
2025-07-08 09:40:00+00:00,25536.0,25538.900390625,25515.349609375,25527.5,0.0,79.84611126049428,11.999415572954604,4.322693063443309,25479.97182631694,25468.39131676378,14.569058888205364
2025-07-08 09:45:00+00:00,25523.0,25547.400390625,25521.30078125,25536.19921875,0.0,70.71279244061752,13.87008720770973,6.232171892296594,25484.06974762009,25470.532833753437,15.392669637262122
2025-07-08 09:50:00+00:00,25520.599609375,25524.849609375,25517.30078125,25522.349609375,0.0,69.14015556910618,14.986165308073396,7.982970575451954,25487.54878207294,25472.496236718987,14.832395243529112
2025-07-08 09:55:00+00:00,25523.099609375,25535.44921875,25519.25,25519.25,0.0,69.8912017763833,15.889233160971344,9.564223092555833,25490.934575149324,25474.4806827055,14.930025493991318
2025-07-09 03:45:00+00:00,25488.650390625,25522.599609375,25484.19921875,25514.599609375,0.0,51.34687742527379,13.667605246162566,10.38489952327718,25490.717033766057,25475.036357525874,16.642194431920508
2025-07-09 03:50:00+00:00,25487.599609375,25500.69921875,25478.69921875,25488.30078125,0.0,50.903216325467,11.687434384177322,10.645406495457209,25490.420136205004,25475.52903406898,17.02489482964047
2025-07-09 03:55:00+00:00,25483.0,25494.30078125,25476.849609375,25487.44921875,0.0,48.91099700133973,9.635907925250649,10.443506781415898,25489.713456566435,25475.822013125096,17.055343190023294
2025-07-09 04:00:00+00:00,25488.30078125,25492.19921875,25472.05078125,25483.19921875,0.0,51.27759377354975,8.341630053724657,10.023131435877652,25489.57891606011,25476.311376580976,17.27627849787877
2025-07-09 04:05:00+00:00,25491.44921875,25495.900390625,25487.599609375,25488.25,0.0,52.679710313606336,7.483690780547477,9.515243304811618,25489.757040125813,25476.90501745035,16.635171551601715
2025-07-09 04:10:00+00:00,25482.30078125,25492.69921875,25480.650390625,25491.69921875,0.0,48.32771721603754,5.99644202485797,8.811483048820888,25489.04692023288,25477.11661603073,16.307575592558738
2025-07-09 04:15:00+00:00,25488.5,25490.55078125,25477.650390625,25483.849609375,0.0,51.26573206126638,5.257407691773551,8.10066797741142,25488.994832591652,25477.56302324521,16.064205237733113
2025-07-09 04:20:00+00:00,25491.30078125,25497.0,25486.5,25489.0,0.0,52.577648973742946,4.841902855976514,7.44891495312444,25489.21444674959,25478.10175885324,15.666762006466461
2025-07-09 04:25:00+00:00,25517.30078125,25519.150390625,25489.75,25491.599609375,0.0,62.63376117426961,6.535260573160485,7.2661840771316495,25491.889335749627,25479.63897541782,16.647735479218856
2025-07-09 04:30:00+00:00,25504.69921875,25519.44921875,25504.44921875,25517.400390625,0.0,56.39208912073638,6.782236584360362,7.169394578577393,25493.109324606805,25480.621730058298,16.530040087846082
2025-07-09 04:35:00+00:00,25510.349609375,25513.599609375,25503.599609375,25504.650390625,0.0,58.394186647957085,7.3491892745150835,7.205353517764931,25494.751256489493,25481.78752924719,16.063608652999935
2025-07-09 04:40:00+00:00,25527.75,25529.349609375,25508.400390625,25510.650390625,0.0,63.89198460305751,9.097696881904994,7.583822190592945,25497.893993966685,25483.589979080636,16.412580802785655
2025-07-09 04:45:00+00:00,25531.80078125,25537.099609375,25522.44921875,25527.650390625,0.0,65.04982472160424,10.687072037191683,8.204472159912692,25501.12321180319,25485.480598773553,16.286710075800965
2025-07-09 04:50:00+00:00,25531.400390625,25533.5,25527.05078125,25531.80078125,0.0,64.82854529193561,11.778578994613781,8.919293526852911,25504.006752643363,25487.28137492459,15.584032123958039
2025-07-09 04:55:00+00:00,25518.75,25537.25,25518.44921875,25531.650390625,0.0,58.10340683994745,11.490371472711558,9.433509116024641,25505.41087143923,25488.515438653038,15.81379991867532
2025-07-09 05:00:00+00:00,25522.0,25527.5,25516.150390625,25518.69921875,0.0,59.27233696811429,11.392882713698782,9.825383835559471,25506.99078844502,25489.82855870586,15.494929165555655
2025-07-09 05:05:00+00:00,25525.900390625,25527.0,25521.0,25522.44921875,0.0,60.68984026490482,11.497811482688121,10.159869364985202,25508.79170293835,25491.243140349747,14.816719939444537
2025-07-09 05:10:00+00:00,25526.30078125,25528.849609375,25521.599609375,25525.400390625,0.0,60.84051209736782,11.480931434372906,10.424081778862742,25510.45923420613,25492.61794979682,14.276239943769927
2025-07-09 05:15:00+00:00,25530.099609375,25531.5,25516.5,25526.400390625,0.0,62.316323810465214,11.639909920064383,10.667247407103073,25512.329746126976,25494.087818799886,14.327937090643504
2025-07-09 05:20:00+00:00,25525.75,25531.0,25524.349609375,25530.19921875,0.0,59.549038136480796,11.284839781557821,10.790765881994023,25513.607865543454,25495.329472964597,13.77954091452611
2025-07-09 05:25:00+00:00,25522.80078125,25527.599609375,25521.94921875,25525.94921875,0.0,57.6787462296731,10.642783450453862,10.761169395685993,25514.48338132503,25496.40677917187,13.198887322417104
2025-07-09 05:30:00+00:00,25519.099609375,25526.80078125,25515.75,25523.400390625,0.0,55.33012363501558,9.723212403860089,10.553577997320813,25514.923022091694,25497.296694081797,13.04545117438731
2025-07-09 05:35:00+00:00,25522.400390625,25525.94921875,25518.05078125,25519.5,0.0,57.01130235839177,9.15525510349471,10.273913418555592,25515.6351524282,25498.281152769763,12.677807340502502
2025-07-09 05:40:00+00:00,25534.099609375,25535.19921875,25521.25,25521.25,0.0,62.41116596547824,9.539211932511535,10.126973121346783,25517.39367213742,25499.68579812683,12.768622441180895
2025-07-09 05:45:00+00:00,25539.30078125,25548.69921875,25534.150390625,25534.150390625,0.0,64.54349144955148,10.146232139781205,10.130824925033668,25519.480063481475,25501.23932687676,12.899407222167975
2025-07-09 05:50:00+00:00,25538.349609375,25541.349609375,25533.150390625,25539.30078125,0.0,63.830368403316086,10.430314236469712,10.190722787320876,25521.27716309038,25502.69463207277,12.563679474155977
2025-07-09 05:55:00+00:00,25544.30078125,25546.55078125,25537.19921875,25538.349609375,0.0,66.33647631127549,11.008759057393036,10.354330041335308,25523.46988862939,25504.326245765995,12.33424254743055
2025-07-09 06:00:00+00:00,25542.849609375,25547.30078125,25538.5,25544.80078125,0.0,65.15104039898348,11.220737624415051,10.527611557951257,25525.315576319448,25505.836965907525,12.08185245475694
2025-07-09 06:05:00+00:00,25535.69921875,25544.44921875,25535.44921875,25542.849609375,0.0,59.508196123768414,10.688544513111992,10.559798148983404,25526.30449464617,25507.008034646446,11.861720136560015
2025-07-09 06:10:00+00:00,25531.19921875,25539.650390625,25530.400390625,25536.05078125,0.0,56.208699586216675,9.790802964223985,10.40599911203152,25526.770658846537,25507.95670853286,11.6751686982343
2025-07-09 06:15:00+00:00,25528.599609375,25534.099609375,25527.19921875,25531.400390625,0.0,54.33445414240682,8.768491852253646,10.078497660075946,25526.94484461115,25508.766234056082,11.334113121574706
2025-07-09 06:20:00+00:00,25516.849609375,25529.44921875,25503.25,25528.55078125,0.0,46.74707444379336,6.930288082454354,9.44885574455163,25525.983393636277,25509.083229166627,12.395906380747942
2025-07-09 06:25:00+00:00,25519.55078125,25524.849609375,25515.44921875,25517.0,0.0,48.52657691864076,5.626600400042662,8.684404675649835,25525.370763885203,25509.493721405193,12.181940969623088
2025-07-09 06:30:00+00:00,25521.25,25521.900390625,25515.650390625,25519.599609375,0.0,49.6660341546734,4.676622083050461,7.882848157129962,25524.97831018185,25509.954751938323,11.758230900364296
2025-07-09 06:35:00+00:00,25532.099609375,25533.150390625,25517.5,25521.80078125,0.0,56.31556755446979,4.744538142866077,7.255186154277185,25525.656529152628,25510.823177720154,12.036242309266848
2025-07-09 06:40:00+00:00,25538.25,25539.900390625,25530.5,25531.80078125,0.0,59.575773402354635,5.234309371862764,6.851010797794301,25526.85590732857,25511.89873937819,11.847967188962073
2025-07-09 06:45:00+00:00,25536.94921875,25542.099609375,25534.80078125,25537.94921875,0.0,58.58001483060322,5.454616994331445,6.5717320371017305,25527.81717508299,25512.881111118262,11.523028684393353
2025-07-09 06:50:00+00:00,25534.25,25539.099609375,25530.69921875,25537.25,0.0,56.47077197568061,5.34973951057691,6.327333531796767,25528.429825075083,25513.719106760684,11.2999831087224
2025-07-09 06:55:00+00:00,25539.30078125,25541.099609375,25534.150390625,25534.69921875,0.0,59.41548280843458,5.609516174183227,6.1837700602740595,25529.465154234596,25514.722309681834,10.989214225956514
2025-07-09 07:00:00+00:00,25537.30078125,25544.25,25534.650390625,25540.349609375,0.0,57.74951669920546,5.589574629437266,6.0649309741067015,25530.21140442654,25515.60773993941,10.889956736602477
2025-07-09 07:05:00+00:00,25542.44921875,25544.19921875,25536.5,25537.30078125,0.0,60.79683483738255,5.920953622822708,6.036135503849903,25531.376910552583,25516.66034695159,10.662046880416584
2025-07-09 07:10:00+00:00,25532.44921875,25545.94921875,25532.400390625,25543.55078125,0.0,52.826968416743604,5.315384986610297,5.891985400401982,25531.479035142813,25517.279518394666,10.86824554074397
2025-07-09 07:15:00+00:00,25534.900390625,25536.900390625,25523.0,25533.30078125,0.0,54.40475435282973,4.975897515370889,5.708767823395764,25531.804878522067,25517.970532991934,11.084827332476545
2025-07-09 07:20:00+00:00,25533.19921875,25537.400390625,25532.25,25536.25,0.0,53.07788842190199,4.517505899551907,5.470515438626992,25531.937672829492,25518.567736355,10.660938996228221
2025-07-09 07:25:00+00:00,25530.849609375,25534.349609375,25528.69921875,25534.19921875,0.0,51.21982540629073,3.919452394002292,5.160302829702053,25531.834047738586,25519.049378434214,10.303042683997633
2025-07-09 07:30:00+00:00,25491.150390625,25531.849609375,25491.150390625,25531.650390625,0.0,31.289443575934783,0.23933658601890784,4.176109580965424,25527.959413727767,25517.955300480913,12.474198117283517
2025-07-09 07:35:00+00:00,25513.0,25518.900390625,25490.5,25490.5,0.0,44.16655252261019,-0.9036837303356151,3.1601509187052157,25526.534707658455,25517.76097497186,13.611783296406122
2025-07-09 07:40:00+00:00,25524.599609375,25527.19921875,25511.80078125,25515.05078125,0.0,49.5699697577981,-0.8635891137455474,2.3554029122150633,25526.35041258384,25518.029156713164,13.739401453805684
2025-07-09 07:45:00+00:00,25523.150390625,25529.099609375,25521.80078125,25525.400390625,0.0,48.93280834869486,-0.9379416749470693,1.6967339947826368,25526.045648587762,25518.229989415588,13.279360501748133
2025-07-09 07:50:00+00:00,25532.150390625,25537.80078125,25522.849609375,25523.94921875,0.0,52.9753082331997,-0.26755759412117186,1.3038756770018751,25526.62705259131,25518.775887502234,13.398775599837553
2025-07-09 07:55:00+00:00,25531.30078125,25535.849609375,25526.849609375,25533.19921875,0.0,52.55238461584365,0.19294608138807234,1.0816897578791147,25527.07216960642,25519.26705980607,13.084577342706298
2025-07-09 08:00:00+00:00,25531.349609375,25534.55078125,25528.849609375,25532.5,0.0,52.57581739152915,0.5554358646913897,0.9764389792415697,25527.47954482248,25519.74088527936,12.557191237870134
2025-07-09 08:05:00+00:00,25528.30078125,25532.0,25523.5,25531.80078125,0.0,50.885941776849855,0.58989671782183,0.8991305269576219,25527.557757815575,25520.07656747429,12.267391863736552
2025-07-09 08:10:00+00:00,25526.400390625,25532.849609375,25525.099609375,25529.80078125,0.0,49.81123342935609,0.458575379474496,0.8110194974609968,25527.447532368853,25520.324560539026,11.944721016326799
2025-07-09 08:15:00+00:00,25523.25,25529.55078125,25522.849609375,25526.55078125,0.0,48.00134251462302,0.09914914852561196,0.6686454276739199,25527.047767381344,25520.43928365514,11.570181791946313
2025-07-09 08:20:00+00:00,25521.80078125,25526.05078125,25516.849609375,25524.05078125,0.0,47.152582697106034,-0.29918969792925054,0.4750784025532859,25526.548054416457,25520.492675717684,11.40096679787872
2025-07-09 08:25:00+00:00,25529.19921875,25532.55078125,25521.650390625,25523.400390625,0.0,51.83483908408224,-0.0176802220994432,0.37652667762274006,25526.800546257746,25520.834108777777,11.365211356958811
2025-07-09 08:30:00+00:00,25524.80078125,25532.099609375,25524.349609375,25529.849609375,0.0,49.05234471742865,-0.1477953880748828,0.2716622644832155,25526.610092447485,25520.989664561002,11.106981974318897
2025-07-09 08:35:00+00:00,25523.75,25527.44921875,25517.599609375,25525.94921875,0.0,48.384133017747125,-0.33187619745513075,0.15095457209554625,25526.33770269058,25521.09791300959,11.017169645796118
2025-07-09 08:40:00+00:00,25529.55078125,25531.05078125,25522.30078125,25524.849609375,0.0,52.25114998221486,-0.009576604261383181,0.11884833682416036,25526.64371017243,25521.42939803863,10.85522895681068
2025-07-09 08:45:00+00:00,25518.94921875,25533.19921875,25510.849609375,25530.30078125,0.0,45.53653783538066,-0.6026622323370248,-0.02545377700807666,25525.91090146553,25521.332136105742,11.676256129538489
2025-07-09 08:50:00+00:00,25508.05078125,25521.94921875,25508.05078125,25520.099609375,0.0,39.865056514876635,-1.9298535394373175,-0.4063337294939248,25524.20993763548,25520.81129866042,11.83498337028574
2025-07-09 08:55:00+00:00,25491.349609375,25510.80078125,25490.75,25508.599609375,0.0,33.06811765771957,-4.279970370760566,-1.1810610577472531,25521.080382563054,25519.655938296288,12.421826075979615
2025-07-09 09:00:00+00:00,25456.75,25492.05078125,25456.75,25492.05078125,0.0,23.955621544620456,-8.832538204464072,-2.711356487090617,25514.95367946181,25517.189038755256,14.056037159838214
2025-07-09 09:05:00+00:00,25477.05078125,25480.5,25456.349609375,25457.400390625,0.0,35.23299440545229,-10.679273607460345,-4.304939911164563,25511.343879632117,25515.614989441325,14.77706240734977
2025-07-09 09:10:00+00:00,25468.44921875,25479.849609375,25463.400390625,25478.150390625,0.0,32.9999209660361,-12.690609480374405,-5.982073825006532,25507.25867383382,25513.765351374997,14.896502146110501
2025-07-09 09:15:00+00:00,25455.900390625,25470.44921875,25454.44921875,25469.44921875,0.0,30.011438146167066,-15.122866217217961,-7.810232303448818,25502.367408766313,25511.49613722794,14.975323421388323
2025-07-09 09:20:00+00:00,25445.94921875,25462.19921875,25424.80078125,25458.150390625,0.0,27.85702800703909,-17.64996579061335,-9.778179000881725,25496.994247812378,25508.925669836648,16.576974427003442
2025-07-09 09:25:00+00:00,25459.0,25461.0,25443.75,25446.400390625,0.0,34.49815904517389,-18.387659934549447,-11.50007518761527,25493.375748020724,25506.96780043129,16.62504768221748
2025-07-09 09:30:00+00:00,25475.0,25476.099609375,25460.900390625,25461.80078125,0.0,41.59647368048974,-17.479726173420204,-12.696005384776257,25491.625676780655,25505.714161198688,16.65894494598766
2025-07-09 09:35:00+00:00,25475.599609375,25480.349609375,25473.900390625,25475.099609375,0.0,41.85079259091843,-16.52135081301094,-13.461074470423194,25490.099384646783,25504.533198382072,15.9296787891314
2025-07-09 09:40:00+00:00,25478.44921875,25483.099609375,25476.349609375,25476.349609375,0.0,43.11848057228247,-15.354890158127091,-13.839837607963975,25488.989845037566,25503.51029722003,15.327558875622014
2025-07-09 09:45:00+00:00,25470.19921875,25482.349609375,25469.0,25478.400390625,0.0,40.37421601484639,-14.924131637540995,-14.05669641387938,25487.20026158161,25502.203980417285,15.186276768434727
2025-07-09 09:50:00+00:00,25475.099609375,25477.599609375,25470.099609375,25470.099609375,0.0,42.7067471187248,-14.025652842065028,-14.050487699516509,25486.04781851431,25501.141063905823,14.637256999260817
2025-07-09 09:55:00+00:00,25467.099609375,25480.30078125,25464.400390625,25474.55078125,0.0,39.958555022415794,-13.8000566023984,-14.000401480092888,25484.24322716771,25499.806104904615,14.727480829670759
2025-07-10 03:45:00+00:00,25470.69921875,25521.849609375,25468.55078125,25511.650390625,0.0,41.77413997821074,-13.178893483262073,-13.836099880726726,25482.95332160412,25498.66465838875,17.58623219897999
2025-07-10 03:50:00+00:00,25454.400390625,25470.599609375,25447.44921875,25470.19921875,0.0,36.40599717826366,-13.842231818882283,-13.837326268357838,25480.233994844202,25496.928804750954,17.99078704190999
2025-07-10 03:55:00+00:00,25451.650390625,25466.80078125,25450.94921875,25453.69921875,0.0,35.57533107238643,-14.423568328908004,-13.954574680467871,25477.51174682333,25495.153180667585,17.837985288916418
2025-07-10 04:00:00+00:00,25443.94921875,25455.599609375,25433.0,25450.900390625,0.0,33.284937528705356,-15.328998754670465,-14.229459495308392,25474.315315578253,25493.145182161014,18.178101295065243
2025-07-10 04:05:00+00:00,25435.349609375,25457.150390625,25433.80078125,25444.650390625,0.0,30.893112439051677,-16.54970084744855,-14.693507765736424,25470.604295939847,25490.878689110585,18.5474947293463
2025-07-10 04:10:00+00:00,25438.94921875,25442.30078125,25431.44921875,25435.599609375,0.0,33.06141330296431,-17.030342470308824,-15.160874706650905,25467.58952668367,25488.842239292524,17.997785284392993
2025-07-10 04:15:00+00:00,25453.30078125,25454.150390625,25436.94921875,25438.55078125,0.0,41.008632130648515,-16.067981576878083,-15.342296080696341,25466.228693785226,25487.448456624188,17.94088432657921
2025-07-10 04:20:00+00:00,25417.900390625,25454.099609375,25416.25,25453.5,0.0,31.176296292951065,-17.954847005650663,-15.864806265687207,25461.62599824616,25484.721081486965,19.36293611575212
2025-07-10 04:25:00+00:00,25426.69921875,25430.400390625,25410.5,25418.55078125,0.0,35.326857729629424,-18.526645915597328,-16.397174195669233,25458.299638294146,25482.445714320813,19.40132572355554
2025-07-10 04:30:00+00:00,25420.30078125,25436.650390625,25419.650390625,25426.599609375,0.0,33.73367270845608,-19.2739233132379,-16.97252401918297,25454.680699528035,25480.008658121955,19.229802457587287
2025-07-10 04:35:00+00:00,25419.849609375,25436.099609375,25417.5,25420.25,0.0,33.6185415580068,-19.675742126910336,-17.513167640728444,25451.363452846792,25477.649479739724,19.184788665973908
2025-07-10 04:40:00+00:00,25412.80078125,25421.849609375,25402.900390625,25419.900390625,0.0,31.792886349543508,-20.32863213474775,-18.076260539532306,25447.69081745662,25475.106393524442,19.167962243404343
2025-07-10 04:45:00+00:00,25418.150390625,25419.69921875,25400.599609375,25413.05078125,0.0,34.69155816249594,-20.181740855874523,-18.49735660280075,25444.87744347266,25472.872824783288,19.163079895661177
2025-07-10 04:50:00+00:00,25421.849609375,25421.849609375,25411.099609375,25418.150390625,0.0,36.69501464802702,-19.541569374072424,-18.706199157055085,25442.68431641574,25470.871914375122,18.562145617399665
2025-07-10 04:55:00+00:00,25422.44921875,25424.69921875,25414.69921875,25421.400390625,0.0,37.0322027000749,-18.769482486630295,-18.718855822970127,25440.7571642571,25468.972985134922,17.950563787585402
2025-07-10 05:00:00+00:00,25421.150390625,25427.55078125,25417.69921875,25421.25,0.0,36.5777184571424,-18.054284092060698,-18.585941476788243,25438.889852482615,25467.097589271787,17.372063695615015
2025-07-10 05:05:00+00:00,25420.30078125,25424.849609375,25417.75,25420.75,0.0,36.26419529859203,-17.35597174911527,-18.33994753125365,25437.119464746174,25465.262420329756,16.638316958428227
2025-07-10 05:10:00+00:00,25411.599609375,25423.30078125,25409.69921875,25420.349609375,0.0,33.1320331628273,-17.305182664196764,-18.132994557842274,25434.689002329873,25463.157996370748,16.421405925683352
2025-07-10 05:15:00+00:00,25403.349609375,25423.44921875,25402.44921875,25412.099609375,0.0,30.446875414195816,-17.726300245369202,-18.051655695347662,25431.704298238932,25460.812569429738,16.748448359563113
2025-07-10 05:20:00+00:00,25389.099609375,25403.75,25382.80078125,25403.55078125,0.0,26.458208656064684,-18.99097868935496,-18.239520294149123,25427.64670882332,25458.000296486414,17.04850338745146
2025-07-10 05:25:00+00:00,25389.0,25391.150390625,25381.5,25389.05078125,0.0,26.432141874389913,-19.77334826155129,-18.54628588762956,25423.966069887763,25455.294402506555,16.52006676156207
2025-07-10 05:30:00+00:00,25380.150390625,25393.0,25378.69921875,25388.900390625,0.0,24.155227595214114,-20.866930317977676,-19.010414773699182,25419.793148053213,25452.3475785112,16.361546367879065
2025-07-10 05:35:00+00:00,25380.5,25384.349609375,25375.80078125,25379.900390625,0.0,24.432173474370785,-21.458036533778795,-19.499939125715105,25416.05094347672,25449.53002641272,15.803495064816275
2025-07-10 05:40:00+00:00,25398.05078125,25401.69921875,25377.44921875,25379.94921875,0.0,36.890556339916124,-20.276555588508927,-19.65526241827387,25414.33664231227,25447.511232484772,16.406816845900828
2025-07-10 05:45:00+00:00,25386.349609375,25399.69921875,25386.349609375,25397.0,0.0,32.985997655758496,-20.053248836931743,-19.734859702005444,25411.67121060396,25445.112737460862,16.188444883693627
2025-07-10 05:50:00+00:00,25367.19921875,25389.400390625,25364.25,25386.75,0.0,27.79997794709942,-21.17743284111566,-20.02337432982749,25407.435782808345,25442.057305354552,16.82858386521551
2025-07-10 05:55:00+00:00,25377.80078125,25378.900390625,25363.80078125,25366.80078125,0.0,33.987381255442685,-20.97115682911317,-20.212930829684627,25404.61340170755,25439.53744166418,16.705085687342976
2025-07-10 06:00:00+00:00,25377.05078125,25383.650390625,25370.0,25377.349609375,0.0,33.76691680428452,-20.630386086610088,-20.29642188106972,25401.9883902354,25437.086984393034,16.486893182889908
2025-07-10 06:05:00+00:00,25376.44921875,25379.80078125,25370.0,25377.5,0.0,33.57877302365851,-20.176284238939843,-20.272394352643747,25399.556088189172,25434.70903279919,16.009313759112057
2025-07-10 06:10:00+00:00,25373.650390625,25382.19921875,25372.94921875,25377.099609375,0.0,32.66679342665661,-19.813845613389276,-20.180684604792855,25397.088878897346,25432.31457624334,15.526505633461197
2025-07-10 06:15:00+00:00,25379.599609375,25384.650390625,25371.94921875,25373.25,0.0,36.60794828326226,-18.829503364166158,-19.91044835666752,25395.423234180933,25430.247322640662,15.324696079285397
2025-07-10 06:20:00+00:00,25382.55078125,25383.099609375,25374.19921875,25379.30078125,0.0,38.530049761458365,-17.608292696091667,-19.45001722455235,25394.19728628275,25428.376870037107,14.865817118265012
2025-07-10 06:25:00+00:00,25369.599609375,25385.05078125,25368.75,25382.099609375,0.0,33.700787406095586,-17.483981322860927,-19.056810044214068,25391.854650386773,25426.071879422907,14.968314556246083
2025-07-10 06:30:00+00:00,25367.349609375,25374.44921875,25360.5,25368.94921875,0.0,32.928617517716546,-17.36682590140481,-18.718813215652215,25389.52083695708,25423.769045303383,14.895521998657077
2025-07-10 06:35:00+00:00,25363.5,25368.349609375,25357.400390625,25367.400390625,0.0,31.594768068159667,-17.38421626606214,-18.451893825734203,25387.042662008786,25421.4055533307,14.613643195181572
2025-07-10 06:40:00+00:00,25368.69921875,25370.0,25358.25,25363.69921875,0.0,35.40075149110032,-16.784977976076334,-18.11851065580263,25385.29566741271,25419.338638249104,14.409097252668602
2025-07-10 06:45:00+00:00,25378.75,25378.75,25365.650390625,25368.25,0.0,42.10659037541719,-15.322435763398971,-17.5592956773219,25384.67227051626,25417.74692694522,14.315562404263702
2025-07-10 06:50:00+00:00,25397.599609375,25398.44921875,25377.349609375,25378.599609375,0.0,52.14070700684631,-12.498282162148826,-16.547092974287285,25385.903445645665,25416.956836060115,14.800137187887723
2025-07-10 06:55:00+00:00,25403.69921875,25404.400390625,25387.900390625,25396.349609375,0.0,54.866739792051966,-9.65661711516077,-15.168997802461982,25387.59828117941,25416.436929498937,14.921555960181456
2025-07-10 07:00:00+00:00,25400.75,25407.25,25392.75,25402.900390625,0.0,53.28632808941232,-7.555459760795202,-13.646290194128627,25388.850825828988,25415.8217557931,14.891444820168493
2025-07-10 07:05:00+00:00,25408.44921875,25410.75,25399.349609375,25399.69921875,0.0,56.785870096959506,-5.2089690585307835,-11.958825967009059,25390.71733944051,25415.53263669337,14.642083806227886
2025-07-10 07:10:00+00:00,25390.05078125,25409.900390625,25389.19921875,25408.05078125,0.0,47.60757119981233,-4.77887057033513,-10.522834887674273,25390.653857708083,25414.53334824461,15.07487581114018
2025-07-10 07:15:00+00:00,25392.599609375,25392.849609375,25384.650390625,25389.44921875,0.0,48.8412056955158,-4.184113436334883,-9.255090597406396,25390.839167390648,25413.673201622274,14.583757449630166
2025-07-10 07:20:00+00:00,25390.55078125,25402.69921875,25388.25,25392.650390625,0.0,47.865562984544155,-3.8338927010190673,-8.17085101812893,25390.81170204392,25412.76644003905,14.574147542513726
2025-07-10 07:25:00+00:00,25402.30078125,25402.75,25388.599609375,25388.849609375,0.0,53.59117626664456,-2.578490213796613,-7.052378857262467,25391.905900063546,25412.356022047323,14.543879191262747
2025-07-10 07:30:00+00:00,25390.44921875,25404.30078125,25387.80078125,25400.599609375,0.0,47.8794321558783,-2.510952051852655,-6.144093496180505,25391.767168509876,25411.49693172194,14.683602106172552
2025-07-10 07:35:00+00:00,25380.69921875,25390.349609375,25378.05078125,25390.30078125,0.0,43.74846310012927,-3.207200477088918,-5.556714892362189,25390.713078056557,25410.28917827206,14.520376062874513
2025-07-10 07:40:00+00:00,25383.650390625,25389.349609375,25378.650390625,25380.599609375,0.0,45.28720721662459,-3.480723846121691,-5.141516683114089,25390.040441158315,25409.24451993296,14.247436254812047
2025-07-10 07:45:00+00:00,25395.849609375,25395.849609375,25379.44921875,25382.25,0.0,51.226541433355344,-2.6821993620797002,-4.649653218907211,25390.59369527419,25408.719229322844,14.401218709825473
2025-07-10 07:50:00+00:00,25388.400390625,25399.05078125,25386.400390625,25395.25,0.0,47.81334413685071,-2.620248064187763,-4.243772187963322,25390.384809117124,25407.922412119005,14.276159560909367
2025-07-10 07:55:00+00:00,25392.349609375,25393.5,25382.900390625,25387.94921875,0.0,49.72582227581816,-2.2268129525728,-3.840380340885218,25390.57193295121,25407.311713972183,14.013548833344412
2025-07-10 08:00:00+00:00,25391.25,25399.05078125,25386.150390625,25390.55078125,0.0,49.18533611038844,-1.9809074112490634,-3.4684857549579875,25390.63651076538,25406.68184283602,13.934037532748382
2025-07-10 08:05:00+00:00,25387.650390625,25392.44921875,25384.5,25390.69921875,0.0,47.37019897792255,-2.0528202573768795,-3.185352655441766,25390.352118371058,25405.935511376763,13.506550476837784
2025-07-10 08:10:00+00:00,25368.69921875,25387.400390625,25368.650390625,25386.5,0.0,39.17361601040964,-3.5975426623772364,-3.2677906568288604,25388.289937454767,25404.47526460709,13.898939728492227
2025-07-10 08:15:00+00:00,25377.75,25378.80078125,25357.099609375,25367.599609375,0.0,44.14444353630677,-4.044797977836424,-3.4231921210303735,25387.286133887646,25403.427215014653,14.456242024671354
2025-07-10 08:20:00+00:00,25377.30078125,25388.80078125,25375.900390625,25377.80078125,0.0,43.95245454859603,-4.384952236636309,-3.615544144151561,25386.335147922156,25402.40264898467,14.345109781837687
2025-07-10 08:25:00+00:00,25375.150390625,25378.599609375,25358.44921875,25377.05078125,0.0,42.988629870512426,-4.773025027872791,-3.847040320895807,25385.269932941475,25401.333932970567,14.759772699206424
2025-07-10 08:30:00+00:00,25383.150390625,25389.80078125,25372.75,25374.349609375,0.0,47.59291514030344,-4.3845005762486835,-3.9545323719663825,25385.068071768477,25400.620852878583,14.923416167120251
2025-07-10 08:35:00+00:00,25407.400390625,25431.05078125,25382.400390625,25383.05078125,0.0,58.5268046703388,-2.095662324103614,-3.582758362393829,25387.194959278622,25400.886717103935,17.332485771254518
2025-07-10 08:40:00+00:00,25395.25,25411.44921875,25387.25,25407.05078125,0.0,52.60474499458773,-1.24779271972875,-3.1157652338608135,25387.96210601399,25400.665669374368,17.822966698307766
2025-07-10 08:45:00+00:00,25401.25,25407.650390625,25392.849609375,25393.94921875,0.0,55.02486094259036,-0.09065507846389664,-2.5107432027814305,25389.227619726946,25400.688584300864,17.607096309142925
2025-07-10 08:50:00+00:00,25401.099609375,25405.19921875,25397.75,25401.19921875,0.0,54.94912251786506,0.8049703749857144,-1.8476004872280019,25390.358285407714,25400.704702931223,16.881533626347
2025-07-10 08:55:00+00:00,25412.849609375,25416.599609375,25399.349609375,25400.69921875,0.0,59.62508213657366,2.4348197145809536,-0.9911164468662108,25392.500316261743,25401.180973772156,16.9078526530365
2025-07-10 09:00:00+00:00,25407.05078125,25413.150390625,25400.400390625,25411.349609375,0.0,56.507889523773024,3.2214353898816626,-0.14860607951663618,25393.886074832055,25401.411162300697,16.610863177819606
2025-07-10 09:05:00+00:00,25402.900390625,25414.5,25402.900390625,25406.80078125,0.0,54.31901942002404,3.46993291594481,0.575101719575653,25394.74458109805,25401.469563411458,16.252916477618207
2025-07-10 09:10:00+00:00,25409.55078125,25410.900390625,25400.05078125,25402.94921875,0.0,57.18114581585603,4.1555968062675674,1.291200736914036,25396.154695398236,25401.78647391493,15.866965970288335
2025-07-10 09:15:00+00:00,25389.5,25411.0,25368.650390625,25408.30078125,0.0,47.515007222307844,3.0459481100078847,1.642150211532806,25395.520914884117,25401.304651408464,17.75858335633917
2025-07-10 09:20:00+00:00,25386.900390625,25398.349609375,25380.44921875,25388.94921875,0.0,46.419384524458515,1.9344773225166136,1.7006156337295675,25394.699912573724,25400.739778436564,17.7687124469578
2025-07-10 09:25:00+00:00,25363.349609375,25393.099609375,25363.349609375,25385.75,0.0,37.894503125570814,-0.8370732497096469,1.1930778570417246,25391.714169411942,25399.273497296897,18.624518700746528
2025-07-10 09:30:00+00:00,25363.25,25368.19921875,25343.349609375,25363.19921875,0.0,37.862830677916264,-3.0069227564417815,0.35307773434502343,25389.003296134615,25397.860811128394,19.069168034621775
2025-07-10 09:35:00+00:00,25373.69921875,25376.349609375,25354.30078125,25362.5,0.0,43.22376277312656,-3.8391244610720605,-0.48536270473839344,25387.545764955128,25396.913297701794,19.282000898220222
2025-07-10 09:40:00+00:00,25362.150390625,25377.400390625,25358.80078125,25374.05078125,0.0,39.1984761865728,-5.368657675971917,-1.4620216989850983,25385.127157876068,25395.55004644388,19.233258646561637
2025-07-10 09:45:00+00:00,25369.099609375,25374.69921875,25353.55078125,25362.75,0.0,42.65885274316182,-5.95147499333325,-2.3599123578547285,25383.60072468549,25394.512774401963,19.37005713609295
2025-07-10 09:50:00+00:00,25350.44921875,25371.80078125,25345.55078125,25371.80078125,0.0,36.63300593505416,-7.828055619545921,-3.4535410101929673,25380.44343840592,25392.784791827376,19.861481626372022
2025-07-10 09:55:00+00:00,25348.25,25358.69921875,25345.94921875,25350.94921875,0.0,35.98746271581916,-9.384538738435367,-4.639740555841447,25377.377396652977,25391.038329402774,19.353518653059734
2025-07-11 03:45:00+00:00,25288.94921875,25297.05078125,25247.099609375,25255.5,0.0,23.805695237759195,-15.227605911484716,-6.757313626970101,25368.955665424124,25387.034834867372,25.19615236534118
2025-07-11 03:50:00+00:00,25300.099609375,25303.94921875,25282.19921875,25288.44921875,0.0,28.693380961651883,-18.74248372186412,-9.154347645948905,25362.397945800396,25383.625610338262,24.94999862495967
2025-07-11 03:55:00+00:00,25310.400390625,25317.900390625,25300.30078125,25300.5,0.0,32.97105707629872,-20.461001066498284,-11.415678330058782,25357.445797688455,25380.754033094603,24.439340241033978
2025-07-11 04:00:00+00:00,25286.849609375,25310.69921875,25285.44921875,25309.900390625,0.0,28.727792205848274,-23.452938788745087,-13.823130421796044,25350.722351182412,25377.071506674227,24.49724450953155
2025-07-11 04:05:00+00:00,25304.69921875,25308.349609375,25285.650390625,25287.69921875,0.0,35.50289054546327,-24.1058791191208,-15.879680161260996,25346.33919571266,25374.23337773602,24.368814098136443
2025-07-11 04:10:00+00:00,25315.25,25322.400390625,25302.69921875,25304.5,0.0,39.18300187518008,-23.501073419341992,-17.403958812877196,25343.3783199305,25371.920304099316,24.035411082198127
2025-07-11 04:15:00+00:00,25297.55078125,25315.80078125,25296.69921875,25315.55078125,0.0,35.521447240069904,-24.17130778938008,-18.757428608177772,25339.01379243712,25369.00385222287,23.68299332632683
2025-07-11 04:20:00+00:00,25297.5,25303.900390625,25289.55078125,25297.44921875,0.0,35.51119385989375,-24.425014614454994,-19.89094580943322,25335.060097919297,25366.19977958668,23.0163230440892
2025-07-11 04:25:00+00:00,25286.900390625,25301.0,25279.349609375,25298.150390625,0.0,33.347429660689585,-25.190992907733744,-20.950955229093324,25330.473459129364,25363.0899996274,22.918756442725687
2025-07-11 04:30:00+00:00,25258.900390625,25287.599609375,25258.349609375,25287.05078125,0.0,28.42095572119102,-27.737659742546384,-22.308296131783937,25323.656976414662,25359.004132607697,23.37098812538814
2025-07-11 04:35:00+00:00,25269.5,25271.5,25255.400390625,25258.650390625,0.0,32.48704980608319,-28.571259965061472,-23.560888898439444,25318.499169137074,25355.49416662308,22.851603928931844
2025-07-11 04:40:00+00:00,25256.75,25269.849609375,25252.400390625,25269.849609375,0.0,30.260307919438887,-29.915861165434762,-24.83188335183851,25312.618295885924,25351.621846363356,22.465719273293853
2025-07-11 04:45:00+00:00,25239.55078125,25257.25,25238.900390625,25256.900390625,0.0,27.520046556117705,-32.0004195997426,-26.26559060141933,25305.659484968215,25347.22690263342,22.171711423415722
2025-07-11 04:50:00+00:00,25240.05078125,25246.69921875,25231.80078125,25239.650390625,0.0,27.724951766614936,-33.22905746594188,-27.65828397432384,25299.41103699505,25343.023917481132,21.652191857457456
2025-07-11 04:55:00+00:00,25239.19921875,25245.599609375,25234.80078125,25240.5,0.0,27.581933663566502,-33.88091767489095,-28.902810714437265,25293.67657811457,25338.952360668147,20.876951590853356
2025-07-11 05:00:00+00:00,25219.900390625,25240.69921875,25215.55078125,25238.80078125,0.0,24.497716737820852,-35.5450346955804,-30.231255510665896,25286.650274544132,25334.28365596057,21.182057727220975
2025-07-11 05:05:00+00:00,25228.80078125,25230.44921875,25214.0,25219.75,0.0,28.470268927249506,-35.733755790752184,-31.331755566683157,25281.14079899231,25330.14707263859,20.843997800276618
2025-07-11 05:10:00+00:00,25210.599609375,25229.400390625,25206.94921875,25229.05078125,0.0,25.51388345150039,-36.92633724519692,-32.45067190238591,25274.422590457325,25325.45893682433,20.958795948471145
2025-07-11 05:15:00+00:00,25191.599609375,25210.400390625,25191.5,25210.150390625,0.0,22.846815401747122,-38.955552490184346,-33.751648019945605,25266.534687497104,25320.20955143416,20.82599690750892
2025-07-11 05:20:00+00:00,25204.150390625,25208.650390625,25190.0,25192.55078125,0.0,28.187070640600453,-39.10025365090405,-34.8213691461373,25260.593325890237,25315.658211794587,20.67059645875828
2025-07-11 05:25:00+00:00,25175.05078125,25203.849609375,25170.55078125,25203.849609375,0.0,24.033461991502364,-41.08937293037525,-36.07496990298489,25252.446416876883,25310.14419491049,21.594097381346973
2025-07-11 05:30:00+00:00,25162.599609375,25177.19921875,25157.5,25176.25,0.0,22.50530396581155,-43.172800630178244,-37.49453604842356,25243.88957806718,25304.35813273263,21.458748907679333
2025-07-11 05:35:00+00:00,25151.5,25177.30078125,25149.849609375,25164.349609375,0.0,21.210553477826267,-45.19855697612002,-39.035340233962856,25235.09057063221,25298.363696154876,21.88677911963081
2025-07-11 05:40:00+00:00,25179.150390625,25214.849609375,25150.75,25151.400390625,0.0,31.745046395087996,-44.06487557934088,-40.04124730303846,25229.762934441045,25293.68866456547,24.90198128072861
2025-07-11 05:45:00+00:00,25169.69921875,25180.80078125,25169.25,25179.05078125,0.0,30.25594137011835,-43.428439471270394,-40.71868573668485,25224.042580565707,25288.82633335702,23.948324135676565
2025-07-11 05:50:00+00:00,25162.25,25170.849609375,25161.25,25168.849609375,0.0,29.097395508402897,-43.02913587410876,-41.18077576416963,25218.157572892786,25283.862555578315,22.923415938485384
2025-07-11 05:55:00+00:00,25161.650390625,25162.900390625,25153.150390625,25162.19921875,0.0,29.001132398838394,-42.27376273959089,-41.399373159253884,25212.77593648633,25279.069921658578,21.982457657164996
2025-07-11 06:00:00+00:00,25168.94921875,25176.05078125,25161.30078125,25161.30078125,0.0,31.952265815775277,-40.61795119984163,-41.24308876737143,25208.601963368586,25274.75146272099,21.46585353879607
2025-07-11 06:05:00+00:00,25178.0,25180.650390625,25166.400390625,25168.849609375,0.0,35.53081676621423,-38.13578067782146,-40.62162714946144,25205.687490666816,25270.957287712325,20.950435428882063
2025-07-11 06:10:00+00:00,25166.5,25179.400390625,25165.650390625,25178.75,0.0,33.1456613636322,-36.673843309537915,-39.83207038147673,25201.955348698546,25266.86092348831,20.436118612533342
2025-07-11 06:15:00+00:00,25171.44921875,25176.30078125,25165.849609375,25166.849609375,0.0,35.162905793225974,-34.71570577530656,-38.8087974602427,25199.050002989163,25263.11928800838,19.722908131280963
2025-07-11 06:20:00+00:00,25174.80078125,25179.44921875,25167.400390625,25169.900390625,0.0,36.55893577039375,-32.51857074677537,-37.55075211754924,25196.74055329972,25259.65581715511,19.174759559403753
2025-07-11 06:25:00+00:00,25163.19921875,25175.849609375,25161.55078125,25174.349609375,0.0,33.842569231698235,-31.35206742531227,-36.311015179101844,25193.546140485465,25255.87320545295,18.82647874266063
2025-07-11 06:30:00+00:00,25149.94921875,25164.19921875,25136.75,25163.05078125,0.0,31.00880368220116,-31.137831860916776,-35.276378515464835,25189.394052701136,25251.719323621463,19.442388743184868
2025-07-11 06:35:00+00:00,25154.650390625,25164.69921875,25145.650390625,25150.150390625,0.0,33.14771023746556,-30.240114139680372,-34.26912564030794,25186.08513250341,25247.91269879807,19.414277270457376
2025-07-11 06:40:00+00:00,25166.5,25167.80078125,25151.099609375,25154.349609375,0.0,38.3369719182014,-28.2468893750156,-33.06467838724947,25184.2198817888,25244.720043943245,19.220484027924705
2025-07-11 06:45:00+00:00,25164.599609375,25169.150390625,25156.849609375,25166.55078125,0.0,37.8298096109206,-26.514942280191462,-31.75473116583787,25182.351284416058,25241.57806611704,18.726219543787227
2025-07-11 06:50:00+00:00,25158.05078125,25165.44921875,25157.25,25164.349609375,0.0,36.05948044739855,-25.378252728347434,-30.479435478339784,25180.036950781196,25238.30248631833,17.97429091565957
2025-07-11 06:55:00+00:00,25157.150390625,25161.30078125,25155.69921875,25158.650390625,0.0,35.81134287433257,-24.27029916660831,-29.237608215993493,25177.857278385367,25235.120051193106,17.090524600255314
2025-07-11 07:00:00+00:00,25177.75,25179.25,25156.05078125,25157.05078125,0.0,45.1165706677227,-21.482386093543028,-27.686563791503403,25177.847061396285,25232.870245263963,17.52685989666565
2025-07-11 07:05:00+00:00,25176.849609375,25189.55078125,25175.75,25178.099609375,0.0,44.8107914282038,-19.125136230391945,-25.974278279281112,25177.752065965688,25230.673357582044,17.260711421903817
2025-07-11 07:10:00+00:00,25184.69921875,25205.150390625,25175.400390625,25176.69921875,0.0,48.112483476472136,-16.43415811133673,-24.06625424569224,25178.413699564193,25228.870450176866,18.152803463196403
2025-07-11 07:15:00+00:00,25177.849609375,25185.75,25177.69921875,25185.55078125,0.0,45.55160748732614,-14.684965653545078,-22.18999652726281,25178.359976689033,25226.869632890517,17.431230447968087
2025-07-11 07:20:00+00:00,25163.150390625,25181.55078125,25162.599609375,25177.80078125,0.0,40.56203189160954,-14.319752937000885,-20.615947809210425,25176.911444682934,25224.370839076186,17.53979769275608
2025-07-11 07:25:00+00:00,25163.599609375,25168.80078125,25159.25,25163.400390625,0.0,40.77553752206361,-13.834594436153566,-19.259677134599052,25175.643650844082,25221.987653597706,16.969153661130644
2025-07-11 07:30:00+00:00,25163.75,25167.75,25159.05078125,25163.69921875,0.0,40.85213809194805,-13.284828330801247,-18.064707373839493,25174.510922192265,25219.703824044856,16.378444024621313
2025-07-11 07:35:00+00:00,25140.55078125,25165.25,25140.55078125,25163.69921875,0.0,33.62686136094027,-14.553355774405645,-17.362437053952725,25171.27662305491,25216.59978315094,16.972785076434075
2025-07-11 07:40:00+00:00,25155.69921875,25156.599609375,25140.5,25140.80078125,0.0,40.96864540995228,-14.172943734214641,-16.724538390005108,25169.793060740158,25214.21152572345,16.910415383474497
2025-07-11 07:45:00+00:00,25159.099609375,25162.19921875,25150.25,25155.69921875,0.0,42.50601165653718,-13.442128852475435,-16.068056482499173,25168.77463680062,25212.050274101945,16.556044195369175
2025-07-11 07:50:00+00:00,25156.55078125,25161.099609375,25151.349609375,25159.400390625,0.0,41.63081444773549,-12.919691757357214,-15.43838353747078,25167.610460081512,25209.873823401867,16.069898181414235
2025-07-11 07:55:00+00:00,25152.55078125,25163.650390625,25151.69921875,25156.25,0.0,40.230844104405556,-12.682230309535953,-14.887152891883815,25166.1762049547,25207.625860964537,15.77570344524179
2025-07-11 08:00:00+00:00,25150.94921875,25159.0,25150.94921875,25152.849609375,0.0,39.65582861856869,-12.479418146031094,-14.405605942713272,25164.72601579235,25205.40324754436,15.223923288438806
2025-07-11 08:05:00+00:00,25153.349609375,25159.0,25150.849609375,25151.099609375,0.0,41.01656247120516,-11.986819983503665,-13.921848750871352,25163.64254851451,25203.361928400464,14.718670955336036
2025-07-11 08:10:00+00:00,25147.349609375,25154.150390625,25144.0,25154.05078125,0.0,38.66931768949965,-11.942911793677922,-13.526061359432667,25162.09084002503,25201.165366870056,14.392365217454891
2025-07-11 08:15:00+00:00,25161.30078125,25163.849609375,25144.44921875,25147.400390625,0.0,46.35639424722156,-10.659495235620852,-12.952748134670305,25162.015596332167,25199.602049786918,14.750081317993828
2025-07-11 08:20:00+00:00,25166.400390625,25169.150390625,25157.849609375,25161.0,0.0,48.87869155397146,-9.125687267223839,-12.187335961181013,25162.433195788628,25198.30002393743,14.503702741708555
2025-07-11 08:25:00+00:00,25168.400390625,25172.650390625,25164.55078125,25167.30078125,0.0,49.87413808094195,-7.660445271842036,-11.281957823313219,25163.00150005876,25197.127489297727,14.046267501229371
2025-07-11 08:30:00+00:00,25161.650390625,25171.0,25158.599609375,25169.0,0.0,46.577646465938784,-6.963626668370125,-10.418291592324602,25162.872822969828,25195.736230526247,13.928704867212987
2025-07-11 08:35:00+00:00,25153.80078125,25164.5,25152.69921875,25161.150390625,0.0,43.0168728478625,-6.964508263452444,-9.72753492655017,25162.008818996514,25194.09170310365,13.776710323126347
2025-07-11 08:40:00+00:00,25168.400390625,25191.55078125,25150.05078125,25154.400390625,0.0,50.58371675516752,-5.721190152606141,-8.926265971761365,25162.617540103987,25193.08420065351,15.756945300045894
2025-07-11 08:45:00+00:00,25163.900390625,25171.650390625,25163.650390625,25168.30078125,0.0,48.44820414256977,-5.040856132400222,-8.149184003889136,25162.739716344084,25191.93973751514,15.202877778614043
2025-07-11 08:50:00+00:00,25157.55078125,25164.900390625,25152.599609375,25163.69921875,0.0,45.52752010737135,-4.956906794541283,-7.510728562019565,25162.24553204941,25190.591150994936,14.995585169427326
2025-07-11 08:55:00+00:00,25152.349609375,25159.69921875,25150.80078125,25157.099609375,0.0,43.22863485355737,-5.249553852696408,-7.058493620154935,25161.303063223273,25189.091482696116,14.560074621611088
2025-07-11 09:00:00+00:00,25161.150390625,25163.44921875,25150.400390625,25153.69921875,0.0,48.01217731131264,-4.716955136402248,-6.590185923404398,25161.288522975818,25187.99575359529,14.452128443281724
2025-07-11 09:05:00+00:00,25165.44921875,25168.099609375,25157.75,25160.44921875,0.0,50.21865947542205,-3.9029960052757815,-6.052747939778675,25161.68477971622,25187.11157575822,14.159091366975886
2025-07-11 09:10:00+00:00,25166.75,25171.44921875,25164.650390625,25165.75,0.0,50.89776755899311,-3.117034124701604,-5.465605176763261,25162.16718164801,25186.313082591234,13.633358278263321
2025-07-11 09:15:00+00:00,25166.25,25175.80078125,25165.80078125,25167.05078125,0.0,50.611958574931094,-2.5056163080189435,-4.873607403014398,25162.556021491055,25185.526295038635,13.373832686958798
2025-07-11 09:20:00+00:00,25160.55078125,25167.44921875,25157.400390625,25166.400390625,0.0,47.34825205795768,-2.452669755821262,-4.38941987357577,25162.365046230003,25184.546863125357,13.136332361104596
2025-07-11 09:25:00+00:00,25167.94921875,25170.599609375,25158.400390625,25158.400390625,0.0,51.70230518476371,-1.7930480154318502,-3.8701455019469866,25162.89687218429,25183.895975110638,13.069395674597127
2025-07-11 09:30:00+00:00,25165.150390625,25172.05078125,25157.150390625,25166.349609375,0.0,50.01722179024872,-1.4790851004217984,-3.3919334216419488,25163.111492988166,25183.160854150417,13.200181028197333
2025-07-11 09:35:00+00:00,25164.900390625,25167.0,25159.599609375,25163.94921875,0.0,49.86089980339268,-1.2361901088843297,-2.960784759090425,25163.281864191675,25182.444757541576,12.78591028511181
2025-07-11 09:40:00+00:00,25150.150390625,25166.099609375,25150.150390625,25164.75,0.0,41.599949657703796,-2.2084383051551413,-2.8103154683033686,25162.031247661518,25181.178311780142,13.01186088974668
2025-07-11 09:45:00+00:00,25138.599609375,25153.599609375,25136.44921875,25149.80078125,0.0,36.49999085895644,-3.8664336776710115,-3.0215391101768976,25159.799663062804,25179.50855874465,13.30747015655049
2025-07-11 09:50:00+00:00,25140.099609375,25145.75,25137.5,25138.55078125,0.0,37.57034957231836,-5.001712859244435,-3.417573859990405,25157.92346747349,25177.96310974976,12.946222288225455
2025-07-11 09:55:00+00:00,25140.55078125,25143.900390625,25130.44921875,25140.25,0.0,37.90936317041738,-5.7981861099433445,-3.893696309980993,25156.268925928394,25176.49595961251,12.982290115852209
2025-07-14 03:45:00+00:00,25099.30078125,25149.05078125,25087.099609375,25149.05078125,0.0,24.701825023764087,-9.64672570966286,-5.044302189917367,25150.843388339978,25173.468697715944,16.480067384362766
2025-07-14 03:50:00+00:00,25056.099609375,25104.650390625,25052.599609375,25100.599609375,0.0,17.733526459401915,-15.998276420734328,-7.23509703608076,25141.820171295694,25168.86598836924,19.02083266047971
2025-07-14 03:55:00+00:00,25073.19921875,25074.349609375,25051.75,25054.69921875,0.0,26.563965041334754,-19.428174646833213,-9.673712558231252,25135.284842481822,25165.114350344957,19.27645956865973
2025-07-14 04:00:00+00:00,25055.349609375,25079.150390625,25051.5,25071.900390625,0.0,23.703720761299323,-23.31791361005162,-12.402552768595326,25127.671963138313,25160.80985069908,19.874597501255465
2025-07-14 04:05:00+00:00,25073.80078125,25075.69921875,25042.099609375,25055.30078125,0.0,31.870072367906147,-24.62781032784551,-14.847604280445363,25122.541374387045,25157.39773032853,20.85495549223722
2025-07-14 04:10:00+00:00,25090.0,25091.25,25070.400390625,25073.55078125,0.0,38.13118233089273,-24.08117850756389,-16.694319125869068,25119.44219587399,25154.75468208035,20.854573626720278
2025-07-14 04:15:00+00:00,25087.94921875,25093.69921875,25077.0,25089.69921875,0.0,37.659340902432355,-23.54207141466395,-18.063869583628044,25116.442864719324,25152.134859988964,20.557762564097402
2025-07-14 04:20:00+00:00,25111.900390625,25115.099609375,25081.650390625,25088.19921875,0.0,46.05507214021123,-20.940773555106716,-18.63925037792378,25116.01024813891,25150.557037660965,21.478580863090446
2025-07-14 04:25:00+00:00,25117.150390625,25122.05078125,25103.44921875,25111.5,0.0,47.71719542526081,-18.245274963654083,-18.560455295069843,25116.118833137585,25149.24697307132,21.27307955144113
2025-07-14 04:30:00+00:00,25109.69921875,25127.19921875,25109.099609375,25117.5,0.0,45.57108555288968,-16.51988920865915,-18.152342077787708,25115.50744129115,25147.696080744994,21.046403110266763
2025-07-14 04:35:00+00:00,25106.650390625,25110.099609375,25086.400390625,25109.44921875,0.0,44.685487632688826,-15.223041767181712,-17.56648201566651,25114.663912656277,25146.08644583833,21.23588994167628
2025-07-14 04:40:00+00:00,25119.80078125,25121.150390625,25096.849609375,25106.400390625,0.0,49.26525183028491,-12.98447723449135,-16.65008105943148,25115.153138236634,25145.055635462315,21.45481074941369
2025-07-14 04:45:00+00:00,25119.349609375,25125.349609375,25106.94921875,25120.75,0.0,49.11500467154419,-11.118635801645723,-15.543792007874327,25115.552802154576,25144.04755600791,21.236637883384137
2025-07-14 04:50:00+00:00,25116.0,25127.05078125,25114.849609375,25119.30078125,0.0,47.94589876989289,-9.79729142917131,-14.394491892133725,25115.59539242557,25142.947651850736,20.59124745421384
2025-07-14 04:55:00+00:00,25110.150390625,25122.0,25109.400390625,25116.650390625,0.0,45.891479372871046,-9.117035572628083,-13.339000628232599,25115.076820825514,25141.661484743847,20.02041616284142
2025-07-14 05:00:00+00:00,25086.80078125,25112.05078125,25085.900390625,25109.30078125,0.0,38.75335117166012,-10.342820642883453,-12.739764631162771,25112.383864675467,25139.51008460683,20.458271481567035
2025-07-14 05:05:00+00:00,25079.44921875,25091.400390625,25079.0,25087.30078125,0.0,36.81190524598218,-11.771776089459308,-12.546166922822078,25109.247231730184,25137.154756534015,19.88270856324082
2025-07-14 05:10:00+00:00,25088.05078125,25088.900390625,25071.849609375,25079.30078125,0.0,40.56379026526349,-12.07101225313454,-12.451135988884571,25107.228522160643,25135.22911044445,19.680428040866474
2025-07-14 05:15:00+00:00,25085.55078125,25088.05078125,25081.05078125,25087.75,0.0,39.8236690176517,-12.367325347149745,-12.434373860537606,25105.16397540725,25133.280940672117,18.77468318080458
2025-07-14 05:20:00+00:00,25078.75,25087.44921875,25078.30078125,25085.599609375,0.0,37.803004823474645,-13.001053764430253,-12.547709841316136,25102.648358701797,25131.142472410465,18.087094203604252
2025-07-14 05:25:00+00:00,25073.19921875,25095.19921875,25072.349609375,25078.150390625,0.0,36.18898356123867,-13.792201840482448,-12.7966082411494,25099.84367870639,25128.87018795319,18.42727385870395
2025-07-14 05:30:00+00:00,25079.80078125,25085.099609375,25072.900390625,25074.25,0.0,39.4975019029109,-13.728250739492069,-12.982936740817934,25097.934831329592,25126.945897494243,17.98241277951081
2025-07-14 05:35:00+00:00,25064.19921875,25080.19921875,25064.19921875,25079.80078125,0.0,34.893003961370155,-14.766268386985757,-13.3396030700515,25094.72191584582,25124.485243425843,17.840811866688608
2025-07-14 05:40:00+00:00,25063.94921875,25068.400390625,25061.849609375,25064.55078125,0.0,34.82294966000478,-15.431196533743787,-13.757921762789957,25091.791182789075,25122.11128167385,17.034381108353706
2025-07-14 05:45:00+00:00,25060.099609375,25066.400390625,25057.75,25063.75,0.0,33.70093199131732,-16.08338888907747,-14.22301518804746,25088.77293770202,25119.679451387623,16.43552464525701
2025-07-14 05:50:00+00:00,25046.0,25061.099609375,25045.44921875,25060.900390625,0.0,29.900851483087948,-17.535834486403473,-14.885579047718664,25084.69932458754,25116.79006113713,16.37944364381008
2025-07-14 05:55:00+00:00,25036.349609375,25051.150390625,25019.80078125,25046.849609375,0.0,27.60637912664194,-19.24378359984985,-15.757219958144901,25080.09458980539,25113.635533617045,17.448741196037933
2025-07-14 06:00:00+00:00,25036.55078125,25049.5,25035.349609375,25036.349609375,0.0,27.73087619287172,-20.346570093573973,-16.675089985230716,25075.947560419165,25110.612602151672,17.21314472667808
2025-07-14 06:05:00+00:00,25034.05078125,25038.099609375,25028.099609375,25036.349609375,0.0,27.10700099811936,-21.17813706052766,-17.575699400290105,25071.957390974483,25107.610177802588,16.697920103343932
2025-07-14 06:10:00+00:00,25033.349609375,25041.80078125,25024.25,25034.400390625,0.0,26.92404627853314,-21.644237288932345,-18.389406978018553,25068.28045939358,25104.697998648568,16.758838756676507
2025-07-14 06:15:00+00:00,25038.69921875,25044.5,25028.55078125,25034.349609375,0.0,30.763584439966834,-21.336008089947427,-18.97872720040433,25065.463198379904,25102.109811201568,16.701008756199613
2025-07-14 06:20:00+00:00,25038.69921875,25043.55078125,25031.099609375,25038.849609375,0.0,30.763584439966834,-20.85137258544637,-19.35325627741274,25062.91424793896,25099.62312130151,16.397448978971067
2025-07-14 06:25:00+00:00,25034.55078125,25040.400390625,25033.150390625,25038.80078125,0.0,29.3754825280664,-20.564979411425156,-19.595600904215225,25060.212965397153,25097.0712648289,15.74405976618742
2025-07-14 06:30:00+00:00,25034.05078125,25039.55078125,25029.25,25034.80078125,0.0,29.204440262912,-20.14612459518321,-19.705705642408823,25057.72132881171,25094.599873316005,15.35525415788832
2025-07-14 06:35:00+00:00,25051.69921875,25055.650390625,25034.400390625,25034.94921875,0.0,42.034022972605726,-18.180523960287246,-19.400669305984508,25057.14779452012,25092.917494705573,15.801279530539153
2025-07-14 06:40:00+00:00,25045.400390625,25055.5,25043.30078125,25053.55078125,0.0,39.296848896562196,-16.935808624286437,-18.907697169644894,25056.028994149157,25091.054078859277,15.543989474786356
2025-07-14 06:45:00+00:00,25052.900390625,25055.900390625,25044.900390625,25046.44921875,0.0,43.97495297107278,-15.169313034835795,-18.160020342683076,25055.731031908763,25089.557855791267,15.219418798015903
2025-07-14 06:50:00+00:00,25043.900390625,25056.55078125,25042.650390625,25054.349609375,0.0,39.992062401270196,-14.33038557261898,-17.394093388670257,25054.604304167453,25087.76736696122,15.12520249994334
2025-07-14 06:55:00+00:00,25043.44921875,25045.150390625,25035.75,25044.94921875,0.0,39.79746698123661,-13.545787903385644,-16.624432291613335,25053.541915080077,25086.029400364703,14.716287366018816
2025-07-14 07:00:00+00:00,25048.69921875,25055.5,25041.599609375,25044.19921875,0.0,43.25741743141995,-12.357903257652652,-15.771126484821199,25053.080705905784,25084.565471673934,14.658009027374616
2025-07-14 07:05:00+00:00,25046.05078125,25051.900390625,25039.900390625,25050.55078125,0.0,41.9476977512714,-11.497664965325384,-14.916434180922037,25052.4111892719,25083.05509165731,14.468151239705
2025-07-14 07:10:00+00:00,25055.849609375,25058.30078125,25046.0,25047.19921875,0.0,48.1971315144727,-9.910988675437693,-13.915345079825169,25052.73865785315,25081.98820999918,14.313339097583214
2025-07-14 07:15:00+00:00,25050.099609375,25060.94921875,25050.0,25057.400390625,0.0,45.12713837900226,-9.01360994489005,-12.934998052838147,25052.48731990285,25080.737676641373,14.073044787041555
2025-07-14 07:20:00+00:00,25041.30078125,25054.19921875,25039.900390625,25051.25,0.0,40.8402133552202,-8.909717058337264,-12.129941853937972,25051.42193526925,25079.191131724063,14.0891721683243
2025-07-14 07:25:00+00:00,25039.05078125,25041.69921875,25033.80078125,25041.349609375,0.0,39.799039973382094,-8.906271440002456,-11.48520777115087,25050.24373012456,25077.617000332924,13.646976834872564
2025-07-14 07:30:00+00:00,25048.0,25050.44921875,25037.400390625,25039.30078125,0.0,45.7257806972772,-8.08817811863264,-10.805801840647225,25050.030041541268,25076.45554933948,13.604251927024524
2025-07-14 07:35:00+00:00,25020.80078125,25048.650390625,25002.75,25048.099609375,0.0,34.58227070075439,-9.524787090562313,-10.549598890630245,25047.24630246591,25074.273009414403,15.911118976879916
2025-07-14 07:40:00+00:00,25026.349609375,25028.650390625,25017.150390625,25021.650390625,0.0,37.90683110832127,-10.099149288336775,-10.459508970171552,25045.256141219154,25072.39366039325,15.596039049959922
2025-07-14 07:45:00+00:00,25036.900390625,25040.900390625,25025.5,25027.25,0.0,43.75952454252849,-9.592400377325248,-10.286087251602291,25044.460355448282,25071.001767461163,15.582064162462785
2025-07-14 07:50:00+00:00,25051.099609375,25056.5,25035.900390625,25037.0,0.0,50.51902654822537,-7.953358562404901,-9.819541513762815,25045.092665346066,25070.22129067347,15.940460249072586
2025-07-14 07:55:00+00:00,25057.349609375,25058.099609375,25045.400390625,25051.94921875,0.0,53.18613378737394,-6.079996928918263,-9.071632596793904,25046.259993348824,25069.716518857847,15.70894299913883
2025-07-14 08:00:00+00:00,25052.0,25058.55078125,25048.30078125,25058.55078125,0.0,50.66864099132748,-4.969725206912699,-8.251251118817663,25046.806660648937,25069.021753412442,15.319018499200343
2025-07-14 08:05:00+00:00,25042.69921875,25053.05078125,25038.0,25052.94921875,0.0,46.54374343692585,-4.78516181836676,-7.558033258727483,25046.41547570618,25067.98949715117,15.299858695686032
2025-07-14 08:10:00+00:00,25048.44921875,25049.69921875,25039.650390625,25044.44921875,0.0,49.29215737708344,-4.1273396556171065,-6.871894538105408,25046.609165519876,25067.223211723674,14.924785083494172
2025-07-14 08:15:00+00:00,25046.94921875,25054.75,25044.30078125,25049.30078125,0.0,48.590312092814855,-3.6845748311789066,-6.234430596720109,25046.64155154179,25066.428153175686,14.605101773958873
2025-07-14 08:20:00+00:00,25040.30078125,25048.44921875,25038.849609375,25047.94921875,0.0,45.49809625832857,-3.8260495433023607,-5.752754386036559,25046.037668656856,25065.403550355073,14.247566602604667
2025-07-14 08:25:00+00:00,25035.25,25040.55078125,25012.900390625,25040.400390625,0.0,43.246479250336876,-4.296201174816815,-5.461443743792611,25045.010271641917,25064.22105818429,15.204911175632905
2025-07-14 08:30:00+00:00,25032.44921875,25034.599609375,25027.5,25034.599609375,0.0,42.005088476582294,-4.8390181804170425,-5.336958631117497,25043.813980890307,25062.97510369667,14.672417520230555
2025-07-14 08:35:00+00:00,25042.150390625,25043.75,25030.75,25033.25,0.0,47.614281129466654,-4.4352739961432235,-5.156621704122643,25043.655543722183,25062.158448282094,14.552959125928371
2025-07-14 08:40:00+00:00,25046.650390625,25046.650390625,25032.94921875,25042.05078125,0.0,50.02865489882517,-3.7094314130663406,-4.867183645911383,25043.940767236738,25061.550289158287,14.492117179433489
2025-07-14 08:45:00+00:00,25044.599609375,25047.94921875,25038.150390625,25046.849609375,0.0,48.92206205334721,-3.262073689420504,-4.546161654613208,25044.003514107048,25060.885556617766,14.156882246973954
2025-07-14 08:50:00+00:00,25051.650390625,25055.099609375,25041.5,25044.30078125,0.0,52.78856889638395,-2.3119496331310074,-4.099319250316768,25044.731788061137,25060.5233932455,14.117077041832957
2025-07-14 08:55:00+00:00,25058.80078125,25060.80078125,25049.30078125,25051.650390625,0.0,56.39362956015821,-0.9708019080208032,-3.4736157818575752,25046.071692174362,25060.455839833914,13.930142967416316
2025-07-14 09:00:00+00:00,25043.900390625,25060.599609375,25042.099609375,25059.25,0.0,48.14358315441361,-1.0976170232934237,-2.998416030144745,25045.864901550613,25059.806606531605,14.25656132688658
2025-07-14 09:05:00+00:00,25040.94921875,25050.5,25037.19921875,25042.349609375,0.0,46.686776989633415,-1.419886257219332,-2.6827100755596627,25045.396741283887,25059.067101128403,14.188291321394681
2025-07-14 09:10:00+00:00,25049.849609375,25051.849609375,25039.94921875,25040.900390625,0.0,51.457505454638515,-0.9461926868534647,-2.335406597818423,25045.82082395923,25058.705630863566,14.024869843080776
2025-07-14 09:15:00+00:00,25052.19921875,25053.599609375,25045.349609375,25051.099609375,0.0,52.66180017124226,-0.3768491965456633,-1.9436951175638713,25046.428290129777,25058.45047744735,13.612379140003577
2025-07-14 09:20:00+00:00,25083.55078125,25086.400390625,25051.349609375,25052.849609375,0.0,65.10267743246445,2.574491563060292,-1.0400577814390388,25049.96376547456,25059.434803086668,15.143693576431895
2025-07-14 09:25:00+00:00,25105.099609375,25108.5,25074.80078125,25083.849609375,0.0,70.78574953033238,6.576451477987575,0.48324407044628415,25055.21479822698,25061.22557980386,16.46908823168676
2025-07-14 09:30:00+00:00,25078.0,25107.099609375,25077.849609375,25107.05078125,0.0,57.99476658788287,7.475152640930901,1.8816257845432076,25057.38481744346,25061.88340020371,17.382010500851994
2025-07-14 09:35:00+00:00,25073.55078125,25082.44921875,25069.5,25077.75,0.0,56.19923159431253,7.739152880949405,3.053131203824447,25058.924433044085,25062.340944558466,17.06538251864828
2025-07-14 09:40:00+00:00,25079.849609375,25085.75,25066.75,25073.900390625,0.0,58.173548101521526,8.360265821065695,4.114558127272697,25060.917306980366,25063.027558864997,17.203569481601978
2025-07-14 09:45:00+00:00,25080.5,25083.849609375,25077.099609375,25080.0,0.0,58.382147911008985,8.803502096699958,5.05234692115815,25062.782325363187,25063.712752634998,16.456885947201837
2025-07-14 09:50:00+00:00,25087.0,25090.650390625,25078.80078125,25080.30078125,0.0,60.50226034228752,9.568960693315603,5.9556696755896406,25065.088770566694,25064.62597802186,16.127794763473133
2025-07-14 09:55:00+00:00,25087.099609375,25092.69921875,25081.30078125,25086.650390625,0.0,60.53543894168586,10.067577028916276,6.778051146254969,25067.185040929387,25065.507296898453,15.789983530367909
2025-07-15 03:45:00+00:00,25139.94921875,25150.44921875,25093.0,25093.0,0.0,73.33417494990323,14.559423885537399,8.334325694111454,25074.11496262659,25068.426587951457,19.18709966212734
2025-07-15 03:50:00+00:00,25147.75,25149.650390625,25133.55078125,25140.0,0.0,74.64144499100647,18.535042304425588,10.374469016174281,25081.12782332882,25071.53730999258,18.966564641618245
2025-07-15 03:55:00+00:00,25147.400390625,25147.80078125,25132.650390625,25147.80078125,0.0,74.46524998748097,21.410728439685045,12.581720900876434,25087.439496404644,25074.512332762475,18.69398078328837
2025-07-15 04:00:00+00:00,25139.94921875,25155.69921875,25125.099609375,25147.94921875,0.0,70.63807265212183,22.825366505036072,14.630450021708363,25092.440422342297,25077.078485154143,19.54438282555349
2025-07-15 04:05:00+00:00,25123.75,25140.150390625,25117.75,25140.150390625,0.0,63.05104923581386,22.38133766444298,16.180627550255288,25095.422286881127,25078.908740638297,19.74838338265681
2025-07-15 04:10:00+00:00,25101.650390625,25125.349609375,25097.349609375,25124.05078125,0.0,54.45762092102222,20.01546203959515,16.94759444812326,25096.015439618637,25079.800570049538,20.337784569609898
2025-07-15 04:15:00+00:00,25106.349609375,25111.19921875,25089.25,25101.5,0.0,55.8359988209897,18.308625800302252,17.21980071855906,25096.999646262102,25080.841708846616,20.452887011066334
2025-07-15 04:20:00+00:00,25098.400390625,25122.69921875,25097.900390625,25107.19921875,0.0,52.918290569299025,16.12858991993926,17.0015585588351,25097.13305048714,25081.53028460263,20.76331137634731
2025-07-15 04:25:00+00:00,25101.55078125,25111.30078125,25096.19921875,25097.69921875,0.0,53.94541969560902,14.488096218290593,16.4988660907262,25097.55378675027,25082.315402118213,20.358900742322504
2025-07-15 04:30:00+00:00,25118.80078125,25122.80078125,25097.69921875,25102.80078125,0.0,59.19468939094134,14.413770996561652,16.081847071893293,25099.57731003596,25083.74620129985,20.697662296442324
2025-07-15 04:35:00+00:00,25122.55078125,25128.650390625,25115.30078125,25119.150390625,0.0,60.255243306802015,14.490424785846699,15.763562614683975,25101.76525967539,25085.26794953319,20.172801373482155
2025-07-15 04:40:00+00:00,25128.25,25130.900390625,25117.69921875,25122.900390625,0.0,61.87695048552642,14.83998666023399,15.57884742379398,25104.287615896785,25086.953520139734,19.674827837876286
2025-07-15 04:45:00+00:00,25112.849609375,25132.55078125,25100.80078125,25128.25,0.0,55.30954575178152,13.71622207708424,15.206322354452032,25105.10304384709,25087.96905305092,20.537340135170837
2025-07-15 04:50:00+00:00,25112.55078125,25120.849609375,25108.75,25113.55078125,0.0,55.1871469296168,12.655631375735538,14.696184158708734,25105.81235217118,25088.933042392062,19.93464508087292
2025-07-15 04:55:00+00:00,25129.94921875,25130.5,25110.650390625,25112.150390625,0.0,60.64752440105231,13.068370069828234,14.370621340932633,25108.111101369162,25090.541519896295,19.928571101881996
2025-07-15 05:00:00+00:00,25143.849609375,25146.150390625,25128.0,25129.75,0.0,64.38169971243357,14.351676617108751,14.366832396167858,25111.51476879829,25092.632033209185,19.80155821067614
2025-07-15 05:05:00+00:00,25156.900390625,25164.650390625,25142.5,25143.099609375,0.0,67.49988377774179,16.234652312359685,14.740396379406224,25115.83720897226,25095.152360950982,19.969331954556417
2025-07-15 05:10:00+00:00,25160.349609375,25168.650390625,25155.150390625,25157.900390625,0.0,68.2900048488202,17.800059240973496,15.352328951719679,25120.076485201094,25097.709115791138,19.50723681494524
2025-07-15 05:15:00+00:00,25167.44921875,25167.900390625,25158.150390625,25159.69921875,0.0,69.91147170166681,19.390018588284875,16.15986687903272,25124.58817411051,25100.444021789524,18.810291328163437
2025-07-15 05:20:00+00:00,25191.400390625,25195.5,25165.44921875,25166.80078125,0.0,74.62544694273753,22.32537915425928,17.392969334078032,25130.951242349984,25104.010938214447,19.61318346543748
2025-07-15 05:25:00+00:00,25192.849609375,25197.05078125,25185.75,25190.400390625,0.0,74.88187493392869,24.486349991941097,18.811645465650646,25136.846324923798,25107.494807671726,19.019440450049085
2025-07-15 05:30:00+00:00,25213.44921875,25218.19921875,25190.44921875,25192.94921875,0.0,78.24696445626682,27.543645270845445,20.558045426689606,25144.14183862153,25111.649882615973,19.64305184647415
2025-07-15 05:35:00+00:00,25231.75,25232.900390625,25213.05078125,25214.400390625,0.0,80.71839249873835,31.0849657711733,22.663429495586346,25152.485473038527,25116.35969114084,19.657805955654567
2025-07-15 05:40:00+00:00,25221.400390625,25243.69921875,25216.94921875,25231.099609375,0.0,75.49463280804139,32.679650135862175,24.666673623641515,25159.048798522956,25120.478934257866,20.164391244536382
2025-07-15 05:45:00+00:00,25205.849609375,25227.44921875,25204.150390625,25221.19921875,0.0,68.33834080816939,32.31611089012222,26.19656107693766,25163.506018604105,25123.826803870303,20.38827959314093
2025-07-15 05:50:00+00:00,25217.400390625,25220.44921875,25204.30078125,25206.150390625,0.0,70.56989585860035,32.584441770064586,27.474137215563044,25168.638815939426,25127.496356292057,20.085433729345148
2025-07-15 05:55:00+00:00,25211.849609375,25219.25,25210.25,25216.19921875,0.0,68.08640935881499,31.980542482044257,28.375418268859285,25172.754129599958,25130.804327001195,19.293617034391925
2025-07-15 06:00:00+00:00,25224.19921875,25226.650390625,25210.25,25211.75,0.0,70.56808300390534,32.12810541186627,29.125955697460682,25177.653661899963,25134.466871775658,19.086958005149647
2025-07-15 06:05:00+00:00,25219.0,25228.30078125,25204.5,25225.0,0.0,68.16483313547066,31.46283264563681,29.593331087095912,25181.59140838568,25137.781896411907,19.4236596654961
2025-07-15 06:10:00+00:00,25223.25,25227.30078125,25215.849609375,25219.0,0.0,69.09145945046383,30.922088083538256,29.859082486384384,25185.55889330133,25141.133586748692,18.85419625188924
2025-07-15 06:15:00+00:00,25217.05078125,25224.849609375,25215.099609375,25223.69921875,0.0,66.07054715363356,29.6515147732498,29.81756894375747,25188.558120725014,25144.110731631095,18.203896519611437
2025-07-15 06:20:00+00:00,25203.099609375,25218.55078125,25201.75,25217.25,0.0,59.74005098308638,27.205228357521264,29.29510082651023,25189.943024405962,25146.42402095439,18.103674000353475
2025-07-15 06:25:00+00:00,25204.650390625,25207.75,25199.55078125,25202.69921875,0.0,60.196586636369624,25.102300144542824,28.45654069011675,25191.34372595063,25148.707408000297,17.396212911042515
2025-07-15 06:30:00+00:00,25204.0,25213.650390625,25202.349609375,25204.599609375,0.0,59.8898517792636,23.11675770394868,27.388584092883136,25192.549085383907,25150.875744941462,16.960824935253765
2025-07-15 06:35:00+00:00,25204.69921875,25208.25,25200.69921875,25203.150390625,0.0,60.12509353904135,21.353472584352858,26.18156179117708,25193.706240942585,25152.986469404543,16.288678957735637
2025-07-15 06:40:00+00:00,25205.94921875,25210.80078125,25203.25,25205.099609375,0.0,60.57030384986618,19.828352076583542,24.910919848258374,25194.872238829004,25155.06343996711,15.664543407183091
2025-07-15 06:45:00+00:00,25193.94921875,25206.25,25192.80078125,25206.19921875,0.0,54.30216513335148,17.450228008368867,23.418781480280476,25194.784332154813,25156.5883724684,15.506305931670013
2025-07-15 06:50:00+00:00,25192.650390625,25197.25,25173.099609375,25193.599609375,0.0,53.65495721618458,15.284552172779513,21.791935618780283,25194.581099628165,25158.002569258857,16.123740552622156
2025-07-15 06:55:00+00:00,25203.25,25204.5,25192.099609375,25192.5,0.0,58.04925251511161,14.259167554606393,20.285382005945504,25195.406709187388,25159.77697830753,15.85778698636343
2025-07-15 07:00:00+00:00,25210.5,25216.30078125,25203.69921875,25204.69921875,0.0,60.78791619631476,13.871653479916858,19.002636300739777,25196.844165455255,25161.766116413117,15.657286576623187
2025-07-15 07:05:00+00:00,25218.80078125,25219.900390625,25207.80078125,25209.900390625,0.0,63.709121784248936,14.07213464954475,18.016535970500772,25198.93527172142,25164.002769936134,15.403166776507247
2025-07-15 07:10:00+00:00,25215.69921875,25219.55078125,25213.650390625,25218.599609375,0.0,61.854896343654694,13.821422492994316,17.177513274999484,25200.531838105097,25166.030081654328,14.724397051399587
2025-07-15 07:15:00+00:00,25214.0,25219.900390625,25212.900390625,25216.349609375,0.0,60.81067118681675,13.33193628779918,16.408397877559423,25201.814520190324,25167.911254922787,14.172654404871045
2025-07-15 07:20:00+00:00,25210.5,25220.400390625,25207.75,25214.05078125,0.0,58.615657925344784,12.517302522610407,15.63017880656962,25202.641708743628,25169.58140178856,14.063921277737398
2025-07-15 07:25:00+00:00,25208.19921875,25211.0,25205.94921875,25210.25,0.0,57.155147472011976,11.552871267580485,14.814717298771795,25203.170995410903,25171.095825983128,13.42012556147044
2025-07-15 07:30:00+00:00,25218.5,25220.349609375,25207.19921875,25208.25,0.0,61.75028720721396,11.487320825403003,14.149238004098038,25204.630900609864,25172.954813199474,13.400858780293982
2025-07-15 07:35:00+00:00,25212.55078125,25220.30078125,25208.80078125,25218.25,0.0,57.888679354135725,10.830472449619265,13.485484893202285,25205.385174956544,25174.50759626028,13.265083153130126
2025-07-15 07:40:00+00:00,25204.19921875,25212.900390625,25204.19921875,25212.19921875,0.0,52.88852802854216,9.526201956341538,12.693628305830137,25205.272226746394,25175.671973612818,12.939089490406545
2025-07-15 07:45:00+00:00,25197.80078125,25207.44921875,25197.19921875,25204.75,0.0,49.37013235741998,7.885360237036366,11.731974692071384,25204.56066050864,25176.539769990748,12.747011669663221
2025-07-15 07:50:00+00:00,25198.25,25202.55078125,25193.849609375,25197.0,0.0,49.6235166394994,6.5457739442827005,10.694734542513649,25203.9596452221,25177.39115155974,12.458023112901563
2025-07-15 07:55:00+00:00,25186.94921875,25198.94921875,25181.19921875,25198.349609375,0.0,43.698678871335055,4.520157986207778,9.459819231252474,25202.339604605713,25177.765977724066,12.836021461980023
2025-07-15 08:00:00+00:00,25177.30078125,25193.80078125,25175.19921875,25186.44921875,0.0,39.37599326207032,2.1119492385878402,7.990245232719548,25199.95495476231,25177.747734725086,13.247845821838593
2025-07-15 08:05:00+00:00,25178.599609375,25183.900390625,25169.55078125,25177.75,0.0,40.23308160180813,0.30471842647966696,6.453139871471572,25197.92111234447,25177.7811415741,13.326543218492981
2025-07-15 08:10:00+00:00,25182.849609375,25189.69921875,25175.400390625,25176.69921875,0.0,43.069360550319175,-0.7756443855869293,5.007383020059872,25196.485731109282,25177.979905017277,13.39599214038634
2025-07-15 08:15:00+00:00,25190.30078125,25196.44921875,25182.44921875,25183.30078125,0.0,47.7508855440908,-1.0188477567462542,3.802136864698647,25195.896688265544,25178.463076634245,13.439135558930174
2025-07-15 08:20:00+00:00,25195.75,25197.150390625,25187.900390625,25189.69921875,0.0,50.92893816969153,-0.7630853950431629,2.889092412750285,25195.882717954537,25179.140995197606,13.139911590435162
2025-07-15 08:25:00+00:00,25193.599609375,25198.0,25192.25,25195.69921875,0.0,49.645629952471744,-0.725546780944569,2.1661645740113142,25195.6652790422,25179.707999675153,12.612060762546935
2025-07-15 08:30:00+00:00,25178.650390625,25195.099609375,25178.599609375,25193.400390625,0.0,41.76646954029427,-1.8803981171186024,1.356852035785331,25194.044813478657,25179.666524810444,12.889770708079297
2025-07-15 08:35:00+00:00,25173.599609375,25182.94921875,25159.5,25178.75,0.0,39.486285289995024,-3.166678458943352,0.4521459368395945,25192.09765118307,25179.428606558075,13.64401699678792
2025-07-15 08:40:00+00:00,25184.849609375,25188.55078125,25173.349609375,25173.55078125,0.0,46.4932423509808,-3.240924556284881,-0.2864681617853006,25191.407361487065,25179.641194903837,13.75524234523164
2025-07-15 08:45:00+00:00,25188.5,25193.05078125,25184.099609375,25185.0,0.0,48.57403863313291,-2.9709617102525954,-0.8233668714787595,25191.13046991687,25179.988599025255,13.412094454500808
2025-07-15 08:50:00+00:00,25178.650390625,25191.30078125,25177.150390625,25188.400390625,0.0,43.6423728818888,-3.5113190692245553,-1.3609573110279187,25189.941890936694,25179.93612026446,13.46482989525075
2025-07-15 08:55:00+00:00,25181.75,25186.099609375,25177.5,25178.900390625,0.0,45.517034135500055,-3.647398655954021,-1.8182455800131394,25189.161710847486,25180.00725280311,13.117314143804267
2025-07-15 09:00:00+00:00,25191.650390625,25194.650390625,25181.69921875,25181.69921875,0.0,51.110901687890646,-2.922673169417976,-2.039131097894107,25189.398727969154,25180.46384644318,13.105446838889677
2025-07-15 09:05:00+00:00,25174.69921875,25194.19921875,25162.44921875,25193.25,0.0,42.97509904486069,-3.6737917193495377,-2.366063222185193,25187.998774710188,25180.237782612076,14.437200636111843
2025-07-15 09:10:00+00:00,25178.25,25180.599609375,25170.19921875,25171.94921875,0.0,44.95179071482225,-3.9371551363146864,-2.680281605011092,25187.070319975886,25180.15983035278,14.148857063889569
2025-07-15 09:15:00+00:00,25170.05078125,25179.94921875,25164.650390625,25178.69921875,0.0,41.384448272556085,-4.752694863149372,-3.094764256638748,25185.449411525802,25179.76339705463,14.230997853968885
2025-07-15 09:20:00+00:00,25164.0,25173.30078125,25156.75,25169.900390625,0.0,38.929191857392084,-5.820172129318962,-3.6398458311747914,25183.406610428105,25179.145224621116,14.396696667971108
2025-07-15 09:25:00+00:00,25160.0,25166.099609375,25156.05078125,25163.55078125,0.0,37.35157399545219,-6.909276287955436,-4.29373192253092,25181.177409434953,25178.39443149872,14.086134629187457
2025-07-15 09:30:00+00:00,25173.849609375,25178.099609375,25161.30078125,25161.30078125,0.0,45.575564104682826,-6.57901268673595,-4.7507880753719265,25180.479523714956,25178.21620318014,14.372811396745496
2025-07-15 09:35:00+00:00,25186.650390625,25187.55078125,25172.80078125,25174.099609375,0.0,51.865068287342616,-5.224139706449932,-4.845458401587528,25181.067225325438,25178.54695562896,14.399753439835104
2025-07-15 09:40:00+00:00,25201.900390625,25202.849609375,25185.75,25185.75,0.0,58.08031703096596,-2.8865709645542665,-4.453680914180876,25183.051336306347,25179.462776609198,14.592600292346884
2025-07-15 09:45:00+00:00,25204.849609375,25208.19921875,25198.099609375,25201.94921875,0.0,59.17809189182437,-0.7869817540668009,-3.720341082158061,25185.127362312884,25180.458338678447,14.27167236967925
2025-07-15 09:50:00+00:00,25220.849609375,25222.75,25202.30078125,25205.150390625,0.0,64.59506600816471,2.143317276982998,-2.5476094103298492,25188.529481080703,25182.042310078312,14.712925682559304
2025-07-15 09:55:00+00:00,25219.650390625,25225.05078125,25210.0,25221.0,0.0,63.91052580230273,4.319046164251631,-1.1742782954135529,25191.49337722778,25183.51713676642,14.737058223090783
2025-07-16 03:45:00+00:00,25159.75,25213.349609375,25156.94921875,25213.349609375,0.0,40.70595667951621,1.1960784202092327,-0.7002069522889958,25188.47019844418,25182.585092187343,18.1630663410843
2025-07-16 03:50:00+00:00,25147.80078125,25163.349609375,25139.349609375,25159.69921875,0.0,37.76062107524464,-2.217535734467674,-1.0036727087247315,25184.596920616164,25181.22100156235,18.579990173863994
2025-07-16 03:55:00+00:00,25146.69921875,25149.099609375,25127.849609375,25146.75,0.0,37.49130535910447,-4.954622627912613,-1.7938626925623078,25180.98761567653,25179.867206157945,18.77070516144514
2025-07-16 04:00:00+00:00,25158.150390625,25159.05078125,25140.05078125,25147.150390625,0.0,42.1132743456071,-6.129117193966522,-2.660913592843151,25178.8126418621,25179.015566333124,18.78708336419906
2025-07-16 04:05:00+00:00,25167.25,25167.75,25145.44921875,25157.599609375,0.0,45.55817552317579,-6.2535629899466585,-3.3794434722638527,25177.71143787523,25178.554171574964,19.03806178461341
2025-07-16 04:10:00+00:00,25154.099609375,25167.80078125,25149.55078125,25167.05078125,0.0,41.69631938413444,-7.328831592323695,-4.169321096275821,25175.46269230378,25177.59516913575,18.981771657141024
2025-07-16 04:15:00+00:00,25155.650390625,25156.80078125,25135.0,25155.099609375,0.0,42.31729133711358,-7.964050009093626,-4.928266878839382,25173.57580642961,25176.73458958631,19.183129485202382
2025-07-16 04:20:00+00:00,25156.44921875,25165.849609375,25147.94921875,25156.0,0.0,42.656097070223744,-8.307245670272096,-5.604062637125925,25171.944702841076,25175.939084847632,19.091505280902215
2025-07-16 04:25:00+00:00,25155.05078125,25161.599609375,25150.599609375,25157.150390625,0.0,42.1889238389535,-8.593017961280566,-6.201853701956853,25170.33575792764,25175.119935686944,18.513540617980627
2025-07-16 04:30:00+00:00,25152.75,25156.44921875,25144.900390625,25154.849609375,0.0,41.38583152229559,-8.902525605673873,-6.741988082700258,25168.660923839296,25174.242683307064,18.016061154196297
2025-07-16 04:35:00+00:00,25144.75,25155.099609375,25139.349609375,25152.30078125,0.0,38.63214092881421,-9.681740704774711,-7.3299386071151496,25166.383692997457,25173.0861074911,17.854199643182277
2025-07-16 04:40:00+00:00,25141.75,25148.599609375,25136.80078125,25145.30078125,0.0,37.62123112108499,-10.421219876952819,-7.948194861082683,25164.0376269977,25171.857240530666,17.42167310616926
2025-07-16 04:45:00+00:00,25142.099609375,25143.5,25132.69921875,25141.30078125,0.0,37.82541573910929,-10.853934493305132,-8.529342787527174,25161.948291986013,25170.690274602995,16.948752259300026
2025-07-16 04:50:00+00:00,25148.30078125,25153.849609375,25141.05078125,25142.25,0.0,41.4841837419015,-10.574583977708244,-8.938391025563389,25160.648529058773,25169.81225525582,16.652329106850026
2025-07-16 04:55:00+00:00,25148.69921875,25156.80078125,25141.75,25148.0,0.0,41.72148583793739,-10.203427346084936,-9.1913982896677,25159.510499505555,25168.984293039906,16.537932831360738
2025-07-16 05:00:00+00:00,25139.0,25154.75,25132.25,25148.849609375,0.0,37.71216339766407,-10.570083590871945,-9.467135349908549,25157.557118600267,25167.80843841089,16.963794771977827
2025-07-16 05:05:00+00:00,25137.599609375,25140.25,25129.099609375,25138.69921875,0.0,37.15696453240048,-10.848605159113504,-9.74342931174954,25155.656403435958,25166.6237784487,16.548551618622266
2025-07-16 05:10:00+00:00,25127.05078125,25137.05078125,25123.44921875,25137.0,0.0,33.19280778283104,-11.784691193664912,-10.151681688132616,25152.932058465867,25165.071896205613,16.377254404792104
2025-07-16 05:15:00+00:00,25126.599609375,25130.0,25121.19921875,25127.099609375,0.0,33.030496697623605,-12.419784376652387,-10.60530222583657,25150.424206171498,25163.563179075,15.836077750878383
2025-07-16 05:20:00+00:00,25132.05078125,25136.30078125,25125.150390625,25126.44921875,0.0,37.03662392106804,-12.340977183819632,-10.952437217433182,25148.674356178974,25162.32739876814,15.501385813315641
2025-07-16 05:25:00+00:00,25138.5,25138.5,25126.400390625,25131.900390625,0.0,41.49562826087253,-11.624128147450392,-11.086775403436624,25147.705369876217,25161.392990973312,15.25840178200738
2025-07-16 05:30:00+00:00,25142.75,25145.94921875,25136.69921875,25138.30078125,0.0,44.29530687481702,-10.590994251182565,-10.987619172985813,25147.233429888005,25160.661893288085,14.82923022614971
2025-07-16 05:35:00+00:00,25142.25,25144.25,25138.400390625,25142.599609375,0.0,44.02836410227306,-9.700749811072455,-10.730245300603142,25146.75881751772,25159.93985825718,14.187828736781873
2025-07-16 05:40:00+00:00,25145.75,25147.150390625,25134.44921875,25141.900390625,0.0,46.46065882833028,-8.613512716274272,-10.306898783737369,25146.66273965889,25159.38339322749,14.08163896094031
2025-07-16 05:45:00+00:00,25130.80078125,25149.05078125,25129.599609375,25145.80078125,0.0,38.720879968688315,-8.856059363177337,-10.016730899625362,25145.15207695328,25158.262506483276,14.46517702623029
2025-07-16 05:50:00+00:00,25141.099609375,25141.150390625,25127.75,25130.849609375,0.0,45.461507287872415,-8.123606095217838,-9.638105938743857,25144.76612766011,25157.589451694716,14.38912085471384
2025-07-16 05:55:00+00:00,25147.30078125,25148.099609375,25139.599609375,25141.19921875,0.0,49.092615738666915,-6.962489612113131,-9.102982673417712,25145.0075232401,25157.185974422373,13.968469365091423
2025-07-16 06:00:00+00:00,25150.349609375,25150.349609375,25140.25,25147.5,0.0,50.82607955274947,-5.73022699444482,-8.428431537623133,25145.516293348184,25156.917881675417,13.692122222942036
2025-07-16 06:05:00+00:00,25150.80078125,25155.05078125,25146.150390625,25150.5,0.0,51.091486460166514,-4.663486423680297,-7.675442514834566,25146.019577910265,25156.677995384223,13.349855680231892
2025-07-16 06:10:00+00:00,25153.69921875,25156.19921875,25148.44921875,25150.099609375,0.0,52.852030860249855,-3.5433614873509214,-6.849026309337838,25146.750972275953,25156.56118061425,12.949865988786756
2025-07-16 06:15:00+00:00,25166.44921875,25166.44921875,25151.400390625,25152.94921875,0.0,59.72073734776475,-1.608296520276781,-5.8008803515256275,25148.626995749673,25156.948946815653,13.09979185565913
2025-07-16 06:20:00+00:00,25209.650390625,25209.650390625,25163.849609375,25166.05078125,0.0,73.70112397555997,3.3723555154065252,-3.9662331781391975,25154.43874764256,25159.015670102297,15.435576812397764
2025-07-16 06:25:00+00:00,25185.650390625,25210.0,25181.44921875,25210.0,0.0,61.02839816143812,5.321614454871451,-2.108663651537068,25157.411285069462,25160.060168946326,16.37237712936935
2025-07-16 06:30:00+00:00,25180.400390625,25188.150390625,25177.900390625,25185.400390625,0.0,58.65256635528227,6.369363031888497,-0.4130583148519549,25159.6007236938,25160.857824698433,15.93506447727154
2025-07-16 06:35:00+00:00,25185.25,25191.94921875,25179.599609375,25180.900390625,0.0,60.19413519539526,7.504526761385932,1.1704587003956226,25162.043511913434,25161.814380592612,15.678960541395002
2025-07-16 06:40:00+00:00,25179.099609375,25191.19921875,25179.099609375,25185.25,0.0,57.27751961420096,7.817748929664958,2.4999167462494896,25163.667902147867,25162.492232701723,15.423292600938215
2025-07-16 06:45:00+00:00,25186.0,25191.650390625,25177.599609375,25179.150390625,0.0,59.640326956324536,8.524518268859538,3.7048370507714994,25165.794768609976,25163.414105929107,15.325256075871199
2025-07-16 06:50:00+00:00,25172.0,25187.80078125,25171.400390625,25186.099609375,0.0,53.21038177761743,7.864300306478981,4.536729701912996,25166.385743028073,25163.75080765738,15.40205140080897
2025-07-16 06:55:00+00:00,25185.05078125,25187.900390625,25172.30078125,25172.30078125,0.0,57.77998788435242,8.298501828183362,5.28908412716707,25168.163365715875,25164.586100739445,15.437647059679758
2025-07-16 07:00:00+00:00,25203.69921875,25207.05078125,25184.69921875,25185.05078125,0.0,63.29608912651382,10.031743028059282,6.237615907345512,25171.547732671504,25166.119948504565,15.931498162559775
2025-07-16 07:05:00+00:00,25197.75,25206.94921875,25194.05078125,25204.400390625,0.0,60.57699780988447,10.800792124504369,7.150251150777285,25174.04318670279,25167.360342680855,15.714850972376935
2025-07-16 07:10:00+00:00,25204.30078125,25208.05078125,25187.30078125,25197.94921875,0.0,62.48789027756897,11.80280696218324,8.080762313058475,25176.924862373955,25168.808987330623,16.07450447435001
2025-07-16 07:15:00+00:00,25218.75,25233.400390625,25203.19921875,25204.849609375,0.0,66.3610462485058,13.606000630312337,9.185809976509248,25180.90820881453,25170.767458415696,17.08355214582501
2025-07-16 07:20:00+00:00,25206.650390625,25220.599609375,25206.349609375,25219.0,0.0,60.708374485311005,13.898494059696532,10.128346793146704,25183.35984517743,25172.174632227827,16.881155563980368
2025-07-16 07:25:00+00:00,25208.5,25211.0,25201.80078125,25206.650390625,0.0,61.25173263173726,14.116815368364769,10.926040508190319,25185.75414563672,25173.599156454187,16.332445791553198
2025-07-16 07:30:00+00:00,25214.650390625,25216.650390625,25207.19921875,25208.69921875,0.0,63.080062317851336,14.617618889475125,11.664356184447282,25188.50616896894,25175.20900877461,15.840926226085113
2025-07-16 07:35:00+00:00,25212.44921875,25217.0,25209.80078125,25214.75,0.0,61.953375697697254,14.667811710696697,12.265047289697165,25190.78645942428,25176.669409165803,15.223661406364746
2025-07-16 07:40:00+00:00,25214.599609375,25215.44921875,25207.75,25212.150390625,0.0,62.65513789476349,14.711523153695452,12.754342462496824,25193.054378467205,25178.156867997535,14.686201216624408
2025-07-16 07:45:00+00:00,25216.69921875,25220.5,25212.55078125,25214.75,0.0,63.36564466724255,14.745607531785936,13.152595476354648,25195.306268017946,25179.668332732927,14.204988183294093
2025-07-16 07:50:00+00:00,25210.55078125,25216.75,25209.150390625,25216.25,0.0,59.778933014940485,14.113797058416822,13.344835792767084,25196.758126421,25180.87940914536,13.733175411273086
2025-07-16 07:55:00+00:00,25206.599609375,25210.69921875,25203.0,25210.05078125,0.0,57.52547903967294,13.142754662665538,13.304419566746775,25197.695410511857,25181.888044448482,13.302178506896437
2025-07-16 08:00:00+00:00,25194.30078125,25208.55078125,25193.44921875,25206.099609375,0.0,51.07184183541216,11.251088380660804,12.893753329529583,25197.37211248692,25182.374818440698,13.430705934975263
2025-07-16 08:05:00+00:00,25206.849609375,25207.150390625,25186.0,25194.05078125,0.0,56.4414416883034,10.641842245120642,12.443371112647794,25198.274731238165,25183.334614163614,13.982111984262744
2025-07-16 08:10:00+00:00,25214.55078125,25218.44921875,25206.75,25207.05078125,0.0,59.387119079721636,10.657576593403064,12.086212208798848,25199.824831239293,25184.558777578768,13.819048181815406
2025-07-16 08:15:00+00:00,25218.150390625,25218.19921875,25210.150390625,25213.80078125,0.0,60.724087680022464,10.835598536152247,11.83608947426953,25201.57012260936,25185.876095737443,13.40688960632859
2025-07-16 08:20:00+00:00,25214.0,25231.30078125,25212.19921875,25217.349609375,0.0,58.339367595300075,10.520506520795607,11.572972883574746,25202.753920456085,25186.97899394382,13.81365195587655
2025-07-16 08:25:00+00:00,25217.5,25223.599609375,25213.099609375,25213.30078125,0.0,59.77402034391051,10.432950024194724,11.344968311698741,25204.15830898408,25188.175896142104,13.576962530456797
2025-07-16 08:30:00+00:00,25228.099609375,25228.5,25216.30078125,25217.400390625,0.0,63.835715401039884,11.091010496667877,11.29417674869257,25206.438432830833,25189.74153195516,13.478552260424168
2025-07-16 08:35:00+00:00,25227.0,25229.55078125,25222.900390625,25228.69921875,0.0,63.123640011879594,11.392473532119766,11.313836105378009,25208.396677323133,25191.202648349074,12.990826429322441
2025-07-16 08:40:00+00:00,25243.75,25255.30078125,25224.0,25226.75,0.0,68.82778959647332,12.835016097993503,11.61807210390111,25211.763660435216,25193.263328805973,14.298680345085122
2025-07-16 08:45:00+00:00,25249.05078125,25249.349609375,25237.400390625,25243.400390625,0.0,70.38880964364,14.241799619998346,12.142817607120557,25215.31481479853,25195.451072039075,14.1308616597219
2025-07-16 08:50:00+00:00,25236.69921875,25252.849609375,25233.25,25248.55078125,0.0,62.5309766442624,14.196370902249328,12.553528266146312,25217.35142469867,25197.0686464199,14.521486496527478
2025-07-16 08:55:00+00:00,25224.94921875,25237.599609375,25223.150390625,25236.900390625,0.0,56.11346174742322,13.061674660115386,12.655157544940128,25218.07502413213,25198.16200219755,14.516324514632657
2025-07-16 09:00:00+00:00,25227.69921875,25233.55078125,25224.80078125,25224.80078125,0.0,57.2200634159725,12.243189858898404,12.572764007731783,25218.991614095736,25199.320324415294,14.104444192158896
2025-07-16 09:05:00+00:00,25226.099609375,25233.5,25224.099609375,25226.099609375,0.0,56.33031322093567,11.334799140178802,12.325171034221187,25219.668566027092,25200.37049245293,13.76844036593326
2025-07-16 09:10:00+00:00,25233.849609375,25236.5,25224.400390625,25228.599609375,0.0,59.60744235978348,11.112159128191706,12.082568653015292,25221.019141584035,25201.683398998895,13.64923815229517
2025-07-16 09:15:00+00:00,25231.25,25239.19921875,25230.55078125,25234.849609375,0.0,58.03422495371597,10.603715531866328,11.786798028785501,25221.993509052223,25202.84287354796,13.292038105702659
2025-07-16 09:20:00+00:00,25222.44921875,25233.150390625,25219.69921875,25230.80078125,0.0,52.940086792441164,9.382465599912393,11.30593154301088,25222.03690997582,25203.611749830394,13.303404803509611
2025-07-16 09:25:00+00:00,25227.5,25228.349609375,25219.599609375,25221.75,0.0,55.36176038716484,8.721634492540034,10.789072132916711,25222.557204263838,25204.548543954694,12.978161603258926
2025-07-16 09:30:00+00:00,25213.650390625,25234.75,25212.900390625,25229.0,0.0,48.05876919514881,6.999685332997615,10.031194772932894,25221.708936298233,25204.90547911824,13.611836444097573
2025-07-16 09:35:00+00:00,25211.900390625,25217.19921875,25209.05078125,25214.650390625,0.0,47.211303581770686,5.431210232698504,9.111197864886016,25220.774789091258,25205.179789373407,13.221593662376318
2025-07-16 09:40:00+00:00,25207.5,25215.849609375,25207.25,25212.75,0.0,45.059636902408556,3.7894255289575085,8.046843397700314,25219.51052346352,25205.27077802543,12.891451927563724
2025-07-16 09:45:00+00:00,25207.80078125,25215.650390625,25207.099609375,25209.19921875,0.0,45.24333733770403,2.483936581254966,6.934262034411245,25218.395309919375,25205.36999383816,12.581404022023458
2025-07-16 09:50:00+00:00,25195.900390625,25212.94921875,25195.599609375,25209.5,0.0,39.60144455266661,0.4834917252883315,5.644107972586662,25216.252936653244,25204.99863684941,12.92199011866464
2025-07-16 09:55:00+00:00,25198.55078125,25206.44921875,25190.599609375,25197.44921875,0.0,41.3554510559551,-0.8778910803885083,4.339708161991628,25214.56701709103,25204.74577976708,13.131105779831453
2025-07-17 03:45:00+00:00,25217.599609375,25233.69921875,25205.30078125,25233.599609375,0.0,52.11809813987551,-0.4149324471654836,3.388780040160206,25214.85583540379,25205.24985151641,14.703772331272063
2025-07-17 03:50:00+00:00,25217.650390625,25227.69921875,25199.30078125,25216.599609375,0.0,52.1433128446751,-0.043436068463051924,2.7023368184355547,25215.121983520094,25205.736147167732,15.681962700466915
2025-07-17 03:55:00+00:00,25209.80078125,25225.400390625,25203.849609375,25216.849609375,0.0,47.94072824812537,-0.3780623194106738,2.086256990866309,25214.615202351513,25205.895544582723,16.101164025433565
2025-07-17 04:00:00+00:00,25191.849609375,25213.650390625,25187.099609375,25209.900390625,0.0,40.00080934978486,-2.067927795855212,1.255420033522005,25212.447050639465,25205.344723594186,16.84756525575974
2025-07-17 04:05:00+00:00,25190.30078125,25192.94921875,25178.849609375,25191.650390625,0.0,39.39457166851487,-3.4918835859934916,0.3059593096189057,25210.33788212618,25204.754765070884,16.65128269284833
2025-07-17 04:10:00+00:00,25191.150390625,25199.400390625,25182.099609375,25190.400390625,0.0,39.93236502646869,-4.499949812332488,-0.6552225147713732,25208.510501983208,25204.221260190654,16.697675446930592
2025-07-17 04:15:00+00:00,25183.900390625,25193.849609375,25182.55078125,25191.5,0.0,36.92152978880496,-5.816811387812777,-1.6875402893796538,25206.166681853858,25203.424363344944,16.312043495364122
2025-07-17 04:20:00+00:00,25192.650390625,25196.650390625,25180.849609375,25183.650390625,0.0,42.5513734865886,-6.084246395526861,-2.566881510609096,25204.87941602254,25203.00185461083,16.2755247635524
2025-07-17 04:25:00+00:00,25189.05078125,25196.30078125,25187.05078125,25193.650390625,0.0,40.93284939728293,-6.511587432672968,-3.35582269502187,25203.371926996584,25202.454753694718,15.773701566155802
2025-07-17 04:30:00+00:00,25186.5,25191.80078125,25183.30078125,25189.44921875,0.0,39.77819198133076,-6.97567378732856,-4.0797929134832085,25201.765076806434,25201.829077079237,15.254151454287532
2025-07-17 04:35:00+00:00,25170.0,25188.5,25163.599609375,25187.599609375,0.0,33.24528287444102,-8.576018665909942,-4.979038063968556,25198.7398313963,25200.580877978093,15.943168537909852
2025-07-17 04:40:00+00:00,25160.099609375,25175.650390625,25159.69921875,25170.5,0.0,30.055649524044767,-10.521892467750149,-6.087608944724875,25195.059810251412,25198.99337724856,15.943740204844861
2025-07-17 04:45:00+00:00,25158.0,25165.19921875,25150.69921875,25162.650390625,0.0,29.411192123044472,-12.09402006927121,-7.288891169634142,25191.530304513184,25197.38579382705,15.8406159044988
2025-07-17 04:50:00+00:00,25160.0,25162.5,25152.349609375,25158.599609375,0.0,30.930447957367093,-13.028376223523082,-8.43678818041193,25188.52741836907,25195.919684265205,15.434171241677458
2025-07-17 04:55:00+00:00,25155.150390625,25165.25,25154.5,25159.75,0.0,29.28457813008984,-13.998813545531448,-9.549193253435835,25185.348653822017,25194.32088843618,15.099587581557639
2025-07-17 05:00:00+00:00,25153.94921875,25159.849609375,25144.0,25155.19921875,0.0,28.874741791730287,-14.695417026643554,-10.578438008077379,25182.358231434206,25192.73768570339,15.153160566803521
2025-07-17 05:05:00+00:00,25150.150390625,25158.80078125,25146.650390625,25153.75,0.0,27.5610415212349,-15.376760265102348,-11.538102459482374,25179.29081802381,25191.067595700315,14.938676999531841
2025-07-17 05:10:00+00:00,25148.900390625,25153.80078125,25147.55078125,25149.80078125,0.0,27.123748109528634,-15.83505755717124,-12.397493479020149,25176.396491604875,25189.41397981501,14.318057213850995
2025-07-17 05:15:00+00:00,25155.30078125,25158.900390625,25147.69921875,25148.900390625,0.0,32.98673890527627,-15.503093419250945,-13.01861346706631,25174.387376332983,25188.076207322265,14.095422546790209
2025-07-17 05:20:00+00:00,25166.400390625,25167.5,25152.69921875,25154.599609375,0.0,41.740344839615645,-14.180895202429383,-13.251069814138926,25173.62671102746,25187.226175294923,14.145805311305194
2025-07-17 05:25:00+00:00,25162.80078125,25171.099609375,25160.5,25165.44921875,0.0,39.91921626856888,-13.270527601471258,-13.254961371605393,25172.595670096274,25186.268316704925,13.892505601569109
2025-07-17 05:30:00+00:00,25158.25,25170.94921875,25157.650390625,25162.05078125,0.0,37.68090165205703,-12.769070833179285,-13.157783263920173,25171.22941580139,25185.169559187085,13.850100067528459
2025-07-17 05:35:00+00:00,25153.849609375,25162.69921875,25153.849609375,25158.349609375,0.0,35.60213780369298,-12.58170343400343,-13.042567297936824,25169.574196141733,25183.94132586112,13.492922160919282
2025-07-17 05:40:00+00:00,25178.900390625,25200.099609375,25150.94921875,25155.099609375,0.0,51.87795129930652,-10.293171458190045,-12.492688129987469,25170.46240514014,25183.74364212637,16.039884194067906
2025-07-17 05:45:00+00:00,25178.599609375,25181.80078125,25167.099609375,25177.94921875,0.0,51.70896508817645,-8.406854922057391,-11.675521488401454,25171.237376972033,25183.54191535181,15.944261885563055
2025-07-17 05:50:00+00:00,25178.849609375,25186.150390625,25174.75,25178.099609375,0.0,51.84935776925169,-6.813223961591575,-10.703061983039479,25171.9623514866,25183.35790335272,15.619699652665693
2025-07-17 05:55:00+00:00,25182.650390625,25188.900390625,25178.25,25178.25,0.0,54.037132587668765,-5.183812893286813,-9.599212165088947,25172.98025997597,25183.330157755558,15.26474900783243
2025-07-17 06:00:00+00:00,25180.19921875,25189.69921875,25179.75,25182.400390625,0.0,52.384084576856715,-4.043669067483279,-8.488103545567814,25173.66777985921,25183.207375833772,14.885068275130113
2025-07-17 06:05:00+00:00,25201.55078125,25205.099609375,25178.44921875,25181.400390625,0.0,63.001482129420005,-1.4010537445028604,-7.070693585354824,25176.32330380119,25183.92672506578,15.725448442977962
2025-07-17 06:10:00+00:00,25196.900390625,25205.19921875,25189.80078125,25200.80078125,0.0,59.870207493697386,0.3143664586204977,-5.593681576559759,25178.283026355835,25184.43549626418,15.702090518479537
2025-07-17 06:15:00+00:00,25194.25,25199.30078125,25189.55078125,25197.05078125,0.0,58.09791231512945,1.4433469501418585,-4.1862758712194355,25179.803690512425,25184.820378763627,15.276941195730998
2025-07-17 06:20:00+00:00,25192.400390625,25196.30078125,25184.44921875,25194.0,0.0,56.83351198314438,2.1638802403649606,-2.9162446489025564,25181.003376237433,25185.11763413074,15.032271288893071
2025-07-17 06:25:00+00:00,25189.849609375,25193.44921875,25182.25,25192.30078125,0.0,55.05404001927438,2.5002598952123662,-1.832943740079572,25181.845874631486,25185.303201787377,14.75848182182928
2025-07-17 06:30:00+00:00,25191.30078125,25193.150390625,25186.19921875,25189.650390625,0.0,55.900010984309105,2.851075217153266,-0.8961399486330046,25182.746341928487,25185.538400981994,14.200816825627188
2025-07-17 06:35:00+00:00,25190.900390625,25193.44921875,25181.150390625,25190.55078125,0.0,55.58912270602448,3.061499647825258,-0.10461202934135205,25183.522917994822,25185.74867508564,14.064960489868103
2025-07-17 06:40:00+00:00,25184.30078125,25190.80078125,25182.849609375,25190.80078125,0.0,50.59437345209633,2.665008643103647,0.44931210514764786,25183.5970002096,25185.691894935222,13.635376258448954
2025-07-17 06:45:00+00:00,25179.69921875,25186.650390625,25175.25,25184.05078125,0.0,47.39663349412074,1.9569208628454362,0.7508338566872055,25183.225782927733,25185.456888026,13.475734427488314
2025-07-17 06:50:00+00:00,25177.55078125,25182.80078125,25173.94921875,25179.69921875,0.0,45.936798635390254,1.208464814350009,0.8423600482197662,25182.685306577474,25185.14684462302,13.14543643266772
2025-07-17 06:55:00+00:00,25180.099609375,25183.0,25174.099609375,25178.150390625,0.0,47.98370582936787,0.8116212670684035,0.8362122919894938,25182.43904970105,25184.948913828983,12.842218874977169
2025-07-17 07:00:00+00:00,25179.30078125,25182.5,25172.69921875,25180.05078125,0.0,47.37826318230958,0.42773053182827425,0.7545159399572499,25182.140166991427,25184.72741843373,12.624973330335942
2025-07-17 07:05:00+00:00,25171.150390625,25179.94921875,25168.44921875,25179.94921875,0.0,41.60951435269005,-0.5280865958557115,0.4979954327946576,25181.093521623196,25184.194985970644,12.544618092454803
2025-07-17 07:10:00+00:00,25193.55078125,25210.44921875,25169.0,25170.94921875,0.0,57.077908287706215,0.5159976598988578,0.5015958782154977,25182.27992730194,25184.561879903165,14.609232425136602
2025-07-17 07:15:00+00:00,25177.44921875,25193.75,25174.44921875,25193.75,0.0,47.3648421782235,0.04367694677057443,0.41001209192651306,25181.819859820804,25184.282952014808,14.944343055483987
2025-07-17 07:20:00+00:00,25180.0,25184.30078125,25174.849609375,25178.25,0.0,48.849837848357886,-0.12339151162450435,0.3033313712163096,25181.646539837868,25184.114993112267,14.551973685449417
2025-07-17 07:25:00+00:00,25179.69921875,25181.150390625,25174.650390625,25179.900390625,0.0,48.675447902967065,-0.27687337775569176,0.18729042142190933,25181.461080686644,25183.94182549022,13.976832707917314
2025-07-17 07:30:00+00:00,25178.400390625,25182.75,25175.25,25179.94921875,0.0,47.880564939369435,-0.4975776717037661,0.05031680279677425,25181.16958639506,25183.724514319034,13.514201800208935
2025-07-17 07:35:00+00:00,25168.30078125,25178.650390625,25163.650390625,25178.650390625,0.0,42.12053562583407,-1.4704905852304364,-0.2538446748086679,25179.943985905054,25183.119662041816,13.620330243051155
2025-07-17 07:40:00+00:00,25167.099609375,25171.19921875,25163.650390625,25168.94921875,0.0,41.48138395805607,-2.311806543581042,-0.6654370485631428,25178.720711949813,25182.491424682332,13.186651520333216
2025-07-17 07:45:00+00:00,25164.30078125,25174.349609375,25162.349609375,25168.05078125,0.0,39.959823003420006,-3.1678801899324753,-1.1659256768370092,25177.347385216497,25181.77806611636,13.101890697452273
2025-07-17 07:50:00+00:00,25157.55078125,25168.0,25156.650390625,25165.349609375,0.0,36.484050138982504,-4.340953500439355,-1.8009312415574783,25175.461994362544,25180.82797651376,12.976727745848539
2025-07-17 07:55:00+00:00,25166.5,25167.80078125,25155.55078125,25157.5,0.0,43.50080245188511,-4.49666068388251,-2.3400771300224847,25174.60847108992,25180.26609508185,12.924818621145073
2025-07-17 08:00:00+00:00,25166.19921875,25166.69921875,25160.400390625,25166.69921875,0.0,43.327554604622364,-4.5914034408924635,-2.7903423921964805,25173.80758991469,25179.71445287276,12.45153358570614
2025-07-17 08:05:00+00:00,25169.150390625,25172.75,25165.55078125,25166.349609375,0.0,45.61614967098198,-4.3778872924995085,-3.107851372257086,25173.364047125197,25179.300175921868,12.07636824029856
2025-07-17 08:10:00+00:00,25168.849609375,25172.44921875,25166.400390625,25169.400390625,0.0,45.4148533393109,-4.184706053241825,-3.323222308454034,25172.9341006728,25178.890349782778,11.645829660634377
2025-07-17 08:15:00+00:00,25163.5,25170.55078125,25160.69921875,25168.599609375,0.0,41.87543000193355,-4.4124137384060305,-3.541060594444434,25172.035614894437,25178.28680665404,11.517667720589063
2025-07-17 08:20:00+00:00,25179.44921875,25194.5,25161.55078125,25163.849609375,0.0,53.50883933357033,-3.268230927766126,-3.4864946611087726,25172.741672404492,25178.332391442116,13.048492794118417
2025-07-17 08:25:00+00:00,25177.44921875,25182.0,25175.44921875,25179.94921875,0.0,52.100635439445384,-2.4940907664094993,-3.288013882168918,25173.190010151684,25178.297757218897,12.584370540967102
2025-07-17 08:30:00+00:00,25167.44921875,25182.0,25166.849609375,25177.400390625,0.0,45.63393664297981,-2.65686880789508,-3.161784867314151,25172.64326811343,25177.872324337764,12.767657689826594
2025-07-17 08:35:00+00:00,25168.44921875,25177.150390625,25164.349609375,25168.75,0.0,46.35104627015584,-2.674351674497302,-3.0642982287507814,25172.243834840723,25177.502790785304,12.770023658410409
2025-07-17 08:40:00+00:00,25156.0,25169.19921875,25149.25,25169.19921875,0.0,39.38596840752719,-3.6506722061712935,-3.1815730242348836,25170.69680295113,25176.659544087845,13.282823307809666
2025-07-17 08:45:00+00:00,25146.349609375,25163.05078125,25140.849609375,25156.150390625,0.0,34.99590187416092,-5.143824328351911,-3.5740232850582894,25168.37802261055,25175.470919197145,13.919848205466119
2025-07-17 08:50:00+00:00,25151.30078125,25151.69921875,25136.94921875,25147.55078125,0.0,38.766959687198074,-5.860088498680852,-4.0312363277828025,25166.75161867145,25174.523070650197,13.979144762218539
2025-07-17 08:55:00+00:00,25133.849609375,25152.099609375,25133.400390625,25151.30078125,0.0,31.770903413773922,-7.746598770321725,-4.774308816290588,25163.618093976547,25172.928032953132,14.316292904202928
2025-07-17 09:00:00+00:00,25140.19921875,25145.25,25124.44921875,25134.150390625,0.0,36.27694539233485,-8.629832009984966,-5.545413455029464,25161.387724907352,25171.644550043206,14.779470643188434
2025-07-17 09:05:00+00:00,25147.900390625,25151.75,25137.650390625,25140.80078125,0.0,41.337312870768436,-8.609139703334222,-6.158158704690416,25160.103216880463,25170.71340653661,14.730909124032118
2025-07-17 09:10:00+00:00,25138.44921875,25148.0,25132.400390625,25147.94921875,0.0,37.410890262309785,-9.24875756475376,-6.7762784767030855,25158.04093134423,25169.44814427047,14.792959141958395
2025-07-17 09:15:00+00:00,25122.25,25139.30078125,25115.849609375,25138.599609375,0.0,31.830207211077607,-10.936729093617032,-7.608368600085875,25154.632271216207,25167.597236652022,15.411402908604225
2025-07-17 09:20:00+00:00,25119.80078125,25126.599609375,25107.25,25121.25,0.0,31.075420037860667,-12.32995809379645,-8.55268649882799,25151.31498645752,25165.72286585194,15.692703370489639
2025-07-17 09:25:00+00:00,25115.650390625,25127.900390625,25110.400390625,25119.599609375,0.0,29.786429941695133,-13.612092225346714,-9.564567644131735,25147.918358282994,25163.759239372455,15.821795986883236
2025-07-17 09:30:00+00:00,25107.19921875,25118.30078125,25102.30078125,25117.55078125,0.0,27.302980746375425,-15.135657267441275,-10.678785568793643,25144.040344994137,25161.54119934805,15.834524844963004
2025-07-17 09:35:00+00:00,25119.0,25120.849609375,25103.900390625,25107.900390625,0.0,35.40203274255268,-15.215474596519925,-11.5861233743389,25141.65555023279,25159.872917020675,15.914145838179932
2025-07-17 09:40:00+00:00,25120.599609375,25122.80078125,25107.25,25118.599609375,0.0,36.43578889793508,-14.977009652389825,-12.264300629949087,25139.650222532047,25158.332787309082,15.888191224738508
2025-07-17 09:45:00+00:00,25113.150390625,25120.099609375,25112.650390625,25120.099609375,0.0,33.72882802818667,-15.213739643146255,-12.854188432588522,25137.126429017088,25156.56092861559,15.321121762257187
2025-07-17 09:50:00+00:00,25109.19921875,25114.69921875,25106.25,25113.650390625,0.0,32.355719877903994,-15.541029105777852,-13.391556567226388,25134.466694705934,25154.703606660078,14.83027154709596
2025-07-17 09:55:00+00:00,25109.5,25121.900390625,25106.599609375,25110.349609375,0.0,32.580727421098715,-15.596352783275506,-13.832515810436211,25132.08891425775,25152.930916202822,14.863879383017677
2025-07-18 03:45:00+00:00,25086.19921875,25144.19921875,25083.400390625,25108.55078125,0.0,25.503410216427696,-17.320713111417717,-14.530155270632513,25127.718467066534,25150.31398689095,18.144947150302126
2025-07-18 03:50:00+00:00,25080.80078125,25097.0,25077.80078125,25086.69921875,0.0,24.19221946668023,-18.9049652133981,-15.405117259185632,25123.25011603639,25147.5879788266,18.22025226456626
2025-07-18 03:55:00+00:00,25070.5,25084.400390625,25061.599609375,25081.099609375,0.0,21.880613122791246,-20.75246191479164,-16.474586190306834,25118.226295461496,25144.5649208334,18.547432906382955
2025-07-18 04:00:00+00:00,25077.55078125,25080.849609375,25070.19921875,25070.19921875,0.0,27.02091182632323,-21.40098006358312,-17.459864964962094,25114.352436965164,25141.93691535954,17.983358457712743
2025-07-18 04:05:00+00:00,25076.19921875,25086.150390625,25070.0,25077.75,0.0,26.658790955839862,-21.77300946718242,-18.32249386540616,25110.71879713515,25139.358966472893,17.85243218394755
2025-07-18 04:10:00+00:00,25044.30078125,25077.75,25044.0,25075.94921875,0.0,19.885403450821983,-24.360964732484717,-19.530188038821873,25104.393271812754,25135.63119450337,18.98797274223701
2025-07-18 04:15:00+00:00,25032.55078125,25044.94921875,25026.44921875,25044.30078125,0.0,18.064661339320523,-27.04826911717464,-21.033804254492427,25097.551129854397,25131.58882535618,18.953117546362936
2025-07-18 04:20:00+00:00,25045.05078125,25050.19921875,25031.849609375,25033.25,0.0,25.843586244516842,-27.848313645161397,-22.396706132626225,25092.551096653977,25128.195176567704,18.91000981983701
2025-07-18 04:25:00+00:00,25039.0,25047.25,25039.0,25045.19921875,0.0,24.624854504402578,-28.64045286343753,-23.645455478788488,25087.450992210743,25124.697326506226,18.14858054699151
2025-07-18 04:30:00+00:00,25027.19921875,25042.25,25018.150390625,25039.80078125,0.0,22.405652065822025,-29.876060694125044,-24.891576521855804,25081.712728071623,25120.8738713001,18.573654034706404
2025-07-18 04:35:00+00:00,25017.0,25027.19921875,25011.900390625,25024.94921875,0.0,20.671688271866884,-31.31727447094454,-26.176716111673553,25075.54961111242,25116.800386151077,18.339737898298804
2025-07-18 04:40:00+00:00,25013.19921875,25018.30078125,25004.80078125,25017.94921875,0.0,20.049006787479826,-32.39273477220195,-27.419919843779233,25069.611478506475,25112.737595272603,17.9940423341346
2025-07-18 04:45:00+00:00,24957.849609375,25013.30078125,24953.650390625,25013.30078125,0.0,13.61648379728939,-37.281537354130705,-29.39224334584953,25058.967490970143,25106.663556609954,20.969495783482127
2025-07-18 04:50:00+00:00,24964.44921875,24965.80078125,24938.599609375,24956.650390625,0.0,17.034501934209516,-40.16047039718978,-31.54588875611758,25049.9657507587,25101.0865237527,21.414615504304834
2025-07-18 04:55:00+00:00,24952.650390625,24967.80078125,24949.25,24965.25,0.0,15.828653343204735,-42.899592598761956,-33.81662952464646,25040.697621222156,25095.265498924164,21.21005591471163
2025-07-18 05:00:00+00:00,24943.900390625,24952.55078125,24931.400390625,24952.55078125,0.0,14.981665276166993,-45.25474996354387,-36.10425361242594,25031.47883735576,25089.3296123242,21.2129090636608
2025-07-18 05:05:00+00:00,24953.5,24962.599609375,24943.0,24943.849609375,0.0,20.03702932281132,-45.818454273976386,-38.04709374473603,25024.052281417116,25084.002960860504,21.0976733716136
2025-07-18 05:10:00+00:00,24942.099609375,24954.44921875,24938.349609375,24952.94921875,0.0,18.620935005085386,-46.64738819355625,-39.76715263450008,25016.247265032154,25078.43812354735,20.740668800426914
2025-07-18 05:15:00+00:00,24943.75,24952.94921875,24936.5,24942.349609375,0.0,19.507813794787992,-46.63358858560605,-41.14043982472128,25009.342763600518,25073.156236349416,20.434136653967848
2025-07-18 05:20:00+00:00,24947.150390625,24952.400390625,24942.19921875,24943.900390625,0.0,21.408258468879637,-45.82008378780665,-42.07636861733836,25003.419680459992,25068.214830634734,19.703210598327285
2025-07-18 05:25:00+00:00,24931.05078125,24953.05078125,24931.05078125,24947.44921875,0.0,19.10794651270197,-45.94485560533576,-42.850066014937845,24996.527404344757,25062.835848305924,19.867266984161052
2025-07-18 05:30:00+00:00,24953.44921875,24955.94921875,24925.599609375,24931.0,0.0,30.324792031985154,-43.73225326174361,-43.026503464299,24992.4247200024,25058.546176558633,20.616005726363834
2025-07-18 05:35:00+00:00,24955.0,24958.099609375,24948.400390625,24953.44921875,0.0,31.03779854465745,-41.376650604950555,-42.69653289242931,24988.860460954555,25054.485542183786,19.83623522805213
2025-07-18 05:40:00+00:00,24957.400390625,24961.44921875,24949.349609375,24954.75,0.0,32.194434344300234,-38.86808003361875,-41.930842320667196,24985.86426378031,25050.678281338343,19.28361909569126
2025-07-18 05:45:00+00:00,24959.349609375,24962.0,24955.099609375,24958.400390625,0.0,33.17457985058108,-36.30424142321499,-40.80552214117675,24983.339058598853,25047.096764790764,18.39910277635617
2025-07-18 05:50:00+00:00,24966.900390625,24967.55078125,24954.150390625,24958.900390625,0.0,36.975185236574106,-33.27947088602741,-39.30031189014689,24981.77347117277,25043.951808941125,18.042051908402158
2025-07-18 05:55:00+00:00,24971.55078125,24976.55078125,24963.94921875,24967.30078125,0.0,39.26617904461083,-30.159411858188832,-37.47213188375528,24980.799881656316,25041.112552953236,17.65344552208772
2025-07-18 06:00:00+00:00,24958.80078125,24972.900390625,24957.599609375,24971.30078125,0.0,35.46025888738869,-28.388318182722287,-35.65536914354868,24978.704729236666,25037.884640337423,17.485398074081452
2025-07-18 06:05:00+00:00,24951.650390625,24959.19921875,24948.650390625,24958.30078125,0.0,33.49924650579936,-27.247597111541836,-33.973814737147315,24976.128125559364,25034.50290505458,16.989928792004203
2025-07-18 06:10:00+00:00,24921.80078125,24952.900390625,24920.650390625,24951.75,0.0,26.829066387955464,-28.42452126959688,-32.86395604363723,24970.954092767995,25030.08321392499,18.079933878289616
2025-07-18 06:15:00+00:00,24947.94921875,24947.94921875,24921.25,24922.0,0.0,38.40014819868809,-26.936771435946866,-31.67851912209916,24968.76315238533,25026.86227293774,18.695597083411787
2025-07-18 06:20:00+00:00,24959.099609375,24963.55078125,24947.349609375,24947.94921875,0.0,42.57073933392775,-24.57469386473167,-30.257754070625666,24967.842814955777,25024.204913582336,18.517423854239517
2025-07-18 06:25:00+00:00,24950.900390625,24961.19921875,24948.150390625,24959.05078125,0.0,40.40446059977292,-23.098078529848863,-28.825818962470308,24966.2292507338,25021.33022640754,18.126809873579553
2025-07-18 06:30:00+00:00,24940.0,24953.94921875,24939.44921875,24951.349609375,0.0,37.66070242661644,-22.547507037790638,-27.570156577534377,24963.73122685439,25018.14080576411,17.86775202546673
2025-07-18 06:35:00+00:00,24943.150390625,24949.150390625,24940.0,24940.400390625,0.0,38.95103555539043,-21.607882747284748,-26.377701811484453,24961.771147213498,25015.20000517042,17.24508335400482
2025-07-18 06:40:00+00:00,24933.599609375,24944.94921875,24932.150390625,24942.94921875,0.0,36.48545665565566,-21.387351875840977,-25.37963182435576,24959.08814360983,25011.99998964903,16.92749369479019
2025-07-18 06:45:00+00:00,24922.150390625,24938.55078125,24919.0,24933.400390625,0.0,33.729153533714324,-21.88416876429619,-24.680539212343845,24955.57026237318,25008.476475961816,17.114871377305175
2025-07-18 06:50:00+00:00,24933.05078125,24937.099609375,24921.69921875,24921.900390625,0.0,38.493253210788275,-21.15447369811227,-23.97532610949753,24953.425549885258,25005.51860558096,16.992408466426234
2025-07-18 06:55:00+00:00,24939.650390625,24943.05078125,24930.80078125,24933.55078125,0.0,41.24715274341363,-19.815234095571213,-23.143307706712267,24952.113629955707,25002.935538327787,16.653665004538645
2025-07-18 07:00:00+00:00,24937.650390625,24944.0,24936.05078125,24939.400390625,0.0,40.6531128800646,-18.699701824680233,-22.25458653030586,24950.73617859088,25000.37533645709,16.031918843500172
2025-07-18 07:05:00+00:00,24946.349609375,24946.75,24929.30078125,24937.94921875,0.0,44.403725774689406,-16.918652517575538,-21.187399727759797,24950.31841009413,24998.256680493087,16.133154551107303
2025-07-18 07:10:00+00:00,24936.599609375,24951.80078125,24936.599609375,24946.30078125,0.0,41.2566492831301,-16.108216137163254,-20.17156300964049,24949.011857644688,24995.838756135516,16.06658435995678
2025-07-18 07:15:00+00:00,24941.94921875,24942.44921875,24932.5,24936.30078125,0.0,43.61784348812846,-14.86293997858229,-19.109838403428853,24948.339225369004,24993.725440943927,15.629629673531298
2025-07-18 07:20:00+00:00,24932.75,24942.900390625,24931.05078125,24942.650390625,0.0,40.59601406075795,-14.451758843188145,-18.178222491380712,24946.85453723862,24991.334247181418,15.359628223636205
2025-07-18 07:25:00+00:00,24952.19921875,24952.69921875,24931.25,24932.75,0.0,48.68969774721297,-12.413411342884501,-17.02526026168147,24947.36355452542,24989.79954018411,15.794598975519333
2025-07-18 07:30:00+00:00,24954.25,24991.19921875,24949.55078125,24951.55078125,0.0,49.471450346668746,-10.511356975493982,-15.722479604443974,24948.019406475378,24988.405440569048,17.64130172726795
2025-07-18 07:35:00+00:00,24945.900390625,24955.75,24941.05078125,24953.30078125,0.0,46.37355558611024,-9.567421601037495,-14.49146800376268,24947.817595442008,24986.73857586536,17.431152943177384
2025-07-18 07:40:00+00:00,24949.900390625,24951.30078125,24941.900390625,24945.44921875,0.0,48.05182181518879,-8.3997523293001,-13.273124868870166,24948.015956888004,24985.293941150056,16.857527063307572
2025-07-18 07:45:00+00:00,24940.5,24951.69921875,24937.80078125,24949.25,0.0,44.52520425421967,-8.139076769341045,-12.246315248964343,24947.3001514701,24983.537316006918,16.646163523071316
2025-07-18 07:50:00+00:00,24943.25,24946.5,24935.55078125,24940.69921875,0.0,45.77888915462235,-7.622717549780646,-11.321595709127603,24946.914422758662,24981.95742126155,16.239238896423366
2025-07-18 07:55:00+00:00,24945.900390625,24949.349609375,24940.150390625,24942.55078125,0.0,47.0215533352085,-6.91986685725351,-10.441249938752785,24946.817848269744,24980.54342006012,15.736380314535982
2025-07-18 08:00:00+00:00,24956.349609375,24957.19921875,24941.80078125,24946.80078125,0.0,51.71957555421604,-5.456785567010229,-9.444357064404274,24947.725635041672,24979.594643170505,15.712241542069126
2025-07-18 08:05:00+00:00,24960.94921875,24961.150390625,24952.80078125,24956.69921875,0.0,53.66729032771263,-3.8813908103547874,-8.331763813594376,24948.985023966277,24978.86345005598,15.186339244421331
2025-07-18 08:10:00+00:00,24969.0,24971.349609375,24958.44921875,24960.55078125,0.0,56.94155918852401,-1.9606472310915706,-7.057540497093816,24950.891212159964,24978.476648092997,15.02305720017695
2025-07-18 08:15:00+00:00,24957.19921875,24971.30078125,24951.650390625,24968.55078125,0.0,51.22699712595362,-1.3748204555340635,-5.920996488781866,24951.491974692348,24977.642239099154,15.353581016235738
2025-07-18 08:20:00+00:00,24950.94921875,24959.349609375,24949.69921875,24956.349609375,0.0,48.45346996201651,-1.3987473925662925,-5.0165466695387515,24951.44028365022,24976.595453987422,14.946210274004613
2025-07-18 08:25:00+00:00,24960.400390625,24994.25,24949.30078125,24950.69921875,0.0,52.63010276181689,-0.6476137903300696,-4.1427600936970155,24952.293627171624,24975.960353463408,17.089282308004282
2025-07-18 08:30:00+00:00,24966.5,24970.650390625,24958.30078125,24960.0,0.0,55.15554068201167,0.4348399369591789,-3.2272400875657765,24953.646615060043,24975.589359209942,16.75073424136112
2025-07-18 08:35:00+00:00,24965.599609375,24969.5,24959.75,24966.05078125,0.0,54.692017114727214,1.2061347453818598,-2.3405651209762497,24954.78499547099,24975.197604314453,16.25068179554961
2025-07-18 08:40:00+00:00,24970.099609375,24972.400390625,24963.69921875,24966.849609375,0.0,56.652715550475186,2.155654783371574,-1.441321140106685,24956.243530128515,24974.99768294428,15.711431086938925
2025-07-18 08:45:00+00:00,24967.25,24971.69921875,24958.099609375,24969.349609375,0.0,55.028726715662295,2.6476956061997043,-0.6235177908454071,24957.29176535437,24974.693852240584,15.560586678943286
2025-07-18 08:50:00+00:00,24974.349609375,24975.69921875,24964.150390625,24967.400390625,0.0,58.24054479280198,3.5693751114777115,0.2150607896192166,24958.91632192776,24974.680352520365,15.274032496518766
2025-07-18 08:55:00+00:00,24986.69921875,24988.150390625,24968.650390625,24973.94921875,0.0,63.168218369245004,5.235966068757989,1.2192418454469711,24961.562312101305,24975.1516806078,15.575887318195997
2025-07-18 09:00:00+00:00,25005.05078125,25005.05078125,24983.849609375,24986.5,0.0,69.01869584872968,7.945972903457005,2.5645880570489776,24965.70407106785,24976.324194358473,15.977693357967711
2025-07-18 09:05:00+00:00,24978.599609375,25005.19921875,24977.349609375,25004.599609375,0.0,55.3672640904627,7.868580240858137,3.62538649381081,24966.932217573292,24976.413426319905,16.825687359184304
2025-07-18 09:10:00+00:00,24963.650390625,24984.0,24963.5,24978.650390625,0.0,49.41810229249563,6.525744263137312,4.20545804767611,24966.61966262584,24975.912915116183,17.08813826209971
2025-07-18 09:15:00+00:00,24964.75,24971.099609375,24952.94921875,24964.150390625,0.0,49.84499780611517,5.487015464208525,4.461769530982593,24966.441599518614,24975.47515373908,17.164013430878303
2025-07-18 09:20:00+00:00,24969.80078125,24972.94921875,24959.849609375,24964.19921875,0.0,51.854937537954214,5.013577838672063,4.572131192520487,24966.76152158827,24975.252629327744,16.873698855458425
2025-07-18 09:25:00+00:00,24973.150390625,24974.80078125,24963.099609375,24969.30078125,0.0,53.194568936436994,4.852721440161986,4.6282492420487875,24967.369985306053,24975.170188594304,16.504232642568535
2025-07-18 09:30:00+00:00,24965.80078125,24980.900390625,24962.69921875,24973.099609375,0.0,49.91285477601143,4.085099053125305,4.519619204264091,24967.220537300716,24974.802760855313,16.62544258774221
2025-07-18 09:35:00+00:00,24968.44921875,24973.349609375,24962.94921875,24966.150390625,0.0,51.08395732666404,3.6484030341816833,4.345375970247609,24967.3375545816,24974.553602341377,16.18079601897491
2025-07-18 09:40:00+00:00,24970.69921875,24975.69921875,24966.349609375,24968.349609375,0.0,52.108441123781596,3.444172215535218,4.165135219305131,24967.65771307383,24974.402450043675,15.692854115833844
2025-07-18 09:45:00+00:00,24965.30078125,24973.25,24965.25,24971.0,0.0,49.433317952623156,2.8142679021730146,3.894961755878708,24967.433243376323,24974.04552185569,15.143364536131427
2025-07-18 09:50:00+00:00,24973.19921875,24975.400390625,24963.55078125,24965.30078125,0.0,53.217539492018716,2.9187564839849074,3.699720701499948,24967.982383888102,24974.012333498602,14.908096310336324
2025-07-18 09:55:00+00:00,24965.55078125,24978.400390625,24963.30078125,24974.94921875,0.0,49.36499706413736,2.357226808951964,3.4312219229903516,24967.750802684473,24973.680507920224,14.921775814955158
2025-07-21 03:45:00+00:00,24956.44921875,25031.19921875,24951.849609375,25031.19921875,0.0,45.17407288025347,1.164368353482132,2.977851209088708,24966.67446135738,24973.004771090018,19.52376392638693
2025-07-21 03:50:00+00:00,24925.400390625,24956.80078125,24911.69921875,24955.19921875,0.0,34.434285083977514,-2.2603061085355876,1.930219745563849,24962.743597478104,24971.13793264041,21.350749538787863
2025-07-21 03:55:00+00:00,24901.55078125,24926.69921875,24895.099609375,24925.80078125,0.0,28.77520740622259,-6.82023008323813,0.18012977980345335,24956.915710218287,24968.409024742745,22.082810955660158
2025-07-21 04:00:00+00:00,24891.150390625,24916.05078125,24882.5,24901.900390625,0.0,26.713449711224087,-11.14475746275275,-2.0848476687077873,24950.6523464475,24965.379274385185,22.901951690970147
2025-07-21 04:05:00+00:00,24909.349609375,24916.900390625,24890.900390625,24890.900390625,0.0,35.43164620117139,-12.954124626616249,-4.25870306028948,24946.718752440596,24963.18203262008,23.123240855900853
2025-07-21 04:10:00+00:00,24938.69921875,24944.5,24909.05078125,24909.19921875,0.0,46.48749137335963,-11.882815250708518,-5.7835254983732876,24945.954987327204,24962.221922272234,24.003667848336505
2025-07-21 04:15:00+00:00,24996.400390625,24998.19921875,24930.94921875,24939.80078125,0.0,60.725515366258264,-6.305111114303145,-5.887842621559259,24950.759311450805,24963.5622543645,27.092691573455323
2025-07-21 04:20:00+00:00,25025.19921875,25025.25,24995.25,24996.80078125,0.0,65.63945007052872,0.43408053659732104,-4.623457989927943,24957.84882643168,24965.979390222758,27.300356461065657
2025-07-21 04:25:00+00:00,25035.25,25048.75,25025.400390625,25025.400390625,0.0,67.18268356093131,6.510898932188866,-2.3965866055045817,24965.22036677152,24968.695884723827,27.032529660275255
2025-07-21 04:30:00+00:00,25039.94921875,25042.75,25024.19921875,25033.94921875,0.0,67.9084105685352,11.572607160276675,0.3972521476516697,24972.33740029328,24971.49013311701,26.426690488112737
2025-07-21 04:35:00+00:00,25055.80078125,25057.0,25033.75,25040.05078125,0.0,70.29476176788262,16.67096352518638,3.6519944231586123,24980.286293717727,24974.796433043797,26.199784024676113
2025-07-21 04:40:00+00:00,25052.55078125,25070.75,25047.900390625,25055.55078125,0.0,69.15925582825314,20.21616052305035,6.96482764313696,24987.16862586366,24977.84562316953,25.960485835413532
2025-07-21 04:45:00+00:00,25052.80078125,25054.94921875,25040.599609375,25052.30078125,0.0,69.20047050140542,22.783295942765108,10.128521303062591,24993.419307329023,24980.78504113347,25.131137516812565
2025-07-21 04:50:00+00:00,25036.650390625,25053.44921875,25035.900390625,25053.44921875,0.0,63.314006240196775,23.24659542752488,12.752136127955051,24997.53655335721,24982.975839152743,24.589543988825955
2025-07-21 04:55:00+00:00,25044.44921875,25052.349609375,25035.44921875,25036.80078125,0.0,64.86810304046915,23.96678962723672,14.995066827811385,25002.004426251762,24985.386559921262,24.04031874855267
2025-07-21 05:00:00+00:00,25057.849609375,25063.400390625,25043.19921875,25045.150390625,0.0,67.42184523945423,25.32689556430705,17.06143257511052,25007.32301512064,24988.228248135136,23.766093971870337
2025-07-21 05:05:00+00:00,25051.599609375,25061.94921875,25048.44921875,25057.900390625,0.0,65.0469226937401,25.60530453990941,18.770206968070298,25011.539833621056,24990.713399556305,23.032801545308168
2025-07-21 05:10:00+00:00,25051.400390625,25061.650390625,25047.0,25051.650390625,0.0,64.96836555914959,25.51574079384227,20.119313733224693,25015.336077145243,24993.093281559,22.4340579081433
2025-07-21 05:15:00+00:00,25052.0,25058.150390625,25045.30078125,25051.05078125,0.0,65.10496389790593,25.2026241817548,21.135975822930718,25018.82787932189,24995.403348948843,21.749454441490204
2025-07-21 05:20:00+00:00,25049.75,25052.55078125,25036.5,25051.400390625,0.0,64.094995177364,24.49060832690884,21.806902323726344,25021.772843195995,24997.534590166535,21.34240635638376
2025-07-21 05:25:00+00:00,25060.19921875,25066.400390625,25047.099609375,25049.94921875,0.0,66.68012949168184,24.487221807281458,22.34296622043737,25025.43249801066,24999.992026581574,21.19657599164206
2025-07-21 05:30:00+00:00,25063.94921875,25070.44921875,25054.94921875,25059.94921875,0.0,67.58220668323182,24.504657191529986,22.775304414655892,25029.100757128694,25002.50015176465,20.78967770652477
2025-07-21 05:35:00+00:00,25074.94921875,25079.30078125,25061.69921875,25064.30078125,0.0,70.13626398069816,25.116554917753092,23.243554515275335,25033.467277283104,25005.34129164643,20.561955191773002
2025-07-21 05:40:00+00:00,25065.69921875,25077.0,25061.80078125,25074.69921875,0.0,65.46544494149242,24.571841684246465,23.509211949069563,25036.536985994237,25007.7082691799,20.178902588789217
2025-07-21 05:45:00+00:00,25061.30078125,25071.30078125,25061.19921875,25065.55078125,0.0,63.30650708514945,23.51417856187618,23.510205271630888,25038.89544268526,25009.809936319903,19.45909258244713
2025-07-21 05:50:00+00:00,25056.19921875,25066.05078125,25056.0,25061.650390625,0.0,60.8019275091807,22.010595020852634,23.210283221475237,25040.543421358096,25011.629123866183,18.78707034441519
2025-07-21 05:55:00+00:00,25053.55078125,25060.25,25052.30078125,25055.19921875,0.0,59.486176421578804,20.370469368819613,22.642320450944112,25041.782217538275,25013.273110430255,18.012938087671248
2025-07-21 06:00:00+00:00,25064.55078125,25065.849609375,25052.599609375,25053.25,0.0,63.06155954558687,19.73082141501436,22.06002064375816,25043.95065217749,25015.283999482013,17.67272822426616
2025-07-21 06:05:00+00:00,25043.400390625,25066.75,25042.349609375,25064.75,0.0,53.31826649101779,17.317609419413202,21.11153839888917,25043.898246315348,25016.38660305625,18.15327553860429
2025-07-21 06:10:00+00:00,25019.099609375,25045.900390625,25000.099609375,25043.099609375,0.0,44.7611272278892,13.2910407257732,19.547438864265978,25041.53647136865,25016.492995460907,20.12809737513256
2025-07-21 06:15:00+00:00,25015.0,25029.19921875,25009.55078125,25019.25,0.0,43.49295448571594,9.657822446130012,17.569515580638786,25039.009188381162,25016.434446619303,20.093835955480234
2025-07-21 06:20:00+00:00,25025.30078125,25029.400390625,25014.05078125,25015.05078125,0.0,47.51653132730973,7.522937996884139,15.560200063887857,25037.703625797243,25016.782146016587,19.754962628303076
2025-07-21 06:25:00+00:00,25042.75,25043.599609375,25025.150390625,25025.849609375,0.0,53.55023191417379,7.156536713322566,13.8794673937748,25038.184232864172,25017.80049323162,19.661695208424284
2025-07-21 06:30:00+00:00,25033.599609375,25047.5,25033.19921875,25043.400390625,0.0,50.28546609133507,6.057968515793618,12.315167618178563,25037.74760205568,25018.420066413713,19.27877278282255
2025-07-21 06:35:00+00:00,25038.69921875,25040.44921875,25033.19921875,25034.0,0.0,52.040350984848295,5.535036704153754,10.959141435373603,25037.83823221704,25019.215327289647,18.419574726906653
2025-07-21 06:40:00+00:00,25044.75,25047.44921875,25038.19921875,25038.75,0.0,54.11020905773385,5.5449383565246535,9.876300819603813,25038.49649581542,25020.216687003776,17.76460510355618
2025-07-21 06:45:00+00:00,25038.650390625,25045.0,25028.099609375,25044.44921875,0.0,51.688437205787146,5.002927355038992,8.90162612669085,25038.51115246395,25020.939577341862,17.702875497945023
2025-07-21 06:50:00+00:00,25044.599609375,25049.900390625,25038.349609375,25039.44921875,0.0,53.85762216514165,4.995842996551801,8.12046950066304,25039.091005503098,25021.86742173532,17.263440194520378
2025-07-21 06:55:00+00:00,25029.0,25050.69921875,25029.0,25044.900390625,0.0,47.79740378147077,3.688946606034733,7.234164921737379,25038.129957359946,25022.147130686877,17.58028151991178
2025-07-21 07:00:00+00:00,25041.599609375,25043.75,25010.0,25029.349609375,0.0,52.451213066915294,3.6280826991496724,6.5129484772198385,25038.460400409,25022.90997298837,18.73526141134665
2025-07-21 07:05:00+00:00,25041.80078125,25044.44921875,25040.650390625,25041.599609375,0.0,52.52398862937123,3.555099529090512,5.921378687593974,25038.778531917666,25023.65078899863,17.668373319464745
2025-07-21 07:10:00+00:00,25045.80078125,25047.150390625,25038.69921875,25042.44921875,0.0,54.030570220745396,3.776493347093492,5.492401619493878,25039.447317568367,25024.519416145748,17.010001787717265
2025-07-21 07:15:00+00:00,25054.69921875,25056.19921875,25045.05078125,25045.900390625,0.0,57.27847733924306,4.61675994698453,5.317273284992008,25040.899879585664,25025.702937816503,16.59131862430889
2025-07-21 07:20:00+00:00,25047.349609375,25056.75,25044.30078125,25055.5,0.0,53.89166398149522,4.636182205340447,5.181055069061696,25041.5141395656,25026.55182689723,16.29545434757254
2025-07-21 07:25:00+00:00,25039.75,25050.05078125,25039.44921875,25047.900390625,0.0,50.56246513900639,3.9923284438773408,4.943309744024825,25041.34612627364,25027.069402313027,15.888747787031646
2025-07-21 07:30:00+00:00,25049.05078125,25050.55078125,25039.30078125,25040.69921875,0.0,54.28461113449886,4.184330657044484,4.791513926628757,25042.079902938054,25027.931417173302,15.557408659386528
2025-07-21 07:35:00+00:00,25056.69921875,25059.19921875,25048.5,25049.099609375,0.0,57.14222899757174,4.8972068279654195,4.8126525068960895,25043.47221872967,25029.059566254742,15.210395094430348
2025-07-21 07:40:00+00:00,25047.94921875,25058.94921875,25041.599609375,25057.900390625,0.0,53.05623105365655,4.70191372167028,4.7905047498509274,25043.898599683987,25029.800336940832,15.363196114471037
2025-07-21 07:45:00+00:00,25048.80078125,25051.94921875,25039.94921875,25044.900390625,0.0,53.40542721366156,4.563254151536967,4.745054630188136,25044.365474118847,25030.545452403938,15.122967820580248
2025-07-21 07:50:00+00:00,25041.30078125,25049.69921875,25040.400390625,25049.69921875,0.0,49.88579093574795,3.804324241584254,4.55690855246736,25044.07359860753,25030.967230005743,14.706957842324515
2025-07-21 07:55:00+00:00,25044.400390625,25046.80078125,25037.349609375,25042.25,0.0,51.31385651788559,3.4136291996946966,4.3282526819128275,25044.10472165681,25031.494020618265,14.331544558944191
2025-07-21 08:00:00+00:00,25050.849609375,25051.5,25041.900390625,25044.349609375,0.0,54.235965452968244,3.5830949309820426,4.1792211317266705,25044.747091915684,25032.253063314605,13.993549188662465
2025-07-21 08:05:00+00:00,25045.94921875,25053.099609375,25043.650390625,25051.75,0.0,51.696956237236066,3.284119885054679,4.000200882392273,25044.861580185618,25032.790167449326,13.668954157329432
2025-07-21 08:10:00+00:00,25041.849609375,25051.30078125,25040.5,25046.94921875,0.0,49.60478635505117,2.6854199429726577,3.73724469450835,25044.574725822702,25033.145439681706,13.464084663948759
2025-07-21 08:15:00+00:00,25032.75,25044.80078125,25030.349609375,25042.69921875,0.0,45.22938763787533,1.4598551955568837,3.281766794718057,25043.448561458634,25033.129932243206,13.534590893309561
2025-07-21 08:20:00+00:00,25021.69921875,25033.900390625,25018.25,25033.900390625,0.0,40.55144104073691,-0.398525434993644,2.545708348775717,25041.377195486384,25032.681668968962,13.685719445573165
2025-07-21 08:25:00+00:00,25012.349609375,25026.25,24988.099609375,25022.55078125,0.0,37.05911513935629,-2.595817840014206,1.5174031110177324,25038.61266347578,25031.88433329861,15.433195958389367
2025-07-21 08:30:00+00:00,25022.5,25024.900390625,25006.599609375,25012.400390625,0.0,42.81683625627808,-3.478043488215917,0.5183137911710025,25037.07812409713,25031.51632022808,15.638023479218699
2025-07-21 08:35:00+00:00,25027.349609375,25029.599609375,25019.55078125,25022.55078125,0.0,45.38734879953624,-3.7427466699846264,-0.3338983010601233,25036.1515988855,25031.35291980247,15.238795239631648
2025-07-21 08:40:00+00:00,25024.900390625,25034.94921875,25022.150390625,25027.44921875,0.0,44.304166344015016,-4.102862092517171,-1.087691059351533,25035.080055241644,25031.09987944257,15.064511874300816
2025-07-21 08:45:00+00:00,25029.349609375,25030.900390625,25022.349609375,25024.900390625,0.0,46.78851774686097,-3.983324109114619,-1.6668176693041503,25034.53429849244,25031.031241400706,14.599245401136471
2025-07-21 08:50:00+00:00,25037.80078125,25039.94921875,25027.69921875,25029.55078125,0.0,51.23781416988546,-3.1701074299926404,-1.9674756214418485,25034.845392088395,25031.29671355166,14.431442158198152
2025-07-21 08:55:00+00:00,25032.75,25038.400390625,25030.25,25037.099609375,0.0,48.621209852006444,-2.899756599570537,-2.1539318170675865,25034.64583093712,25031.353705177084,13.982795620112569
2025-07-21 09:00:00+00:00,25027.849609375,25036.0,25027.0,25032.849609375,0.0,46.15826999541498,-3.045811963485903,-2.33230784635125,25033.99857174073,25031.216289655436,13.626881647247385
2025-07-21 09:05:00+00:00,25016.349609375,25028.400390625,25000.0,25027.80078125,0.0,40.9197047179173,-4.042911613694741,-2.6744285998199486,25032.317718182087,25030.633282585615,14.68213228851543
2025-07-21 09:10:00+00:00,25030.69921875,25031.75,25014.5,25015.599609375,0.0,48.73758195823972,-3.63334379276057,-2.866211638408073,25032.16357537903,25030.635868317553,14.865551410764327
2025-07-21 09:15:00+00:00,25033.75,25035.900390625,25029.55078125,25030.55078125,0.0,50.24501645438753,-3.027684530858096,-2.898506216898078,25032.31466343817,25030.75799112863,14.25726983678116
2025-07-21 09:20:00+00:00,25039.80078125,25045.05078125,25032.75,25033.80078125,0.0,53.18541122434486,-2.0359782341438404,-2.7260006203472305,25033.027627039297,25031.112610349075,14.117520652011079
2025-07-21 09:25:00+00:00,25050.44921875,25050.94921875,25038.55078125,25039.599609375,0.0,57.90064875374791,-0.38635032949241577,-2.2580705621762673,25034.68682624984,25031.870908717738,13.994728998296
2025-07-21 09:30:00+00:00,25081.80078125,25082.150390625,25050.849609375,25050.849609375,0.0,68.09107807109311,3.4114753830326663,-1.1241613731344806,25039.17386958319,25033.82894293469,15.259474918060572
2025-07-21 09:35:00+00:00,25076.5,25085.150390625,25070.349609375,25082.80078125,0.0,65.21671659703253,5.925248301591637,0.2857205618107428,25042.728739146696,25035.502317721566,15.226711084627675
2025-07-21 09:40:00+00:00,25088.099609375,25090.55078125,25073.150390625,25078.80078125,0.0,68.36390148712735,8.752529275654524,1.9790823045794992,25047.049774406536,25037.56495660994,15.381973908939985
2025-07-21 09:45:00+00:00,25094.75,25096.25,25084.25,25089.849609375,0.0,70.03774426603943,11.398407019998558,3.862947247663311,25051.592653034484,25039.80750733112,15.140404344015701
2025-07-21 09:50:00+00:00,25098.94921875,25111.349609375,25094.69921875,25096.400390625,0.0,71.07829130653357,13.676472195540555,5.82565223723876,25056.102802150246,25042.12679013186,15.248260506943152
2025-07-21 09:55:00+00:00,25093.30078125,25107.0,25089.849609375,25101.599609375,0.0,67.67379956747993,14.85483625391862,7.631489040574732,25059.645466826412,25044.133613312966,15.384126943947212
2025-07-22 03:45:00+00:00,25131.75,25171.44921875,25128.94921875,25169.94921875,0.0,76.07456736841553,18.675944219845405,9.840380076428868,25066.512565223897,25047.56955004579,19.867291983665268
2025-07-22 03:50:00+00:00,25139.55078125,25139.75,25116.599609375,25129.55078125,0.0,77.36007474017299,22.079143048191327,12.28813267078136,25073.46858579781,25051.17665715184,20.101799029474893
2025-07-22 03:55:00+00:00,25124.0,25145.650390625,25119.900390625,25139.150390625,0.0,69.35952750148108,23.253334588371217,14.481173054299333,25078.281101436114,25054.032474518433,20.50524195594097
2025-07-22 04:00:00+00:00,25119.05078125,25140.94921875,25113.849609375,25124.849609375,0.0,66.9851463060166,23.513480486362823,16.287634540712034,25082.163928085054,25056.582212037316,20.97626820015947
2025-07-22 04:05:00+00:00,25108.099609375,25123.150390625,25102.30078125,25120.19921875,0.0,61.93300918830109,22.575740849617432,17.545255802493116,25084.633992969808,25058.60250212899,20.967221141219508
2025-07-22 04:10:00+00:00,25109.19921875,25110.75,25089.599609375,25108.55078125,0.0,62.24095910804097,21.671489279808156,18.370502497956124,25086.973538282207,25060.58668709452,20.980304675775255
2025-07-22 04:15:00+00:00,25117.900390625,25131.599609375,25105.80078125,25110.44921875,0.0,64.67610051339821,21.41017211081271,18.97843642052744,25089.918952791042,25062.834283311404,21.32448492214845
2025-07-22 04:20:00+00:00,25113.75,25125.900390625,25113.349609375,25117.599609375,0.0,62.60219622469629,20.630360579711123,19.30882125236418,25092.188576334753,25064.830978083508,20.697791802709276
2025-07-22 04:25:00+00:00,25097.55078125,25115.0,25090.69921875,25114.19921875,0.0,55.16667418914516,18.492047934774746,19.145466588846293,25092.699262517155,25066.114107619447,20.95514819180147
2025-07-22 04:30:00+00:00,25095.44921875,25103.25,25090.0,25098.25,0.0,54.26617356385291,16.43835015956938,18.60404330299091,25092.96116311076,25067.26450413437,20.40478046381565
2025-07-22 04:35:00+00:00,25092.69921875,25102.69921875,25086.099609375,25094.19921875,0.0,53.04596343819162,14.422622840997064,17.767759210592143,25092.936216028782,25068.26194392322,20.132982528900246
2025-07-22 04:40:00+00:00,25111.05078125,25111.5,25092.400390625,25092.80078125,0.0,59.57799550053077,14.142931234240677,17.04279361532185,25094.661412716516,25069.939937543877,20.059170160764516
2025-07-22 04:45:00+00:00,25118.75,25121.25,25104.44921875,25111.30078125,0.0,61.96843556847057,14.376809320292523,16.509596756315986,25096.95556388637,25071.854057640197,19.826428095709907
2025-07-22 04:50:00+00:00,25119.94921875,25123.80078125,25114.75,25118.80078125,0.0,62.34198993337541,14.49187302793871,16.106052010640532,25099.145435778144,25073.740142389604,19.05673903530206
2025-07-22 04:55:00+00:00,25102.0,25121.80078125,25100.5,25119.69921875,0.0,53.82094649057003,12.985026596285024,15.481846927769432,25099.41729903737,25074.848372099816,19.217027764923337
2025-07-22 05:00:00+00:00,25097.80078125,25105.849609375,25097.349609375,25102.05078125,0.0,52.02923854083412,11.321490983496915,14.64977573891493,25099.263344962383,25075.748466576293,18.451525781714526
2025-07-22 05:05:00+00:00,25095.0,25104.80078125,25091.94921875,25098.19921875,0.0,50.81418277716626,9.665707130359806,13.652962017203905,25098.857312108823,25076.50342867134,18.051528404449204
2025-07-22 05:10:00+00:00,25087.849609375,25097.69921875,25086.30078125,25094.900390625,0.0,47.74839042072935,7.687888538810512,12.459947321525226,25097.808959467508,25076.94837693423,17.576307625559974
2025-07-22 05:15:00+00:00,25096.30078125,25100.05078125,25076.599609375,25087.650390625,0.0,51.47485090145338,6.724871859802079,11.312932229180596,25097.665323446792,25077.707294750533,17.99594078623426
2025-07-22 05:20:00+00:00,25092.05078125,25100.19921875,25086.099609375,25096.80078125,0.0,49.56063725563644,5.554703557336325,10.161286494811742,25097.130605142334,25078.26978441718,17.71763139971753
2025-07-22 05:25:00+00:00,25085.849609375,25094.150390625,25082.849609375,25092.05078125,0.0,46.824499395647926,4.079923187229724,8.94501383329534,25096.056224593063,25078.567032454743,17.25928496045199
2025-07-22 05:30:00+00:00,25078.25,25088.30078125,25078.0,25086.25,0.0,43.64446066674685,2.2717369848687667,7.610358463610026,25094.36039367944,25078.55459980946,16.76224898113399
2025-07-22 05:35:00+00:00,25056.05078125,25078.0,25055.94921875,25078.0,0.0,35.961506427171955,-0.9416997062689916,5.899946829634223,25090.711859162348,25077.672097120852,17.157858428910135
2025-07-22 05:40:00+00:00,25072.0,25072.0,25055.849609375,25056.099609375,0.0,43.63814044301749,-2.176315564494871,4.284694350808404,25088.929777337362,25077.449661939645,17.085896442916553
2025-07-22 05:45:00+00:00,25048.75,25072.44921875,25047.150390625,25072.30078125,0.0,36.72654875134931,-4.9735067290384904,2.433054134839025,25085.103131876658,25076.324185000834,17.67253442020823
2025-07-22 05:50:00+00:00,25058.650390625,25062.75,25047.19921875,25049.349609375,0.0,41.01101584750265,-6.318585378136049,0.6827262322440102,25082.583823186025,25075.631095025314,17.520980622336214
2025-07-22 05:55:00+00:00,25060.44921875,25064.599609375,25057.349609375,25058.44921875,0.0,41.78236651235631,-7.156918994915031,-0.8852028131877981,25080.47576562069,25075.035727328243,16.7873391493122
2025-07-22 06:00:00+00:00,25056.05078125,25061.80078125,25048.75,25060.94921875,0.0,40.39156528925304,-8.083045258827042,-2.324771302315647,25078.149576633004,25074.2912196389,16.520442156504185
2025-07-22 06:05:00+00:00,25055.44921875,25061.25,25053.44921875,25056.099609375,0.0,40.19450201443573,-8.764516174898745,-3.612720276832267,25075.987637787006,25073.552317643258,15.897609234611028
2025-07-22 06:10:00+00:00,25062.900390625,25064.5,25053.849609375,25055.30078125,0.0,43.84878897615155,-8.604156131368654,-4.611007447739544,25074.741233295386,25073.13459501509,15.5228079053531
2025-07-22 06:15:00+00:00,25070.650390625,25071.0,25059.900390625,25062.900390625,0.0,47.44571475075319,-7.762231241064001,-5.241252206404436,25074.35162923154,25073.037175235087,15.20686515318502
2025-07-22 06:20:00+00:00,25067.94921875,25070.55078125,25035.75,25070.55078125,0.0,46.331712917892496,-7.229623100611207,-5.6389263852457905,25073.74187585235,25072.837647529792,16.61354554402895
2025-07-22 06:25:00+00:00,25085.349609375,25086.650390625,25067.099609375,25068.099609375,0.0,53.849005265486056,-5.341883304237854,-5.5795177690442035,25074.84737428308,25073.328312700192,16.82334809445545
2025-07-22 06:30:00+00:00,25079.30078125,25087.599609375,25079.150390625,25085.80078125,0.0,51.16599661089057,-4.284536324983492,-5.3205214802320615,25075.27150827993,25073.562527153128,16.22519599842292
2025-07-22 06:35:00+00:00,25074.849609375,25084.150390625,25072.099609375,25079.599609375,0.0,49.22244802983471,-3.7623831851087743,-5.008893821207405,25075.231327431844,25073.613000965754,15.92702351639271
2025-07-22 06:40:00+00:00,25075.099609375,25080.55078125,25073.05078125,25075.099609375,0.0,49.338844385520545,-3.290469663159456,-4.665208989597815,25075.218782855,25073.671299334743,15.3250932652218
2025-07-22 06:45:00+00:00,25084.44921875,25085.25,25071.099609375,25075.599609375,0.0,53.6206813681756,-2.1374008321326983,-4.159647358104792,25076.09787198786,25074.093962841227,15.241185933777386
2025-07-22 06:50:00+00:00,25100.150390625,25101.849609375,25082.0,25084.599609375,0.0,59.77001666617523,0.042873653223068686,-3.31914315583922,25078.38858804854,25075.115783538633,15.570359036721857
2025-07-22 06:55:00+00:00,25099.599609375,25102.099609375,25091.849609375,25099.55078125,0.0,59.47213136359301,1.7066403593780706,-2.313986452795762,25080.408685317725,25076.075933571432,15.190333391241724
2025-07-22 07:00:00+00:00,25110.80078125,25111.849609375,25098.30078125,25099.30078125,0.0,63.46051659446554,3.8842531663685804,-1.0743385289628935,25083.30317064461,25077.437692303927,15.073083015081602
2025-07-22 07:05:00+00:00,25106.55078125,25110.55078125,25100.55078125,25109.599609375,0.0,61.00730326979257,5.207063734054827,0.18194192364065065,25085.517228797504,25078.57938206652,14.728577085432917
2025-07-22 07:10:00+00:00,25110.25,25110.75,25097.25,25107.349609375,0.0,62.37082533914951,6.479208395525347,1.44139521801759,25087.87273081679,25079.82136708352,14.640821579330565
2025-07-22 07:15:00+00:00,25109.650390625,25114.150390625,25103.75,25109.849609375,0.0,61.992417126014765,7.354233711263078,2.623962916666688,25089.94679365567,25080.991132712603,14.337933654021239
2025-07-22 07:20:00+00:00,25107.80078125,25113.80078125,25105.349609375,25109.69921875,0.0,60.76766583841229,7.808438738276891,3.660858080988729,25091.647173426558,25082.042491478776,13.917450669805435
2025-07-22 07:25:00+00:00,25115.55078125,25116.400390625,25106.25,25107.150390625,0.0,63.97890474008835,8.69354593906246,4.667395652603475,25093.923707504982,25083.35654205804,13.648374952319331
2025-07-22 07:30:00+00:00,25113.69921875,25119.69921875,25112.099609375,25114.849609375,0.0,62.65932530064406,9.140231256613333,5.5619627734054475,25095.807089528316,25084.546450947924,13.216320268225093
2025-07-22 07:35:00+00:00,25099.30078125,25112.30078125,25078.849609375,25112.30078125,0.0,53.43044156290682,8.237442901343456,6.09705879899305,25096.13982207324,25085.12505213624,14.761555204423301
2025-07-22 07:40:00+00:00,25092.19921875,25100.900390625,25087.900390625,25099.400390625,0.0,49.55373370318367,6.86974968395225,6.25159697598489,25095.764526518647,25085.40247043482,14.635729832678779
2025-07-22 07:45:00+00:00,25087.55078125,25095.05078125,25085.30078125,25092.349609375,0.0,47.142577211628776,5.3490918961433636,6.071095960016586,25094.98226506449,25085.486717917767,14.28674913034458
2025-07-22 07:50:00+00:00,25093.05078125,25097.05078125,25085.69921875,25087.25,0.0,50.22840008522272,4.535481470986269,5.763973062210523,25094.798314225016,25085.783347852364,14.077092942462825
2025-07-22 07:55:00+00:00,25081.099609375,25093.75,25078.69921875,25093.19921875,0.0,44.191227869031444,2.892981170982239,5.189774683964867,25093.493675667873,25085.599671833643,14.146642107286908
2025-07-22 08:00:00+00:00,25083.94921875,25085.0,25074.150390625,25081.05078125,0.0,45.86210721085755,1.8004727815641672,4.511914303484727,25092.58467977093,25085.534948183304,13.911139769266414
2025-07-22 08:05:00+00:00,25079.599609375,25089.150390625,25079.05078125,25082.30078125,0.0,43.710901254819845,0.5770233208349964,3.7249361069547815,25091.348006399887,25085.302189798665,13.638887598247385
2025-07-22 08:10:00+00:00,25080.25,25083.30078125,25076.400390625,25079.75,0.0,44.1328823082617,-0.33621245547328726,2.9127063944691676,25090.29105340942,25085.104064708525,13.15756638587257
2025-07-22 08:15:00+00:00,25078.44921875,25081.599609375,25073.5,25079.94921875,0.0,43.16793999243583,-1.1915311553675565,2.091858884501823,25089.163259632332,25084.843090357208,12.796283742238815
2025-07-22 08:20:00+00:00,25083.55078125,25085.650390625,25074.19921875,25078.19921875,0.0,46.721916778881955,-1.441111690550315,1.3852647694913955,25088.628737881634,25084.79241156869,12.700204323150329
2025-07-22 08:25:00+00:00,25088.80078125,25107.30078125,25083.349609375,25083.44921875,0.0,50.175016550332145,-1.2014256518414186,0.8679266852248327,25088.645122964335,25084.949602536584,13.503844862568162
2025-07-22 08:30:00+00:00,25098.44921875,25102.30078125,25087.400390625,25088.19921875,0.0,55.839691583260084,-0.23027005853145965,0.6482873364735743,25089.578846372493,25085.478999250838,13.603598131313293
2025-07-22 08:35:00+00:00,25105.349609375,25106.599609375,25096.44921875,25098.150390625,0.0,59.39523669044559,1.083689502422203,0.7353677696633001,25091.0808238013,25086.25823886355,13.356940452290914
2025-07-22 08:40:00+00:00,25086.44921875,25107.650390625,25085.5,25105.55078125,0.0,47.996314859346334,0.5930717923147313,0.7069085741935863,25090.63971855832,25086.265728270864,13.98504403605585
2025-07-22 08:45:00+00:00,25084.80078125,25089.55078125,25079.55078125,25086.5,0.0,47.14645447495066,0.07042675685079303,0.5796122107250278,25090.08362929086,25086.208279368086,13.70039803348043
2025-07-22 08:50:00+00:00,25067.599609375,25084.80078125,25067.599609375,25084.349609375,0.0,39.3221283905869,-1.7120288108999375,0.12128400640003473,25087.94229406078,25085.47852760365,13.950453307874685
2025-07-22 08:55:00+00:00,25069.5,25072.650390625,25061.44921875,25066.94921875,0.0,40.49704213816919,-2.937431170976197,-0.4904590290752116,25086.185885102608,25084.851918678018,13.754076062669352
2025-07-22 09:00:00+00:00,25065.400390625,25073.900390625,25063.19921875,25069.05078125,0.0,38.75373659314497,-4.191063612110156,-1.2305799456822006,25084.20631419998,25084.08911365633,13.536011477835826
2025-07-22 09:05:00+00:00,25063.0,25073.900390625,25044.849609375,25064.650390625,0.0,37.72960309449164,-5.316977014859731,-2.0478593595177066,25082.186665228553,25083.262089591375,14.644209318704696
2025-07-22 09:10:00+00:00,25064.94921875,25066.25,25059.25,25062.75,0.0,39.13618650400822,-5.983017335925979,-2.834890954799361,25080.545003659165,25082.543937793675,14.098194367368647
2025-07-22 09:15:00+00:00,25075.30078125,25075.849609375,25064.75,25064.75,0.0,46.099368151220936,-5.610895595043985,-3.390091882848286,25080.04555390591,25082.259892439022,13.8840097250566
2025-07-22 09:20:00+00:00,25074.599609375,25080.0,25070.94921875,25075.75,0.0,45.71783046668974,-5.3113393311577966,-3.7743413725101886,25079.526892522015,25081.95948918161,13.538779119695416
2025-07-22 09:25:00+00:00,25066.599609375,25077.849609375,25064.099609375,25074.349609375,0.0,41.49778115601835,-5.6542928072449286,-4.1503316594571364,25078.295722698487,25081.3571409539,13.553866325431457
2025-07-22 09:30:00+00:00,25054.0,25067.400390625,25047.900390625,25062.650390625,0.0,35.88032089719265,-6.863649209510186,-4.692995169467746,25075.98184434625,25080.284311896885,13.97859015932921
2025-07-22 09:35:00+00:00,25062.55078125,25063.5,25048.5,25053.599609375,0.0,41.652874767348365,-7.05081883567982,-5.164559902710161,25074.70269547994,25079.5888793225,14.051548005091409
2025-07-22 09:40:00+00:00,25058.5,25065.0,25055.44921875,25061.25,0.0,39.823777562799044,-7.440249738399871,-5.619697869848103,25073.159581624706,25078.761864447108,13.730064665442024
2025-07-22 09:45:00+00:00,25064.650390625,25065.400390625,25054.94921875,25059.55078125,0.0,43.855127491444975,-7.169940797641175,-5.929746455406718,25072.349182481878,25078.20847331683,13.495858037553308
2025-07-22 09:50:00+00:00,25067.0,25071.05078125,25058.55078125,25063.400390625,0.0,45.36105994232908,-6.689018334964203,-6.081600831318215,25071.839736531223,25077.768925343622,13.424725320585214
2025-07-22 09:55:00+00:00,25064.900390625,25070.849609375,25056.849609375,25066.69921875,0.0,44.219658808886635,-6.403489309108409,-6.145978526876254,25071.178846444916,25077.264276923284,13.465816369114842
2025-07-23 03:45:00+00:00,25132.599609375,25145.400390625,25113.05078125,25142.94921875,0.0,70.2305666563671,-0.7063025160969119,-5.058043324720386,25077.02844291445,25079.43428996061,18.253972342749496
2025-07-23 03:50:00+00:00,25123.650390625,25142.94921875,25116.900390625,25132.55078125,0.0,65.85863636618069,3.0514566096680937,-3.43614333784269,25081.468628410694,25081.168254692548,18.810747755767387
2025-07-23 03:55:00+00:00,25113.75,25127.19921875,25105.44921875,25124.19921875,0.0,61.31147165017693,5.171020699828659,-1.7147105303084202,25084.543044752532,25082.445970194804,19.020694344641147
2025-07-23 04:00:00+00:00,25114.30078125,25127.400390625,25105.05078125,25114.349609375,0.0,61.470849837273796,6.816655790978984,-0.008437266050939307,25087.37711489515,25083.695178471477,19.25847398966678
2025-07-23 04:05:00+00:00,25111.400390625,25122.650390625,25104.55078125,25114.099609375,0.0,60.0675558578994,7.796918153951992,1.552633817949647,25089.66504591704,25084.78165737946,19.17569794576201
2025-07-23 04:10:00+00:00,25096.900390625,25113.400390625,25094.75,25111.44921875,0.0,53.49291678120383,7.319381051958771,2.705983264751472,25090.35412636542,25085.256901820463,19.13817599427901
2025-07-23 04:15:00+00:00,25098.400390625,25101.94921875,25085.900390625,25097.55078125,0.0,54.05318413320245,6.981488666613586,3.561084345123895,25091.120437247286,25085.772332753975,18.917508289330506
2025-07-23 04:20:00+00:00,25106.55078125,25113.400390625,25094.44921875,25098.94921875,0.0,57.07883987958253,7.287370651982201,4.306341606495556,25092.589993818976,25086.587173871467,18.919912831164044
2025-07-23 04:25:00+00:00,25116.900390625,25120.400390625,25101.099609375,25105.849609375,0.0,60.624674443002085,8.269584685796872,5.09899022235582,25094.905269705265,25087.775927469647,18.947117718223755
2025-07-23 04:30:00+00:00,25094.900390625,25119.69921875,25094.19921875,25117.099609375,0.0,50.98293751870664,7.189899559172773,5.517172089719211,25094.90480503095,25088.055318181625,19.41518073835063
2025-07-23 04:35:00+00:00,25095.599609375,25102.099609375,25090.849609375,25095.150390625,0.0,51.248318943831144,6.317834365268936,5.677304544829156,25094.970976873243,25088.35117273823,18.831953542754157
2025-07-23 04:40:00+00:00,25109.30078125,25113.150390625,25093.44921875,25095.150390625,0.0,56.24705146595515,6.655565267599741,5.872956689383274,25096.33572014722,25089.1727260132,18.894040566486005
2025-07-23 04:45:00+00:00,25109.44921875,25110.75,25102.099609375,25108.94921875,0.0,56.299330673040394,6.85616352136276,6.0695980557791716,25097.584624776056,25089.967882591114,18.162351284951292
2025-07-23 04:50:00+00:00,25108.05078125,25110.94921875,25095.94921875,25109.25,0.0,55.62499556790264,6.823638209960336,6.220406086615405,25098.5814015831,25090.677015871857,17.936469050311914
2025-07-23 04:55:00+00:00,25108.400390625,25112.5,25105.349609375,25107.75,0.0,55.767634276200354,6.74828222427459,6.325981314147242,25099.516543396614,25091.3720501759,17.16603487707535
2025-07-23 05:00:00+00:00,25103.0,25109.849609375,25102.05078125,25109.05078125,0.0,52.93699170721544,6.181538741482655,6.297092799614324,25099.848301168364,25091.828048208223,16.49694868049854
2025-07-23 05:05:00+00:00,25106.55078125,25108.349609375,25097.80078125,25102.30078125,0.0,54.56978435755297,5.950317266459024,6.227737692983265,25100.486632604712,25092.405410288295,16.07208292653436
2025-07-23 05:10:00+00:00,25114.650390625,25116.69921875,25103.0,25107.30078125,0.0,58.13758418231106,6.347473641959368,6.251684882778486,25101.835561939977,25093.27776245836,15.902592628210476
2025-07-23 05:15:00+00:00,25116.05078125,25120.55078125,25112.44921875,25115.25,0.0,58.7409007171401,6.698012235108763,6.340950353244542,25103.189392350454,25094.17082201882,15.345376190481156
2025-07-23 05:20:00+00:00,25124.19921875,25124.55078125,25111.25,25115.19921875,0.0,62.15834101271702,7.5463379165230435,6.582027865900243,25105.19032819803,25095.348406204357,15.199333694732502
2025-07-23 05:25:00+00:00,25122.44921875,25132.05078125,25119.55078125,25124.30078125,0.0,60.98995090786334,7.985381251914077,6.8626985431030105,25106.834032060124,25096.411183166932,15.006524145108752
2025-07-23 05:30:00+00:00,25138.900390625,25142.30078125,25121.5,25122.150390625,0.0,67.22662557119409,9.550703772500128,7.400299588982435,25109.887970971064,25098.07742659666,15.420399652600983
2025-07-23 05:35:00+00:00,25132.849609375,25140.5,25128.44921875,25139.150390625,0.0,63.2230213776857,10.185572727117687,7.957354216609486,25112.0747936762,25099.441041607577,15.17971262384377
2025-07-23 05:40:00+00:00,25127.849609375,25133.30078125,25124.599609375,25132.44921875,0.0,60.04101473607972,10.168041877004725,8.399491748688535,25113.577157076088,25100.555103088653,14.716959713212074
2025-07-23 05:45:00+00:00,25136.900390625,25138.099609375,25126.05078125,25128.05078125,0.0,63.611226678110334,10.76043140325055,8.871679679600938,25115.79841741408,25101.980408482235,14.52637888548264
2025-07-23 05:50:00+00:00,25117.849609375,25137.19921875,25102.80078125,25136.94921875,0.0,52.897796696027534,9.58220781095224,9.013785305871199,25115.993769029406,25102.602730085877,15.94581164366245
2025-07-23 05:55:00+00:00,25125.05078125,25127.5,25115.94921875,25117.650390625,0.0,55.91992018893692,9.124351666723669,9.035898578041692,25116.856341621846,25103.483045817804,15.63188090125799
2025-07-23 06:00:00+00:00,25126.75,25129.44921875,25123.849609375,25124.400390625,0.0,56.627084602661476,8.797201463501551,8.988159155133664,25117.79859480072,25104.395475393576,14.915290077953847
2025-07-23 06:05:00+00:00,25125.44921875,25130.44921875,25123.349609375,25127.05078125,0.0,55.887929287293844,8.336868167945795,8.85790095769609,25118.52722565303,25105.221112387946,14.3570271706
2025-07-23 06:10:00+00:00,25125.25,25126.25,25117.25,25125.25,0.0,55.767867124535364,7.8653090398875065,8.659382574134375,25119.16748987655,25106.006558960966,13.974382372700001
2025-07-23 06:15:00+00:00,25131.5,25131.900390625,25123.5,25125.19921875,0.0,58.76103059832834,7.904796229700878,8.508465305247675,25120.34201465021,25107.00630174681,13.576240105007145
2025-07-23 06:20:00+00:00,25128.44921875,25132.900390625,25123.75,25130.849609375,0.0,56.74258339318621,7.602283173517208,8.327228878901582,25121.11412932638,25107.847200452816,13.260107999292348
2025-07-23 06:25:00+00:00,25135.30078125,25137.5,25127.400390625,25128.19921875,0.0,60.06070023634837,7.82519920444247,8.22682294400976,25122.465239033394,25108.92381146447,13.03435809755718
2025-07-23 06:30:00+00:00,25152.400390625,25152.400390625,25135.150390625,25135.650390625,0.0,66.88733255469575,9.274743860245508,8.43640712725691,25125.31620585164,25110.628775353118,13.335475376303094
2025-07-23 06:35:00+00:00,25158.650390625,25159.30078125,25150.349609375,25152.400390625,0.0,68.97470748046698,10.80330740698264,8.909787183202056,25128.49089011577,25112.511975952017,13.02231084049573
2025-07-23 06:40:00+00:00,25151.849609375,25162.650390625,25130.55078125,25158.44921875,0.0,64.23001784355458,11.335272850643378,9.39488431669032,25130.715530045218,25114.054628243113,14.38497502153175
2025-07-23 06:45:00+00:00,25168.650390625,25170.05078125,25150.400390625,25150.94921875,0.0,69.76356786718124,12.963111256925913,10.108529704737439,25134.32837390996,25116.1956385326,14.761076136065196
2025-07-23 06:50:00+00:00,25176.44921875,25176.5,25167.19921875,25167.75,0.0,71.93401847491668,14.712884203363501,11.029400604462651,25138.339882942346,25118.558524031323,14.371055072774825
2025-07-23 06:55:00+00:00,25173.650390625,25176.400390625,25166.55078125,25175.75,0.0,69.99223505192171,15.69285239697274,11.96209096296467,25141.702788435934,25120.718989387937,14.051582389005194
2025-07-23 07:00:00+00:00,25168.05078125,25174.150390625,25165.80078125,25173.5,0.0,66.14515945296111,15.835105334736,12.736693837318937,25144.212121084893,25122.57513808841,13.644298602290537
2025-07-23 07:05:00+00:00,25185.80078125,25188.5,25167.55078125,25167.55078125,0.0,71.49382160103922,17.18205444170235,13.62576595819562,25148.172945862523,25125.05457507514,14.166078612841213
2025-07-23 07:10:00+00:00,25172.44921875,25186.80078125,25171.349609375,25185.55078125,0.0,63.38215961209689,16.976467651529674,14.295906296862432,25150.484971851805,25126.913188552586,14.257870988709698
2025-07-23 07:15:00+00:00,25172.25,25176.400390625,25164.75,25172.099609375,0.0,63.26681425955876,16.60603926718977,14.7579328909279,25152.55783167544,25128.691102726993,14.071622391301862
2025-07-23 07:20:00+00:00,25165.55078125,25174.099609375,25164.05078125,25171.599609375,0.0,59.35507788220818,15.592164373279957,14.924779187398311,25153.795255444446,25130.13658031613,13.78427994370887
2025-07-23 07:25:00+00:00,25168.849609375,25171.400390625,25164.44921875,25165.30078125,0.0,60.645432179958384,14.883283843882964,14.916480118695242,25155.22900343783,25131.65473831844,13.296200795943951
2025-07-23 07:30:00+00:00,25177.5,25183.05078125,25166.75,25168.55078125,0.0,63.88338441352777,14.848342694422172,14.902852633840629,25157.350050729467,25133.45259171772,13.510813685519382
2025-07-23 07:35:00+00:00,25169.44921875,25178.5,25167.25,25177.30078125,0.0,59.01665840754062,14.009527703314234,14.724187647735352,25158.502352445706,25134.86422415036,13.349326993696568
2025-07-23 07:40:00+00:00,25159.19921875,25170.0,25158.650390625,25169.849609375,0.0,53.435208738676465,12.375019915943994,14.254354101377082,25158.568720665164,25135.81853766407,13.206490020932529
2025-07-23 07:45:00+00:00,25163.19921875,25168.75,25157.0,25159.599609375,0.0,55.21522355468168,11.272485097735625,13.657980300648791,25159.00972048277,25136.892289863517,13.102455019437349
2025-07-23 07:50:00+00:00,25156.099609375,25172.19921875,25139.94921875,25163.400390625,0.0,51.455491993772114,9.713863793185737,12.869156999156182,25158.732567043935,25137.645518079655,14.470136803763252
2025-07-23 07:55:00+00:00,25167.05078125,25167.69921875,25155.599609375,25155.900390625,0.0,56.3884799123303,9.255620199379337,12.146449639200814,25159.524777920706,25138.798665654962,14.30081341599445
2025-07-23 08:00:00+00:00,25176.05078125,25176.849609375,25166.5,25167.099609375,0.0,59.98710436712463,9.509069005380297,11.61897351243671,25161.098682999687,25140.259532933196,14.018584555923416
2025-07-23 08:05:00+00:00,25172.05078125,25182.0,25172.05078125,25176.05078125,0.0,57.707953161805015,9.280186229392712,11.151216055827911,25162.14173997591,25141.50624855346,13.72791556978603
2025-07-23 08:10:00+00:00,25169.94921875,25178.0,25169.900390625,25172.69921875,0.0,56.493500125441265,8.827458997733629,10.686464644209055,25162.885309382964,25142.621659149405,13.325893698729885
2025-07-23 08:15:00+00:00,25170.44921875,25177.0,25169.25,25170.400390625,0.0,56.72683309677846,8.412046391753393,10.231580993717923,25163.605681703637,25143.712935996486,12.927615577392036
2025-07-23 08:20:00+00:00,25183.849609375,25186.05078125,25170.5,25170.80078125,0.0,62.52737097470151,9.059693928189517,9.997203580612243,25165.533674815193,25145.2869231878,13.118611786149748
2025-07-23 08:25:00+00:00,25191.599609375,25195.55078125,25179.94921875,25183.94921875,0.0,65.4147845889836,10.082099332197686,10.014182730929333,25168.016144773268,25147.103106959847,13.295965408567623
2025-07-23 08:30:00+00:00,25186.150390625,25192.80078125,25184.599609375,25192.150390625,0.0,61.80849790151452,10.333537975428044,10.078053779829075,25169.743215806764,25148.634372985933,12.932051584741364
2025-07-23 08:35:00+00:00,25186.099609375,25190.150390625,25182.650390625,25186.900390625,0.0,61.77431994174689,10.408722020973073,10.144187428057874,25171.300967575167,25150.10359794237,12.544047900116981
2025-07-23 08:40:00+00:00,25208.05078125,25208.05078125,25185.099609375,25186.25,0.0,69.59983443908126,12.100099619096,10.5353698662655,25174.80094982991,25152.376036503454,13.28741389832291
2025-07-23 08:45:00+00:00,25205.599609375,25218.650390625,25201.75,25208.150390625,0.0,67.92757172138991,13.09182505643912,11.046660904300225,25177.734155500875,25154.463235439594,13.545483664514132
2025-07-23 08:50:00+00:00,25202.150390625,25210.0,25199.55078125,25205.69921875,0.0,65.54117745444309,13.444471979641094,11.5262231193684,25180.05951122698,25156.33331995667,13.32432188490598
2025-07-23 08:55:00+00:00,25195.400390625,25204.5,25192.150390625,25202.099609375,0.0,61.02305719090374,13.029087409729982,11.826795977440716,25181.520547360127,25157.865361943663,13.25469956276984
2025-07-23 09:00:00+00:00,25205.5,25206.69921875,25192.0,25194.05078125,0.0,64.91971402008778,13.360830874506064,12.133602956853785,25183.8043047544,25159.73338696548,13.35787950471485
2025-07-23 09:05:00+00:00,25210.94921875,25212.69921875,25202.44921875,25205.44921875,0.0,66.84563913773361,13.903179177395941,12.487518200962217,25186.389534658745,25161.74185095703,13.13588811152093
2025-07-23 09:10:00+00:00,25210.400390625,25211.5,25200.900390625,25210.69921875,0.0,66.44994673744327,14.125873989607499,12.815189358691274,25188.676282846005,25163.650028983226,12.95472534462658
2025-07-23 09:15:00+00:00,25211.0,25212.80078125,25205.94921875,25210.5,0.0,66.68199608038138,14.187203448007494,13.089592176554518,25190.802351146383,25165.50689059173,12.518785141438967
2025-07-23 09:20:00+00:00,25207.0,25212.650390625,25203.05078125,25211.25,0.0,63.525456884445234,13.754487742218771,13.22257128968737,25192.34498437054,25167.13407135284,12.310272586693326
2025-07-23 09:25:00+00:00,25212.55078125,25216.55078125,25204.150390625,25205.25,0.0,65.93528547824904,13.701516531222296,13.318360337994356,25194.269345978108,25168.91511879979,12.316709589429518
2025-07-23 09:30:00+00:00,25224.900390625,25230.25,25213.19921875,25213.400390625,0.0,70.59075936627528,14.489026255869248,13.552493521569335,25197.186588325432,25171.11061965568,12.701174529470267
2025-07-23 09:35:00+00:00,25231.05078125,25231.69921875,25224.0,25224.75,0.0,72.5991894311867,15.431533397619205,13.928301496779309,25200.411749556344,25173.46121422801,12.343891973793818
2025-07-23 09:40:00+00:00,25229.349609375,25233.400390625,25225.19921875,25230.80078125,0.0,71.15178832299631,15.858400969958893,14.314321391415227,25203.167736205738,25175.65291599848,12.047983395308545
2025-07-23 09:45:00+00:00,25218.650390625,25230.5,25216.75,25228.849609375,0.0,62.68687860352325,15.1586199258345,14.483181098299083,25204.64227472186,25177.33909147403,12.169556009929364
2025-07-23 09:50:00+00:00,25221.44921875,25226.400390625,25215.69921875,25219.0,0.0,63.89689137547007,14.660878959064576,14.518720670452181,25206.242936057875,25179.068900386814,12.064671428862981
2025-07-23 09:55:00+00:00,25209.19921875,25223.849609375,25205.80078125,25222.150390625,0.0,55.42502979674937,13.126627444253245,14.240302025212394,25206.52448679046,25180.250481499097,12.492111192872768
2025-07-24 03:45:00+00:00,25203.44921875,25242.849609375,25198.44921875,25241.0,0.0,51.94367539627337,11.316297882007348,13.655501196571386,25206.231604119937,25181.160235901094,14.771274009453284
2025-07-24 03:50:00+00:00,25200.0,25214.400390625,25195.69921875,25204.099609375,0.0,49.9181470097333,9.493836496971198,12.82316825665135,25205.638118013278,25181.899050179483,15.051980999849478
2025-07-24 03:55:00+00:00,25188.650390625,25206.599609375,25183.75,25199.30078125,0.0,43.85780161604972,7.052408322124393,11.66901626974596,25204.020239214395,25182.163808628327,15.608954455217372
2025-07-24 04:00:00+00:00,25185.44921875,25195.80078125,25181.0,25188.80078125,0.0,42.297992555976634,4.803875006247836,10.295988017046335,25202.25157059874,25182.292648240942,15.551227797701845
2025-07-24 04:05:00+00:00,25187.94921875,25196.44921875,25184.69921875,25185.150390625,0.0,43.9738274678236,3.1868887900345726,8.874168171643984,25200.88944185124,25182.514474535416,15.279711526437428
2025-07-24 04:10:00+00:00,25187.150390625,25192.05078125,25179.349609375,25187.849609375,0.0,43.538702687313,1.8199772455373022,7.463329986422647,25199.580960782074,25182.69627516638,15.095530122763325
2025-07-24 04:15:00+00:00,25175.94921875,25195.900390625,25174.650390625,25187.849609375,0.0,37.87878192076707,-0.16524610551277874,5.937614768035562,25197.330318683784,25182.431684718682,15.535135113994516
2025-07-24 04:20:00+00:00,25168.25,25176.55078125,25166.900390625,25176.55078125,0.0,34.55373522097793,-2.332920071658009,4.2835078000968485,25194.560764523423,25181.87554021991,15.114796221923479
2025-07-24 04:25:00+00:00,25175.75,25176.0,25164.55078125,25167.55078125,0.0,40.0723290585927,-3.406363548587251,2.745533530360029,25192.769263140242,25181.635322956383,14.852969259643231
2025-07-24 04:30:00+00:00,25166.55078125,25175.69921875,25163.0,25175.30078125,0.0,36.05628132283305,-4.942402371842036,1.2079463499196157,25190.27226486498,25181.043772301233,14.702757169668715
2025-07-24 04:35:00+00:00,25159.400390625,25171.69921875,25158.44921875,25166.55078125,0.0,33.265582797106504,-6.659929449924675,-0.3656288100492424,25187.332086365932,25180.195012235497,14.598988800406662
2025-07-24 04:40:00+00:00,25158.44921875,25162.099609375,25155.150390625,25158.849609375,0.0,32.90078503477537,-8.005550649850193,-1.8936131780094325,25184.581337069176,25179.34223602038,14.052576653949044
2025-07-24 04:45:00+00:00,25166.75,25170.69921875,25154.650390625,25158.55078125,0.0,39.170082921141166,-8.306410343244352,-3.1761726110564164,25182.883114491156,25178.84842284311,14.195166044738398
2025-07-24 04:50:00+00:00,25167.80078125,25172.25,25162.150390625,25166.30078125,0.0,39.935150657678406,-8.363643674609193,-4.213666823766972,25181.446701801524,25178.415181996326,13.902626282614227
2025-07-24 04:55:00+00:00,25171.94921875,25175.25,25162.69921875,25167.5,0.0,42.9840024315499,-7.982242937934643,-4.967382046600506,25180.542179606142,25178.161614810197,13.806065923141782
2025-07-24 05:00:00+00:00,25180.19921875,25182.900390625,25168.05078125,25171.55078125,0.0,48.57447746648934,-6.93433930734318,-5.360773498749041,25180.509516667462,25178.241520847052,13.880604741131654
2025-07-24 05:05:00+00:00,25170.80078125,25181.30078125,25168.400390625,25180.599609375,0.0,43.35874742145524,-6.784041285569401,-5.645427056113114,25179.584875199133,25177.949727137362,13.81058944712225
2025-07-24 05:10:00+00:00,25169.05078125,25172.599609375,25161.75,25170.55078125,0.0,42.44484671795927,-6.72857655300686,-5.862056955491863,25178.581628156357,25177.60074886727,13.599090870542089
2025-07-24 05:15:00+00:00,25169.25,25174.849609375,25166.25,25168.75,0.0,42.593188180964304,-6.5925502491118095,-6.008155614215853,25177.692901665276,25177.273268519533,13.24198504943194
2025-07-24 05:20:00+00:00,25173.349609375,25174.30078125,25165.94921875,25169.25,0.0,45.69499773509666,-6.083813790231943,-6.023287249419071,25177.279254780486,25177.119399533472,12.892669153043945
2025-07-24 05:25:00+00:00,25166.900390625,25174.0,25163.0,25173.30078125,0.0,41.862950538561904,-6.130367475834646,-6.044703294702186,25176.290791527583,25176.718654086082,12.757478499255091
2025-07-24 05:30:00+00:00,25158.349609375,25169.599609375,25156.400390625,25166.349609375,0.0,37.386255314673384,-6.77909302750777,-6.191581241263304,25174.58210751305,25175.99829939153,12.789031374308298
2025-07-24 05:35:00+00:00,25157.80078125,25164.349609375,25157.25,25158.400390625,0.0,37.111935897608376,-7.253880326938088,-6.404041058398261,25172.98388596419,25175.284671229118,12.382644088643419
2025-07-24 05:40:00+00:00,25148.44921875,25159.5,25146.849609375,25158.19921875,0.0,32.7080885916438,-8.289192965217808,-6.7810714397621705,25170.64725099141,25174.232300543663,12.401768841240317
2025-07-24 05:45:00+00:00,25142.349609375,25148.69921875,25139.400390625,25147.94921875,0.0,30.191534040316526,-9.492450133780949,-7.3233471785659265,25167.95223750413,25172.981998929205,12.180130218651723
2025-07-24 05:50:00+00:00,25114.099609375,25145.05078125,25105.94921875,25142.55078125,0.0,21.81857901184148,-12.580558170306176,-8.374789376913977,25162.823415777548,25170.672885613352,14.103089667319455
2025-07-24 05:55:00+00:00,25112.650390625,25117.349609375,25102.05078125,25113.69921875,0.0,21.489335862269442,-14.972255043136101,-9.694282510158402,25158.045032429683,25168.397493653025,14.18849955715378
2025-07-24 06:00:00+00:00,25098.69921875,25116.5,25098.55078125,25113.25,0.0,18.582295422302835,-17.788381631042284,-11.313102334335179,25152.393050174476,25165.664227970552,14.457122356642795
2025-07-24 06:05:00+00:00,25102.19921875,25103.0,25089.80078125,25099.099609375,0.0,21.453071542831353,-19.512829736879212,-12.953047814843986,25147.61268527691,25163.17540407955,14.367272099025453
2025-07-24 06:10:00+00:00,25099.05078125,25104.400390625,25094.900390625,25101.25,0.0,20.744481933110094,-20.89268204502514,-14.540974660880218,25142.98774203625,25160.660712988196,14.01960980623792
2025-07-24 06:15:00+00:00,25107.900390625,25114.599609375,25096.44921875,25099.650390625,0.0,27.948307582154143,-21.029717925532168,-15.83872331381061,25139.646089520895,25158.59168073866,14.31466557900664
2025-07-24 06:20:00+00:00,25092.75,25107.400390625,25092.30078125,25107.400390625,0.0,23.93698534864687,-22.10600548376169,-17.092179747800827,25135.17979528081,25156.009654043028,14.406447278720451
2025-07-24 06:25:00+00:00,25072.30078125,25098.05078125,25067.400390625,25092.55078125,0.0,19.805112693495005,-24.328607140680106,-18.539465226376684,25129.191317754063,25152.726953149184,15.566728946311846
2025-07-24 06:30:00+00:00,25037.55078125,25072.80078125,25034.150390625,25072.80078125,0.0,15.05069943324935,-28.56479240304543,-20.544530661710436,25120.463647610817,25148.21024052569,17.215561923361
2025-07-24 06:35:00+00:00,25038.400390625,25046.30078125,25019.30078125,25037.44921875,0.0,15.584270362353436,-31.490441163838113,-22.733712762135973,25112.648099326452,25143.903971902135,17.914450357406643
2025-07-24 06:40:00+00:00,25049.44921875,25053.349609375,25026.349609375,25037.94921875,0.0,22.409575690160622,-32.542362693930045,-24.695442748494788,25106.62915831917,25140.199863935388,18.563418189020457
2025-07-24 06:45:00+00:00,25068.30078125,25068.400390625,25047.25,25049.599609375,0.0,32.44572997182371,-31.491836255179805,-26.054721449831796,25102.978836693535,25137.380292065372,18.748201934447568
2025-07-24 06:50:00+00:00,25062.900390625,25072.400390625,25053.5,25069.05078125,0.0,31.20068279994385,-30.74069329741542,-26.991915819348524,25099.161841829864,25134.45951161673,18.75907255520131
2025-07-24 06:55:00+00:00,25078.05078125,25078.19921875,25062.05078125,25063.0,0.0,38.34823167255682,-28.593291519420745,-27.312190959362972,25097.151264631782,25132.247404543523,18.572598622686932
2025-07-24 07:00:00+00:00,25081.80078125,25091.19921875,25072.19921875,25077.5,0.0,40.009529116992475,-26.285859453819285,-27.106924658254236,25095.689313833518,25130.269105590836,18.60312729249501
2025-07-24 07:05:00+00:00,25075.849609375,25083.650390625,25068.349609375,25082.44921875,0.0,38.24809044951884,-24.65322571206707,-26.616184869016806,25093.799818170803,25128.13500770002,18.367245432316793
2025-07-24 07:10:00+00:00,25078.0,25080.0,25070.05078125,25075.900390625,0.0,39.288194487548196,-22.921607138476247,-25.877269322908695,25092.295073583104,25126.168928966687,17.765957812151306
2025-07-24 07:15:00+00:00,25077.25,25088.5,25066.650390625,25078.69921875,0.0,39.041205155986844,-21.363540083515545,-24.974523475030068,25090.862209432333,25124.250539595443,18.05764720949764
2025-07-24 07:20:00+00:00,25070.400390625,25083.44921875,25068.94921875,25077.55078125,0.0,36.76781896673364,-20.44578071613796,-24.068774923251645,25088.913464784015,25122.138769047582,17.80352955167638
2025-07-24 07:25:00+00:00,25040.80078125,25071.80078125,25040.80078125,25070.75,0.0,28.928465347303643,-21.854960526983632,-23.626012043998045,25084.33130444744,25118.94904403591,18.746134583699497
2025-07-24 07:30:00+00:00,25052.25,25055.0,25030.650390625,25041.849609375,0.0,34.72580159617223,-21.79663141266792,-23.260135917732022,25081.275942119115,25116.33339525019,19.146382783078106
2025-07-24 07:35:00+00:00,25056.900390625,25060.05078125,25051.349609375,25052.599609375,0.0,36.97458074210363,-21.13156597224588,-22.834421928634793,25078.954461024437,25114.002689186455,18.400296289643954
2025-07-24 07:40:00+00:00,25066.19921875,25070.849609375,25053.0,25057.55078125,0.0,41.327338670350684,-19.627900879640947,-22.193117718836024,25077.73967604592,25112.128043286986,18.360961510026527
2025-07-24 07:45:00+00:00,25059.75,25067.69921875,25052.55078125,25066.099609375,0.0,39.30009504538448,-18.740603503614693,-21.50261487579176,25076.026373565357,25110.07400237377,18.131495509310348
2025-07-24 07:50:00+00:00,25055.599609375,25060.349609375,25050.44921875,25060.150390625,0.0,38.007955086069785,-18.16294465768442,-20.834680832170292,25074.080967451988,25107.937751667934,17.543559446145323
2025-07-24 07:55:00+00:00,25058.849609375,25061.55078125,25051.400390625,25055.900390625,0.0,39.68040621354112,-17.24411855722792,-20.116568377181817,25072.63036192085,25106.012726479978,17.015475958920657
2025-07-24 08:00:00+00:00,25061.44921875,25065.05078125,25054.650390625,25059.55078125,0.0,41.050366566865016,-16.12035014025969,-19.31732472979739,25071.56549114267,25104.265137941547,16.54296986364061
2025-07-24 08:05:00+00:00,25056.0,25063.44921875,25051.5,25061.55078125,0.0,39.04836998578136,-15.490892618247017,-18.552038307487315,25070.083063414797,25102.37238743404,16.214844784094854
2025-07-24 08:10:00+00:00,25077.05078125,25081.099609375,25054.400390625,25056.900390625,0.0,49.329092428557104,-13.141928903074586,-17.47001642660477,25070.746655589577,25101.37938326996,16.963728638802365
2025-07-24 08:15:00+00:00,25099.5,25100.5,25074.25,25077.099609375,0.0,57.55180698294414,-9.360986275478353,-15.848210396379486,25073.48506934295,25101.305681965256,17.627033736030768
2025-07-24 08:20:00+00:00,25092.69921875,25101.599609375,25089.900390625,25098.900390625,0.0,54.65810780132384,-6.834543846161978,-14.045477086335985,25075.3149883341,25100.968173603873,17.203618379885715
2025-07-24 08:25:00+00:00,25068.599609375,25094.900390625,25053.849609375,25092.599609375,0.0,45.85872392906345,-6.6997268064260425,-12.576327030353998,25074.67542843323,25099.69881814392,18.90698715632245
2025-07-24 08:30:00+00:00,25099.099609375,25101.19921875,25063.30078125,25068.400390625,0.0,55.600723092999495,-4.084702324511454,-10.87800208918549,25077.001540903875,25099.675319760827,20.26351932372799
2025-07-24 08:35:00+00:00,25094.19921875,25100.80078125,25084.849609375,25099.5,0.0,53.921917256460006,-2.380259007342829,-9.178453472816958,25078.639414984456,25099.46057070158,19.955494505961706
2025-07-24 08:40:00+00:00,25091.349609375,25095.849609375,25087.69921875,25094.44921875,0.0,52.92125056712433,-1.245062751644582,-7.591775328582483,25079.849909688317,25099.14249378681,19.112272800178726
2025-07-24 08:45:00+00:00,25094.55078125,25095.25,25088.55078125,25091.0,0.0,53.95499919783233,-0.08611108833065373,-6.090642480532118,25081.249992694193,25098.962426628506,18.225626082308818
2025-07-24 08:50:00+00:00,25079.69921875,25103.25,25075.5,25094.849609375,0.0,48.620902513422394,-0.3618592314523994,-4.944885830716174,25081.102299937604,25098.207006711706,18.905938505001043
2025-07-24 08:55:00+00:00,25077.19921875,25084.19921875,25072.400390625,25080.69921875,0.0,47.76486984962004,-0.7732076714310097,-4.1105501988591415,25080.730577919738,25097.383171889676,18.398287763572398
2025-07-24 09:00:00+00:00,25086.650390625,25088.05078125,25075.099609375,25077.05078125,0.0,51.258647274282936,-0.33273809253660147,-3.354987777594634,25081.294369605952,25096.962278506748,18.009208057245797
2025-07-24 09:05:00+00:00,25084.099609375,25093.0,25082.150390625,25086.099609375,0.0,50.28116227926507,-0.1873300823754107,-2.721456238550789,25081.561535298242,25096.457860109425,17.497808151371096
2025-07-24 09:10:00+00:00,25074.44921875,25087.099609375,25068.5,25084.150390625,0.0,46.65615979436294,-0.8411033427109942,-2.3453856593828304,25080.88417181746,25095.594776134545,17.57650823877316
2025-07-24 09:15:00+00:00,25063.55078125,25077.05078125,25047.650390625,25074.75,0.0,42.89506436544703,-2.213124662430346,-2.3189334599923335,25079.233372715797,25094.33814888417,18.421071266360794
2025-07-24 09:20:00+00:00,25055.599609375,25066.44921875,25052.25,25063.94921875,0.0,40.34004980232426,-3.8971308640611824,-2.6345729408061036,25076.98253811191,25092.818990472046,18.11951037233502
2025-07-24 09:25:00+00:00,25049.05078125,25060.349609375,25048.650390625,25055.849609375,0.0,38.31572481468725,-5.694510834120592,-3.2465605194690017,25074.32237079173,25091.1025901104,17.660918113596804
2025-07-24 09:30:00+00:00,25069.80078125,25070.599609375,25046.900390625,25049.44921875,0.0,47.33382003614994,-5.382549148736871,-3.673758245322576,25073.89174321633,25090.267225057054,18.092225301911316
2025-07-24 09:35:00+00:00,25068.099609375,25071.05078125,25063.349609375,25069.900390625,0.0,46.73062642926171,-5.212501149944728,-3.9815068262470064,25073.340111421916,25089.397906795013,17.35000719998908
2025-07-24 09:40:00+00:00,25069.0,25069.900390625,25063.5,25068.5,0.0,47.114764254244164,-4.948044905595452,-4.174814442116696,25072.926767476973,25088.597988881484,16.567891730347004
2025-07-24 09:45:00+00:00,25058.25,25069.599609375,25057.150390625,25068.80078125,0.0,43.116974542520225,-5.54201172377725,-4.448253898448807,25071.528980098214,25087.407871670446,16.27370080317936
2025-07-24 09:50:00+00:00,25057.349609375,25060.849609375,25055.849609375,25058.30078125,0.0,42.789477718465044,-6.016039546011598,-4.7618110279613655,25070.17856383886,25086.22911628631,15.46843646009512
2025-07-24 09:55:00+00:00,25051.900390625,25060.80078125,25046.30078125,25058.25,0.0,40.771114346764506,-6.75356552302037,-5.160161926973167,25068.43778543754,25084.882891750574,15.399262427231182
2025-07-25 03:45:00+00:00,24934.5,25010.349609375,24924.30078125,25010.349609375,0.0,19.466580790372063,-16.619708882240957,-7.452071318026725,25055.681805872064,25078.98552344663,23.413572923500386
2025-07-25 03:50:00+00:00,24932.849609375,24935.80078125,24907.599609375,24935.05078125,0.0,19.313792909174822,-24.291849981262203,-10.820027050673822,25043.983501443774,25073.25470328696,23.75554427717893
2025-07-25 03:55:00+00:00,24990.849609375,24992.30078125,24924.349609375,24931.599609375,0.0,37.792379527892564,-25.3991759137607,-13.735856823291197,25038.92313077056,25070.023130976686,26.912374819880434
2025-07-25 04:00:00+00:00,24950.0,24993.849609375,24950.0,24991.55078125,0.0,32.19919594575693,-29.23594796584439,-16.835875051801835,25030.454261173363,25065.31634152662,28.122177288103263
2025-07-25 04:05:00+00:00,24973.5,24978.75,24946.349609375,24950.150390625,0.0,37.89369069003069,-30.034148884529714,-19.47552981834741,25025.03004582352,25061.715700682442,28.42776395502446
2025-07-25 04:10:00+00:00,24926.349609375,24973.44921875,24924.599609375,24972.5,0.0,32.073141445119674,-34.07853519393393,-22.396130893464715,25015.6319090189,25056.407226513522,29.890094431451285
2025-07-25 04:15:00+00:00,24922.150390625,24937.25,24912.69921875,24926.599609375,0.0,31.607496336114863,-37.19383496404407,-25.355671707580587,25006.7289072671,25051.14225255711,29.50871491849048
2025-07-25 04:20:00+00:00,24923.099609375,24943.349609375,24919.849609375,24923.150390625,0.0,31.84836058671577,-39.135014371240686,-28.111540240312607,24998.76421222976,25046.120972432323,29.07952099574116
2025-07-25 04:25:00+00:00,24928.55078125,24946.849609375,24920.900390625,24922.599609375,0.0,33.30110997442959,-39.775047040733625,-30.44424160039681,24992.077218803115,25041.510376699684,28.85592797818822
2025-07-25 04:30:00+00:00,24929.900390625,24940.75,24919.55078125,24928.849609375,0.0,33.67805200146347,-39.71555910184543,-32.29850510068654,24986.155616119486,25037.133514500674,28.309020176174776
2025-07-25 04:35:00+00:00,24911.900390625,24930.349609375,24910.400390625,24929.599609375,0.0,31.14958482758003,-40.652250214083324,-33.9692541233659,24979.083689881918,25032.22241160359,27.711891502876576
2025-07-25 04:40:00+00:00,24903.30078125,24925.099609375,24903.30078125,24911.900390625,0.0,29.9910915145677,-41.60886023548301,-35.49717534578932,24971.86627001221,25027.166661393647,27.289529833028247
2025-07-25 04:45:00+00:00,24863.69921875,24903.30078125,24863.5,24903.19921875,0.0,25.320863712644183,-45.043264978910884,-37.40639327241364,24961.56464608248,25020.75617344684,28.183190648526228
2025-07-25 04:50:00+00:00,24874.30078125,24883.05078125,24863.94921875,24864.94921875,0.0,28.52946013754307,-46.37501567556683,-39.20011775304428,24953.25380181272,25015.01282473324,27.55236006648864
2025-07-25 04:55:00+00:00,24870.650390625,24877.05078125,24866.80078125,24874.0,0.0,28.0820571564048,-47.18111914103429,-40.79631803064228,24945.386810271033,25009.351552807428,26.316477204596595
2025-07-25 05:00:00+00:00,24867.099609375,24875.19921875,24854.150390625,24870.44921875,0.0,27.628191790858267,-47.55825831892071,-42.14870608829797,24937.930886376176,25003.773045221842,25.94021655605398
2025-07-25 05:05:00+00:00,24852.05078125,24869.19921875,24844.44921875,24867.5,0.0,25.730157655142648,-48.51223959568233,-43.42141278977485,24929.751828745113,24997.823152517063,25.85520108776441
2025-07-25 05:10:00+00:00,24873.5,24873.5,24845.099609375,24852.900390625,0.0,32.81481062700952,-46.99576599946158,-44.1362834317122,24924.39451172177,24992.947734771296,26.037000340424097
2025-07-25 05:15:00+00:00,24874.900390625,24875.55078125,24864.349609375,24872.349609375,0.0,33.26241975634041,-45.160369302997424,-44.341100605969245,24919.68078590303,24988.318427157716,24.97729830717952
2025-07-25 05:20:00+00:00,24862.30078125,24880.19921875,24862.30078125,24875.099609375,0.0,31.24542662802621,-44.21282939918456,-44.315446364612306,24914.21602355512,24983.376558690747,24.47166539238098
2025-07-25 05:25:00+00:00,24870.25,24870.849609375,24859.69921875,24861.80078125,0.0,33.96605891301347,-42.332479210734164,-43.91885293383668,24910.028783216538,24978.940223055815,23.520145766139482
2025-07-25 05:30:00+00:00,24875.650390625,24881.80078125,24862.69921875,24870.599609375,0.0,35.82397659775971,-39.94604856638762,-43.124292060346875,24906.754650588773,24974.889641391863,23.20453267570095
2025-07-25 05:35:00+00:00,24883.0,24891.599609375,24874.05078125,24875.94921875,0.0,38.36557183368829,-37.03481869755342,-41.90639738778819,24904.49230291365,24971.28612604316,22.80055377922231
2025-07-25 05:40:00+00:00,24868.5,24883.75,24861.349609375,24882.900390625,0.0,35.38790018026586,-35.4885865359538,-40.62283521742132,24901.064464540923,24967.25529757088,22.771970696777856
2025-07-25 05:45:00+00:00,24878.5,24879.05078125,24854.80078125,24868.900390625,0.0,38.90938874626671,-33.07500194739623,-39.113268563416305,24898.915467917977,24963.77469766614,22.877544218436583
2025-07-25 05:50:00+00:00,24888.650390625,24889.44921875,24878.0,24878.0,0.0,42.34434922781533,-29.997376001119846,-37.29009005095702,24897.937841509123,24960.828646409627,22.0612352564054
2025-07-25 05:55:00+00:00,24883.05078125,24888.69921875,24876.05078125,24888.599609375,0.0,40.97557447819335,-27.690972648611933,-35.370266570488006,24896.520026246348,24957.778534050427,21.3888925595193
2025-07-25 06:00:00+00:00,24872.44921875,24916.849609375,24867.80078125,24882.75,0.0,38.441969074497756,-26.41410352458479,-33.57903396130736,24894.227568389553,24954.432286391584,23.36460224276792
2025-07-25 06:05:00+00:00,24865.099609375,24873.19921875,24859.75,24872.69921875,0.0,36.745682195238444,-25.698985687813547,-32.003024306608594,24891.453477054834,24950.92904415564,22.656360564713065
2025-07-25 06:10:00+00:00,24865.44921875,24868.25,24855.849609375,24864.650390625,0.0,36.88834368402451,-24.817953179655888,-30.566010081218053,24888.976881025803,24947.576894139733,21.923791283304986
2025-07-25 06:15:00+00:00,24838.25,24865.5,24831.349609375,24865.0,0.0,31.025669253923525,-26.01459811566383,-29.655727688107213,24884.145749499534,24943.289564957784,22.797119807711773
2025-07-25 06:20:00+00:00,24845.44921875,24848.75,24833.150390625,24838.400390625,0.0,34.01494401124333,-26.081381135431002,-28.940858377571974,24880.460365618626,24939.452688635913,22.283011919660932
2025-07-25 06:25:00+00:00,24846.55078125,24847.75,24841.0,24844.599609375,0.0,34.4828320173081,-25.74860636590165,-28.30240797523791,24877.230881393043,24935.809476581562,21.17351106825658
2025-07-25 06:30:00+00:00,24842.349609375,24846.650390625,24833.80078125,24846.400390625,0.0,33.506993897268984,-25.529590198992082,-27.747844419988745,24873.908855486563,24932.144383749932,20.5789466615954
2025-07-25 06:35:00+00:00,24834.849609375,24848.25,24834.349609375,24841.900390625,0.0,31.77806248517045,-25.665351433475735,-27.331345822686146,24870.18892728546,24928.328902401896,20.10190694469573
2025-07-25 06:40:00+00:00,24844.150390625,24847.69921875,24833.099609375,24835.75,0.0,36.176190547285934,-24.737291771791206,-26.812535012507162,24867.709066651132,24925.027784292997,19.708885689717466
2025-07-25 06:45:00+00:00,24832.0,24846.05078125,24831.80078125,24844.400390625,0.0,33.16791580455211,-24.69753497250713,-26.389535004507156,24864.308203160548,24921.37963588935,19.318965283309076
2025-07-25 06:50:00+00:00,24824.55078125,24835.099609375,24812.75,24831.80078125,0.0,31.441659431834353,-24.979172765404655,-26.10746255668666,24860.52178202621,24917.582425903493,19.535439861286996
2025-07-25 06:55:00+00:00,24828.349609375,24828.400390625,24817.30078125,24824.349609375,0.0,33.3468200126605,-24.61212579812127,-25.808395204973582,24857.45776558324,24914.08309976512,18.93288054083792
2025-07-25 07:00:00+00:00,24831.900390625,24844.0,24827.80078125,24828.150390625,0.0,35.16053754965834,-23.76082011665858,-25.39888018731058,24855.02372987293,24910.860248426292,18.7376189843495
2025-07-25 07:05:00+00:00,24871.0,24873.75,24831.05078125,24831.44921875,0.0,50.978996159829585,-19.704006995947566,-24.25990554903798,24856.54527940884,24909.297101429183,20.449161824753105
2025-07-25 07:10:00+00:00,24864.69921875,24886.599609375,24855.55078125,24870.5,0.0,48.90831091857907,-16.803671494009905,-22.768658738032364,24857.32184506038,24907.54816485353,21.206280846199313
2025-07-25 07:15:00+00:00,24873.0,24873.44921875,24864.80078125,24865.25,0.0,51.69218418705227,-13.67766344840129,-20.95045968010615,24858.815002673677,24906.193334859276,20.316546500042218
2025-07-25 07:20:00+00:00,24855.900390625,24875.599609375,24854.900390625,24872.94921875,0.0,46.117539036062844,-12.436712440321571,-19.247710232149235,24858.537420573804,24904.221062536366,20.343880232182062
2025-07-25 07:25:00+00:00,24855.900390625,24859.400390625,24852.349609375,24855.5,0.0,46.117539036062844,-11.322728460316284,-17.662713877782647,24858.286274864397,24902.326134226118,19.394373162026202
2025-07-25 07:30:00+00:00,24850.849609375,24868.30078125,24848.55078125,24855.599609375,0.0,44.4745099446203,-10.723826371016912,-16.2749363764295,24857.578021008263,24900.307446977058,19.41977507902433
2025-07-25 07:35:00+00:00,24855.900390625,24868.5,24847.44921875,24850.400390625,0.0,46.52616863699316,-9.729480915062595,-14.96584528415612,24857.41824668605,24898.565993786782,19.536275519808303
2025-07-25 07:40:00+00:00,24857.55078125,24860.69921875,24847.349609375,24855.69921875,0.0,47.21253562537436,-8.707902961930813,-13.714256819711059,24857.430869025477,24896.957554079458,19.094370795179138
2025-07-25 07:45:00+00:00,24860.400390625,24860.650390625,24847.849609375,24857.55078125,0.0,48.443046894339155,-7.580966746947524,-12.487598805158353,24857.713680606383,24895.523939826344,18.6448286848092
2025-07-25 07:50:00+00:00,24872.44921875,24872.849609375,24857.400390625,24860.349609375,0.0,53.39041465842532,-5.650486651196843,-11.120176374366052,24859.11706519149,24894.619048803743,18.41657083232283
2025-07-25 07:55:00+00:00,24856.349609375,24872.75,24856.30078125,24872.650390625,0.0,46.91255872208912,-5.357908558791678,-9.967722811251178,24858.85349797087,24893.118286473204,18.276045683585483
2025-07-25 08:00:00+00:00,24811.69921875,24858.099609375,24807.55078125,24856.30078125,0.0,34.43430270944128,-8.629476444410102,-9.700073537882963,24854.36261423555,24889.925381856607,20.581244429400808
2025-07-25 08:05:00+00:00,24848.900390625,24853.94921875,24810.25,24810.25,0.0,47.06726374734836,-8.126714194459055,-9.385401669198181,24853.842402463117,24888.316558671053,22.23252830944361
2025-07-25 08:10:00+00:00,24863.30078125,24864.400390625,24846.650390625,24847.099609375,0.0,51.002784507837056,-6.491450909521518,-8.806611517262848,24854.74320044282,24887.335547791794,21.912347715911924
2025-07-25 08:15:00+00:00,24865.80078125,24870.349609375,24857.05078125,24863.349609375,0.0,51.67452940211951,-4.936854878189479,-8.032660189448174,24855.796303376836,24886.4910471431,21.29709631656107
2025-07-25 08:20:00+00:00,24874.69921875,24880.05078125,24859.650390625,24865.849609375,0.0,54.087343307199085,-2.9527592140038905,-7.016679994359318,24857.596581031423,24886.028622500235,21.233045910020994
2025-07-25 08:25:00+00:00,24874.400390625,24876.5,24866.599609375,24874.25,0.0,53.98985505250165,-1.3884567723907821,-5.891035349965611,24859.196943849856,24885.57261340709,20.423570532519495
2025-07-25 08:30:00+00:00,24859.400390625,24879.849609375,24857.150390625,24873.349609375,0.0,49.196442416828916,-1.343622018735914,-4.981552683719672,24859.216319733205,24884.54625172936,20.586116833768102
2025-07-25 08:35:00+00:00,24848.5,24859.19921875,24840.30078125,24858.44921875,0.0,46.00028154475602,-2.162729973635578,-4.417788141702854,24858.19571785385,24883.13267323017,20.479937729570377
2025-07-25 08:40:00+00:00,24839.349609375,24849.900390625,24835.900390625,24848.05078125,0.0,43.448452917568,-3.5097804158103827,-4.23618659652436,24856.400850379676,24881.41569033389,20.017085034601063
2025-07-25 08:45:00+00:00,24842.0,24848.900390625,24837.099609375,24839.150390625,0.0,44.41037456626614,-4.31373714638903,-4.251696706497294,24855.029340819707,24879.869976987466,19.430206192843844
2025-07-25 08:50:00+00:00,24852.69921875,24854.349609375,24838.0,24840.599609375,0.0,48.23803027292028,-4.040959446458146,-4.209549254489465,24854.807424432118,24878.804457056587,19.210163562997852
2025-07-25 08:55:00+00:00,24835.80078125,24852.599609375,24813.849609375,24850.150390625,0.0,43.18083919175783,-5.129217408659315,-4.393482885323436,24852.997267938583,24877.118038397508,20.612981120998004
2025-07-25 09:00:00+00:00,24829.0,24837.80078125,24828.599609375,24831.80078125,0.0,41.30407529339636,-6.465901012568793,-4.807966510772507,24850.711813849197,24875.231056499568,19.797851889141004
2025-07-25 09:05:00+00:00,24845.25,24845.55078125,24825.25,24828.30078125,0.0,47.208307029547385,-6.143178468475526,-5.075008902313112,24850.191641101654,24874.055328793704,19.833775414916648
2025-07-25 09:10:00+00:00,24832.150390625,24848.30078125,24827.400390625,24843.599609375,0.0,43.41687182163117,-6.865308522610576,-5.433068826372605,24848.473426770543,24872.411997885127,19.909962215636888
2025-07-25 09:15:00+00:00,24824.099609375,24836.900390625,24822.400390625,24832.30078125,0.0,41.22550270313826,-7.995070362485421,-5.945469133595168,24846.15211082811,24870.517394414142,19.523536343091397
2025-07-25 09:20:00+00:00,24825.349609375,24830.400390625,24818.150390625,24823.599609375,0.0,41.71737546995145,-8.689384392448119,-6.494252185365759,24844.170920213528,24868.746108726336,19.003998032870584
2025-07-25 09:25:00+00:00,24833.94921875,24834.349609375,24824.25,24825.19921875,0.0,45.120127806143145,-8.448329572416696,-6.885067662775946,24843.19742483605,24867.381524805696,18.367970271594114
2025-07-25 09:30:00+00:00,24829.55078125,24839.75,24808.400390625,24833.69921875,0.0,43.71434069463502,-8.514064205468458,-7.210866971314449,24841.89774449452,24865.897966234887,19.295230207551676
2025-07-25 09:35:00+00:00,24849.0,24849.0,24829.099609375,24829.099609375,0.0,50.986354003501205,-6.917034696260089,-7.152100516303577,24842.574149780754,24865.235300892342,19.338455951655128
2025-07-25 09:40:00+00:00,24844.400390625,24849.0,24841.0,24848.0,0.0,49.362099775680804,-5.953894550057157,-6.912459323054293,24842.748077480206,24864.41824558774,18.52856624082262
2025-07-25 09:45:00+00:00,24833.69921875,24845.400390625,24832.5,24844.400390625,0.0,45.71339599300631,-5.985101655740436,-6.726987789591522,24841.88628141066,24863.213577868613,18.12655369683529
2025-07-25 09:50:00+00:00,24838.80078125,24844.30078125,24832.75,24832.75,0.0,47.69820239766222,-5.534383129925118,-6.488466857658242,24841.592424252503,24862.256213295335,17.656855664918485
2025-07-25 09:55:00+00:00,24832.19921875,24841.05078125,24823.05078125,24838.599609375,0.0,45.3857479513233,-5.644806556934782,-6.319734797513551,24840.697833252267,24861.07750762689,17.681365974567164
2025-07-28 03:45:00+00:00,24789.349609375,24790.900390625,24733.400390625,24790.5,0.0,33.898095572443324,-9.08519481534313,-6.872826801079467,24835.807526216337,24858.264648871915,23.475470413883794
2025-07-28 03:50:00+00:00,24782.69921875,24796.69921875,24761.349609375,24787.80078125,0.0,32.52222673903883,-12.207636209361226,-7.939788682735819,24830.749592171924,24855.301298671056,24.323623196820666
2025-07-28 03:55:00+00:00,24785.30078125,24790.55078125,24773.05078125,24783.44921875,0.0,33.65663921247075,-14.30734301425764,-9.213299549040183,24826.421133988883,24852.55618034082,23.836221539904905
2025-07-28 04:00:00+00:00,24844.650390625,24853.099609375,24784.05078125,24784.05078125,0.0,53.048769289905124,-11.054924030751863,-9.58162444538252,24828.157253668513,24852.24614937157,27.06569343884027
2025-07-28 04:05:00+00:00,24826.0,24851.5,24822.349609375,24843.30078125,0.0,48.2735628481011,-9.868530927938991,-9.639005741893815,24827.95180093818,24851.2168886119,27.214600380708823
2025-07-28 04:10:00+00:00,24785.05078125,24827.099609375,24785.05078125,24825.69921875,0.0,39.80199085472563,-12.093163116016513,-10.129837216718355,24823.865989539303,24848.62213930359,28.274188076729622
2025-07-28 04:15:00+00:00,24812.75,24815.650390625,24781.150390625,24783.19921875,0.0,46.62532276552758,-11.488670450082282,-10.401603863391141,24822.807323868896,24847.215388742665,28.718888928391795
2025-07-28 04:20:00+00:00,24812.099609375,24827.0,24805.650390625,24813.75,0.0,46.49206741271356,-10.936023078480503,-10.508487706409014,24821.787541536145,24845.8382993557,28.19251181743524
2025-07-28 04:25:00+00:00,24802.849609375,24824.69921875,24794.80078125,24812.30078125,0.0,44.54227941039684,-11.116301940292033,-10.630050553185617,24819.98392894937,24844.152468376065,28.314363651904152
2025-07-28 04:30:00+00:00,24816.05078125,24818.80078125,24802.25,24802.25,0.0,47.9004150542079,-10.077779623297829,-10.51959636720806,24819.60934345419,24843.050441429947,27.474107766053855
2025-07-28 04:35:00+00:00,24827.05078125,24828.599609375,24809.55078125,24816.5,0.0,50.58548520995837,-8.271783168409456,-10.070033727448338,24820.318051815695,24842.423003775835,26.87230207740715
2025-07-28 04:40:00+00:00,24844.25,24844.25,24823.650390625,24828.0,0.0,54.531282723406385,-5.390545895566902,-9.134136161072052,24822.597284976102,24842.494650686585,26.42425259866378
2025-07-28 04:45:00+00:00,24866.30078125,24877.25,24844.099609375,24844.099609375,0.0,59.046430457247475,-1.3126988624790101,-7.569848701353443,24826.759522716475,24843.42822443417,26.904691029116368
2025-07-28 04:50:00+00:00,24876.25,24888.0,24864.400390625,24865.55078125,0.0,60.93153438959441,2.6908249396547035,-5.517713973151814,24831.47290150538,24844.71535288773,26.668613768108056
2025-07-28 04:55:00+00:00,24870.900390625,24882.05078125,24867.849609375,24876.400390625,0.0,59.349633200794855,5.370074749709602,-3.3401562285795308,24835.227900469155,24845.742217112722,25.77808220431462
2025-07-28 05:00:00+00:00,24862.80078125,24885.400390625,24861.599609375,24871.900390625,0.0,56.939305511274334,6.761881975537108,-1.3197485877562032,24837.85388911495,24846.411180412222,25.636846421863577
2025-07-28 05:05:00+00:00,24828.30078125,24864.44921875,24827.44921875,24862.69921875,0.0,47.997653555140616,5.023133996048273,-0.05117207099530785,24836.94406931829,24845.700968680372,26.448500248873323
2025-07-28 05:10:00+00:00,24819.69921875,24838.599609375,24814.75,24826.94921875,0.0,46.055729682307316,2.917458838375751,0.5425541108789039,24835.301702597502,24844.681292212514,26.2628651864538
2025-07-28 05:15:00+00:00,24782.94921875,24820.400390625,24775.400390625,24820.400390625,0.0,38.82771950934653,-1.6971579813216522,0.0946116924387927,24830.315751754883,24842.260426586534,27.601231958849958
2025-07-28 05:20:00+00:00,24810.55078125,24812.44921875,24781.55078125,24782.349609375,0.0,45.718211665447775,-3.0914236322932993,-0.5425953725076258,24828.433373611562,24841.01691108314,27.836746640360676
2025-07-28 05:25:00+00:00,24827.19921875,24828.150390625,24808.69921875,24809.400390625,0.0,49.41910506778216,-2.820486622287717,-0.9981736224636442,24828.31583505332,24840.47504079557,27.237777014263486
2025-07-28 05:30:00+00:00,24813.349609375,24844.650390625,24811.75,24826.849609375,0.0,46.57433098994248,-3.680883882287162,-1.5347156744283479,24826.89048022681,24839.41129838692,27.64224941503038
2025-07-28 05:35:00+00:00,24798.349609375,24815.25,24797.05078125,24813.349609375,0.0,43.64400510537414,-5.509618101572414,-2.3296961598571615,24824.172302050447,24837.801036072728,26.96774722467107
2025-07-28 05:40:00+00:00,24807.55078125,24815.5,24798.69921875,24798.69921875,0.0,45.89285507018113,-6.145602789318218,-3.092877485749373,24822.589300069452,24836.61475156988,26.26650746755171
2025-07-28 05:45:00+00:00,24811.44921875,24815.25,24806.5,24807.400390625,0.0,46.860399160559,-6.26285956416541,-3.7268739014325805,24821.52833994379,24835.627867929885,25.01532836272659
2025-07-28 05:50:00+00:00,24818.5,24819.25,24803.94921875,24811.05078125,0.0,48.64893222550706,-5.720900304415409,-4.125679182029146,24821.23992661581,24834.9561868346,24.321432140388975
2025-07-28 05:55:00+00:00,24814.44921875,24822.80078125,24806.099609375,24818.599609375,0.0,47.65653088064856,-5.554232148719166,-4.411389775367151,24820.593192533353,24834.15199200775,23.777127835718336
2025-07-28 06:00:00+00:00,24817.80078125,24823.150390625,24808.400390625,24815.30078125,0.0,48.59096079595295,-5.092994480881316,-4.547710716469984,24820.327248601607,24833.510768056465,23.132332990309884
2025-07-28 06:05:00+00:00,24812.80078125,24824.599609375,24809.94921875,24817.44921875,0.0,47.236188086853225,-5.072446513418981,-4.652657875859783,24819.610442187168,24832.698611711116,22.52647996421632
2025-07-28 06:10:00+00:00,24800.5,24813.19921875,24779.44921875,24812.5,0.0,43.986945529598685,-5.979800923370931,-4.918086485362013,24817.790400074104,24831.435921055778,23.328159966772297
2025-07-28 06:15:00+00:00,24800.69921875,24801.05078125,24791.75,24800.150390625,0.0,44.05406646704533,-6.606653157115943,-5.2557998197127995,24816.162668519428,24830.23056018104,22.326204344145705
2025-07-28 06:20:00+00:00,24804.150390625,24806.05078125,24793.849609375,24800.25,0.0,45.277432131212244,-6.7471800492858165,-5.554075865627404,24815.018642053292,24829.207808433745,21.602987739206725
2025-07-28 06:25:00+00:00,24818.400390625,24818.400390625,24803.80078125,24804.400390625,0.0,50.126828752341034,-5.6436363887441985,-5.571987970250762,24815.340713345835,24828.78398812752,21.102746427477673
2025-07-28 06:30:00+00:00,24799.400390625,24820.400390625,24797.44921875,24818.400390625,0.0,44.46839643279286,-6.2303912257702905,-5.703668621354668,24813.822587372422,24827.63169018625,21.23477681658641
2025-07-28 06:35:00+00:00,24795.80078125,24802.5,24791.30078125,24799.69921875,0.0,43.46730202126524,-6.906246148217178,-5.944184126727171,24812.10622488457,24826.383419247573,20.517951240401665
2025-07-28 06:40:00+00:00,24782.80078125,24798.44921875,24778.94921875,24795.400390625,0.0,39.967798336643554,-8.394095490322798,-6.434166399446297,24809.315230252705,24824.674296188845,20.44524043751583
2025-07-28 06:45:00+00:00,24785.75,24788.69921875,24772.150390625,24782.55078125,0.0,41.12582071959838,-9.228864898068423,-6.993106099170722,24807.07092260959,24823.147853201048,20.16692527233613
2025-07-28 06:50:00+00:00,24786.349609375,24791.5,24780.69921875,24785.05078125,0.0,41.37343361211471,-9.729882177380205,-7.540461314812619,24805.097464206297,24821.704784815716,19.497914985026405
2025-07-28 06:55:00+00:00,24794.0,24795.25,24779.75,24785.400390625,0.0,44.576334583104966,-9.401247663419781,-7.912618584534052,24804.040562853315,24820.61832266608,19.21234962895309
2025-07-28 07:00:00+00:00,24793.30078125,24794.650390625,24788.25,24793.75,0.0,44.33791689344234,-9.092411888512288,-8.1485772453297,24803.01772651014,24819.547046532116,18.297209700099295
2025-07-28 07:05:00+00:00,24786.400390625,24798.349609375,24783.150390625,24793.099609375,0.0,41.95316010182426,-9.297287819699704,-8.378319360203701,24801.43512309251,24818.247177673013,18.07592463223506
2025-07-28 07:10:00+00:00,24771.75,24787.75,24771.25,24786.44921875,0.0,37.35882913988457,-10.520543282087601,-8.80676414458048,24798.60796851227,24816.42375894074,17.963358587075415
2025-07-28 07:15:00+00:00,24744.75,24774.44921875,24744.150390625,24771.80078125,0.0,30.688686244608192,-13.512888236582512,-9.747988962980887,24793.478638177767,24813.613023296002,18.84446355407003
2025-07-28 07:20:00+00:00,24746.650390625,24746.650390625,24715.150390625,24743.80078125,0.0,31.614176311951923,-15.55172690335894,-10.9087365510565,24789.018805077503,24810.98703770106,19.748430443065025
2025-07-28 07:25:00+00:00,24733.44921875,24746.30078125,24732.55078125,24746.30078125,0.0,28.743035141106432,-18.024964904074295,-12.33198222166006,24783.726463522504,24807.946338918668,19.34494322391752
2025-07-28 07:30:00+00:00,24707.30078125,24735.44921875,24707.30078125,24734.599609375,0.0,24.078394947597644,-21.843189521110617,-14.234223681550173,24776.447827115597,24803.999454304212,19.9737642436377
2025-07-28 07:35:00+00:00,24720.349609375,24729.0,24707.349609375,24708.0,0.0,30.168791019851554,-23.54481864959962,-16.096342675160063,24771.105139711734,24800.719068228558,20.09701099409215
2025-07-28 07:40:00+00:00,24707.599609375,24727.599609375,24701.05078125,24720.400390625,0.0,27.820417591421503,-25.626780859678547,-18.002430312063762,24765.05699396538,24797.067324744105,20.55785507487128
2025-07-28 07:45:00+00:00,24697.30078125,24714.099609375,24695.75,24707.44921875,0.0,26.05608398904552,-27.787463685413968,-19.959436986733802,24758.60402132582,24793.15491127375,20.400123239166188
2025-07-28 07:50:00+00:00,24696.099609375,24709.599609375,24689.80078125,24697.05078125,0.0,25.850171580378074,-29.25946008095707,-21.819441605578454,24752.651220187647,24789.34882100321,20.357173588154318
2025-07-28 07:55:00+00:00,24686.75,24703.099609375,24685.25,24696.05078125,0.0,24.24414322265814,-30.82513025460503,-23.62057933538377,24746.37491350311,24785.325337826613,20.178061858643296
2025-07-28 08:00:00+00:00,24668.650390625,24696.599609375,24666.55078125,24687.400390625,0.0,21.464035771851712,-33.144354867807124,-25.52533444186844,24738.97257799091,24780.74984970106,20.88311659195449
2025-07-28 08:05:00+00:00,24672.900390625,24679.400390625,24661.099609375,24668.400390625,0.0,23.677199032974457,-34.24466640387618,-27.269200834269988,24732.679988717966,24776.52045914906,20.69866406752917
2025-07-28 08:10:00+00:00,24668.400390625,24684.0,24668.400390625,24673.400390625,0.0,22.940062828387724,-35.07545559704522,-28.830451786825037,24726.55812223292,24772.280456461842,20.334445875205656
2025-07-28 08:15:00+00:00,24682.80078125,24685.150390625,24663.849609375,24668.80078125,0.0,30.406796922675014,-34.17788940968239,-29.899939311396512,24722.390756425022,24768.771449590793,20.40346983054811
2025-07-28 08:20:00+00:00,24696.099609375,24697.44921875,24679.5,24682.69921875,0.0,36.52377481244843,-32.024301242545334,-30.324811697626277,24719.886837658352,24765.9215735039,20.22816618193753
2025-07-28 08:25:00+00:00,24676.650390625,24698.94921875,24676.349609375,24696.25,0.0,32.08246305955362,-31.523572393733048,-30.564563836847633,24715.769080798033,24762.42074280277,20.397554981441996
2025-07-28 08:30:00+00:00,24670.75,24680.849609375,24668.05078125,24675.94921875,0.0,30.85658642080351,-31.24270690798585,-30.700192451075278,24711.481549293458,24758.825811712468,19.854788777410423
2025-07-28 08:35:00+00:00,24680.19921875,24686.44921875,24664.150390625,24670.19921875,0.0,35.131365212409676,-29.912829525612324,-30.54271986598269,24708.50227971789,24755.74241591002,20.029363016523966
2025-07-28 08:40:00+00:00,24675.05078125,24687.400390625,24646.75,24680.30078125,0.0,33.901531558133684,-28.94071742231972,-30.2223193772501,24705.31642272095,24752.578038080213,21.502293559986537
2025-07-28 08:45:00+00:00,24679.150390625,24686.80078125,24674.099609375,24676.900390625,0.0,35.82794288782338,-27.522248018918617,-29.682305105583804,24702.82441966419,24749.698522493734,20.873642011058926
2025-07-28 08:50:00+00:00,24691.650390625,24693.55078125,24675.099609375,24679.0,0.0,41.43279719905021,-25.1001167425311,-28.765867432973266,24701.760226422364,24747.422125165547,20.70060842991186
2025-07-28 08:55:00+00:00,24672.69921875,24693.0,24672.19921875,24690.80078125,0.0,36.261756613848966,-24.428168721235124,-27.898327690625642,24698.992511405948,24744.491815110036,20.707763631346726
2025-07-28 09:00:00+00:00,24680.05078125,24684.30078125,24670.19921875,24671.900390625,0.0,39.42031541732448,-23.036880599458527,-26.92603827239222,24697.18853710538,24741.96471574298,20.235892121964817
2025-07-28 09:05:00+00:00,24695.94921875,24697.0,24680.25,24680.349609375,0.0,45.68847891530698,-20.416060069870582,-25.624042631887892,24697.07050678582,24740.16018644914,20.001129738253045
2025-07-28 09:10:00+00:00,24703.75,24705.849609375,24692.44921875,24696.25,0.0,48.503977621539875,-17.507764454727294,-24.000786996455773,24697.706648996696,24738.732336000154,19.529648373020684
2025-07-28 09:15:00+00:00,24680.69921875,24704.19921875,24679.599609375,24703.25,0.0,41.63551498737522,-16.86847534651315,-22.574324666467252,24696.086893735108,24736.45652748054,19.891788444590638
2025-07-28 09:20:00+00:00,24687.44921875,24696.099609375,24677.75,24680.349609375,0.0,44.13045510105594,-15.63691293584634,-21.18684232034307,24695.26425802224,24734.534672236205,19.781632796762732
2025-07-28 09:25:00+00:00,24700.69921875,24702.150390625,24685.150390625,24686.94921875,0.0,48.76077316649814,-13.436835116244765,-19.63684087952341,24695.781873329644,24733.207791707333,19.582944739851108
2025-07-28 09:30:00+00:00,24692.55078125,24703.75,24672.19921875,24701.94921875,0.0,46.223641582572455,-12.21001890298794,-18.151476484216317,24695.47415027444,24731.61339914038,20.437790204861745
2025-07-28 09:35:00+00:00,24686.19921875,24693.400390625,24678.5,24693.400390625,0.0,44.28917633296605,-11.616369944986218,-16.844455176370296,24694.59082346259,24729.83245088978,20.04226166344305
2025-07-28 09:40:00+00:00,24679.75,24689.55078125,24679.150390625,24687.0,0.0,42.351092286148685,-11.533347670825606,-15.78223367526136,24693.177411704248,24727.868433207826,19.353556589268546
2025-07-28 09:45:00+00:00,24681.349609375,24682.69921875,24669.599609375,24679.75,0.0,43.017148216741,-11.20926340137521,-14.86763962048413,24692.05095433956,24726.044165606538,18.906846073963646
2025-07-28 09:50:00+00:00,24676.150390625,24684.599609375,24673.849609375,24682.75,0.0,41.34508631214883,-11.242362823875737,-14.142584261162453,24690.536614938173,24724.087546979812,18.324214211537672
2025-07-28 09:55:00+00:00,24673.94921875,24687.849609375,24670.25,24677.19921875,0.0,40.62513015521616,-11.3157693833964,-13.577221285609244,24688.95686292025,24722.12133802962,18.272456723213555
2025-07-29 03:45:00+00:00,24685.69921875,24691.25,24608.30078125,24619.599609375,0.0,46.02794061084273,-10.30700507095753,-12.923178042678902,24688.646611094515,24720.693019626502,22.892225439412584
2025-07-29 03:50:00+00:00,24663.650390625,24691.900390625,24653.69921875,24684.5,0.0,38.87868316096259,-11.158084789745772,-12.570159392092275,24686.266018668844,24718.456053783306,23.985721613383113
2025-07-29 03:55:00+00:00,24710.400390625,24712.099609375,24662.80078125,24663.05078125,0.0,54.880912406120345,-7.968382748462318,-11.649804063366286,24688.564530283715,24718.140145424157,25.793800649927174
2025-07-29 04:00:00+00:00,24696.400390625,24712.05078125,24683.150390625,24710.0,0.0,50.607872310600264,-6.495329778808809,-10.618909206454791,24689.31080269717,24717.28760602027,26.015699933860947
2025-07-29 04:05:00+00:00,24684.650390625,24698.0,24668.80078125,24695.900390625,0.0,47.28056569597286,-6.20452953444692,-9.736033272053218,24688.86695392839,24716.007715220454,26.243094135013738
2025-07-29 04:10:00+00:00,24694.19921875,24702.900390625,24680.349609375,24684.94921875,0.0,50.14900377581241,-5.144257816966274,-8.817678181035829,24689.374788673307,24715.15248006475,25.9793575003699
2025-07-29 04:15:00+00:00,24688.150390625,24711.900390625,24682.900390625,24694.849609375,0.0,48.354208697748966,-4.737464181424002,-8.001635381113465,24689.258179335375,24714.093574596525,26.195117678914908
2025-07-29 04:20:00+00:00,24722.849609375,24722.849609375,24687.5,24687.80078125,0.0,57.70546481857686,-1.5967341771502106,-6.720655140320814,24692.457363148675,24714.436948509407,26.849009942920986
2025-07-29 04:25:00+00:00,24697.25,24726.94921875,24697.25,24722.900390625,0.0,50.44811168274198,-1.1599859566886153,-5.608521303594375,24692.91380475356,24713.762950528646,27.052596286283773
2025-07-29 04:30:00+00:00,24709.25,24713.55078125,24694.650390625,24694.69921875,0.0,53.406269800008964,0.15267986796970945,-4.456281069281558,24694.469632872268,24713.58597207654,26.470295881906363
2025-07-29 04:35:00+00:00,24701.69921875,24717.25,24699.900390625,24709.599609375,0.0,51.32979791522876,0.5770402876551088,-3.4496167978942247,24695.158164860622,24713.119824887264,25.818818274270196
2025-07-29 04:40:00+00:00,24664.55078125,24702.650390625,24663.849609375,24702.650390625,0.0,42.5620225652906,-2.0604676774091786,-3.1717869737972157,24692.243175945325,24711.215156509334,26.746101343965183
2025-07-29 04:45:00+00:00,24658.05078125,24670.900390625,24654.44921875,24665.150390625,0.0,41.2348074516632,-4.62192870214858,-3.4618153194674885,24688.986757402912,24709.130279048182,26.010749239039097
2025-07-29 04:50:00+00:00,24653.80078125,24659.94921875,24649.80078125,24657.55078125,0.0,40.34885476354195,-6.915131172216206,-4.1524784900172325,24685.635712055016,24706.960494820803,24.877726971964876
2025-07-29 04:55:00+00:00,24632.900390625,24659.0,24628.05078125,24653.5,0.0,36.226689797115434,-10.300262488683074,-5.382035289750402,24680.61330049025,24704.056177009203,25.31140495611024
2025-07-29 05:00:00+00:00,24639.19921875,24647.650390625,24631.849609375,24633.099609375,0.0,38.27340089053109,-12.332578370656847,-6.772143905931691,24676.669102229276,24701.51276688139,24.63207469138808
2025-07-29 05:05:00+00:00,24637.75,24649.80078125,24634.25,24639.80078125,0.0,37.97145184854159,-13.899913638637372,-8.197697852472828,24672.962521064583,24699.012266219375,23.983410874146074
2025-07-29 05:10:00+00:00,24642.599609375,24644.19921875,24635.349609375,24637.80078125,0.0,39.68624011046866,-14.582615865529078,-9.474681455084077,24670.070815189385,24696.800005166657,22.9024250527785
2025-07-29 05:15:00+00:00,24621.400390625,24642.5,24614.30078125,24642.19921875,0.0,35.11616118203524,-16.64241864026917,-10.908228892121096,24665.435536659443,24693.843157537573,23.287882415080038
2025-07-29 05:20:00+00:00,24637.44921875,24639.69921875,24621.900390625,24621.900390625,0.0,40.684903701506485,-16.78631864309864,-12.083846842316605,24662.770173049023,24691.631630526295,22.931521394360036
2025-07-29 05:25:00+00:00,24645.25,24645.650390625,24616.44921875,24637.599609375,0.0,43.235135539713134,-16.085479187840974,-12.88417331142148,24661.101585139593,24689.812743054677,23.379353571548602
2025-07-29 05:30:00+00:00,24647.150390625,24653.900390625,24638.44921875,24645.05078125,0.0,43.86829358796865,-15.201480029871163,-13.347634655111417,24659.772899947726,24688.139709626063,22.813054878937987
2025-07-29 05:35:00+00:00,24650.75,24652.69921875,24635.44921875,24647.05078125,0.0,45.117020257302215,-14.04850353112488,-13.48780843031411,24658.913576143183,24686.673446503475,22.4156938161567
2025-07-29 05:40:00+00:00,24658.599609375,24660.25,24646.19921875,24650.80078125,0.0,47.84196510701352,-12.358897793856158,-13.262026303022521,24658.883674546214,24685.572511714123,21.81820006143122
2025-07-29 05:45:00+00:00,24687.599609375,24693.69921875,24658.650390625,24658.650390625,0.0,56.44567831071451,-8.580900161599857,-12.32580107473799,24661.61852548229,24685.65200574004,22.766872155257563
2025-07-29 05:50:00+00:00,24697.5,24697.55078125,24673.30078125,24688.099609375,0.0,58.936051471569805,-4.733367719953094,-10.807314403781012,24665.035808769688,24686.116632965925,22.87280985845345
2025-07-29 05:55:00+00:00,24683.650390625,24698.44921875,24683.650390625,24697.849609375,0.0,54.26194692079163,-2.7697898571823316,-9.199809494461276,24666.80862608924,24686.019917580004,22.29609687749249
2025-07-29 06:00:00+00:00,24701.75,24703.349609375,24682.650390625,24683.94921875,0.0,58.85451814293241,0.2440338869491825,-7.311040818179184,24670.136375985505,24686.63678355726,22.18203415410017
2025-07-29 06:05:00+00:00,24692.19921875,24705.44921875,24691.599609375,24700.80078125,0.0,55.677550954439994,1.8406251094238542,-5.480707632658577,24672.23759910593,24686.854918270703,21.586860955593014
2025-07-29 06:10:00+00:00,24675.30078125,24693.05078125,24672.099609375,24692.69921875,0.0,50.48492573958163,1.7225163793518732,-4.0400628302564865,24672.529330738696,24686.401814858127,21.541454592693515
2025-07-29 06:15:00+00:00,24675.599609375,24682.849609375,24665.80078125,24676.94921875,0.0,50.57271334995521,1.634189374257403,-2.905212389353709,24672.82173822787,24685.97819895683,21.22055270214398
2025-07-29 06:20:00+00:00,24674.349609375,24688.80078125,24669.55078125,24674.94921875,0.0,50.17200309258014,1.4466489642909437,-2.0348401186247784,24672.967249765694,24685.522175835977,21.079798937705124
2025-07-29 06:25:00+00:00,24673.25,24676.55078125,24667.19921875,24674.650390625,0.0,49.798201654228755,1.1955114397933357,-1.3887698069411556,24672.994178359437,24685.040914038487,20.24206776358333
2025-07-29 06:30:00+00:00,24664.900390625,24676.80078125,24664.69921875,24672.900390625,0.0,46.93849742023803,0.31906150390932453,-1.0472035447710595,24672.22334143235,24684.2510895909,19.660603101898804
2025-07-29 06:35:00+00:00,24687.5,24689.099609375,24662.94921875,24665.25,0.0,54.54685409377405,1.4315660170577758,-0.5514496324052924,24673.678261295936,24684.378497842237,20.12415935354889
2025-07-29 06:40:00+00:00,24695.05078125,24702.150390625,24686.75,24687.599609375,0.0,56.77684661852842,2.8892137436923804,0.1366830428142421,24675.7137393868,24684.79701876019,19.78674730150968
2025-07-29 06:45:00+00:00,24701.900390625,24705.400390625,24690.099609375,24695.05078125,0.0,58.753737339125635,4.54472751107096,1.0182919364655856,24678.20770617139,24685.467739225478,19.466321154973276
2025-07-29 06:50:00+00:00,24692.05078125,24707.400390625,24691.849609375,24702.69921875,0.0,54.86758396005481,5.004266865726095,1.8154869223176875,24679.526094274115,24685.725897736247,19.18663973318947
2025-07-29 06:55:00+00:00,24696.650390625,24699.849609375,24685.650390625,24691.849609375,0.0,56.320526571523615,5.674196545405721,2.587228846935294,24681.156979640866,24686.15430922208,18.830395377247363
2025-07-29 07:00:00+00:00,24697.19921875,24703.25,24694.44921875,24696.55078125,0.0,56.50047352528258,6.178188178542769,3.305420713256789,24682.68481193697,24686.58744292906,18.113994368158266
2025-07-29 07:05:00+00:00,24704.400390625,24709.0,24695.44921875,24697.75,0.0,58.89340420890252,7.077099172554881,4.059756405116408,24684.752962288214,24687.285989897526,17.788050574004107
2025-07-29 07:10:00+00:00,24697.94921875,24715.900390625,24683.69921875,24703.150390625,0.0,55.92533318704391,7.186100067603547,4.685025137613836,24686.009748617907,24687.70415573488,18.817559238360957
2025-07-29 07:15:00+00:00,24701.849609375,24705.69921875,24694.900390625,24698.150390625,0.0,57.32565754391334,7.500749023067328,5.248169914704535,24687.518306785252,24688.258879407043,18.244792730263747
2025-07-29 07:20:00+00:00,24710.599609375,24710.900390625,24698.150390625,24701.0,0.0,60.367753624489715,8.35979593663069,5.8704951190897665,24689.716526079515,24689.13498646461,17.852307535244908
2025-07-29 07:25:00+00:00,24708.55078125,24714.44921875,24705.05078125,24711.599609375,0.0,59.30175705432935,8.774130779889674,6.451222251249749,24691.51026466718,24689.896390181686,17.24845967558456
2025-07-29 07:30:00+00:00,24708.25,24711.849609375,24702.94921875,24709.05078125,0.0,59.13666069163049,8.974768055606546,6.955931412121108,24693.10452517507,24690.616139586327,16.652169029114233
2025-07-29 07:35:00+00:00,24728.0,24729.75,24707.5,24708.19921875,0.0,65.85805308559637,10.605184518848546,7.685782033466596,24696.427903729826,24692.08217332804,17.052014098463218
2025-07-29 07:40:00+00:00,24734.69921875,24737.75,24721.5,24727.80078125,0.0,67.7932032508731,12.296130143680784,8.607851655509435,24700.072790874605,24693.753430011257,16.994727377144418
2025-07-29 07:45:00+00:00,24733.650390625,24742.0,24729.80078125,24734.69921875,0.0,67.15148138810946,13.397151051816763,9.565711534770902,24703.2706575175,24695.318016701993,16.652191046634105
2025-07-29 07:50:00+00:00,24728.80078125,24742.150390625,24727.19921875,24733.69921875,0.0,64.12874324212162,13.720236758457759,10.396616579508274,24705.702097872978,24696.631066292113,16.53068967723167
2025-07-29 07:55:00+00:00,24734.94921875,24739.099609375,24728.25,24728.30078125,0.0,66.20571629563563,14.307484257860779,11.178790115178776,24708.487537956506,24698.13373893752,16.124898227072265
2025-07-29 08:00:00+00:00,24760.05078125,24764.94921875,24734.44921875,24735.0,0.0,73.06302585824054,16.606934045055823,12.264418901154185,24713.398323032077,24700.56185824389,17.151691210852817
2025-07-29 08:05:00+00:00,24758.400390625,24763.44921875,24736.599609375,24760.0,0.0,72.02816129980363,18.087589366419706,13.42905299420729,24717.6842342314,24702.830035984327,17.844399651149043
2025-07-29 08:10:00+00:00,24758.849609375,24760.75,24750.650390625,24758.650390625,0.0,72.14381600136514,19.077355693792924,14.558713534124418,24721.60474614984,24705.02688199965,17.291200345709825
2025-07-29 08:15:00+00:00,24774.69921875,24778.05078125,24757.75,24758.5,0.0,75.92594921131163,20.89976418311926,15.826923663923388,24726.66136258795,24707.759130499664,17.50617041030198
2025-07-29 08:20:00+00:00,24794.94921875,24795.94921875,24768.599609375,24775.05078125,0.0,79.71537443611638,23.70478776668824,17.40249648447636,24733.16496793672,24711.178349646736,18.209273193494695
2025-07-29 08:25:00+00:00,24785.0,24795.650390625,24780.30078125,24795.650390625,0.0,73.5866273024844,24.838645913165237,18.889726370214134,24738.10163765703,24714.07331632726,18.005011492173647
2025-07-29 08:30:00+00:00,24802.75,24810.0,24784.94921875,24785.19921875,0.0,76.98611594544491,26.85988923689365,20.483758943550036,24744.258624546837,24717.550833334033,18.508280760589816
2025-07-29 08:35:00+00:00,24796.849609375,24805.25,24793.900390625,24802.94921875,0.0,73.59527993206311,27.666702398084453,21.920347634456924,24749.26728976857,24720.660589257208,17.99694709019054
2025-07-29 08:40:00+00:00,24798.349609375,24803.150390625,24790.349609375,24796.94921875,0.0,73.90988488175729,28.103189035507967,23.156915914667135,24753.941796397754,24723.70721749712,17.625792387319787
2025-07-29 08:45:00+00:00,24802.900390625,24814.55078125,24798.25,24799.150390625,0.0,74.88746838527138,28.487926768124453,24.2231180853586,24758.604519657492,24726.812832129588,17.53114873465409
2025-07-29 08:50:00+00:00,24814.80078125,24817.5,24794.25,24802.55078125,0.0,77.28443184332727,29.41402963678047,25.261300395642976,24763.95654457106,24730.263339938232,17.939638110750227
2025-07-29 08:55:00+00:00,24819.099609375,24819.650390625,24808.05078125,24814.94921875,0.0,78.09770075810906,30.14733265054747,26.238506846623878,24769.208265028577,24733.747115210263,17.486778915339496
2025-07-29 09:00:00+00:00,24808.44921875,24827.94921875,24808.44921875,24819.099609375,0.0,71.28801273473833,29.52869464680043,26.896544406659192,24772.945498716334,24736.676609466725,17.630580421386675
2025-07-29 09:05:00+00:00,24785.80078125,24809.94921875,24772.69921875,24808.75,0.0,59.42225473522388,26.90078444845858,26.89739241501907,24774.169811338586,24738.603047575874,19.03196753414477
2025-07-29 09:10:00+00:00,24791.80078125,24794.05078125,24778.349609375,24785.900390625,0.0,61.26182274500559,25.013951279408502,26.52070418789696,24775.84895133015,24740.689233210156,18.794053558491573
2025-07-29 09:15:00+00:00,24773.80078125,24794.30078125,24771.80078125,24792.349609375,0.0,53.435405701649984,21.814706474255217,25.579504645168615,24775.653887512995,24741.98772529015,19.058764018599316
2025-07-29 09:20:00+00:00,24792.0,24792.94921875,24772.849609375,24774.80078125,0.0,59.12171711137986,20.51136453034269,24.565876622203433,24777.210660130804,24743.948990965047,19.133110115485078
2025-07-29 09:25:00+00:00,24793.05078125,24803.55078125,24782.75,24791.0,0.0,59.42977088264497,19.34030294146214,23.520761886055176,24778.719243094536,24745.87455136838,19.252229482236146
2025-07-29 09:30:00+00:00,24817.80078125,24818.69921875,24771.69921875,24794.349609375,0.0,65.94037538496175,20.17676120725082,22.851961750294308,24782.441294347438,24748.695187834324,21.23421309064785
2025-07-29 09:35:00+00:00,24812.44921875,24823.650390625,24809.849609375,24818.400390625,0.0,63.565054119433505,20.175266131078388,22.316622626451124,24785.299191909588,24751.19534590945,20.703253673458715
2025-07-29 09:40:00+00:00,24813.44921875,24817.80078125,24809.400390625,24812.099609375,0.0,63.82726839333229,20.023949292128236,21.85808795958655,24787.98014684677,24753.63667425614,19.824477741425948
2025-07-29 09:45:00+00:00,24827.55078125,24830.69921875,24813.5,24814.150390625,0.0,67.39116727560523,20.80211402750865,21.64689317317097,24791.748778694695,24756.535266687275,19.640586474181237
2025-07-29 09:50:00+00:00,24840.25,24846.349609375,24828.650390625,24829.099609375,0.0,70.23524123192648,22.187769215885055,21.755068381713787,24796.367942628534,24759.81819740542,19.580460877811145
2025-07-29 09:55:00+00:00,24830.400390625,24842.849609375,24820.900390625,24841.94921875,0.0,65.46601192390342,22.234820604604465,21.851018826291924,24799.60912815201,24762.586126551287,19.749657868681776
2025-07-30 03:45:00+00:00,24862.44921875,24880.19921875,24813.94921875,24862.75,0.0,72.10370890143463,24.574897633036016,22.395794587640744,24805.59389868515,24766.502326245354,23.07111087806165
2025-07-30 03:50:00+00:00,24840.900390625,24865.05078125,24836.25,24862.0,0.0,63.29457231700746,24.409240666616824,22.79848380343596,24808.95642172704,24769.419897397496,23.480373047485816
2025-07-30 03:55:00+00:00,24833.19921875,24840.5,24824.0,24840.5,0.0,60.45204542993954,23.386945963105973,22.916176235369964,24811.26525953875,24771.92104725446,23.01037430302254
2025-07-30 04:00:00+00:00,24867.44921875,24869.94921875,24831.94921875,24832.650390625,0.0,67.45273811014448,25.051678648811503,23.34327671805827,24816.616112796964,24775.667250058206,24.081061852806645
2025-07-30 04:05:00+00:00,24868.400390625,24879.94921875,24857.80078125,24867.099609375,0.0,67.62414227770014,26.14634413733802,23.90389020191422,24821.547948780586,24779.303843805923,23.943017256177598
2025-07-30 04:10:00+00:00,24877.19921875,24877.599609375,24860.150390625,24868.80078125,0.0,69.23802386633068,27.407924821942288,24.604697125919834,24826.848069730055,24783.142878117455,23.479174505736342
2025-07-30 04:15:00+00:00,24832.44921875,24877.05078125,24832.44921875,24876.650390625,0.0,54.38855840012289,24.514201143821992,24.586597929500265,24827.38151249386,24785.076460103046,24.998519183898033
2025-07-30 04:20:00+00:00,24816.400390625,24833.19921875,24814.94921875,24832.900390625,0.0,50.22804078995896,20.687426204905933,23.806763584581397,24826.335691363493,24786.30484953528,24.51648209933389
2025-07-30 04:25:00+00:00,24839.349609375,24856.400390625,24816.44921875,24816.849609375,0.0,55.473328463935395,19.284193475501525,22.902249562765423,24827.575112126495,24788.385036195665,25.62244766366718
2025-07-30 04:30:00+00:00,24839.75,24844.099609375,24830.650390625,24839.349609375,0.0,55.561321112967505,17.996971717697306,21.9211939937518,24828.734625257304,24790.39934850172,24.752931312690954
2025-07-30 04:35:00+00:00,24839.099609375,24847.599609375,24834.849609375,24839.650390625,0.0,55.36990653651692,16.73148793488508,20.883252781978456,24829.721766601848,24792.309162653615,23.89557907607017
2025-07-30 04:40:00+00:00,24843.05078125,24848.55078125,24834.30078125,24838.69921875,0.0,56.35366073721717,15.86453300750145,19.879508827083058,24830.99119656834,24794.299030049555,23.206609142065158
2025-07-30 04:45:00+00:00,24854.69921875,24858.75,24837.05078125,24843.44921875,0.0,59.20833568619536,15.933722503050376,19.090351562276524,24833.24910344278,24796.667664900553,23.09893839977479
2025-07-30 04:50:00+00:00,24836.599609375,24858.150390625,24833.599609375,24854.849609375,0.0,53.36753732068338,14.362506431152724,18.144782536051764,24833.56819924585,24798.233623507396,23.202641460505163
2025-07-30 04:55:00+00:00,24810.94921875,24837.25,24810.349609375,24836.150390625,0.0,46.38411789139993,10.921636394126836,16.700153307666778,24831.414010627195,24798.732274301223,23.466766400826224
2025-07-30 05:00:00+00:00,24817.349609375,24826.849609375,24807.69921875,24810.94921875,0.0,48.20538139300455,8.611907424728997,15.082504131079222,24830.074543841274,24799.462365872743,23.158453845410065
2025-07-30 05:05:00+00:00,24804.099609375,24819.5,24802.75,24816.5,0.0,44.81174530892765,5.64716925868197,13.195437156599773,24827.600740558773,24799.644218559108,22.70070714216649
2025-07-30 05:10:00+00:00,24799.05078125,24808.099609375,24786.400390625,24805.599609375,0.0,43.5535369481103,2.857257976065739,11.127801320492967,24824.88169681508,24799.62094650777,22.62917225701174
2025-07-30 05:15:00+00:00,24804.349609375,24809.55078125,24773.05078125,24799.55078125,0.0,45.289751240387474,1.0615672435196757,9.114554505098308,24822.926259916025,24799.80638426727,23.619945667225185
2025-07-30 05:20:00+00:00,24818.849609375,24818.849609375,24804.19921875,24805.400390625,0.0,49.83675264878706,0.7992845642475004,7.451500516928148,24822.538007483545,24800.55317740875,22.9792631642091
2025-07-30 05:25:00+00:00,24817.19921875,24822.80078125,24814.19921875,24818.900390625,0.0,49.33416981269807,0.4530286880180938,6.051806151146137,24822.029551413685,24801.205963343702,21.952284545337022
2025-07-30 05:30:00+00:00,24816.30078125,24830.349609375,24809.55078125,24817.25,0.0,49.04421421095524,0.10491264609663631,4.862427450136237,24821.48395425524,24801.79791698709,21.869894801027236
2025-07-30 05:35:00+00:00,24818.900390625,24821.349609375,24809.30078125,24816.349609375,0.0,49.96064627996385,0.038352818137354916,3.897612523736461,24821.23790057617,24802.468602227793,21.16839003845386
2025-07-30 05:40:00+00:00,24846.5,24847.849609375,24818.55078125,24819.05078125,0.0,58.49526207545331,2.1874459763639607,3.555579214261961,24823.64381480701,24804.195323709057,21.7491356160643
2025-07-30 05:45:00+00:00,24878.55078125,24878.55078125,24847.30078125,24847.30078125,0.0,65.79188349683321,6.403037741627486,4.125070919735066,24828.87304970634,24807.11122400478,22.48496744705971
2025-07-30 05:50:00+00:00,24879.150390625,24885.30078125,24871.0,24877.94921875,0.0,65.91261823934735,9.680714798552799,5.2361996954986125,24833.661367889068,24809.93628936244,21.9003827186983
2025-07-30 05:55:00+00:00,24898.69921875,24902.30078125,24874.55078125,24879.69921875,0.0,69.670979164774,13.697824539180147,6.928524664234919,24839.85544892344,24813.417188554107,22.31821252450556
2025-07-30 06:00:00+00:00,24884.400390625,24898.5,24884.400390625,24898.5,0.0,64.10358984850635,15.548384918140073,8.65249671501595,24844.097824323588,24816.20084353728,21.745399353112308
2025-07-30 06:05:00+00:00,24866.900390625,24887.80078125,24864.900390625,24885.400390625,0.0,57.9953620181786,15.42505319319389,10.007008010651539,24846.269497304675,24818.189061070134,21.827898729675717
2025-07-30 06:10:00+00:00,24869.650390625,24876.80078125,24840.900390625,24866.849609375,0.0,58.66195711729282,15.37201491075757,11.080009390672746,24848.49624904947,24820.207152425228,22.83307672219888
2025-07-30 06:15:00+00:00,24860.849609375,24871.25,24860.099609375,24868.69921875,0.0,55.61989385094122,14.45322441983808,11.754652396505813,24849.672759556663,24821.800974266396,21.99859914382753
2025-07-30 06:20:00+00:00,24874.30078125,24876.05078125,24859.55078125,24859.55078125,0.0,59.11010179124277,14.641693165758625,12.332060550356376,24852.01828543222,24823.85979022654,21.605842062125564
2025-07-30 06:25:00+00:00,24876.30078125,24884.19921875,24873.25,24874.25,0.0,59.61861094656234,14.782041121499788,12.822056664585059,24854.330904081533,24825.91629967844,20.844654682688024
2025-07-30 06:30:00+00:00,24869.25,24877.650390625,24864.849609375,24876.94921875,0.0,56.93066262723794,14.16108855267521,13.08986304220309,24855.751770359482,24827.615660475363,20.27009229463888
2025-07-30 06:35:00+00:00,24861.75,24871.349609375,24859.75,24868.94921875,0.0,54.134748120643984,12.914916727499076,13.054873779262289,24856.323030325246,24828.95426202535,19.650772086093244
2025-07-30 06:40:00+00:00,24851.849609375,24865.650390625,24850.099609375,24862.900390625,0.0,50.60193607408062,11.001617991507374,12.644222621711307,24855.89699023475,24829.852118784158,19.357915597800872
2025-07-30 06:45:00+00:00,24870.400390625,24874.599609375,24849.599609375,24851.849609375,0.0,56.350019042605545,10.857054603005963,12.28678901797024,24857.278266462392,24831.442247091643,19.76092162652938
2025-07-30 06:50:00+00:00,24871.400390625,24874.55078125,24867.44921875,24870.44921875,0.0,56.642903128274284,10.699837650729023,11.969398744521998,24858.623230668352,24833.00923311256,18.856681688920137
2025-07-30 06:55:00+00:00,24867.25,24873.599609375,24859.849609375,24871.55078125,0.0,54.99361091303932,10.123641212041548,11.600247238025908,24859.444827747557,24834.35200828462,18.491918711140126
2025-07-30 07:00:00+00:00,24864.19921875,24874.849609375,24857.599609375,24867.400390625,0.0,53.75460171135272,9.313468959935562,11.14289158240784,24859.897626890648,24835.5224871264,18.403210231772977
2025-07-30 07:05:00+00:00,24863.19921875,24867.19921875,24860.25,24864.5,0.0,53.33045975271262,8.49281014178996,10.612875294284265,24860.212064210587,24836.607849150856,17.585067983074907
2025-07-30 07:10:00+00:00,24857.25,24871.75,24855.80078125,24863.94921875,0.0,50.76421606278584,7.278478117412305,9.945995858909873,24859.929962857197,24837.417345262587,17.46822160928384
2025-07-30 07:15:00+00:00,24858.349609375,24867.30078125,24853.69921875,24857.69921875,0.0,51.23133408295442,6.331850890426722,9.223166865213242,24859.77945300175,24838.238218365033,17.192031672906424
2025-07-30 07:20:00+00:00,24871.80078125,24872.400390625,24855.900390625,24858.25,0.0,56.6494328716499,6.59106149303625,8.696745790777843,24860.924341406342,24839.5543973017,17.142600839127393
2025-07-30 07:25:00+00:00,24865.55078125,24875.0,24862.94921875,24871.19921875,0.0,53.66604179077066,6.22045941253964,8.201488515130203,24861.364954724788,24840.57386333889,16.778899439904006
2025-07-30 07:30:00+00:00,24868.849609375,24872.55078125,24864.19921875,24866.349609375,0.0,55.01273468720229,6.122367611154914,7.785664334335145,24862.07777897719,24841.682716124622,16.176946801339433
2025-07-30 07:35:00+00:00,24863.75,24872.30078125,24861.900390625,24869.599609375,0.0,52.47367698962597,5.568938043274102,7.342319076122936,24862.23703812222,24842.54809980601,15.764335645886616
2025-07-30 07:40:00+00:00,24849.55078125,24866.150390625,24832.650390625,24863.849609375,0.0,46.09442239296435,3.9391744867498346,6.661690158248316,24861.028823182012,24842.822714764596,17.031168814037574
2025-07-30 07:45:00+00:00,24849.75,24858.25,24848.69921875,24849.900390625,0.0,46.19325848708119,2.633295424097014,5.856011211418056,24859.95464954563,24843.09437300912,16.49685541660632
2025-07-30 07:50:00+00:00,24835.900390625,24851.55078125,24833.25,24849.900390625,0.0,40.617690754208226,0.47534959382392117,4.779878887899229,24857.663767743667,24842.81225605288,16.625707261848724
2025-07-30 07:55:00+00:00,24835.849609375,24845.94921875,24833.30078125,24837.44921875,0.0,40.598341272641896,-1.2248167215620924,3.578939766006965,24855.586228851414,24842.53921108512,16.341616564573815
2025-07-30 08:00:00+00:00,24854.75,24858.400390625,24831.599609375,24835.94921875,0.0,50.12220968381827,-1.035174363572878,2.656116940090997,24855.506588008422,24843.018065552373,17.08869975638997
2025-07-30 08:05:00+00:00,24859.650390625,24861.94921875,24850.849609375,24854.94921875,0.0,52.25941927761225,-0.48388295786935487,2.028116960498927,24855.901235876667,24843.670313594437,16.660907586290687
2025-07-30 08:10:00+00:00,24862.80078125,24866.05078125,24857.19921875,24859.349609375,0.0,53.63488459621856,0.20486805608743452,1.6634671796166285,24856.55833543603,24844.420528012302,16.10309722298421
2025-07-30 08:15:00+00:00,24857.69921875,24867.900390625,24856.0,24864.25,0.0,51.06896810414991,0.33519086695378064,1.397811917084059,24856.666990989743,24844.941260982407,15.802903894556767
2025-07-30 08:20:00+00:00,24861.150390625,24861.75,24849.55078125,24857.94921875,0.0,52.71693633939013,0.7087829524862173,1.2600061241644909,24857.093981431193,24845.576913125256,15.545497812802711
2025-07-30 08:25:00+00:00,24866.69921875,24869.55078125,24855.599609375,24861.69921875,0.0,55.3223356303999,1.4360475656212657,1.2952144124558458,24858.008765937746,24846.405238836032,15.431617388673946
2025-07-30 08:30:00+00:00,24869.5,24871.599609375,24859.55078125,24867.30078125,0.0,56.62162115643384,2.2129007090661617,1.4787516717779092,24859.10316918177,24847.310915744427,15.189989584125808
2025-07-30 08:35:00+00:00,24862.099609375,24874.900390625,24845.900390625,24869.599609375,0.0,52.29421255204577,2.2059835412946995,1.6241980456812672,24859.38854443827,24847.890864514255,16.176418899545393
2025-07-30 08:40:00+00:00,24859.94921875,24866.25,24856.400390625,24862.19921875,0.0,51.072744265017135,2.0038835617961013,1.7001351489042342,24859.441941991765,24848.36374115095,15.724503933506437
2025-07-30 08:45:00+00:00,24856.25,24863.05078125,24853.19921875,24860.150390625,0.0,48.95439486682184,1.5276124688934942,1.6656306129020864,24859.13794751636,24848.673006203855,15.305008116827405
2025-07-30 08:50:00+00:00,24858.94921875,24861.0,24852.849609375,24857.05078125,0.0,50.565598497449066,1.3523792055821104,1.6029803314380913,24859.119973348137,24849.075994931158,14.793964010268306
2025-07-30 08:55:00+00:00,24877.0,24879.19921875,24858.69921875,24859.400390625,0.0,59.72161777817219,2.639624820301833,1.8103092292108398,24860.822833029266,24850.171053953465,15.201538009534856
2025-07-30 09:00:00+00:00,24887.44921875,24890.400390625,24868.150390625,24876.25,0.0,63.8909455225032,4.451625303961919,2.3385724441610556,24863.358679288383,24851.632942769014,15.704999580282365
2025-07-30 09:05:00+00:00,24881.5,24890.69921875,24874.75,24886.55078125,0.0,60.077920056082405,5.345971477159765,2.9400522507607976,24865.086424118064,24852.80419991533,15.722443806690768
2025-07-30 09:10:00+00:00,24872.349609375,24883.400390625,24870.69921875,24882.44921875,0.0,54.67324462389867,5.255801603143482,3.4032021212373347,24865.778156047294,24853.570686560804,15.506638668712855
2025-07-30 09:15:00+00:00,24865.849609375,24878.150390625,24864.05078125,24870.75,0.0,51.15291353919873,4.606741996965866,3.643910096383041,24865.784961126123,24854.052212945677,15.406136576304792
2025-07-30 09:20:00+00:00,24867.75,24873.44921875,24865.30078125,24867.25,0.0,52.123524168434734,4.197319141734624,3.754591905453358,24865.97210768554,24854.589381065452,14.887729499425879
2025-07-30 09:25:00+00:00,24853.5,24868.19921875,24852.25,24868.19921875,0.0,44.91631444100382,2.6919614159378398,3.5420658075502547,24864.784287905964,24854.546660239357,14.963550160181173
2025-07-30 09:30:00+00:00,24861.099609375,24867.25,24853.75,24853.75,0.0,48.9688759219932,2.088109114632971,3.2512744689667983,24864.43336614111,24854.803638636833,14.876868005882518
2025-07-30 09:35:00+00:00,24854.099609375,24863.75,24853.599609375,24861.30078125,0.0,45.63824141948885,1.0328047860966763,2.807580532392774,24863.449198830054,24854.776029646175,14.539262478676623
2025-07-30 09:40:00+00:00,24858.150390625,24860.55078125,24850.44921875,24852.94921875,0.0,47.84877340638534,0.5173687903916289,2.349538183992545,24862.944550429573,24854.908357527696,14.22228390877115
2025-07-30 09:45:00+00:00,24854.55078125,24860.44921875,24851.69921875,24859.5,0.0,46.05653478458254,-0.17950709702199674,1.8437291277896368,24862.145143841044,24854.894334928573,13.831406486716068
2025-07-30 09:50:00+00:00,24846.05078125,24855.69921875,24844.94921875,24854.150390625,0.0,42.05109197229995,-1.4015094920323463,1.1946814038252402,24860.6123474038,24854.547528901963,13.611306023379205
2025-07-30 09:55:00+00:00,24844.55078125,24853.5,24840.75,24845.25,0.0,41.36737825942755,-2.4626052773892297,0.46322406758234624,24859.082674436773,24854.155499582277,13.549784164566404
2025-07-31 03:45:00+00:00,24680.30078125,24699.400390625,24639.55078125,24654.599609375,0.0,14.17989879601133,-16.36844835392185,-2.903110416718493,24842.055827466604,24847.337667490814,27.22479958138309
2025-07-31 03:50:00+00:00,24718.650390625,24728.55078125,24669.900390625,24680.349609375,0.0,26.350715709338715,-24.017576530932274,-7.126003639561249,24830.302928719782,24842.291107613724,29.469484655927154
2025-07-31 03:55:00+00:00,24709.400390625,24725.849609375,24693.69921875,24718.55078125,0.0,25.414496207187554,-30.47467038436298,-11.795736988521597,24818.788401282185,24837.0797069475,29.66097793943236
2025-07-31 04:00:00+00:00,24711.55078125,24719.25,24694.75,24708.400390625,0.0,26.072084447059723,-35.01481622668871,-16.43955283615502,24808.575294612452,24832.157003978973,29.292336658044338
2025-07-31 04:05:00+00:00,24687.94921875,24712.75,24686.349609375,24711.900390625,0.0,23.611535944200185,-40.055627029349125,-21.16276767479384,24797.087096911266,24826.501796715092,29.085769084255457
2025-07-31 04:10:00+00:00,24707.94921875,24710.69921875,24684.650390625,24687.599609375,0.0,29.66882081236605,-41.953064244775305,-25.320826988790134,24788.59777518162,24821.85267601058,28.86884473002292
2025-07-31 04:15:00+00:00,24693.349609375,24708.94921875,24687.80078125,24707.55078125,0.0,27.927879592973667,-44.12620395919657,-29.081902382871426,24779.526521295276,24816.813340064087,28.31738707073557
2025-07-31 04:20:00+00:00,24702.150390625,24707.349609375,24688.650390625,24694.05078125,0.0,30.57259783765953,-44.62388695244226,-32.1902992967856,24772.157365993346,24812.316753811574,27.630375047825886
2025-07-31 04:25:00+00:00,24694.099609375,24709.349609375,24690.599609375,24701.94921875,0.0,29.50594492731176,-45.147502765357785,-34.781739990500036,24764.723293934458,24807.680787363082,26.99606254440975
2025-07-31 04:30:00+00:00,24661.900390625,24693.75,24653.599609375,24692.75,0.0,25.651240033131103,-47.611840265326464,-37.34776004546532,24754.930636476416,24801.96390905963,27.96062950552334
2025-07-31 04:35:00+00:00,24678.150390625,24687.0,24659.5,24660.94921875,0.0,30.580225318647877,-47.703707648317504,-39.41894956603576,24747.618232109617,24797.108476964157,27.927727397985958
2025-07-31 04:40:00+00:00,24673.599609375,24683.44921875,24665.30078125,24678.099609375,0.0,29.980787544288233,-47.5950768070943,-41.05417501424747,24740.568839468226,24792.264991960663,27.22920669098696
2025-07-31 04:45:00+00:00,24675.30078125,24682.94921875,24667.150390625,24673.19921875,0.0,30.52900625597242,-46.83186711744929,-42.20971343488784,24734.352833923633,24787.67816016809,26.412751079130746
2025-07-31 04:50:00+00:00,24686.25,24686.900390625,24666.69921875,24676.19921875,0.0,34.10509346368984,-44.82677236496238,-42.73312522090275,24729.771611645192,24783.70058525954,25.969066850264262
2025-07-31 04:55:00+00:00,24678.400390625,24692.80078125,24671.80078125,24686.400390625,0.0,32.80148349818437,-43.37116243933633,-42.86073266458946,24724.879114405176,24779.571165862108,25.614133503816817
2025-07-31 05:00:00+00:00,24671.150390625,24685.69921875,24669.0,24677.30078125,0.0,31.600073704139007,-42.314816629357665,-42.751549457543106,24719.762093092777,24775.319370754773,24.977353878544186
2025-07-31 05:05:00+00:00,24680.75,24681.19921875,24662.599609375,24671.099609375,0.0,34.9951064810233,-40.23919433089395,-42.24907843221328,24716.04665565537,24771.610767980077,24.5218006997196
2025-07-31 05:10:00+00:00,24693.099609375,24693.099609375,24676.94921875,24680.849609375,0.0,39.17760862442772,-37.1692741830193,-41.23311758237449,24713.861222676285,24768.531899015175,23.923842837239626
2025-07-31 05:15:00+00:00,24719.150390625,24722.94921875,24693.05078125,24693.5,0.0,46.933984004936896,-32.2623596177873,-39.43896598945705,24714.364952957112,24766.595369274382,24.350599598865365
2025-07-31 05:20:00+00:00,24725.349609375,24728.44921875,24711.349609375,24719.0,0.0,48.61335438658153,-27.555724093828758,-37.0623176103314,24715.411110711197,24764.977888494017,23.832671725732126
2025-07-31 05:25:00+00:00,24713.400390625,24728.69921875,24695.0,24724.94921875,0.0,45.61667120988647,-24.507377824702417,-34.5513296532056,24715.21961356013,24762.95524151876,24.5374250846084
2025-07-31 05:30:00+00:00,24758.849609375,24764.75,24713.19921875,24713.19921875,0.0,56.58008495474605,-18.21420728251178,-31.28390517906684,24719.374851256784,24762.794236336656,26.466950524993514
2025-07-31 05:35:00+00:00,24758.80078125,24776.19921875,24757.400390625,24760.349609375,0.0,56.56689113225833,-13.079986368746177,-27.64312141700271,24723.129701732327,24762.637630254827,25.919227496422547
2025-07-31 05:40:00+00:00,24747.150390625,24758.5,24740.69921875,24758.5,0.0,53.36908645758891,-9.837764832391258,-24.082050100080423,24725.41738638877,24762.03028752425,25.360822853820935
2025-07-31 05:45:00+00:00,24757.150390625,24757.650390625,24742.05078125,24746.94921875,0.0,55.68480859766151,-6.387730696133076,-20.543186219290956,24728.43957726841,24761.8389190184,24.66359331961944
2025-07-31 05:50:00+00:00,24787.69921875,24787.69921875,24756.44921875,24757.5,0.0,61.908152483968145,-1.1749742922693258,-16.66954383388663,24734.083352647613,24762.853048419638,25.134050939646624
2025-07-31 05:55:00+00:00,24781.94921875,24805.25,24779.5,24787.849609375,0.0,60.19464118216063,2.463794677052647,-12.842876131698777,24738.642006562128,24763.601917844357,25.178047301100435
2025-07-31 06:00:00+00:00,24807.400390625,24812.599609375,24780.30078125,24782.19921875,0.0,64.83427143591827,7.31689752706734,-8.810921399945553,24745.190424091925,24765.319505012227,25.686674502807545
2025-07-31 06:05:00+00:00,24799.05078125,24814.099609375,24788.650390625,24807.55078125,0.0,62.27000137661557,10.369736932043452,-4.974789733547752,24750.319981916502,24766.642300158805,25.669713377607003
2025-07-31 06:10:00+00:00,24813.900390625,24819.80078125,24795.0,24798.55078125,0.0,64.92685365823635,13.82797326007858,-1.2142371348224854,24756.375258936358,24768.495558608458,25.607646797063644
2025-07-31 06:15:00+00:00,24809.5,24821.80078125,24793.0,24814.900390625,0.0,63.49988497322366,16.028805623809603,2.234371416903932,24761.434758085274,24770.103575917932,25.835727829416243
2025-07-31 06:20:00+00:00,24804.349609375,24814.599609375,24796.94921875,24808.75,0.0,61.78817924435825,17.159582660933665,5.219413665709879,24765.521886779534,24771.446557622134,25.251060886243653
2025-07-31 06:25:00+00:00,24798.650390625,24808.69921875,24795.69921875,24804.349609375,0.0,59.86513201154178,17.39532975371185,7.654596883310273,24768.676982383866,24772.51337460264,24.37598510865482
2025-07-31 06:30:00+00:00,24777.849609375,24799.94921875,24771.25,24798.55078125,0.0,53.34003659934377,15.722472934619873,9.268172093572193,24769.55056590683,24772.72263871136,24.684787511608047
2025-07-31 06:35:00+00:00,24760.55078125,24777.80078125,24755.599609375,24777.80078125,0.0,48.596128033766355,12.852693149750849,9.985076304807924,24768.69344355856,24772.245310967777,24.51087411792176
2025-07-31 06:40:00+00:00,24819.349609375,24819.349609375,24759.599609375,24759.80078125,0.0,61.22076521436279,15.148325554484472,11.017726154743235,24773.517840302982,24774.092538356294,27.0279545380702
2025-07-31 06:45:00+00:00,24840.25,24842.30078125,24819.25,24819.69921875,0.0,64.55326217196112,18.44153508891395,12.502487941577378,24779.87328408365,24776.686948616833,26.743870731779474
2025-07-31 06:50:00+00:00,24846.55078125,24849.75,24835.75,24841.5,0.0,65.51536360181575,21.314151489517826,14.264820651165468,24786.223521909014,24779.42670675931,25.833594250938084
2025-07-31 06:55:00+00:00,24826.44921875,24848.55078125,24825.5,24847.80078125,0.0,59.92696979152065,21.718337114041788,15.755523943740734,24790.054540655772,24781.270726837378,25.634821893728223
2025-07-31 07:00:00+00:00,24857.0,24860.30078125,24827.650390625,24827.900390625,0.0,64.83623410222157,24.224603704606125,17.449339895913813,24796.430298688556,24784.24050225552,26.22173193703335
2025-07-31 07:05:00+00:00,24867.44921875,24873.900390625,24856.30078125,24857.849609375,0.0,66.35446509263798,26.74569493704621,19.308610904140295,24803.194005361074,24787.503589176875,25.605866039745255
2025-07-31 07:10:00+00:00,24856.349609375,24868.900390625,24844.349609375,24867.55078125,0.0,63.23138087516645,27.530675696794788,20.953023862671195,24808.25644383859,24790.203433106213,25.530502840477737
2025-07-31 07:15:00+00:00,24868.80078125,24870.94921875,24846.25,24856.75,0.0,65.20953873672036,28.825205094643024,22.52746010906556,24814.022571211106,24793.28568205303,25.471125405443615
2025-07-31 07:20:00+00:00,24876.150390625,24882.05078125,24871.25,24873.25,0.0,66.3600162034069,30.097238788461254,24.0414158449447,24819.93950639338,24796.535278467614,24.598187876483358
2025-07-31 07:25:00+00:00,24897.150390625,24906.05078125,24872.30078125,24877.05078125,0.0,69.46692299174882,32.42607158232204,25.71834699242017,24827.292923939247,24800.48096914045,25.251888742448834
2025-07-31 07:30:00+00:00,24890.150390625,24902.900390625,24886.75,24897.650390625,0.0,67.23772379690601,33.322723240395135,27.239222242015163,24833.279349337892,24803.99741704181,24.60178173405963
2025-07-31 07:35:00+00:00,24893.80078125,24902.5,24886.19921875,24889.30078125,0.0,67.81770485812507,33.936681219049206,28.578714037421975,24839.04329523428,24807.519117598993,24.00885312805537
2025-07-31 07:40:00+00:00,24900.150390625,24927.94921875,24893.19921875,24894.650390625,0.0,68.85065881156484,34.53748116706629,29.77046746335084,24844.863018604825,24811.15171654119,24.776077904622845
2025-07-31 07:45:00+00:00,24910.5,24913.5,24896.25,24900.44921875,0.0,70.51204370183878,35.44021371275812,30.904416713232298,24851.11415969008,24815.04772765722,24.238500911435498
2025-07-31 07:50:00+00:00,24897.0,24910.900390625,24894.099609375,24910.75,0.0,65.59728975357348,34.666682644987304,31.656869899583302,24855.484239719597,24818.2615422589,23.70723522133296
2025-07-31 07:55:00+00:00,24926.94921875,24927.44921875,24890.099609375,24897.349609375,0.0,70.50833739809148,36.05468934237797,32.53643378814224,24862.290428198685,24822.52380408208,24.681690518023462
2025-07-31 08:00:00+00:00,24933.0,24935.0,24915.150390625,24926.30078125,0.0,71.39673571391435,37.21396273101709,33.47193957671721,24869.024673132142,24826.856203922,24.33654186495036
2025-07-31 08:05:00+00:00,24944.900390625,24955.80078125,24930.55078125,24932.900390625,0.0,73.11226128937633,38.64745352432874,34.50704236623952,24876.250931940984,24831.485387714278,24.401788874596765
2025-07-31 08:10:00+00:00,24921.650390625,24948.349609375,24916.69921875,24946.349609375,0.0,64.91995415253824,37.47543117123496,35.10072012723861,24880.574689910893,24835.021270181365,24.919546142482712
2025-07-31 08:15:00+00:00,24919.69921875,24935.05078125,24916.19921875,24921.5,0.0,64.26911216378744,35.97446056073022,35.27546821393693,24884.300835514616,24838.3419740468,24.486118739448234
2025-07-31 08:20:00+00:00,24907.349609375,24920.94921875,24905.099609375,24920.349609375,0.0,60.1582321475978,33.4033670489589,34.90104798094133,24886.495956834653,24841.048155824377,23.869225213416218
2025-07-31 08:25:00+00:00,24907.69921875,24924.80078125,24901.30078125,24907.30078125,0.0,60.235774605007386,31.03620146083267,34.1280786769196,24888.515315112305,24843.661922997933,23.842851983886487
2025-07-31 08:30:00+00:00,24918.400390625,24928.05078125,24905.900390625,24907.349609375,0.0,62.63306885726149,29.68155037799079,33.23877301713384,24891.36151278018,24846.592843297036,23.721961886823163
2025-07-31 08:35:00+00:00,24941.150390625,24952.69921875,24916.150390625,24917.150390625,0.0,67.16515845386792,30.096777587979886,32.61037393130305,24896.10331067016,24850.300982407938,24.63816661812151
2025-07-31 08:40:00+00:00,24924.69921875,24951.69921875,24921.650390625,24941.099609375,0.0,61.3687564199805,28.766770636109868,31.841653272264416,24898.82673048729,24853.218560303707,25.0246424400414
2025-07-31 08:45:00+00:00,24907.05078125,24926.099609375,24905.900390625,24924.44921875,0.0,55.804841966020284,25.989063387369242,30.67113529528538,24899.609973417075,24855.329627791798,24.679969319324158
2025-07-31 08:50:00+00:00,24903.30078125,24914.05078125,24898.69921875,24906.400390625,0.0,54.670623182054676,23.217480062714458,29.180404248771197,24899.96147892497,24857.21084949604,24.01365454651529
2025-07-31 08:55:00+00:00,24867.150390625,24903.30078125,24863.400390625,24903.30078125,0.0,45.14486193662937,17.89763313385629,26.923850025788216,24896.836613372594,24857.600635422667,25.1484214092642
2025-07-31 09:00:00+00:00,24872.400390625,24882.5,24843.05078125,24862.75,0.0,46.600044738117745,13.944503680941125,24.3279807568188,24894.5093540633,24858.18101797962,26.16990693360247
2025-07-31 09:05:00+00:00,24886.94921875,24890.80078125,24861.650390625,24871.650390625,0.0,50.51751021369569,11.849001040558505,21.832184813566744,24893.78934117632,24859.309182715715,26.382798625845147
2025-07-31 09:10:00+00:00,24879.0,24893.349609375,24853.099609375,24887.0,0.0,48.4270891713512,9.43806840446996,19.35336153174739,24892.380832492865,24860.081371628825,27.37331300971335
2025-07-31 09:15:00+00:00,24858.30078125,24881.19921875,24850.05078125,24878.849609375,0.0,43.39191147744425,5.7903850040675025,16.64076622621141,24889.135113326876,24860.011544555146,27.64296475901954
2025-07-31 09:20:00+00:00,24836.75,24861.650390625,24836.75,24856.80078125,0.0,38.86148042902821,1.1473754595390346,13.542088072876936,24884.146054914796,24859.09932712161,27.447066606589573
2025-07-31 09:25:00+00:00,24851.44921875,24863.55078125,24835.099609375,24837.25,0.0,43.21630169854739,-1.3307983341437648,10.567510791472797,24881.032070518148,24858.799322871746,27.518788411476034
2025-07-31 09:30:00+00:00,24790.650390625,24851.900390625,24786.849609375,24851.900390625,0.0,32.807255123342784,-8.10727066299296,6.832554500579647,24872.424291480707,24856.126815724816,30.199645042799176
2025-07-31 09:35:00+00:00,24760.55078125,24790.30078125,24757.25,24788.75,0.0,29.073765332086978,-15.72519052134885,2.3210054961939477,24861.769671458736,24852.378735941493,30.42826972724209
2025-07-31 09:40:00+00:00,24762.44921875,24780.94921875,24752.5,24758.55078125,0.0,29.617801818014755,-21.362999492746894,-2.4157955015942214,24852.31058072457,24848.852088208492,30.28690894315337
2025-07-31 09:45:00+00:00,24754.19921875,24764.55078125,24748.849609375,24762.30078125,0.0,28.591442300216087,-26.194752966144733,-7.171586994504324,24842.966641488896,24845.140210974827,29.245070581142414
2025-07-31 09:50:00+00:00,24755.30078125,24758.94921875,24749.30078125,24754.25,0.0,28.94550333671559,-29.593925169338036,-11.656054629471067,24834.617511942335,24841.617096083657,27.845311075346526
2025-07-31 09:55:00+00:00,24765.599609375,24766.599609375,24747.55078125,24754.400390625,0.0,32.324017880325385,-31.09828262717565,-15.544500229011984,24828.044378364495,24838.636018173514,27.21699086460749
2025-08-01 03:45:00+00:00,24726.0,24759.19921875,24701.099609375,24736.400390625,0.0,27.0066908300617,-35.08145707987205,-19.451891599184,24818.325866139305,24834.21891942161,29.880062945706953
2025-08-01 03:50:00+00:00,24712.69921875,24732.599609375,24712.19921875,24725.900390625,0.0,25.489961297094325,-38.86342010315275,-23.33419729997775,24808.26618543556,24829.453440963905,29.20294349422789
2025-08-01 03:55:00+00:00,24686.900390625,24714.150390625,24679.69921875,24712.599609375,0.0,22.813636601489065,-43.44163474272864,-27.355684788527924,24796.707538310744,24823.863125264343,29.577816949997324
2025-08-01 04:00:00+00:00,24713.94921875,24738.69921875,24672.30078125,24685.5,0.0,30.994286967965024,-44.375752404866944,-30.75969831179573,24788.825793590673,24819.552775989272,32.20786127499751
2025-08-01 04:05:00+00:00,24697.80078125,24724.94921875,24697.19921875,24713.349609375,0.0,29.017013666612044,-45.890098836400284,-33.785778416716646,24780.156744796324,24814.77818796028,31.889442612497692
2025-08-01 04:10:00+00:00,24709.0,24725.30078125,24695.599609375,24699.25,0.0,32.24525980951593,-45.660203532486776,-36.160663439870675,24773.37991195858,24810.630023726546,31.733137559819287
2025-08-01 04:15:00+00:00,24711.55078125,24722.69921875,24694.599609375,24708.349609375,0.0,32.99274803041436,-44.756260803980695,-37.87978291269268,24767.491423319665,24806.744563237273,31.473599832332194
2025-08-01 04:20:00+00:00,24697.25,24724.650390625,24696.05078125,24710.80078125,0.0,30.932360276801703,-44.67880377106485,-39.239587084367116,24760.80176395589,24802.450658796595,31.268314799665607
2025-08-01 04:25:00+00:00,24696.900390625,24703.650390625,24685.150390625,24697.44921875,0.0,30.881586664178457,-44.13684697152712,-40.21903906179912,24754.71591887676,24798.31143259379,30.356292313975207
2025-08-01 04:30:00+00:00,24727.0,24729.349609375,24684.650390625,24696.55078125,0.0,40.011296121876555,-40.808144492159045,-40.33686014787111,24752.076307555162,24795.514905825406,31.38078705940555
2025-08-01 04:35:00+00:00,24727.05078125,24728.94921875,24712.44921875,24726.900390625,0.0,40.02568926596719,-37.73108570356635,-39.81570525901016,24749.692924097526,24792.830038195,30.317873698019437
2025-08-01 04:40:00+00:00,24745.650390625,24747.349609375,24721.650390625,24727.349609375,0.0,45.21088984940075,-33.40657125291909,-38.53387845779195,24749.30792090967,24790.979855937352,29.987969773160906
2025-08-01 04:45:00+00:00,24751.349609375,24752.05078125,24735.099609375,24745.599609375,0.0,46.730646009462234,-29.183078706086235,-36.66371850745081,24749.502367430177,24789.425728621183,29.056769923292272
2025-08-01 04:50:00+00:00,24756.099609375,24777.55078125,24748.5,24752.650390625,0.0,48.02466290426935,-25.1625864975249,-34.36349210546563,24750.130676186825,24788.11882198408,29.05634216091425
2025-08-01 04:55:00+00:00,24764.44921875,24768.05078125,24754.69921875,24756.44921875,0.0,50.3096905042663,-21.059809386857523,-31.70275556174401,24751.49434690713,24787.19060224941,27.934572185134662
2025-08-01 05:00:00+00:00,24778.099609375,24782.349609375,24756.25,24764.69921875,0.0,53.87955116725524,-16.516464998025185,-28.665497449000245,24754.02818142788,24786.834092724926,27.803503412982188
2025-08-01 05:05:00+00:00,24771.30078125,24784.099609375,24769.30078125,24778.94921875,0.0,51.88035163861557,-13.310999529589026,-25.594597865118004,24755.673190934747,24786.224943255325,26.874598035269173
2025-08-01 05:10:00+00:00,24769.44921875,24776.599609375,24756.0,24771.099609375,0.0,51.32185124640107,-10.795605649422214,-22.634799421978848,24756.98519358382,24785.567071706097,26.42638455953566
2025-08-01 05:15:00+00:00,24757.650390625,24772.599609375,24756.05078125,24769.349609375,0.0,47.791208569160375,-9.643045671808068,-20.036448671944694,24757.04854568298,24784.472299898996,25.720844814211684
2025-08-01 05:20:00+00:00,24739.849609375,24758.69921875,24735.30078125,24757.80078125,0.0,42.986486464725026,-10.05015592385098,-18.03919012232595,24755.410551748886,24782.722390466683,25.554958577482278
2025-08-01 05:25:00+00:00,24743.400390625,24745.400390625,24735.94921875,24740.400390625,0.0,44.19176680394143,-9.971332050969067,-16.425618508054576,24754.266726879945,24781.180351257204,24.404688098733544
2025-08-01 05:30:00+00:00,24767.25,24771.349609375,24743.44921875,24743.44921875,0.0,51.593833478475815,-7.8934091001247,-14.719176626468602,24755.503229081856,24780.634062972607,24.657868859538294
2025-08-01 05:35:00+00:00,24721.349609375,24767.599609375,24718.099609375,24766.349609375,0.0,40.46893032497295,-9.837023030657292,-13.742745907306341,24752.250503395488,24778.30918243937,26.4323067981427
2025-08-01 05:40:00+00:00,24710.25,24725.849609375,24707.099609375,24721.05078125,0.0,38.31729211489138,-12.13313357559673,-13.42082344096442,24748.25045545306,24775.64019489273,25.883570598275362
2025-08-01 05:45:00+00:00,24689.25,24718.0,24670.25,24710.849609375,0.0,34.57213527705642,-15.469024930454907,-13.830463738862518,24742.63136445753,24772.252344112625,27.445458412684268
2025-08-01 05:50:00+00:00,24701.099609375,24705.55078125,24686.05078125,24690.349609375,0.0,38.240307734699684,-16.961061854573927,-14.456583362004801,24738.675959211574,24769.46204078958,26.877925668921105
2025-08-01 05:55:00+00:00,24692.69921875,24706.650390625,24688.75,24701.05078125,0.0,36.67071663712762,-18.60686482953679,-15.2866396555112,24734.29722202476,24766.45173404293,26.236673165783884
2025-08-01 06:00:00+00:00,24682.150390625,24694.5,24677.55078125,24692.650390625,0.0,34.742248411680805,-20.52576951984156,-16.334465628377274,24729.330857129546,24763.145799006936,25.573283564656464
2025-08-01 06:05:00+00:00,24669.44921875,24685.30078125,24667.75,24682.349609375,0.0,32.52442493214757,-22.808471868149354,-17.62926687633169,24723.627843950544,24759.471423310588,25.000247685038143
2025-08-01 06:10:00+00:00,24646.849609375,24674.349609375,24644.650390625,24669.55078125,0.0,28.979538372880512,-26.13980611547595,-19.331374724160543,24716.315631133828,24755.054881587625,25.33588847539256
2025-08-01 06:15:00+00:00,24666.94921875,24668.900390625,24646.900390625,24647.19921875,0.0,35.69266158730592,-26.84854865408488,-20.834809510145412,24711.614068049654,24751.599757554777,25.10123795929309
2025-08-01 06:20:00+00:00,24665.55078125,24675.75,24660.849609375,24667.30078125,0.0,35.44164918651397,-27.20942117118466,-22.109731842353263,24707.22708835445,24748.225287895766,24.372606006843586
2025-08-01 06:25:00+00:00,24659.400390625,24669.0,24656.19921875,24666.0,0.0,34.2991804921448,-27.672706627079606,-23.222326799298532,24702.67216476117,24744.741958591032,23.54604709564047
2025-08-01 06:30:00+00:00,24650.69921875,24661.349609375,24646.150390625,24659.099609375,0.0,32.693526774368365,-28.414431659446564,-24.26074777132814,24697.722360379157,24741.054008009032,22.949845070951863
2025-08-01 06:35:00+00:00,24670.599609375,24671.05078125,24649.900390625,24652.849609375,0.0,39.651793189802405,-27.084248524872237,-24.825447922036965,24695.139241235906,24738.29109041554,22.82131261052673
2025-08-01 06:40:00+00:00,24654.05078125,24671.19921875,24653.69921875,24671.19921875,0.0,36.291767020261844,-27.053564283822197,-25.271071194394015,24691.22605457058,24734.987548879635,22.44121885263196
2025-08-01 06:45:00+00:00,24653.599609375,24660.05078125,24647.099609375,24654.94921875,0.0,36.20169949222927,-26.757212115953735,-25.56829937870596,24687.642583599572,24731.795864977492,21.763358354229673
2025-08-01 06:50:00+00:00,24674.349609375,24675.94921875,24653.75,24654.400390625,0.0,43.18533185673608,-24.564831219573534,-25.367605746879473,24686.376586054375,24729.543070640142,21.80523342714184
2025-08-01 06:55:00+00:00,24664.75,24675.25,24660.19921875,24675.25,0.0,40.95193046855251,-23.3329935874317,-24.96068331498992,24684.316911192054,24727.002165909158,21.322772557345992
2025-08-01 07:00:00+00:00,24660.400390625,24697.69921875,24657.69921875,24665.30078125,0.0,39.943925570294084,-22.448952958686277,-24.458337243729197,24682.039147328524,24724.39033158429,22.656860231821277
2025-08-01 07:05:00+00:00,24646.25,24660.849609375,24640.5,24660.849609375,0.0,36.77277055952088,-22.629306100458052,-24.092531015074968,24678.630657106758,24721.326004855495,22.492056599191187
2025-08-01 07:10:00+00:00,24635.44921875,24647.44921875,24611.150390625,24646.69921875,0.0,34.52003906351189,-23.37432537278073,-23.948889886616122,24674.51813916802,24717.95828775332,23.478254565320388
2025-08-01 07:15:00+00:00,24642.0,24648.650390625,24632.900390625,24636.150390625,0.0,37.03931162772054,-23.169086408099247,-23.79292919091275,24671.42117353297,24714.979531370842,22.926236382083214
2025-08-01 07:20:00+00:00,24649.900390625,24650.0,24635.150390625,24641.80078125,0.0,40.03571026167719,-22.114020885539503,-23.457147529838103,24669.37157516078,24712.42740820434,22.34933445300584
2025-08-01 07:25:00+00:00,24644.80078125,24655.849609375,24643.80078125,24650.650390625,0.0,38.7536290671203,-21.442197410473455,-23.054157505965176,24667.03149955023,24709.775383617896,21.613584001005425
2025-08-01 07:30:00+00:00,24639.400390625,24647.19921875,24634.5,24645.69921875,0.0,37.38818072972678,-21.102284852680896,-22.663782975308322,24664.399965366876,24707.015579971117,20.976843625933608
2025-08-01 07:35:00+00:00,24652.69921875,24666.94921875,24639.25,24640.19921875,0.0,42.73871180624632,-19.534614538428286,-22.037949287932317,24663.28560854622,24704.885526589896,21.457013277652635
2025-08-01 07:40:00+00:00,24655.400390625,24663.05078125,24645.25,24654.19921875,0.0,43.7894201060189,-17.86828802254604,-21.204017034855063,24662.534635410866,24702.944933022645,21.19585384710602
2025-08-01 07:45:00+00:00,24651.349609375,24660.19921875,24648.900390625,24656.099609375,0.0,42.529106674749364,-16.682273581074696,-20.29966834409899,24661.469394836022,24700.92158699725,20.48892343838416
2025-08-01 07:50:00+00:00,24661.599609375,24665.19921875,24648.44921875,24651.599609375,0.0,46.70871263657991,-14.745284789827565,-19.188791633244705,24661.481796220687,24699.379548659126,20.221857478499576
2025-08-01 07:55:00+00:00,24683.75,24684.75,24657.94921875,24663.05078125,0.0,54.42268891799918,-11.292680817594373,-17.60956947011464,24663.602577533,24698.766625182296,20.69178060503532
2025-08-01 08:00:00+00:00,24671.5,24692.650390625,24671.19921875,24684.19921875,0.0,50.1032497168083,-9.436165673341748,-15.974888710760062,24664.35471300605,24697.697345763383,20.746022838604226
2025-08-01 08:05:00+00:00,24636.25,24674.849609375,24615.599609375,24672.599609375,0.0,40.2127385788287,-10.686062176577252,-14.917123403923501,24661.67807367214,24695.287645929526,23.496306921561064
2025-08-01 08:10:00+00:00,24668.599609375,24671.75,24638.599609375,24638.900390625,0.0,49.97282048857127,-8.962951712710492,-13.7262890656809,24662.337267548603,24694.241056260722,24.35371357002099
2025-08-01 08:15:00+00:00,24665.5,24672.44921875,24662.69921875,24669.5,0.0,49.14498017029427,-7.758056778482569,-12.532642608241234,24662.63848016302,24693.113956015204,23.31059117216235
2025-08-01 08:20:00+00:00,24658.650390625,24665.849609375,24656.80078125,24664.94921875,0.0,47.280993392884696,-7.272047457892768,-11.480523578171542,24662.258662111777,24691.762443646963,22.291893811650755
2025-08-01 08:25:00+00:00,24643.849609375,24666.650390625,24637.5,24661.349609375,0.0,43.446386546205254,-7.989087691530585,-10.78223640084335,24660.50541899399,24689.883508969633,22.781786441175704
2025-08-01 08:30:00+00:00,24644.599609375,24651.94921875,24636.900390625,24644.55078125,0.0,43.695580809584094,-8.399998556156788,-10.305788831906039,24658.99057998266,24688.107669769845,22.22943227573458
2025-08-01 08:35:00+00:00,24644.75,24650.599609375,24638.44921875,24645.44921875,0.0,43.74910514716216,-8.61421381555192,-9.967473828635216,24657.634334270027,24686.407368994558,21.50950072925354
2025-08-01 08:40:00+00:00,24651.75,24663.94921875,24641.150390625,24646.0,0.0,46.307594640086165,-8.125474046526506,-9.599073872213474,24657.073921482406,24685.048256484966,21.601595543235426
2025-08-01 08:45:00+00:00,24642.150390625,24659.69921875,24640.69921875,24651.44921875,0.0,43.39277409468102,-8.41574108308123,-9.362407314387024,24655.65263282932,24683.365987235557,21.415767290147183
2025-08-01 08:50:00+00:00,24631.05078125,24646.400390625,24629.75,24641.900390625,0.0,40.23889889300458,-9.432691320176673,-9.376464115544955,24653.30959934557,24681.31441053024,21.07538324263667
2025-08-01 08:55:00+00:00,24628.44921875,24634.349609375,24618.44921875,24631.80078125,0.0,39.51398049462843,-10.329484197445709,-9.567068131925106,24650.941944050755,24679.241265754546,20.705740912805478
2025-08-01 09:00:00+00:00,24642.69921875,24651.0,24622.44921875,24628.30078125,0.0,45.324332112914725,-9.77763264319583,-9.609181034179251,24650.15692259354,24677.80824430339,21.2661009368908
2025-08-01 09:05:00+00:00,24628.69921875,24652.099609375,24605.55078125,24642.25,0.0,41.14276790137776,-10.350653418150614,-9.757475510973524,24648.113331751298,24675.882400164042,23.072010021755744
2025-08-01 09:10:00+00:00,24619.599609375,24630.94921875,24614.25,24627.349609375,0.0,38.647008926128954,-11.407539919400733,-10.087488392658965,24645.39773914403,24673.675231897807,22.616810645201763
2025-08-01 09:15:00+00:00,24638.900390625,24641.30078125,24616.25,24620.19921875,0.0,46.11364170863945,-10.565920982553507,-10.183174910637874,24644.778944046982,24672.311512632208,22.79066568840164
2025-08-01 09:20:00+00:00,24625.099609375,24640.05078125,24623.80078125,24639.150390625,0.0,42.16244786398191,-10.887040593486745,-10.323948047207647,24642.90472169727,24670.46006544565,22.323475282087234
2025-08-01 09:25:00+00:00,24613.80078125,24625.650390625,24610.400390625,24625.599609375,0.0,39.20095952656036,-11.91589221209506,-10.64233688018513,24640.13291784515,24668.238132732095,21.81822704765243
2025-08-01 09:30:00+00:00,24595.849609375,24617.69921875,24594.19921875,24610.75,0.0,34.99526623632798,-14.018181211438787,-11.317505746435861,24635.91545989561,24665.39936711025,21.93835368710583
2025-08-01 09:35:00+00:00,24553.849609375,24600.30078125,24553.75,24595.400390625,0.0,27.548333910676917,-18.855949729884742,-12.825194543125637,24628.09966460793,24661.024866806907,23.69638422731256
2025-08-01 09:40:00+00:00,24545.650390625,24561.150390625,24535.349609375,24556.650390625,0.0,26.3686546513555,-23.085410324336408,-14.877237699367793,24620.24735280003,24656.50037754487,23.846698300361663
2025-08-01 09:45:00+00:00,24551.900390625,24559.099609375,24539.900390625,24544.30078125,0.0,28.86910984424415,-25.637433179541404,-17.029276795402517,24613.73811830717,24652.398417273507,23.51473547533583
2025-08-01 09:50:00+00:00,24560.5,24563.25,24550.69921875,24551.099609375,0.0,32.27692776841566,-26.65870807972169,-18.95516305226635,24608.667821325533,24648.794557772588,22.731595887811842
2025-08-01 09:55:00+00:00,24572.150390625,24575.19921875,24546.80078125,24559.94921875,0.0,36.70137349066494,-26.225673400891537,-20.40926512199139,24605.189970782623,24645.78890415896,23.136370288682425
2025-08-04 03:45:00+00:00,24639.75,24642.650390625,24566.0,24600.400390625,0.0,55.051102255850445,-20.19497171205512,-20.366406440004134,24608.481402136662,24645.55208438802,26.958800312705108
2025-08-04 03:50:00+00:00,24646.25,24652.650390625,24624.349609375,24642.75,0.0,56.361077929196895,-14.721402335195307,-19.23740561904237,24612.07841145698,24645.579453627703,27.054656093940455
2025-08-04 03:55:00+00:00,24660.5,24666.25,24640.650390625,24647.349609375,0.0,59.17042402564509,-9.128475873720163,-17.21561966997793,24616.68999131822,24646.164573093283,26.950724185444706
2025-08-04 04:00:00+00:00,24656.55078125,24669.75,24641.75,24659.650390625,0.0,58.05497007596303,-4.957562610470632,-14.76400825807647,24620.48625702601,24646.571875373942,27.025672457912943
2025-08-04 04:05:00+00:00,24649.650390625,24661.349609375,24644.05078125,24657.80078125,0.0,56.06615277302265,-2.1837151451290993,-12.247949635486997,24623.263793559247,24646.69260146222,26.330897862704877
2025-08-04 04:10:00+00:00,24598.0,24651.30078125,24597.5,24651.19921875,0.0,43.93393483912846,-4.105846267495508,-10.6195289618887,24620.857717982177,24644.783087679385,28.293032390368815
2025-08-04 04:15:00+00:00,24604.400390625,24605.80078125,24555.349609375,24598.150390625,0.0,45.507531700117575,-5.054426712165878,-9.506508511944135,24619.29035347197,24643.19945250078,29.875756639271042
2025-08-04 04:20:00+00:00,24607.0,24646.349609375,24597.150390625,24605.55078125,0.0,46.16840310941702,-5.532639968394506,-8.71173480323421,24618.119843617496,24641.779866128203,31.25600393289454
2025-08-04 04:25:00+00:00,24608.099609375,24613.900390625,24600.19921875,24607.30078125,0.0,46.46416355969327,-5.75654031907834,-8.120695906403036,24617.165535594402,24640.459071745725,30.002087357330645
2025-08-04 04:30:00+00:00,24626.900390625,24626.900390625,24597.0,24607.75,0.0,51.3824935296063,-4.366581801019493,-7.3698730853263275,24618.092664644933,24639.9273587606,29.99482330502131
2025-08-04 04:35:00+00:00,24625.44921875,24638.349609375,24618.599609375,24626.349609375,0.0,50.9930791836533,-3.3435843446932267,-6.564615337199708,24618.793288845416,24639.359588564108,29.263050211805503
2025-08-04 04:40:00+00:00,24624.30078125,24630.69921875,24616.75,24626.400390625,0.0,50.66582509158041,-2.595600333672337,-5.7708123364942345,24619.317811931567,24638.76904710081,28.169205107390827
2025-08-04 04:45:00+00:00,24632.75,24645.30078125,24623.650390625,24623.69921875,0.0,53.05295462492573,-1.3059817314933753,-4.8778462154940625,24620.597067938084,24638.533006038033,27.70357550150577
2025-08-04 04:50:00+00:00,24646.150390625,24652.30078125,24627.849609375,24633.650390625,0.0,56.63669149298272,0.7882632258442754,-3.7446243272263953,24623.030717717793,24638.831727002227,27.471260956755362
2025-08-04 04:55:00+00:00,24618.5,24646.75,24609.19921875,24644.94921875,0.0,48.42284393961864,0.21434121121637872,-2.952831219537841,24622.59922079229,24638.03440437469,28.191226691987122
2025-08-04 05:00:00+00:00,24636.44921875,24640.05078125,24618.44921875,24618.5,0.0,53.17067863264574,1.1940910862394958,-2.1234467583823737,24623.918268216832,24637.972240232546,27.72053639255947
2025-08-04 05:05:00+00:00,24650.69921875,24652.80078125,24633.5,24637.75,0.0,56.58738853683744,3.084845648303599,-1.0817882770451792,24626.468834934276,24638.47133742931,27.11912531094808
2025-08-04 05:10:00+00:00,24641.650390625,24656.0,24641.650390625,24651.099609375,0.0,53.89816808719638,3.809207284983131,-0.10358916463951706,24627.914697381013,24638.596006182084,26.20701702980893
2025-08-04 05:15:00+00:00,24612.75,24642.150390625,24612.75,24641.75,0.0,46.32588959746977,2.027873049788468,0.32270327824607997,24626.47044048758,24637.582437312198,26.43511514375115
2025-08-04 05:20:00+00:00,24625.849609375,24630.849609375,24603.55078125,24612.599609375,0.0,49.770578943447525,1.6541142339010548,0.5889854693770751,24626.411313714954,24637.1223264127,26.496808928126068
2025-08-04 05:25:00+00:00,24625.25,24632.099609375,24617.5,24625.94921875,0.0,49.61362187032708,1.2946008612379956,0.7301085477492593,24626.300712408767,24636.656744984753,25.647008960045635
2025-08-04 05:30:00+00:00,24661.400390625,24663.150390625,24622.150390625,24625.55078125,0.0,58.1771231241745,3.881969398480578,1.360480717895523,24629.64353890555,24637.62708402947,26.74365117718523
2025-08-04 05:35:00+00:00,24648.44921875,24669.5,24642.400390625,24660.05078125,0.0,54.597078932608646,4.831729106877901,2.054730395691999,24631.434556033597,24638.05148146949,26.769076762743428
2025-08-04 05:40:00+00:00,24664.349609375,24666.099609375,24647.900390625,24648.099609375,0.0,58.013193300554825,6.789187627906358,3.0016218421348713,24634.56932301849,24639.08278060304,26.156944047547466
2025-08-04 05:45:00+00:00,24667.94921875,24677.349609375,24662.349609375,24664.5,0.0,58.76950260811249,8.532587642926956,4.107815002293289,24637.748360707206,24640.214797785273,25.360019472722648
2025-08-04 05:50:00+00:00,24676.25,24682.19921875,24668.099609375,24668.099609375,0.0,60.53492180703733,10.463432453641872,5.378938492563005,24641.415183496996,24641.627942970168,24.56644665324246
2025-08-04 05:55:00+00:00,24666.44921875,24679.55078125,24665.099609375,24676.0,0.0,57.40928972950091,11.075132505295187,6.518177295109442,24643.799377330615,24642.601326334083,23.843927026225142
2025-08-04 06:00:00+00:00,24671.349609375,24683.849609375,24666.75,24666.75,0.0,58.5613937627041,11.81908669812401,7.5783591757123565,24646.42320895389,24643.728709982748,23.383674426137635
2025-08-04 06:05:00+00:00,24652.94921875,24673.5,24632.55078125,24671.69921875,0.0,52.78725856728887,10.799428916743636,8.222573123918613,24647.044733696373,24644.09029856186,24.638356163556377
2025-08-04 06:10:00+00:00,24669.349609375,24670.44921875,24652.25,24653.349609375,0.0,56.869269730585984,11.185774591824156,8.815213417499722,24649.169007570526,24645.08085977022,24.17841777687378
2025-08-04 06:15:00+00:00,24672.599609375,24674.44921875,24667.849609375,24669.25,0.0,57.6506731953714,11.620253116841923,9.376221357368163,24651.40049345667,24646.16002642139,22.922788605311364
2025-08-04 06:20:00+00:00,24675.75,24677.900390625,24670.400390625,24672.30078125,0.0,58.43674781140895,12.079545194937964,9.916886124882122,24653.719494079844,24647.32041754212,21.821160847789123
2025-08-04 06:25:00+00:00,24679.44921875,24684.400390625,24670.099609375,24676.349609375,0.0,59.38994151897862,12.596825154188991,10.452873930743497,24656.16994404843,24648.580370530664,21.28399087651847
2025-08-04 06:30:00+00:00,24670.69921875,24683.849609375,24659.55078125,24679.0,0.0,56.11193642894912,12.160542214525776,10.794407587499954,24657.553684496197,24649.447776343186,21.49933639426715
2025-08-04 06:35:00+00:00,24668.94921875,24679.099609375,24667.349609375,24670.599609375,0.0,55.45271064517198,11.540542279290094,10.943634525857982,24658.63897347275,24650.212538790514,20.802955223248066
2025-08-04 06:40:00+00:00,24676.80078125,24681.44921875,24668.599609375,24669.849609375,0.0,57.84561016732111,11.549606663033046,11.064828953292997,24660.368669451535,24651.255214965397,20.234859091230344
2025-08-04 06:45:00+00:00,24678.150390625,24680.599609375,24669.849609375,24676.75,0.0,58.260645987878064,11.532750085760199,11.158413179786438,24662.06216670615,24652.309927736365,19.557369156142464
2025-08-04 06:50:00+00:00,24670.0,24681.25,24667.30078125,24677.75,0.0,54.75459395582615,10.73794240316056,11.074319024461262,24662.818150829375,24653.00365606043,19.156786984275147
2025-08-04 06:55:00+00:00,24694.599609375,24696.599609375,24669.400390625,24669.400390625,0.0,62.15686008855976,11.95522211874777,11.250499643318564,24665.844956405148,24654.634869915903,19.731246396112635
2025-08-04 07:00:00+00:00,24694.099609375,24698.900390625,24691.05078125,24694.94921875,0.0,61.93506431056008,12.732803410235647,11.546960396701982,24668.53587573561,24656.182506757435,18.88255803746173
2025-08-04 07:05:00+00:00,24717.30078125,24719.650390625,24693.400390625,24694.849609375,0.0,67.69546058828277,15.047722082654218,12.247112733892429,24673.180152451267,24658.579301835576,19.40880389192875
2025-08-04 07:10:00+00:00,24692.400390625,24720.80078125,24689.650390625,24716.75,0.0,57.617698736023826,14.703564843577624,12.738403155829468,24675.010651324956,24659.905619043006,20.247488658576692
2025-08-04 07:15:00+00:00,24694.05078125,24701.25,24686.75,24692.80078125,0.0,58.063317923357644,14.398019081127131,13.070326340889002,24676.8239970321,24661.24464501191,19.836953754392646
2025-08-04 07:20:00+00:00,24692.19921875,24703.94921875,24691.75,24695.05078125,0.0,57.33497602284731,13.846848394521658,13.225630751615533,24678.288303862377,24662.458549864383,19.291401254078885
2025-08-04 07:25:00+00:00,24705.69921875,24709.5,24691.900390625,24693.25,0.0,61.160469716577055,14.334143743824825,13.447333350057391,24680.89886718501,24664.154262369702,19.17055897700182
2025-08-04 07:30:00+00:00,24716.19921875,24722.0,24705.0,24705.650390625,0.0,63.873656642061555,15.390182621555141,13.835903204356942,24684.260805429294,24666.195241051282,19.01551905007312
2025-08-04 07:35:00+00:00,24709.150390625,24721.0,24703.94921875,24716.0,0.0,60.802920558719,15.479877132638649,14.164697990013284,24686.6312421146,24667.87975672084,18.875180635782183
2025-08-04 07:40:00+00:00,24698.75,24712.05078125,24693.05078125,24708.94921875,0.0,56.48780135383829,14.544080963169108,14.240574584644449,24687.78540953226,24669.090354496493,18.884096304654886
2025-08-04 07:45:00+00:00,24693.599609375,24704.5,24692.5,24698.650390625,0.0,54.427814475273806,13.234305441925244,14.039320756100608,24688.339142850615,24670.05150174663,18.392375140036677
2025-08-04 07:50:00+00:00,24688.25,24701.099609375,24686.099609375,24693.650390625,0.0,52.294606172487114,11.630560277793847,13.557568660439257,24688.330653055316,24670.765168344806,18.150062630034057
2025-08-04 07:55:00+00:00,24668.80078125,24689.5,24644.099609375,24688.80078125,0.0,45.33741555872334,8.690018151737604,12.584058558698928,24686.470665264336,24670.688133556774,20.096514629674484
2025-08-04 08:00:00+00:00,24687.150390625,24691.25,24667.30078125,24671.05078125,0.0,51.84642480769754,7.750929562636884,11.61743275948652,24686.53540101297,24671.333712265332,20.371707781126307
2025-08-04 08:05:00+00:00,24689.349609375,24689.849609375,24677.5,24687.55078125,0.0,52.575304033326134,7.102282966479834,10.714402800885184,24686.803420856973,24672.040218034337,19.798700752117288
2025-08-04 08:10:00+00:00,24701.69921875,24702.69921875,24686.150390625,24689.05078125,0.0,56.55236837692515,7.498300392944657,10.071182319297078,24688.222068275358,24673.20331610162,19.56656699303748
2025-08-04 08:15:00+00:00,24719.5,24734.30078125,24700.69921875,24701.349609375,0.0,61.556732290546734,9.143125081569451,9.885570871751554,24691.2009189158,24675.018872332927,20.56906667210623
2025-08-04 08:20:00+00:00,24719.19921875,24723.44921875,24712.650390625,24718.75,0.0,61.427982832280925,10.303616289671481,9.969179955335541,24693.86742366192,24676.75143493752,19.871192490170074
2025-08-04 08:25:00+00:00,24718.650390625,24721.0,24712.44921875,24719.30078125,0.0,61.176548195621415,11.051631758531585,10.18567031597475,24696.22770622983,24678.394531238988,19.062591687300785
2025-08-04 08:30:00+00:00,24699.0,24725.25,24682.19921875,24718.30078125,0.0,52.837431351588805,9.944186714099487,10.137373595599698,24696.491734207942,24679.20258883746,20.776033798922157
2025-08-04 08:35:00+00:00,24722.400390625,24723.19921875,24698.099609375,24698.75,0.0,59.85522674429262,10.829904102771252,10.27587969703401,24698.959225295283,24680.89662028011,21.084860625784863
2025-08-04 08:40:00+00:00,24719.44921875,24722.849609375,24714.150390625,24722.849609375,0.0,58.66953451477048,11.165003398989938,10.453704437425197,24700.91065324335,24682.408486886772,20.200171920371655
2025-08-04 08:45:00+00:00,24720.0,24724.150390625,24714.849609375,24721.099609375,0.0,58.83343635765229,11.344246042477607,10.631812758435679,24702.728686267794,24683.882663871605,19.421644015345105
2025-08-04 08:50:00+00:00,24717.44921875,24726.5,24716.349609375,24719.94921875,0.0,57.69237058966042,11.151918030485831,10.73583381284571,24704.13064174229,24685.19899935703,18.759411630320454
2025-08-04 08:55:00+00:00,24721.80078125,24724.599609375,24713.80078125,24717.69921875,0.0,59.14801830402058,11.221279496527131,10.832922949581995,24705.813512171597,24686.634363352834,18.190798522797564
2025-08-04 09:00:00+00:00,24730.05078125,24734.349609375,24717.400390625,24721.80078125,0.0,61.82940775263534,11.805864354573714,11.02751123058034,24708.121823512396,24688.336967976255,18.102114253312024
2025-08-04 09:05:00+00:00,24718.900390625,24730.599609375,24708.25,24729.55078125,0.0,56.43758047847193,11.239842819089972,11.069977548282267,24709.148353713594,24689.535533570324,18.405506762004023
2025-08-04 09:10:00+00:00,24699.30078125,24725.19921875,24699.30078125,24718.150390625,0.0,48.44113133754072,9.104787673688406,10.676939573363496,24708.210489669444,24689.918484459726,18.940716100432308
2025-08-04 09:15:00+00:00,24716.150390625,24719.349609375,24689.099609375,24698.5,0.0,54.42013636447146,8.672393789987836,10.276030416688366,24708.96667071283,24690.947186662288,19.748522093258572
2025-08-04 09:20:00+00:00,24727.400390625,24729.44921875,24715.75,24716.30078125,0.0,57.92817419210729,9.132228852158732,10.04727010378244,24710.722263085416,24692.37672407259,19.31642899731153
2025-08-04 09:25:00+00:00,24725.75,24729.650390625,24718.55078125,24727.94921875,0.0,57.23226734967969,9.256772411099519,9.889170565245855,24712.1534761249,24693.685479991313,18.729513310003565
2025-08-04 09:30:00+00:00,24719.400390625,24727.19921875,24701.69921875,24726.349609375,0.0,54.51863395243523,8.742337444047735,9.659803941006231,24712.843658458245,24694.693907859302,19.213119502146167
2025-08-04 09:35:00+00:00,24725.25,24725.75,24716.349609375,24719.849609375,0.0,56.56199286730262,8.706297833748977,9.469102719554781,24714.025214795554,24695.89218598247,18.512210296635725
2025-08-04 09:40:00+00:00,24719.25,24726.0,24713.75,24725.150390625,0.0,53.88769468339728,8.100212123870733,9.195324600417973,24714.522813386455,24696.80817868904,18.064909561161745
2025-08-04 09:45:00+00:00,24723.150390625,24724.94921875,24718.55078125,24719.5,0.0,55.36510517692018,7.844190809875727,8.925097842309524,24715.344487409173,24697.8412066081,17.23159012822162
2025-08-04 09:50:00+00:00,24730.25,24734.150390625,24722.650390625,24723.349609375,0.0,58.00274952828172,8.120562427859113,8.764190759419442,24716.764060036872,24699.112139682293,16.822190833348646
2025-08-04 09:55:00+00:00,24726.900390625,24735.80078125,24722.349609375,24730.19921875,0.0,56.31197055343336,7.97734556955038,8.60682172144563,24717.729424854788,24700.20187501338,16.58140376489517
2025-08-05 03:45:00+00:00,24689.900390625,24720.400390625,24678.75,24720.25,0.0,41.81288442706603,4.82266175669065,7.849989728494635,24715.079040642428,24699.797895233445,18.836331397759803
2025-08-05 03:50:00+00:00,24680.30078125,24702.900390625,24677.150390625,24690.599609375,0.0,39.00670346578881,1.5303034716125694,6.586052477118222,24711.766825462197,24699.033302528213,19.330164869348387
2025-08-05 03:55:00+00:00,24673.400390625,24685.0,24664.55078125,24680.05078125,0.0,37.080273297237376,-1.6170773824705975,4.945426505200459,24708.112879287226,24698.028090296717,19.41009728939493
2025-08-05 04:00:00+00:00,24675.25,24684.05078125,24659.599609375,24673.0,0.0,37.964664035043846,-3.916998644130217,3.1729414753343237,24704.98308125987,24697.13483185371,19.770174045509577
2025-08-05 04:05:00+00:00,24632.900390625,24675.650390625,24632.25,24675.25,0.0,28.19326405229542,-9.052609512735216,0.7278312777204157,24698.11806310417,24694.615834158467,21.45804665833032
2025-08-05 04:10:00+00:00,24631.400390625,24647.5,24628.55078125,24633.44921875,0.0,27.919165840566663,-13.0927307401289,-2.036281125849448,24691.763999058538,24692.136797157153,21.278844664878157
2025-08-05 04:15:00+00:00,24614.30078125,24632.75,24610.349609375,24631.900390625,0.0,24.942191653276467,-17.472934378511127,-5.123611776381784,24684.386549743438,24689.08440437648,21.358955090601146
2025-08-05 04:20:00+00:00,24614.55078125,24623.150390625,24608.900390625,24615.400390625,0.0,25.067991035839654,-20.68565307663448,-8.236020036432324,24677.735524172633,24686.16151719505,20.851172584129635
2025-08-05 04:25:00+00:00,24605.099609375,24623.099609375,24599.400390625,24614.55078125,0.0,23.466718240844486,-23.720946074288804,-11.33300524400362,24670.81781800143,24682.982618849168,21.054604453120373
2025-08-05 04:30:00+00:00,24613.849609375,24617.099609375,24593.19921875,24605.099609375,0.0,28.049078503551485,-25.130694763913198,-14.092543147985538,24665.392274322723,24680.27152043842,21.257874893968914
2025-08-05 04:35:00+00:00,24632.75,24634.55078125,24609.5,24614.5,0.0,36.845225759891854,-24.44108557044092,-16.162251632476615,24662.283486291988,24678.407931401616,21.52879677654256
2025-08-05 04:40:00+00:00,24618.69921875,24634.30078125,24608.25,24633.650390625,0.0,33.560501289768,-24.74312262033709,-17.878425830048712,24658.13260366894,24676.066413258417,21.851795667503804
2025-08-05 04:45:00+00:00,24635.69921875,24638.25,24611.099609375,24618.75,0.0,40.474851087074654,-23.341663071165385,-18.971073278272048,24655.996090819517,24674.483386022792,22.23026673589639
2025-08-05 04:50:00+00:00,24641.80078125,24644.599609375,24627.599609375,24634.80078125,0.0,42.77668935638539,-21.490917264025484,-19.475042075422735,24654.644156574803,24673.20171524739,21.856676254760934
2025-08-05 04:55:00+00:00,24625.19921875,24644.69921875,24621.0,24642.599609375,0.0,38.42299340704953,-21.120333172799292,-19.804100294898046,24651.839876781964,24671.319264404356,21.988286432992293
2025-08-05 05:00:00+00:00,24613.150390625,24626.650390625,24604.80078125,24625.80078125,0.0,35.59172833295119,-21.55046203240272,-20.15337264239898,24648.155163814634,24669.038132099282,21.978380928849987
2025-08-05 05:05:00+00:00,24630.099609375,24633.400390625,24609.94921875,24613.400390625,0.0,42.059586457127814,-20.289793836571334,-20.180656881233453,24646.435587201333,24667.51113120813,22.083580282146418
2025-08-05 05:10:00+00:00,24616.0,24633.0,24596.849609375,24630.44921875,0.0,38.58810851589233,-20.195623276173137,-20.18365016022139,24643.536959848825,24665.49108684703,23.0883524494931
2025-08-05 05:15:00+00:00,24611.75,24616.75,24605.05078125,24615.849609375,0.0,37.58120773635614,-20.23072470860643,-20.1930650698984,24640.509630339413,24663.383593245188,22.274842899529308
2025-08-05 05:20:00+00:00,24626.900390625,24629.349609375,24610.349609375,24611.0,0.0,43.26459118642259,-18.819098092040804,-19.91827167432688,24639.213512271373,24661.952879416946,22.040925549562928
2025-08-05 05:25:00+00:00,24619.94921875,24627.25,24616.44921875,24626.900390625,0.0,41.40194149722439,-18.05316960365235,-19.545251260191975,24637.37881765029,24660.30567703785,21.23805809959415
2025-08-05 05:30:00+00:00,24624.400390625,24626.75,24615.25,24620.19921875,0.0,43.09151324171149,-16.89226981669708,-19.014654971492998,24636.142776981214,24658.89762659029,20.54248252105171
2025-08-05 05:35:00+00:00,24606.94921875,24624.599609375,24606.150390625,24624.05078125,0.0,38.41493285000516,-17.182344722172274,-18.648192921628855,24633.362438102053,24656.860434125963,20.392963680262305
2025-08-05 05:40:00+00:00,24633.599609375,24634.900390625,24604.150390625,24607.44921875,0.0,47.74214591049033,-15.087844102847157,-17.936123157872515,24633.385025842334,24655.948244920044,21.132751988814995
2025-08-05 05:45:00+00:00,24641.94921875,24642.150390625,24625.75,24635.0,0.0,50.28271575159981,-12.608846640661795,-16.870667854430373,24634.200663262112,24655.39926350161,20.794726177113922
2025-08-05 05:50:00+00:00,24644.80078125,24644.80078125,24631.75,24640.55078125,0.0,51.15607227087377,-10.295446530508343,-15.555623589645968,24635.210198308578,24654.983636746645,20.24158725374864
2025-08-05 05:55:00+00:00,24638.05078125,24646.599609375,24637.44921875,24645.150390625,0.0,48.96346005125347,-8.904088079187204,-14.225316487554215,24635.480730017283,24654.319603197757,19.449358923123736
2025-08-05 06:00:00+00:00,24620.55078125,24638.30078125,24618.25,24637.099609375,0.0,43.73027808428084,-9.108532733233005,-13.201959736689973,24634.058830134687,24652.99533567039,19.492317660757756
2025-08-05 06:05:00+00:00,24630.94921875,24634.19921875,24619.349609375,24619.349609375,0.0,47.33235014089507,-8.335404240155185,-12.228648637383017,24633.762676669478,24652.13078206567,19.16069564034649
2025-08-05 06:10:00+00:00,24633.650390625,24636.099609375,24624.150390625,24629.150390625,0.0,48.25892789129404,-7.419208328312379,-11.26676057556889,24633.75198276048,24651.4060608327,18.645590148178883
2025-08-05 06:15:00+00:00,24632.150390625,24635.0,24625.099609375,24632.900390625,0.0,47.756476643411524,-6.736499755468685,-10.360708411548849,24633.59945017615,24650.650936510832,18.02093303938039
2025-08-05 06:20:00+00:00,24628.150390625,24636.099609375,24625.599609375,24632.349609375,0.0,46.37001793727987,-6.443933212576667,-9.577353371754413,24633.08049212366,24649.768562162368,17.483723536567506
2025-08-05 06:25:00+00:00,24625.150390625,24629.19921875,24615.69921875,24628.5,0.0,45.30760891310849,-6.380595514154265,-8.938001800234384,24632.325244361884,24648.80314367071,17.19917185538411
2025-08-05 06:30:00+00:00,24624.55078125,24628.05078125,24619.30078125,24624.69921875,0.0,45.08526718441047,-6.306090708960255,-8.411619581979558,24631.58481930361,24647.852070634603,16.59565957999953
2025-08-05 06:35:00+00:00,24629.5,24631.900390625,24620.599609375,24624.900390625,0.0,47.38061508799722,-5.781044243823999,-7.885504514348447,24631.38626508422,24647.13238159011,16.217453984999562
2025-08-05 06:40:00+00:00,24658.69921875,24668.69921875,24627.849609375,24629.69921875,0.0,58.422380809009624,-2.9745197996962816,-6.903307571418014,24633.987498766677,24647.58598304736,17.976893655713877
2025-08-05 06:45:00+00:00,24660.69921875,24662.0,24651.849609375,24658.099609375,0.0,59.05614103658665,-0.5822340409140452,-5.639092865317221,24636.53147209842,24648.10022758472,17.4178577249486
2025-08-05 06:50:00+00:00,24661.0,24665.05078125,24654.19921875,24659.44921875,0.0,59.1569708018678,1.3226930098826415,-4.246735690277249,24638.86180808905,24648.60610101277,16.94883663745227
2025-08-05 06:55:00+00:00,24655.849609375,24662.0,24647.849609375,24662.0,0.0,56.587211938416615,2.389226427061658,-2.919543266809468,24640.479693925805,24648.890160164232,16.74894763656282
2025-08-05 07:00:00+00:00,24640.69921875,24657.80078125,24620.94921875,24657.099609375,0.0,49.74212283237572,1.989023710579204,-1.9378298713317335,24640.50060105192,24648.56894677544,18.184848698236905
2025-08-05 07:05:00+00:00,24646.30078125,24647.150390625,24635.55078125,24641.599609375,0.0,52.05155583566703,2.0996559274608444,-1.1303327115732178,24641.052999166022,24648.479999107774,17.714474460862842
2025-08-05 07:10:00+00:00,24649.599609375,24652.099609375,24644.349609375,24647.30078125,0.0,53.409353781970786,2.425560267729452,-0.4191541157126839,24641.86696204307,24648.52390539276,17.002726285086926
2025-08-05 07:15:00+00:00,24640.349609375,24650.44921875,24639.0,24649.94921875,0.0,49.20199036106914,1.915364975709963,0.047749702571845465,24641.72245226516,24648.203344764614,16.60604717543786
2025-08-05 07:20:00+00:00,24632.69921875,24641.05078125,24629.599609375,24641.05078125,0.0,45.97608757160927,0.8835242272580217,0.21490460750908075,24640.86309669229,24647.595339822867,16.237841796835152
2025-08-05 07:25:00+00:00,24638.5,24639.900390625,24630.0,24634.44921875,0.0,48.721403294519575,0.5277737208925828,0.27747843018578117,24640.638039864454,24647.238659829814,15.785166713132641
2025-08-05 07:30:00+00:00,24626.44921875,24642.349609375,24622.19921875,24639.099609375,0.0,43.747751271561135,-0.7182785843288002,0.07832702728286492,24639.28672356784,24646.423387630606,16.09696842112317
2025-08-05 07:35:00+00:00,24624.05078125,24629.849609375,24622.400390625,24626.94921875,0.0,42.81103255647572,-1.8776732270634966,-0.3128730235864074,24637.83568144233,24645.546030517642,15.479272016042943
2025-08-05 07:40:00+00:00,24626.599609375,24634.400390625,24617.0,24626.400390625,0.0,44.17891435251718,-2.561307547130127,-0.7625599282951514,24636.76557934068,24644.80303361009,15.61649477382559
2025-08-05 07:45:00+00:00,24622.69921875,24629.30078125,24617.94921875,24628.80078125,0.0,42.50353335245385,-3.3788720637421648,-1.2858223553845542,24635.425925951095,24643.936217341066,15.311856754266618
2025-08-05 07:50:00+00:00,24603.599609375,24626.25,24594.30078125,24624.55078125,0.0,35.420024126553216,-5.50452396207038,-2.1295626767217195,24632.394848181943,24642.354389577693,16.50023975396186
2025-08-05 07:55:00+00:00,24604.650390625,24607.19921875,24598.05078125,24603.5,0.0,36.05145614732756,-7.023368125010165,-3.1083237663794088,24629.752518890808,24640.87580138347,15.975111021536012
2025-08-05 08:00:00+00:00,24611.69921875,24615.0,24593.5,24605.0,0.0,40.2704351493459,-7.571007682869094,-4.000860549677347,24628.033156972637,24639.731621672356,16.369745948569154
2025-08-05 08:05:00+00:00,24611.25,24618.650390625,24608.30078125,24612.55078125,0.0,40.08891424957462,-7.949625838649808,-4.7906136074718395,24626.434761070483,24638.614695332264,15.939736193314214
2025-08-05 08:10:00+00:00,24609.75,24617.650390625,24605.849609375,24611.849609375,0.0,39.44947453903304,-8.275328087900562,-5.487556503557585,24624.845736206626,24637.482746495705,15.644096554506055
2025-08-05 08:15:00+00:00,24619.25,24619.599609375,24606.400390625,24609.75,0.0,45.390489209513866,-7.678367421780422,-5.925718687202152,24624.312808948853,24636.767736829206,15.469462425612765
2025-08-05 08:20:00+00:00,24624.099609375,24628.0,24615.849609375,24619.599609375,0.0,48.18536790973168,-6.736297007621033,-6.087834351285928,24624.292504227535,24636.270947517274,15.232385868426139
2025-08-05 08:25:00+00:00,24623.650390625,24628.25,24619.900390625,24625.150390625,0.0,47.94061151510379,-5.95727584829001,-6.061722650686745,24624.2313505511,24635.77602371758,14.740758976038558
2025-08-05 08:30:00+00:00,24615.75,24629.05078125,24610.900390625,24624.900390625,0.0,43.733283901982375,-5.909273042852874,-6.031232729119971,24623.423602879568,24634.990689454145,14.98430409382152
2025-08-05 08:35:00+00:00,24601.599609375,24616.94921875,24592.349609375,24616.94921875,0.0,37.40187100566492,-6.933127954056545,-6.211611774107285,24621.345127307704,24633.681235333395,15.671111613905696
2025-08-05 08:40:00+00:00,24611.650390625,24614.30078125,24598.25,24601.69921875,0.0,43.642861957223914,-6.854511753954284,-6.340191770076686,24620.421819052208,24632.817280638952,15.698230873626716
2025-08-05 08:45:00+00:00,24618.25,24620.599609375,24602.849609375,24612.25,0.0,47.35442759683453,-6.188339205396915,-6.309821257140732,24620.21497914247,24632.246014731543,15.844785811224808
2025-08-05 08:50:00+00:00,24605.80078125,24619.44921875,24603.25,24619.44921875,0.0,41.76656719589384,-6.588986833106901,-6.3656543723339665,24618.84219839081,24631.208946751874,15.870102449708751
2025-08-05 08:55:00+00:00,24621.25,24622.0,24604.099609375,24607.69921875,0.0,49.69906754700801,-5.595380067541555,-6.211599511375484,24619.07151282978,24630.818399820426,16.015123033658124
2025-08-05 09:00:00+00:00,24614.349609375,24631.849609375,24594.599609375,24622.349609375,0.0,46.64291367002541,-5.303606724810379,-6.030000954062463,24618.621807738848,24630.172564900997,17.531899959825402
2025-08-05 09:05:00+00:00,24627.94921875,24631.25,24613.75,24614.69921875,0.0,52.802899795862785,-3.929700289903849,-5.60994082123074,24619.510132597054,24630.085374855862,17.529621391266446
2025-08-05 09:10:00+00:00,24623.44921875,24631.69921875,24618.30078125,24629.19921875,0.0,50.7164532377026,-3.167469319083466,-5.121446520801285,24619.885283659238,24629.825133439947,17.234536827604558
2025-08-05 09:15:00+00:00,24608.25,24629.900390625,24592.650390625,24624.25,0.0,44.343087317710314,-3.746656586168683,-4.846488533874766,24618.777161405975,24628.979049775637,18.664212768489943
2025-08-05 09:20:00+00:00,24605.75,24611.30078125,24600.80078125,24607.94921875,0.0,43.377507891862216,-4.357169042308669,-4.748624635561547,24617.53647936731,24628.06810664718,18.081054713597805
2025-08-05 09:25:00+00:00,24611.099609375,24614.400390625,24596.75,24606.5,0.0,46.08304906162591,-4.359086953332735,-4.670717099115785,24616.92344412995,24627.402675381607,18.050292992983675
2025-08-05 09:30:00+00:00,24627.30078125,24627.30078125,24597.900390625,24611.5,0.0,53.35251407624984,-3.018512210361223,-4.340276121364872,24617.911761950905,24627.398679533308,18.861014252413412
2025-08-05 09:35:00+00:00,24658.19921875,24658.900390625,24626.099609375,24627.19921875,0.0,63.46870407228048,0.531027257326059,-3.3660154456266858,24621.74866259844,24628.606543816317,19.856711895098165
2025-08-05 09:40:00+00:00,24666.650390625,24671.150390625,24650.0,24658.25,0.0,65.66215000416683,3.9801214370527305,-1.8967880690908028,24626.025017648586,24630.098459377445,19.949117518662582
2025-08-05 09:45:00+00:00,24662.25,24669.30078125,24646.849609375,24667.5,0.0,63.52342598274917,6.286017380578414,-0.26022697915695936,24629.475015967768,24631.35930410774,20.127835686972396
2025-08-05 09:50:00+00:00,24655.69921875,24667.80078125,24653.900390625,24661.650390625,0.0,60.370933293443365,7.4984260413984885,1.2915036249541303,24631.972559089885,24632.313810564297,19.683018182545798
2025-08-05 09:55:00+00:00,24648.849609375,24665.55078125,24646.400390625,24657.80078125,0.0,57.17579417681452,7.816459132736782,2.5964947265106604,24633.579897212276,24632.962273262758,19.644973357006815
2025-08-06 03:45:00+00:00,24652.349609375,24664.650390625,24634.55078125,24652.0,0.0,58.38770448413398,8.255756179991295,3.7283470172067874,24635.367488846823,24633.722560953433,20.391733072577754
2025-08-06 03:50:00+00:00,24662.55078125,24671.30078125,24645.44921875,24652.099609375,0.0,61.78247501502663,9.319620783335267,4.846601770432484,24637.956373837602,24634.85307939644,20.7817208888222
2025-08-06 03:55:00+00:00,24651.30078125,24662.650390625,24645.94921875,24662.44921875,0.0,56.325168007205036,9.149490534866345,5.707179523319256,24639.22726978164,24635.498087312262,20.490253102120615
2025-08-06 04:00:00+00:00,24644.349609375,24659.44921875,24639.30078125,24650.55078125,0.0,53.19835795571669,8.357420469430508,6.237227712541507,24639.715111647674,24635.845205824528,20.465837701969143
2025-08-06 04:05:00+00:00,24622.150390625,24644.19921875,24618.44921875,24643.849609375,0.0,44.66977108396285,5.870733646428562,6.163928899318918,24638.042281074086,24635.308154248076,20.854020053614203
2025-08-06 04:10:00+00:00,24621.05078125,24625.19921875,24617.05078125,24622.849609375,0.0,44.290997452655525,3.767853665205621,5.68471385249626,24636.424042995604,24634.749041581483,19.94647844264176
2025-08-06 04:15:00+00:00,24609.650390625,24627.44921875,24606.349609375,24620.849609375,0.0,40.46043505806155,1.1679267506769975,4.781356432132408,24633.874171341264,24633.764780759662,20.028844937810202
2025-08-06 04:20:00+00:00,24626.94921875,24643.400390625,24606.5,24609.75,0.0,47.83308879859789,0.4976007649274834,3.9246052986914233,24633.21465204686,24633.497503818107,21.233955344038044
2025-08-06 04:25:00+00:00,24620.099609375,24628.69921875,24612.69921875,24627.30078125,0.0,45.4340701209083,-0.579661661395221,3.0237519066740948,24631.965600363823,24632.972096192887,20.86010139089247
2025-08-06 04:30:00+00:00,24595.849609375,24641.5,24579.80078125,24619.94921875,0.0,38.14075314301868,-3.3515377884432382,1.7486939676506281,24628.52598217441,24631.51631239611,23.777181202257292
2025-08-06 04:35:00+00:00,24603.099609375,24613.80078125,24590.80078125,24596.44921875,0.0,41.18075492544873,-4.906693867596914,0.4176164006011198,24626.104422860182,24630.40193188548,23.721668259238914
2025-08-06 04:40:00+00:00,24605.400390625,24606.05078125,24585.80078125,24602.55078125,0.0,42.152331590415386,-5.885666150497855,-0.843040109618675,24624.132610266355,24629.42147928703,23.473691955007563
2025-08-06 04:45:00+00:00,24631.0,24632.25,24594.44921875,24605.849609375,0.0,51.71010228958479,-4.54346002712191,-1.5831240931193222,24624.786647383844,24629.483382060087,24.49705547607845
2025-08-06 04:50:00+00:00,24633.19921875,24649.44921875,24630.05078125,24631.099609375,0.0,52.43714254928008,-3.2646604572182696,-1.9194313659391118,24625.587844656813,24629.629101145965,24.13286847778713
2025-08-06 04:55:00+00:00,24602.5,24632.650390625,24602.05078125,24631.80078125,0.0,42.75934021304467,-4.674488381569972,-2.4704427690652837,24623.389002308544,24628.565214826514,24.633980550802335
2025-08-06 05:00:00+00:00,24591.25,24610.5,24590.44921875,24602.69921875,0.0,39.856352712858474,-6.623219793738826,-3.3009981739999925,24620.328144945826,24627.101873068612,24.306609172173598
2025-08-06 05:05:00+00:00,24569.099609375,24591.0,24544.55078125,24591.0,0.0,34.84082987951871,-9.841508103345404,-4.609100159869075,24615.449236796223,24624.827274492392,25.906081284875484
2025-08-06 05:10:00+00:00,24564.599609375,24577.19921875,24563.30078125,24569.0,0.0,33.90730114675203,-12.609779478636483,-6.209236023622557,24610.60641513706,24622.4654052721,25.048392443098663
2025-08-06 05:15:00+00:00,24564.349609375,24571.80078125,24554.94921875,24564.05078125,0.0,33.853032504637724,-14.654894892566517,-7.89836779741135,24606.201005064482,24620.186354452606,24.46290459002019
2025-08-06 05:20:00+00:00,24563.650390625,24569.400390625,24557.099609375,24564.849609375,0.0,33.6906188792655,-16.145964078496036,-9.547887053628287,24602.148565594056,24617.969257831915,23.59418149430446
2025-08-06 05:25:00+00:00,24556.44921875,24563.5,24548.650390625,24563.5,0.0,31.98848636618544,-17.704633543788077,-11.179236351660245,24597.796246847003,24615.556707279684,22.980311387568428
2025-08-06 05:30:00+00:00,24561.0,24563.0,24551.25,24556.69921875,0.0,34.24923690462467,-18.361025833757594,-12.615594248079717,24594.291842385384,24613.417228562834,22.178146288456396
2025-08-06 05:35:00+00:00,24550.0,24562.30078125,24549.650390625,24561.0,0.0,31.5216964915858,-19.54354371525551,-14.001184141514877,24590.073571682013,24610.930278423115,21.497592312495225
2025-08-06 05:40:00+00:00,24561.099609375,24561.94921875,24548.19921875,24549.44921875,0.0,36.97584569820823,-19.361860467539373,-15.073319406719776,24587.31414670039,24608.976134538876,20.94419286160271
2025-08-06 05:45:00+00:00,24551.25,24561.900390625,24551.0,24561.55078125,0.0,34.36049781719568,-19.78459188494162,-16.015573902364146,24583.87946606226,24606.71236455696,20.226778416131086
2025-08-06 05:50:00+00:00,24555.5,24560.94921875,24550.30078125,24551.55078125,0.0,36.44924869048331,-19.55129493977438,-16.72271810984619,24581.176659770616,24604.70403653512,19.54261120783601
2025-08-06 05:55:00+00:00,24569.400390625,24570.599609375,24553.0,24555.900390625,0.0,42.85436720802572,-18.036842583132966,-16.985543004503548,24580.055110328176,24603.319579832765,19.403825362633437
2025-08-06 06:00:00+00:00,24557.25,24572.75,24554.900390625,24568.75,0.0,39.1408561553883,-17.61401970305451,-17.111238344213742,24577.883195058825,24601.512929643246,19.292809934945335
2025-08-06 06:05:00+00:00,24561.400390625,24578.44921875,24553.55078125,24557.099609375,0.0,41.020913484036896,-16.750933354524022,-17.0391773462758,24576.313404160363,24599.939888897436,19.693211903877813
2025-08-06 06:10:00+00:00,24566.400390625,24566.650390625,24554.80078125,24561.5,0.0,43.29361766028653,-15.484971875139308,-16.7283362520485,24575.369307633184,24598.62461445538,19.132954580386542
2025-08-06 06:15:00+00:00,24580.19921875,24581.099609375,24560.25,24566.0,0.0,49.12060038297462,-13.215893579326803,-16.025847717504163,24575.82929916812,24597.902049917917,19.25557278000179
2025-08-06 06:20:00+00:00,24588.0,24590.599609375,24579.150390625,24580.650390625,0.0,52.116181876597295,-10.665232665745862,-14.953724707152505,24576.98841353306,24597.51373423486,18.69797606357309
2025-08-06 06:25:00+00:00,24580.349609375,24589.900390625,24558.30078125,24587.19921875,0.0,49.06517816791438,-9.155598066325183,-13.79409937898704,24577.308527422767,24596.840631299183,19.61952130010358
2025-08-06 06:30:00+00:00,24594.349609375,24600.099609375,24577.30078125,24580.25,0.0,54.33376846021186,-6.751689499069471,-12.385617403003527,24578.931487608694,24596.742944164904,19.84661464473904
2025-08-06 06:35:00+00:00,24593.19921875,24599.349609375,24587.44921875,24594.19921875,0.0,53.84094171910981,-4.883112073170196,-10.885116337036862,24580.290319145963,24596.60397454079,19.279027214757683
2025-08-06 06:40:00+00:00,24587.94921875,24593.650390625,24584.80078125,24593.05078125,0.0,51.54323414632167,-3.782282328396832,-9.464549535308857,24581.019738155872,24596.264572352917,18.534068797632134
2025-08-06 06:45:00+00:00,24607.25,24607.900390625,24586.19921875,24587.900390625,0.0,58.54709277177909,-1.3370424875793105,-7.839048125762948,24583.517858331503,24596.695373437116,18.760290446015553
2025-08-06 06:50:00+00:00,24612.69921875,24633.599609375,24606.30078125,24606.69921875,0.0,60.29212568305176,1.0286761767347343,-6.065503265263412,24586.297035514217,24597.322975214094,19.37018599451444
2025-08-06 06:55:00+00:00,24616.5,24617.599609375,24606.099609375,24612.150390625,0.0,61.50923201044584,3.173632880381774,-4.217676036134375,24589.173508322387,24598.07501540178,18.808029852049124
2025-08-06 07:00:00+00:00,24620.19921875,24623.30078125,24612.900390625,24615.599609375,0.0,62.707342943278896,5.113082131039846,-2.35152440269953,24592.128337886923,24598.942631219357,18.207484192974185
2025-08-06 07:05:00+00:00,24597.69921875,24622.30078125,24596.80078125,24620.349609375,0.0,52.08723468602433,4.779453115104843,-0.9253288991386555,24592.65889796912,24598.89386994605,18.728378179190315
2025-08-06 07:10:00+00:00,24600.099609375,24603.30078125,24595.55078125,24597.80078125,0.0,53.00171971248657,4.655080310712947,0.190752942831665,24593.367537150632,24598.941153845222,17.94420830924815
2025-08-06 07:15:00+00:00,24603.94921875,24610.650390625,24599.400390625,24600.599609375,0.0,54.50154755520699,4.811679228230787,1.1149381999114896,24594.37531635057,24599.137548547373,17.466050572873282
2025-08-06 07:20:00+00:00,24589.599609375,24603.94921875,24583.25,24603.099609375,0.0,48.31245913289635,3.734838552740257,1.6389182704772431,24593.920487114803,24598.763511717087,17.69699115695376
2025-08-06 07:25:00+00:00,24608.0,24608.150390625,24588.80078125,24589.44921875,0.0,55.31912169007022,4.316435126904253,2.174421641762645,24595.261393103872,24599.12572694387,17.815035315385636
2025-08-06 07:30:00+00:00,24612.599609375,24616.349609375,24604.849609375,24609.0,0.0,56.89223298736133,5.0898322205976,2.757503757529636,24596.912651796363,24599.65411449019,17.363961364286663
2025-08-06 07:35:00+00:00,24608.05078125,24612.349609375,24604.400390625,24612.349609375,0.0,54.83602530720549,5.2748968484738725,3.2609823757184833,24597.973426030043,24599.983395539595,16.709336891837616
2025-08-06 07:40:00+00:00,24618.099609375,24620.69921875,24607.05078125,24608.25,0.0,58.41191030284686,6.161393636997673,3.8410646279743217,24599.89020539623,24600.693835297847,16.490701220992072
2025-08-06 07:45:00+00:00,24616.900390625,24619.55078125,24611.150390625,24617.400390625,0.0,57.82352257212141,6.6900629170449974,4.410864285788457,24601.51022303707,24601.32938648715,15.912821892706924
2025-08-06 07:50:00+00:00,24609.849609375,24618.650390625,24607.650390625,24617.05078125,0.0,54.35664612171038,6.465566977854905,4.821804824201747,24602.304450307347,24601.663512874908,15.561906043227859
2025-08-06 07:55:00+00:00,24620.25,24622.25,24608.0,24609.900390625,0.0,58.32580207651523,7.0456589616478595,5.26657565169097,24604.013550278076,24602.392394722952,15.468198468711583
2025-08-06 08:00:00+00:00,24617.150390625,24627.0,24612.94921875,24620.44921875,0.0,56.74211940117136,7.172592286991858,5.647778978751147,24605.264677930165,24602.971139660287,15.366954381660756
2025-08-06 08:05:00+00:00,24626.599609375,24628.80078125,24614.650390625,24617.25,0.0,60.28259744414206,7.944086361982045,6.107040455397327,24607.296576163008,24603.897746315768,15.280056970470701
2025-08-06 08:10:00+00:00,24615.94921875,24626.5,24584.5,24625.650390625,0.0,54.83495635426078,7.608398577580374,6.407312079833937,24608.120637361768,24604.370353077895,17.195739285079934
2025-08-06 08:15:00+00:00,24606.0,24616.0,24601.69921875,24615.400390625,0.0,50.2652093950774,6.465020059000381,6.4188536756672265,24607.918671898744,24604.43426080033,16.98895656828851
2025-08-06 08:20:00+00:00,24599.650390625,24606.900390625,24595.349609375,24605.44921875,0.0,47.54215553687678,4.9890136904941755,6.132885678632617,24607.13121653934,24604.24665804836,16.600515474125046
2025-08-06 08:25:00+00:00,24598.099609375,24606.69921875,24596.0,24599.94921875,0.0,46.87425570186777,3.652034542061301,5.636715451318354,24606.27106347607,24604.00559731607,16.178994279544685
2025-08-06 08:30:00+00:00,24589.05078125,24600.400390625,24586.55078125,24598.25,0.0,43.07189809330426,1.8410812899601297,4.877588619046709,24604.6310365974,24603.41913394093,16.01260964350578
2025-08-06 08:35:00+00:00,24595.44921875,24599.75,24584.849609375,24588.94921875,0.0,46.38382453665703,0.9116789552390401,4.084406686285176,24603.756577754786,24603.106588247167,15.933165427898222
2025-08-06 08:40:00+00:00,24583.80078125,24598.650390625,24578.44921875,24595.599609375,0.0,41.63495239953151,-0.7560948563550483,3.116306377757131,24601.856025706715,24602.34949777669,16.238023031262635
2025-08-06 08:45:00+00:00,24588.80078125,24589.0,24579.349609375,24583.599609375,0.0,44.272385126773656,-1.655278385595011,2.161989425086703,24600.612669091788,24601.818175559958,15.767477859386732
2025-08-06 08:50:00+00:00,24591.650390625,24596.150390625,24589.0,24589.0,0.0,45.77628130362487,-2.1135840679307876,1.3068747264832048,24599.75911876162,24601.419438895842,15.166201539073395
2025-08-06 08:55:00+00:00,24574.349609375,24601.25,24574.099609375,24591.349609375,0.0,38.910643612702515,-3.828688345336559,0.27976211211925195,24597.339165486705,24600.35787695385,16.02221504521101
2025-08-06 09:00:00+00:00,24567.849609375,24574.69921875,24564.0,24574.5,0.0,36.684489739289376,-5.647317755319818,-0.9056538613685621,24594.530636333206,24599.08304293115,15.642001024124509
2025-08-06 09:05:00+00:00,24560.349609375,24567.900390625,24539.849609375,24567.900390625,0.0,34.24962324241393,-7.606103557955066,-2.245743800685863,24591.275300432426,24597.564084752477,16.5283424688299
2025-08-06 09:10:00+00:00,24560.400390625,24564.69921875,24550.599609375,24560.25,0.0,34.281429135066375,-9.050034630585287,-3.606601966665748,24588.33483283172,24596.106684982773,16.35486153355634
2025-08-06 09:15:00+00:00,24565.900390625,24567.19921875,24556.849609375,24560.05078125,0.0,37.791401875179965,-9.63943892246607,-4.813169357825812,24586.19821928822,24594.922124419725,15.925914950802314
2025-08-06 09:20:00+00:00,24579.05078125,24579.650390625,24563.650390625,24565.150390625,0.0,45.312242653069916,-8.942337746047997,-5.63900303547025,24585.517510903628,24594.299718805225,15.931206740030719
2025-08-06 09:25:00+00:00,24567.05078125,24585.599609375,24565.25,24579.349609375,0.0,40.500487634018995,-9.251533830098197,-6.36150919439584,24583.75877474614,24593.231133018748,16.246806928242812
2025-08-06 09:30:00+00:00,24568.44921875,24574.30078125,24556.349609375,24570.349609375,0.0,41.283012621334784,-9.276794621531735,-6.944566279823019,24582.300721794127,24592.2592932435,16.36854728158261
2025-08-06 09:35:00+00:00,24580.849609375,24581.5,24568.150390625,24569.650390625,0.0,47.83457051692435,-8.201662432526064,-7.195985510363628,24582.162520611353,24591.811854660424,16.152908859683855
2025-08-06 09:40:00+00:00,24576.349609375,24581.94921875,24575.0,24581.0,0.0,45.8358682204028,-7.624830518831004,-7.281754512057104,24581.608910017414,24591.205492100213,15.495502423277866
2025-08-06 09:45:00+00:00,24573.94921875,24577.599609375,24568.0,24577.599609375,0.0,44.76147148743572,-7.277488180250657,-7.280901245695814,24580.879415610994,24590.528775498242,15.074367205543734
2025-08-06 09:50:00+00:00,24581.5,24585.75,24573.849609375,24575.55078125,0.0,48.825072875220805,-6.32007800694555,-7.088736597945761,24580.938518886138,24590.17470587086,14.847654592647753
2025-08-06 09:55:00+00:00,24569.599609375,24582.5,24563.400390625,24582.5,0.0,43.4054698949903,-6.44726555057423,-6.9604423884714555,24579.85862274222,24589.367839341612,15.151365648530057
2025-08-07 03:45:00+00:00,24519.44921875,24528.80078125,24466.55078125,24466.55078125,0.0,28.864655351301025,-10.474041760819091,-7.663162262940983,24574.105346171535,24586.625932651747,21.429755825420767
2025-08-07 03:50:00+00:00,24504.44921875,24533.599609375,24496.650390625,24519.19921875,0.0,26.05334152722716,-14.70614230433057,-9.0717582712189,24567.471429274246,24583.403316420307,22.53828889146214
2025-08-07 03:55:00+00:00,24525.849609375,24529.30078125,24501.650390625,24505.75,0.0,35.67862245309318,-16.14714556002582,-10.486835728980285,24563.5074464267,24581.146308300886,22.903439015286274
2025-08-07 04:00:00+00:00,24518.94921875,24542.69921875,24512.30078125,24526.25,0.0,34.135712803448,-17.642582171352842,-11.917985017454797,24559.263805695588,24578.70720674987,23.438796049908685
2025-08-07 04:05:00+00:00,24517.400390625,24520.75,24500.25,24519.0,0.0,33.78257887166937,-18.736718715314055,-13.281731757026648,24555.276813784105,24576.30301788223,23.22888204634378
2025-08-07 04:10:00+00:00,24504.55078125,24522.5,24498.5,24517.349609375,0.0,30.924317260002084,-20.40546440541948,-14.706478286705217,24550.44576306657,24573.489204680965,23.28396190017637
2025-08-07 04:15:00+00:00,24502.25,24519.349609375,24500.099609375,24503.75,0.0,30.427895083160607,-21.663883442910446,-16.097959317946263,24545.855690393564,24570.69551037975,22.995821764449484
2025-08-07 04:20:00+00:00,24506.150390625,24510.80078125,24499.349609375,24502.650390625,0.0,32.40877801720241,-22.091800149566552,-17.29672748427032,24542.074233272746,24568.1643292129,22.17120391520309
2025-08-07 04:25:00+00:00,24481.349609375,24506.75,24479.099609375,24506.05078125,0.0,27.121019439312605,-24.15371402060191,-18.66812479153664,24536.290935758676,24564.759830395727,22.562574394474296
2025-08-07 04:30:00+00:00,24476.099609375,24487.849609375,24473.44921875,24481.099609375,0.0,26.148422106275135,-25.912721024742496,-20.117044038177813,24530.55842848404,24561.28295898315,21.979561268083273
2025-08-07 04:35:00+00:00,24471.400390625,24482.349609375,24468.0,24476.55078125,0.0,25.27471790624483,-27.37042520434261,-21.567720271410774,24524.924329640322,24557.75815238087,21.43456470429161
2025-08-07 04:40:00+00:00,24476.05078125,24480.19921875,24470.849609375,24470.94921875,0.0,27.844160253649463,-27.829616119073762,-22.820099440943373,24520.2697059841,24554.553941748287,20.571353609342207
2025-08-07 04:45:00+00:00,24483.05078125,24486.05078125,24471.55078125,24476.94921875,0.0,31.653759014667287,-27.31382989991107,-23.718845532736914,24516.725046485615,24551.74989623855,20.137685494389192
2025-08-07 04:50:00+00:00,24479.25,24486.650390625,24474.30078125,24483.55078125,0.0,30.7058039685014,-26.901651396012312,-24.355406705391992,24513.155994439363,24548.906763052724,19.581394343004252
2025-08-07 04:55:00+00:00,24450.69921875,24484.099609375,24450.55078125,24479.349609375,0.0,24.717578121118734,-28.549703193286405,-25.194266002970878,24507.207730087994,24545.05548680556,20.57906818457538
2025-08-07 05:00:00+00:00,24439.30078125,24450.44921875,24425.5,24450.30078125,0.0,22.805403831339348,-30.424836188947666,-26.240380040166237,24500.74040162723,24540.908243450438,20.909078939248566
2025-08-07 05:05:00+00:00,24436.099609375,24443.849609375,24432.80078125,24438.55078125,0.0,22.284013086610457,-31.802599840091716,-27.352824000151337,24494.584135698446,24536.798100937678,20.204775309659386
2025-08-07 05:10:00+00:00,24435.75,24439.05078125,24429.25,24436.150390625,0.0,22.224252963544643,-32.547510572869214,-28.39176131469491,24488.980884679546,24532.835430312673,19.461632876826574
2025-08-07 05:15:00+00:00,24418.25,24437.349609375,24413.599609375,24435.25,0.0,19.417235365770964,-34.156229687461746,-29.54465498924828,24482.24460994816,24528.3418840259,19.767944814196106
2025-08-07 05:20:00+00:00,24416.69921875,24423.650390625,24416.0,24417.75,0.0,19.18597615449147,-35.15108641898041,-30.665941275194708,24476.00219173881,24523.963740289593,18.902405229253528
2025-08-07 05:25:00+00:00,24426.05078125,24430.44921875,24417.05078125,24417.05078125,0.0,24.98776691776807,-34.783956805000344,-31.489544381155834,24471.2449145494,24520.124016405687,18.53437628430685
2025-08-07 05:30:00+00:00,24408.55078125,24433.80078125,24401.25,24426.80078125,0.0,21.829443842921833,-35.49593267090677,-32.290822039106025,24465.27404471136,24515.74859541919,19.535548067570648
2025-08-07 05:35:00+00:00,24411.94921875,24411.94921875,24388.55078125,24408.099609375,0.0,23.84255336857673,-35.37813603968607,-32.908284839222034,24460.1954898579,24511.678031628242,19.8114687413156
2025-08-07 05:40:00+00:00,24411.599609375,24416.44921875,24408.19921875,24411.44921875,0.0,23.774722383760334,-34.910564657220675,-33.30874080282176,24455.56731076429,24507.75338761831,18.985649545507346
2025-08-07 05:45:00+00:00,24421.55078125,24428.69921875,24410.30078125,24410.94921875,0.0,29.888899093565385,-33.35256693270276,-33.317506028797965,24452.32764128674,24504.37289325093,18.943705827971108
2025-08-07 05:50:00+00:00,24426.849609375,24430.44921875,24416.69921875,24420.94921875,0.0,32.971984949934125,-31.329128672092338,-32.91983055745684,24449.901162057053,24501.33276447148,18.572726840258888
2025-08-07 05:55:00+00:00,24424.150390625,24433.5,24423.099609375,24426.900390625,0.0,32.19531859484941,-29.602108981620404,-32.256286242289555,24447.448707634954,24498.306004712795,17.988988539168968
2025-08-07 06:00:00+00:00,24419.849609375,24429.44921875,24412.5,24424.44921875,0.0,30.94457613775863,-28.254767170205014,-31.455982427872648,24444.820222086386,24495.229283327,17.91471926851404
2025-08-07 06:05:00+00:00,24441.599609375,24441.599609375,24420.0,24420.19921875,0.0,43.00376105731986,-25.142123105193605,-30.19321056333684,24444.513497066255,24493.126158858293,18.18866789219161
2025-08-07 06:10:00+00:00,24423.69921875,24448.19921875,24421.19921875,24441.25,0.0,37.239864454691265,-23.844873325138906,-28.923543115697253,24442.53118484566,24490.403533756005,18.818048757035065
2025-08-07 06:15:00+00:00,24422.19921875,24429.5,24419.80078125,24423.849609375,0.0,36.79481345497143,-22.67643120885623,-27.67412073432905,24440.59480712226,24487.72885473616,18.16670375653256
2025-08-07 06:20:00+00:00,24426.650390625,24428.400390625,24416.900390625,24421.900390625,0.0,39.11992945585933,-21.147484999986773,-26.368793587460598,24439.266767455854,24485.333620849447,17.690510631065948
2025-08-07 06:25:00+00:00,24426.44921875,24432.05078125,24424.05078125,24427.099609375,0.0,39.05001118923347,-19.724643589899642,-25.039963587948407,24438.046048531487,24483.024428610253,16.99833130027552
2025-08-07 06:30:00+00:00,24434.30078125,24436.80078125,24421.150390625,24426.80078125,0.0,43.30876029938718,-17.75876406815223,-23.583723683989174,24437.689356409443,24481.113697341225,16.902049823470126
2025-08-07 06:35:00+00:00,24429.25,24438.94921875,24421.55078125,24434.349609375,0.0,41.30916550165787,-16.419077316721086,-22.150794410535557,24436.88560817997,24479.079826857258,16.937506086079402
2025-08-07 06:40:00+00:00,24442.30078125,24449.69921875,24427.599609375,24427.75,0.0,47.991159095602896,-14.141265234349703,-20.548888575298385,24437.401338948548,24477.637511343248,17.30622774957373
2025-08-07 06:45:00+00:00,24441.349609375,24452.5,24438.0,24440.19921875,0.0,47.5661085613658,-12.271377567434683,-18.893386373725647,24437.77736470345,24476.2144563641,17.105782910318464
2025-08-07 06:50:00+00:00,24435.349609375,24443.599609375,24430.849609375,24441.30078125,0.0,44.86663100773696,-11.14515358261633,-17.343739815503785,24437.546149910264,24474.61191334492,16.794655559581432
2025-08-07 06:55:00+00:00,24436.80078125,24440.19921875,24430.650390625,24435.599609375,0.0,45.669743058520545,-10.020011067925225,-15.878994065988072,24437.475162418814,24473.129123851002,16.27709645711133
2025-08-07 07:00:00+00:00,24431.94921875,24442.099609375,24426.69921875,24437.900390625,0.0,43.39392267401345,-9.411320225161035,-14.585459297822664,24436.948882069402,24471.514225611747,16.214474611960522
2025-08-07 07:05:00+00:00,24445.25,24446.599609375,24429.650390625,24431.94921875,0.0,50.654004760847435,-7.766143194789038,-13.22159607721594,24437.739464729457,24470.484255979914,16.266956336106198
2025-08-07 07:10:00+00:00,24434.900390625,24447.349609375,24417.849609375,24444.849609375,0.0,45.73825718228217,-7.214293640277901,-12.020135589828332,24437.46907671951,24469.08881027972,17.212173740670043
2025-08-07 07:15:00+00:00,24425.19921875,24439.5,24424.30078125,24434.94921875,0.0,41.65738737349007,-7.473601362355112,-11.11082874433369,24436.300518817654,24467.367649827578,17.068391241336467
2025-08-07 07:20:00+00:00,24431.849609375,24433.849609375,24424.25,24425.150390625,0.0,45.26286519121818,-7.061077945323632,-10.300878584531677,24435.876622680258,24465.974785496106,16.534906822312433
2025-08-07 07:25:00+00:00,24435.5,24438.75,24426.69921875,24431.69921875,0.0,47.1919612837575,-6.366208461095084,-9.51394455984436,24435.84075385357,24464.77969586881,16.21461213857583
2025-08-07 07:30:00+00:00,24434.849609375,24436.44921875,24427.599609375,24435.80078125,0.0,46.87498080354075,-5.801128676172084,-8.771381383109905,24435.746359141325,24463.6059669867,15.688540512606128
2025-08-07 07:35:00+00:00,24411.849609375,24435.400390625,24408.94921875,24435.400390625,0.0,37.32674984891761,-7.127050455204881,-8.4425151975289,24433.4704782112,24461.57630590389,16.45729989563426
2025-08-07 07:40:00+00:00,24403.150390625,24413.69921875,24398.69921875,24411.5,0.0,34.46703435427834,-8.77861288373606,-8.509734734770332,24430.582850822037,24459.285093540013,16.3532070459461
2025-08-07 07:45:00+00:00,24404.44921875,24405.599609375,24381.80078125,24402.94921875,0.0,35.26448057697452,-9.868920658129355,-8.781571919442136,24428.093933481843,24457.134667077662,16.88503712302138
2025-08-07 07:50:00+00:00,24362.349609375,24404.650390625,24359.5,24404.650390625,0.0,24.75101899782463,-13.96905746104676,-9.819069027763062,24421.832569281192,24453.417605991282,18.90399094459128
2025-08-07 07:55:00+00:00,24358.0,24370.75,24355.94921875,24362.25,0.0,23.95635089807689,-17.369201203091507,-11.32909546282875,24415.7532769687,24449.675739089664,18.610904537834756
2025-08-07 08:00:00+00:00,24356.849609375,24366.349609375,24344.5,24357.849609375,0.0,23.739260981319205,-19.92696092318147,-13.048668554899294,24410.143403864535,24446.035498708698,18.842240597632273
2025-08-07 08:05:00+00:00,24358.349609375,24359.400390625,24345.19921875,24355.55078125,0.0,24.697467622345584,-21.58415773039451,-14.755766389998337,24405.2106615322,24442.596836381887,18.510735688872824
2025-08-07 08:10:00+00:00,24385.400390625,24394.80078125,24354.150390625,24358.5,0.0,39.468554396657794,-20.478660910055623,-15.900345294009796,24403.323969064848,24440.35383850907,20.09213961288191
2025-08-07 08:15:00+00:00,24377.05078125,24395.5,24370.05078125,24386.150390625,0.0,37.052579879393264,-20.045221574637253,-16.729320550135288,24400.82176070153,24437.87136567538,20.474788122676056
2025-08-07 08:20:00+00:00,24383.44921875,24385.19921875,24371.349609375,24377.650390625,0.0,40.079553442743745,-18.966780111561093,-17.17681246242045,24399.167232896623,24435.73716383517,20.001561069270622
2025-08-07 08:25:00+00:00,24388.25,24393.75,24379.349609375,24382.599609375,0.0,42.320715323917256,-17.522733394205716,-17.245996648777506,24398.12749643028,24433.874922116145,19.601477466108435
2025-08-07 08:30:00+00:00,24404.900390625,24404.900390625,24388.400390625,24388.400390625,0.0,49.39080336277216,-14.863432202324475,-16.7694837594869,24398.772533972635,24432.73866597924,19.390685548886406
2025-08-07 08:35:00+00:00,24413.69921875,24422.849609375,24404.30078125,24404.94921875,0.0,52.69095736419874,-11.908649455665,-15.79731689872252,24400.19412299905,24431.99202098986,19.330552875751664
2025-08-07 08:40:00+00:00,24427.599609375,24442.75,24413.400390625,24413.400390625,0.0,57.41533742122867,-8.34907455352004,-14.307668429682026,24402.80416932057,24431.819769553982,20.046199768555116
2025-08-07 08:45:00+00:00,24467.30078125,24468.599609375,24426.599609375,24427.349609375,0.0,67.42194422646905,-2.29804261960453,-11.905743267666528,24408.94670379004,24433.21118177736,21.614328356515465
2025-08-07 08:50:00+00:00,24453.94921875,24513.69921875,24452.44921875,24466.69921875,0.0,62.13411757008504,1.4039009767075186,-9.24381441879172,24413.23265759575,24434.02443812923,24.445447759621505
2025-08-07 08:55:00+00:00,24469.650390625,24469.650390625,24436.94921875,24453.55078125,0.0,65.55534850884295,5.540800400005537,-6.2868914550322685,24418.605775027103,24435.421534305533,25.0351423392914
2025-08-07 09:00:00+00:00,24478.5,24481.44921875,24465.69921875,24469.349609375,0.0,67.34614207094504,9.424769637349527,-3.144559236555909,24424.309986929282,24437.110885901395,24.371917886484873
2025-08-07 09:05:00+00:00,24494.099609375,24507.650390625,24469.44921875,24478.599609375,0.0,70.2794329163321,13.604773979855963,0.2053074067264653,24430.956617638396,24439.34573780232,25.35972174280738
2025-08-07 09:10:00+00:00,24515.05078125,24521.650390625,24479.099609375,24493.75,0.0,73.69691743391712,18.395984551847505,3.8434428357506736,24438.965585601403,24442.31456303556,26.58765456474971
2025-08-07 09:15:00+00:00,24518.94921875,24520.150390625,24504.25,24514.900390625,0.0,74.28933738124479,22.251127626183006,7.52497979383714,24446.583074472695,24445.319843651814,25.8242785690533
2025-08-07 09:20:00+00:00,24534.19921875,24542.599609375,24519.19921875,24519.19921875,0.0,76.51742700934727,26.234488979280286,11.26688163092577,24454.92746916577,24448.80530934194,25.669000858763777
2025-08-07 09:25:00+00:00,24537.099609375,24540.19921875,24517.400390625,24534.349609375,0.0,76.9269661577945,29.28775779319767,14.87105686338015,24462.753387280936,24452.267830911864,25.463988520637795
2025-08-07 09:30:00+00:00,24568.19921875,24568.80078125,24537.150390625,24537.150390625,0.0,80.79468059199351,33.827036867711286,18.66225286424638,24472.795847420846,24456.814159846694,25.909501617377952
2025-08-07 09:35:00+00:00,24584.400390625,24596.349609375,24566.75,24568.25,0.0,82.44555133463679,38.29035997460596,22.587874286318296,24483.42485153553,24461.817541445842,26.173080742922384
2025-08-07 09:40:00+00:00,24592.0,24601.30078125,24578.5,24581.69921875,0.0,83.1760977218216,41.957144809359306,26.461728390926503,24493.765341865477,24466.92273589895,25.93220220771364
2025-08-07 09:45:00+00:00,24604.69921875,24610.400390625,24590.05078125,24592.25,0.0,84.34827482706594,45.36488092138097,30.242358897017397,24504.330472997335,24472.32573522644,25.533445576805523
2025-08-07 09:50:00+00:00,24629.25,24629.25,24601.150390625,24604.19921875,0.0,86.33105468877918,49.47624782200728,34.08913668201538,24516.22757080711,24478.47962796266,25.71674299096227
2025-08-07 09:55:00+00:00,24626.650390625,24633.80078125,24620.0,24627.349609375,0.0,85.10169782179568,51.92619609518442,37.65654856464919,24526.744029837384,24484.29024610628,24.865602866607823
2025-08-08 03:45:00+00:00,24575.30078125,24585.30078125,24544.25,24544.25,0.0,65.31624943852441,49.15765458020178,39.95676976775971,24531.36848235287,24487.859286700153,28.975230563635836
2025-08-08 03:50:00+00:00,24560.0,24581.94921875,24557.44921875,24573.349609375,0.0,60.781626941331794,45.20779301341827,41.006974416891424,24534.09529355736,24490.68833428054,28.65557123766185
2025-08-08 03:55:00+00:00,24515.150390625,24562.349609375,24514.80078125,24561.0,0.0,49.8555727283942,38.02023698658377,40.409626930829894,24532.291017087613,24491.647630607775,30.005089586757432
2025-08-08 04:00:00+00:00,24509.69921875,24523.150390625,24503.650390625,24515.5,0.0,48.70947829663098,31.520830525543715,38.63186764977266,24530.139417245937,24492.355536025116,29.254726044846187
2025-08-08 04:05:00+00:00,24516.400390625,24532.94921875,24502.150390625,24509.25,0.0,50.2243274703713,26.60405762985465,36.22630564578906,24528.830938520132,24493.298471499624,29.36501905057146
2025-08-08 04:10:00+00:00,24499.5,24517.55078125,24496.400390625,24517.0,0.0,46.49469251301563,21.100525680183637,33.20114965266798,24526.037515803928,24493.541668695718,28.77825987731635
2025-08-08 04:15:00+00:00,24484.5,24506.599609375,24484.05078125,24499.75,0.0,43.41325248032336,15.351598646335333,29.631239451401452,24522.08156191784,24493.187093452747,28.33330046643661
2025-08-08 04:20:00+00:00,24487.30078125,24489.5,24477.099609375,24484.69921875,0.0,44.157449963976184,10.895930686521751,25.88417769842551,24518.769106616142,24492.956257680093,27.19523547776257
2025-08-08 04:25:00+00:00,24476.849609375,24496.80078125,24476.55078125,24487.650390625,0.0,41.94087979419441,6.447140874002798,21.99677033354097,24514.776773545556,24492.324624413228,26.699147229350956
2025-08-08 04:30:00+00:00,24452.19921875,24480.900390625,24451.69921875,24477.19921875,0.0,37.198014817672274,0.9217371718987124,17.78176370121252,24508.81700642217,24490.751079093105,26.877863275468744
2025-08-08 04:35:00+00:00,24450.80078125,24455.05078125,24437.55078125,24452.55078125,0.0,36.94278185657218,-3.529343217749556,13.519542317420106,24503.29165164387,24489.184400746315,26.208015898649546
2025-08-08 04:40:00+00:00,24449.599609375,24459.05078125,24446.44921875,24451.19921875,0.0,36.709787371357,-7.072256456445757,9.401182562646934,24498.178123808742,24487.632055986654,25.236126370174578
2025-08-08 04:45:00+00:00,24456.55078125,24464.150390625,24443.19921875,24449.30078125,0.0,39.1033617122292,-9.21293822942971,5.678358404231606,24494.213614993623,24486.41318246757,24.930058191947825
2025-08-08 04:50:00+00:00,24468.25,24468.25,24443.150390625,24457.400390625,0.0,43.009910248761045,-9.85184879823646,2.5723169637379923,24491.740889756136,24485.700900802178,24.942168990737265
2025-08-08 04:55:00+00:00,24467.150390625,24481.25,24461.69921875,24467.400390625,0.0,42.732435283779246,-10.32786610230687,-0.007719649470980361,24489.398937457932,24484.97342981484,24.557069866398887
2025-08-08 05:00:00+00:00,24444.05078125,24468.599609375,24435.849609375,24467.599609375,0.0,37.28994243315491,-12.42582153452895,-2.4913400264825745,24485.080065438127,24483.3686200672,25.14227916165611
2025-08-08 05:05:00+00:00,24435.0,24444.69921875,24434.69921875,24444.30078125,0.0,35.38814549520163,-14.649913650548115,-4.923054751295683,24480.3105353964,24481.471811437114,24.060687792966387
2025-08-08 05:10:00+00:00,24437.400390625,24450.94921875,24433.099609375,24435.25,0.0,36.31579664700706,-16.03400122833773,-7.145244046704093,24476.223854941978,24479.743520424872,23.617039334540216
2025-08-08 05:15:00+00:00,24426.25,24440.69921875,24423.75,24437.599609375,0.0,33.882261018347805,-17.825166517446632,-9.281228540852602,24471.4644401856,24477.645735310172,23.140766435644487
2025-08-08 05:20:00+00:00,24437.80078125,24439.5,24419.400390625,24426.75,0.0,38.481183269685985,-18.103935501592787,-11.04576993300064,24468.25837742983,24476.08318809213,22.92354093131274
2025-08-08 05:25:00+00:00,24421.849609375,24439.69921875,24409.0,24437.150390625,0.0,34.87371735755278,-19.38848974983921,-12.714313896368354,24463.83849475794,24473.956381083615,23.4789464897904
2025-08-08 05:30:00+00:00,24427.150390625,24434.19921875,24418.80078125,24422.69921875,0.0,36.987745703809125,-19.751101101031963,-14.121671337301077,24460.344389602422,24472.120852046024,22.901767276233944
2025-08-08 05:35:00+00:00,24431.849609375,24435.349609375,24422.400390625,24427.19921875,0.0,38.881813157235584,-19.43524808728398,-15.184386687297659,24457.630601009336,24470.541587627555,22.190870952931522
2025-08-08 05:40:00+00:00,24440.80078125,24446.19921875,24428.150390625,24431.900390625,0.0,42.43153244982475,-18.252246994321467,-15.79795874870242,24456.027761032256,24469.3752814951,21.895010750936414
2025-08-08 05:45:00+00:00,24450.150390625,24452.75,24438.349609375,24441.05078125,0.0,45.96191488574735,-16.371553686512925,-15.912677736264522,24455.46801146966,24468.621364206076,21.359680741940956
2025-08-08 05:50:00+00:00,24433.55078125,24452.75,24430.30078125,24450.25,0.0,41.138301150680874,-16.035690974564204,-15.93728038392446,24453.380656210644,24467.246047227407,21.437504885373745
2025-08-08 05:55:00+00:00,24432.599609375,24439.849609375,24430.75,24433.44921875,0.0,40.87359558799628,-15.665684714782401,-15.882961250096049,24451.401508892963,24465.88736339006,20.556226634632765
2025-08-08 06:00:00+00:00,24440.900390625,24442.44921875,24427.44921875,24432.80078125,0.0,44.245251361431144,-14.535096864921798,-15.6133883730612,24450.40140239125,24464.907482105154,20.15935330358757
2025-08-08 06:05:00+00:00,24427.900390625,24445.94921875,24427.099609375,24440.599609375,0.0,40.363239637370455,-14.52070357098637,-15.394851412646235,24448.258448889705,24463.456223615736,20.065800165831316
2025-08-08 06:10:00+00:00,24432.05078125,24434.099609375,24422.30078125,24428.19921875,0.0,42.1095733214436,-14.01286337834972,-15.118453805786933,24446.71486149545,24462.22463764061,19.475302162914794
2025-08-08 06:15:00+00:00,24433.400390625,24441.69921875,24427.94921875,24431.80078125,0.0,42.69718837844985,-13.347630988071614,-14.76428924224387,24445.44681665064,24461.094275012547,19.066352008420882
2025-08-08 06:20:00+00:00,24442.25,24446.44921875,24430.849609375,24434.05078125,0.0,46.529831782787305,-11.968376020035066,-14.20510659780211,24445.142357922006,24460.355283835583,18.818727534605102
2025-08-08 06:25:00+00:00,24433.75,24445.400390625,24416.30078125,24442.55078125,0.0,43.51903627546805,-11.429434081892396,-13.649972094620168,24444.057371453244,24459.311939371444,19.55307623749045
2025-08-08 06:30:00+00:00,24404.05078125,24435.849609375,24403.44921875,24433.849609375,0.0,34.99782055758482,-13.246104610901966,-13.569198597876529,24440.247220005316,24457.14483513139,20.47074155088399
2025-08-08 06:35:00+00:00,24414.5,24417.69921875,24403.05078125,24404.400390625,0.0,39.487264522586216,-13.684913306158705,-13.592341539532965,24437.795103814336,24455.47248865565,20.054862690106564
2025-08-08 06:40:00+00:00,24423.099609375,24423.55078125,24407.099609375,24415.44921875,0.0,42.97777073842066,-13.186747139403451,-13.511222659507062,24436.39553291535,24454.20296397798,19.79745620331324
2025-08-08 06:45:00+00:00,24418.55078125,24424.0,24411.80078125,24423.05078125,0.0,41.61051362022632,-13.009039170985488,-13.410785961802748,24434.696032756743,24452.804839165117,19.25472495664801
2025-08-08 06:50:00+00:00,24422.44921875,24424.0,24411.599609375,24419.400390625,0.0,43.276029070458975,-12.410571655320382,-13.210743100506276,24433.529669518008,24451.61442267825,18.765129647244578
2025-08-08 06:55:00+00:00,24434.55078125,24436.099609375,24415.900390625,24422.349609375,0.0,48.214139143742074,-10.834889024463337,-12.735572285297689,24433.62691825439,24450.945260269298,18.86756458315568
2025-08-08 07:00:00+00:00,24434.400390625,24441.900390625,24430.30078125,24436.30078125,0.0,48.15803087597922,-9.48890229488461,-12.086238287215075,24433.700582289686,24450.296441851875,18.348424925430272
2025-08-08 07:05:00+00:00,24428.30078125,24439.30078125,24424.349609375,24435.80078125,0.0,45.82857371729172,-8.812797174330626,-11.431550064638186,24433.186315524003,24449.433866926312,18.10576399325668
2025-08-08 07:10:00+00:00,24435.349609375,24440.5,24426.349609375,24429.30078125,0.0,48.90444868407733,-7.620354768776451,-10.66931100546584,24433.39234350981,24448.88154310077,17.82323732409549
2025-08-08 07:15:00+00:00,24446.94921875,24448.349609375,24434.05078125,24436.75,0.0,53.57591172520778,-5.673938406664092,-9.670236485705491,24434.683474485068,24448.805765675253,17.571493809874386
2025-08-08 07:20:00+00:00,24469.05078125,24469.05078125,24448.30078125,24448.30078125,0.0,60.909341122609085,-2.3212204488045245,-8.200433278325297,24437.956551319825,24449.599687854658,17.89507014488336
2025-08-08 07:25:00+00:00,24458.69921875,24481.349609375,24456.650390625,24469.80078125,0.0,56.41442576701422,-0.49376013482469716,-6.659098649625178,24439.932043456032,24449.956532203494,18.381080759534548
2025-08-08 07:30:00+00:00,24446.55078125,24464.400390625,24439.099609375,24459.849609375,0.0,51.601601592158104,-0.025468462794378866,-5.332372612259018,24440.56239943641,24449.822973342576,18.875345080282077
2025-08-08 07:35:00+00:00,24436.650390625,24454.849609375,24419.55078125,24446.69921875,0.0,48.00715231599556,-0.44805778997397283,-4.35550964780201,24440.18982716866,24449.306401471298,20.048451012047646
2025-08-08 07:40:00+00:00,24435.94921875,24438.0,24427.099609375,24437.0,0.0,47.75344631585934,-0.829974161239079,-3.650402550489424,24439.785959700217,24448.782590384188,19.39501812725853
2025-08-08 07:45:00+00:00,24438.849609375,24453.099609375,24434.150390625,24435.94921875,0.0,48.95513924292367,-0.888367802133871,-3.097995600818314,24439.696783478765,24448.39306171716,19.36317531459721
2025-08-08 07:50:00+00:00,24439.400390625,24445.349609375,24436.150390625,24439.150390625,0.0,49.194116845272916,-0.880056990270532,-2.6544078787087577,24439.66855558793,24448.04040794884,18.637178417125977
2025-08-08 07:55:00+00:00,24425.05078125,24440.349609375,24417.849609375,24440.19921875,0.0,43.482427568973264,-2.0082147147040814,-2.5251692459078225,24438.276386603367,24447.138853960652,18.91309424447412
2025-08-08 08:00:00+00:00,24450.55078125,24452.599609375,24418.0,24425.599609375,0.0,53.757356811333274,-0.835025299777044,-2.187140456681667,24439.445376569714,24447.272655030825,20.03355961094025
2025-08-08 08:05:00+00:00,24457.349609375,24461.150390625,24443.650390625,24451.150390625,0.0,56.05148715523819,0.6360128136257117,-1.6225098026201914,24441.150541598792,24447.66782971099,19.852591067301663
2025-08-08 08:10:00+00:00,24456.94921875,24463.5,24447.349609375,24457.349609375,0.0,55.87568151921981,1.7493475498959015,-0.9481383321169728,24442.655177517958,24448.031805751736,19.58814817856583
2025-08-08 08:15:00+00:00,24430.599609375,24457.75,24418.30078125,24457.75,0.0,45.71391839245887,0.49971962902054656,-0.658566739889469,24441.507028171007,24447.34819020755,21.00679607652541
2025-08-08 08:20:00+00:00,24427.849609375,24438.349609375,24426.30078125,24430.94921875,0.0,44.798224677504784,-0.7044016152940458,-0.6677337149703844,24440.206321619007,24446.583539978823,20.366941222845025
2025-08-08 08:25:00+00:00,24423.650390625,24429.25,24418.650390625,24428.25,0.0,43.3696333040992,-1.9747544948586437,-0.9291378709480362,24438.629566286247,24445.684200788477,19.669274662284664
2025-08-08 08:30:00+00:00,24433.30078125,24449.44921875,24423.94921875,24424.75,0.0,47.512174871298264,-2.1777091569674667,-1.1788521281519224,24438.12206294946,24445.19857649285,20.107099909621475
2025-08-08 08:35:00+00:00,24428.5,24436.69921875,24422.5,24433.69921875,0.0,45.720416718458125,-2.694870326347882,-1.4820557677911144,24437.205676001893,24444.54373035588,19.685108398219942
2025-08-08 08:40:00+00:00,24413.25,24428.80078125,24388.25,24428.80078125,0.0,40.49609157635434,-4.285867022284947,-2.042818018689881,24434.92418304933,24443.31652524388,21.175513601918517
2025-08-08 08:45:00+00:00,24432.099609375,24434.849609375,24406.599609375,24413.05078125,0.0,48.351910641737966,-3.979860072977317,-2.4302264295473686,24434.655176032727,24442.8766461902,21.68083405892434
2025-08-08 08:50:00+00:00,24424.75,24432.849609375,24424.25,24432.5,0.0,45.812258315646396,-4.281050133227836,-2.8003911702834623,24433.711825934373,24442.165797319998,20.746460867215458
2025-08-08 08:55:00+00:00,24400.69921875,24425.150390625,24395.0,24425.150390625,0.0,38.656818280149025,-6.3868191960136755,-3.517676775429505,24430.56776810729,24440.539656983918,21.41817013562864
2025-08-08 09:00:00+00:00,24403.400390625,24408.900390625,24383.25,24401.5,0.0,39.794185728349376,-7.748375899664097,-4.363816600276424,24427.98039882326,24439.083215165923,21.720471599155164
2025-08-08 09:05:00+00:00,24408.94921875,24415.05078125,24402.650390625,24404.55078125,0.0,42.166371382837035,-8.284180464917881,-5.147889373204716,24426.167905482947,24437.90148981628,21.054751529572652
2025-08-08 09:10:00+00:00,24417.30078125,24424.900390625,24407.650390625,24411.05078125,0.0,45.638176981971164,-7.9433422415168025,-5.706979946867134,24425.32341746076,24437.09361889211,20.782983563174607
2025-08-08 09:15:00+00:00,24414.099609375,24421.94921875,24405.55078125,24418.400390625,0.0,44.53461036428545,-7.8411454668712395,-6.133813050867955,24424.254483357356,24436.191893028696,20.46980170151928
2025-08-08 09:20:00+00:00,24408.44921875,24415.25,24405.849609375,24415.25,0.0,42.577546224647385,-8.122462397368508,-6.531542920168066,24422.749220061418,24435.103945017767,19.679129481767905
2025-08-08 09:25:00+00:00,24406.44921875,24409.599609375,24400.5,24408.650390625,0.0,41.87607544931238,-8.40984788539572,-6.907203913213597,24421.196838984142,24433.98023026217,18.923449474141623
2025-08-08 09:30:00+00:00,24395.94921875,24407.349609375,24383.25,24407.150390625,0.0,38.30778662659983,-9.376775571054168,-7.401118244781712,24418.79230372375,24432.488818046008,19.29317518134579
2025-08-08 09:35:00+00:00,24376.80078125,24399.349609375,24376.19921875,24396.5,0.0,32.81605698154404,-11.554992839635815,-8.231893163752533,24414.793111107203,24430.304973465776,19.568690570178237
2025-08-08 09:40:00+00:00,24344.44921875,24386.150390625,24337.94921875,24378.849609375,0.0,26.0272064276118,-15.710643915135734,-9.727643314029173,24408.09369278747,24426.93808112398,21.613867806236936
2025-08-08 09:45:00+00:00,24344.75,24365.349609375,24342.05078125,24349.19921875,0.0,26.180112036123035,-18.76346327439751,-11.53480730610284,24402.060960141047,24423.715019119118,21.734222114720012
2025-08-08 09:50:00+00:00,24346.650390625,24348.44921875,24339.19921875,24345.19921875,0.0,27.203961120954077,-20.78984655986642,-13.385815156855557,24396.78376304428,24420.692876825233,20.842491963668582
2025-08-08 09:55:00+00:00,24349.19921875,24356.349609375,24345.650390625,24347.650390625,0.0,28.633639885619218,-21.937222143242252,-15.096096554132897,24392.25190168292,24417.889203959538,20.11797244840654
