Price,Close,High,Low,Open,Volume,rsi,macd,macd_signal,ema_20,ema_50,atr
2025-07-31 04:34:00+00:00,24661.900390625,24663.75,24654.05078125,24656.5,0.0,34.14172082904092,-9.916134575618344,-5.140039844675834,24684.933683394538,24693.144480177987,11.367852989626593
2025-07-31 04:35:00+00:00,24666.44921875,24668.099609375,24659.5,24660.94921875,0.0,37.55710158879336,-10.101151041384583,-6.132262084017585,24683.173258190298,24692.09760718081,11.170121302867551
2025-07-31 04:36:00+00:00,24666.69921875,24668.30078125,24663.599609375,24666.650390625,0.0,37.748177519486276,-10.111051109532127,-6.928019889120494,24681.60430205313,24691.10159194823,10.708053486591298
2025-07-31 04:37:00+00:00,24682.599609375,24682.599609375,24667.44921875,24667.44921875,0.0,48.53487359715376,-8.735174690165877,-7.289450849329571,24681.699093226638,24690.768180866926,11.078934710763349
2025-07-31 04:38:00+00:00,24679.44921875,24687.0,24679.44921875,24682.75,0.0,46.80440240955686,-7.808975896474294,-7.3933558587585155,24681.48481946696,24690.324299999596,10.826923749280253
2025-07-31 04:39:00+00:00,24678.150390625,24682.900390625,24677.69921875,24679.099609375,0.0,46.075032104979336,-7.097940613421088,-7.33427280969103,24681.167254815347,24689.84689178883,10.425084329688806
2025-07-31 04:40:00+00:00,24672.5,24678.75,24667.349609375,24678.099609375,0.0,42.94004781817267,-6.910716887512535,-7.249561625255332,24680.341801975792,24689.166621522603,10.494749065068177
2025-07-31 04:41:00+00:00,24678.650390625,24683.44921875,24673.150390625,24673.150390625,0.0,47.15490906129709,-6.194647572199756,-7.038578814644216,24680.18071518048,24688.754220310933,10.52721118542045
2025-07-31 04:42:00+00:00,24672.400390625,24679.349609375,24671.849609375,24679.349609375,0.0,43.628113287390576,-6.061605828610482,-6.84318421743747,24679.43973188948,24688.112893656584,10.310981815033275
2025-07-31 04:43:00+00:00,24665.599609375,24673.599609375,24665.30078125,24672.44921875,0.0,40.112533456504586,-6.43080517960334,-6.760708409870644,24678.12162498334,24687.230019763192,10.16725655145947
2025-07-31 04:44:00+00:00,24673.599609375,24674.0,24665.94921875,24665.94921875,0.0,45.65966781966422,-6.008601763092884,-6.610287080515093,24677.690956830167,24686.695493865616,10.04105184242665
2025-07-31 04:45:00+00:00,24674.849609375,24674.849609375,24667.150390625,24673.19921875,0.0,46.49362354477076,-5.509626416675019,-6.390154947747079,24677.420352310626,24686.23094937579,9.873778050110461
2025-07-31 04:46:00+00:00,24679.099609375,24682.94921875,24675.150390625,24675.150390625,0.0,49.340354676808154,-4.716872211742157,-6.055498400546095,24677.580281554852,24685.9512889836,9.747051716174
2025-07-31 04:47:00+00:00,24674.0,24679.05078125,24671.44921875,24678.55078125,0.0,46.1664077716877,-4.448821406320349,-5.734163001700946,24677.239302359154,24685.482610984243,9.597290209661569
2025-07-31 04:48:00+00:00,24674.5,24680.0,24673.30078125,24673.849609375,0.0,46.529593399348066,-4.148225232198456,-5.416975447800448,24676.97841642019,24685.05192035741,9.390285105400027
2025-07-31 04:49:00+00:00,24675.30078125,24677.05078125,24672.80078125,24674.5,0.0,47.14461883481828,-3.801562201391789,-5.093892798518716,24676.818641642076,24684.669522745357,9.02312188358574
2025-07-31 04:50:00+00:00,24671.150390625,24676.19921875,24667.349609375,24676.19921875,0.0,44.30049851601923,-3.8177227575833967,-4.838658790331653,24676.27880821188,24684.13936070142,9.010728132972472
2025-07-31 04:51:00+00:00,24668.05078125,24672.099609375,24666.69921875,24670.599609375,0.0,42.250514324404335,-4.034139636278269,-4.677754959520977,24675.49518659646,24683.50843601705,8.75284688240301
2025-07-31 04:52:00+00:00,24683.099609375,24683.900390625,24668.0,24668.44921875,0.0,53.50088820701874,-2.957247600934352,-4.333653487803652,24676.219417337277,24683.492403599717,9.263385721159937
2025-07-31 04:53:00+00:00,24680.30078125,24683.650390625,24678.099609375,24683.30078125,0.0,51.4917281602623,-2.303096282925253,-3.9275420468279725,24676.608118662298,24683.367241938944,8.998199687505656
2025-07-31 04:54:00+00:00,24686.25,24686.900390625,24680.19921875,24680.94921875,0.0,55.3316455961299,-1.2897569023407414,-3.3999850179305264,24677.52639307541,24683.480291274675,8.83412627232668
2025-07-31 04:55:00+00:00,24686.75,24687.44921875,24683.19921875,24686.400390625,0.0,55.64940635996516,-0.4412459129707713,-2.8082371969385758,24678.404831830136,24683.608515146258,8.506688681446203
2025-07-31 04:56:00+00:00,24684.150390625,24689.75,24680.19921875,24687.30078125,0.0,53.51773233035304,0.02119409622901003,-2.242350938305059,24678.952027905838,24683.629765165035,8.581266722057189
2025-07-31 04:57:00+00:00,24690.349609375,24691.75,24683.30078125,24683.650390625,0.0,57.68078069148859,0.8777876892345375,-1.6183232127971396,24680.03751185528,24683.89328846739,8.571834724053103
2025-07-31 04:58:00+00:00,24687.30078125,24692.80078125,24683.69921875,24690.55078125,0.0,55.06856765042585,1.2956933867280895,-1.035519892892094,24680.729251797635,24684.026915635335,8.609672422335024
2025-07-31 04:59:00+00:00,24678.400390625,24688.25,24671.80078125,24687.30078125,0.0,48.20527057949108,0.8983439729527163,-0.6487471197231318,24680.50745549548,24683.806267595715,9.169640017168236
2025-07-31 05:00:00+00:00,24685.19921875,24685.69921875,24672.150390625,24677.30078125,0.0,53.021808549807,1.119149451067642,-0.2951678055649771,24680.95429009115,24683.860893131176,9.482439167727648
2025-07-31 05:01:00+00:00,24674.75,24685.30078125,24673.30078125,24685.30078125,0.0,45.949451283524375,0.4458354444541328,-0.14696715556115514,24680.363405320564,24683.503603204463,9.662264941461387
2025-07-31 05:02:00+00:00,24674.75,24675.5,24671.44921875,24675.349609375,0.0,45.94945128352438,-0.08677052021084819,-0.13492782849109375,24679.828795290035,24683.160324647426,9.261444677785574
2025-07-31 05:03:00+00:00,24671.80078125,24677.30078125,24671.80078125,24674.19921875,0.0,44.027144471917836,-0.7383308712087455,-0.2556084370346241,24679.064222524317,24682.71485235733,8.992770057943748
2025-07-31 05:04:00+00:00,24671.150390625,24674.80078125,24669.0,24674.099609375,0.0,43.59401156516266,-1.2922816134923778,-0.4629430723261749,24678.31052424819,24682.261344054103,8.764770857376337
2025-07-31 05:05:00+00:00,24672.5,24675.849609375,24668.5,24671.099609375,0.0,44.807400438585795,-1.6039006025894196,-0.6911345783788239,24677.757140986458,24681.87854624806,8.663687894349456
2025-07-31 05:06:00+00:00,24671.099609375,24675.69921875,24668.900390625,24672.349609375,0.0,43.75559791457193,-1.941480537327152,-0.9412037701684896,24677.123090356796,24681.45584284127,8.53048362511021
2025-07-31 05:07:00+00:00,24677.400390625,24677.400390625,24662.599609375,24671.5,0.0,49.49953563716908,-1.6812146823504008,-1.0892059526048719,24677.149499906147,24681.29680549946,8.978362026888052
2025-07-31 05:08:00+00:00,24672.599609375,24680.94921875,24671.400390625,24677.0,0.0,45.672297578083786,-1.8411118508702202,-1.2395871322579417,24676.716176998416,24680.955738984776,9.01910960532462
2025-07-31 05:09:00+00:00,24680.75,24681.19921875,24671.099609375,24672.44921875,0.0,52.40102780487649,-1.295232467509777,-1.2507161993083087,24677.100350617613,24680.947670789297,9.096288160301432
2025-07-31 05:10:00+00:00,24679.75,24684.55078125,24679.099609375,24680.849609375,0.0,51.55728883325443,-0.9325607857572322,-1.1870851165980936,24677.35269817784,24680.900703307365,8.83592271135133
2025-07-31 05:11:00+00:00,24681.650390625,24683.0,24677.849609375,24679.650390625,0.0,53.102698830385066,-0.48619071987559437,-1.0469062372535938,24677.76200222043,24680.930102810016,8.572670419469093
2025-07-31 05:12:00+00:00,24679.900390625,24683.55078125,24676.94921875,24681.599609375,0.0,51.47420987314763,-0.2705310874043789,-0.8916312072837508,24677.96565825896,24680.889721940017,8.431876996649873
2025-07-31 05:13:00+00:00,24681.650390625,24684.05078125,24677.599609375,24680.44921875,0.0,53.02557622977945,0.041117127064353554,-0.70508154041413,24678.316585150962,24680.919552084524,8.290398059389167
2025-07-31 05:14:00+00:00,24693.099609375,24693.099609375,24679.349609375,24681.75,0.0,61.661346766464035,1.1981453762709862,-0.32443615707710677,24679.724492219917,24681.397201390035,8.680369626575656
2025-07-31 05:15:00+00:00,24704.400390625,24713.099609375,24693.05078125,24693.5,0.0,67.92857110755662,2.9924817353203252,0.33894742140237966,24682.074577782307,24682.299287242386,9.492402376463108
2025-07-31 05:16:00+00:00,24705.650390625,24707.25,24701.0,24703.25,0.0,68.54115751353876,4.463913563806273,1.1639406498831582,24684.319893291133,24683.215016786806,9.260802206715741
2025-07-31 05:17:00+00:00,24709.75,24710.30078125,24703.650390625,24705.650390625,0.0,70.52933919185189,5.892908324709424,2.1097341848484112,24686.741808215786,24684.255604363796,9.074344236593188
2025-07-31 05:18:00+00:00,24720.25,24722.94921875,24708.349609375,24709.44921875,0.0,74.90404249056198,7.78294230177562,3.244375808233853,24689.933064576187,24685.667149290708,9.469006032193676
2025-07-31 05:19:00+00:00,24719.150390625,24721.55078125,24714.349609375,24720.599609375,0.0,73.67068980399819,9.087325526805216,4.412965751948126,24692.715667057026,24686.980217578326,9.307017878108413
2025-07-31 05:20:00+00:00,24723.5,24728.44921875,24719.0,24719.0,0.0,75.39643462795277,10.352696316767833,5.600911864912067,24695.647508289687,24688.41236590859,9.317175083243527
2025-07-31 05:21:00+00:00,24718.599609375,24723.25,24711.349609375,24723.25,0.0,69.84224839149277,10.835189890760375,6.647767470081728,24697.833422678763,24689.596179377862,9.519547621940417
2025-07-31 05:22:00+00:00,24721.80078125,24724.25,24717.349609375,24718.849609375,0.0,71.32814436395915,11.34509811236785,7.587233598538953,24700.116028256976,24690.859104941475,9.332464979301815
2025-07-31 05:23:00+00:00,24723.05078125,24725.75,24720.400390625,24721.94921875,0.0,71.91014655917142,11.71502508813137,8.412791896457437,24702.300290446787,24692.12152362024,9.047975293280256
2025-07-31 05:24:00+00:00,24725.349609375,24727.44921875,24719.25,24720.55078125,0.0,72.99577619987859,12.054731656458898,9.141179848457728,24704.495463678046,24693.424585806704,8.987349825903095
2025-07-31 05:25:00+00:00,24726.599609375,24728.69921875,24722.44921875,24724.94921875,0.0,73.5934067492559,12.283222766614927,9.769588432089169,24706.60062041109,24694.72556712311,8.791824838338588
2025-07-31 05:26:00+00:00,24723.650390625,24725.75,24721.150390625,24724.599609375,0.0,69.67542529599973,12.086994958142895,10.233069737299914,24708.224408050508,24695.859873927107,8.553067260600118
2025-07-31 05:27:00+00:00,24720.05078125,24724.05078125,24711.30078125,24723.650390625,0.0,65.11860768741435,11.508363363660465,10.488128462572025,24709.3507293076,24696.80853695938,8.852848170557253
2025-07-31 05:28:00+00:00,24699.5,24720.25,24695.0,24720.25,0.0,46.44345432636935,9.284491520538722,10.247401074165365,24708.412564611637,24696.914084529602,10.024073301231736
2025-07-31 05:29:00+00:00,24713.400390625,24715.55078125,24698.099609375,24698.349609375,0.0,55.69818776673845,8.545198684521893,9.90696059623667,24708.88759566053,24697.560606337265,10.554580342215184
2025-07-31 05:30:00+00:00,24724.44921875,24725.80078125,24713.19921875,24713.19921875,0.0,61.40686297048438,8.749987467592291,9.675565970507796,24710.369655002385,24698.615061726,10.700793353485528
2025-07-31 05:31:00+00:00,24745.099609375,24749.0,24723.69921875,24724.5,0.0,69.35507061146001,10.458044171220536,9.832061610650344,24713.677269704538,24700.437985163215,11.743649631807989
2025-07-31 05:32:00+00:00,24754.19921875,24756.599609375,24745.400390625,24745.400390625,0.0,72.0834229323664,12.402980009723251,10.346245290464926,24717.536502946965,24702.54626883329,11.726246086678845
2025-07-31 05:33:00+00:00,24756.80078125,24764.75,24754.69921875,24754.69921875,0.0,72.82825030620681,13.992977689347754,11.075591770241491,24721.27595802344,24704.673896771197,11.642284312630355
2025-07-31 05:34:00+00:00,24758.849609375,24762.400390625,24753.75,24757.900390625,0.0,73.42949223986002,15.242677514528623,11.909008919098918,24724.854401009303,24706.79843452037,11.428577620656759
2025-07-31 05:35:00+00:00,24770.650390625,24770.650390625,24758.0,24760.349609375,0.0,76.63623681911284,16.98945420076052,12.925097975431239,24729.215923829845,24709.302432798984,11.515849978109847
2025-07-31 05:36:00+00:00,24773.349609375,24776.19921875,24765.25,24770.30078125,0.0,77.31075938239073,18.379721713328763,14.016022723010744,24733.419131977003,24711.814086782357,11.475376318959144
2025-07-31 05:37:00+00:00,24771.099609375,24773.30078125,24763.80078125,24771.5,0.0,75.35772195080693,19.080019944391097,15.028822167286815,24737.007748872053,24714.13900923697,11.337765733676349
2025-07-31 05:38:00+00:00,24769.05078125,24773.5,24766.5,24770.650390625,0.0,73.53601542494316,19.247811244287732,15.872619982687,24740.059466241382,24716.29241206101,11.027925324128038
2025-07-31 05:39:00+00:00,24758.80078125,24770.25,24757.400390625,24768.55078125,0.0,65.06214098380045,18.342259570483293,16.36654790024626,24741.84435338506,24717.959406931168,11.158045613476036
2025-07-31 05:40:00+00:00,24748.80078125,24758.5,24746.0,24758.5,0.0,58.03566286605881,16.62603236655559,16.41844479350813,24742.506870324574,24719.16887259073,11.275383873227748
2025-07-31 05:41:00+00:00,24749.69921875,24752.80078125,24748.80078125,24750.099609375,0.0,58.46962096358625,15.163609686940617,16.16747777219463,24743.1918558889,24720.366141067563,10.755713596568624
2025-07-31 05:42:00+00:00,24744.5,24750.599609375,24742.75,24749.0,0.0,54.929577527660165,13.430279770574998,15.620038171870705,24743.31644104234,24721.31256690805,10.548134723599436
2025-07-31 05:43:00+00:00,24744.80078125,24745.94921875,24740.69921875,24744.349609375,0.0,55.09894585653958,11.943200080888346,14.884670553674235,24743.457806776405,24722.233673352832,10.169696529056619
2025-07-31 05:44:00+00:00,24747.150390625,24749.400390625,24743.150390625,24744.69921875,0.0,56.47491836739524,10.82943753818472,14.073623950576332,24743.809481428652,24723.21079952037,9.889718205552574
2025-07-31 05:45:00+00:00,24744.75,24749.349609375,24742.05078125,24746.94921875,0.0,54.632963771670845,9.641935011415626,13.187286162744192,24743.899054625923,24724.055474048982,9.704654628370248
2025-07-31 05:46:00+00:00,24747.55078125,24749.80078125,24743.30078125,24744.099609375,0.0,56.419048150033525,8.8251000829041,12.314848946776173,24744.24683811393,24724.976858645103,9.475750726343803
2025-07-31 05:47:00+00:00,24752.150390625,24752.25,24746.900390625,24747.5,0.0,59.255998202049085,8.451479162187752,11.54217498985849,24744.999557400697,24726.042487350198,9.18102634410496
2025-07-31 05:48:00+00:00,24748.150390625,24752.150390625,24746.400390625,24751.900390625,0.0,55.85105343576908,7.7433547466716846,10.782410941221128,24745.299636755393,24726.90946394921,8.93595303381175
2025-07-31 05:49:00+00:00,24757.150390625,24757.650390625,24747.099609375,24748.25,0.0,61.24681070047045,7.818261774435086,10.18958110786392,24746.42827998107,24728.09538264238,9.051297906396625
2025-07-31 05:50:00+00:00,24768.69921875,24769.400390625,24756.44921875,24757.5,0.0,66.84625295569158,8.709126654881402,9.893490217267416,24748.549321768587,24729.687689940718,9.329860332725437
2025-07-31 05:51:00+00:00,24770.05078125,24771.30078125,24766.349609375,24769.400390625,0.0,67.4391991653276,9.415665360025741,9.797925245819082,24750.597079814434,24731.270556266572,9.017096871459334
2025-07-31 05:52:00+00:00,24782.25,24783.44921875,24769.400390625,24770.599609375,0.0,72.26142355789617,10.835077347132028,10.005355666081671,24753.61164364163,24733.269750138476,9.376506246712239
2025-07-31 05:53:00+00:00,24775.849609375,24782.94921875,24774.69921875,24782.69921875,0.0,66.68163523060602,11.313103129370575,10.266905158739453,24755.729545140046,24734.939548539907,9.296041514804221
2025-07-31 05:54:00+00:00,24787.69921875,24787.69921875,24775.44921875,24776.150390625,0.0,71.12680446594582,12.50396848577293,10.71431782414615,24758.774275960044,24737.008555214816,9.507038549461063
2025-07-31 05:55:00+00:00,24787.849609375,24805.25,24786.44921875,24787.849609375,0.0,71.17935893727982,13.3064842594722,11.23275111121136,24761.543355332895,24739.002322044627,10.170877313785272
2025-07-31 05:56:00+00:00,24783.69921875,24787.650390625,24781.900390625,24787.650390625,0.0,67.52642777700939,13.45250979573757,11.676702848116603,24763.653437563094,24740.75514152327,9.869330273514896
2025-07-31 05:57:00+00:00,24788.849609375,24792.849609375,24780.25,24783.150390625,0.0,69.6106530684877,13.824469684026553,12.106256215298595,24766.053072973755,24742.641199086083,10.06435020933526
2025-07-31 05:58:00+00:00,24786.25,24789.94921875,24784.099609375,24787.75,0.0,67.2639947396595,13.750971188423136,12.435199209923505,24767.976589833397,24744.351348141532,9.763297292597027
2025-07-31 05:59:00+00:00,24781.94921875,24788.400390625,24779.5,24785.69921875,0.0,63.45290143874982,13.193598407669924,12.58687904947279,24769.30731639688,24745.8257744399,9.701661102054382
2025-07-31 06:00:00+00:00,24787.650390625,24788.349609375,24780.30078125,24782.19921875,0.0,66.18780346722659,13.061350271378615,12.681773293853954,24771.05427584718,24747.465955466767,9.583601603693355
2025-07-31 06:01:00+00:00,24792.19921875,24792.349609375,24782.55078125,24787.44921875,0.0,68.23056838530408,13.171759242701228,12.779770483623409,24773.06807993316,24749.220201085718,9.59897492664383
2025-07-31 06:02:00+00:00,24795.5,24800.150390625,24790.69921875,24792.0,0.0,69.662828797121,13.371466664761101,12.898109719850948,24775.20445327286,24751.03509516079,9.588417565812128
2025-07-31 06:03:00+00:00,24804.19921875,24808.75,24794.5,24794.80078125,0.0,73.10429611205726,14.069505979314272,13.132388971743614,24777.96585950878,24753.119962752524,9.92138773968269
2025-07-31 06:04:00+00:00,24807.400390625,24812.599609375,24802.44921875,24803.0,0.0,74.26138612665912,14.711430765881232,13.448197330571139,24780.769148186515,24755.24860698282,9.937745088633926
2025-07-31 06:05:00+00:00,24798.69921875,24814.099609375,24797.650390625,24807.55078125,0.0,65.95545390702662,14.352601081387547,13.62907808073442,24782.476773954466,24756.952552542316,10.402850350160076
2025-07-31 06:06:00+00:00,24797.099609375,24798.55078125,24792.30078125,24798.55078125,0.0,64.52660912963671,13.780300141039334,13.659322492795404,24783.869424946897,24758.526946927912,10.116820860862928
2025-07-31 06:07:00+00:00,24795.75,24801.5,24795.650390625,24797.599609375,0.0,63.28098672931838,13.06721460924382,13.540900916085088,24785.00090828529,24759.986674499367,9.812020040444148
2025-07-31 06:08:00+00:00,24790.55078125,24798.349609375,24790.55078125,24794.94921875,0.0,58.588784301726946,11.9448627440579,13.22169328167965,24785.52946761526,24761.185266920962,9.668220617912423
2025-07-31 06:09:00+00:00,24799.05078125,24799.05078125,24788.650390625,24791.5,0.0,63.37065831618477,11.60746612325238,12.898847849994198,24786.817211770947,24762.67018905151,9.720518475561535
2025-07-31 06:10:00+00:00,24799.75,24800.94921875,24795.0,24798.55078125,0.0,63.74156784770672,11.266623359108053,12.57240295181697,24788.048905887998,24764.124299284784,9.451139923735711
2025-07-31 06:11:00+00:00,24799.30078125,24800.94921875,24796.849609375,24799.599609375,0.0,63.29810313413925,10.83535162527187,12.224992686507951,24789.120513065332,24765.503769165774,9.068887741683161
2025-07-31 06:12:00+00:00,24810.55078125,24811.150390625,24799.30078125,24799.44921875,0.0,69.09667301199464,11.271416772549856,12.034277503716332,24791.16149098768,24767.270318659273,9.267510715491508
2025-07-31 06:13:00+00:00,24817.599609375,24819.80078125,24809.349609375,24810.30078125,0.0,72.0737749177448,12.04691374095637,12.03680475116434,24793.67940702457,24769.2440163344,9.352057941170687
2025-07-31 06:14:00+00:00,24813.900390625,24818.80078125,24812.44921875,24817.30078125,0.0,68.35226524993733,12.222115696367837,12.07386694020504,24795.605214986514,24770.995246698738,9.137736838229923
2025-07-31 06:15:00+00:00,24796.349609375,24815.150390625,24793.25,24814.900390625,0.0,54.08372353008214,10.820036493951193,11.82310085095427,24795.67610969018,24771.98953543114,10.049354965856358
2025-07-31 06:16:00+00:00,24813.05078125,24821.80078125,24793.0,24793.0,0.0,62.175364498225505,10.93052334825552,11.644585350414522,24797.330840314924,24773.599780365214,11.388742557580903
2025-07-31 06:17:00+00:00,24817.80078125,24817.80078125,24810.599609375,24813.30078125,0.0,64.11243438387382,11.271440133270517,11.569956306985722,24799.280358499218,24775.33315294893,11.089630365967981
2025-07-31 06:18:00+00:00,24818.94921875,24820.25,24816.099609375,24817.44921875,0.0,64.58467164289695,11.501703966165223,11.556305838821622,24801.15358328501,24777.043586901913,10.593970384470268
2025-07-31 06:19:00+00:00,24809.5,24821.099609375,24806.75,24819.94921875,0.0,57.84059881185308,10.797252721669793,11.404495215391258,24801.948480115007,24778.316387415565,10.862230312365247
2025-07-31 06:20:00+00:00,24810.25,24811.44921875,24806.30078125,24808.75,0.0,58.21357240420553,10.182115675735986,11.160019307460203,24802.73910105643,24779.56868594829,10.454102254339158
2025-07-31 06:21:00+00:00,24811.69921875,24814.599609375,24809.05078125,24810.099609375,0.0,58.96893214481157,9.699742384182173,10.867963922804597,24803.592445598675,24780.828706842472,10.103725530814932
2025-07-31 06:22:00+00:00,24801.94921875,24811.5,24801.150390625,24811.5,0.0,52.14010880459414,8.433498439131654,10.381070826070008,24803.435947803562,24781.656962211397,10.135518573256721
2025-07-31 06:23:00+00:00,24802.349609375,24809.349609375,24797.650390625,24802.69921875,0.0,52.38396836148697,7.377258720764075,9.780308405008823,24803.332487000844,24782.468438570755,10.2472114430241
2025-07-31 06:24:00+00:00,24804.349609375,24804.900390625,24796.94921875,24803.30078125,0.0,53.65427490034063,6.625193314968783,9.149285387000814,24803.429355798384,24783.326523700336,10.083208616736664
2025-07-31 06:25:00+00:00,24803.80078125,24808.69921875,24802.05078125,24804.349609375,0.0,53.23457374653764,5.916686342454341,8.50276557809152,24803.464729650917,24784.129435761108,9.837867822684046
2025-07-31 06:26:00+00:00,24804.599609375,24806.80078125,24799.44921875,24802.69921875,0.0,53.80103440940198,5.35788584299371,7.873789631071958,24803.572813434166,24784.932187667535,9.660274585349471
2025-07-31 06:27:00+00:00,24804.599609375,24806.849609375,24802.80078125,24804.599609375,0.0,53.80103440940198,4.859020655741915,7.27083583600595,24803.67060352377,24785.703459107044,9.259456981038795
2025-07-31 06:28:00+00:00,24797.849609375,24805.69921875,24795.69921875,24804.55078125,0.0,48.09229576274088,3.8743368690848,6.59153604262172,24803.116223128647,24786.179778725396,9.312352910964595
2025-07-31 06:29:00+00:00,24798.650390625,24799.900390625,24795.80078125,24797.5,0.0,48.78656551270606,3.1225889665001887,5.897746627397415,24802.69090574735,24786.668822329302,8.940014086967123
2025-07-31 06:30:00+00:00,24791.30078125,24799.94921875,24790.25,24798.55078125,0.0,43.09005949736074,1.9117340047414473,5.100544102866221,24801.606131985696,24786.850467777174,8.994242991469472
2025-07-31 06:31:00+00:00,24786.900390625,24793.349609375,24785.349609375,24791.099609375,0.0,40.07307782901955,0.5902440104364359,4.198484084380264,24800.20558518944,24786.852425535915,8.923225634935937
2025-07-31 06:32:00+00:00,24781.5,24788.75,24781.44921875,24786.900390625,0.0,36.67892921954197,-0.8826382174192986,3.182259624020352,24798.424100885684,24786.642526495292,8.807336750297656
2025-07-31 06:33:00+00:00,24776.349609375,24782.19921875,24771.25,24781.650390625,0.0,33.74352272419634,-2.437404591462837,2.0583267809237142,24796.321768360856,24786.238882686655,8.960328321704967
2025-07-31 06:34:00+00:00,24777.849609375,24780.900390625,24774.44921875,24776.150390625,0.0,35.36588989470606,-3.5080915843318508,0.9450431078726013,24794.56251512411,24785.909891576393,8.78110286122604
2025-07-31 06:35:00+00:00,24775.5,24777.80078125,24772.5,24777.80078125,0.0,33.96302370994654,-4.494403889748355,-0.14284629165159002,24792.74703749324,24785.501660534184,8.535996183638465
2025-07-31 06:36:00+00:00,24773.349609375,24776.900390625,24772.5,24774.75,0.0,32.68514836194866,-5.387478550517699,-1.1917727434248118,24790.899663386743,24785.025109508333,8.240595786592861
2025-07-31 06:37:00+00:00,24762.55078125,24772.650390625,24762.55078125,24772.650390625,0.0,27.15881673600036,-6.887230131738761,-2.3308642210876016,24788.19976984991,24784.143763302127,8.423326667907656
2025-07-31 06:38:00+00:00,24761.25,24764.94921875,24755.599609375,24762.19921875,0.0,26.575925924597414,-8.0875282494344,-3.4821970267569613,24785.6331251023,24783.245968662828,8.489489718414251
2025-07-31 06:39:00+00:00,24760.55078125,24762.849609375,24758.599609375,24761.349609375,0.0,26.24979219631608,-8.991545327407948,-4.584066686887159,24783.244330449703,24782.355961313307,8.186669024241805
2025-07-31 06:40:00+00:00,24775.099609375,24776.099609375,24759.599609375,24759.80078125,0.0,42.15595998962796,-8.43676278505518,-5.354605906520764,24782.4686427283,24782.071398492197,8.780478379653106
2025-07-31 06:41:00+00:00,24788.900390625,24789.150390625,24773.349609375,24774.30078125,0.0,52.599457460639464,-6.805041630384949,-5.644693051293601,24783.081190147033,24782.33920210525,9.281928584677884
2025-07-31 06:42:00+00:00,24800.75,24804.80078125,24788.599609375,24788.75,0.0,59.38064046226143,-4.503809304012975,-5.416516301837476,24784.763933942555,24783.061194179554,9.77616024827232
2025-07-31 06:43:00+00:00,24812.30078125,24813.69921875,24800.650390625,24801.599609375,0.0,64.68436734141036,-1.728094198693725,-4.678831881208726,24787.386490828976,24784.207844652905,10.009922239467155
2025-07-31 06:44:00+00:00,24819.349609375,24819.349609375,24812.150390625,24812.19921875,0.0,67.47531341783258,1.028604428822291,-3.537344619202523,24790.430597357168,24785.58595307338,9.809157704505214
2025-07-31 06:45:00+00:00,24833.0,24836.900390625,24819.25,24819.69921875,0.0,72.07738513947628,4.265609107886121,-1.9767538737847943,24794.484826180294,24787.44532746266,10.36924577025484
2025-07-31 06:46:00+00:00,24823.150390625,24837.0,24822.44921875,24834.099609375,0.0,64.93745240789511,5.967389130142692,-0.38792527299929724,24797.21487993693,24788.84552601805,10.667926875950924
2025-07-31 06:47:00+00:00,24821.80078125,24823.55078125,24819.900390625,24823.19921875,0.0,64.00191357527359,7.125026985126169,1.114665178625796,24799.5563943477,24790.137888968322,10.166674286597287
2025-07-31 06:48:00+00:00,24836.80078125,24837.05078125,24821.349609375,24822.0,0.0,69.29639884467005,9.14739251840001,2.721210646580639,24803.103478814584,24791.967806312703,10.561995542911765
2025-07-31 06:49:00+00:00,24840.25,24842.30078125,24832.0,24838.80078125,0.0,70.3753738159156,10.902774502948887,4.3575234178542885,24806.641242737005,24793.86122567299,10.543337379132353
2025-07-31 06:50:00+00:00,24841.849609375,24842.900390625,24836.30078125,24841.5,0.0,70.88634530385816,12.281429802776984,5.942304694838828,24809.994420512052,24795.74312307307,10.261642521694329
2025-07-31 06:51:00+00:00,24837.900390625,24843.0,24835.75,24842.400390625,0.0,67.77810119540537,12.90657613680014,7.335158983231091,24812.65213195138,24797.396349251576,10.046525198716163
2025-07-31 06:52:00+00:00,24844.25,24847.349609375,24836.150390625,24838.650390625,0.0,70.05185267994105,13.755801207480545,8.619287428080982,24815.66145271792,24799.23374732014,10.128860452379294
2025-07-31 06:53:00+00:00,24843.44921875,24847.69921875,24841.599609375,24845.650390625,0.0,69.38685422650693,14.200507231998927,9.735531388864572,24818.307906625738,24800.967687376215,9.841056803995059
2025-07-31 06:54:00+00:00,24846.55078125,24849.75,24840.150390625,24845.150390625,0.0,70.5528464535114,14.634512581898889,10.715327627471437,24820.997704209003,24802.75525968499,9.82381055906684
2025-07-31 06:55:00+00:00,24841.55078125,24848.55078125,24841.55078125,24847.80078125,0.0,66.17693528651571,14.40890979242613,11.454044060462376,24822.955140117672,24804.27665268754,9.622109804847781
2025-07-31 06:56:00+00:00,24834.69921875,24842.55078125,24833.599609375,24842.55078125,0.0,60.62774432520981,13.521387979679275,11.867512844305756,24824.073623796943,24805.46969449391,9.574185667001512
2025-07-31 06:57:00+00:00,24830.0,24835.19921875,24829.0,24835.19921875,0.0,57.091707545684024,12.297079787585972,11.9534262329618,24824.638040578186,24806.431667258854,9.333116601501404
2025-07-31 06:58:00+00:00,24827.55078125,24834.150390625,24826.30078125,24830.55078125,0.0,55.2819705069027,11.002347032670514,11.763210392903542,24824.91544445169,24807.259867807526,9.227151799608448
2025-07-31 06:59:00+00:00,24826.44921875,24829.400390625,24825.5,24828.05078125,0.0,54.44603086964211,9.77469846932945,11.365508008188725,24825.061518194387,24808.012391373897,8.846668858564987
2025-07-31 07:00:00+00:00,24832.30078125,24836.650390625,24827.900390625,24827.900390625,0.0,58.072913306111005,9.168264284729958,10.926059263496972,24825.750971818732,24808.964877251394,8.94341907402463
2025-07-31 07:01:00+00:00,24829.5,24833.650390625,24828.5,24832.75,0.0,55.783597030521044,8.365231997249793,10.413893810247536,24826.10802212171,24809.770176182712,8.67248847052287
2025-07-31 07:02:00+00:00,24830.900390625,24832.900390625,24828.0,24830.44921875,0.0,56.70266583952934,7.752457440143189,9.881606536226666,24826.56443816964,24810.598812043194,8.403052910128379
2025-07-31 07:03:00+00:00,24845.75,24847.650390625,24827.650390625,24831.849609375,0.0,65.00841407400279,8.368600544228684,9.57900533782707,24828.391634534437,24811.977290002284,9.231406273690636
2025-07-31 07:04:00+00:00,24857.0,24860.30078125,24843.44921875,24848.650390625,0.0,69.74378854171793,9.653400975701516,9.59388446540196,24831.11624076925,24813.74288647278,9.775703146998447
2025-07-31 07:05:00+00:00,24862.05078125,24863.150390625,24856.30078125,24857.849609375,0.0,71.60189576295744,10.952912057615322,9.865689983844632,24834.062387481703,24815.637313718944,9.566696448998558
2025-07-31 07:06:00+00:00,24865.599609375,24865.94921875,24858.55078125,24861.80078125,0.0,72.86293941075556,12.12932541031114,10.318417069137933,24837.06593242392,24817.596619430948,9.411820809784375
2025-07-31 07:07:00+00:00,24870.30078125,24872.69921875,24864.400390625,24865.30078125,0.0,74.4796533592216,13.28781311073908,10.912296277458163,24840.231156121645,24819.663449306205,9.332321332299776
2025-07-31 07:08:00+00:00,24872.30078125,24873.900390625,24867.150390625,24870.599609375,0.0,75.15771696718497,14.203576259384135,11.570552273843358,24843.28540613387,24821.72765840204,9.147869808564078
2025-07-31 07:09:00+00:00,24867.44921875,24873.25,24865.849609375,24873.19921875,0.0,70.27962881266178,14.372171162060113,12.130876051486709,24845.58672162112,24823.520660768627,9.02304986688093
2025-07-31 07:10:00+00:00,24863.30078125,24867.55078125,24857.150390625,24867.55078125,0.0,66.31609459553886,14.00954627199826,12.50661009558902,24847.273774919107,24825.080665493384,9.121431349603721
2025-07-31 07:11:00+00:00,24865.849609375,24868.900390625,24862.349609375,24864.849609375,0.0,67.5278228722917,13.769110823690426,12.759110241209303,24849.042902010144,24826.679447606388,8.937813485346313
2025-07-31 07:12:00+00:00,24857.55078125,24867.849609375,24854.849609375,24866.80078125,0.0,59.96410900352631,12.761807749393483,12.75964974284614,24849.853176223463,24827.89008814143,9.227969664964434
2025-07-31 07:13:00+00:00,24847.599609375,24857.30078125,24846.05078125,24857.25,0.0,52.386779323707096,11.033350800877088,12.414389954452329,24849.638550809323,24828.663010542747,9.390257546038402
2025-07-31 07:14:00+00:00,24856.349609375,24859.5,24844.349609375,24848.150390625,0.0,57.47522698143824,10.25141614547465,11.981795192656794,24850.27769924415,24829.74875951656,9.801695623107088
2025-07-31 07:15:00+00:00,24847.55078125,24861.5,24846.25,24856.75,0.0,51.51339921231394,8.820063204399048,11.349448795005245,24850.017992768517,24830.44687801591,10.190860221456584
2025-07-31 07:16:00+00:00,24853.55078125,24855.150390625,24846.44921875,24847.75,0.0,54.945411671152065,8.076751775304729,10.694909391065142,24850.35444881437,24831.35291343686,10.084453910995398
2025-07-31 07:17:00+00:00,24857.650390625,24859.849609375,24853.0,24854.25,0.0,57.17585761466759,7.729376881849021,10.101802889221918,24851.049300415383,24832.38418705208,9.853393586995725
2025-07-31 07:18:00+00:00,24860.349609375,24861.75,24853.599609375,24858.599609375,0.0,58.628097811536705,7.584455291456834,9.598333369668902,24851.935044125825,24833.48087028043,9.731750518281745
2025-07-31 07:19:00+00:00,24868.80078125,24870.94921875,24860.849609375,24862.25,0.0,62.87331126321499,8.058647752928664,9.290396246320855,24853.54130480432,24834.865964828256,9.793740436618764
2025-07-31 07:20:00+00:00,24879.099609375,24879.599609375,24871.25,24873.25,0.0,67.27955756092783,9.159888560316176,9.26429470911992,24855.975429049147,24836.600617555578,9.865532414360283
2025-07-31 07:21:00+00:00,24876.30078125,24879.400390625,24872.099609375,24879.400390625,0.0,65.02110988444379,9.695029529801104,9.350441673256157,24857.911176877802,24838.157486720065,9.682335902620263
2025-07-31 07:22:00+00:00,24878.30078125,24879.55078125,24873.900390625,24877.19921875,0.0,65.90194567829195,10.163359012680303,9.513025141140986,24859.85304396087,24839.731733564375,9.394339811361673
2025-07-31 07:23:00+00:00,24878.599609375,24882.05078125,24875.400390625,24878.900390625,0.0,66.03955203518078,10.4383002070972,9.698080154332228,24861.63843114317,24841.255963988322,9.198343440907268
2025-07-31 07:24:00+00:00,24876.150390625,24880.150390625,24872.69921875,24878.25,0.0,63.76810204787411,10.33937571318529,9.82633926610284,24863.02052252239,24842.62437287604,9.073545471913892
2025-07-31 07:25:00+00:00,24874.150390625,24877.849609375,24872.30078125,24877.05078125,0.0,61.89591954042766,9.984498964811792,9.857971205844631,24864.08050996073,24843.860687297565,8.821779947134328
2025-07-31 07:26:00+00:00,24879.349609375,24879.69921875,24874.150390625,24875.69921875,0.0,64.78995624344216,10.007430655234202,9.887863095722546,24865.534709904947,24845.252409731977,8.587997674124733
2025-07-31 07:27:00+00:00,24897.650390625,24899.69921875,24876.75,24879.400390625,0.0,72.66098691992738,11.371243667330418,10.184539210044122,24868.593346163998,24847.307232512096,9.613799179544396
2025-07-31 07:28:00+00:00,24904.349609375,24906.05078125,24897.55078125,24899.69921875,0.0,74.87514121726446,12.844581925612147,10.716547753157727,24871.998704565045,24849.544188467506,9.534242095291225
2025-07-31 07:29:00+00:00,24897.150390625,24905.400390625,24896.30078125,24905.400390625,0.0,68.45862743953245,13.278233117416676,11.228884826009518,24874.39410323742,24851.411098356035,9.503196900984708
2025-07-31 07:30:00+00:00,24898.80078125,24899.150390625,24892.349609375,24897.650390625,0.0,69.11211261998008,13.598324521339237,11.702772765075462,24876.71854876243,24853.269517293054,9.310167211628656
2025-07-31 07:31:00+00:00,24899.19921875,24901.30078125,24888.19921875,24899.55078125,0.0,69.27760134768133,13.725925911639933,12.107403394388356,24878.859564951723,24855.070682056074,9.580981160798038
2025-07-31 07:32:00+00:00,24901.44921875,24902.30078125,24896.349609375,24900.400390625,0.0,70.24703363127392,13.848964882254222,12.45571569196153,24881.010960551557,24856.889448200935,9.32170906895532
2025-07-31 07:33:00+00:00,24897.650390625,24902.900390625,24896.25,24901.94921875,0.0,66.43537865147945,13.48449955430624,12.661472464430473,24882.595668177597,24858.48791653129,9.130900608672798
2025-07-31 07:34:00+00:00,24890.150390625,24898.30078125,24886.75,24898.30078125,0.0,59.563689775906845,12.446989687057794,12.618575908955938,24883.31516555354,24859.729582182026,9.303749225910455
2025-07-31 07:35:00+00:00,24896.69921875,24898.25,24886.19921875,24889.30078125,0.0,63.14804932159354,12.014693434237415,12.497799414012233,24884.589837286534,24861.179371851358,9.499965799059709
2025-07-31 07:36:00+00:00,24890.55078125,24897.400390625,24888.599609375,24897.099609375,0.0,57.95396434837719,11.04860655884113,12.207960842978013,24885.157546235434,24862.331191827776,9.450024045555443
2025-07-31 07:37:00+00:00,24900.5,24900.599609375,24889.900390625,24891.25,0.0,63.22515646125445,10.95946071277649,11.95826081693771,24886.61873230825,24863.82800783453,9.539252238730054
2025-07-31 07:38:00+00:00,24895.5,24902.5,24892.19921875,24901.05078125,0.0,59.20790347950634,10.365862563150586,11.639781166180285,24887.46456732651,24865.07004674298,9.593647168106477
2025-07-31 07:39:00+00:00,24893.80078125,24895.80078125,24892.0,24895.80078125,0.0,57.862355014061045,9.647113086226454,11.24124755018952,24888.06801627161,24866.196742213844,9.179871031098871
2025-07-31 07:40:00+00:00,24898.25,24898.80078125,24893.19921875,24894.650390625,0.0,60.40001720881515,9.328975099051604,10.858793059961938,24889.037729007647,24867.453732715265,8.92427756459181
2025-07-31 07:41:00+00:00,24910.150390625,24910.349609375,24897.349609375,24898.150390625,0.0,66.25396039899056,9.92272749400945,10.671579946771441,24891.04845868549,24869.128111456823,9.215400595692396
2025-07-31 07:42:00+00:00,24927.25,24927.44921875,24910.25,24910.44921875,0.0,72.5363094094761,11.638910004374338,10.86504595829202,24894.496224524966,24871.407401203614,9.792788276357225
2025-07-31 07:43:00+00:00,24901.80078125,24927.94921875,24900.849609375,24927.94921875,0.0,55.86670617071321,10.820723181957874,10.856181403025191,24895.19189659402,24872.599298460336,11.028989783403137
2025-07-31 07:44:00+00:00,24900.150390625,24905.55078125,24898.55078125,24902.5,0.0,54.98422611030867,9.924725442950148,10.669890211010182,24895.66413412078,24873.67973344719,10.74120479887434
2025-07-31 07:45:00+00:00,24899.650390625,24909.0,24896.25,24900.44921875,0.0,54.70230641829125,9.069744588250614,10.349861086458269,24896.043777597373,24874.698190591414,10.884690170383317
2025-07-31 07:46:00+00:00,24901.400390625,24901.849609375,24896.349609375,24900.05078125,0.0,55.56112819462028,8.436130020178098,9.967114873202235,24896.553931219052,24875.74533569077,10.500069443927368
2025-07-31 07:47:00+00:00,24906.69921875,24906.94921875,24899.75,24901.5,0.0,58.14853149094792,8.266268656072498,9.626945629776287,24897.520149079144,24876.959213457798,10.264294394361128
2025-07-31 07:48:00+00:00,24909.69921875,24911.44921875,24903.80078125,24906.349609375,0.0,59.58331985217291,8.278300138255872,9.357216531472204,24898.680060476367,24878.243135233963,10.077447473335335
2025-07-31 07:49:00+00:00,24910.5,24913.5,24909.0,24909.25,0.0,59.97773728905544,8.257266896223882,9.13722660442254,24899.80576900243,24879.508110322826,9.679058368097097
2025-07-31 07:50:00+00:00,24902.0,24910.900390625,24897.099609375,24910.75,0.0,53.95845528320335,7.468625274730584,8.80350633848415,24900.01474338315,24880.390145212128,9.973467145375876
2025-07-31 07:51:00+00:00,24904.400390625,24909.19921875,24901.650390625,24902.349609375,0.0,55.322081140199515,6.957115276130935,8.434228126013508,24900.432424072853,24881.331723463612,9.800278643920455
2025-07-31 07:52:00+00:00,24903.05078125,24906.69921875,24902.849609375,24905.099609375,0.0,54.34746085132464,6.369415067525551,8.021265514315917,24900.681791423056,24882.183451219942,9.375230838997567
2025-07-31 07:53:00+00:00,24902.80078125,24906.099609375,24900.44921875,24902.80078125,0.0,54.157130001990446,5.816437239500374,7.5802998593528095,24900.883599978002,24882.991973966222,9.109170823712025
2025-07-31 07:54:00+00:00,24897.0,24904.30078125,24894.099609375,24902.19921875,0.0,49.799170416880415,4.85416793276454,7.035073474035157,24900.513733313433,24883.54130832049,9.187170898804023
2025-07-31 07:55:00+00:00,24894.05078125,24901.150390625,24893.150390625,24897.349609375,0.0,47.697668042076295,3.809669767288142,6.389992732685754,24899.898214069297,24883.95344451381,9.10237297746088
2025-07-31 07:56:00+00:00,24909.849609375,24909.94921875,24890.099609375,24894.099609375,0.0,57.93773893063202,4.208221086159028,5.953638403380409,24900.845966003173,24884.96898039072,9.870032720142246
2025-07-31 07:57:00+00:00,24912.55078125,24915.94921875,24909.05078125,24909.80078125,0.0,59.401284442330144,4.6879975558003935,5.7005102338644065,24901.960710312396,24886.050619640104,9.657775918703516
2025-07-31 07:58:00+00:00,24922.44921875,24922.44921875,24912.400390625,24912.900390625,0.0,64.30296368235064,5.8000852735494846,5.720425241801422,24903.911996830262,24887.47801568363,9.685708219153266
2025-07-31 07:59:00+00:00,24926.94921875,24927.44921875,24920.69921875,24922.75,0.0,66.2952608459916,6.964255590606626,5.969191311562463,24906.106017965478,24889.02590599996,9.476014774928034
2025-07-31 08:00:00+00:00,24925.25,24926.75,24915.150390625,24926.30078125,0.0,64.82403456484144,7.661439892111957,6.3076410276723625,24907.929254349718,24890.446458705846,9.641930014218888
2025-07-31 08:01:00+00:00,24930.44921875,24932.0,24926.05078125,24926.150390625,0.0,67.22102263641582,8.535109545515297,6.75313473124095,24910.074012864032,24892.015194393854,9.435363584631826
2025-07-31 08:02:00+00:00,24930.349609375,24935.0,24928.19921875,24929.900390625,0.0,67.12664662750228,9.114396309058066,7.225387046804373,24912.005022055553,24893.518504785272,9.247179132158124
2025-07-31 08:03:00+00:00,24931.30078125,24932.400390625,24929.05078125,24929.5,0.0,67.59450947595295,9.54026265446737,7.6883621683369725,24913.842713407405,24895.00016268585,8.825924149503972
2025-07-31 08:04:00+00:00,24933.0,24934.849609375,24930.349609375,24930.75,0.0,68.45815711716818,9.90074789483333,8.130839313636244,24915.667216892412,24896.490352384444,8.516929567396547
2025-07-31 08:05:00+00:00,24932.599609375,24934.5,24930.55078125,24932.900390625,0.0,67.99828693075733,10.038410322245909,8.512353515358178,24917.27982570028,24897.906401678192,8.19066450901108
2025-07-31 08:06:00+00:00,24934.80078125,24943.900390625,24931.19921875,24932.75,0.0,69.2223403795488,10.207459720390034,8.85137475636455,24918.948488133585,24899.353240092772,8.512843606581717
2025-07-31 08:07:00+00:00,24945.94921875,24946.599609375,24933.25,24934.400390625,0.0,74.53503618797842,11.112915548335877,9.303682914758815,24921.51998628753,24901.18053337345,8.858326875754452
2025-07-31 08:08:00+00:00,24952.900390625,24955.80078125,24946.25,24946.75,0.0,77.18002166827014,12.250184787630133,9.89298328933308,24924.508596224434,24903.208763069586,8.929272277486277
2025-07-31 08:09:00+00:00,24944.900390625,24953.650390625,24940.75,24952.849609375,0.0,68.3774463502136,12.363427812288137,10.38707219392409,24926.45067188163,24904.843728856074,9.212923588022973
2025-07-31 08:10:00+00:00,24937.44921875,24948.349609375,24936.05078125,24946.349609375,0.0,61.35810925082196,11.716861738303123,10.653030102799898,24927.49815253576,24906.122375518582,9.433345340664188
2025-07-31 08:11:00+00:00,24930.44921875,24938.599609375,24929.69921875,24937.69921875,0.0,55.58513007930115,10.518362828617683,10.626096647963456,24927.779206460928,24907.076369370796,9.395277146688175
2025-07-31 08:12:00+00:00,24921.25,24930.19921875,24919.94921875,24930.19921875,0.0,49.0533137678091,8.72565976173064,10.246009270716893,24927.157377274172,24907.632198022922,9.474185921924734
2025-07-31 08:13:00+00:00,24920.75,24923.5,24917.900390625,24920.75,0.0,48.71821682769623,7.18179656389475,9.633166729352466,24926.54715086711,24908.146621629865,9.197430454287254
2025-07-31 08:14:00+00:00,24921.650390625,24923.599609375,24916.69921875,24920.849609375,0.0,49.388711221322104,5.962199332672753,8.898973250016523,24926.080792748813,24908.676181198305,9.033356180766736
2025-07-31 08:15:00+00:00,24918.650390625,24926.5,24916.19921875,24921.5,0.0,47.17549681277295,4.699412905556528,8.059061181124523,24925.373135403686,24909.06732666602,9.123886542854827
2025-07-31 08:16:00+00:00,24925.30078125,24935.05078125,24922.400390625,24922.650390625,0.0,52.28056632733986,4.187011248632189,7.284651194626057,24925.366244531906,24909.703932728138,9.643636834436624
2025-07-31 08:17:00+00:00,24924.25,24927.5,24919.69921875,24925.44921875,0.0,51.43475641753652,3.6540187254177,6.558524700784385,24925.25993552887,24910.2743667388,9.51200429269115
2025-07-31 08:18:00+00:00,24922.150390625,24925.0,24917.5,24924.25,0.0,49.7043898916397,3.0273005451199424,5.852279869651498,24924.96378839517,24910.74009316571,9.368289700356069
2025-07-31 08:19:00+00:00,24919.69921875,24922.05078125,24917.55078125,24921.55078125,0.0,47.68739427246123,2.3062477979328833,5.143073455307775,24924.462400809916,24911.09143142392,9.02766967711635
2025-07-31 08:20:00+00:00,24912.44921875,24920.94921875,24911.55078125,24920.349609375,0.0,42.228944045242535,1.1366908273703302,4.341796929720286,24923.318288232782,24911.14467798573,9.05415309303661
2025-07-31 08:21:00+00:00,24917.5,24920.25,24909.55078125,24912.25,0.0,46.7977333842217,0.610328846702032,3.5955033131166356,24922.764165543944,24911.393906300014,9.17165778281971
2025-07-31 08:22:00+00:00,24912.75,24917.75,24908.849609375,24917.150390625,0.0,43.32738526375153,-0.18793571190326475,2.838815508112656,24921.810435492138,24911.44708644511,9.15228155726116
2025-07-31 08:23:00+00:00,24908.05078125,24915.30078125,24907.849609375,24912.349609375,0.0,40.15487363423119,-1.1860813978564693,2.033836126918831,24920.499992230983,24911.313898006087,9.030773722813935
2025-07-31 08:24:00+00:00,24907.349609375,24910.75,24905.099609375,24908.75,0.0,39.68791061665813,-2.010521712800255,1.2249645589750138,24919.247574816127,24911.158435706828,8.789317787255797
2025-07-31 08:25:00+00:00,24914.25,24917.69921875,24907.150390625,24907.30078125,0.0,46.30560963948355,-2.0830802947348275,0.5633555882330455,24918.77161530983,24911.279673522247,8.914997097094668
2025-07-31 08:26:00+00:00,24912.349609375,24914.25,24908.69921875,24914.25,0.0,44.84618384944194,-2.2677874923210766,-0.0028730278777788776,24918.15999569699,24911.321631790983,8.674695965159334
2025-07-31 08:27:00+00:00,24923.55078125,24924.80078125,24911.900390625,24913.150390625,0.0,54.040668262194714,-1.4931166002024838,-0.3009217423427199,24918.673403844896,24911.801206279575,8.976531298005096
2025-07-31 08:28:00+00:00,24907.94921875,24924.150390625,24901.30078125,24923.599609375,0.0,43.230521190351084,-2.1137342305919447,-0.6634842399925649,24917.65205288348,24911.650147945085,9.967465446361874
2025-07-31 08:29:00+00:00,24907.69921875,24910.05078125,24903.0,24908.099609375,0.0,43.081803932695934,-2.5958279953665624,-1.0499529910673644,24916.704163918384,24911.49520954528,9.759130860907456
2025-07-31 08:30:00+00:00,24908.69921875,24913.150390625,24905.900390625,24907.349609375,0.0,43.91295153793187,-2.8641826202401717,-1.412798916901926,24915.94178818806,24911.385562847423,9.579907227985496
2025-07-31 08:31:00+00:00,24913.75,24915.25,24907.849609375,24907.849609375,0.0,48.039998655293886,-2.6388803876434395,-1.6580152110502286,24915.733046455865,24911.478285873018,9.424227470629388
2025-07-31 08:32:00+00:00,24921.05078125,24922.30078125,24912.599609375,24914.19921875,0.0,53.380035342618676,-1.849890329198388,-1.6963902346798607,24916.23949738864,24911.853677848583,9.444009213798719
2025-07-31 08:33:00+00:00,24918.5,24928.05078125,24916.55078125,24922.80078125,0.0,51.392726746653715,-1.414135479084507,-1.6399392835607902,24916.454783351626,24912.114317932956,9.59086569852738
2025-07-31 08:34:00+00:00,24918.400390625,24918.849609375,24913.75,24918.5,0.0,51.31238886604335,-1.0645626494660974,-1.5248639567418518,24916.640079282424,24912.36083058755,9.270061675418281
2025-07-31 08:35:00+00:00,24927.0,24927.0,24916.150390625,24917.150390625,0.0,57.490651320692976,-0.09254030973897898,-1.2383992273412774,24917.626738398383,24912.93491566255,9.382886511102688
2025-07-31 08:36:00+00:00,24931.94921875,24932.44921875,24925.69921875,24926.80078125,0.0,60.59017528630747,1.0648797177927918,-0.7777434383144637,24918.990784146157,24913.68057460716,9.194823188881069
2025-07-31 08:37:00+00:00,24936.349609375,24939.94921875,24931.44921875,24932.69921875,0.0,63.162024857517665,2.3105832112378266,-0.16007810840400571,24920.644005596525,24914.56955636276,9.145192961103849
2025-07-31 08:38:00+00:00,24951.75,24952.69921875,24937.400390625,24937.400390625,0.0,70.4340864915338,4.488751488595881,0.7696878109959717,24923.606481254,24916.027612975984,9.659794133525
2025-07-31 08:39:00+00:00,24941.150390625,24952.05078125,24935.400390625,24951.599609375,0.0,61.443634885358904,5.298586838511255,1.6754676164990285,24925.277329765522,24917.012819942614,10.159122454344644
2025-07-31 08:40:00+00:00,24941.19921875,24947.650390625,24935.69921875,24941.099609375,0.0,61.468034594735066,5.87658558885596,2.515691210970415,24926.793700144997,24917.961306170357,10.287125984391455
2025-07-31 08:41:00+00:00,24949.650390625,24951.69921875,24940.55078125,24942.75,0.0,65.53355906064027,6.936631533273612,3.3998792754310543,24928.970527809757,24919.204015364656,10.348648235506351
2025-07-31 08:42:00+00:00,24935.099609375,24951.19921875,24932.349609375,24949.55078125,0.0,54.81061266892544,6.527355845471902,4.025374589439224,24929.55424986359,24919.827371992513,10.955859745470182
2025-07-31 08:43:00+00:00,24931.349609375,24935.849609375,24929.75,24934.75,0.0,52.42962696833056,5.833167134569521,4.386933098465283,24929.725236483726,24920.279224438887,10.608984719008026
2025-07-31 08:44:00+00:00,24924.69921875,24932.0,24921.650390625,24930.55078125,0.0,48.41305809823185,4.692296759814781,4.448005830735183,24929.246568128132,24920.452557549128,10.590457908721737
2025-07-31 08:45:00+00:00,24917.94921875,24926.099609375,24917.05078125,24924.44921875,0.0,44.67231240252062,3.2065174433046195,4.1997081532490705,24928.170630092118,24920.354387400144,10.480341495598754
2025-07-31 08:46:00+00:00,24916.150390625,24922.75,24915.0,24917.80078125,0.0,43.703188355055794,1.8624075592197187,3.7322480344432005,24927.025845380966,24920.189524781512,10.285317103055986
2025-07-31 08:47:00+00:00,24909.69921875,24917.900390625,24907.599609375,24915.44921875,0.0,40.32453288078101,0.2734825995066785,3.040494947455896,24925.37569046373,24919.778140231258,10.286421684980558
2025-07-31 08:48:00+00:00,24913.599609375,24918.69921875,24907.5,24909.19921875,0.0,43.18444203046971,-0.6633759669348365,2.2997207645777498,24924.254158931468,24919.535844903563,10.351621475339089
2025-07-31 08:49:00+00:00,24907.05078125,24913.69921875,24905.900390625,24911.150390625,0.0,39.7406891757853,-1.9122357658052351,1.4573294585011527,24922.615742009424,24919.046234564208,10.16927909317201
2025-07-31 08:50:00+00:00,24905.80078125,24911.599609375,24903.75,24906.400390625,0.0,39.099760264892375,-2.968610414311115,0.5721414839386992,24921.01431717519,24918.526805022473,10.003588399016866
2025-07-31 08:51:00+00:00,24905.75,24914.05078125,24904.650390625,24905.80078125,0.0,39.07219131056688,-3.766474977503094,-0.2955818083496594,24919.560572682316,24918.025753845122,9.960502843729946
2025-07-31 08:52:00+00:00,24904.400390625,24908.30078125,24898.69921875,24907.150390625,0.0,38.299286055111544,-4.456320896217221,-1.1277296259231717,24918.116745819716,24917.491425875705,9.934864247749235
2025-07-31 08:53:00+00:00,24904.19921875,24905.150390625,24899.75,24905.099609375,0.0,38.178054369286826,-4.96206208300282,-1.8945961173391015,24916.791267051172,24916.97016285117,9.61097327469572
2025-07-31 08:54:00+00:00,24903.30078125,24907.900390625,24900.349609375,24904.55078125,0.0,37.60554494136113,-5.373420567430003,-2.5903610073572816,24915.50645887963,24916.43410867073,9.463816701503168
2025-07-31 08:55:00+00:00,24886.30078125,24903.30078125,24883.55078125,24903.30078125,0.0,28.803868422543417,-6.990599772409041,-3.4704087603676337,24912.72496577205,24915.252409556193,10.198544079967226
2025-07-31 08:56:00+00:00,24884.5,24889.25,24882.0,24886.599609375,0.0,28.0548068433704,-8.321607627905905,-4.440648533875288,24910.03687379376,24914.046432710853,9.987933788540996
2025-07-31 08:57:00+00:00,24891.599609375,24891.94921875,24883.849609375,24885.5,0.0,35.208687022726494,-8.703236309531349,-5.293166089006501,24908.280943849117,24913.166165129056,9.853053473288067
2025-07-31 08:58:00+00:00,24881.80078125,24890.400390625,24879.849609375,24889.75,0.0,30.67502470476576,-9.684723858561483,-6.171477642917498,24905.759023601582,24911.936150074976,9.98854965376749
2025-07-31 08:59:00+00:00,24867.150390625,24881.900390625,24863.400390625,24880.94921875,0.0,25.407354929416655,-11.512020491176372,-7.239586212569273,24902.082010937145,24910.179845782823,10.596510392784099
2025-07-31 09:00:00+00:00,24847.0,24862.75,24843.05078125,24862.75,0.0,20.255198197361054,-14.419910603726748,-8.675651090800768,24896.83610513361,24907.702204771733,11.561017462942377
2025-07-31 09:01:00+00:00,24866.94921875,24867.5,24844.69921875,24846.94921875,0.0,34.43120519818646,-14.942451952832926,-9.929011263207201,24893.98973500184,24906.104048457157,12.363857733446494
2025-07-31 09:02:00+00:00,24865.849609375,24867.099609375,24857.5,24867.099609375,0.0,34.071669371154016,-15.269284219761175,-10.997065854517997,24891.30972303738,24904.525443002956,12.166411422128887
2025-07-31 09:03:00+00:00,24879.5,24880.599609375,24866.150390625,24866.19921875,0.0,42.14776445721055,-14.26242039932913,-11.650136763480225,24890.18498751001,24903.544053081274,12.350953463405395
2025-07-31 09:04:00+00:00,24872.400390625,24882.5,24868.75,24879.5,0.0,39.441578184663044,-13.877382878767094,-12.0955859865376,24888.491216378105,24902.32273298495,12.450885358876437
2025-07-31 09:05:00+00:00,24870.0,24876.650390625,24867.19921875,24871.650390625,0.0,38.54056049057755,-13.609052644664189,-12.398279318162919,24886.73014815162,24901.055174828678,12.236620110028122
2025-07-31 09:06:00+00:00,24865.94921875,24870.44921875,24861.650390625,24868.80078125,0.0,37.004273101433945,-13.566872730258183,-12.631998000581973,24884.751012018132,24899.67847066873,11.991063539668971
2025-07-31 09:07:00+00:00,24882.80078125,24883.150390625,24864.55078125,24866.099609375,0.0,46.54961231670874,-12.034933364495373,-12.512585073364654,24884.5652757545,24899.016600495444,12.463102527906901
2025-07-31 09:08:00+00:00,24887.599609375,24889.69921875,24880.25,24881.80078125,0.0,48.92308708467946,-10.314733231891296,-12.073014705069983,24884.854259908832,24898.568875353467,12.247825115199266
2025-07-31 09:09:00+00:00,24886.94921875,24890.80078125,24881.80078125,24888.19921875,0.0,48.60804708894754,-8.901334280632,-11.438678620182387,24885.053779798465,24898.11320254549,12.015837606970747
2025-07-31 09:10:00+00:00,24893.150390625,24893.349609375,24883.44921875,24887.0,0.0,51.79536110637527,-7.197850345532061,-10.590512965252323,24885.824885591468,24897.918582470178,11.864734251115694
2025-07-31 09:11:00+00:00,24855.099609375,24892.900390625,24853.099609375,24892.80078125,0.0,36.73871639248738,-8.816575107546669,-10.235725393711192,24882.898668808946,24896.23940705468,13.878023322464573
2025-07-31 09:12:00+00:00,24864.099609375,24867.650390625,24853.650390625,24853.650390625,0.0,41.10001793208233,-9.266384250349802,-10.041857165038914,24881.108282196186,24894.979022831947,13.886735942288533
2025-07-31 09:13:00+00:00,24872.80078125,24873.80078125,24860.55078125,24863.55078125,0.0,45.04466282609723,-8.819088423479116,-9.797303416726955,24880.317091629884,24894.10928786795,13.841254803553639
2025-07-31 09:14:00+00:00,24879.0,24882.44921875,24871.150390625,24872.44921875,0.0,47.7305312532423,-7.873615970249375,-9.412565927431439,24880.1916543318,24893.516766775087,13.659652897942664
2025-07-31 09:15:00+00:00,24871.69921875,24881.19921875,24868.75,24878.849609375,0.0,44.94460580198424,-7.625531886151293,-9.05515911917541,24879.382850943057,24892.661176656457,13.573193315946758
2025-07-31 09:16:00+00:00,24862.099609375,24871.599609375,24861.400390625,24869.69921875,0.0,41.51351918260671,-8.110044170560286,-8.866136129452386,24877.736827936576,24891.46268382189,13.339310088021989
2025-07-31 09:17:00+00:00,24855.5,24864.5,24852.44921875,24861.900390625,0.0,39.29268968197737,-8.923690221930883,-8.877646947948087,24875.61903479976,24890.05238249554,13.247272313877561
2025-07-31 09:18:00+00:00,24863.30078125,24864.400390625,24850.05078125,24856.44921875,0.0,43.163129977680036,-8.837183179872227,-8.869554194332915,24874.445867795024,24889.003300093755,13.326010675386305
2025-07-31 09:19:00+00:00,24858.30078125,24865.900390625,24856.400390625,24862.150390625,0.0,41.343660017160495,-9.067558765953436,-8.90915510865702,24872.90824050502,24887.79927974694,13.052724198572998
2025-07-31 09:20:00+00:00,24856.44921875,24859.849609375,24851.05078125,24856.80078125,0.0,40.66013590254424,-9.292421447182278,-8.98580837636207,24871.34071462359,24886.569865590198,12.74887447903207
2025-07-31 09:21:00+00:00,24855.150390625,24861.650390625,24849.80078125,24857.099609375,0.0,40.15857781708089,-9.466309592618927,-9.081908619613442,24869.798779004675,24885.337729317056,12.684641257315493
2025-07-31 09:22:00+00:00,24855.400390625,24858.05078125,24851.55078125,24854.099609375,0.0,40.31120021196026,-9.474725551659503,-9.160472006022655,24868.427503920895,24884.163716035015,12.242881167507244
2025-07-31 09:23:00+00:00,24857.0,24857.099609375,24851.55078125,24855.44921875,0.0,41.34206508800034,-9.245741004735464,-9.177525805765217,24867.33917021414,24883.098472268935,11.764734521613871
2025-07-31 09:24:00+00:00,24836.75,24856.75,24836.75,24856.75,0.0,33.46307560207828,-10.576357202960935,-9.457292085204362,24864.425915908036,24881.280885121134,12.370824912927166
2025-07-31 09:25:00+00:00,24848.849609375,24849.150390625,24835.099609375,24837.25,0.0,40.73139592262944,-10.533123479883216,-9.672458364140132,24862.942458142985,24880.00907038599,12.490821794146655
2025-07-31 09:26:00+00:00,24852.0,24852.0,24843.150390625,24849.5,0.0,42.4928484113131,-10.127902097359765,-9.76354711078406,24861.900319272223,24878.910675468895,12.230735192779036
2025-07-31 09:27:00+00:00,24847.19921875,24852.5,24845.150390625,24851.650390625,0.0,40.51673064088659,-10.077971574333787,-9.826432003494006,24860.500214460582,24877.6670889309,11.882083348651962
2025-07-31 09:28:00+00:00,24861.150390625,24861.900390625,24845.099609375,24847.05078125,0.0,48.07400610312019,-8.811089544047718,-9.623363511604747,24860.56213600005,24877.019375271844,12.233418913033963
2025-07-31 09:29:00+00:00,24851.44921875,24863.55078125,24848.05078125,24861.55078125,0.0,43.897541426450424,-8.4919895326384,-9.397088715811478,24859.694239119093,24876.016624035696,12.466746133531538
2025-07-31 09:30:00+00:00,24809.80078125,24851.900390625,24807.650390625,24851.900390625,0.0,31.31827059136576,-11.467590070333245,-9.81118898671583,24854.942481226797,24873.41992431861,14.736978552565
2025-07-31 09:31:00+00:00,24800.349609375,24811.94921875,24799.5,24807.94921875,0.0,29.268578910486795,-14.42215588254112,-10.733382365880889,24849.743160098053,24870.5544217718,14.573567138096072
2025-07-31 09:32:00+00:00,24795.849609375,24802.150390625,24794.75,24800.5,0.0,28.318261067526663,-16.93160595327572,-11.973027083359856,24844.61044098157,24867.62482128565,14.061197387160638
2025-07-31 09:33:00+00:00,24793.400390625,24798.349609375,24791.599609375,24795.5,0.0,27.78939454483975,-18.900125812644546,-13.358446829216795,24839.733293328565,24864.71405929896,13.538969002363448
2025-07-31 09:34:00+00:00,24790.650390625,24794.25,24786.849609375,24793.94921875,0.0,27.1757030757569,-20.446400621978682,-14.776037587769174,24835.058731166322,24861.809601703902,13.10049911826606
2025-07-31 09:35:00+00:00,24777.5,24790.30078125,24776.099609375,24788.75,0.0,24.400697354827003,-22.473896085164597,-16.31560928724826,24829.57694724572,24858.503342813554,13.204090699104198
2025-07-31 09:36:00+00:00,24776.400390625,24780.099609375,24772.55078125,24777.0,0.0,24.178369149749628,-23.89399503256209,-17.83128643631103,24824.512513281843,24855.283619198315,12.800143372382468
2025-07-31 09:37:00+00:00,24770.19921875,24776.900390625,24769.599609375,24776.849609375,0.0,22.910576141601652,-25.228992305790598,-19.310827610206942,24819.339818564524,24851.94697604348,12.407331792212291
2025-07-31 09:38:00+00:00,24772.849609375,24774.599609375,24770.150390625,24770.94921875,0.0,24.72726211315964,-25.775993284180004,-20.603860745001555,24814.912179594096,24848.84511852707,11.838895146339985
2025-07-31 09:39:00+00:00,24760.55078125,24773.80078125,24757.25,24773.099609375,0.0,22.122018483977342,-26.891914889369218,-21.86147157387509,24809.734903561326,24845.3825954966,12.175458439458556
2025-07-31 09:40:00+00:00,24775.55078125,24775.849609375,24752.5,24758.55078125,0.0,31.588979507326158,-26.263170678172173,-22.741811394734505,24806.479272865006,24842.644092977127,12.973612077711516
2025-07-31 09:41:00+00:00,24768.900390625,24780.94921875,24767.05078125,24775.5,0.0,29.856095501789483,-26.001784913809388,-23.393806098549483,24802.90033169929,24839.752183080964,13.039671036446409
2025-07-31 09:42:00+00:00,24766.349609375,24774.150390625,24764.849609375,24770.099609375,0.0,29.19456980145165,-25.704159985445585,-23.855876875928708,24799.419310525547,24836.87365077877,12.772607480271665
2025-07-31 09:43:00+00:00,24759.94921875,24766.94921875,24757.75,24766.150390625,0.0,27.545344939892672,-25.688625632901676,-24.2224266273233,24795.66025416597,24833.857006385486,12.517365428109402
2025-07-31 09:44:00+00:00,24762.44921875,24762.849609375,24757.80078125,24760.25,0.0,29.22710095780343,-25.184276773983584,-24.41479665665536,24792.49729841207,24831.056700988014,11.983898477887303
2025-07-31 09:45:00+00:00,24758.849609375,24764.55078125,24758.400390625,24762.30078125,0.0,28.211726101207518,-24.7892796776905,-24.48969326086239,24789.292756599014,24828.225050336525,11.56721934553821
2025-07-31 09:46:00+00:00,24755.0,24759.19921875,24749.400390625,24759.19921875,0.0,27.126355421399623,-24.50440145064931,-24.492634898819773,24786.026779780062,24825.35347973509,11.440905686928337
2025-07-31 09:47:00+00:00,24753.69921875,24756.05078125,24748.849609375,24755.44921875,0.0,26.75183603021931,-24.105719845982094,-24.41525188825224,24782.94796444387,24822.543508716066,11.138067557504884
2025-07-31 09:48:00+00:00,24756.05078125,24758.30078125,24751.150390625,24753.849609375,0.0,28.669167045225038,-23.331064373993286,-24.19841438540045,24780.386327949214,24819.93595077622,10.853233490897393
2025-07-31 09:49:00+00:00,24754.19921875,24755.94921875,24750.900390625,24755.400390625,0.0,28.046654717781678,-22.605962487115903,-23.87992400574354,24777.89231754929,24817.35803971637,10.445887571904722
2025-07-31 09:50:00+00:00,24752.150390625,24756.25,24750.75,24754.25,0.0,27.339244665580907,-21.943684192705405,-23.492676043135916,24775.44070546126,24814.800877006906,10.092609888197241
2025-07-31 09:51:00+00:00,24757.69921875,24757.69921875,24750.25,24751.55078125,0.0,32.31824546793074,-20.7320931521499,-22.940559464938715,24773.751040060186,24812.561596290947,9.903796235468866
2025-07-31 09:52:00+00:00,24753.400390625,24758.94921875,24749.30078125,24757.44921875,0.0,30.57049947628279,-19.889504202685202,-22.330348412488014,24771.81288297112,24810.24154900993,9.885556325792518
2025-07-31 09:53:00+00:00,24754.80078125,24758.099609375,24752.80078125,24753.75,0.0,31.86319458020651,-18.890983076154953,-21.642475345221406,24770.192682807206,24808.06740125464,9.557932882878765
2025-07-31 09:54:00+00:00,24755.30078125,24755.80078125,24751.5,24754.099609375,0.0,32.34752444459811,-17.85349805592341,-20.88467988736181,24768.774406468427,24805.99812203877,9.182422051958854
2025-07-31 09:55:00+00:00,24757.0,24758.099609375,24753.099609375,24754.400390625,0.0,34.062877199525445,-16.701644785873214,-20.048072867064093,24767.653034423813,24804.076627056857,8.88367761967608
2025-07-31 09:56:00+00:00,24755.0,24759.400390625,24753.599609375,24756.94921875,0.0,33.00221231080397,-15.768407667907013,-19.192139827232676,24766.447983526305,24802.152053446785,8.663470736127788
2025-07-31 09:57:00+00:00,24756.05078125,24756.25,24750.25,24755.05078125,0.0,34.162162719773406,-14.773719026557956,-18.308455667097732,24765.457773785703,24800.34416041946,8.473222826404376
2025-07-31 09:58:00+00:00,24754.55078125,24763.5,24749.25,24756.69921875,0.0,33.27647643099773,-13.945701213233406,-17.43590477632487,24764.419012591825,24798.548341628502,8.885849767375491
2025-07-31 09:59:00+00:00,24765.599609375,24766.599609375,24747.55078125,24754.400390625,0.0,44.657970753896706,-12.256655939683696,-16.400055008996635,24764.5314503807,24797.25623448131,9.6117767929201
2025-08-01 03:45:00+00:00,24723.55078125,24759.19921875,24701.099609375,24736.400390625,0.0,26.28322524617809,-14.147975351410423,-15.949639077479393,24760.62852951111,24794.36582455067,13.532364164854377
2025-08-01 03:46:00+00:00,24712.80078125,24727.44921875,24712.25,24723.05078125,0.0,23.60877207434139,-16.32609767852773,-16.024930797689063,24756.073505867196,24791.167195401627,13.651425206650492
2025-08-01 03:47:00+00:00,24718.150390625,24724.69921875,24709.05078125,24712.599609375,0.0,27.559145887688146,-17.4198019142641,-16.30390502100407,24752.461780606034,24788.30379129274,13.794068941889742
2025-08-01 03:48:00+00:00,24722.5,24724.75,24710.900390625,24716.599609375,0.0,30.69718565013362,-17.731199050074792,-16.589363826818214,24749.608277691175,24785.723250457733,13.798036115683333
2025-08-01 03:49:00+00:00,24726.0,24730.099609375,24720.099609375,24722.30078125,0.0,33.20458775602654,-17.493903939383017,-16.770271849331177,24747.359870292014,24783.38116220449,13.526747821705952
2025-08-01 03:50:00+00:00,24731.19921875,24732.19921875,24713.44921875,24725.900390625,0.0,36.85917310766047,-16.693875745088008,-16.754992628482544,24745.820760621344,24781.334811480785,13.89983726301267
2025-08-01 03:51:00+00:00,24726.94921875,24732.599609375,24725.349609375,24731.5,0.0,35.16544715566316,-16.215860769556457,-16.64716625669733,24744.02347091931,24779.2020431384,13.424848887083192
2025-08-01 03:52:00+00:00,24725.25,24729.05078125,24717.94921875,24726.150390625,0.0,34.48318701973545,-15.792101691637072,-16.47615334368528,24742.235521307946,24777.086276740818,13.258899859434392
2025-08-01 03:53:00+00:00,24719.0,24730.650390625,24718.80078125,24725.30078125,0.0,32.02224681261036,-15.778705243788863,-16.336663723705996,24740.022614516714,24774.808383535295,13.158236253403363
2025-08-01 03:54:00+00:00,24712.69921875,24722.30078125,24712.19921875,24719.900390625,0.0,29.719558848404205,-16.09102157104644,-16.287535293174088,24737.420386348454,24772.372730014307,12.93990241387455
2025-08-01 03:55:00+00:00,24698.05078125,24714.150390625,24698.05078125,24712.599609375,0.0,25.185249626827144,-17.320876709822187,-16.494203576503708,24733.6709001486,24769.45814378826,13.165595768240653
2025-08-01 03:56:00+00:00,24695.05078125,24698.25,24685.94921875,24698.25,0.0,24.365358444333197,-18.32636575917786,-16.860636013038537,24729.99279358683,24766.540208002443,13.103823302652035
2025-08-01 03:57:00+00:00,24685.30078125,24696.75,24684.599609375,24695.5,0.0,21.87312440473974,-19.683072384639672,-17.425123287358765,24725.73641145951,24763.3543481298,13.035720968534033
2025-08-01 03:58:00+00:00,24682.69921875,24687.0,24679.69921875,24687.0,0.0,21.248584273940082,-20.72924270504518,-18.08594717089605,24721.637631201465,24760.191401879612,12.626082417210172
2025-08-01 03:59:00+00:00,24686.900390625,24688.30078125,24681.80078125,24682.75,0.0,24.974060842914426,-20.977524912432273,-18.664262719203293,24718.329322575137,24757.31724457551,12.18850510169516
2025-08-01 04:00:00+00:00,24680.19921875,24685.5,24673.349609375,24685.5,0.0,23.09713717383049,-21.467554313803703,-19.224921038123377,24714.6978841156,24754.29300826863,12.28581054085979
2025-08-01 04:01:00+00:00,24692.55078125,24692.55078125,24672.30078125,24681.599609375,0.0,33.08028205743962,-20.62152616030653,-19.504242062560007,24712.58863622364,24751.871744463977,12.854681216512661
2025-08-01 04:02:00+00:00,24698.80078125,24699.599609375,24690.30078125,24693.19921875,0.0,37.50145566946258,-19.225104944198392,-19.448414638887684,24711.275507178532,24749.790530220293,12.600691709976044
2025-08-01 04:03:00+00:00,24734.69921875,24738.69921875,24695.94921875,24699.25,0.0,55.6326724214632,-15.048260202864185,-18.568383751682987,24713.506336852006,24749.198714084203,14.75421373069204
2025-08-01 04:04:00+00:00,24713.94921875,24736.30078125,24712.849609375,24736.30078125,0.0,47.122927390381975,-13.259584007202648,-17.50662380278692,24713.548516080387,24747.816380933844,15.375425026714037
2025-08-01 04:05:00+00:00,24716.25,24721.150390625,24711.94921875,24713.349609375,0.0,48.07142221488496,-11.523555047559057,-16.310010051741347,24713.80580026321,24746.578483642323,14.93440694444875
2025-08-01 04:06:00+00:00,24721.900390625,24724.94921875,24715.94921875,24716.25,0.0,50.423394375668,-9.581352421937481,-14.964278525780575,24714.576713631002,24745.6107152887,14.510520734130981
2025-08-01 04:07:00+00:00,24709.5,24721.94921875,24697.5,24721.94921875,0.0,45.54772736032986,-8.939699446913437,-13.75936271000715,24714.093217094716,24744.194608806793,15.220427735264483
2025-08-01 04:08:00+00:00,24712.30078125,24712.30078125,24703.5,24708.900390625,0.0,46.79899525593373,-8.111678817513166,-12.629825931508353,24713.922508919026,24742.943870471234,14.761881557745593
2025-08-01 04:09:00+00:00,24697.80078125,24711.69921875,24697.19921875,24711.69921875,0.0,41.48415696147094,-8.527199078609556,-11.809300560928595,24712.38710628388,24741.17355324687,14.786144482192336
2025-08-01 04:10:00+00:00,24714.25,24714.25,24695.599609375,24699.25,0.0,48.61371638556155,-7.443384692534892,-10.936117387249855,24712.564524733036,24740.117727629346,15.062162063821456
2025-08-01 04:11:00+00:00,24717.75,24719.30078125,24712.44921875,24713.900390625,0.0,50.00939389709356,-6.230215191277239,-9.994936948055333,24713.058379520364,24739.24056183996,14.475690666405638
2025-08-01 04:12:00+00:00,24717.25,24718.80078125,24706.599609375,24718.30078125,0.0,49.80129720828053,-5.248612702362152,-9.045672098916697,24713.457581470804,24738.378186865844,14.313225038448094
2025-08-01 04:13:00+00:00,24722.30078125,24725.30078125,24717.150390625,24717.150390625,0.0,51.97525872178831,-4.016826348335599,-8.039902948800478,24714.299790973582,24737.747700371106,13.873022580344658
2025-08-01 04:14:00+00:00,24709.0,24722.400390625,24707.80078125,24722.400390625,0.0,46.2900049054291,-4.067006753604801,-7.245323709761343,24713.7950489761,24736.62033957224,13.924921637105754
2025-08-01 04:15:00+00:00,24713.349609375,24713.400390625,24701.30078125,24708.349609375,0.0,48.28228464573488,-3.712996844587906,-6.538858336726656,24713.752626156947,24735.707761917445,13.794542189812486
2025-08-01 04:16:00+00:00,24704.55078125,24712.650390625,24701.05078125,24712.55078125,0.0,44.67239670327518,-4.095226118493883,-6.050131893080102,24712.87625997533,24734.48591953833,13.687705470897308
2025-08-01 04:17:00+00:00,24706.0,24707.0,24694.599609375,24706.0,0.0,45.396532348579214,-4.232417061088199,-5.686588926681721,24712.22137807292,24733.368824654473,13.595754410476072
2025-08-01 04:18:00+00:00,24718.5,24719.69921875,24703.900390625,24706.099609375,0.0,51.31530032848697,-3.2945191721119045,-5.208174975767758,24712.819342065974,24732.785733491553,13.753116818656352
2025-08-01 04:19:00+00:00,24711.55078125,24722.69921875,24711.05078125,24717.05078125,0.0,48.18806047864475,-3.0765081431782164,-4.78184160924985,24712.698526750166,24731.952990266396,13.60278258160947
2025-08-01 04:20:00+00:00,24713.099609375,24713.099609375,24709.19921875,24710.80078125,0.0,48.93500701900625,-2.747088618878479,-4.374891011175576,24712.73672509539,24731.213641996146,12.909754584708793
2025-08-01 04:21:00+00:00,24713.25,24724.650390625,24711.900390625,24713.44921875,0.0,49.01187243025633,-2.4456935728412645,-3.989051523508714,24712.78560841964,24730.509185447278,12.898343542943879
2025-08-01 04:22:00+00:00,24713.599609375,24714.94921875,24710.75,24712.69921875,0.0,49.20329371240331,-2.1537976342297043,-3.622000745652912,24712.863132320148,24729.846064816993,12.27697748630503
2025-08-01 04:23:00+00:00,24705.349609375,24716.0,24703.150390625,24714.349609375,0.0,44.91785104186722,-2.558679190773546,-3.409336434677039,24712.147558706325,24728.885419505543,12.317879764068957
2025-08-01 04:24:00+00:00,24697.25,24705.25,24696.05078125,24704.55078125,0.0,41.130302347531284,-3.4928580334708386,-3.426040754435799,24710.72874359144,24727.64481481905,12.102233218421174
2025-08-01 04:25:00+00:00,24697.75,24701.44921875,24695.650390625,24697.44921875,0.0,41.45846862193606,-4.145073844316357,-3.5698473724119113,24709.49267277321,24726.472469139873,11.65198999746252
2025-08-01 04:26:00+00:00,24693.099609375,24703.650390625,24692.349609375,24697.5,0.0,39.26605005828794,-4.9798031608515885,-3.851838530099847,24707.931428640044,24725.163729541255,11.626903658358055
2025-08-01 04:27:00+00:00,24692.099609375,24696.44921875,24691.349609375,24693.0,0.0,38.791003173567326,-5.65681555232004,-4.212833934543886,24706.423636329087,24723.86709737787,11.160668352403908
2025-08-01 04:28:00+00:00,24689.400390625,24692.0,24685.150390625,24690.94921875,0.0,37.47316407440612,-6.338095525097742,-4.637886252654657,24704.80237483346,24722.515461818937,10.859850523660771
2025-08-01 04:29:00+00:00,24696.900390625,24699.44921875,24686.55078125,24689.05078125,0.0,43.24294224290156,-6.201342278414813,-4.950577457806689,24704.049804908846,24721.5109492231,11.005463879113574
2025-08-01 04:30:00+00:00,24691.599609375,24696.55078125,24684.650390625,24696.55078125,0.0,40.405076171148885,-6.446383198777767,-5.249738606000904,24702.864072000863,24720.337955503568,11.094359316319748
2025-08-01 04:31:00+00:00,24705.44921875,24705.44921875,24691.19921875,24692.400390625,0.0,49.694241403974225,-5.460091625573114,-5.291809209915346,24703.11027645316,24719.754083474018,11.31976222229691
2025-08-01 04:32:00+00:00,24708.599609375,24711.25,24703.19921875,24704.599609375,0.0,51.544457458284086,-4.373819583881414,-5.108211284708561,24703.633070064763,24719.316653117196,11.08626358141856
2025-08-01 04:33:00+00:00,24725.69921875,24728.44921875,24704.94921875,24708.05078125,0.0,60.11845221730077,-2.108836243991391,-4.508336276565126,24705.734608034785,24719.56694980868,11.972959039888663
2025-08-01 04:34:00+00:00,24727.0,24729.349609375,24721.150390625,24725.599609375,0.0,60.6883070843579,-0.2064782997003931,-3.6479646811921795,24707.759883460043,24719.858441973047,11.703406162039473
2025-08-01 04:35:00+00:00,24720.75,24728.94921875,24714.400390625,24726.900390625,0.0,56.51020029262921,0.7877506116310542,-2.7608216226275326,24708.99703741623,24719.893405032926,11.906650587965226
2025-08-01 04:36:00+00:00,24719.0,24722.25,24715.44921875,24721.349609375,0.0,55.36093408460441,1.418126532345923,-1.9250319916328418,24709.949700519446,24719.85836954144,11.541945635253425
2025-08-01 04:37:00+00:00,24714.25,24724.599609375,24713.75,24719.75,0.0,52.25452978211952,1.5169324356720608,-1.2366391061718613,24710.35925285093,24719.638433480995,11.492493045235323
2025-08-01 04:38:00+00:00,24715.650390625,24718.599609375,24712.44921875,24714.150390625,0.0,53.09024441868465,1.6887695615187113,-0.6515573726337468,24710.863170734174,24719.482039643506,11.1109143009328
2025-08-01 04:39:00+00:00,24727.05078125,24727.05078125,24714.94921875,24714.94921875,0.0,59.331091873891666,2.71358742152006,0.021471586197014503,24712.40484792616,24719.778853039843,11.181674886580456
2025-08-01 04:40:00+00:00,24737.80078125,24737.80078125,24721.650390625,24727.349609375,0.0,64.17150449130224,4.343133181671874,0.8858039052919865,24714.823508242713,24720.485595322596,11.536583153610424
2025-08-01 04:41:00+00:00,24738.0,24741.55078125,24736.150390625,24738.69921875,0.0,64.25640777718826,5.586240521603031,1.8258912285541955,24717.03079317198,24721.172434721713,11.098283687281109
2025-08-01 04:42:00+00:00,24746.0,24746.599609375,24736.099609375,24738.599609375,0.0,67.5789288589663,7.1347007962322095,2.8876531420897984,24719.78976525084,24722.146064732628,11.055549138189601
2025-08-01 04:43:00+00:00,24746.94921875,24747.349609375,24739.05078125,24745.0,0.0,67.95949479137832,8.342295945341903,3.978581702740219,24722.376379869806,24723.11873743919,10.858640494390343
2025-08-01 04:44:00+00:00,24745.650390625,24747.30078125,24740.25,24746.599609375,0.0,66.80398147276394,9.089738380454946,5.000813038283165,24724.59295232268,24724.00233168177,10.58665054836246
2025-08-01 04:45:00+00:00,24748.849609375,24749.44921875,24743.80078125,24745.599609375,0.0,68.2365942232556,9.8269629990682,5.966043030440172,24726.903110137187,24724.976734728567,10.233921044908
2025-08-01 04:46:00+00:00,24745.650390625,24752.05078125,24743.650390625,24749.80078125,0.0,65.20608491421478,10.03736411907812,6.780307248167762,24728.68856542174,24725.78746633235,10.102954586343143
2025-08-01 04:47:00+00:00,24737.94921875,24746.400390625,24737.19921875,24744.69921875,0.0,58.47387404268538,9.47348388838509,7.318942576211228,24729.570532405385,24726.26439779971,10.038541535532918
2025-08-01 04:48:00+00:00,24741.599609375,24741.599609375,24735.099609375,24737.400390625,0.0,60.552863450870255,9.214936704636784,7.69814140189634,24730.716158783445,24726.8657786458,9.785788568709139
2025-08-01 04:49:00+00:00,24751.349609375,24751.69921875,24742.099609375,24742.150390625,0.0,65.51842043992002,9.68513550136413,8.095540221789898,24732.681249315974,24727.825928870476,9.808204340587057
2025-08-01 04:50:00+00:00,24766.099609375,24766.900390625,24748.5,24752.650390625,0.0,71.38649512966603,11.119791134111438,8.700390404254208,24735.863950273975,24729.326857517714,10.421931932330839
2025-08-01 04:51:00+00:00,24774.55078125,24775.25,24765.05078125,24765.849609375,0.0,74.10558851383328,12.791255370488216,9.51856339750101,24739.54841036693,24731.1003447229,10.406023847878638
2025-08-01 04:52:00+00:00,24768.75,24777.55078125,24767.349609375,24774.5,0.0,69.24178985716189,13.492297446049633,10.313310207210735,24742.329514141507,24732.576801792595,10.391391564101593
2025-08-01 04:53:00+00:00,24756.80078125,24768.150390625,24752.05078125,24768.150390625,0.0,60.44148953643905,12.934574528655503,10.83756307149969,24743.7077300566,24733.526761771318,10.841950648808622
2025-08-01 04:54:00+00:00,24756.099609375,24761.94921875,24755.5,24757.150390625,0.0,59.95991900389328,12.294275631513301,11.128905583502412,24744.887909039306,24734.41197148127,10.528184084608005
2025-08-01 04:55:00+00:00,24766.099609375,24767.0,24755.400390625,24756.44921875,0.0,64.3255070415562,12.450232043935102,11.39317087558895,24746.90807097604,24735.654623947692,10.604714462493147
2025-08-01 04:56:00+00:00,24763.599609375,24768.05078125,24761.30078125,24768.05078125,0.0,62.491120697320945,12.231106930659735,11.560758086603109,24748.497741299747,24736.750505729156,10.329377715172209
2025-08-01 04:57:00+00:00,24766.400390625,24766.400390625,24762.05078125,24763.55078125,0.0,63.73871850747562,12.143466022189386,11.677299673720364,24750.202755521197,24737.913246313306,9.902251405159907
2025-08-01 04:58:00+00:00,24757.349609375,24766.5,24755.599609375,24766.5,0.0,57.12619300877354,11.214414771708107,11.584722693317914,24750.88340826918,24738.67545662945,9.973547063719915
2025-08-01 04:59:00+00:00,24764.44921875,24764.80078125,24754.69921875,24757.05078125,0.0,60.58084578235099,10.925076622224879,11.452793479099308,24752.175390219734,24739.686192398884,9.982691023454207
2025-08-01 05:00:00+00:00,24758.25,24770.19921875,24756.25,24764.69921875,0.0,56.3139180296675,10.079360318530235,11.178106846985493,24752.75392448452,24740.414184853827,10.266014432493192
2025-08-01 05:01:00+00:00,24773.0,24773.05078125,24756.650390625,24758.0,0.0,62.9928281129168,10.478535746478883,11.038192626884172,24754.682122152662,24741.692059957597,10.704184160529392
2025-08-01 05:02:00+00:00,24779.25,24780.75,24771.55078125,24773.150390625,0.0,65.40624779919978,11.170442013430147,11.064642504193367,24757.021920042887,24743.164920351417,10.596686631205865
2025-08-01 05:03:00+00:00,24780.19921875,24780.19921875,24775.69921875,24779.0,0.0,65.77134438348708,11.660956487387011,11.183905300832096,24759.22928182452,24744.617245778813,10.161209014691162
2025-08-01 05:04:00+00:00,24778.099609375,24782.349609375,24777.400390625,24779.69921875,0.0,64.15839597749695,11.744884099600313,11.296101060585741,24761.02645587695,24745.93027964533,9.788923995784652
2025-08-01 05:05:00+00:00,24776.80078125,24779.25,24772.400390625,24778.94921875,0.0,63.12706697121289,11.573184297492844,11.351517707967162,24762.528772579146,24747.140887551395,9.578972951442891
2025-08-01 05:06:00+00:00,24779.05078125,24781.849609375,24776.75,24777.400390625,0.0,64.20064701396603,11.486260699861305,11.378466306345992,24764.102297214467,24748.392255931733,9.259018410268398
2025-08-01 05:07:00+00:00,24781.650390625,24783.55078125,24778.55078125,24779.25,0.0,65.45222269590536,11.494636854706187,11.40170041601803,24765.773544205946,24749.69649650794,8.954802809534941
2025-08-01 05:08:00+00:00,24775.80078125,24784.099609375,24775.80078125,24782.099609375,0.0,60.340206887193496,10.903570850903634,11.30207450299515,24766.728519162523,24750.720193948804,8.907947474925303
2025-08-01 05:09:00+00:00,24771.30078125,24775.599609375,24769.30078125,24775.0,0.0,56.67316724739232,9.957253373835556,11.033110277163233,24767.163972694663,24751.527275803754,8.735951226716352
2025-08-01 05:10:00+00:00,24774.19921875,24776.599609375,24771.099609375,24771.099609375,0.0,58.42571441110816,9.333577961617266,10.69320381405404,24767.833996128502,24752.41637160557,8.50481185337947
2025-08-01 05:11:00+00:00,24768.349609375,24774.44921875,24767.55078125,24774.19921875,0.0,53.70432678400594,8.271942312880128,10.20895151381926,24767.88310215198,24753.041204459274,8.39007082813808
2025-08-01 05:12:00+00:00,24758.25,24769.19921875,24756.0,24766.900390625,0.0,46.689074615017546,6.540242497623694,9.475209710580147,24766.96566385179,24753.245470951068,8.73358139398536
2025-08-01 05:13:00+00:00,24761.80078125,24762.150390625,24757.30078125,24758.55078125,0.0,49.20147657258363,5.392218155215232,8.658611399507166,24766.473770270666,24753.580973315733,8.456154821200693
2025-08-01 05:14:00+00:00,24769.44921875,24770.55078125,24761.05078125,24761.5,0.0,54.20758173440144,5.041450870932749,7.935179293792283,24766.75714631632,24754.203257450412,8.530715191114929
2025-08-01 05:15:00+00:00,24768.849609375,24772.599609375,24768.19921875,24769.349609375,0.0,53.76029001490873,4.661348679590446,7.280413170951915,24766.95642851238,24754.777624192553,8.235692007821005
2025-08-01 05:16:00+00:00,24757.80078125,24768.55078125,24756.05078125,24768.55078125,0.0,46.19600728872545,3.4290390361784375,6.5101383439972205,24766.084462106443,24754.896179371277,8.561630301905218
2025-08-01 05:17:00+00:00,24769.75,24769.75,24756.650390625,24757.75,0.0,53.771695502794095,3.3776909362277365,5.883648862443324,24766.433560953446,24755.47868214103,8.88577166426913
2025-08-01 05:18:00+00:00,24758.349609375,24772.150390625,24757.69921875,24769.5,0.0,46.97580021991418,2.389535868613166,5.184826263677292,24765.66366080312,24755.591267522756,9.283300250749907
2025-08-01 05:19:00+00:00,24757.650390625,24759.80078125,24756.5,24758.900390625,0.0,46.58690303003167,1.5323309909290401,4.454327209127642,24764.900492214725,24755.672017448334,8.855977464982056
2025-08-01 05:20:00+00:00,24742.25,24758.69921875,24742.25,24757.80078125,0.0,38.94037769152633,-0.3852519231113547,3.486411382679843,24762.74330247999,24755.14566382291,9.398351842483338
2025-08-01 05:21:00+00:00,24747.05078125,24747.80078125,24735.30078125,24741.599609375,0.0,42.12916048653033,-1.5002730589185376,2.489074494360167,24761.248776648565,24754.828217447503,9.619898139448813
2025-08-01 05:22:00+00:00,24749.19921875,24750.900390625,24746.55078125,24747.5,0.0,43.54995287985245,-2.18538266037649,1.5541830634128357,24760.101199705845,24754.60747240054,9.243448941988182
2025-08-01 05:23:00+00:00,24750.19921875,24753.5,24748.25,24748.25,0.0,44.236207220736794,-2.617472716665361,0.7198519073971965,24759.158153900524,24754.434599708366,8.958202588989026
2025-08-01 05:24:00+00:00,24739.849609375,24750.05078125,24739.849609375,24749.099609375,0.0,38.95757554818641,-3.751785927812307,-0.17447565964470424,24757.31924489809,24753.862639303137,9.057588787989811
2025-08-01 05:25:00+00:00,24740.599609375,24744.19921875,24735.94921875,24740.400390625,0.0,39.520787151727525,-4.537908404607151,-1.0471622086371937,24755.726898657795,24753.342520482427,8.999903874561967
2025-08-01 05:26:00+00:00,24740.80078125,24741.69921875,24738.19921875,24740.19921875,0.0,39.68154814816208,-5.086054373270599,-1.854940641563875,24754.305363666575,24752.850687571354,8.60705359780754
2025-08-01 05:27:00+00:00,24744.94921875,24744.94921875,24740.05078125,24740.75,0.0,43.043707125647146,-5.126623244748771,-2.5092771622008545,24753.414302245947,24752.540826048946,8.342152447964144
2025-08-01 05:28:00+00:00,24741.400390625,24745.400390625,24738.30078125,24744.94921875,0.0,40.94130936711152,-5.383082316482614,-3.0840381930572067,24752.270120186808,24752.1039462284,8.253399371323848
2025-08-01 05:29:00+00:00,24743.400390625,24744.75,24739.44921875,24741.5,0.0,42.641633445228926,-5.363121961665456,-3.539854946778857,24751.425384038066,24751.762630322384,8.042498076943573
2025-08-01 05:30:00+00:00,24751.80078125,24753.25,24743.44921875,24743.44921875,0.0,49.25059216287994,-4.616248676989926,-3.7551336928210715,24751.46113615349,24751.764126437196,8.171577455376175
2025-08-01 05:31:00+00:00,24759.849609375,24759.849609375,24750.55078125,24752.349609375,0.0,54.6431743380778,-3.3364129633337143,-3.6713895469236,24752.260038365064,24752.08120419946,8.252095360349305
2025-08-01 05:32:00+00:00,24767.0,24771.150390625,24759.849609375,24760.05078125,0.0,58.82863142986227,-1.7252693433656532,-3.282165506212011,24753.66384423506,24752.666255015167,8.469858638181497
2025-08-01 05:33:00+00:00,24767.19921875,24768.650390625,24765.25,24766.849609375,0.0,58.9423103332793,-0.4274240503036708,-2.7112172150303433,24754.952927522198,24753.23617516163,8.107753780097104
2025-08-01 05:34:00+00:00,24767.25,24771.349609375,24765.900390625,24766.849609375,0.0,58.97340657397226,0.5983281627813994,-2.049308139467995,24756.124077281987,24753.78573692,7.917858420804454
2025-08-01 05:35:00+00:00,24761.19921875,24767.599609375,24760.19921875,24766.349609375,0.0,53.749662715263355,0.912478222460777,-1.4569508670822404,24756.607424088466,24754.076461697645,7.88089643538985
2025-08-01 05:36:00+00:00,24756.849609375,24761.849609375,24753.599609375,24761.099609375,0.0,50.30044229130015,0.8012311883358052,-1.0053144559986311,24756.630489353847,24754.185212586955,7.907260975719146
2025-08-01 05:37:00+00:00,24748.19921875,24756.900390625,24746.75,24756.900390625,0.0,44.22247452250066,0.014881340368447127,-0.8012752967252155,24755.8275112011,24753.950467730607,8.06748452209635
2025-08-01 05:38:00+00:00,24722.650390625,24748.099609375,24722.650390625,24748.099609375,0.0,31.944992065908963,-2.639457466051681,-1.1689117305905086,24752.66778543195,24752.723013726467,9.316151922303755
2025-08-01 05:39:00+00:00,24721.349609375,24724.30078125,24718.099609375,24722.0,0.0,31.466002751490848,-4.792754380305269,-1.8936802605334606,24749.685101997955,24751.492684144054,9.093653347496344
2025-08-01 05:40:00+00:00,24719.75,24722.25,24714.55078125,24721.05078125,0.0,30.853342622024357,-6.552796250380197,-2.825503458502808,24746.834139902912,24750.24787300115,8.994050876246606
2025-08-01 05:41:00+00:00,24723.0,24725.849609375,24718.69921875,24719.05078125,0.0,33.67877354804858,-7.5978114334866405,-3.779965053499575,24744.56422181692,24749.17932896189,8.86236085830042
2025-08-01 05:42:00+00:00,24723.19921875,24724.599609375,24720.30078125,24723.150390625,0.0,33.85718704181197,-8.314078683117259,-4.686787779423112,24742.52945962007,24748.160501110444,8.536394234493248
2025-08-01 05:43:00+00:00,24710.400390625,24722.5,24708.94921875,24722.5,0.0,28.544417128739013,-9.80149853045441,-5.709729929629371,24739.469548287205,24746.679712463956,8.944508932029445
2025-08-01 05:44:00+00:00,24710.25,24712.69921875,24707.099609375,24710.75,0.0,28.48784988114059,-10.867154944688082,-6.741214932641114,24736.686734164614,24745.2510962889,8.70558753509877
2025-08-01 05:45:00+00:00,24706.349609375,24711.25,24705.55078125,24710.849609375,0.0,26.99375168941144,-11.889370989232702,-7.770846143959432,24733.797484184648,24743.725547782473,8.490846907591715
2025-08-01 05:46:00+00:00,24717.94921875,24717.94921875,24706.30078125,24706.75,0.0,37.49320409765692,-11.629436133942363,-8.542564141956019,24732.288125571824,24742.71471134983,8.716389092763736
2025-08-01 05:47:00+00:00,24713.099609375,24718.0,24710.5,24717.44921875,0.0,35.213078892263326,-11.680117708758189,-9.170074855316454,24730.460647838794,24741.553334801796,8.629504157566327
2025-08-01 05:48:00+00:00,24672.150390625,24713.400390625,24671.099609375,24712.94921875,0.0,22.674145154921575,-14.85332308550278,-10.30672450135372,24724.90729000891,24738.831650716435,11.034595378454446
2025-08-01 05:49:00+00:00,24689.25,24689.849609375,24670.25,24670.25,0.0,33.34744397547567,-15.806112611891876,-11.406602123461353,24721.511357627107,24736.887272256965,11.646382092493413
2025-08-01 05:50:00+00:00,24691.80078125,24691.80078125,24686.05078125,24690.349609375,0.0,34.79334176005787,-16.16899236775862,-12.359080172320807,24718.681778924525,24735.119174570416,11.225211943029597
2025-08-01 05:51:00+00:00,24695.75,24695.75,24690.650390625,24692.05078125,0.0,37.06951098889877,-15.954000454345078,-13.078064228725662,24716.497799979334,24733.575285371575,10.787668902456053
2025-08-01 05:52:00+00:00,24701.900390625,24705.55078125,24694.650390625,24695.25,0.0,40.5500029448042,-15.113118073990336,-13.485074997778598,24715.107570517015,24732.333132636417,10.795720454066336
2025-08-01 05:53:00+00:00,24700.69921875,24702.94921875,24699.30078125,24702.30078125,0.0,40.08373575432979,-14.377897805057728,-13.663639559234426,24713.7353465392,24731.09258699381,10.285200243061597
2025-08-01 05:54:00+00:00,24701.099609375,24704.69921875,24698.650390625,24700.099609375,0.0,40.33003505463276,-13.606079848716035,-13.652127617130748,24712.53194299975,24729.916391793075,9.982602234628626
2025-08-01 05:55:00+00:00,24704.5,24706.650390625,24701.05078125,24701.05078125,0.0,42.49213271044296,-12.575067897469125,-13.436715673198425,24711.766996047394,24728.919670546285,9.669531316083724
2025-08-01 05:56:00+00:00,24698.25,24705.099609375,24696.30078125,24705.099609375,0.0,39.64844700540549,-12.122564882702136,-13.173885515099167,24710.4796630905,24727.716938368,9.607338231006313
2025-08-01 05:57:00+00:00,24696.25,24700.349609375,24694.69921875,24698.900390625,0.0,38.75466478322415,-11.78943500067544,-12.896995412214423,24709.12445708188,24726.482940784943,9.324699116291574
2025-08-01 05:58:00+00:00,24690.44921875,24697.0,24688.75,24696.30078125,0.0,36.205371974744494,-11.856823654346954,-12.688961060640931,24707.345862955037,24725.06985364632,9.24793489369932
2025-08-01 05:59:00+00:00,24692.69921875,24694.75,24689.19921875,24691.099609375,0.0,37.91140824071354,-11.59501335560708,-12.470171519634162,24705.95094445932,24723.80041698372,8.98385249057794
2025-08-01 06:00:00+00:00,24681.599609375,24694.5,24681.150390625,24692.650390625,0.0,33.1952349289232,-12.143193346844782,-12.404775885076287,24703.631769689386,24722.145483352007,9.295692268036658
2025-08-01 06:01:00+00:00,24689.0,24689.0,24681.69921875,24681.69921875,0.0,38.67299756890054,-11.843950573918846,-12.292610822844798,24702.238267814206,24720.84566047546,9.160313579248326
2025-08-01 06:02:00+00:00,24679.30078125,24689.400390625,24678.30078125,24689.400390625,0.0,34.66147200352012,-12.248254164092941,-12.283739491094426,24700.053745284284,24719.216449525444,9.298834707516303
2025-08-01 06:03:00+00:00,24680.94921875,24683.75,24677.55078125,24679.19921875,0.0,35.87884449319034,-12.29393570438333,-12.285778733752208,24698.23426656673,24717.715773808763,9.07743356769371
2025-08-01 06:04:00+00:00,24682.150390625,24685.05078125,24679.75,24680.94921875,0.0,36.80283830665651,-12.093804274929425,-12.247383841987652,24696.702468857995,24716.3210528996,8.807672687858444
2025-08-01 06:05:00+00:00,24678.900390625,24682.400390625,24674.0,24682.349609375,0.0,35.31981153665866,-12.058444274356589,-12.209595928461441,24695.007032835805,24714.853575947654,8.778581111939983
2025-08-01 06:06:00+00:00,24677.05078125,24684.30078125,24676.599609375,24679.19921875,0.0,34.46853274427963,-12.040869588447094,-12.175850660458574,24693.296913637158,24713.371113410492,8.701623309301413
2025-08-01 06:07:00+00:00,24683.099609375,24683.44921875,24675.599609375,24676.900390625,0.0,39.59591456685514,-11.407354760871385,-12.022151480541137,24692.32574180267,24712.183995605177,8.640765171137026
2025-08-01 06:08:00+00:00,24678.150390625,24685.30078125,24676.94921875,24683.19921875,0.0,37.04208846957936,-11.175822363074985,-11.852885657047906,24690.97570835718,24710.849344429487,8.620107837484381
2025-08-01 06:09:00+00:00,24669.44921875,24679.44921875,24667.75,24677.80078125,0.0,33.010974570157046,-11.561173114223493,-11.794543148483024,24688.92556648983,24709.225810089116,8.840044331235497
2025-08-01 06:10:00+00:00,24672.94921875,24673.650390625,24667.099609375,24669.55078125,0.0,36.026776532187974,-11.452132556129072,-11.726061030012236,24687.404009562226,24707.803198664053,8.676525539718677
2025-08-01 06:11:00+00:00,24667.69921875,24674.349609375,24666.400390625,24672.599609375,0.0,33.5843995926153,-11.654996705136,-11.711848165036988,24685.527362818204,24706.230493569386,8.624575054738772
2025-08-01 06:12:00+00:00,24666.69921875,24669.0,24660.30078125,24667.849609375,0.0,33.12376938262342,-11.76088745771267,-11.721656023572125,24683.734206240282,24704.68024749804,8.629906747257431
2025-08-01 06:13:00+00:00,24664.05078125,24669.19921875,24664.05078125,24666.849609375,0.0,31.876777429941328,-11.921094458077278,-11.761543710473155,24681.859594336445,24703.086935096155,8.381230372453329
2025-08-01 06:14:00+00:00,24646.849609375,24664.599609375,24644.650390625,24664.400390625,0.0,25.232628213670864,-13.282933089896687,-12.065821586357863,24678.525310054403,24700.88154977376,9.207515256563806
2025-08-01 06:15:00+00:00,24654.349609375,24660.849609375,24646.900390625,24647.19921875,0.0,31.897837368161078,-13.600237623770226,-12.372704793840336,24676.222862370654,24699.056767797338,9.549835595380676
2025-08-01 06:16:00+00:00,24658.75,24659.25,24652.650390625,24653.849609375,0.0,35.52927723632054,-13.342821267131512,-12.566728088498571,24674.558780240117,24697.47611023666,9.33910515106777
2025-08-01 06:17:00+00:00,24658.19921875,24661.5,24657.099609375,24658.94921875,0.0,35.27572554681154,-13.033023808035068,-12.659987232405872,24673.000726764865,24695.935839982285,8.986339827777215
2025-08-01 06:18:00+00:00,24659.900390625,24660.599609375,24656.55078125,24658.44921875,0.0,36.77648977885595,-12.506074494693166,-12.62920468486333,24671.753075703928,24694.52268510553,8.633660420435985
2025-08-01 06:19:00+00:00,24666.94921875,24668.900390625,24658.5,24660.099609375,0.0,42.70462691822323,-11.388403421617113,-12.381044432214088,24671.29556551784,24693.44137269943,8.759855435047701
2025-08-01 06:20:00+00:00,24662.599609375,24667.30078125,24662.05078125,24667.30078125,0.0,40.19977922586928,-10.729930212837644,-12.050821588338799,24670.467379218524,24692.231891784748,8.509151475401437
2025-08-01 06:21:00+00:00,24669.0,24669.25,24660.849609375,24663.19921875,0.0,45.2854702366735,-9.581181521196413,-11.556893574910323,24670.32762881676,24691.320837204952,8.501382843229905
2025-08-01 06:22:00+00:00,24672.400390625,24674.0,24668.150390625,24668.900390625,0.0,47.82423811971342,-8.300721253999654,-10.90565911072819,24670.525034703263,24690.5788589077,8.311970452642054
2025-08-01 06:23:00+00:00,24674.900390625,24675.19921875,24669.650390625,24673.150390625,0.0,49.673148939507584,-7.003486329511361,-10.125224554484824,24670.94173526724,24689.96401701426,8.114603143524764
2025-08-01 06:24:00+00:00,24665.55078125,24675.75,24665.19921875,24675.75,0.0,43.469215769704064,-6.653160155576188,-9.430811674703097,24670.428311075124,24689.006635219583,8.288615865415853
2025-08-01 06:25:00+00:00,24662.650390625,24666.849609375,24661.75,24666.0,0.0,41.72812274576183,-6.53423878533431,-8.851497096829341,24669.68755674654,24687.97305700019,8.060829687529006
2025-08-01 06:26:00+00:00,24657.849609375,24664.5,24657.849609375,24662.69921875,0.0,38.94739366443481,-6.749570816791675,-8.431111840821808,24668.560133187348,24686.791745328614,7.960084040205506
2025-08-01 06:27:00+00:00,24656.650390625,24658.650390625,24656.19921875,24657.099609375,0.0,38.2614903676473,-6.937024236693105,-8.132294319996069,24667.425871990934,24685.60973141867,7.566590314119398
2025-08-01 06:28:00+00:00,24667.19921875,24669.0,24656.30078125,24656.94921875,0.0,47.0886994957289,-6.163333085769409,-7.7385020731507375,24667.40428596799,24684.887750529702,7.933206630968011
2025-08-01 06:29:00+00:00,24659.400390625,24668.900390625,24658.44921875,24666.55078125,0.0,42.276176746155365,-6.109056130364479,-7.412612884593487,24666.64201022104,24683.888246219714,8.113061291256011
2025-08-01 06:30:00+00:00,24657.05078125,24661.349609375,24656.349609375,24659.099609375,0.0,40.91931543513212,-6.184345803416363,-7.166959468358062,24665.728559842843,24682.83579661306,7.89069977045201
2025-08-01 06:31:00+00:00,24654.44921875,24657.05078125,24652.349609375,24656.69921875,0.0,39.41103908732757,-6.3803886150271865,-7.009645297691888,24664.65433688162,24681.722597481177,7.662876349348295
2025-08-01 06:32:00+00:00,24648.599609375,24654.75,24646.150390625,24654.349609375,0.0,36.181664737084,-6.927907934776158,-6.993297825108742,24663.12531521432,24680.42365677113,7.7297858511805595
2025-08-01 06:33:00+00:00,24650.599609375,24652.0,24646.400390625,24648.400390625,0.0,38.05073019401676,-7.118381385469547,-7.018314537180904,24661.932390848673,24679.254086285007,7.5776303885962335
2025-08-01 06:34:00+00:00,24650.69921875,24659.19921875,24649.30078125,24650.69921875,0.0,38.147890407308346,-7.178545519087493,-7.050360733562223,24660.862564934512,24678.134287558147,7.743402325125074
2025-08-01 06:35:00+00:00,24652.5,24655.099609375,24649.900390625,24652.849609375,0.0,39.980582361857586,-7.000223808736337,-7.040333348597046,24660.066130178842,24677.1290213794,7.561674926901854
2025-08-01 06:36:00+00:00,24660.05078125,24660.05078125,24652.05078125,24653.30078125,0.0,47.06340794835322,-6.178396912495373,-6.867946061376712,24660.064668376093,24676.459286472364,7.592983860694579
2025-08-01 06:37:00+00:00,24663.599609375,24666.30078125,24660.05078125,24660.599609375,0.0,50.04709507324033,-5.181008959174505,-6.53055864093627,24660.401329423607,24675.954985409724,7.4970564420735375
2025-08-01 06:38:00+00:00,24663.44921875,24666.19921875,24661.80078125,24663.75,0.0,49.9186903599398,-4.352533786804997,-6.094953670110016,24660.69160459755,24675.464563187776,7.275726517639713
2025-08-01 06:39:00+00:00,24670.599609375,24671.05078125,24663.150390625,24664.650390625,0.0,55.7339196838271,-3.08344049606967,-5.492651035301947,24661.635224100166,24675.273780685315,7.320345382451163
2025-08-01 06:40:00+00:00,24666.55078125,24671.19921875,24662.55078125,24671.19921875,0.0,52.048526215044426,-2.3769811529455183,-4.86951705883066,24662.10337240015,24674.931702276088,7.415209105133223
2025-08-01 06:41:00+00:00,24665.150390625,24667.69921875,24663.900390625,24666.80078125,0.0,50.79737421364698,-1.9081113339379954,-4.277235913852127,24662.39356461204,24674.548121427026,7.156896177980849
2025-08-01 06:42:00+00:00,24659.19921875,24665.849609375,24656.150390625,24665.849609375,0.0,45.76291005318575,-1.9937556841869082,-3.820539867919084,24662.08934119661,24673.946203674986,7.338490647410788
2025-08-01 06:43:00+00:00,24660.44921875,24661.69921875,24658.94921875,24660.150390625,0.0,46.95215667200089,-1.9384199963897117,-3.4441158936132092,24661.933139058838,24673.416910148517,7.010741315452875
2025-08-01 06:44:00+00:00,24654.05078125,24661.650390625,24653.69921875,24661.099609375,0.0,41.88897114055882,-2.3833922353333037,-3.2319711619572282,24661.18243831514,24672.65745411328,7.077914926849098
2025-08-01 06:45:00+00:00,24658.55078125,24659.30078125,24649.900390625,24654.94921875,0.0,46.27683506498021,-2.3458816848142305,-3.0547532665286288,24660.931804308937,24672.1042512559,7.243806048145591
2025-08-01 06:46:00+00:00,24653.150390625,24660.05078125,24653.150390625,24658.94921875,0.0,42.16233921662315,-2.7205597741849488,-2.9879145680598933,24660.190717291418,24671.36096260371,7.219276375063763
2025-08-01 06:47:00+00:00,24654.55078125,24655.5,24651.849609375,24653.349609375,0.0,43.56360635254303,-2.871395380963804,-2.9646107306406755,24659.653580525566,24670.70173980553,6.964355964344923
2025-08-01 06:48:00+00:00,24652.900390625,24655.400390625,24648.80078125,24655.19921875,0.0,42.26402547355566,-3.0885040642715467,-2.9893893973668497,24659.010419582653,24670.0036476808,6.938302636534572
2025-08-01 06:49:00+00:00,24653.599609375,24653.94921875,24647.099609375,24652.650390625,0.0,43.03931812660305,-3.1676286986112245,-3.025037257615725,24658.495104324782,24669.360352060965,6.931967403567817
2025-08-01 06:50:00+00:00,24658.94921875,24659.19921875,24653.75,24654.400390625,0.0,48.71364901090439,-2.7667731349283713,-2.9733844330782544,24658.53835331766,24668.95207232328,6.8367989729558305
2025-08-01 06:51:00+00:00,24662.849609375,24662.849609375,24655.5,24658.599609375,0.0,52.43418202801111,-2.1100400578543486,-2.800715558033473,24658.948949132646,24668.712760050803,6.873428287387557
2025-08-01 06:52:00+00:00,24669.650390625,24671.05078125,24662.400390625,24663.25,0.0,58.13676408323656,-1.0289470908319345,-2.4463618645931655,24659.96813403668,24668.74952987724,7.000354168645588
2025-08-01 06:53:00+00:00,24671.94921875,24671.94921875,24662.650390625,24670.80078125,0.0,59.88737656068819,0.013171261864044936,-1.9544552393017236,24661.109189723666,24668.87500787225,7.164530879813761
2025-08-01 06:54:00+00:00,24674.349609375,24675.94921875,24672.80078125,24672.94921875,0.0,61.688908052912886,1.0209798072864942,-1.3593682299840801,24662.370182071412,24669.089698127264,6.938492959827063
2025-08-01 06:55:00+00:00,24672.69921875,24675.25,24666.80078125,24675.25,0.0,59.70349861215756,1.6672832068907155,-0.7540379426091209,24663.353899850325,24669.231247955606,7.046401944839416
2025-08-01 06:56:00+00:00,24668.44921875,24673.55078125,24667.400390625,24673.19921875,0.0,54.811342527239184,1.815614551804174,-0.24010744372646192,24663.83916831696,24669.20058014362,6.982401136279457
2025-08-01 06:57:00+00:00,24665.25,24669.0,24663.55078125,24669.0,0.0,51.39721455050645,1.6559294710168615,0.13909993922220276,24663.973533239154,24669.045655432106,6.872888108688067
2025-08-01 06:58:00+00:00,24662.5,24666.94921875,24661.400390625,24666.44921875,0.0,48.59516470949485,1.2925758667443006,0.36979512472662235,24663.833196740186,24668.78896306222,6.77831239556749
2025-08-01 06:59:00+00:00,24664.75,24665.94921875,24660.19921875,24663.5,0.0,50.95128994379692,1.1726540871350153,0.530366917208301,24663.92051133636,24668.630572353897,6.704861510169812
2025-08-01 07:00:00+00:00,24670.25,24670.5,24662.5,24665.30078125,0.0,56.23225642290089,1.5040811363032844,0.7251097610272977,24664.523319780517,24668.694079320412,6.7973714023005405
2025-08-01 07:01:00+00:00,24691.80078125,24697.69921875,24669.19921875,24670.849609375,0.0,69.90520590861806,3.465756318575586,1.2732390725369553,24667.121173253803,24669.600224494123,8.347559159279074
2025-08-01 07:03:00+00:00,24673.650390625,24676.849609375,24672.75,24676.55078125,0.0,54.4710899647133,3.5152911115947063,1.7216494803485056,24667.74300347963,24669.75905453847,9.112075022901998
2025-08-01 07:04:00+00:00,24660.400390625,24674.349609375,24657.69921875,24674.30078125,0.0,46.41467008475146,2.457060067816201,1.868731597842045,24667.043707017285,24669.39204811049,9.650526137337568
2025-08-01 07:05:00+00:00,24645.349609375,24660.849609375,24640.5,24660.849609375,0.0,39.30358269645362,0.39932886465248885,1.5748510512041336,24664.977602479925,24668.44920737577,10.41474636859917
2025-08-01 07:06:00+00:00,24648.849609375,24652.400390625,24646.0,24646.44921875,0.0,41.546359204130084,-0.9382021790152066,1.0722404051602656,24663.441603136598,24667.680595689468,10.174463145842086
2025-08-01 07:07:00+00:00,24657.25,24660.150390625,24648.44921875,24648.69921875,0.0,46.642426273797575,-1.3053169675986283,0.5967289306084869,24662.851926647396,24667.271552721253,10.283513769353366
2025-08-01 07:08:00+00:00,24654.30078125,24658.349609375,24653.30078125,24658.349609375,0.0,45.15405090231836,-1.8133324205628014,0.11471666037422923,24662.037531847644,24666.762895016498,9.909607651899554
2025-08-01 07:09:00+00:00,24646.25,24655.150390625,24645.55078125,24655.0,0.0,41.281455984764385,-2.8329130327656458,-0.4748092782537458,24660.533957385964,24665.95846776095,9.8874649178353
2025-08-01 07:10:00+00:00,24638.400390625,24646.69921875,24636.349609375,24646.69921875,0.0,37.871040493100914,-4.225625507766381,-1.2249725241562728,24658.425998646824,24664.877758853658,9.920475236204208
2025-08-01 07:11:00+00:00,24647.44921875,24647.44921875,24636.30078125,24638.75,0.0,43.6503081543447,-4.5467828897999425,-1.8893345972850069,24657.380591037603,24664.19428669273,10.008186826475336
2025-08-01 07:12:00+00:00,24642.400390625,24647.05078125,24640.05078125,24647.05078125,0.0,41.33968650605516,-5.14934225162142,-2.5413361281522895,24655.953905284023,24663.33962410184,9.821776160298526
2025-08-01 07:13:00+00:00,24613.25,24643.349609375,24611.150390625,24643.349609375,0.0,31.102594297154937,-7.888138243059075,-3.6106965511336466,24651.88686668554,24661.375325117457,11.420164916705774
2025-08-01 07:14:00+00:00,24635.44921875,24637.349609375,24614.30078125,24614.30078125,0.0,42.732933216346424,-8.173147415916901,-4.523186724090298,24650.321376405966,24660.358615063833,12.325839520869648
2025-08-01 07:15:00+00:00,24634.30078125,24636.650390625,24632.900390625,24636.150390625,0.0,42.3347882302193,-8.394917167690437,-5.297532812810326,24648.795605438732,24659.336739227998,11.713279555093246
2025-08-01 07:16:00+00:00,24635.94921875,24636.5,24633.0,24635.349609375,0.0,43.15350194686348,-8.341500538252149,-5.90632635789869,24647.572140039807,24658.419581562193,11.126616729729443
2025-08-01 07:17:00+00:00,24648.30078125,24648.30078125,24636.650390625,24636.75,0.0,48.99669931299732,-7.219280238397914,-6.168917133998535,24647.641534440776,24658.022765863676,11.21411285617734
2025-08-01 07:18:00+00:00,24645.099609375,24648.650390625,24642.94921875,24648.650390625,0.0,47.6302256835433,-6.513140948049113,-6.237761896808651,24647.399446339274,24657.51597541314,10.820331357521818
2025-08-01 07:19:00+00:00,24642.0,24647.150390625,24641.599609375,24645.55078125,0.0,46.284210535657174,-6.132936372156109,-6.216796791878143,24646.88521335458,24656.907505789095,10.443934921270259
2025-08-01 07:20:00+00:00,24640.44921875,24643.55078125,24635.150390625,24641.80078125,0.0,45.59004100059328,-5.888873326970497,-6.151212098896614,24646.27226148748,24656.262082767953,10.29796747153667
2025-08-01 07:21:00+00:00,24643.75,24643.900390625,24636.650390625,24640.599609375,0.0,47.39839145667816,-5.367235988702305,-5.994416876857753,24646.03204610772,24655.771412855484,10.080255509284049
2025-08-01 07:22:00+00:00,24644.19921875,24649.05078125,24643.69921875,24644.55078125,0.0,47.65337882728997,-4.861545569958253,-5.7678426154778535,24645.85749112127,24655.317601321938,9.742491722906617
2025-08-01 07:23:00+00:00,24645.55078125,24645.849609375,24640.75,24645.400390625,0.0,48.46285293391404,-4.3021301926528395,-5.474700130912851,24645.82828065734,24654.9345887701,9.410857269484717
2025-08-01 07:24:00+00:00,24649.900390625,24650.0,24644.349609375,24645.650390625,0.0,51.084416261896244,-3.4678372808848508,-5.07332756090725,24646.21610065426,24654.737169235,9.142252509164381
2025-08-01 07:25:00+00:00,24652.69921875,24653.349609375,24647.5,24650.650390625,0.0,52.74994805229415,-2.551401134562184,-4.568942275638237,24646.8335404729,24654.657249608135,8.907063713866926
2025-08-01 07:26:00+00:00,24648.849609375,24655.849609375,24648.400390625,24653.30078125,0.0,50.21724826205689,-2.1114111565620988,-4.0774360518230095,24647.025547035002,24654.42949901076,8.802931930733575
2025-08-01 07:27:00+00:00,24652.30078125,24653.19921875,24647.150390625,24649.900390625,0.0,52.42269281955834,-1.467320840110915,-3.5554130094805907,24647.527950293574,24654.346019882887,8.606210230324034
2025-08-01 07:28:00+00:00,24647.150390625,24652.900390625,24643.80078125,24652.900390625,0.0,48.93832038348833,-1.3568274415774795,-3.1156958958999685,24647.4919922299,24654.063838343365,8.641453026372318
2025-08-01 07:29:00+00:00,24644.80078125,24649.69921875,24644.400390625,24647.349609375,0.0,47.39078934945139,-1.4422293450988946,-2.781002585739754,24647.235686422293,24653.70058120245,8.402694104845724
2025-08-01 07:30:00+00:00,24643.0,24646.55078125,24640.0,24645.69921875,0.0,46.185352274023465,-1.6363560718491499,-2.5520732829616333,24646.83228771541,24653.28095056706,8.270414615213886
2025-08-01 07:31:00+00:00,24644.150390625,24644.150390625,24637.25,24643.30078125,0.0,47.110872810051916,-1.6780326760308526,-2.377265161575477,24646.576868944896,24652.92288939286,8.172555758770036
2025-08-01 07:32:00+00:00,24641.400390625,24647.19921875,24640.849609375,24644.849609375,0.0,45.113478025161214,-1.9109356260196364,-2.283999254464309,24646.08387100967,24652.47102669608,8.042345302786462
2025-08-01 07:33:00+00:00,24640.80078125,24642.19921875,24635.849609375,24642.19921875,0.0,44.66877791589979,-2.119464489958773,-2.251092301563202,24645.580719603986,24652.01337001192,7.921435593658857
2025-08-01 07:34:00+00:00,24639.400390625,24640.94921875,24634.5,24640.94921875,0.0,43.58810473150018,-2.3704004361825355,-2.2749539284870686,24644.99211684408,24651.518743369295,7.8162772476832245
2025-08-01 07:35:00+00:00,24652.44921875,24652.44921875,24639.25,24640.19921875,0.0,54.607982749197895,-1.499057404744235,-2.1197746237385022,24645.702317025596,24651.555232599912,8.200773069277279
2025-08-01 07:36:00+00:00,24659.400390625,24661.099609375,24649.19921875,24653.0,0.0,59.18229567694637,-0.24478852792526595,-1.744777404575855,24647.006895463637,24651.8628858558,8.465031466114615
2025-08-01 07:37:00+00:00,24661.75,24666.94921875,24660.5,24660.5,0.0,60.62664144172712,0.9281236023816746,-1.2101972031843493,24648.411000657576,24652.25061582224,8.399588370320714
2025-08-01 07:38:00+00:00,24661.25,24665.5,24659.80078125,24663.05078125,0.0,60.138958549185666,1.796608905584435,-0.6088359814305926,24649.633762499714,24652.603532848818,8.206704826012091
2025-08-01 07:39:00+00:00,24652.69921875,24661.19921875,24651.44921875,24661.05078125,0.0,52.379120020296796,1.7744583293970209,-0.13217711926506992,24649.925710714026,24652.6072852371,8.320567427725512
2025-08-01 07:40:00+00:00,24646.25,24654.19921875,24645.25,24654.19921875,0.0,47.41027707498119,1.2224145494255936,0.13874121447306278,24649.575643026976,24652.357979933684,8.365471093602261
2025-08-01 07:41:00+00:00,24647.19921875,24651.099609375,24646.80078125,24647.25,0.0,48.189317985541976,0.8516921201116929,0.2813313956007888,24649.349316905358,24652.15567557354,8.1143381137021
2025-08-01 07:42:00+00:00,24657.75,24658.349609375,24646.19921875,24647.80078125,0.0,55.992764583050686,1.393191944778664,0.5037035054363639,24650.14938196199,24652.375060845166,8.402627578794808
2025-08-01 07:43:00+00:00,24661.94921875,24662.849609375,24656.19921875,24657.900390625,0.0,58.66141290557091,2.136547525988135,0.8302723095467182,24651.273175941802,24652.750518017907,8.277467796380893
2025-08-01 07:44:00+00:00,24655.400390625,24663.05078125,24655.400390625,24663.05078125,0.0,53.23917744387261,2.172186862822855,1.0986552202019455,24651.66624400687,24652.854434590732,8.232676569853686
2025-08-01 07:45:00+00:00,24655.150390625,24657.599609375,24653.650390625,24656.099609375,0.0,53.03763288109793,2.155412133986829,1.3100066029589224,24651.99806749431,24652.944472082272,7.926715297006994
2025-08-01 07:46:00+00:00,24655.849609375,24658.099609375,24653.400390625,24655.349609375,0.0,53.56708108024188,2.173484572831512,1.4827021969334404,24652.364881006757,24653.05839903493,7.696179829363637
2025-08-01 07:47:00+00:00,24659.5,24660.19921875,24653.900390625,24656.5,0.0,56.3347875673905,2.4540740881857346,1.6769765751838994,24653.044416148972,24653.311010837482,7.596368993337663
2025-08-01 07:48:00+00:00,24649.94921875,24659.94921875,24649.94921875,24659.94921875,0.0,48.233930964233544,1.8840568385312508,1.7183926278533697,24652.749635444306,24653.17917585366,7.7680569223849725
2025-08-01 07:49:00+00:00,24651.349609375,24653.05078125,24648.900390625,24651.0,0.0,49.38325755660848,1.527703466705134,1.6802547956237226,24652.616299628182,24653.107428148614,7.509652186857474
2025-08-01 07:50:00+00:00,24649.900390625,24652.099609375,24648.5,24651.599609375,0.0,48.19082972275899,1.1154923096728453,1.5673022984335472,24652.357641627877,24652.98166197122,7.23036341458194
2025-08-01 07:51:00+00:00,24654.150390625,24654.150390625,24648.44921875,24650.25,0.0,51.86180799575483,1.1188540264192852,1.4776126440306947,24652.528379627605,24653.027494467446,7.121135447468944
2025-08-01 07:52:00+00:00,24658.94921875,24658.94921875,24653.349609375,24655.25,0.0,55.68038946843412,1.4915498768459656,1.4804000905937489,24653.139888115453,24653.259718949117,7.012455013721163
2025-08-01 07:53:00+00:00,24664.099609375,24664.099609375,24657.650390625,24659.44921875,0.0,59.40259395556427,2.1774077026566374,1.6198016130063266,24654.183671092553,24653.68481269131,6.9722238520267945
2025-08-01 07:54:00+00:00,24661.599609375,24665.19921875,24661.55078125,24664.19921875,0.0,56.90435309766949,2.490516737663711,1.7939446379378037,24654.889950928977,24653.99519687499,6.734810541167738
2025-08-01 07:55:00+00:00,24676.0,24676.44921875,24657.94921875,24663.05078125,0.0,65.82109163729042,3.856197236742446,2.2063951576987324,24656.90043179288,24654.85813033087,7.5751812167986134
2025-08-01 07:56:00+00:00,24682.75,24683.69921875,24674.94921875,24676.0,0.0,69.05331217388031,5.420691106544837,2.8492543474679533,24659.362295431656,24655.951929141425,7.659096844170142
2025-08-01 07:57:00+00:00,24681.55078125,24684.75,24679.75,24683.80078125,0.0,67.82610191688678,6.488995735515346,3.577202625077432,24661.475484557213,24656.955805694703,7.469161355300846
2025-08-01 07:58:00+00:00,24683.25,24684.5,24681.400390625,24682.19921875,0.0,68.67558168869716,7.387588086014148,4.339279717264775,24663.549247932715,24657.98695056942,7.157050499565072
2025-08-01 07:59:00+00:00,24683.75,24683.75,24678.05078125,24683.0,0.0,68.93548946353641,8.047310433714301,5.08088586055468,24665.47312908198,24658.997266233364,7.052919660310423
2025-08-01 08:00:00+00:00,24677.599609375,24684.349609375,24677.55078125,24684.19921875,0.0,62.10884779322792,7.9818502239759255,5.661078733238929,24666.62803196703,24659.72676988598,7.034770264931107
2025-08-01 08:01:00+00:00,24689.19921875,24691.400390625,24677.849609375,24678.400390625,0.0,68.4539008236102,8.76492744314237,6.281848475219617,24668.7776688035,24660.882552194376,7.5180567638646
2025-08-01 08:02:00+00:00,24689.55078125,24692.650390625,24686.5,24690.30078125,0.0,68.62538329605722,9.306609139715874,6.886800608118868,24670.75606046507,24662.006796471065,7.42036632537427
2025-08-01 08:03:00+00:00,24681.55078125,24690.80078125,24680.69921875,24688.94921875,0.0,60.55824537780535,8.986768769344053,7.306794240363905,24671.784129111256,24662.773227246707,7.611880337847537
2025-08-01 08:04:00+00:00,24671.5,24683.599609375,24671.19921875,24682.400390625,0.0,52.24824698649937,7.831996541623084,7.411834700615741,24671.7570691959,24663.11545362919,7.953916786929855
2025-08-01 08:05:00+00:00,24666.849609375,24674.849609375,24666.0,24672.599609375,0.0,48.90437483255742,6.4670356120259385,7.222874882897781,24671.2896920701,24663.26189110942,8.017894828934866
2025-08-01 08:06:00+00:00,24663.44921875,24670.400390625,24663.44921875,24668.55078125,0.0,46.558005532671864,5.052667134568765,6.7888333332319775,24670.542980325325,24663.269237291406,7.941700332225232
2025-08-01 08:07:00+00:00,24659.400390625,24664.55078125,24658.099609375,24664.55078125,0.0,43.859650814253634,3.5639799911514274,6.1438626648158685,24669.481781306247,24663.117517814295,7.835234013852001
2025-08-01 08:08:00+00:00,24618.19921875,24660.849609375,24615.599609375,24660.5,0.0,26.823174864084606,-0.9296886609954527,4.7291523996536045,24664.597727729462,24661.356015890204,10.507717298576859
2025-08-01 08:09:00+00:00,24636.25,24639.55078125,24617.0,24617.0,0.0,38.156994569576824,-2.999826124523679,3.1833566948181478,24661.89794413618,24660.371466247452,11.367936152249941
2025-08-01 08:10:00+00:00,24643.30078125,24645.150390625,24638.599609375,24638.900390625,0.0,41.93974424139813,-4.025087158628594,1.7416679241287996,24660.126785766068,24659.7020276201,11.191682900303517
2025-08-01 08:11:00+00:00,24646.349609375,24646.349609375,24639.94921875,24643.44921875,0.0,43.54771780194404,-4.539273051064811,0.4854797290900775,24658.814673728826,24659.178403375194,10.849447737781839
2025-08-01 08:12:00+00:00,24654.94921875,24655.94921875,24647.19921875,24647.349609375,0.0,47.92830323019364,-4.2043869135050045,-0.45249359942893896,24658.446535159415,24659.012552997738,10.760173569011709
2025-08-01 08:13:00+00:00,24656.650390625,24659.19921875,24653.25,24655.900390625,0.0,48.77511290862806,-3.7583924748032587,-1.113673374503803,24658.275473775186,24658.9199191792,10.416533939082301
2025-08-01 08:14:00+00:00,24668.599609375,24671.75,24656.5,24657.30078125,0.0,54.386307328849036,-2.412921917701169,-1.3735230831432763,24659.258724784693,24659.299514873153,10.761781514862136
2025-08-01 08:15:00+00:00,24668.099609375,24671.75,24667.69921875,24669.5,0.0,54.11916630834869,-1.3711666730487195,-1.3730518011243649,24660.100713793294,24659.644616618327,10.28242435308627
2025-08-01 08:16:00+00:00,24668.44921875,24669.849609375,24664.5,24669.19921875,0.0,54.288240257820966,-0.5114617685721896,-1.20073379461393,24660.895809503454,24659.989895133294,9.930080426080108
2025-08-01 08:17:00+00:00,24664.69921875,24669.900390625,24663.69921875,24668.849609375,0.0,52.071678407075304,-0.1312204699825088,-0.9868311296876459,24661.258038955508,24660.17457449081,9.663729815288672
2025-08-01 08:18:00+00:00,24667.94921875,24672.44921875,24662.69921875,24665.55078125,0.0,53.831062834285625,0.4274440285698802,-0.7039760980361407,24661.89529417403,24660.479462500974,9.669891971339482
2025-08-01 08:19:00+00:00,24665.5,24668.75,24664.599609375,24668.75,0.0,52.27373184209292,0.6648937037498399,-0.43020213767894466,24662.23859949079,24660.676346324468,9.275641875172377
2025-08-01 08:20:00+00:00,24659.900390625,24665.849609375,24659.150390625,24664.94921875,0.0,48.79786124654713,0.39666015206603333,-0.2648296797299491,24662.015912932144,24660.645916689195,9.09161165194578
2025-08-01 08:21:00+00:00,24658.44921875,24660.849609375,24657.25,24659.94921875,0.0,47.9087808843017,0.06622231781875598,-0.19861928022020808,24661.67622777194,24660.55977167197,8.699325775021082
2025-08-01 08:22:00+00:00,24664.25,24664.55078125,24656.80078125,24659.0,0.0,51.69725529590562,0.26931799106750987,-0.1050318259626645,24661.921348936517,24660.704486508363,8.631516791091006
2025-08-01 08:23:00+00:00,24659.650390625,24664.25,24659.650390625,24664.25,0.0,48.67438537947541,0.058448975905776024,-0.0723356655889764,24661.705067192564,24660.663149414897,8.343523404227362
2025-08-01 08:24:00+00:00,24658.650390625,24661.400390625,24657.05078125,24660.650390625,0.0,48.01701390638901,-0.18719995591891347,-0.09530852365496381,24661.4141456147,24660.584217697648,8.058243830711122
2025-08-01 08:25:00+00:00,24656.900390625,24666.650390625,24656.75,24661.349609375,0.0,46.82518848734609,-0.5171277520130388,-0.17967236932657882,24660.98426418711,24660.439753890878,8.1898257445889
2025-08-01 08:26:00+00:00,24653.05078125,24658.55078125,24652.849609375,24656.75,0.0,44.22475229255117,-1.0768163429493143,-0.3591011640511259,24660.22869438358,24660.149990257905,8.012064753903978
2025-08-01 08:27:00+00:00,24653.150390625,24656.75,24651.30078125,24652.349609375,0.0,44.31093196778809,-1.4951013419122319,-0.5863011996233471,24659.554570216093,24659.875496154655,7.8290043250536945
2025-08-01 08:28:00+00:00,24653.25,24654.94921875,24650.19921875,24653.69921875,0.0,44.40344351025019,-1.7978332702514308,-0.828607613748964,24658.954134957417,24659.615672776043,7.609075444692716
2025-08-01 08:29:00+00:00,24643.849609375,24654.0,24637.5,24654.0,0.0,37.98956585429213,-2.764416987381992,-1.2157694884755696,24657.515608711474,24658.997395779923,8.244141484357522
2025-08-01 08:30:00+00:00,24650.75,24651.94921875,24644.55078125,24644.55078125,0.0,44.34467748118126,-2.939750083565741,-1.560565607493604,24656.871265024667,24658.673968494437,8.233817762260555
2025-08-01 08:31:00+00:00,24649.400390625,24651.30078125,24646.849609375,24650.349609375,0.0,43.40766805469888,-3.1512790397391655,-1.8787082939427164,24656.159753177082,24658.310298774068,7.963628770313372
2025-08-01 08:32:00+00:00,24640.650390625,24648.849609375,24640.400390625,24648.849609375,0.0,37.826968445119036,-3.9791005405604665,-2.2987867432662665,24654.682671029266,24657.617753356455,8.03765528671956
2025-08-01 08:33:00+00:00,24640.44921875,24642.55078125,24639.25,24641.099609375,0.0,37.706939119772684,-4.59838066325392,-2.7587055272637975,24653.327104145526,24656.944477489535,7.699307141239591
2025-08-01 08:34:00+00:00,24644.599609375,24645.5,24636.900390625,24640.30078125,0.0,41.80940536238787,-4.700083152103616,-3.1469810522317614,24652.495914167383,24656.460365014456,7.763614443651049
2025-08-01 08:35:00+00:00,24646.25,24649.099609375,24645.19921875,24645.44921875,0.0,43.405512123138834,-4.594547295484517,-3.4364943008823126,24651.90106519906,24656.0599585433,7.530499126247402
2025-08-01 08:36:00+00:00,24649.5,24650.5,24643.30078125,24646.30078125,0.0,46.51658082752279,-4.200243734932883,-3.589244187692427,24651.67239232296,24655.80270526709,7.50683624222973
2025-08-01 08:37:00+00:00,24643.0,24650.599609375,24639.55078125,24649.849609375,0.0,41.59209448000994,-4.361968936951598,-3.7437891375442613,24650.846450196965,24655.300638393874,7.759835662427607
2025-08-01 08:38:00+00:00,24642.80078125,24645.599609375,24638.44921875,24643.55078125,0.0,41.447267127827246,-4.454859762612614,-3.8860032625579324,24650.08019601154,24654.810447917644,7.716303874039921
2025-08-01 08:39:00+00:00,24644.75,24646.0,24641.599609375,24643.25,0.0,43.519568242631756,-4.321376608782884,-3.9730779318029232,24649.572558296153,24654.415920548323,7.479452927679927
2025-08-01 08:40:00+00:00,24646.900390625,24648.099609375,24641.150390625,24646.0,0.0,45.798636657076464,-3.996008200701908,-3.9776639855827205,24649.318066136995,24654.121193884665,7.441579057845646
2025-08-01 08:41:00+00:00,24661.0,24661.349609375,24646.849609375,24647.44921875,0.0,57.81755768998537,-2.5707962134511035,-3.696290431156397,24650.430631266805,24654.390950987225,7.945751982285243
2025-08-01 08:42:00+00:00,24658.5,24663.94921875,24657.150390625,24661.400390625,0.0,55.46888593121995,-1.6243105116045626,-3.2818944472460303,24651.19914257473,24654.552090164198,7.863828849622011
2025-08-01 08:43:00+00:00,24647.099609375,24658.69921875,24647.099609375,24658.69921875,0.0,46.24362141734526,-1.7736840940706315,-2.9802523766109505,24650.808710841422,24654.2598360156,8.130670315720439
2025-08-01 08:44:00+00:00,24651.75,24657.05078125,24645.599609375,24646.349609375,0.0,49.903692230234455,-1.4995304225667496,-2.6841079858021106,24650.898357427952,24654.161411073812,8.367848998526123
2025-08-01 08:45:00+00:00,24650.44921875,24652.0,24645.69921875,24651.44921875,0.0,48.90075316123754,-1.3714150198466086,-2.4215693926110102,24650.855582315766,24654.01583490425,8.220201302202828
2025-08-01 08:46:00+00:00,24653.25,24655.150390625,24648.599609375,24650.80078125,0.0,51.17603160213327,-1.0319868978331215,-2.1436528936554327,24651.08362209522,24653.985802162908,8.100957012759768
2025-08-01 08:47:00+00:00,24655.30078125,24655.30078125,24648.900390625,24653.900390625,0.0,52.8321484628789,-0.5906975640828023,-1.8330618277409068,24651.48525630044,24654.037369970243,7.979487985062641
2025-08-01 08:48:00+00:00,24653.849609375,24659.69921875,24652.099609375,24655.599609375,0.0,51.50090657322405,-0.35398945998895215,-1.537247354190516,24651.71043278373,24654.030006809648,7.952353798629595
2025-08-01 08:49:00+00:00,24642.150390625,24654.400390625,24640.69921875,24653.5,0.0,42.25657195762397,-1.09777133614989,-1.449352150582391,24650.799952578138,24653.56413950829,8.36298366122748
2025-08-01 08:50:00+00:00,24644.400390625,24644.849609375,24640.80078125,24641.900390625,0.0,44.32633641144008,-1.4885090301722812,-1.4571835265003692,24650.190470487363,24653.204776806986,8.054829694354089
2025-08-01 08:51:00+00:00,24638.44921875,24646.400390625,24636.349609375,24644.75,0.0,40.219909403480465,-2.2524168428099074,-1.616230189762277,24649.072256036186,24652.62612747142,8.197397662614511
2025-08-01 08:52:00+00:00,24637.150390625,24639.849609375,24631.400390625,24639.150390625,0.0,39.36282729635946,-2.928861767606577,-1.878756505331137,24647.93684028274,24652.019235830387,8.215384883142047
2025-08-01 08:53:00+00:00,24634.650390625,24637.5,24632.69921875,24637.0,0.0,37.697620089759226,-3.6248928423883626,-2.2279837727425824,24646.671464124858,24651.33810464586,7.971484623631901
2025-08-01 08:54:00+00:00,24631.05078125,24634.849609375,24629.75,24634.75,0.0,35.377005015125675,-4.416055340094317,-2.6655980862129294,24645.183780041538,24650.542523336222,7.766350677301051
2025-08-01 08:55:00+00:00,24631.849609375,24633.75,24629.69921875,24631.80078125,0.0,36.31395436793222,-4.921862399947713,-3.1168509489598866,24643.913859025677,24649.809467886764,7.500952861065261
2025-08-01 08:56:00+00:00,24629.400390625,24634.349609375,24627.650390625,24632.150390625,0.0,34.654929246918215,-5.4574396559619345,-3.584968690360296,24642.531623939896,24649.009111915715,7.443686138846313
2025-08-01 08:57:00+00:00,24625.150390625,24629.94921875,24623.75,24629.44921875,0.0,31.92902200892958,-6.153889760746097,-4.098752904437457,24640.8762683861,24648.07347578667,7.354795611071576
2025-08-01 08:58:00+00:00,24622.900390625,24626.25,24618.44921875,24625.900390625,0.0,30.558589560402865,-6.808898933886667,-4.640782110327299,24639.1642800279,24647.08629597641,7.386651728137892
2025-08-01 08:59:00+00:00,24628.44921875,24628.900390625,24621.44921875,24622.80078125,0.0,37.66437034956659,-6.801846909322194,-5.072995070126279,24638.143798001434,24646.355430202824,7.391260310056614
2025-08-01 09:00:00+00:00,24627.69921875,24628.69921875,24622.44921875,24628.30078125,0.0,37.11159638153791,-6.778636953789828,-5.414123446858989,24637.149076167967,24645.623814067418,7.309741716481142
2025-08-01 09:01:00+00:00,24639.75,24640.150390625,24625.25,24628.44921875,0.0,49.84792837229282,-5.72188720853228,-5.475676199193647,24637.39678319959,24645.393468417715,7.851930924232489
2025-08-01 09:02:00+00:00,24637.150390625,24639.44921875,24634.0,24638.849609375,0.0,47.60801388248718,-5.0361189285322325,-5.387764745061364,24637.373317240104,24645.070210465063,7.701793001073026
2025-08-01 09:03:00+00:00,24650.19921875,24651.0,24635.19921875,24637.30078125,0.0,57.84707509640968,-3.4005122612543346,-4.990314248299958,24638.594831669616,24645.271348044866,8.280292161710667
2025-08-01 09:04:00+00:00,24642.69921875,24650.69921875,24640.25,24649.80078125,0.0,51.604583193549765,-2.6785923679562984,-4.5279698722312265,24638.985725677274,24645.170480229383,8.43521548944562
2025-08-01 09:05:00+00:00,24648.30078125,24652.099609375,24642.150390625,24642.25,0.0,55.46971790772413,-1.6356120542004646,-3.949498308625074,24639.87287382706,24645.29323713215,8.543358579485218
2025-08-01 09:06:00+00:00,24649.099609375,24649.150390625,24641.650390625,24647.849609375,0.0,56.00929090518731,-0.7360986012099602,-3.3068183671420517,24640.751610545907,24645.442506631873,8.468832966664845
2025-08-01 09:07:00+00:00,24643.849609375,24650.150390625,24641.900390625,24647.80078125,0.0,51.585326868989284,-0.44176642463571625,-2.733807978640785,24641.04665805344,24645.38004007278,8.4532020404745
2025-08-01 09:08:00+00:00,24606.75,24644.44921875,24605.55078125,24643.94921875,0.0,32.218692813030316,-3.165642915359058,-2.8201749659844397,24637.7803096674,24643.865136540517,10.627861716154893
2025-08-01 09:09:00+00:00,24628.69921875,24632.650390625,24606.55078125,24606.55078125,0.0,45.3023958117582,-3.512723651223496,-2.958684703032251,24636.915443865742,24643.270394666382,11.732986548929544
2025-08-01 09:10:00+00:00,24623.650390625,24630.94921875,24621.25,24627.349609375,0.0,43.23505101327695,-4.147377483866876,-3.196423259199176,24635.65210546186,24642.500982743193,11.587717420434576
2025-08-01 09:11:00+00:00,24621.849609375,24624.44921875,24619.55078125,24624.44921875,0.0,42.490257028159924,-4.741001897087699,-3.505338986776881,24634.337582025015,24641.69112496405,11.109911711832106
2025-08-01 09:12:00+00:00,24619.650390625,24623.69921875,24617.900390625,24620.94921875,0.0,41.548905301421755,-5.327499991239165,-3.869771187669338,24632.93880189168,24640.826782440952,10.730548598486957
2025-08-01 09:13:00+00:00,24616.55078125,24620.30078125,24614.25,24619.400390625,0.0,40.19720129314465,-5.973557080775208,-4.290528366290512,24631.378038021045,24639.874782394247,10.396279502166461
2025-08-01 09:14:00+00:00,24619.599609375,24622.349609375,24614.349609375,24616.25,0.0,42.1894332513741,-6.168441080204502,-4.666110909073311,24630.256282911898,24639.079677569964,10.225116680583142
2025-08-01 09:15:00+00:00,24618.099609375,24622.5,24616.25,24620.19921875,0.0,41.457677138769334,-6.370490469154902,-5.00698682108963,24629.098504479814,24638.25692979761,9.941179774827203
2025-08-01 09:16:00+00:00,24621.75,24624.30078125,24617.75,24618.849609375,0.0,44.00309706797184,-6.164993838341616,-5.238588224540027,24628.39864691031,24637.609599217314,9.69900845162526
2025-08-01 09:17:00+00:00,24631.25,24632.900390625,24620.849609375,24622.349609375,0.0,50.08562454226531,-5.175901106638776,-5.2260508009597775,24628.67020434742,24637.360203169577,9.866992222937743
2025-08-01 09:18:00+00:00,24636.400390625,24636.44921875,24631.05078125,24631.94921875,0.0,53.06237500157966,-3.9311289039505937,-4.9670664215579405,24629.406412564334,24637.32256346195,9.547809742727905
2025-08-01 09:19:00+00:00,24638.900390625,24641.30078125,24635.900390625,24635.900390625,0.0,54.48140050978909,-2.7116506379825296,-4.515983264842858,24630.310600951067,24637.38443903697,9.251565520033054
2025-08-01 09:20:00+00:00,24638.900390625,24640.05078125,24634.69921875,24639.150390625,0.0,54.48140050978909,-1.7253169465475366,-3.957850001183794,24631.128676158107,24637.443888118854,8.97299387574498
2025-08-01 09:21:00+00:00,24634.849609375,24639.900390625,24632.75,24638.25,0.0,51.552612619172535,-1.2560258983103267,-3.4174851806091007,24631.48305075019,24637.342151697525,8.842807929263195
2025-08-01 09:22:00+00:00,24630.55078125,24634.55078125,24629.150390625,24633.94921875,0.0,48.5686611026968,-1.2169605012786633,-2.9773802447430135,24631.394263178743,24637.07582344468,8.618265845030109
2025-08-01 09:23:00+00:00,24629.25,24632.0,24623.900390625,24630.80078125,0.0,47.66953446689725,-1.2762512386325398,-2.637154443520919,24631.19004763791,24636.768928407637,8.581218954313673
2025-08-01 09:24:00+00:00,24625.099609375,24629.849609375,24623.80078125,24629.849609375,0.0,44.81856807580899,-1.6392452138970839,-2.437572597596152,24630.610005898583,24636.311308053417,8.400333895076981
2025-08-01 09:25:00+00:00,24618.30078125,24625.650390625,24617.900390625,24625.599609375,0.0,40.541191670972744,-2.4473180054737895,-2.43952167917168,24629.437698789196,24635.60501288466,8.353881474000053
2025-08-01 09:26:00+00:00,24617.349609375,24621.94921875,24617.099609375,24619.5,0.0,39.96651261703737,-3.1284107637657144,-2.577299496090487,24628.28645217832,24634.889114707807,8.103576324071478
2025-08-01 09:27:00+00:00,24612.900390625,24617.80078125,24612.25,24616.80078125,0.0,37.3028437143121,-3.9813024745235452,-2.8581000917770987,24626.821112982765,24634.0268118026,7.9212338187806575
2025-08-01 09:28:00+00:00,24614.099609375,24622.849609375,24611.80078125,24612.5,0.0,38.49274159310836,-4.50848733366729,-3.188177540155137,24625.609541210597,24633.24535288387,8.144633412082039
2025-08-01 09:29:00+00:00,24613.80078125,24616.80078125,24610.400390625,24613.19921875,0.0,38.29769327637892,-4.893983272213518,-3.5293386865668133,24624.484897404825,24632.482820662935,8.02004464157618
2025-08-01 09:30:00+00:00,24606.5,24611.19921875,24600.80078125,24610.75,0.0,33.79247430453542,-5.722636619826517,-3.967998273218754,24622.772050032938,24631.46388651929,8.375755738606452
2025-08-01 09:31:00+00:00,24614.25,24617.69921875,24606.650390625,24606.650390625,0.0,41.640682920397076,-5.688417600209505,-4.312082138616904,24621.960426220277,24630.788832145987,8.577431667991705
2025-08-01 09:32:00+00:00,24611.19921875,24617.69921875,24610.650390625,24614.69921875,0.0,39.64826072566208,-5.840149720446789,-4.617695654982881,24620.935549318347,24630.020612012813,8.468245700635155
2025-08-01 09:33:00+00:00,24604.05078125,24613.849609375,24602.349609375,24609.69921875,0.0,35.376884286460026,-6.462719475955964,-4.986700419177497,24619.32747616898,24629.00218727702,8.684799579161215
2025-08-01 09:34:00+00:00,24595.849609375,24603.650390625,24594.19921875,24601.69921875,0.0,31.22119810013909,-7.5310631151660345,-5.495572958375204,24617.091488855265,24627.70208618282,8.768139787792558
2025-08-01 09:35:00+00:00,24590.05078125,24600.30078125,24589.55078125,24595.400390625,0.0,28.657805638341912,-8.74484498360107,-6.145427363420378,24614.51618336905,24626.22556442075,8.90970123152166
2025-08-01 09:36:00+00:00,24581.849609375,24590.5,24579.75,24590.5,0.0,25.47245854466621,-10.250381867888791,-6.966418264314061,24611.405081083903,24624.485330889544,9.041151143555828
2025-08-01 09:37:00+00:00,24583.099609375,24585.5,24578.94921875,24580.44921875,0.0,26.807815345395028,-11.213404989564879,-7.8158156093642255,24608.70932187353,24622.86236141839,8.863267579730412
2025-08-01 09:38:00+00:00,24565.400390625,24582.94921875,24565.400390625,24582.05078125,0.0,21.055165349916777,-13.252025683304964,-8.903057624152375,24604.584661754623,24620.608950799044,9.494406949035382
2025-08-01 09:39:00+00:00,24553.849609375,24565.900390625,24553.75,24564.650390625,0.0,18.295851502805803,-15.619645236140059,-10.246375146549912,24599.75275200418,24617.990937409864,9.68412006874714
2025-08-01 09:40:00+00:00,24544.55078125,24561.150390625,24543.099609375,24556.650390625,0.0,16.429210957790616,-18.038403024133004,-11.804780722066532,24594.495421456166,24615.110931285948,10.281738724550916
2025-08-01 09:41:00+00:00,24540.75,24551.849609375,24540.349609375,24543.80078125,0.0,15.723095905519259,-20.03107155575708,-13.450038888804642,24589.376809888912,24612.19481633356,10.368757387082994
2025-08-01 09:42:00+00:00,24540.900390625,24541.25,24535.349609375,24538.900390625,0.0,15.877161354894383,-21.35200780212108,-15.030432671467931,24584.760008054254,24609.39895650185,10.049588332648495
2025-08-01 09:43:00+00:00,24545.19921875,24549.0,24540.349609375,24540.349609375,0.0,20.358913729916935,-21.800675178306847,-16.384481172835716,24580.992313834802,24606.88131972727,9.949645639245032
2025-08-01 09:44:00+00:00,24545.650390625,24547.599609375,24542.94921875,24545.0,0.0,20.83560855408716,-21.867763540809392,-17.48113764643045,24577.626416386247,24604.4801068213,9.571127423941816
2025-08-01 09:45:00+00:00,24545.150390625,24547.75,24543.400390625,24544.30078125,0.0,20.687823426425183,-21.711006405552325,-18.327111398254825,24574.53346155184,24602.15345128419,9.1981618490174
2025-08-01 09:46:00+00:00,24541.69921875,24547.349609375,24541.69921875,24543.849609375,0.0,19.651712596742456,-21.61607926789293,-18.984904972182445,24571.406390808806,24599.782697067163,8.944749618730443
2025-08-01 09:47:00+00:00,24545.69921875,24547.25,24541.5,24541.5,0.0,24.37899905554623,-20.976280749582656,-19.383180127662488,24568.958088707965,24597.661776348843,8.716553217392555
2025-08-01 09:48:00+00:00,24547.0,24547.75,24539.900390625,24543.94921875,0.0,25.90568305728513,-20.132202144071925,-19.532984530944375,24566.86684216435,24595.675040021437,8.654628657221659
2025-08-01 09:49:00+00:00,24551.900390625,24559.099609375,24547.0,24547.44921875,0.0,31.51503974317258,-18.850545840392442,-19.39649679283399,24565.44146582727,24593.958387103932,8.900698708491541
2025-08-01 09:50:00+00:00,24553.150390625,24560.599609375,24551.099609375,24551.099609375,0.0,32.91027727721085,-17.531863028787484,-19.02357004002469,24564.270887236577,24592.358073516523,8.943505943599288
2025-08-01 09:51:00+00:00,24557.900390625,24558.0,24550.69921875,24550.69921875,0.0,38.073246494328295,-15.919996290020208,-18.402855290023794,24563.66417327357,24591.006791834505,8.826168465485052
2025-08-01 09:52:00+00:00,24558.650390625,24559.099609375,24556.099609375,24557.400390625,0.0,38.87313235040142,-14.415884215035476,-17.60546107502613,24563.18667016418,24589.737913355704,8.410013575093263
2025-08-01 09:53:00+00:00,24561.0,24563.25,24557.5,24557.5,0.0,41.42569232555402,-12.885732021350123,-16.66151526429093,24562.97841586283,24588.61093636136,8.220012605443744
2025-08-01 09:54:00+00:00,24560.5,24561.69921875,24556.0,24560.0,0.0,41.03301460651234,-11.579934923498513,-15.645199196132449,24562.742376256847,24587.508546700134,8.039955901483477
2025-08-01 09:55:00+00:00,24562.30078125,24570.650390625,24559.94921875,24559.94921875,0.0,43.12409366999507,-10.281257383318007,-14.57241083356956,24562.700319589527,24586.52000687856,8.230042756734658
2025-08-01 09:56:00+00:00,24548.099609375,24562.05078125,24547.19921875,24561.30078125,0.0,33.14259161446185,-10.27946666940261,-13.71382200073617,24561.30977575957,24585.01332462352,8.720865595539326
2025-08-01 09:57:00+00:00,24554.44921875,24554.44921875,24546.80078125,24546.80078125,0.0,39.84672581641924,-9.654397223519481,-12.901937045292833,24560.65638937771,24583.814732236322,8.644263588715088
2025-08-01 09:58:00+00:00,24563.44921875,24564.5,24553.0,24553.0,0.0,47.8318038699098,-8.336700110954553,-11.988889658425176,24560.92237312745,24583.016084648625,8.848244760949724
2025-08-01 09:59:00+00:00,24572.150390625,24575.19921875,24557.44921875,24563.599609375,0.0,54.166462214600266,-6.515200626912701,-10.894151852122683,24561.991708127214,24582.58997900064,9.484084420881885
2025-08-04 03:45:00+00:00,24613.849609375,24626.650390625,24566.0,24600.400390625,0.0,71.82403562278158,-1.6874191864008026,-9.052805318978306,24566.9305558651,24583.81584685846,13.138820578318894
2025-08-04 03:46:00+00:00,24625.400390625,24626.30078125,24600.599609375,24611.349609375,0.0,74.72838441332078,3.0356903517385945,-6.635106184834926,24572.49911155652,24585.446613280677,14.036131385224689
2025-08-04 03:47:00+00:00,24619.75,24633.099609375,24617.19921875,24625.19921875,0.0,70.87943649829828,6.250794124047388,-4.057926123058464,24576.999196170185,24586.79184413242,14.169292759494354
2025-08-04 03:48:00+00:00,24633.400390625,24633.400390625,24617.69921875,24617.69921875,0.0,74.32051123113854,9.787435999802256,-1.28885369848632,24582.370738499216,24588.619630269382,14.278712696316186
2025-08-04 03:49:00+00:00,24639.75,24642.650390625,24633.5,24633.5,0.0,75.75564248382031,12.953293077673152,1.5595756567455747,24587.83543007072,24590.62474280784,13.9195189322936
2025-08-04 03:50:00+00:00,24624.349609375,24648.150390625,24624.349609375,24642.75,0.0,66.1059163115956,14.057528367142368,4.059166198824934,24591.312970956842,24591.947286594786,14.625323383558342
2025-08-04 03:51:00+00:00,24626.75,24638.849609375,24624.94921875,24625.19921875,0.0,66.81544645662576,14.953954374650493,6.238123833990046,24594.687926103812,24593.312098885188,14.616371713304176
2025-08-04 03:52:00+00:00,24638.150390625,24638.349609375,24627.05078125,24628.150390625,0.0,70.02489329046541,16.395299879117374,8.269559043015512,24598.827208439165,24595.07046326714,14.400888689139592
2025-08-04 03:53:00+00:00,24650.849609375,24651.75,24639.650390625,24639.650390625,0.0,73.14108795011568,18.350761244390014,10.285799483290413,24603.781722814005,24597.25788076157,14.343654452415336
2025-08-04 03:54:00+00:00,24646.25,24652.650390625,24645.19921875,24649.80078125,0.0,70.29078599661261,19.30677197935438,12.089993982503207,24607.82632064124,24599.179140339547,13.851334268314242
2025-08-04 03:55:00+00:00,24642.849609375,24653.19921875,24641.30078125,24647.349609375,0.0,68.17558864572769,19.564506813250773,13.584896548652722,24611.161871949218,24600.8917077527,13.711841642006082
2025-08-04 03:56:00+00:00,24651.94921875,24657.150390625,24640.650390625,24641.94921875,0.0,70.71523292785973,20.26937323652237,14.921791886226654,24615.04638116834,24602.893963085928,13.910995810434219
2025-08-04 03:57:00+00:00,24653.400390625,24657.30078125,24650.25,24653.099609375,0.0,71.11116737772146,20.706391999923653,16.078711908966053,24618.699143973736,24604.874607303147,13.420980484688917
2025-08-04 03:58:00+00:00,24664.05078125,24664.349609375,24649.099609375,24653.5,0.0,73.90017951615786,21.66241914931379,17.195453357035603,24623.018347523855,24607.195241575573,13.551624735782566
2025-08-04 03:59:00+00:00,24660.5,24666.25,24658.25,24663.55078125,0.0,71.42441040385694,21.881324888589006,18.132627663346284,24626.58802871206,24609.285624258886,13.155080111798098
2025-08-04 04:00:00+00:00,24664.69921875,24669.75,24659.55078125,24659.650390625,0.0,72.59375741246724,22.1384528194867,18.933792694574368,24630.21766585853,24611.45870639579,12.943947157383947
2025-08-04 04:01:00+00:00,24659.44921875,24668.599609375,24659.099609375,24667.0,0.0,68.80295798129674,21.668812847176014,19.4807967250947,24633.001623276767,24613.34068727243,12.697950931856523
2025-08-04 04:02:00+00:00,24649.25,24659.849609375,24641.75,24658.349609375,0.0,62.02652330273455,20.240310372038948,19.63269945448355,24634.5490877266,24614.748895614688,13.083783677795342
2025-08-04 04:03:00+00:00,24645.599609375,24653.849609375,24644.5,24648.400390625,0.0,59.75797950349618,18.599255216337042,19.42601060685425,24635.601518359777,24615.958727526857,12.81705694188139
2025-08-04 04:04:00+00:00,24656.55078125,24658.19921875,24644.80078125,24645.75,0.0,64.01054435875272,17.975168674503948,19.13584222038419,24637.596686254084,24617.550572770902,12.858584124604148
2025-08-04 04:05:00+00:00,24650.599609375,24661.349609375,24649.849609375,24657.80078125,0.0,60.28243586881233,16.80662939757167,18.669999655821687,24638.83505988465,24618.846613422043,12.761542401418138
2025-08-04 04:06:00+00:00,24651.900390625,24654.400390625,24649.05078125,24651.80078125,0.0,60.81958211320213,15.803344657557318,18.096668656168813,24640.079377098016,24620.142839979024,12.232118613816843
2025-08-04 04:07:00+00:00,24651.30078125,24652.55078125,24644.05078125,24651.150390625,0.0,60.413983705007674,14.789368177116557,17.43520856035836,24641.148082255346,24621.364720028865,11.965538712829925
2025-08-04 04:08:00+00:00,24651.349609375,24658.05078125,24651.25,24653.05078125,0.0,60.43712176836877,13.830297472472012,16.714226342781092,24642.11965626674,24622.54059804244,11.59662746548493
2025-08-04 04:09:00+00:00,24649.650390625,24653.94921875,24645.94921875,24653.650390625,0.0,59.14160732950357,12.785728359460336,15.928526746116942,24642.836869062765,24623.603727163325,11.339725503664578
2025-08-04 04:10:00+00:00,24649.30078125,24651.30078125,24642.5,24651.19921875,0.0,58.862036260025505,11.793738382206357,15.101569073334826,24643.452479747262,24624.611454774567,11.158372342688537
2025-08-04 04:11:00+00:00,24644.5,24650.75,24642.69921875,24650.599609375,0.0,55.01609707174831,10.499168375728914,14.181088933813644,24643.552243580856,24625.391397724587,10.936401550353642
2025-08-04 04:12:00+00:00,24638.849609375,24645.05078125,24635.75,24645.05078125,0.0,50.80831569007651,8.91451207150385,13.127773561351686,24643.10437365649,24625.919170730485,10.81957152889981
2025-08-04 04:13:00+00:00,24618.44921875,24639.150390625,24618.05078125,24639.150390625,0.0,39.16232267068485,5.944000762534415,11.691019001588232,24640.756263665397,24625.626231437134,11.553859946478395
2025-08-04 04:14:00+00:00,24598.0,24619.69921875,24597.5,24619.25,0.0,31.394228770010756,1.9176624775864184,9.736347696787869,24636.684238554408,24624.542849812147,12.31424271815851
2025-08-04 04:15:00+00:00,24585.75,24598.150390625,24582.400390625,24598.150390625,0.0,27.832634869552052,-2.2359377454085916,7.341890608348577,24631.83335869208,24623.02156158422,12.55965395257576
2025-08-04 04:16:00+00:00,24578.94921875,24588.650390625,24577.75,24588.650390625,0.0,26.06474403194521,-6.007214626722998,4.672069561334263,24626.796773935694,24621.293234414254,12.441135143463205
2025-08-04 04:17:00+00:00,24572.849609375,24578.099609375,24567.55078125,24578.099609375,0.0,24.558057077331952,-9.380038975315983,1.8616478540042138,24621.658948739438,24619.393484412714,12.36665674035869
2025-08-04 04:18:00+00:00,24561.19921875,24572.80078125,24555.349609375,24572.75,0.0,21.948334830463565,-12.845046033609833,-1.0796909235185959,24615.90087921663,24617.11135634751,12.733324116047356
2025-08-04 04:19:00+00:00,24604.400390625,24605.80078125,24563.849609375,24563.94921875,0.0,45.202499993737554,-11.967165533314983,-3.2571858454778733,24614.80559458886,24616.61288710349,15.00962685775826
2025-08-04 04:20:00+00:00,24623.75,24646.349609375,24605.55078125,24605.55078125,0.0,52.08784411603764,-9.5994308831323,-4.525634853008759,24615.657442723255,24616.892773883745,16.933883421489814
2025-08-04 04:21:00+00:00,24625.849609375,24631.55078125,24622.650390625,24623.94921875,0.0,52.7811600844976,-7.467482692722115,-5.114004420951431,24616.62812526152,24617.244022334384,16.360062507454828
2025-08-04 04:22:00+00:00,24613.44921875,24624.25,24612.099609375,24624.25,0.0,48.33271505636387,-6.701258346191025,-5.431455205999351,24616.32537226042,24617.095206507543,16.173629471208052
2025-08-04 04:23:00+00:00,24608.5,24612.099609375,24597.150390625,24612.099609375,0.0,46.64304405929852,-6.419381982424966,-5.629040561284474,24615.58009871181,24616.758139585683,16.18257223219319
2025-08-04 04:24:00+00:00,24607.0,24608.05078125,24601.75,24607.30078125,0.0,46.11683329445664,-6.245041446909454,-5.75224073840947,24614.762946453542,24616.37546744507,15.50881707275082
2025-08-04 04:25:00+00:00,24609.849609375,24612.400390625,24605.44921875,24607.30078125,0.0,47.33244467615737,-5.809962029379676,-5.763784996603511,24614.295009588917,24616.119551442323,14.897556701482904
2025-08-04 04:26:00+00:00,24605.0,24609.400390625,24600.19921875,24609.400390625,0.0,45.453079937448145,-5.78974087428287,-5.768976172139383,24613.40977058045,24615.68349060145,14.522759124591266
2025-08-04 04:27:00+00:00,24606.0,24613.900390625,24604.5,24604.849609375,0.0,45.9298267783787,-5.628146056198602,-5.740810148951227,24612.704078144216,24615.30374587198,14.156875660334746
2025-08-04 04:28:00+00:00,24608.400390625,24609.05078125,24602.75,24606.349609375,0.0,47.12447189897783,-5.245917860476766,-5.6418316912563355,24612.294203142385,24615.033026058372,13.595726059596549
2025-08-04 04:29:00+00:00,24608.099609375,24612.80078125,24607.5,24608.75,0.0,46.98438799122906,-4.910662731515913,-5.495597899308251,24611.894718021682,24614.761127364905,13.003230001768225
2025-08-04 04:30:00+00:00,24608.75,24617.150390625,24605.30078125,24607.75,0.0,47.34885462132984,-4.540153475416446,-5.30450901452989,24611.595221067237,24614.525396880006,12.920828528427638
2025-08-04 04:31:00+00:00,24600.25,24608.5,24597.0,24608.5,0.0,43.17168309470788,-4.876191483024741,-5.21884550822886,24610.514723822736,24613.965577394516,12.837197919254235
2025-08-04 04:32:00+00:00,24606.55078125,24606.650390625,24598.0,24600.349609375,0.0,46.91055974360583,-4.581273566105665,-5.091331119804221,24610.137205482475,24613.674801075125,12.538140255378933
2025-08-04 04:33:00+00:00,24615.599609375,24615.599609375,24601.05078125,24606.400390625,0.0,51.813784312399974,-3.5761604352846916,-4.788296982900315,24610.657434424622,24613.750283753554,12.681760817494723
2025-08-04 04:34:00+00:00,24626.900390625,24626.900390625,24615.05078125,24615.94921875,0.0,57.13790449339697,-1.846437849198992,-4.199925156160051,24612.20438263418,24614.265974219103,12.6223214287451
2025-08-04 04:35:00+00:00,24636.25,24638.349609375,24625.599609375,24626.349609375,0.0,60.97930598690446,0.2756377208024787,-3.304812580767545,24614.494441430925,24615.128092877178,12.63144132669188
2025-08-04 04:36:00+00:00,24623.599609375,24634.19921875,24618.599609375,24634.150390625,0.0,53.93580443472348,0.9259433999104658,-2.458661384631943,24615.361600282744,24615.460309210426,12.989937705142461
2025-08-04 04:37:00+00:00,24624.55078125,24626.05078125,24622.69921875,24624.099609375,0.0,54.3626456471475,1.5007670485028939,-1.6667756980049755,24616.236760374864,24615.816798310017,12.301482333346572
2025-08-04 04:38:00+00:00,24627.900390625,24632.099609375,24624.94921875,24625.0,0.0,55.91197360569425,2.201230004822719,-0.8931745574394366,24617.34758230345,24616.29066467531,11.962007032750389
2025-08-04 04:39:00+00:00,24625.44921875,24629.0,24625.19921875,24627.900390625,0.0,54.45508736387314,2.5294054477526515,-0.20865855640101905,24618.11916672693,24616.649823658634,11.379062333982503
2025-08-04 04:40:00+00:00,24620.099609375,24627.150390625,24618.25,24626.400390625,0.0,51.31257074812456,2.3309483609009476,0.2992628270593743,24618.30778031246,24616.785109373002,11.202014354769469
2025-08-04 04:41:00+00:00,24626.349609375,24630.69921875,24617.900390625,24620.25,0.0,54.60834722197263,2.6474740237863443,0.7689050664047683,24619.07366879461,24617.160187804453,11.316072481214507
2025-08-04 04:42:00+00:00,24625.599609375,24626.599609375,24616.75,24626.05078125,0.0,54.13477829642513,2.8054645115298626,1.1762169554297872,24619.695186945122,24617.4911455131,11.211325116484899
2025-08-04 04:43:00+00:00,24627.80078125,24628.94921875,24623.900390625,24625.19921875,0.0,55.35838387579363,3.0728671855613356,1.555547001456097,24620.467148307493,24617.895444953763,10.771146759950264
2025-08-04 04:44:00+00:00,24624.30078125,24630.099609375,24623.19921875,24626.900390625,0.0,52.93991786978391,2.968149996431748,1.8380676004512273,24620.83225620678,24618.14663461244,10.494664178882388
2025-08-04 04:45:00+00:00,24628.400390625,24630.44921875,24623.650390625,24623.69921875,0.0,55.39785862656408,3.179315909546858,2.1063172622703537,24621.553030913277,24618.548742691364,10.23067588931936
2025-08-04 04:46:00+00:00,24630.55078125,24634.25,24625.80078125,24628.0,0.0,56.676079896945026,3.48006890090619,2.381067589997521,24622.409959516775,24619.019410870133,10.103428950796546
2025-08-04 04:47:00+00:00,24638.5,24640.150390625,24629.44921875,24630.69921875,0.0,61.11267846697345,4.310168393843924,2.7668877507668013,24623.9423443247,24619.783355541895,10.146124873953935
2025-08-04 04:48:00+00:00,24643.80078125,24645.30078125,24638.0,24639.25,0.0,63.776544516914626,5.334266861034848,3.280363572820411,24625.83362403187,24620.725215373586,9.94288604367151
2025-08-04 04:49:00+00:00,24632.75,24644.0,24631.19921875,24643.650390625,0.0,55.27545717266738,5.194290040613851,3.6631488663790988,24626.492326505027,24621.196775555014,10.147021415552118
2025-08-04 04:50:00+00:00,24631.599609375,24635.19921875,24627.849609375,24633.650390625,0.0,54.4616134246594,4.933658350360929,3.917250763175465,24626.978734397406,24621.604729822466,9.947206269798395
2025-08-04 04:51:00+00:00,24636.69921875,24637.650390625,24630.05078125,24632.0,0.0,57.45223653436207,5.080042151726957,4.1498090408857635,24627.904494811937,24622.196670564725,9.779520777312795
2025-08-04 04:52:00+00:00,24640.150390625,24642.099609375,24636.30078125,24636.94921875,0.0,59.395674604822176,5.412145255057112,4.402276283720033,24629.070770603656,24622.90073801807,9.495185587861881
2025-08-04 04:53:00+00:00,24646.55078125,24648.400390625,24639.80078125,24640.30078125,0.0,62.79017721289397,6.121235596638144,4.746068146303655,24630.735533522355,24623.828190693835,9.431215858371745
2025-08-04 04:54:00+00:00,24646.150390625,24652.30078125,24645.349609375,24646.400390625,0.0,62.438520788407104,6.575093044066307,5.111873125856185,24632.20361515118,24624.703571083293,9.254069859559479
2025-08-04 04:55:00+00:00,24638.650390625,24646.75,24636.69921875,24644.94921875,0.0,56.100474213187056,6.257458929729182,5.340990286630785,24632.817593767733,24625.25050518297,9.310977816019516
2025-08-04 04:56:00+00:00,24630.55078125,24640.0,24630.55078125,24638.80078125,0.0,50.1767742540718,5.291167534680426,5.331025736240713,24632.601706861282,24625.45835914638,9.320852168446693
2025-08-04 04:57:00+00:00,24610.30078125,24630.150390625,24610.30078125,24630.150390625,0.0,39.069449913383714,2.858418805975816,4.836504350187734,24630.47780918402,24624.863944326917,10.101505584986215
2025-08-04 04:58:00+00:00,24621.30078125,24623.099609375,24609.19921875,24609.80078125,0.0,46.05513732618816,1.7973373939603334,4.228670958942254,24629.60380652364,24624.724212441546,10.37285451641577
2025-08-04 04:59:00+00:00,24618.5,24623.75,24617.94921875,24621.400390625,0.0,44.651417328918775,0.7220991806243546,3.527356603278674,24628.546301140435,24624.480125679136,10.04627785452893
2025-08-04 05:00:00+00:00,24629.80078125,24631.150390625,24618.44921875,24618.5,0.0,51.12445296364008,0.7729338518765871,2.9764720529982567,24628.665775436584,24624.688778838776,10.235913141705435
2025-08-04 05:01:00+00:00,24634.25,24637.44921875,24626.400390625,24629.44921875,0.0,53.43351157311414,1.1588766558270436,2.6129529735640142,24629.197606347385,24625.063728688237,10.293978497655047
2025-08-04 05:02:00+00:00,24636.94921875,24637.25,24631.599609375,24632.94921875,0.0,54.82780296378468,1.6633692183968378,2.423036222530579,24629.935855147633,24625.52982633772,9.962293649608258
2025-08-04 05:03:00+00:00,24637.5,24640.05078125,24635.80078125,24636.599609375,0.0,55.123079442718236,2.0836081153611303,2.3551506010966894,24630.656249895477,24625.99924491271,9.55427267463624
2025-08-04 05:04:00+00:00,24636.44921875,24638.900390625,24635.94921875,24638.05078125,0.0,54.39258786628764,2.305287286882958,2.345177938253943,24631.207961214954,24626.40904780829,9.082622617519366
2025-08-04 05:05:00+00:00,24636.349609375,24637.75,24633.5,24637.75,0.0,54.31910147817463,2.4447504222698626,2.365092435057127,24631.6976419921,24626.798873752083,8.737435287696554
2025-08-04 05:06:00+00:00,24641.05078125,24642.650390625,24636.19921875,24636.94921875,0.0,57.254380516231905,2.901178265696217,2.472309601184945,24632.58841715952,24627.357772085335,8.574130758218228
2025-08-04 05:07:00+00:00,24636.599609375,24640.55078125,24633.5,24640.55078125,0.0,53.733792794639626,2.8706373294517107,2.5519751468382985,24632.97043546576,24627.720197077088,8.50103436477407
2025-08-04 05:08:00+00:00,24640.650390625,24641.30078125,24635.599609375,24635.650390625,0.0,56.36348899650377,3.137134674794652,2.6690070524295693,24633.70185976664,24628.22726349073,8.301044186933064
2025-08-04 05:09:00+00:00,24650.69921875,24652.80078125,24638.650390625,24640.650390625,0.0,62.11601564941672,4.111793987529381,2.957564439449532,24635.32065586029,24629.108516638156,8.718854646794988
2025-08-04 05:10:00+00:00,24645.650390625,24651.400390625,24645.30078125,24651.099609375,0.0,57.980315473311,4.425802385118004,3.2512120285832267,24636.304440123597,24629.75721757882,8.531765698809632
2025-08-04 05:11:00+00:00,24650.400390625,24650.400390625,24642.44921875,24645.19921875,0.0,60.635747398240255,5.000301244930597,3.6010298718527007,24637.64691159992,24630.56675377671,8.49029471139466
2025-08-04 05:12:00+00:00,24654.94921875,24656.0,24648.19921875,24650.30078125,0.0,63.04429106252012,5.756293179314525,4.032082533345066,24639.294750376117,24631.522928873706,8.44104374986647
2025-08-04 05:13:00+00:00,24647.150390625,24655.150390625,24645.400390625,24654.80078125,0.0,56.645043209208325,5.660867030426743,4.357839432761402,24640.042906590297,24632.135770511013,8.534540624876007
2025-08-04 05:14:00+00:00,24641.650390625,24647.69921875,24641.650390625,24646.849609375,0.0,52.59078986840151,5.082845209726656,4.502840588154453,24640.19600030789,24632.508892868424,8.35698973202772
2025-08-04 05:15:00+00:00,24639.25,24642.150390625,24637.099609375,24641.75,0.0,50.87922495994572,4.380570796532993,4.478386629830161,24640.10590504047,24632.77325001084,8.120831983311456
2025-08-04 05:16:00+00:00,24637.94921875,24640.80078125,24634.849609375,24639.400390625,0.0,49.93089373695662,3.67666874007773,4.318043051879675,24639.90050634614,24632.976229177082,7.965856261289209
2025-08-04 05:17:00+00:00,24631.05078125,24638.849609375,24630.849609375,24638.150390625,0.0,45.12706215793327,2.5329764594935114,3.9610297334024427,24639.057675384603,24632.900721415237,7.968295099768552
2025-08-04 05:18:00+00:00,24619.94921875,24631.0,24616.75,24630.75,0.0,38.67794989262726,0.7224606959607627,3.313315925914107,24637.237822371786,24632.392819349934,8.420615539070798
2025-08-04 05:19:00+00:00,24612.75,24620.650390625,24612.75,24620.05078125,0.0,35.16803251648082,-1.2785643831120979,2.394939864108866,24634.905648812568,24631.62251270876,8.38345661663717
2025-08-04 05:20:00+00:00,24613.150390625,24615.5,24609.55078125,24612.599609375,0.0,35.51850326012398,-2.7998085475337575,1.3559901817803415,24632.83371946137,24630.8981157643,8.209582483305944
2025-08-04 05:21:00+00:00,24608.849609375,24612.650390625,24603.55078125,24612.650390625,0.0,33.428134771644565,-4.302842125955067,0.22422372023325987,24630.549518500764,24630.033468454916,8.308870118426949
2025-08-04 05:22:00+00:00,24621.05078125,24621.5,24609.650390625,24609.650390625,0.0,43.57394541981766,-4.458084442372638,-0.7122379122879197,24629.644876857834,24629.681206211586,8.61897872603931
2025-08-04 05:23:00+00:00,24623.400390625,24630.849609375,24620.400390625,24621.80078125,0.0,45.30272846733204,-4.341475430250284,-1.4380854158803926,24629.05016388328,24629.434899717995,8.749710156322218
2025-08-04 05:24:00+00:00,24625.849609375,24625.849609375,24620.650390625,24623.099609375,0.0,47.121412479457234,-4.005260316131171,-1.9515203959305483,24628.745349168206,24629.294300096703,8.496103627299203
2025-08-04 05:25:00+00:00,24624.400390625,24626.5,24622.0,24625.94921875,0.0,46.143735504067884,-3.8118071177086676,-2.323577740286172,24628.331543592663,24629.102382078207,8.210667653920689
2025-08-04 05:26:00+00:00,24630.19921875,24630.599609375,24620.0,24625.30078125,0.0,50.56365554450509,-3.154217244380561,-2.48970564110505,24628.50941741717,24629.145395281023,8.381306348283497
2025-08-04 05:27:00+00:00,24620.75,24632.099609375,24617.5,24630.5,0.0,44.19828162771431,-3.3568498394197377,-2.6631344807679875,24627.7704252822,24628.816164093532,8.825470850191818
2025-08-04 05:28:00+00:00,24624.30078125,24626.0,24620.349609375,24620.94921875,0.0,46.903273125107596,-3.1940996664234262,-2.7693275178990753,24627.43998299342,24628.639090256533,8.59867940553526
2025-08-04 05:29:00+00:00,24625.25,24626.94921875,24623.80078125,24624.30078125,0.0,47.63406592495127,-2.954467697076325,-2.8063555537345257,24627.231413184523,24628.50618475628,8.20937641228274
2025-08-04 05:30:00+00:00,24632.05078125,24632.900390625,24622.150390625,24625.55078125,0.0,52.66120488960118,-2.1905402402153413,-2.683192491030689,24627.690400619333,24628.645188540348,8.390849525691115
2025-08-04 05:31:00+00:00,24644.099609375,24644.5,24630.80078125,24631.349609375,0.0,59.98969612172186,-0.6058980775414966,-2.2677336083328505,24629.253182405588,24629.251244259354,8.770018755998892
2025-08-04 05:32:00+00:00,24645.69921875,24646.150390625,24641.55078125,24644.55078125,0.0,60.85609003283854,0.7701396704505896,-1.6601589525761624,24630.819471581246,24629.89626286683,8.472132371641829
2025-08-04 05:33:00+00:00,24648.900390625,24649.349609375,24644.44921875,24645.650390625,0.0,62.601423240152265,2.09481954086732,-0.9091632538874661,24632.54146387113,24630.641522778915,8.217007961167413
2025-08-04 05:34:00+00:00,24661.400390625,24663.150390625,24648.80078125,24649.25,0.0,68.50644541315076,4.1059525499840674,0.09385990688684065,24635.289933085784,24631.847752890528,8.655050919298313
2025-08-04 05:35:00+00:00,24662.44921875,24664.900390625,24660.05078125,24660.05078125,0.0,68.94945656443278,5.718502278781671,1.2187883812658067,24637.87653172047,24633.047810375214,8.383233666134148
2025-08-04 05:36:00+00:00,24666.19921875,24669.5,24662.599609375,24662.75,0.0,70.54484317537825,7.215873122950143,2.418205329602674,24640.573930485185,24634.3478656056,8.288058493553137
2025-08-04 05:37:00+00:00,24649.25,24666.349609375,24647.5,24666.05078125,0.0,56.43172016873284,6.954720315701707,3.3255083268224803,24641.400222819928,24634.93226303283,9.042454985085056
2025-08-04 05:38:00+00:00,24646.05078125,24653.55078125,24645.150390625,24649.349609375,0.0,54.226517527423276,6.415649010126799,3.943536463483344,24641.8431331466,24635.368283355074,8.99659324507898
2025-08-04 05:39:00+00:00,24648.44921875,24649.400390625,24642.400390625,24644.900390625,0.0,55.626485796873084,6.111515234984836,4.377132217783643,24642.47228415645,24635.881261213697,8.853979441859053
2025-08-04 05:40:00+00:00,24653.5,24654.599609375,24647.900390625,24648.099609375,0.0,58.504668215097745,6.206498214749445,4.7430054171768035,24643.52254280822,24636.572192146494,8.70006796386912
2025-08-04 05:41:00+00:00,24656.25,24656.75,24650.25,24653.099609375,0.0,60.02501148760388,6.429558974225074,5.080316128586458,24644.73468158839,24637.343870885845,8.542920252164183
2025-08-04 05:42:00+00:00,24654.94921875,24658.05078125,24653.900390625,24656.400390625,0.0,58.92524602338751,6.427284324534412,5.34970976777605,24645.7074946514,24638.03427668444,8.22916813593817
2025-08-04 05:43:00+00:00,24664.400390625,24664.55078125,24655.099609375,24655.150390625,0.0,64.07545838921556,7.106196422930225,5.701007098806885,24647.487770458407,24639.068241937013,8.32719630479973
2025-08-04 05:44:00+00:00,24664.349609375,24666.099609375,24660.0,24664.5,0.0,64.02900372555769,7.553074389787071,6.071420557002922,24649.093659879032,24640.05966811105,8.168082952671178
2025-08-04 05:45:00+00:00,24673.0,24673.349609375,24664.099609375,24664.5,0.0,68.25157337272803,8.50717718416854,6.558571882436046,24651.370454176267,24641.351445832184,8.245362741766092
2025-08-04 05:46:00+00:00,24666.30078125,24677.349609375,24666.30078125,24673.25,0.0,62.1653758625341,8.623335117837996,6.9715245295164365,24652.792390088052,24642.329851142687,8.445610269139943
2025-08-04 05:47:00+00:00,24666.650390625,24668.19921875,24662.349609375,24666.349609375,0.0,62.35404258959985,8.643959487602842,7.306011521133718,24654.112199663,24643.283597789054,8.260181633844232
2025-08-04 05:48:00+00:00,24672.150390625,24673.900390625,24665.650390625,24665.650390625,0.0,65.28672966323654,9.000357959783287,7.644880808863633,24655.830122611762,24644.415628880663,8.25945437428393
2025-08-04 05:49:00+00:00,24667.94921875,24672.5,24665.75,24671.900390625,0.0,61.354947820328704,8.841883132176008,7.884281273526108,24656.984322243974,24645.338514757892,8.15163620469222
2025-08-04 05:50:00+00:00,24671.400390625,24674.25,24668.099609375,24668.099609375,0.0,63.30972084306914,8.892266899638344,8.085878398748555,24658.357281137403,24646.360549105622,8.019432279357062
2025-08-04 05:51:00+00:00,24669.0,24675.150390625,24668.599609375,24671.900390625,0.0,60.99860169858237,8.638920833978773,8.196486885794599,24659.370873410033,24647.248370709323,7.914528634402986
2025-08-04 05:52:00+00:00,24681.25,24681.25,24668.80078125,24668.80078125,0.0,67.51582533243513,9.31918906363353,8.421027321362386,24661.454599751934,24648.581767936408,8.238435071231345
2025-08-04 05:53:00+00:00,24673.849609375,24682.19921875,24673.849609375,24681.5,0.0,60.89561612782654,9.155616611780715,8.567945179446053,24662.635076858893,24649.572663679097,8.246376092929106
2025-08-04 05:54:00+00:00,24676.25,24677.400390625,24673.19921875,24674.849609375,0.0,62.19063897852586,9.114608198091446,8.677277783175132,24663.931736205668,24650.6188337309,7.957432934505598
2025-08-04 05:55:00+00:00,24674.5,24677.150390625,24673.849609375,24676.0,0.0,60.61458909344614,8.839007780545217,8.70962378264915,24664.938237519415,24651.55535005518,7.624814957040912
2025-08-04 05:56:00+00:00,24673.650390625,24679.55078125,24673.650390625,24674.25,0.0,59.8219572975269,8.454576987249311,8.658614423569182,24665.767966386615,24652.421822234388,7.501641790466562
2025-08-04 05:57:00+00:00,24669.44921875,24674.69921875,24668.150390625,24674.44921875,0.0,55.92742772097693,7.721900096636091,8.471271558182565,24666.118561849795,24653.089563274218,7.433583671504665
2025-08-04 05:58:00+00:00,24668.94921875,24670.900390625,24668.0,24669.69921875,0.0,55.46462626439931,7.0199805943411775,8.181013365414287,24666.388148221246,24653.71151054778,7.1097841681829035
2025-08-04 05:59:00+00:00,24666.44921875,24669.30078125,24665.099609375,24668.900390625,0.0,53.09866222637925,6.190613684062555,7.782933429143942,24666.393964462077,24654.211028516493,6.902026147241267
2025-08-04 06:00:00+00:00,24680.80078125,24680.849609375,24666.75,24666.75,0.0,62.88616221982735,6.61513047875269,7.549372839065692,24667.7660422514,24655.253763917804,7.43762360993832
2025-08-04 06:01:00+00:00,24678.25,24683.849609375,24678.25,24680.19921875,0.0,60.47075345986037,6.66886187939599,7.373270647131752,24668.764514417933,24656.1555770975,7.3063368788712975
2025-08-04 06:02:00+00:00,24681.400390625,24682.599609375,24676.80078125,24678.05078125,0.0,62.39203602339663,6.8862739168871485,7.275871301082832,24669.967931199557,24657.145569784854,7.198657682166205
2025-08-04 06:03:00+00:00,24673.69921875,24682.44921875,24673.400390625,24682.150390625,0.0,55.314403189997385,6.363796430112416,7.093456326888749,24670.323291918645,24657.794732489372,7.330812713797191
2025-08-04 06:04:00+00:00,24671.349609375,24673.44921875,24669.599609375,24673.099609375,0.0,53.32680775199343,5.69449284867369,6.8136636312457375,24670.421036438296,24658.326296288807,7.100012475311678
2025-08-04 06:05:00+00:00,24664.75,24673.5,24664.75,24671.69921875,0.0,48.098853998903664,4.578750629902061,6.366681030977002,24669.880937729886,24658.578206238268,7.217868727075129
2025-08-04 06:06:00+00:00,24661.25,24665.55078125,24655.94921875,24665.55078125,0.0,45.548531918246425,3.373211847330822,5.767987194247767,24669.058943660373,24658.68298246422,7.388132567998334
2025-08-04 06:07:00+00:00,24661.30078125,24664.94921875,24661.0,24661.900390625,0.0,45.59360635074219,2.3943111704211333,5.09325198948244,24668.32007104986,24658.785641240134,7.142495866712738
2025-08-04 06:08:00+00:00,24636.94921875,24660.099609375,24632.55078125,24660.099609375,0.0,31.93964018348865,-0.342494188076671,4.006102753970618,24665.332370830823,24657.9293109464,8.6858890190904
2025-08-04 06:09:00+00:00,24652.94921875,24654.69921875,24636.900390625,24636.900390625,0.0,43.83999359731798,-1.206458566521178,2.9635904898722587,24664.1530230136,24657.734013213212,9.336813240941085
2025-08-04 06:10:00+00:00,24652.44921875,24656.599609375,24652.25,24653.349609375,0.0,43.58353176337515,-1.9094909591331088,1.9889742000711852,24663.038374988497,24657.526766371517,8.980584393373865
2025-08-04 06:11:00+00:00,24656.650390625,24658.55078125,24652.349609375,24652.55078125,0.0,46.41976538449162,-2.103403015065851,1.170498757043778,24662.42999552531,24657.492398695184,8.782054927775732
2025-08-04 06:12:00+00:00,24664.69921875,24665.55078125,24655.099609375,24656.650390625,0.0,51.455081804466005,-1.5892862510227133,0.6185417554304797,24662.6461120229,24657.77501908949,8.90127756686318
2025-08-04 06:13:00+00:00,24667.19921875,24669.099609375,24663.900390625,24664.44921875,0.0,52.9345855923234,-0.9689464928524103,0.3010441057739017,24663.079741235004,24658.144595546764,8.636844794230097
2025-08-04 06:14:00+00:00,24669.349609375,24670.44921875,24666.94921875,24667.5,0.0,54.226831937253635,-0.30034205704941996,0.1807668732092374,24663.67687153405,24658.584007853755,8.269927308927947
2025-08-04 06:15:00+00:00,24670.55078125,24671.19921875,24667.849609375,24669.25,0.0,54.970557107094756,0.32273600726693985,0.2091607000207779,24664.331529602234,24659.05329308498,7.918476027933094
2025-08-04 06:16:00+00:00,24672.849609375,24674.099609375,24670.19921875,24670.80078125,0.0,56.429635841413635,0.9906069792232302,0.3654499558612684,24665.14277529488,24659.594325096354,7.631469927723587
2025-08-04 06:17:00+00:00,24674.30078125,24674.44921875,24670.69921875,24672.900390625,0.0,57.36872644489189,1.6183417423890205,0.6160283131668188,24666.014966338225,24660.171048867083,7.354222075743331
2025-08-04 06:18:00+00:00,24670.55078125,24674.25,24669.05078125,24673.94921875,0.0,54.12241226557397,1.7925687876922893,0.851336408071913,24666.446948710778,24660.578097195827,7.203920498904521
2025-08-04 06:19:00+00:00,24672.599609375,24674.44921875,24670.75,24670.75,0.0,55.60067177627569,2.072082604809111,1.0954856474193528,24667.032916393087,24661.04952904599,6.967814570411341
2025-08-04 06:20:00+00:00,24676.05078125,24677.5,24670.80078125,24672.30078125,0.0,58.05256344487693,2.542768592807988,1.38494223649708,24667.891760665178,24661.637813446152,6.948629154667674
2025-08-04 06:21:00+00:00,24672.849609375,24677.900390625,24672.400390625,24676.599609375,0.0,55.01759905156112,2.627198107988079,1.6333934107952799,24668.363936732778,24662.07749171787,6.845155643619982
2025-08-04 06:22:00+00:00,24672.5,24674.349609375,24670.400390625,24671.75,0.0,54.681373762163155,2.6355179420133936,1.8338183170389026,24668.757847520134,24662.486217532856,6.6383030083614125
2025-08-04 06:23:00+00:00,24676.650390625,24676.849609375,24672.599609375,24673.349609375,0.0,57.96553768047893,2.9430872300181363,2.0556720996347497,24669.509518292023,24663.041675301178,6.47482489169274
2025-08-04 06:24:00+00:00,24675.75,24677.69921875,24675.75,24676.5,0.0,57.00047998963894,3.0786948305321857,2.260276645814237,24670.103849883257,24663.54004097564,6.151567310143259
2025-08-04 06:25:00+00:00,24671.849609375,24676.349609375,24670.099609375,24676.349609375,0.0,52.89240340007327,2.8387129881375586,2.3759639142789015,24670.270112691993,24663.865906403065,6.158598216561598
2025-08-04 06:26:00+00:00,24677.75,24680.80078125,24671.75,24672.0,0.0,57.84228107848226,3.089029452206887,2.5185770218644987,24670.982482911804,24664.410380661768,6.365182718950055
2025-08-04 06:27:00+00:00,24677.25,24682.19921875,24677.25,24677.94921875,0.0,57.292894297964025,3.2100576852826634,2.6568731545481317,24671.579389301158,24664.91389514562,6.264042435453622
2025-08-04 06:28:00+00:00,24683.05078125,24684.400390625,24675.44921875,24677.05078125,0.0,61.82325571474193,3.7310389056692657,2.8717063047723586,24672.671902820093,24665.625145581085,6.4559802525640775
2025-08-04 06:29:00+00:00,24679.44921875,24684.05078125,24678.30078125,24683.94921875,0.0,57.72863966364969,3.8093919825441844,3.059243440326724,24673.317361480083,24666.167266097513,6.4055530916666426
2025-08-04 06:30:00+00:00,24675.55078125,24683.849609375,24674.94921875,24679.0,0.0,53.5911343378291,3.5163813791587017,3.15067102809312,24673.530068124837,24666.535247083884,6.583755772619026
2025-08-04 06:31:00+00:00,24670.900390625,24675.69921875,24670.900390625,24675.0,0.0,49.07286422066493,2.8757706129217695,3.09569094505885,24673.27962264866,24666.706429183534,6.456260940646239
2025-08-04 06:32:00+00:00,24663.05078125,24671.900390625,24660.75,24671.0,0.0,42.551513629559246,1.7149156110208423,2.8195358782512487,24672.305447277362,24666.563070441043,6.791555918100079
2025-08-04 06:33:00+00:00,24661.80078125,24664.19921875,24659.55078125,24663.05078125,0.0,41.603376035087486,0.6861555313444114,2.3928598088698814,24671.3050028938,24666.37631400218,6.638476031092931
2025-08-04 06:34:00+00:00,24670.69921875,24671.80078125,24662.44921875,24662.80078125,0.0,50.12341345424693,0.5821743517553841,2.030722717446982,24671.24730916582,24666.545839678565,6.878584886014864
2025-08-04 06:35:00+00:00,24676.150390625,24679.099609375,24670.5,24670.599609375,0.0,54.50267082243621,0.9289244677238457,1.810363067502355,24671.71426930479,24666.92248873529,7.00151520665666
2025-08-04 06:36:00+00:00,24668.69921875,24677.599609375,24668.69921875,24676.099609375,0.0,48.26458034667641,0.595613275476353,1.5674131090971548,24671.427121632903,24666.992164422143,7.137149165109756
2025-08-04 06:37:00+00:00,24668.19921875,24671.349609375,24667.650390625,24668.849609375,0.0,47.86865327274407,0.2877983724283695,1.3114901617633978,24671.119702310723,24667.03949988598,6.891582706887631
2025-08-04 06:38:00+00:00,24669.19921875,24672.25,24668.0,24668.5,0.0,48.773747778169714,0.12312517633472453,1.073817164677663,24670.93679911446,24667.124194743392,6.702898227824228
2025-08-04 06:39:00+00:00,24668.94921875,24670.69921875,24667.349609375,24669.30078125,0.0,48.54682374339148,-0.027238440845394507,0.8536060435730516,24670.747505746418,24667.19576431228,6.46337759547964
2025-08-04 06:40:00+00:00,24677.150390625,24679.19921875,24668.599609375,24669.849609375,0.0,55.810177751918694,0.5094902529963292,0.7847828854577071,24671.357304306282,24667.58614181474,6.758822722588237
2025-08-04 06:41:00+00:00,24675.849609375,24681.44921875,24675.849609375,24677.44921875,0.0,54.496151936739636,0.8204320045479108,0.7919127092757479,24671.785142884255,24667.91019936612,6.676021769189077
2025-08-04 06:42:00+00:00,24672.05078125,24677.400390625,24671.650390625,24675.44921875,0.0,50.73897022052897,0.7516572642634856,0.7838616202732954,24671.81044177623,24668.072575126273,6.609877357104144
2025-08-04 06:43:00+00:00,24673.400390625,24677.44921875,24670.099609375,24672.099609375,0.0,52.00497603720544,0.7968691727073747,0.7864631307601113,24671.961865476114,24668.2815090674,6.662715358382419
2025-08-04 06:44:00+00:00,24676.80078125,24678.69921875,24672.94921875,24673.650390625,0.0,55.13363689370083,1.0944667101175583,0.8480638466316007,24672.422714597436,24668.6155981726,6.597521404212246
2025-08-04 06:45:00+00:00,24676.05078125,24680.150390625,24675.30078125,24676.75,0.0,54.29297177805382,1.2553255589664332,0.9295161890985673,24672.768244754825,24668.907173979558,6.4726705449828
2025-08-04 06:46:00+00:00,24671.44921875,24678.849609375,24670.0,24676.44921875,0.0,49.32372050323564,0.9999726563946751,0.9436074825577889,24672.642623230553,24669.006862009774,6.642451889984029
2025-08-04 06:47:00+00:00,24677.44921875,24679.69921875,24669.849609375,24671.75,0.0,55.09500643044512,1.267146619837149,1.008315310013661,24673.100394232406,24669.337934823117,6.8715345674851696
2025-08-04 06:48:00+00:00,24675.05078125,24679.05078125,24674.75,24677.69921875,0.0,52.52013504305087,1.2707021852729667,1.0607926850655223,24673.286145376936,24669.56196801633,6.687909330521943
2025-08-04 06:49:00+00:00,24678.150390625,24680.599609375,24675.75,24675.80078125,0.0,55.419804632676744,1.5062692344326933,1.1498879949389567,24673.749406829134,24669.898768902945,6.606546387270376
2025-08-04 06:50:00+00:00,24675.25,24678.25,24671.25,24677.75,0.0,52.20687686035204,1.442294659162144,1.2083693277835943,24673.892320464456,24670.10862110283,6.634650216751063
2025-08-04 06:51:00+00:00,24670.19921875,24676.349609375,24668.849609375,24675.0,0.0,47.087380342163975,0.972824397522345,1.1612603417313445,24673.54059649165,24670.11217395174,6.6964609155545585
2025-08-04 06:52:00+00:00,24668.25,24672.25,24667.349609375,24670.55078125,0.0,45.24346041859958,0.4384262649255106,1.0166935263701777,24673.03673015911,24670.03914752226,6.568170180514947
2025-08-04 06:53:00+00:00,24676.19921875,24677.400390625,24667.30078125,24668.349609375,0.0,53.27873420342721,0.648867670843174,0.943128355264777,24673.337919548718,24670.28071894296,6.82041583726388
2025-08-04 06:54:00+00:00,24670.0,24681.25,24669.599609375,24676.69921875,0.0,47.43295913950157,0.3118243401950167,0.816867552250825,24673.02002244884,24670.269710356963,7.165414036387888
2025-08-04 06:55:00+00:00,24678.650390625,24680.75,24669.400390625,24669.400390625,0.0,54.87348217989789,0.7342651499166095,0.800347071783982,24673.556247989425,24670.598364485122,7.46428513200304
2025-08-04 06:56:00+00:00,24681.44921875,24682.900390625,24676.849609375,24678.599609375,0.0,56.9944758594705,1.2801379407210334,0.8963052455713924,24674.30795949043,24671.023888181786,7.3633205690028225
2025-08-04 06:57:00+00:00,24687.30078125,24690.349609375,24680.349609375,24681.5,0.0,61.110005514111,2.16001889715335,1.1490479758877838,24675.54537108658,24671.662197713875,7.551654814074049
2025-08-04 06:58:00+00:00,24690.25,24691.69921875,24686.75,24687.44921875,0.0,63.030297492500694,3.060034032281692,1.5312451871665655,24676.94581193548,24672.39113113686,7.365766523783045
2025-08-04 06:59:00+00:00,24694.599609375,24696.599609375,24690.599609375,24690.599609375,0.0,65.71881670005261,4.077279298755457,2.0404520094843437,24678.62712597734,24673.26205185208,7.293183870298542
2025-08-04 07:00:00+00:00,24695.5,24698.30078125,24692.150390625,24694.94921875,0.0,66.26571192156402,4.899627642302221,2.612287136047919,24680.23406636045,24674.13412825004,7.211555781348646
2025-08-04 07:01:00+00:00,24695.650390625,24698.900390625,24693.44921875,24695.30078125,0.0,66.36223916100846,5.500078415541793,3.189845391946694,24681.702287718974,24674.97790324514,7.0858140737523145
2025-08-04 07:02:00+00:00,24693.099609375,24697.25,24693.099609375,24695.94921875,0.0,63.06605738759399,5.704356973885297,3.692747708334415,24682.78774692431,24675.68855838749,6.876140970270007
2025-08-04 07:03:00+00:00,24697.44921875,24698.5,24692.75,24693.400390625,0.0,66.15328317777849,6.146374746389483,4.183473115945429,24684.184077574377,24676.541917617393,6.795702329536435
2025-08-04 07:04:00+00:00,24694.099609375,24697.94921875,24691.05078125,24697.05078125,0.0,61.8646964187261,6.155435504089837,4.577865593574311,24685.12841393634,24677.230454549062,6.803040555998118
2025-08-04 07:05:00+00:00,24699.349609375,24700.349609375,24693.400390625,24694.849609375,0.0,65.62603361389094,6.511190393979632,4.964530553655375,24686.48281350193,24678.097872385373,6.813481855569681
2025-08-04 07:06:00+00:00,24705.19921875,24707.69921875,24699.0,24699.25,0.0,69.2636702350796,7.182349640825123,5.408094371089325,24688.26532828746,24679.160670282028,6.94817734802899
2025-08-04 07:07:00+00:00,24707.19921875,24708.69921875,24701.55078125,24705.75,0.0,70.41640253725194,7.7858806787735375,5.883651632626167,24690.06855595056,24680.26022120234,6.9624816445983475
2025-08-04 07:08:00+00:00,24710.5,24715.05078125,24707.05078125,24707.55078125,0.0,72.26513450750498,8.433314831825555,6.393584272466045,24692.014407764793,24681.44609488068,7.0365900985556085
2025-08-04 07:09:00+00:00,24717.30078125,24719.650390625,24709.75,24710.5,0.0,75.64252979163543,9.386970124593063,6.992261442891449,24694.422633811002,24682.852161012812,7.241147279015922
2025-08-04 07:10:00+00:00,24714.55078125,24720.80078125,24714.400390625,24716.75,0.0,71.83327462831224,9.807788714369963,7.555366897187152,24696.33960023376,24684.09524415937,7.181093232300499
2025-08-04 07:11:00+00:00,24704.5,24714.650390625,24704.05078125,24714.650390625,0.0,59.95048219668116,9.223948493094213,7.889083216368564,24697.116781163877,24684.895430662924,7.425272956779034
2025-08-04 07:12:00+00:00,24697.94921875,24705.80078125,24697.849609375,24704.80078125,0.0,53.71376050728238,8.13883815171721,7.939034203438293,24697.196060933988,24685.407343921244,7.462837165223389
2025-08-04 07:13:00+00:00,24696.69921875,24698.44921875,24693.30078125,24696.650390625,0.0,52.58950666732869,7.096215084809955,7.770470379712625,24697.14874263075,24685.850162541978,7.297522903421718
2025-08-04 07:14:00+00:00,24692.400390625,24697.599609375,24689.650390625,24696.400390625,0.0,48.806143224284895,5.855550152504293,7.387486334270959,24696.6965186302,24686.107034231507,7.344072606748738
2025-08-04 07:15:00+00:00,24699.400390625,24700.0,24692.349609375,24692.80078125,0.0,54.54110447655855,5.375193864772882,6.985027840371345,24696.954030248755,24686.62834232537,7.365952465195257
2025-08-04 07:16:00+00:00,24687.599609375,24701.25,24687.19921875,24699.5,0.0,45.323228147870765,3.9962177121087734,6.38726581471883,24696.063133022682,24686.666431229278,7.843440235538452
2025-08-04 07:17:00+00:00,24693.5,24696.30078125,24686.75,24687.30078125,0.0,49.88399701066322,3.340968779539253,5.778006407682915,24695.81902511576,24686.934414318326,7.9653931651428485
2025-08-04 07:18:00+00:00,24688.94921875,24698.349609375,24688.94921875,24694.400390625,0.0,46.65183022586155,2.426498105534847,5.107704747253302,24695.16475784283,24687.013426256824,8.067892983704073
2025-08-04 07:19:00+00:00,24694.05078125,24696.150390625,24689.05078125,24689.80078125,0.0,50.52213697528412,2.0893423284032906,4.5040322634833,24695.05866483399,24687.28940096244,8.005984333082354
2025-08-04 07:20:00+00:00,24693.650390625,24699.05078125,24692.94921875,24695.05078125,0.0,50.214231046726745,1.769438779898337,3.9571135667663073,24694.924543480753,24687.53885153744,7.869954202147901
2025-08-04 07:21:00+00:00,24702.0,24703.94921875,24692.44921875,24693.650390625,0.0,56.20797648228808,2.164703257225483,3.598631504858143,24695.598396482586,24688.105955398718,8.129243187708765
2025-08-04 07:22:00+00:00,24699.900390625,24702.75,24697.349609375,24702.05078125,0.0,54.43331751911659,2.2822242137372086,3.3353500466339563,24696.008110210434,24688.568482270337,7.934325147515281
2025-08-04 07:23:00+00:00,24698.400390625,24700.30078125,24695.94921875,24700.0,0.0,53.142408518340886,2.2286326644134533,3.114006570189856,24696.235946440393,24688.954047303854,7.678413529835618
2025-08-04 07:24:00+00:00,24692.19921875,24699.650390625,24691.75,24698.69921875,0.0,48.06727449478477,1.6665670825823327,2.8245186726683515,24695.851496184165,24689.081308929195,7.694269036633074
2025-08-04 07:25:00+00:00,24694.94921875,24697.25,24691.900390625,24693.25,0.0,50.33255361573405,1.4265833124009077,2.5449316006148632,24695.765564999958,24689.311423039817,7.526793346516426
2025-08-04 07:26:00+00:00,24702.0,24702.30078125,24694.400390625,24694.80078125,0.0,55.67147052107135,1.7847599646811432,2.3928972734281193,24696.359320714248,24689.809014293158,7.553478866408109
2025-08-04 07:27:00+00:00,24702.900390625,24703.599609375,24700.150390625,24702.400390625,0.0,56.317228706098014,2.116869585817767,2.337691735906049,24696.982279753367,24690.32240160029,7.260317429521815
2025-08-04 07:28:00+00:00,24705.69921875,24709.5,24702.900390625,24702.900390625,0.0,58.34840750206046,2.5762139019716415,2.3853961691191676,24697.812464419716,24690.925414037534,7.2131239970559715
2025-08-04 07:29:00+00:00,24705.69921875,24706.400390625,24701.0,24705.44921875,0.0,58.34840750206046,2.9067404869711027,2.4896650326895546,24698.563583879746,24691.50477892822,7.083643041909116
2025-08-04 07:30:00+00:00,24710.849609375,24711.900390625,24705.0,24705.650390625,0.0,62.108614576726346,3.54343218619033,2.7004184633897097,24699.73368154596,24692.263399730055,7.070553583558464
2025-08-04 07:31:00+00:00,24715.5,24719.75,24711.349609375,24711.349609375,0.0,65.16643530733668,4.372855052402883,3.0349057811923448,24701.23523568444,24693.174638956327,7.2012562293757165
2025-08-04 07:32:00+00:00,24721.25,24722.0,24714.900390625,24715.69921875,0.0,68.54634958137387,5.431544135019067,3.51423345195769,24703.141403714493,24694.27563350706,7.193995739777451
2025-08-04 07:33:00+00:00,24716.5,24721.80078125,24716.0,24720.94921875,0.0,63.09951444160294,5.820186075703532,3.9754239767068587,24704.41365097978,24695.1471772911,7.094480419079062
2025-08-04 07:34:00+00:00,24716.19921875,24719.94921875,24715.94921875,24716.44921875,0.0,62.75943470482244,6.034356771953753,4.387210535756238,24705.536086005515,24695.97274754439,6.873446103430558
2025-08-04 07:35:00+00:00,24713.80078125,24721.0,24713.80078125,24716.0,0.0,59.98325792059867,5.942058379874652,4.698180104579921,24706.323199838323,24696.67188612108,6.8967155781855185
2025-08-04 07:36:00+00:00,24710.5,24713.75,24703.94921875,24713.75,0.0,56.29269066904687,5.538718874631741,4.866287858590285,24706.720990329915,24697.214165096724,7.107776072600839
2025-08-04 07:37:00+00:00,24708.099609375,24710.75,24706.55078125,24710.75,0.0,53.70491304773458,4.968108683919127,4.886652023656054,24706.85228738183,24697.6410452645,6.9000219781293515
2025-08-04 07:38:00+00:00,24707.75,24714.650390625,24706.80078125,24708.05078125,0.0,53.3204500189605,4.436543727559183,4.79663036443668,24706.937783821653,24698.037474861972,6.967849649334398
2025-08-04 07:39:00+00:00,24709.150390625,24711.75,24706.69921875,24707.599609375,0.0,54.71877944838828,4.081228626684606,4.653550016886266,24707.148508279115,24698.47327548013,6.830916192239084
2025-08-04 07:40:00+00:00,24702.30078125,24709.30078125,24700.650390625,24708.94921875,0.0,47.26133367754871,3.2099305362353334,4.36482612075608,24706.68681999063,24698.623373745613,6.960878651722007
2025-08-04 07:41:00+00:00,24703.55078125,24705.19921875,24700.55078125,24702.30078125,0.0,48.637061300844294,2.5904242769174743,4.009945751988359,24706.388149634382,24698.816605412456,6.7957042837418635
2025-08-04 07:42:00+00:00,24708.30078125,24708.650390625,24703.30078125,24704.150390625,0.0,53.591238881817866,2.4544529993727338,3.698847201465234,24706.570305026347,24699.188533876673,6.6924117902603015
2025-08-04 07:43:00+00:00,24703.599609375,24712.05078125,24703.599609375,24708.5,0.0,48.59534110014721,1.9449295639788033,3.348063673967948,24706.28738163098,24699.36151722955,6.8180375105988515
2025-08-04 07:44:00+00:00,24698.75,24704.05078125,24693.05078125,24703.150390625,0.0,44.03494545329192,1.1367024258324818,2.9057914243408547,24705.569535761362,24699.337536161725,7.116749116984648
2025-08-04 07:45:00+00:00,24698.900390625,24699.349609375,24695.69921875,24698.650390625,0.0,44.20979500924339,0.502519134683098,2.4251369664093034,24704.93437908171,24699.3203931995,6.869152081842887
2025-08-04 07:46:00+00:00,24703.75,24704.5,24698.55078125,24699.05078125,0.0,49.670411311209605,0.38678859591891523,2.017467292311226,24704.82158107393,24699.49410327011,6.803442558139823
2025-08-04 07:47:00+00:00,24697.400390625,24703.900390625,24695.650390625,24703.650390625,0.0,43.64674995812145,-0.2148128714397899,1.5710112595610226,24704.114801031177,24699.41199689187,6.906768089701265
2025-08-04 07:48:00+00:00,24695.349609375,24697.44921875,24693.30078125,24696.900390625,0.0,41.88018974331642,-0.8473001279598975,1.0873489820568385,24703.280020873444,24699.252687577486,6.709744476151174
2025-08-04 07:49:00+00:00,24693.599609375,24697.75,24692.5,24695.599609375,0.0,40.37833364966208,-1.4727838744838664,0.5753224107486976,24702.358076921213,24699.030998236212,6.605477013568948
2025-08-04 07:50:00+00:00,24690.80078125,24701.099609375,24690.55078125,24693.650390625,0.0,38.02944447760043,-2.1693197214808606,0.026393984302785944,24701.257382095384,24698.708244628913,6.887144950099738
2025-08-04 07:51:00+00:00,24687.94921875,24692.0,24686.5,24691.44921875,0.0,35.74776628193358,-2.9177921688824426,-0.5624432463342598,24699.989937967253,24698.286322045427,6.7880631679497565
2025-08-04 07:52:00+00:00,24689.75,24690.650390625,24686.849609375,24688.150390625,0.0,38.26669951343846,-3.3272989476827206,-1.115414386603952,24699.014705779897,24697.951564318155,6.5746858880962025
2025-08-04 07:53:00+00:00,24689.599609375,24690.80078125,24686.099609375,24688.900390625,0.0,38.13224811516092,-3.622216628253227,-1.6167748349338074,24698.11802993181,24697.624036673325,6.440863458589331
2025-08-04 07:54:00+00:00,24688.25,24693.650390625,24688.25,24689.599609375,0.0,36.87995301387535,-3.9196598138478294,-2.0773518307166117,24697.178217557353,24697.25642739202,6.366543970475808
2025-08-04 07:55:00+00:00,24684.150390625,24689.5,24682.5,24688.80078125,0.0,33.302230391057506,-4.43506522491225,-2.5488945095557396,24695.937472135225,24696.742465165866,6.411790829727536
2025-08-04 07:56:00+00:00,24685.55078125,24687.55078125,24683.349609375,24683.349609375,0.0,35.60044496898584,-4.6766187566645385,-2.9744393589774996,24694.948263479488,24696.303575600537,6.2538894758184265
2025-08-04 07:57:00+00:00,24671.650390625,24686.19921875,24671.650390625,24686.05078125,0.0,26.017365727332844,-5.921438368353847,-3.563839160852769,24692.729418445724,24695.33678403287,6.84638509361711
2025-08-04 07:58:00+00:00,24649.150390625,24671.650390625,24644.099609375,24671.650390625,0.0,17.708110837699962,-8.62411540465473,-4.575894409613161,24688.57903484375,24693.525552918836,8.325270533358745
2025-08-04 07:59:00+00:00,24668.80078125,24669.400390625,24651.0,24651.0,0.0,36.71708190975513,-9.075764367229567,-5.4758684011364425,24686.695391644345,24692.55595402986,9.17703692383312
2025-08-04 08:00:00+00:00,24679.80078125,24681.599609375,24667.30078125,24671.05078125,0.0,44.452319952334264,-8.44870000039009,-6.070434720987172,24686.03876208298,24692.055751175747,9.542879152487897
2025-08-04 08:01:00+00:00,24678.5,24681.0,24677.19921875,24678.69921875,0.0,43.770970936716154,-7.964894798446039,-6.4493267364789455,24685.320784741743,24691.524153090424,9.13272930231019
2025-08-04 08:02:00+00:00,24681.900390625,24684.30078125,24677.80078125,24677.80078125,0.0,46.09690874648702,-7.223820874718513,-6.6042255641268595,24684.9950329211,24691.1467506408,8.944677209288034
2025-08-04 08:03:00+00:00,24688.5,24691.25,24681.599609375,24681.75,0.0,50.386459750178815,-6.0344200911749795,-6.490264469536484,24685.328839309565,24691.042956498022,8.995085310410317
2025-08-04 08:04:00+00:00,24687.150390625,24690.0,24687.150390625,24688.5,0.0,49.5186166659961,-5.1414462070206355,-6.220500817033314,24685.502320387226,24690.890306855945,8.556122743595294
2025-08-04 08:05:00+00:00,24688.150390625,24688.599609375,24683.19921875,24687.55078125,0.0,50.20301199044268,-4.303458734168089,-5.83709240046027,24685.75451755273,24690.782859160616,8.330713306552772
2025-08-04 08:06:00+00:00,24679.80078125,24688.5,24677.5,24688.5,0.0,44.74794908173672,-4.263939282682259,-5.5224617769046676,24685.187495047707,24690.352189438632,8.521376641799003
2025-08-04 08:07:00+00:00,24683.94921875,24686.0,24679.5,24679.55078125,0.0,47.783786050320494,-3.85345536163004,-5.188660493849742,24685.069563971734,24690.10109254888,8.376992595956217
2025-08-04 08:08:00+00:00,24684.94921875,24687.55078125,24680.75,24683.900390625,0.0,48.51810493771811,-3.4081650489933963,-4.832561404878474,24685.058102522045,24689.89905828226,8.264406071245059
2025-08-04 08:09:00+00:00,24689.349609375,24689.849609375,24683.0,24684.94921875,0.0,51.73465731584746,-2.669423072722566,-4.3999337384472925,24685.466817460423,24689.877511266288,8.163349164370413
2025-08-04 08:10:00+00:00,24689.30078125,24690.150390625,24687.099609375,24689.05078125,0.0,51.696060004970455,-2.0641109694006445,-3.932769184637963,24685.831956868955,24689.854894402906,7.798165741915383
2025-08-04 08:11:00+00:00,24690.94921875,24692.55078125,24686.150390625,24689.44921875,0.0,52.97168211346662,-1.4348416751236073,-3.433183682735092,24686.31931514334,24689.897809083184,7.698324662135713
2025-08-04 08:12:00+00:00,24697.400390625,24698.55078125,24690.5,24691.19921875,0.0,57.68166046146018,-0.41084955225596786,-2.8287168566392675,24687.374655665404,24690.19202796718,7.723500132697447
2025-08-04 08:13:00+00:00,24694.900390625,24698.349609375,24694.900390625,24697.650390625,0.0,55.36746424751724,0.19667532523089903,-2.2236384202652344,24688.09139232822,24690.376669640038,7.41819431964763
2025-08-04 08:14:00+00:00,24701.69921875,24702.69921875,24695.05078125,24695.05078125,0.0,60.06040255637352,1.2127716998948017,-1.5363563962332272,24689.387375796963,24690.82069117376,7.445382448601371
2025-08-04 08:15:00+00:00,24708.0,24709.80078125,24700.69921875,24701.349609375,0.0,63.85358346232215,2.4976642675101175,-0.7295522634845581,24691.160006673446,24691.494389559106,7.563681023701273
2025-08-04 08:16:00+00:00,24726.5,24726.75,24707.30078125,24707.849609375,0.0,72.20157607108865,4.951666543933243,0.40669149799900206,24694.525720323596,24692.867158596007,8.412648004151182
2025-08-04 08:17:00+00:00,24730.25,24733.94921875,24726.5,24726.5,0.0,73.53577389520807,7.1170339508898905,1.7487599885771798,24697.928032673728,24694.333152376556,8.34383162885467
2025-08-04 08:18:00+00:00,24725.25,24734.30078125,24724.75,24730.25,0.0,68.79468232030464,8.333580677695863,3.0657241264009167,24700.53012480004,24695.545577773555,8.430042316079335
2025-08-04 08:19:00+00:00,24719.5,24726.55078125,24718.55078125,24725.150390625,0.0,63.70776618513941,8.733056538552773,4.199190608831288,24702.33677958099,24696.484966880475,8.399325007787954
2025-08-04 08:20:00+00:00,24720.19921875,24720.69921875,24718.05078125,24718.75,0.0,64.05582936209416,9.00229232368656,5.159810951802343,24704.037964263753,24697.414937542024,7.9885473286602435
2025-08-04 08:21:00+00:00,24717.599609375,24723.44921875,24716.05078125,24720.349609375,0.0,61.68708423002832,8.903265569031646,5.908501875248204,24705.329549512444,24698.20649330018,7.946396626613084
2025-08-04 08:22:00+00:00,24715.80078125,24721.150390625,24715.80078125,24717.69921875,0.0,60.032783672803276,8.580722528276965,6.4429460058539565,24706.326809677925,24698.89646537664,7.7609118229264356
2025-08-04 08:23:00+00:00,24714.0,24716.19921875,24712.650390625,24715.80078125,0.0,58.34589488120882,8.086579789469397,6.771672762577045,24707.0575897086,24699.488760852066,7.4600487016459756
2025-08-04 08:24:00+00:00,24719.19921875,24720.69921875,24713.0,24714.0,0.0,61.69277726907525,8.022028657476767,7.0217439415569896,24708.21393533159,24700.26171998532,7.4771322765284065
2025-08-04 08:25:00+00:00,24718.69921875,24721.0,24717.30078125,24719.30078125,0.0,61.183640392759266,7.840149238880258,7.185425001021644,24709.21253375239,24700.984759152565,7.207281310347805
2025-08-04 08:26:00+00:00,24717.099609375,24720.0,24712.44921875,24718.5,0.0,59.49207811611222,7.48070052215553,7.244480105248421,24709.963683811686,24701.61671406325,7.231817020322962
2025-08-04 08:27:00+00:00,24718.30078125,24720.55078125,24716.349609375,24717.150390625,0.0,60.377939223441466,7.209650987431814,7.237514281685099,24710.757693091527,24702.27099120783,7.015342367085608
2025-08-04 08:28:00+00:00,24720.55078125,24720.80078125,24716.599609375,24718.19921875,0.0,62.052019894364186,7.094616155525728,7.208934656453225,24711.69036815424,24702.98784571929,6.8143301890794925
2025-08-04 08:29:00+00:00,24718.650390625,24720.849609375,24715.849609375,24720.5,0.0,59.75554053654753,6.772040711373847,7.121555867437349,24712.35322743717,24703.602063166574,6.684735175573814
2025-08-04 08:30:00+00:00,24720.94921875,24725.25,24716.900390625,24718.30078125,0.0,61.60656394260275,6.6255187099886825,7.022348435947617,24713.171893276485,24704.28234377769,6.803654761247112
2025-08-04 08:31:00+00:00,24722.94921875,24724.44921875,24719.94921875,24720.19921875,0.0,63.192726301888754,6.59476194297531,6.936831137353156,24714.103067131105,24705.01437809033,6.639107992586604
2025-08-04 08:32:00+00:00,24700.599609375,24724.099609375,24700.30078125,24723.400390625,0.0,42.20778223560627,4.712635956653685,6.491992101213262,24712.817023535285,24704.841249905414,7.86480228775899
2025-08-04 08:33:00+00:00,24686.05078125,24699.69921875,24682.19921875,24699.69921875,0.0,34.237323917128975,2.0237402940729226,5.598341739785195,24710.26785760335,24704.104368781675,8.617344311847633
2025-08-04 08:34:00+00:00,24699.0,24706.849609375,24685.599609375,24685.599609375,0.0,44.31635246112627,0.9269792018094449,4.664069232190045,24709.194728307793,24703.904197456905,9.519676861001374
2025-08-04 08:35:00+00:00,24705.05078125,24705.30078125,24698.099609375,24698.75,0.0,48.30341988585339,0.5398129847671953,3.8392179827054758,24708.80006668324,24703.94916152722,9.354069362001278
2025-08-04 08:36:00+00:00,24709.349609375,24709.650390625,24703.650390625,24704.849609375,0.0,50.988441167602595,0.5732523747246887,3.1860248611093187,24708.852404082456,24704.16094379576,9.114492979001186
2025-08-04 08:37:00+00:00,24710.349609375,24710.94921875,24706.80078125,24709.19921875,0.0,51.61795423255565,0.6726906161457009,2.6833580121165954,24708.994995062698,24704.403636563573,8.759774730501102
2025-08-04 08:38:00+00:00,24714.349609375,24714.849609375,24710.349609375,24710.44921875,0.0,54.154527217045434,1.0620203994112671,2.35909048957553,24709.504958330534,24704.79367471304,8.45550510689388
2025-08-04 08:39:00+00:00,24722.400390625,24723.19921875,24714.05078125,24714.5,0.0,58.83271914842222,1.9971756239137903,2.2867075164431823,24710.73309473953,24705.48413416057,8.50500027783003
2025-08-04 08:40:00+00:00,24718.0,24722.849609375,24714.30078125,24722.849609375,0.0,55.49917656665846,2.356058947963902,2.3005778027473265,24711.42518095481,24705.974952428784,8.50813083834217
2025-08-04 08:41:00+00:00,24717.150390625,24718.44921875,24714.150390625,24717.44921875,0.0,54.852927917097745,2.5426105599981383,2.348984354197489,24711.97043901864,24706.413204907065,8.20746635881773
2025-08-04 08:42:00+00:00,24719.94921875,24722.099609375,24716.94921875,24716.94921875,0.0,56.643963836073624,2.883061951928539,2.455799873743699,24712.73032280258,24706.94402897934,7.989103806402177
2025-08-04 08:43:00+00:00,24720.099609375,24721.25,24715.5,24719.5,0.0,56.74326575749149,3.1289389390367432,2.590427686802308,24713.432159619,24707.459934092894,7.829167820230593
2025-08-04 08:44:00+00:00,24719.44921875,24721.400390625,24718.69921875,24720.05078125,0.0,56.14436829438598,3.2340371675200004,2.7191495829458465,24714.00521286957,24707.930102118662,7.462882395571264
2025-08-04 08:45:00+00:00,24721.400390625,24724.150390625,24719.75,24721.099609375,0.0,57.59049803149186,3.4351729984700796,2.8623542660506933,24714.709515512946,24708.458348726756,7.265617358387602
2025-08-04 08:46:00+00:00,24716.099609375,24722.150390625,24715.94921875,24721.400390625,0.0,52.52335265721148,3.130756435843068,2.9160347000091686,24714.84190540457,24708.75800600708,7.18958553814563
2025-08-04 08:47:00+00:00,24721.650390625,24723.349609375,24716.44921875,24716.75,0.0,56.80889471549453,3.2993726595814223,2.9927022919236195,24715.49033256842,24709.26358971759,7.193900856849514
2025-08-04 08:48:00+00:00,24718.349609375,24721.75,24714.849609375,24721.75,0.0,53.704454215493215,3.1305695139708405,3.0202757363330637,24715.762644645238,24709.61990421396,7.172935840288835
2025-08-04 08:49:00+00:00,24720.0,24720.900390625,24717.0,24718.400390625,0.0,55.02777775183283,3.0942954239471874,3.035079673855889,24716.16620229807,24710.026966793805,6.9391826106253465
2025-08-04 08:50:00+00:00,24719.19921875,24720.75,24717.150390625,24719.94921875,0.0,54.21797003164782,2.966732941174996,3.021410327319711,24716.45506100778,24710.38666294895,6.700641665223536
2025-08-04 08:51:00+00:00,24726.05078125,24726.5,24716.349609375,24718.94921875,0.0,59.68472907653024,3.3795452929552994,3.093037320446829,24717.368939126085,24711.00094209801,6.94705230520757
2025-08-04 08:52:00+00:00,24717.44921875,24726.150390625,24716.80078125,24726.150390625,0.0,51.388623329602964,2.9782959071053483,3.070089037778533,24717.376584804555,24711.253815692206,7.118663524478458
2025-08-04 08:53:00+00:00,24718.44921875,24721.650390625,24718.099609375,24718.150390625,0.0,52.22012550737555,2.709758115830482,2.9980228533889233,24717.478740418406,24711.535988361138,6.910271263801425
2025-08-04 08:54:00+00:00,24717.44921875,24720.5,24716.900390625,24718.150390625,0.0,51.27558459396654,2.3887127452799177,2.8761608317671223,24717.47592883094,24711.767879748935,6.673795414601323
2025-08-04 08:55:00+00:00,24718.19921875,24719.5,24713.94921875,24717.69921875,0.0,51.97716365187009,2.1697887342124886,2.7348864122561958,24717.544813585137,24712.020089121525,6.593580117129799
2025-08-04 08:56:00+00:00,24717.150390625,24719.55078125,24713.80078125,24718.19921875,0.0,50.87396602228455,1.8898729351276415,2.565883716830485,24717.507249493698,24712.221277415778,6.533324394477671
2025-08-04 08:57:00+00:00,24718.400390625,24720.44921875,24715.25,24717.25,0.0,52.17674355504445,1.7487437713425606,2.4024557277329004,24717.59231055382,24712.463595580848,6.438031134157838
2025-08-04 08:58:00+00:00,24721.55078125,24723.400390625,24717.30078125,24717.80078125,0.0,55.38782299207195,1.8695569974770478,2.2958759816817302,24717.96930776298,24712.81995580317,6.4138581513608495
2025-08-04 08:59:00+00:00,24721.80078125,24724.599609375,24720.80078125,24721.44921875,0.0,55.642353990166164,1.9628487615773338,2.229270537660851,24718.33420999984,24713.17214503638,6.227070292335074
2025-08-04 09:00:00+00:00,24719.19921875,24725.30078125,24718.650390625,24721.80078125,0.0,52.29844116754146,1.8060399014066206,2.144624410410005,24718.41659178557,24713.40850086829,6.2573074589539965
2025-08-04 09:01:00+00:00,24728.44921875,24728.900390625,24717.400390625,24719.80078125,0.0,61.22181491193484,2.400494043420622,2.1957983370121283,24719.372080067897,24713.998332942083,6.63178549760014
2025-08-04 09:02:00+00:00,24725.650390625,24731.5,24723.349609375,24728.30078125,0.0,57.70439220566034,2.615610070144612,2.2797606836386253,24719.97001440667,24714.45527638063,6.740257292414415
2025-08-04 09:03:00+00:00,24728.80078125,24734.349609375,24724.900390625,24725.5,0.0,60.4582831917606,3.005653957807226,2.4249393384723454,24720.81103982032,24715.01784519904,6.933754539384814
2025-08-04 09:04:00+00:00,24730.05078125,24731.099609375,24726.099609375,24728.25,0.0,61.52861776656977,3.3767065312422346,2.6152927770263235,24721.691015194574,24715.607372103,6.795629215143042
2025-08-04 09:05:00+00:00,24718.5,24730.599609375,24718.5,24729.55078125,0.0,48.47175576790019,2.707506407503388,2.6337355031217364,24721.387108985567,24715.72080849112,7.17448494084711
2025-08-04 09:06:00+00:00,24718.0,24718.94921875,24708.25,24718.30078125,0.0,47.99694714389151,2.1124635024971212,2.5294811029968134,24721.064527177416,24715.810188550295,7.426251641500889
2025-08-04 09:07:00+00:00,24714.25,24718.05078125,24709.599609375,24718.05078125,0.0,44.47793767091372,1.3230428390052111,2.288193450198493,24720.41552458909,24715.74900468558,7.499460229607968
2025-08-04 09:08:00+00:00,24714.599609375,24719.69921875,24713.5,24714.150390625,0.0,44.88365514733602,0.7173625218601956,1.9740272645308334,24719.861627902035,24715.703930359676,7.406585838207399
2025-08-04 09:09:00+00:00,24718.900390625,24719.75,24712.75,24714.19921875,0.0,49.74836854606369,0.5777338543339283,1.6947685824914525,24719.7700814947,24715.82928174263,7.377543992621156
2025-08-04 09:10:00+00:00,24714.900390625,24725.19921875,24712.099609375,24718.150390625,0.0,45.7076118426462,0.14266599397160462,1.384348064787483,24719.30630141187,24715.792854639978,7.786262948505359
2025-08-04 09:11:00+00:00,24711.69921875,24715.5,24709.75,24714.849609375,0.0,42.71726874076437,-0.4551891002629418,1.0164406317773982,24718.581817348837,24715.632319899196,7.640815595040691
2025-08-04 09:12:00+00:00,24712.25,24714.25,24709.099609375,24711.400390625,0.0,43.40335389811894,-0.8744697826332413,0.6382585488952703,24717.97878712514,24715.49967990315,7.462928097180642
2025-08-04 09:13:00+00:00,24713.05078125,24715.849609375,24710.650390625,24712.19921875,0.0,44.445180587316514,-1.1291205903908121,0.28478272103805385,24717.50945323227,24715.40364466185,7.3012345723820244
2025-08-04 09:14:00+00:00,24699.30078125,24714.650390625,24699.30078125,24713.5,0.0,33.158366019077775,-2.412631957256963,-0.2547002146209495,24715.775293995866,24714.77215982217,7.876118486854737
2025-08-04 09:15:00+00:00,24691.349609375,24698.5,24689.099609375,24698.5,0.0,28.630543150484115,-4.0250191668310435,-1.0087640050629683,24713.44903831769,24713.853628432083,8.042193728865113
2025-08-04 09:16:00+00:00,24710.30078125,24712.099609375,24692.05078125,24692.05078125,0.0,47.15324211639101,-3.730641940237547,-1.5531395920978839,24713.149204311245,24713.71430109161,8.94989417680332
2025-08-04 09:17:00+00:00,24713.099609375,24715.099609375,24709.55078125,24710.94921875,0.0,49.248166982485586,-3.2342217334698944,-1.8893560203722863,24713.144480983985,24713.690195534098,8.706960887388798
2025-08-04 09:18:00+00:00,24716.599609375,24717.30078125,24712.19921875,24713.25,0.0,51.82028464196528,-2.5292290161087294,-2.017330619519575,24713.473540830746,24713.804290194526,8.449432431146741
2025-08-04 09:19:00+00:00,24716.150390625,24719.349609375,24713.150390625,24716.44921875,0.0,51.45980417081451,-1.9838962857938895,-2.010643752774438,24713.72847890639,24713.896294132977,8.288702882493402
2025-08-04 09:20:00+00:00,24719.80078125,24720.44921875,24715.75,24716.30078125,0.0,54.24518692310694,-1.2428335408440034,-1.8570817103883512,24714.306793415304,24714.12784264737,8.032311158743873
2025-08-04 09:21:00+00:00,24727.44921875,24728.599609375,24719.5,24720.349609375,0.0,59.490359822729076,-0.03793371456049499,-1.4932521112227801,24715.558452970992,24714.650249553357,8.10854674561931
2025-08-04 09:22:00+00:00,24723.94921875,24729.44921875,24723.25,24727.44921875,0.0,56.3092215120385,0.6273061346910254,-1.069140462040019,24716.35757352137,24715.01491501205,7.972166174503646
2025-08-04 09:23:00+00:00,24726.349609375,24728.599609375,24722.900390625,24724.19921875,0.0,57.96919894644979,1.332840811341157,-0.5887442073637839,24717.30919598362,24715.459412830205,7.8098127870391
2025-08-04 09:24:00+00:00,24727.400390625,24728.55078125,24723.30078125,24726.19921875,0.0,58.70877902172706,1.9542440815203008,-0.08014654958696688,24718.270262139944,24715.92768646922,7.626969016536307
2025-08-04 09:25:00+00:00,24725.849609375,24727.94921875,24718.55078125,24727.94921875,0.0,57.111560018533424,2.2951188620718312,0.39490653274479276,24718.99210473376,24716.316781485133,7.753502479640857
2025-08-04 09:26:00+00:00,24726.75,24728.25,24722.69921875,24725.55078125,0.0,57.82892666639522,2.6078568298908067,0.8374965921739956,24719.730951901973,24716.725927309246,7.596165248952224
2025-08-04 09:27:00+00:00,24726.75,24729.650390625,24725.150390625,24725.599609375,0.0,57.82892666639522,2.823160288098734,1.2346293313589434,24720.399432673214,24717.11902819908,7.37501058831278
2025-08-04 09:28:00+00:00,24723.599609375,24727.30078125,24723.349609375,24726.55078125,0.0,54.15332160650023,2.7083593546376505,1.529375336014685,24720.70421140672,24717.37316863735,7.130450680219011
2025-08-04 09:29:00+00:00,24725.75,24727.099609375,24722.099609375,24723.44921875,0.0,56.1997562146241,2.7590922417584807,1.7753187171634441,24721.184762701316,24717.701671828043,6.978275631631939
2025-08-04 09:30:00+00:00,24716.05078125,24727.19921875,24701.69921875,24726.349609375,0.0,46.18585954975163,1.9936707317574474,1.818989120082245,24720.695812086906,24717.63693102106,8.301255943658228
2025-08-04 09:31:00+00:00,24719.05078125,24722.94921875,24716.25,24716.69921875,0.0,49.20090480134034,1.6105778594610456,1.777306867958005,24720.53914248339,24717.692376128078,8.201054626254068
2025-08-04 09:32:00+00:00,24718.44921875,24720.75,24717.900390625,24719.30078125,0.0,48.612749794078816,1.244091815809952,1.6706638575283945,24720.34010212783,24717.722056230898,7.818808536878778
2025-08-04 09:33:00+00:00,24714.0,24718.25,24712.80078125,24717.900390625,0.0,44.38648103616057,0.587857758073369,1.4541026376373896,24719.736282877562,24717.57609324145,7.663782034244579
2025-08-04 09:34:00+00:00,24719.400390625,24720.349609375,24714.349609375,24714.69921875,0.0,50.061514069696074,0.49781542357231956,1.2628451948243757,24719.70429313922,24717.647634315315,7.569912558584251
2025-08-04 09:35:00+00:00,24716.75,24720.599609375,24716.349609375,24719.849609375,0.0,47.49969623127878,0.21016915240033995,1.0523099863395686,24719.422931887868,24717.612432969618,7.332775947256805
2025-08-04 09:36:00+00:00,24718.05078125,24718.94921875,24716.900390625,24717.400390625,0.0,48.88229038602825,0.08617620031145634,0.8590832291339462,24719.29225087474,24717.629623098263,6.966093290309891
2025-08-04 09:37:00+00:00,24720.80078125,24721.150390625,24717.75,24718.400390625,0.0,51.773827710085506,0.20742187944051693,0.7287509591952603,24719.43592043429,24717.75398224147,6.7114002427877555
2025-08-04 09:38:00+00:00,24722.80078125,24723.05078125,24720.80078125,24720.80078125,0.0,53.81977953400896,0.45959531033440726,0.6749198294230898,24719.75638336912,24717.95189592808,6.392728796874344
2025-08-04 09:39:00+00:00,24725.25,24725.75,24722.69921875,24723.099609375,0.0,56.26663207170686,0.8473088067839853,0.7093976248952689,24720.279584953012,24718.238096087764,6.154018257811891
2025-08-04 09:40:00+00:00,24724.94921875,24726.0,24722.94921875,24725.150390625,0.0,55.87509047991563,1.1174230554934184,0.7910027110148988,24720.7243119813,24718.501277368636,5.932358471539613
2025-08-04 09:41:00+00:00,24720.5,24725.5,24719.0,24725.19921875,0.0,50.29929816287042,0.9613934292028716,0.8250808546524935,24720.70294893546,24718.579658648297,5.97290429500107
2025-08-04 09:42:00+00:00,24718.94921875,24721.94921875,24718.75,24721.25,0.0,48.483233159838605,0.704482899440336,0.800961263610062,24720.535927013036,24718.594151201305,5.774783898929565
2025-08-04 09:43:00+00:00,24714.650390625,24719.44921875,24713.75,24719.349609375,0.0,43.76596861619039,0.15224496558948886,0.6712180040059474,24719.975399737985,24718.439493923805,5.769386388291738
2025-08-04 09:44:00+00:00,24719.25,24720.94921875,24714.099609375,24715.150390625,0.0,49.434945551980775,0.08476533832072164,0.5539274708689023,24719.906314048654,24718.471278475812,5.846545173056613
2025-08-04 09:45:00+00:00,24723.5,24723.5,24718.55078125,24719.5,0.0,54.04485384376431,0.3699620367442549,0.5171343840439728,24720.248569853546,24718.66848324147,5.78245042855257
2025-08-04 09:46:00+00:00,24723.30078125,24723.80078125,24721.55078125,24723.5,0.0,53.79726676142201,0.5732985578833905,0.5283672188118564,24720.53925665321,24718.850141986903,5.5301325407988156
2025-08-04 09:47:00+00:00,24721.5,24724.94921875,24721.150390625,24724.05078125,0.0,51.50058293124924,0.5824224156640412,0.5391782581822935,24720.63075601957,24718.954057987416,5.406467939670328
2025-08-04 09:48:00+00:00,24721.30078125,24722.25,24719.0,24721.55078125,0.0,51.23996531833619,0.5670413507868943,0.5447508767032136,24720.69456794628,24719.046086350656,5.252434515408162
2025-08-04 09:49:00+00:00,24723.150390625,24724.25,24721.349609375,24721.69921875,0.0,53.588267022879634,0.6960758358436578,0.5750158685313025,24720.928455820445,24719.207039459456,5.087919103593293
2025-08-04 09:50:00+00:00,24725.25,24726.900390625,24722.650390625,24723.349609375,0.0,56.16883930095439,0.9567289485166839,0.6513584845283789,24721.34003145659,24719.444018304184,5.028067739050916
2025-08-04 09:51:00+00:00,24726.150390625,24726.80078125,24724.349609375,24725.400390625,0.0,57.26616920154126,1.2218674889445538,0.7654602854116139,24721.798160901202,24719.707013297157,4.844003748761565
2025-08-04 09:52:00+00:00,24726.30078125,24727.25,24725.150390625,24726.75,0.0,57.45774877099565,1.4276696717388404,0.8979021626770592,24722.226981886804,24719.965592432563,4.647975579207167
2025-08-04 09:53:00+00:00,24731.599609375,24731.900390625,24725.900390625,24726.900390625,0.0,63.64241354040367,1.9953394981857855,1.1173896297788046,24723.119613076156,24720.42182839109,4.744548752120941
2025-08-04 09:54:00+00:00,24730.25,24734.150390625,24728.849609375,24732.150390625,0.0,61.20194151996341,2.309695001833461,1.355850704189736,24723.798697545095,24720.807246885557,4.784279644826587
2025-08-04 09:55:00+00:00,24724.400390625,24730.94921875,24722.349609375,24730.19921875,0.0,51.91044975986016,2.0630281100820866,1.4972861853682062,24723.856001647942,24720.948154483183,5.056803196981831
2025-08-04 09:56:00+00:00,24726.94921875,24728.05078125,24724.5,24724.80078125,0.0,55.10848247044759,2.0495856024717796,1.607746068788921,24724.1505937529,24721.183490336785,4.956345156125986
2025-08-04 09:57:00+00:00,24730.75,24732.69921875,24725.80078125,24727.400390625,0.0,59.44006365519034,2.3188928474737622,1.7499754245258894,24724.779108633575,24721.55864757848,5.095066037831272
2025-08-04 09:58:00+00:00,24729.900390625,24733.150390625,24728.19921875,24731.849609375,0.0,58.09072769940638,2.4356873160941177,1.8871178028395352,24725.266849775617,24721.885774756774,5.084787883343324
2025-08-04 09:59:00+00:00,24726.900390625,24735.80078125,24725.900390625,24730.150390625,0.0,53.4746274005471,2.260119594175194,1.961718161106667,24725.422425094603,24722.08242635945,5.4287595077473725
2025-08-05 03:45:00+00:00,24714.400390625,24720.400390625,24681.150390625,24720.25,0.0,39.41906612988745,1.0996591898910992,1.7893063668635534,24724.372707526072,24721.781170056143,8.308848114336845
2025-08-05 03:46:00+00:00,24694.80078125,24714.599609375,24689.099609375,24714.599609375,0.0,27.301623254026637,-1.3855667657699087,1.154331740336861,24721.556333595017,24720.72311559316,9.536787534741356
2025-08-05 03:47:00+00:00,24707.19921875,24710.19921875,24689.650390625,24696.19921875,0.0,39.88966136281988,-2.3278420385468053,0.4578969845601277,24720.188989324062,24720.19276669735,10.323361862616974
2025-08-05 03:48:00+00:00,24702.30078125,24706.94921875,24695.69921875,24706.30078125,0.0,37.152521868395,-3.430322328742477,-0.31974687810039326,24718.48535045987,24719.49112020922,10.407407443858618
2025-08-05 03:49:00+00:00,24689.900390625,24706.900390625,24678.75,24700.94921875,0.0,31.29772501799998,-5.244201895664446,-1.3046378816132038,24715.762973332738,24718.330699441212,11.674763385368717
2025-08-05 03:50:00+00:00,24693.400390625,24702.900390625,24681.849609375,24690.599609375,0.0,34.4381753251415,-6.326367346722691,-2.3089837746351014,24713.63320355105,24717.35304027195,12.344478947128094
2025-08-05 03:51:00+00:00,24687.900390625,24693.55078125,24680.19921875,24693.55078125,0.0,31.965423143557246,-7.540868855703593,-3.3553607908488,24711.182459462856,24716.198034403445,12.416413486618945
2025-08-05 03:52:00+00:00,24688.80078125,24690.400390625,24677.150390625,24686.75,0.0,32.81589501678046,-8.334639516808238,-4.351216536040688,24709.050871061634,24715.123632319,12.475955380431879
2025-08-05 03:53:00+00:00,24697.44921875,24697.94921875,24687.94921875,24688.349609375,0.0,40.5085490103503,-8.171654114350531,-5.115304051702657,24707.94595179386,24714.430518061392,12.299101424686745
2025-08-05 03:54:00+00:00,24680.30078125,24696.900390625,24679.94921875,24696.900390625,0.0,32.55002432888365,-9.318801259269094,-5.9560034932159445,24705.31307840873,24713.092097009965,12.670594180066262
2025-08-05 03:55:00+00:00,24676.900390625,24685.0,24672.5,24680.05078125,0.0,31.239402093114478,-10.382622334240295,-6.841327261420815,24702.607108143613,24711.672814406633,12.6584088814901
2025-08-05 03:56:00+00:00,24675.44921875,24682.650390625,24672.30078125,24677.900390625,0.0,30.671804856019293,-11.213542900568427,-7.715770389250338,24700.020642487078,24710.25228124363,12.493494631026522
2025-08-05 03:57:00+00:00,24675.099609375,24676.849609375,24670.0,24675.94921875,0.0,30.52789738092477,-11.764648446544015,-8.525546000709074,24697.647210762116,24708.873745091918,12.09035996988177
2025-08-05 03:58:00+00:00,24675.099609375,24675.900390625,24664.55078125,24675.349609375,0.0,30.52789738092477,-12.062356228187127,-9.232908046204685,24695.49982015382,24707.54926918145,12.0374492131045
2025-08-05 03:59:00+00:00,24673.400390625,24675.55078125,24670.150390625,24675.05078125,0.0,29.7413228309442,-12.293690530292224,-9.845064543022193,24693.395112579645,24706.210097473355,11.563373599668465
2025-08-05 04:00:00+00:00,24675.25,24684.05078125,24670.349609375,24673.0,0.0,31.801171529468746,-12.187289129888086,-10.313509460395373,24691.66700661968,24704.99597600381,11.71607347647786
2025-08-05 04:01:00+00:00,24667.0,24676.150390625,24661.19921875,24675.599609375,0.0,27.87547880963062,-12.623159381655569,-10.775439444647413,24689.317767893994,24703.50593772915,11.947151933515155
2025-08-05 04:02:00+00:00,24664.05078125,24668.30078125,24661.650390625,24667.44921875,0.0,26.6108317086463,-13.056064813870762,-11.231564518492082,24686.91138821361,24701.958676690752,11.568811840049786
2025-08-05 04:03:00+00:00,24664.55078125,24667.400390625,24659.599609375,24664.900390625,0.0,27.213730178140835,-13.206562633258727,-11.626564141445412,24684.78180659803,24700.49170039896,11.299666797903372
2025-08-05 04:04:00+00:00,24675.25,24676.19921875,24664.5,24666.849609375,0.0,38.799702680631114,-12.320472960316692,-11.765345905219668,24683.874015493453,24699.50182979508,11.328206223053131
2025-08-05 04:05:00+00:00,24673.44921875,24675.599609375,24669.75,24675.25,0.0,37.71164459862107,-11.629490974846703,-11.738174919145075,24682.88117770836,24698.480158773706,10.93687787676362
2025-08-05 04:06:00+00:00,24657.349609375,24675.650390625,24655.599609375,24674.150390625,0.0,29.69422317841429,-12.23989283409901,-11.838518502135864,24680.44959977185,24696.86719605219,11.587870974851935
2025-08-05 04:07:00+00:00,24648.05078125,24656.650390625,24641.599609375,24656.650390625,0.0,26.226128187050165,-13.320428809758596,-12.13490056366041,24677.363998007866,24694.95282684426,11.885165905219653
2025-08-05 04:08:00+00:00,24639.19921875,24647.650390625,24636.30078125,24647.650390625,0.0,23.421875831335015,-14.72131037120198,-12.652182525168726,24673.729257126164,24692.766410840562,11.875511197703963
2025-08-05 04:09:00+00:00,24632.900390625,24638.849609375,24632.25,24638.849609375,0.0,21.647992534305885,-16.153573549017892,-13.35246072993856,24669.840793649862,24690.418723773288,11.523633165725107
2025-08-05 04:10:00+00:00,24631.349609375,24633.5,24628.55078125,24633.44921875,0.0,21.22184308075647,-17.215339801732625,-14.125036544297373,24666.174966576065,24688.102287914535,11.054032136030456
2025-08-05 04:11:00+00:00,24632.55078125,24640.19921875,24629.30078125,24631.099609375,0.0,22.494513788008618,-17.755201761247008,-14.8510695876873,24662.97266321168,24685.9237974571,11.04291823345685
2025-08-05 04:12:00+00:00,24639.19921875,24639.69921875,24631.80078125,24632.75,0.0,29.30242479242024,-17.44547236472863,-15.369950143095569,24660.708525643902,24684.091461037217,10.81831246678136
2025-08-05 04:13:00+00:00,24639.0,24647.5,24635.099609375,24638.599609375,0.0,29.219601780218454,-17.019890175266482,-15.699938149529753,24658.641047011148,24682.32316844752,10.931318049511264
2025-08-05 04:14:00+00:00,24631.400390625,24639.099609375,24629.75,24639.099609375,0.0,26.179710550549302,-17.098734618841263,-15.979697443392057,24656.046698783895,24680.32619676821,10.818338858474744
2025-08-05 04:15:00+00:00,24623.80078125,24632.75,24621.849609375,24631.900390625,0.0,23.542083813830374,-17.57188660177053,-16.298135275067754,24652.975659018764,24678.10951380671,10.824199698940834
2025-08-05 04:16:00+00:00,24628.099609375,24628.25,24620.400390625,24622.69921875,0.0,27.96333883889382,-17.39941384222402,-16.518390988499007,24650.606511433645,24676.148341083896,10.611728961516489
2025-08-05 04:17:00+00:00,24619.80078125,24628.150390625,24619.80078125,24626.55078125,0.0,24.962377333012185,-17.728016472581658,-16.760316085315537,24647.672632368536,24673.938632855115,10.450148991051025
2025-08-05 04:18:00+00:00,24616.0,24619.69921875,24610.349609375,24619.69921875,0.0,23.707509131995423,-18.086636223179084,-17.02558011288825,24644.65619119058,24671.666529605896,10.378793482761665
2025-08-05 04:19:00+00:00,24614.30078125,24618.5,24613.94921875,24616.0,0.0,23.147270494308017,-18.2970408144065,-17.2798722531919,24641.76519976767,24669.416892415473,9.96250689470726
2025-08-05 04:20:00+00:00,24614.0,24615.69921875,24608.900390625,24615.400390625,0.0,23.04346482744569,-18.277368376599043,-17.47937147787333,24639.120895027892,24667.2436809482,9.736529839728169
2025-08-05 04:21:00+00:00,24620.44921875,24621.19921875,24612.44921875,24614.25,0.0,30.264752618535425,-17.539198807073262,-17.491336943713314,24637.342640144285,24665.40860399925,9.666063422604728
2025-08-05 04:22:00+00:00,24615.25,24621.150390625,24612.349609375,24620.69921875,0.0,27.984891266170266,-17.175736408644298,-17.428216836699512,24635.238579178163,24663.441599920847,9.604257553132962
2025-08-05 04:23:00+00:00,24617.650390625,24617.75,24611.44921875,24615.099609375,0.0,30.58477864786522,-16.503753381002753,-17.24332414556016,24633.56351360167,24661.64586622297,9.368294960052037
2025-08-05 04:24:00+00:00,24614.55078125,24623.150390625,24610.150390625,24617.75,0.0,29.12269504915345,-16.036456276651734,-17.001950571778472,24631.752777187226,24659.7990001456,9.627702462905463
2025-08-05 04:25:00+00:00,24614.150390625,24617.80078125,24612.25,24614.55078125,0.0,28.930305489375925,-15.519528666107362,-16.705466190644252,24630.076359419392,24658.00885859577,9.336493804840787
2025-08-05 04:26:00+00:00,24621.349609375,24623.099609375,24613.150390625,24613.25,0.0,36.99044409445268,-14.3633710234717,-16.237047157209744,24629.245240367545,24656.57124097927,9.380259872352159
2025-08-05 04:27:00+00:00,24621.650390625,24622.599609375,24618.25,24620.900390625,0.0,37.31033660533054,-13.269870422845997,-15.643611810336996,24628.521921344443,24655.20179586734,9.020927693969861
2025-08-05 04:28:00+00:00,24603.400390625,24622.30078125,24603.400390625,24622.30078125,0.0,28.01628639008669,-13.717756044319685,-15.258440657133535,24626.129394609256,24653.170368210776,9.72660361761487
2025-08-05 04:29:00+00:00,24605.099609375,24608.150390625,24599.400390625,24604.25,0.0,29.770437161293486,-13.776785664627823,-14.962109658632393,24624.12655792028,24651.285240413297,9.656846216356666
2025-08-05 04:30:00+00:00,24597.30078125,24607.44921875,24597.05078125,24605.099609375,0.0,26.570133764144742,-14.28816227553034,-14.827320182011984,24621.571722046923,24649.16820279905,9.70981702233119
2025-08-05 04:31:00+00:00,24598.599609375,24603.30078125,24593.19921875,24597.400390625,0.0,27.95910125527739,-14.422375185487908,-14.74633118270717,24619.383901792455,24647.185120703987,9.737798842164677
2025-08-05 04:32:00+00:00,24611.55078125,24611.55078125,24595.099609375,24599.349609375,0.0,40.12180457816545,-13.330028282343847,-14.463070602634506,24618.63789031222,24645.78769562736,10.2173254873672
2025-08-05 04:33:00+00:00,24615.69921875,24616.19921875,24611.44921875,24611.5,0.0,43.4171143855861,-11.991362295186264,-13.968728941144859,24618.358016830105,24644.60775535766,9.826802238269542
2025-08-05 04:34:00+00:00,24613.849609375,24617.099609375,24611.19921875,24615.099609375,0.0,42.29937225780822,-10.953443397324008,-13.36567183238069,24617.928644691525,24643.40155355442,9.546344265893145
2025-08-05 04:35:00+00:00,24613.80078125,24614.55078125,24610.599609375,24614.5,0.0,42.26843573112014,-10.019328630936798,-12.696403192091912,24617.53551483995,24642.240738954246,9.146689095115063
2025-08-05 04:36:00+00:00,24618.900390625,24618.900390625,24609.5,24612.69921875,0.0,46.65647857236394,-8.766485503361764,-11.910419654345883,24617.665503009954,24641.32543117663,9.164810632963988
2025-08-05 04:37:00+00:00,24619.599609375,24622.55078125,24613.94921875,24618.5,0.0,47.24852124515872,-7.629232149807649,-11.054182153438237,24617.849703616146,24640.4734381648,9.12457862346656
2025-08-05 04:38:00+00:00,24621.75,24623.05078125,24619.19921875,24619.75,0.0,49.11884697637854,-6.479737738620315,-10.139293270474653,24618.22116041461,24639.73918568775,8.74793461464752
2025-08-05 04:39:00+00:00,24632.75,24634.55078125,24619.5,24621.900390625,0.0,57.43296237414709,-4.6278006616084895,-9.03699474870142,24619.604859422743,24639.465099974506,9.198137945744126
2025-08-05 04:40:00+00:00,24622.900390625,24634.30078125,24620.94921875,24633.650390625,0.0,49.61516283577393,-3.9098381649564544,-8.011563431952428,24619.918719537243,24638.81550352943,9.494811128190975
2025-08-05 04:41:00+00:00,24622.30078125,24623.55078125,24616.150390625,24622.650390625,0.0,49.17631557656207,-3.350607461998152,-7.079372237961573,24620.145582557507,24638.16786736161,9.345209663677334
2025-08-05 04:42:00+00:00,24624.900390625,24628.05078125,24621.900390625,24621.900390625,0.0,51.1919634731617,-2.666903941590135,-6.196878578687286,24620.598421421077,24637.647574156254,9.11700830377181
2025-08-05 04:43:00+00:00,24611.05078125,24624.75,24611.0,24624.5,0.0,41.702801351602126,-3.2056588664418086,-5.598634636238192,24619.689122357166,24636.604562669734,9.458678469573824
2025-08-05 04:44:00+00:00,24618.69921875,24618.69921875,24608.25,24611.80078125,0.0,47.4914355442754,-2.981096811934549,-5.075127071377463,24619.59484582315,24635.902392319942,9.52943134674712
2025-08-05 04:45:00+00:00,24617.25,24618.75,24611.099609375,24618.75,0.0,46.54829140697578,-2.8867924608312023,-4.637460149268211,24619.371527173327,24635.17092595445,9.395214152336612
2025-08-05 04:46:00+00:00,24619.650390625,24622.69921875,24615.150390625,24617.30078125,0.0,48.37697627826876,-2.588525213261164,-4.227673162066802,24619.3980855973,24634.562277510162,9.263329436098283
2025-08-05 04:47:00+00:00,24623.05078125,24624.900390625,24617.44921875,24619.0,0.0,50.937666548742186,-2.054084952760604,-3.7929555202055627,24619.745961373745,24634.110846284275,9.133889610305548
2025-08-05 04:48:00+00:00,24628.0,24628.69921875,24622.5,24623.849609375,0.0,54.477117428446114,-1.2171461024809105,-3.2777936366606326,24620.53206029053,24633.87120525352,8.924270263140865
2025-08-05 04:49:00+00:00,24635.69921875,24638.25,24627.05078125,24627.94921875,0.0,59.38575297950375,0.06662852212684811,-2.608909204903137,24621.976551572385,24633.9428920573,9.086766583630803
2025-08-05 04:50:00+00:00,24631.19921875,24634.80078125,24627.599609375,24634.80078125,0.0,55.61137650009585,0.7127011935735936,-1.9445871252077909,24622.854900827395,24633.835297025642,9.016255354442889
2025-08-05 04:51:00+00:00,24631.30078125,24632.599609375,24628.69921875,24631.0,0.0,55.67984168809005,1.2188633869482146,-1.3118970227765898,24623.65927039145,24633.735904250127,8.650836445196967
2025-08-05 04:52:00+00:00,24637.099609375,24637.30078125,24629.599609375,24631.30078125,0.0,59.51903936916155,2.0641236066840065,-0.6366928968844707,24624.939302675597,24633.867814255023,8.58300326161147
2025-08-05 04:53:00+00:00,24638.94921875,24640.30078125,24636.900390625,24637.55078125,0.0,60.688755369436386,2.8503889300518495,0.06072346850279331,24626.27358039697,24634.06708501953,8.212816644710651
2025-08-05 04:54:00+00:00,24641.80078125,24644.599609375,24638.5,24639.099609375,0.0,62.4883842408582,3.661400776796654,0.7808589301615655,24627.75236143059,24634.37036722465,8.061873268302747
2025-08-05 04:55:00+00:00,24633.900390625,24644.69921875,24629.849609375,24642.599609375,0.0,54.97886276700915,3.6248529626827803,1.3496577366658085,24628.337888020535,24634.35193676976,8.546711561638265
2025-08-05 04:56:00+00:00,24636.650390625,24636.650390625,24631.44921875,24634.44921875,0.0,56.91957763473895,3.774282989088533,1.8345827871503535,24629.129554935247,24634.44207221506,8.307744441164102
2025-08-05 04:57:00+00:00,24626.55078125,24637.099609375,24626.55078125,24636.75,0.0,48.6287979808459,3.0426791794197925,2.0762020656042415,24628.883957441416,24634.132609824275,8.467821847152381
2025-08-05 04:58:00+00:00,24629.19921875,24632.80078125,24621.0,24626.25,0.0,50.65842639935108,2.6460822723638557,2.1901781069561643,24628.913982327947,24633.93914350764,8.705890375927211
2025-08-05 04:59:00+00:00,24625.19921875,24631.0,24624.099609375,24628.599609375,0.0,47.599598497813446,1.9861150970646122,2.1493655049778537,24628.560195320526,24633.596401360282,8.576926108003839
2025-08-05 05:00:00+00:00,24615.55078125,24626.650390625,24615.55078125,24625.80078125,0.0,41.14586246847146,0.6767370811212459,1.8548398202065322,24627.32120350429,24632.88872998341,8.757117769932137
2025-08-05 05:01:00+00:00,24607.30078125,24615.94921875,24605.349609375,24615.94921875,0.0,36.57896776675836,-1.014960647393309,1.280879726686564,24625.414496622925,24631.885281013474,8.88872431315127
2025-08-05 05:02:00+00:00,24606.69921875,24610.05078125,24604.80078125,24607.599609375,0.0,36.26290819380472,-2.3767862392815005,0.549346533492951,24623.632089206458,24630.89759229726,8.628815433640465
2025-08-05 05:03:00+00:00,24609.25,24609.94921875,24606.349609375,24606.900390625,0.0,38.68226943969,-3.2131766034217435,-0.20315809388998785,24622.26236642489,24630.04866710913,8.269586429451861
2025-08-05 05:04:00+00:00,24613.150390625,24613.55078125,24607.94921875,24609.05078125,0.0,42.28957022189697,-3.520708529984404,-0.8666681811088711,24621.39455920585,24629.38598959995,8.07901329163387
2025-08-05 05:05:00+00:00,24618.05078125,24618.80078125,24609.94921875,24613.400390625,0.0,46.54453232620939,-3.3306159607091104,-1.3594577370289191,24621.076104162436,24628.941471625443,8.134195377945737
2025-08-05 05:06:00+00:00,24616.25,24620.900390625,24614.75,24618.69921875,0.0,45.22495609288114,-3.2873793641520024,-1.7450420624535359,24620.616475194587,24628.44376685582,7.992495038449612
2025-08-05 05:07:00+00:00,24612.44921875,24617.30078125,24610.19921875,24616.650390625,0.0,42.48704738323353,-3.5192377501625742,-2.0998811999953437,24619.838641247483,24627.8165296752,7.928856999988925
2025-08-05 05:08:00+00:00,24625.30078125,24629.150390625,24613.0,24613.349609375,0.0,52.87558707211786,-2.6355920383466582,-2.207023367665607,24620.358845057246,24627.717872874215,8.555450919632573
2025-08-05 05:09:00+00:00,24630.099609375,24633.400390625,24624.5,24624.5,0.0,56.06673040213435,-1.530429285063292,-2.071704551145144,24621.28653689703,24627.811274305615,8.580089470015961
2025-08-05 05:10:00+00:00,24621.80078125,24633.0,24620.55078125,24630.44921875,0.0,49.787750145238064,-1.309135020692338,-1.919190645054583,24621.335512549696,24627.57556869559,8.856455847157678
2025-08-05 05:11:00+00:00,24622.849609375,24623.94921875,24619.30078125,24620.75,0.0,50.54161937538302,-1.0371702050651948,-1.7427865570567054,24621.479712247346,24627.390236957526,8.555883108074987
2025-08-05 05:12:00+00:00,24604.30078125,24622.5,24596.849609375,24622.5,0.0,39.303082296709675,-2.291951351453463,-1.852619515936057,24619.84362358093,24626.48476810625,9.801891457498202
2025-08-05 05:13:00+00:00,24609.400390625,24611.44921875,24604.19921875,24604.19921875,0.0,43.05231034031764,-2.842116443622217,-2.050518901473289,24618.84902996608,24625.81479251875,9.619613496248332
2025-08-05 05:14:00+00:00,24616.0,24618.05078125,24609.75,24609.75,0.0,47.56621547654579,-2.714304113345861,-2.1832759438478035,24618.577693778832,24625.429898694485,9.550383291159164
2025-08-05 05:15:00+00:00,24612.75,24616.75,24608.650390625,24615.849609375,0.0,45.64736198866764,-2.84249326639474,-2.315119408357191,24618.022675323704,24624.93264776529,9.446756582862081
2025-08-05 05:16:00+00:00,24614.19921875,24615.75,24612.80078125,24612.80078125,0.0,46.68028115111399,-2.79492608412329,-2.4110807435104107,24617.6585366024,24624.511728980375,8.986273969800504
2025-08-05 05:17:00+00:00,24608.400390625,24614.5,24605.05078125,24613.94921875,0.0,43.1469316379578,-3.1883919189858716,-2.566542978605503,24616.776808414077,24623.87991178997,9.019341454100468
2025-08-05 05:18:00+00:00,24611.400390625,24612.19921875,24608.0,24608.150390625,0.0,45.44749162659715,-3.2210116822679993,-2.6974367193380027,24616.26476862464,24623.39051880311,8.675046975236148
2025-08-05 05:19:00+00:00,24611.75,24612.94921875,24607.0,24611.25,0.0,45.72313080141181,-3.1819727240726934,-2.794343920284941,24615.83479066039,24622.934027869655,8.480344959147851
2025-08-05 05:20:00+00:00,24619.19921875,24620.849609375,24610.349609375,24611.0,0.0,51.36225883077887,-2.5208851759271056,-2.739652171413374,24616.155212383208,24622.787564766924,8.624606033494434
2025-08-05 05:21:00+00:00,24620.650390625,24622.150390625,24617.099609375,24619.099609375,0.0,52.399784600803876,-1.8584480564277328,-2.563411348416246,24616.58332459671,24622.70375401626,8.369332834673402
2025-08-05 05:22:00+00:00,24624.69921875,24626.400390625,24619.650390625,24620.599609375,0.0,55.26692785309352,-0.9952822798222769,-2.2497855346974522,24617.356266897026,24622.782007535232,8.253666203625302
2025-08-05 05:23:00+00:00,24623.55078125,24627.400390625,24622.19921875,24624.75,0.0,54.26842254137408,-0.3992837963887723,-1.8796851870357163,24617.94622064493,24622.812155524047,8.035630894437782
2025-08-05 05:24:00+00:00,24626.900390625,24629.349609375,24623.75,24623.80078125,0.0,56.7242676029872,0.33942213133195764,-1.4358637233621816,24618.79899873827,24622.972478469183,7.875859268049369
2025-08-05 05:25:00+00:00,24624.5,24627.25,24621.150390625,24626.900390625,0.0,54.466961918330455,0.7228281259158393,-1.0041253535065773,24619.34195123939,24623.032381274315,7.7489842756886995
2025-08-05 05:26:00+00:00,24619.650390625,24624.400390625,24617.400390625,24623.349609375,0.0,50.126845553225806,0.6281166544249572,-0.6776769519202704,24619.371326418972,24622.89975419003,7.702600354210936
2025-08-05 05:27:00+00:00,24620.849609375,24622.599609375,24618.94921875,24619.94921875,0.0,51.16316130755536,0.6424186593285413,-0.4136578296705081,24619.51211527193,24622.819356354146,7.4131568021244405
2025-08-05 05:28:00+00:00,24617.5,24622.150390625,24616.75,24620.900390625,0.0,48.153396077135504,0.3790976171949296,-0.25510674029742064,24619.32048524603,24622.61075414418,7.269387789472694
2025-08-05 05:29:00+00:00,24619.94921875,24621.25,24616.44921875,24617.55078125,0.0,50.44874141524279,0.3638510301389033,-0.13131518621015587,24619.38036462736,24622.506380207156,7.093058750938931
2025-08-05 05:30:00+00:00,24619.25,24622.5,24617.55078125,24620.19921875,0.0,49.77129209753414,0.2919811140091042,-0.04665592616630386,24619.367948948566,24622.378679022564,6.939927322300435
2025-08-05 05:31:00+00:00,24620.0,24623.150390625,24618.30078125,24619.150390625,0.0,50.538523606698256,0.2921744148916332,0.021110142045283553,24619.428144286798,24622.285397492265,6.790618897493261
2025-08-05 05:32:00+00:00,24623.94921875,24623.94921875,24615.25,24620.75,0.0,54.48127273733298,0.6040336316509638,0.1376948399664196,24619.8587228071,24622.350645384726,6.9269474583866
2025-08-05 05:33:00+00:00,24625.55078125,24626.75,24623.94921875,24624.30078125,0.0,56.01263315965946,0.9692441731967847,0.3040047066124926,24620.400823611184,24622.476140908857,6.6322213006447
2025-08-05 05:34:00+00:00,24624.400390625,24625.400390625,24621.55078125,24625.0,0.0,54.59193466764166,1.1525632180164394,0.473716408893282,24620.781734755357,24622.55160168204,6.444205493455792
2025-08-05 05:35:00+00:00,24624.55078125,24624.599609375,24621.349609375,24624.05078125,0.0,54.75350476568875,1.29505159965629,0.6379834470458836,24621.14069156437,24622.630000880785,6.216047958208949
2025-08-05 05:36:00+00:00,24620.400390625,24624.25,24617.55078125,24624.150390625,0.0,49.51706864977732,1.060844081282994,0.7225555738933057,24621.070186713005,24622.54256518448,6.272044532622595
2025-08-05 05:37:00+00:00,24618.0,24622.099609375,24615.80078125,24620.25,0.0,46.733331291408575,0.6737746186699951,0.7127993828486436,24620.777787978433,24622.364425373326,6.273957646363838
2025-08-05 05:38:00+00:00,24613.25,24618.19921875,24612.55078125,24618.099609375,0.0,41.73350863452848,-0.016080653960671043,0.5670233754867807,24620.060855790012,24622.006996927314,6.229277635909278
2025-08-05 05:39:00+00:00,24606.94921875,24614.849609375,24606.150390625,24613.150390625,0.0,36.20086957022948,-1.0590087233576924,0.2418169557178861,24618.812128452868,24621.416495822323,6.405702001201472
2025-08-05 05:40:00+00:00,24611.0,24612.099609375,24604.150390625,24607.44921875,0.0,41.564437006403296,-1.5409098891432222,-0.11472841325433558,24618.068116219263,24621.008005790078,6.515953197544223
2025-08-05 05:41:00+00:00,24616.05078125,24616.05078125,24611.19921875,24611.19921875,0.0,47.491910917946626,-1.49799623112267,-0.39138197682800246,24617.875989079334,24620.813604827723,6.411298058433921
2025-08-05 05:42:00+00:00,24623.400390625,24623.69921875,24615.099609375,24616.05078125,0.0,54.69371428065801,-0.8610096118027286,-0.48530750382294774,24618.402122559874,24620.91504740801,6.567606009617212
2025-08-05 05:43:00+00:00,24629.599609375,24630.19921875,24621.349609375,24623.30078125,0.0,59.71295317448252,0.14239062682827353,-0.3597678776927035,24619.4685498756,24621.255618465537,6.730606250001697
2025-08-05 05:44:00+00:00,24633.599609375,24634.900390625,24629.0,24629.44921875,0.0,62.59263335175794,1.2459960488122306,-0.03861509239171668,24620.81436506602,24621.73969654042,6.671305133930147
2025-08-05 05:45:00+00:00,24628.150390625,24635.05078125,24627.849609375,24635.0,0.0,56.65174922372325,1.661749273458554,0.30145778077833746,24621.513034166877,24621.99109630844,6.709152758292279
2025-08-05 05:46:00+00:00,24635.19921875,24635.19921875,24625.75,24628.55078125,0.0,61.7139131122531,2.5308442226960324,0.7473350691618765,24622.81648031765,24622.509061894383,6.904871757699973
2025-08-05 05:47:00+00:00,24632.75,24635.349609375,24630.19921875,24635.349609375,0.0,59.13005737416101,2.987538265861076,1.1953757085017165,24623.76252981121,24622.91066731029,6.779551676792832
2025-08-05 05:48:00+00:00,24636.599609375,24636.80078125,24631.849609375,24632.80078125,0.0,61.83480317576913,3.6183923151656927,1.6799790298345116,24624.985108817287,24623.44748856773,6.648953119521916
2025-08-05 05:49:00+00:00,24641.94921875,24642.150390625,24634.30078125,24636.30078125,0.0,65.27407384541144,4.498165411456284,2.2436163061588665,24626.600738334688,24624.173046614094,6.734714280627493
2025-08-05 05:50:00+00:00,24636.650390625,24641.650390625,24634.400390625,24640.55078125,0.0,59.549785573461456,4.713486643177021,2.7375903735624973,24627.557848076623,24624.662354222364,6.7928652695112435
2025-08-05 05:51:00+00:00,24636.30078125,24641.55078125,24635.44921875,24636.69921875,0.0,59.1810193464752,4.800581599447469,3.1501886187394916,24628.39050837885,24625.11876312541,6.74348650026044
2025-08-05 05:52:00+00:00,24635.099609375,24637.44921875,24631.75,24636.80078125,0.0,57.85539172573342,4.718290927303315,3.4638090804522563,24629.029470378482,24625.51016886069,6.668895946670409
2025-08-05 05:53:00+00:00,24642.099609375,24642.599609375,24634.349609375,24634.55078125,0.0,63.04977256289586,5.158453039697633,3.802737872301332,24630.27424552101,24626.16073515537,6.781831950479665
2025-08-05 05:54:00+00:00,24644.80078125,24644.80078125,24639.69921875,24641.900390625,0.0,64.85011270682884,5.660001704229217,4.174190638686909,24631.657725114248,24626.89171735516,6.661812704016832
2025-08-05 05:55:00+00:00,24644.25,24646.599609375,24643.650390625,24645.150390625,0.0,64.16361688531454,5.944514527385763,4.52825541642668,24632.85698938908,24627.572434321624,6.396627421587057
2025-08-05 05:56:00+00:00,24639.44921875,24644.25,24637.44921875,24644.05078125,0.0,58.364117099856905,5.716711374279839,4.7659466079973125,24633.48482075679,24628.03819057372,6.425495552187982
2025-08-05 05:57:00+00:00,24642.599609375,24643.25,24638.19921875,24639.900390625,0.0,60.86397641741563,5.724398624704918,4.957637011338834,24634.352895863285,24628.609226605142,6.327301673460269
2025-08-05 05:58:00+00:00,24644.55078125,24644.55078125,24641.25,24642.650390625,0.0,62.37088731056747,5.820835125752637,5.130276634221595,24635.324123042974,24629.23438561082,6.1111216432131075
2025-08-05 05:59:00+00:00,24638.05078125,24644.94921875,24637.650390625,24643.75,0.0,54.80080921954832,5.311537967019831,5.166528900781242,24635.583804776976,24629.580126616278,6.1959578204836
2025-08-05 06:00:00+00:00,24629.30078125,24638.30078125,24629.099609375,24637.099609375,0.0,46.6011717131957,4.153979931350477,4.964019106895089,24634.98542158393,24629.569171896033,6.410615967234771
2025-08-05 06:01:00+00:00,24621.849609375,24629.30078125,24618.25,24629.099609375,0.0,40.97824699317046,2.605326962591789,4.492280678034429,24633.734391849746,24629.266443954035,6.742056344575145
2025-08-05 06:02:00+00:00,24623.900390625,24628.349609375,24621.19921875,24621.19921875,0.0,43.01620958002948,1.5258996142765682,3.899004465282857,24632.79782030453,24629.05601049015,6.771223078891206
2025-08-05 06:03:00+00:00,24621.80078125,24625.69921875,24621.0,24624.19921875,0.0,41.43862277839917,0.49531505089908023,3.218266582406102,24631.75048325172,24628.771491696418,6.62322276968469
2025-08-05 06:04:00+00:00,24620.55078125,24622.150390625,24618.650390625,24621.0,0.0,40.486640081428696,-0.41748271300821216,2.491116723323239,24630.68384496584,24628.4491108946,6.400135428992926
2025-08-05 06:05:00+00:00,24625.19921875,24626.0,24619.349609375,24619.349609375,0.0,45.50077202923316,-0.7570644914194418,1.841480480374703,24630.16149961195,24628.32166414383,6.4180108001362886
2025-08-05 06:06:00+00:00,24627.099609375,24628.69921875,24623.5,24624.650390625,0.0,47.450051677295576,-0.8628929632068321,1.3006057916583962,24629.869891017956,24628.273740427405,6.330954225126554
2025-08-05 06:07:00+00:00,24631.44921875,24632.0,24623.25,24627.099609375,0.0,51.70755551106428,-0.5889960839740525,0.9226854165319065,24630.02030318291,24628.398268989076,6.503743209046086
2025-08-05 06:08:00+00:00,24632.94921875,24634.19921875,24629.599609375,24632.25,0.0,53.118184681904715,-0.24803418618103024,0.6885414959893191,24630.299247522635,24628.576737607153,6.367733649471366
2025-08-05 06:09:00+00:00,24630.94921875,24631.44921875,24628.099609375,24631.44921875,0.0,50.97994467491011,-0.13761635530318017,0.5233099257308194,24630.36114954429,24628.66977608334,6.259296201294839
2025-08-05 06:10:00+00:00,24630.400390625,24631.19921875,24627.55078125,24629.150390625,0.0,50.38061233228971,-0.09331954216395388,0.39998403215186473,24630.364886790074,24628.73764332027,6.072806294059494
2025-08-05 06:11:00+00:00,24634.55078125,24636.099609375,24629.44921875,24629.44921875,0.0,54.71620495751222,0.27353470080925035,0.37469416588334187,24630.763543405305,24628.96560951359,6.114062317698101
2025-08-05 06:12:00+00:00,24633.849609375,24635.400390625,24630.80078125,24634.349609375,0.0,53.85998859502491,0.5019049729235121,0.40013632729137594,24631.057454450038,24629.15713891992,6.00588710750538
2025-08-05 06:13:00+00:00,24629.099609375,24633.849609375,24624.150390625,24633.0,0.0,48.341256689442545,0.2961904570875049,0.37934715325060175,24630.87099301432,24629.154882859337,6.26969651054071
2025-08-05 06:14:00+00:00,24633.650390625,24634.0,24628.55078125,24628.94921875,0.0,53.28037492390549,0.49466801069502253,0.40241132473948593,24631.13569754867,24629.33117728152,6.211090956216373
2025-08-05 06:15:00+00:00,24630.849609375,24634.25,24629.69921875,24632.900390625,0.0,50.10520932837412,0.42110897992461105,0.406150855776511,24631.108451055938,24629.390723638127,6.092497405772347
2025-08-05 06:16:00+00:00,24632.30078125,24632.650390625,24625.099609375,24629.75,0.0,51.710938218374764,0.47444129650102695,0.4198089439214142,24631.222006312517,24629.504843544477,6.196660537502893
2025-08-05 06:17:00+00:00,24634.19921875,24634.349609375,24630.650390625,24631.55078125,0.0,53.80539041156478,0.6622614442858321,0.4682994439942978,24631.50555035418,24629.688936689796,6.018271838395544
2025-08-05 06:18:00+00:00,24633.900390625,24634.5,24631.80078125,24634.05078125,0.0,53.412676869390474,0.7780287017303635,0.5302452955415109,24631.733630379975,24629.854091746078,5.781196617795862
2025-08-05 06:19:00+00:00,24632.150390625,24635.0,24631.30078125,24633.44921875,0.0,51.06222642149894,0.7202619809031603,0.5682486326138408,24631.773321831883,24629.944142682507,5.6324839129533
2025-08-05 06:20:00+00:00,24634.55078125,24634.599609375,24631.19921875,24632.349609375,0.0,54.04918067964255,0.8582791927292419,0.6262547446369211,24632.037841776466,24630.12479517535,5.473048678099493
2025-08-05 06:21:00+00:00,24630.80078125,24634.55078125,24627.5,24634.25,0.0,49.01585558595088,0.6574860772889224,0.6325010111673214,24631.92002648823,24630.15130443318,5.585743861806672
2025-08-05 06:22:00+00:00,24633.30078125,24636.099609375,24630.55078125,24630.55078125,0.0,52.210977530616404,0.6921070144526311,0.6444222118243834,24632.05152694173,24630.274813327957,5.583107023463339
2025-08-05 06:23:00+00:00,24627.75,24634.05078125,24625.94921875,24633.5,0.0,45.406849735571846,0.2685470562282717,0.5692471807051611,24631.641857709186,24630.175801040587,5.762996700358815
2025-08-05 06:24:00+00:00,24628.150390625,24631.25,24625.599609375,24625.94921875,0.0,45.95397761481765,-0.0344222863241157,0.4485132872993058,24631.3093370345,24630.096373181153,5.7549534092617565
2025-08-05 06:25:00+00:00,24624.25,24629.19921875,24620.30078125,24628.5,0.0,41.58211822571264,-0.5825414246646687,0.24230234490651092,24630.637019221693,24629.86710364464,5.979487987171631
2025-08-05 06:26:00+00:00,24623.0,24625.150390625,24621.5,24622.849609375,0.0,40.260197031850794,-1.1050559470168082,-0.027169313478152907,24629.909684057722,24629.597805462497,5.8131238898736575
2025-08-05 06:27:00+00:00,24618.69921875,24624.75,24615.69921875,24624.099609375,0.0,36.01756532575429,-1.8449224565883924,-0.39071994210020083,24628.84202069508,24629.170409905146,6.0443851298826825
2025-08-05 06:28:00+00:00,24620.75,24621.900390625,24618.099609375,24619.599609375,0.0,39.302214221654815,-2.239970107031695,-0.7605699750864997,24628.071352057454,24628.840197752004,5.884127709891062
2025-08-05 06:29:00+00:00,24625.150390625,24627.05078125,24620.599609375,24620.599609375,0.0,45.73904644358693,-2.1729253376361157,-1.043041047596423,24627.793165254363,24628.6954994333,5.9246308645417
2025-08-05 06:30:00+00:00,24621.599609375,24626.5,24619.30078125,24624.69921875,0.0,41.87964705094908,-2.378887907627359,-1.31021041960261,24627.20330278966,24628.417229234936,6.015672856360149
2025-08-05 06:31:00+00:00,24621.69921875,24623.05078125,24619.80078125,24619.80078125,0.0,42.02742722471333,-2.5051987128026667,-1.5492080782426214,24626.679104309696,24628.15377784337,5.818124795191567
2025-08-05 06:32:00+00:00,24626.30078125,24627.400390625,24621.099609375,24621.25,0.0,48.53727059322143,-2.2085346859421406,-1.6810733997825253,24626.64307354211,24628.081111310297,5.852600256249312
2025-08-05 06:33:00+00:00,24622.0,24628.05078125,24621.150390625,24625.75,0.0,43.60842637486709,-2.2940193835747777,-1.803662596540976,24626.20087606191,24627.842636356952,5.92744242544579
2025-08-05 06:34:00+00:00,24624.55078125,24625.150390625,24621.650390625,24621.650390625,0.0,47.04322897832394,-2.1313707776316733,-1.8692042327591156,24626.043724175062,24627.713543999816,5.754053680771091
2025-08-05 06:35:00+00:00,24625.19921875,24625.75,24620.599609375,24624.900390625,0.0,47.911802308908534,-1.927923200011719,-1.8809480262096363,24625.963295086964,24627.61494300963,5.7109348910731565
2025-08-05 06:36:00+00:00,24629.5,24629.69921875,24624.0,24624.099609375,0.0,53.37410867673849,-1.4034740500283078,-1.7854532309733708,24626.3001241263,24627.688866813172,5.710098023853646
2025-08-05 06:37:00+00:00,24628.400390625,24630.25,24626.5,24628.69921875,0.0,51.87621573053639,-1.0643049618593068,-1.641223577150558,24626.50014950713,24627.716769707757,5.570091022149813
2025-08-05 06:38:00+00:00,24631.55078125,24631.55078125,24627.75,24627.94921875,0.0,55.711127854882825,-0.5351321510534035,-1.4200052919311272,24626.98116205407,24627.867123101572,5.4437117527105405
2025-08-05 06:39:00+00:00,24629.5,24631.900390625,24627.44921875,24630.30078125,0.0,52.763524395883664,-0.2780347818916198,-1.1916111899232258,24627.221051382257,24627.931157489747,5.3728160471597874
2025-08-05 06:40:00+00:00,24640.400390625,24640.400390625,24627.849609375,24629.69921875,0.0,63.74386901684144,0.7961100988686667,-0.7940669321648473,24628.47622654823,24628.420147024466,5.88552784736266
2025-08-05 06:41:00+00:00,24656.75,24656.75,24641.44921875,24641.44921875,0.0,73.64113418584367,2.932846464434988,-0.048684252844880316,24631.168966876972,24629.531121650958,6.632962242193898
2025-08-05 06:42:00+00:00,24660.25,24668.69921875,24655.55078125,24655.650390625,0.0,75.20176394961226,4.85270718999891,0.9315940357238778,24633.938589079164,24630.735783547,7.098353332037191
2025-08-05 06:43:00+00:00,24660.75,24663.099609375,24658.44921875,24659.900390625,0.0,75.42560648584711,6.341456109570572,2.013566450493217,24636.492056785908,24631.912811643197,6.923498852963106
2025-08-05 06:44:00+00:00,24658.69921875,24660.94921875,24657.900390625,24659.75,0.0,72.53362679479045,7.271992444169882,3.06525164922855,24638.607024592013,24632.96325898072,6.6467366581085985
2025-08-05 06:45:00+00:00,24657.69921875,24659.80078125,24653.650390625,24658.099609375,0.0,71.10202012512714,7.838401339431584,4.019881587269158,24640.425328797533,24633.93329661873,6.611283370029413
2025-08-05 06:46:00+00:00,24652.94921875,24659.69921875,24651.94921875,24658.099609375,0.0,64.58165681361616,7.813925102509529,4.778690290317233,24641.618080221575,24634.679019055253,6.692620272170169
2025-08-05 06:47:00+00:00,24654.30078125,24655.349609375,24652.19921875,24652.19921875,0.0,65.54973325470186,7.813517935665004,5.385655819386788,24642.825956509994,24635.448499925635,6.439603868800871
2025-08-05 06:48:00+00:00,24653.75,24655.25,24651.849609375,24653.75,0.0,64.77276806092519,7.680219025049155,5.844568460519261,24643.86634160428,24636.166205810903,6.22251720852938
2025-08-05 06:49:00+00:00,24660.69921875,24662.0,24653.349609375,24653.650390625,0.0,69.65927100994055,8.042612325560185,6.284177233527446,24645.469472761015,24637.12828474969,6.395936738277281
2025-08-05 06:50:00+00:00,24658.30078125,24660.400390625,24655.80078125,24659.44921875,0.0,66.2438644170768,8.043556651311519,6.636053117084261,24646.69150214092,24637.958578730097,6.288972506971761
2025-08-05 06:51:00+00:00,24663.05078125,24663.05078125,24654.19921875,24657.349609375,0.0,69.43961046155434,8.33154942332476,6.9751523783323615,24648.249528722736,24638.942586672056,6.472014649330921
2025-08-05 06:52:00+00:00,24664.349609375,24664.55078125,24660.30078125,24662.0,0.0,70.26846742780135,8.56584857463531,7.293291617592952,24649.782869737235,24639.938940503544,6.313299317235855
2025-08-05 06:53:00+00:00,24661.150390625,24665.05078125,24657.44921875,24665.05078125,0.0,65.5523368610029,8.396591444470687,7.513951582968499,24650.865490774166,24640.770762076936,6.405318116004723
2025-08-05 06:54:00+00:00,24661.0,24662.75,24659.900390625,24661.650390625,0.0,65.33036295683499,8.156297957084462,7.6424208577916914,24651.83068212901,24641.5640655249,6.151338920218671
2025-08-05 06:55:00+00:00,24655.30078125,24662.0,24653.94921875,24662.0,0.0,57.39820588039783,7.420446031552274,7.5980258925438084,24652.161167759583,24642.10276025922,6.287013372345909
2025-08-05 06:56:00+00:00,24654.349609375,24656.5,24647.849609375,24656.099609375,0.0,56.17238378245911,6.683483421449637,7.415117398324975,24652.369590770577,24642.583028851994,6.455826033249772
2025-08-05 06:57:00+00:00,24660.25,24661.05078125,24653.94921875,24656.650390625,0.0,61.64458724504395,6.500612441494013,7.232216406958782,24653.120105935282,24643.275851249953,6.501950066589074
2025-08-05 06:58:00+00:00,24655.44921875,24661.30078125,24653.69921875,24660.94921875,0.0,55.565536923644636,5.900288098891906,6.965830745345407,24653.34192620335,24643.753238210742,6.580493811832711
2025-08-05 06:59:00+00:00,24655.849609375,24657.44921875,24653.5,24655.900390625,0.0,55.955647464692696,5.394648756697279,6.651594347615782,24653.58075317208,24644.22760570738,6.392545593130374
2025-08-05 07:00:00+00:00,24653.650390625,24657.80078125,24651.900390625,24657.099609375,0.0,53.19320573589665,4.761578844641917,6.27359124702101,24653.58738531045,24644.59712668454,6.357391666835348
2025-08-05 07:01:00+00:00,24642.69921875,24654.44921875,24642.30078125,24654.44921875,0.0,42.058478007147855,3.337723136115528,5.686417624839914,24652.550417066595,24644.522698922403,6.771037797775681
2025-08-05 07:02:00+00:00,24638.0,24643.849609375,24636.30078125,24643.849609375,0.0,38.34888760876535,1.8092634854328935,4.910986796958509,24651.16466306025,24644.266906807803,6.826594249720275
2025-08-05 07:03:00+00:00,24635.69921875,24639.900390625,24620.94921875,24639.900390625,0.0,36.644698033609885,0.40759587038701284,4.01030861164421,24649.69176360213,24643.93091904083,7.692635508668827
2025-08-05 07:04:00+00:00,24640.69921875,24646.05078125,24634.25,24634.900390625,0.0,42.61308994235331,-0.29636133080202853,3.1489746231549627,24648.835330759073,24643.804185696095,7.986074490192482
2025-08-05 07:05:00+00:00,24643.80078125,24646.05078125,24639.349609375,24641.599609375,0.0,46.01072757794554,-0.5970993222690595,2.3997598340701587,24648.355849853448,24643.804052188407,7.894295731964447
2025-08-05 07:06:00+00:00,24642.94921875,24645.150390625,24639.94921875,24645.0,0.0,45.21912527488503,-0.8938466167528532,1.7410385439055562,24647.840932605497,24643.77052930847,7.701929742181272
2025-08-05 07:07:00+00:00,24639.25,24645.94921875,24635.55078125,24644.05078125,0.0,41.85068617483949,-1.4112490227780654,1.1105810305688322,24647.022748547828,24643.593253649316,7.894537439168324
2025-08-05 07:08:00+00:00,24645.69921875,24646.25,24638.75,24640.400390625,0.0,48.985490051516074,-1.2860710756722256,0.6312506093206207,24646.896698090895,24643.67584051601,7.866356193513444
2025-08-05 07:09:00+00:00,24646.30078125,24647.150390625,24642.44921875,24645.900390625,0.0,49.60660134430177,-1.1253532131231623,0.2799298448318641,24646.839944106046,24643.778779368324,7.6402715993339125
2025-08-05 07:10:00+00:00,24646.75,24648.849609375,24644.69921875,24647.30078125,0.0,50.095230707470904,-0.9507750078446406,0.03378887429656316,24646.83137800071,24643.89529782447,7.39099438688149
2025-08-05 07:11:00+00:00,24646.30078125,24648.0,24644.349609375,24646.25,0.0,49.577533865832855,-0.8389972828153986,-0.1407683571258292,24646.78084497683,24643.989630507825,7.123808403889955
2025-08-05 07:12:00+00:00,24650.650390625,24651.94921875,24645.69921875,24646.69921875,0.0,54.48248558873566,-0.39488353348860983,-0.19159139239838532,24647.149373133798,24644.250836786934,7.061393517897815
2025-08-05 07:13:00+00:00,24651.599609375,24652.099609375,24646.69921875,24651.75,0.0,55.4998415797288,0.033290085309999995,-0.14661509685670826,24647.57320515677,24644.53902394725,6.942750454119399
2025-08-05 07:14:00+00:00,24649.599609375,24651.75,24648.30078125,24651.44921875,0.0,52.82098610451947,0.20883021302870475,-0.07552603487962567,24647.766196034696,24644.73747827775,6.693212475253728
2025-08-05 07:15:00+00:00,24644.650390625,24650.44921875,24643.849609375,24649.94921875,0.0,46.80089533738243,-0.050827652299631154,-0.07058635836362677,24647.469452662343,24644.73406307568,6.686526539521319
2025-08-05 07:16:00+00:00,24649.400390625,24649.400390625,24644.150390625,24645.80078125,0.0,52.40723163546769,0.12523330964904744,-0.03142242476109193,24647.653351515928,24644.91705631291,6.583917500984081
2025-08-05 07:17:00+00:00,24648.349609375,24649.19921875,24644.650390625,24649.19921875,0.0,51.1237175543929,0.17792264383024303,0.010446588957175065,24647.71966178822,24645.051666236912,6.4529233937709325
2025-08-05 07:18:00+00:00,24646.19921875,24648.5,24644.5,24648.30078125,0.0,48.50558922654823,0.045634720256202854,0.017484215216980622,24647.574857689342,24645.09666829625,6.277714579930152
2025-08-05 07:19:00+00:00,24640.349609375,24647.599609375,24639.0,24647.599609375,0.0,42.177868257529454,-0.5251652238075621,-0.09104567258792792,24646.886738802263,24644.910509122867,6.443564208149427
2025-08-05 07:20:00+00:00,24635.349609375,24641.05078125,24633.849609375,24641.05078125,0.0,37.65600337028388,-1.365248767171579,-0.34588629150465816,24645.787964571093,24644.535571877856,6.497679041495897
2025-08-05 07:21:00+00:00,24634.25,24640.0,24633.94921875,24636.19921875,0.0,36.72354245674296,-2.09559361576612,-0.6958277563569506,24644.68911080242,24644.13221611794,6.465757770674762
2025-08-05 07:22:00+00:00,24632.05078125,24635.05078125,24630.69921875,24635.05078125,0.0,34.86407233214496,-2.819355963063572,-1.1205333976982748,24643.48546036886,24643.658434358415,6.314743822769422
2025-08-05 07:23:00+00:00,24632.69921875,24633.349609375,24629.599609375,24632.5,0.0,35.894749406615574,-3.3025496144982753,-1.556936641058275,24642.458199262303,24643.228661197303,6.13154783542875
2025-08-05 07:24:00+00:00,24632.69921875,24635.05078125,24632.0,24633.599609375,0.0,35.894749406615574,-3.643484246083972,-1.9742461620634146,24641.528772546848,24642.815741885646,5.911493079326696
2025-08-05 07:25:00+00:00,24636.599609375,24636.75,24630.0,24634.44921875,0.0,42.267563477052,-3.557934813612519,-2.2909838923732355,24641.059328435244,24642.57197198327,5.971386430803362
2025-08-05 07:26:00+00:00,24635.44921875,24637.150390625,24633.400390625,24637.0,0.0,40.973768477945555,-3.5421316920037498,-2.5412134522993384,24640.525032274745,24642.292648327068,5.812715971460264
2025-08-05 07:27:00+00:00,24636.94921875,24639.900390625,24635.0,24635.80078125,0.0,43.406291808717484,-3.3697260361332155,-2.706915969066114,24640.184478605723,24642.083102069144,5.747549875284531
2025-08-05 07:28:00+00:00,24638.30078125,24639.44921875,24636.400390625,24639.19921875,0.0,45.58240200181924,-3.0884319919496193,-2.7832191736428156,24640.005078857557,24641.93477576251,5.554784035978494
2025-08-05 07:29:00+00:00,24638.5,24639.400390625,24635.55078125,24638.80078125,0.0,45.91253438337419,-2.8169570201025635,-2.7899667429347654,24639.86173801398,24641.800078673787,5.432985845908601
2025-08-05 07:30:00+00:00,24639.55078125,24642.349609375,24637.19921875,24639.099609375,0.0,47.714300705394045,-2.488337873837736,-2.72964096911536,24639.832123084077,24641.71187093168,5.412800472986559
2025-08-05 07:31:00+00:00,24628.099609375,24641.099609375,24628.099609375,24641.099609375,0.0,34.30332551165456,-3.115999400284636,-2.8069126553492154,24638.71474082607,24641.178056752986,5.954743296344661
2025-08-05 07:32:00+00:00,24632.44921875,24635.150390625,24627.80078125,24630.25,0.0,41.07780202068301,-3.2252696557552554,-2.890584055430424,24638.118024437877,24640.83574938032,6.054376587677186
2025-08-05 07:33:00+00:00,24628.80078125,24633.75,24627.94921875,24633.75,0.0,37.57752906649746,-3.5651684923141147,-3.025500942807162,24637.230667943797,24640.363789845796,6.036262634985958
2025-08-05 07:34:00+00:00,24626.44921875,24629.75,24622.19921875,24629.44921875,0.0,35.47906663095108,-3.9784313301606744,-3.2160870202778646,24636.203863258674,24639.81812039106,6.144442536058389
2025-08-05 07:35:00+00:00,24624.5,24627.599609375,24622.400390625,24626.94921875,0.0,33.79442776982695,-4.412367740664195,-3.4553431643551304,24635.08920961499,24639.217409787492,6.076926551339933
2025-08-05 07:36:00+00:00,24625.30078125,24628.400390625,24623.150390625,24625.099609375,0.0,35.15661961087744,-4.638183031052904,-3.6919111376946856,24634.156978342133,24638.671659648768,6.017860369101366
2025-08-05 07:37:00+00:00,24627.05078125,24629.849609375,24624.05078125,24626.0,0.0,38.151514842829634,-4.622645916333568,-3.878058093422462,24633.480197666693,24638.21593892725,6.002215208808411
2025-08-05 07:38:00+00:00,24628.150390625,24629.30078125,24626.25,24628.05078125,0.0,40.02592493800094,-4.470075110879407,-3.9964614969138514,24632.972596996056,24637.821211542847,5.791398497464953
2025-08-05 07:39:00+00:00,24624.05078125,24628.25,24623.150390625,24628.25,0.0,35.68386189640387,-4.6266329187346855,-4.122495781278019,24632.12290025834,24637.28119466862,5.741984988717456
2025-08-05 07:40:00+00:00,24629.650390625,24630.099609375,24623.69921875,24626.400390625,0.0,44.53455333957333,-4.249874522680329,-4.147971529558482,24631.8874231504,24636.981947451222,5.789013962737637
2025-08-05 07:41:00+00:00,24621.69921875,24634.400390625,24619.69921875,24630.80078125,0.0,36.79222792302842,-4.54054334175089,-4.226485891996964,24630.91711796941,24636.382624757058,6.425596670756377
2025-08-05 07:42:00+00:00,24624.44921875,24624.849609375,24617.0,24622.650390625,0.0,40.636216833711856,-4.497158019465132,-4.280620317490598,24630.30112756756,24635.9146480509,6.527311863916636
2025-08-05 07:43:00+00:00,24622.05078125,24625.55078125,24620.80078125,24625.55078125,0.0,38.44047735296149,-4.603245353639068,-4.345145324720292,24629.51538029922,24635.370966999886,6.400361016494019
2025-08-05 07:44:00+00:00,24626.599609375,24628.80078125,24620.099609375,24623.75,0.0,44.559099350766374,-4.271034094330389,-4.330323078642311,24629.23768783025,24635.02699219107,6.5647046492444465
2025-08-05 07:45:00+00:00,24625.849609375,24628.80078125,24623.25,24628.80078125,0.0,43.786341441561326,-4.021910924278927,-4.268640647769635,24628.915013691654,24634.667094825734,6.492281549298414
2025-08-05 07:46:00+00:00,24624.150390625,24626.30078125,24621.94921875,24626.30078125,0.0,42.008798792289916,-3.916445424390986,-4.198201603093905,24628.46124006626,24634.25467505316,6.339373045777099
2025-08-05 07:47:00+00:00,24620.400390625,24624.5,24617.94921875,24624.5,0.0,38.31233348785762,-4.08832920169516,-4.176227122814156,24627.693540119475,24633.711369781468,6.35447363179302
2025-08-05 07:48:00+00:00,24625.349609375,24629.30078125,24618.55078125,24621.099609375,0.0,45.169695731683625,-3.7815958596729615,-4.097300870185917,24627.470308620002,24633.383457608667,6.668439800950661
2025-08-05 07:49:00+00:00,24622.69921875,24626.849609375,24622.400390625,24626.44921875,0.0,42.44838672301311,-3.70960977707,-4.019762651562734,24627.015919108573,24632.964467849506,6.509924011597042
2025-08-05 07:50:00+00:00,24616.80078125,24626.25,24616.80078125,24624.55078125,0.0,37.092530225815715,-4.081466296091094,-4.032103380468406,24626.043048836327,24632.330597786782,6.719873635768683
2025-08-05 07:51:00+00:00,24613.849609375,24617.55078125,24610.25,24617.55078125,0.0,34.731337401661364,-4.561715555482806,-4.138025815471286,24624.88176888763,24631.605853143185,6.761367036785205
2025-08-05 07:52:00+00:00,24613.0,24614.19921875,24610.650390625,24614.19921875,0.0,34.05915317502701,-4.953768964631308,-4.301174445303291,24623.750171850712,24630.876211843453,6.5318999716576895
2025-08-05 07:53:00+00:00,24597.400390625,24614.150390625,24597.0,24614.150390625,0.0,24.632548921397174,-6.448893392425816,-4.730718234727796,24621.240668876835,24629.56343454077,7.290363589753569
2025-08-05 07:54:00+00:00,24603.599609375,24603.94921875,24594.30078125,24598.30078125,0.0,32.61428217325687,-7.052270939646405,-5.195028775711518,24619.560567971897,24628.545245318586,7.458797440485457
2025-08-05 07:55:00+00:00,24601.0,24603.5,24598.05078125,24603.5,0.0,31.125649257535045,-7.652011122630938,-5.686425245095402,24617.792894831717,24627.46503961982,7.322371060807924
2025-08-05 07:56:00+00:00,24603.75,24605.05078125,24599.099609375,24601.150390625,0.0,34.5299785314499,-7.8153174070466775,-6.112203677485658,24616.455476276315,24626.535038066104,7.224428261821644
2025-08-05 07:57:00+00:00,24606.30078125,24607.19921875,24602.25,24604.349609375,0.0,37.61040883202527,-7.650719354587636,-6.419906812906054,24615.488362464286,24625.741537798807,7.061913296691527
2025-08-05 07:58:00+00:00,24604.75,24607.150390625,24603.19921875,24606.599609375,0.0,36.48641957532652,-7.558282127109123,-6.647581875746669,24614.465661277212,24624.91834023807,6.839717480856417
2025-08-05 07:59:00+00:00,24604.650390625,24606.0,24602.900390625,24606.0,0.0,36.41114941315925,-7.407671575641871,-6.799599815725709,24613.53087359605,24624.123518684617,6.572566901866673
2025-08-05 08:00:00+00:00,24599.05078125,24606.75,24599.0,24605.0,0.0,32.36858028408625,-7.651946431891702,-6.970069138958908,24612.15181718214,24623.14027407934,6.656669266019053
2025-08-05 08:01:00+00:00,24599.80078125,24601.650390625,24593.5,24599.849609375,0.0,33.43458693070069,-7.696299137707683,-7.115315138708664,24610.975528045747,24622.224999850736,6.763363648803407
2025-08-05 08:02:00+00:00,24600.849609375,24603.75,24599.80078125,24601.75,0.0,34.97806006866274,-7.559674095111404,-7.204186929989213,24610.01115483901,24621.386749243844,6.562353298888878
2025-08-05 08:03:00+00:00,24605.55078125,24605.80078125,24600.599609375,24602.150390625,0.0,41.52322161986702,-6.991459292847139,-7.161641402560798,24609.586357354343,24620.765730891148,6.465126054325387
2025-08-05 08:04:00+00:00,24611.69921875,24615.0,24605.099609375,24606.5,0.0,48.78438424058487,-5.976128358961432,-6.9245387938409255,24609.78758224917,24620.41018139542,6.710502095087859
2025-08-05 08:05:00+00:00,24613.25,24613.349609375,24609.25,24612.55078125,0.0,50.455433379532295,-4.988828087582078,-6.537396652589157,24610.117336320676,24620.129389968148,6.524009757938726
2025-08-05 08:06:00+00:00,24617.900390625,24617.94921875,24610.30078125,24613.400390625,0.0,55.17823155120594,-3.7874781602840812,-5.987412954128143,24610.858579587755,24620.0419782292,6.604326025228817
2025-08-05 08:07:00+00:00,24616.400390625,24618.650390625,24613.55078125,24618.650390625,0.0,53.409711088115664,-2.9227455601503607,-5.374479475332587,24611.38637111511,24619.899170872177,6.4968462644981875
2025-08-05 08:08:00+00:00,24610.80078125,24618.19921875,24610.44921875,24617.349609375,0.0,47.31326935784709,-2.658633352810284,-4.831310250828126,24611.330600651767,24619.542371279153,6.58635724560546
2025-08-05 08:09:00+00:00,24611.25,24615.099609375,24608.30078125,24610.900390625,0.0,47.827763552536375,-2.385574904292298,-4.34216318152096,24611.322924399217,24619.217180248597,6.601533736990784
2025-08-05 08:10:00+00:00,24610.5,24613.900390625,24610.400390625,24611.849609375,0.0,47.00250822933562,-2.2042832434381125,-3.914587193904391,24611.24455064691,24618.87533004277,6.3799956129200135
2025-08-05 08:11:00+00:00,24610.75,24613.19921875,24610.349609375,24611.099609375,0.0,47.328754292183675,-2.017182560506626,-3.5351062672248377,24611.1974505853,24618.556689648936,6.127825167354298
2025-08-05 08:12:00+00:00,24617.599609375,24617.650390625,24610.30078125,24611.599609375,0.0,55.42512802634755,-1.3011982854404778,-3.0883246708679657,24611.80717999384,24618.519157089173,6.21509546790042
2025-08-05 08:13:00+00:00,24608.650390625,24617.599609375,24608.400390625,24617.599609375,0.0,45.569296263710186,-1.4393112661091436,-2.7585219899162015,24611.506533387284,24618.132146639597,6.428247130907532
2025-08-05 08:14:00+00:00,24609.75,24611.25,24605.849609375,24608.599609375,0.0,46.82061481172636,-1.443398907478695,-2.4954973734287003,24611.339244493258,24617.803435006674,6.354828809056994
2025-08-05 08:15:00+00:00,24607.94921875,24610.599609375,24606.400390625,24609.75,0.0,44.99626705113953,-1.5738045506295748,-2.3111588088688753,24611.01638489866,24617.41699515347,6.200856661981495
2025-08-05 08:16:00+00:00,24615.349609375,24616.400390625,24607.80078125,24608.400390625,0.0,53.0862726600566,-1.067694568191655,-2.062465960733431,24611.429072944025,24617.335921201375,6.372196141482817
2025-08-05 08:17:00+00:00,24616.349609375,24617.30078125,24612.30078125,24617.0,0.0,54.069353552037555,-0.5792301139372285,-1.7658187913741905,24611.897695461263,24617.297242306224,6.274182131376902
2025-08-05 08:18:00+00:00,24617.75,24618.55078125,24615.650390625,24617.19921875,0.0,55.476415802737,-0.07821705731112161,-1.428298444561577,24612.455057798285,24617.314997509904,6.033197023778551
2025-08-05 08:19:00+00:00,24619.25,24619.599609375,24616.900390625,24618.25,0.0,56.99607295354186,0.434864021892281,-1.0556659512708055,24613.10219515083,24617.390879960498,5.795055718508655
2025-08-05 08:20:00+00:00,24619.349609375,24620.55078125,24617.099609375,24619.599609375,0.0,57.10078544184797,0.8398409540750436,-0.6765645702016357,24613.697186981703,24617.467692878716,5.627635443972323
2025-08-05 08:21:00+00:00,24616.69921875,24620.75,24615.849609375,24620.55078125,0.0,53.37656531579449,0.9361325638565177,-0.3540251433900051,24613.98309476916,24617.437556638375,5.575689385474299
2025-08-05 08:22:00+00:00,24622.44921875,24622.900390625,24617.900390625,24618.30078125,0.0,59.54171187099681,1.4595959895959822,0.00869908320719237,24614.789392291146,24617.634092407458,5.620366706154706
2025-08-05 08:23:00+00:00,24625.900390625,24628.0,24622.849609375,24623.75,0.0,62.727460815423086,2.1283904927804542,0.43263736512184475,24615.847582608658,24617.958260965006,5.615396316429369
2025-08-05 08:24:00+00:00,24624.099609375,24626.75,24621.30078125,24626.75,0.0,60.06956714849556,2.4844675623135117,0.8430034045601782,24616.63348991974,24618.199098157555,5.6035264902558435
2025-08-05 08:25:00+00:00,24625.099609375,24628.099609375,24621.099609375,24625.150390625,0.0,61.056391390435856,2.8149043824632827,1.2373836001407992,24617.439787010717,24618.469706440592,5.703274598094711
2025-08-05 08:26:00+00:00,24622.19921875,24625.849609375,24620.849609375,24625.849609375,0.0,56.681022787877716,2.8103447542889626,1.551975830970432,24617.893066223984,24618.615961825275,5.653040698230803
2025-08-05 08:27:00+00:00,24624.0,24625.099609375,24619.900390625,24623.099609375,0.0,58.66175036279791,2.918397740711953,1.825260212918736,24618.474678964558,24618.827100577226,5.620624844785746
2025-08-05 08:28:00+00:00,24627.400390625,24628.25,24622.80078125,24624.349609375,0.0,62.1784732150009,3.241052777189907,2.1084187257729705,24619.324746741746,24619.163308030078,5.608381552301049
2025-08-05 08:29:00+00:00,24623.650390625,24628.150390625,24622.75,24628.05078125,0.0,56.47273284819874,3.1577648111560848,2.3182879428495937,24619.736712825867,24619.33927205341,5.593525057493831
2025-08-05 08:30:00+00:00,24617.5,24629.05078125,24617.5,24624.900390625,0.0,48.59627351652278,2.565895331372303,2.367809420554136,24619.523692556737,24619.26714373759,6.019043356958557
2025-08-05 08:31:00+00:00,24616.94921875,24617.650390625,24614.5,24617.55078125,0.0,47.95128261326785,2.029001988736127,2.300047934190534,24619.278504575144,24619.17624471847,5.814139590390089
2025-08-05 08:32:00+00:00,24613.19921875,24617.94921875,24612.099609375,24617.94921875,0.0,43.6986715913606,1.2860912275427836,2.097256592860984,24618.699524972748,24618.941851543237,5.816673146433653
2025-08-05 08:33:00+00:00,24612.55078125,24615.19921875,24611.19921875,24614.25,0.0,42.98871558134636,0.637655118600378,1.805336298008863,24618.113930332485,24618.69122133566,5.686910778831249
2025-08-05 08:34:00+00:00,24615.75,24616.94921875,24610.900390625,24613.0,0.0,47.51900321954648,0.37756273844570387,1.5197815860962312,24617.888794110342,24618.5758793225,5.712762017843303
2025-08-05 08:35:00+00:00,24611.94921875,24616.94921875,24609.900390625,24616.94921875,0.0,43.1337397852147,-0.1337122772129078,1.1890828134344036,24617.3231202665,24618.316010280443,5.808195311211639
2025-08-05 08:36:00+00:00,24603.900390625,24613.44921875,24603.400390625,24613.44921875,0.0,35.63412542697159,-1.174831843298307,0.7162998820878616,24616.04476506255,24617.750691862584,6.111097655053665
2025-08-05 08:37:00+00:00,24600.150390625,24606.30078125,24599.44921875,24606.30078125,0.0,32.77491154543061,-2.2762807131002774,0.1177837630502338,24614.531015116117,24617.060483970916,6.16398800112126
2025-08-05 08:38:00+00:00,24596.900390625,24601.650390625,24592.349609375,24601.650390625,0.0,30.491441727736927,-3.3725579676429334,-0.5802845830883996,24612.851908021727,24616.269892075,6.3880446617554565
2025-08-05 08:39:00+00:00,24601.599609375,24602.19921875,24594.400390625,24597.19921875,0.0,37.294248124067686,-3.8181644865289854,-1.2278605637765168,24611.78026053156,24615.69458687108,6.488814909130066
2025-08-05 08:40:00+00:00,24600.55078125,24601.849609375,24598.25,24601.69921875,0.0,36.43709787424876,-4.207441757887864,-1.8237768025987862,24610.71078631427,24615.10071214084,6.282443085263632
2025-08-05 08:41:00+00:00,24606.69921875,24606.69921875,24598.349609375,24602.599609375,0.0,44.49127981297878,-3.974009372108412,-2.2538233165007115,24610.328732260532,24614.771241811788,6.430097820244802
2025-08-05 08:42:00+00:00,24605.80078125,24609.80078125,24605.0,24606.849609375,0.0,43.62146704824246,-3.81750312260192,-2.566559277720953,24609.897498830956,24614.41945904466,6.313718065227316
2025-08-05 08:43:00+00:00,24612.5,24614.30078125,24605.44921875,24607.900390625,0.0,51.271371913000515,-3.1169693445299345,-2.6766412910827495,24610.14535608515,24614.344186140952,6.494992667711079
2025-08-05 08:44:00+00:00,24611.650390625,24614.05078125,24609.19921875,24614.05078125,0.0,50.338499290376646,-2.6003721825618413,-2.661387469378568,24610.288692707996,24614.23854710111,6.37760479858886
2025-08-05 08:45:00+00:00,24607.650390625,24612.25,24602.849609375,24612.25,0.0,46.08691829392752,-2.4850852644121915,-2.626127028385293,24610.03742584295,24613.98018802362,6.593518071903942
2025-08-05 08:46:00+00:00,24612.400390625,24612.400390625,24605.849609375,24607.150390625,0.0,51.34247262872533,-1.9875233169805142,-2.4984062861043377,24610.262470107908,24613.91823518446,6.590465441767946
2025-08-05 08:47:00+00:00,24618.75,24618.75,24608.400390625,24613.599609375,0.0,57.33045444805538,-1.068524196431099,-2.21242986816969,24611.07080628811,24614.107716157618,6.858975722713092
2025-08-05 08:48:00+00:00,24615.44921875,24619.19921875,24613.400390625,24618.5,0.0,53.63527632253704,-0.5996439117116097,-1.889872676878074,24611.487797951148,24614.160324102417,6.783250894305014
2025-08-05 08:49:00+00:00,24618.25,24620.599609375,24614.599609375,24614.900390625,0.0,56.21415470861581,-0.002029869134275941,-1.5123041153293144,24612.131817193895,24614.320703549383,6.7273044018546555
2025-08-05 08:50:00+00:00,24617.25,24619.44921875,24613.900390625,24619.44921875,0.0,55.03707990582215,0.3864373137294024,-1.1325558295175713,24612.619263175427,24614.435577919994,6.643127524936466
2025-08-05 08:51:00+00:00,24612.25,24618.19921875,24609.599609375,24618.19921875,0.0,49.46045800750028,0.28752770128267,-0.8485391233575231,24612.58409525396,24614.349868981957,6.782876228512433
2025-08-05 08:52:00+00:00,24609.44921875,24615.400390625,24608.599609375,24612.650390625,0.0,46.611396652931354,-0.016666399078530958,-0.6821645785017247,24612.285535586914,24614.157686619918,6.784155158618688
2025-08-05 08:53:00+00:00,24608.44921875,24610.25,24605.30078125,24610.05078125,0.0,45.60138315703839,-0.3345772594875598,-0.6126471146988918,24611.920172078637,24613.933825134824,6.653088272288782
2025-08-05 08:54:00+00:00,24605.80078125,24608.30078125,24603.25,24608.099609375,0.0,42.94712265063485,-0.7911112411784416,-0.6483399399948018,24611.3373729521,24613.61488223738,6.549240449268154
2025-08-05 08:55:00+00:00,24606.099609375,24609.5,24604.099609375,24607.69921875,0.0,43.34780361106571,-1.1159409064239298,-0.7418601332806275,24610.83853832571,24613.320165654543,6.467179747534715
2025-08-05 08:56:00+00:00,24607.55078125,24609.69921875,24604.69921875,24606.5,0.0,45.3548385540284,-1.2419568090335815,-0.8418794684312183,24610.525418604215,24613.09391528574,6.362381194139378
2025-08-05 08:57:00+00:00,24613.5,24613.5,24607.0,24610.19921875,0.0,52.74585045698388,-0.8519523104077962,-0.843894036826534,24610.80871207048,24613.109840176494,6.372211108843708
2025-08-05 08:58:00+00:00,24620.30078125,24621.650390625,24612.150390625,24612.349609375,0.0,59.49094247181478,0.005828092340379953,-0.6739496109931513,24611.712718659004,24613.391837865653,6.595624601069157
2025-08-05 08:59:00+00:00,24621.25,24622.0,24618.099609375,24619.849609375,0.0,60.3418311990264,0.7535330022728886,-0.3884530883399433,24612.62103116767,24613.70000108661,6.403107888492789
2025-08-05 09:00:00+00:00,24622.55078125,24622.55078125,24617.900390625,24622.349609375,0.0,61.534219811288324,1.4345204473465856,-0.023858381202637557,24613.5667216517,24614.04709050478,6.277913798243304
2025-08-05 09:01:00+00:00,24629.69921875,24631.099609375,24621.55078125,24621.55078125,0.0,67.34490848719605,2.521955534546578,0.4853044019472055,24615.10314994678,24614.66089945557,6.511550535868783
2025-08-05 09:02:00+00:00,24625.150390625,24631.849609375,24621.5,24631.0,0.0,61.02733168770891,2.98232487740097,0.9847084970379584,24616.060030011373,24615.072252050453,6.7856975958067265
2025-08-05 09:03:00+00:00,24600.0,24625.0,24594.599609375,24625.0,0.0,39.15604050350747,1.3027275334570732,1.0483123043217812,24614.530503343623,24614.481183342592,8.483203571106246
2025-08-05 09:04:00+00:00,24614.349609375,24616.599609375,24600.650390625,24600.650390625,0.0,50.136340728048225,1.1166559744269762,1.0619810383428203,24614.51327534661,24614.47602357916,9.062946842812943
2025-08-05 09:05:00+00:00,24615.349609375,24618.849609375,24613.75,24614.69921875,0.0,50.80266090550624,1.0379200694987958,1.0571688445740155,24614.592926206456,24614.51028184566,8.779851309397733
2025-08-05 09:06:00+00:00,24618.400390625,24621.44921875,24613.849609375,24616.900390625,0.0,52.8717349038148,1.207771410998248,1.087289357858862,24614.955541865365,24614.662835131126,8.69554831408361
2025-08-05 09:07:00+00:00,24621.5,24622.69921875,24617.0,24620.400390625,0.0,54.94501436406275,1.5743443334176845,1.1847003529706266,24615.578823592474,24614.930959243633,8.481524773791923
2025-08-05 09:08:00+00:00,24626.349609375,24628.150390625,24618.44921875,24621.849609375,0.0,58.054217981617164,2.2304675209670677,1.393853786569915,24616.60461271462,24615.378749444862,8.568642423878215
2025-08-05 09:09:00+00:00,24627.94921875,24631.25,24625.5,24627.25,0.0,59.057837168743156,2.8467098827713926,1.6844250058102106,24617.685051384655,24615.871709025458,8.367310822172628
2025-08-05 09:10:00+00:00,24622.849609375,24631.69921875,24621.849609375,24629.19921875,0.0,54.57472247986217,2.89027326586438,1.9255946578210446,24618.176914050404,24616.14535217642,8.473189290231726
2025-08-05 09:11:00+00:00,24621.349609375,24626.900390625,24618.30078125,24624.94921875,0.0,53.29323771182671,2.771808414829138,2.0948374092226634,24618.47907550989,24616.349440694015,8.482219296286603
2025-08-05 09:12:00+00:00,24624.099609375,24626.05078125,24619.0,24622.30078125,0.0,55.362647317075854,2.8667797319394595,2.2492258737660227,24619.014364449424,24616.65336887758,8.379973721551846
2025-08-05 09:13:00+00:00,24624.05078125,24626.55078125,24621.650390625,24624.69921875,0.0,55.31578348449991,2.9046224834419263,2.3803051957012036,24619.494023192336,24616.943463480424,8.131432071798143
2025-08-05 09:14:00+00:00,24623.44921875,24623.94921875,24619.75,24623.94921875,0.0,54.701434617745605,2.8531823601661017,2.474880628594183,24619.87070848354,24617.198591138058,7.857814155955418
2025-08-05 09:15:00+00:00,24625.19921875,24629.900390625,24622.400390625,24624.25,0.0,56.22456960657433,2.9199665101878054,2.5638978049129078,24620.378185651774,24617.512341240486,7.832256001958602
2025-08-05 09:16:00+00:00,24627.19921875,24627.849609375,24623.5,24626.900390625,0.0,57.96417271867517,3.098558462366782,2.670829936403683,24621.027807851606,24617.89221878988,7.583495528604416
2025-08-05 09:17:00+00:00,24617.400390625,24627.849609375,24614.44921875,24627.69921875,0.0,47.91710842330122,2.4214968256128486,2.6209633142455164,24620.68233954431,24617.872931410864,7.998988035489815
2025-08-05 09:18:00+00:00,24599.44921875,24617.650390625,24592.650390625,24617.650390625,0.0,35.70664946648408,0.43143770906317513,2.1830581932090483,24618.6601375639,24617.150432875143,9.213346032954828
2025-08-05 09:19:00+00:00,24608.25,24611.55078125,24596.400390625,24596.400390625,0.0,43.330956430621825,-0.43058546155225486,1.6603294622567877,24617.668695891145,24616.801396291805,9.637420646672341
2025-08-05 09:20:00+00:00,24607.849609375,24608.650390625,24603.05078125,24607.94921875,0.0,43.08065463483953,-1.1329927765800676,1.1016650144894167,24616.73354479437,24616.45034582448,9.349005555838602
2025-08-05 09:21:00+00:00,24604.55078125,24608.900390625,24600.80078125,24608.650390625,0.0,40.98026013184119,-1.933554679791996,0.4946210756331342,24615.573281599667,24615.983696233325,9.259762971492988
2025-08-05 09:22:00+00:00,24606.30078125,24610.19921875,24603.25,24605.80078125,0.0,42.57962533994565,-2.3991395933626336,-0.08413105816601935,24614.69018632827,24615.603974077116,9.094724098529202
2025-08-05 09:23:00+00:00,24610.19921875,24610.19921875,24603.44921875,24606.650390625,0.0,46.08471755818542,-2.425587008910952,-0.5524222483150059,24614.262475130337,24615.392022887816,8.927243805777115
2025-08-05 09:24:00+00:00,24605.75,24611.30078125,24602.5,24609.849609375,0.0,42.868471329510115,-2.7735893343851785,-0.9966556655290404,24613.451763213165,24615.0139043432,8.918210766078749
2025-08-05 09:25:00+00:00,24603.25,24608.25,24596.75,24606.5,0.0,41.13144170449934,-3.214063072759018,-1.440137146975036,24612.480166716676,24614.552574761114,9.10262428278741
2025-08-05 09:26:00+00:00,24610.400390625,24610.400390625,24602.55078125,24606.69921875,0.0,47.663477199494906,-2.9521345492830733,-1.7425366274366434,24612.282092803183,24614.38974401068,9.013123217945452
2025-08-05 09:27:00+00:00,24612.599609375,24613.150390625,24606.05078125,24609.849609375,0.0,49.51879451701521,-2.5378410816083488,-1.9015975182709846,24612.312332476693,24614.31954265242,8.876443657735063
2025-08-05 09:28:00+00:00,24611.849609375,24614.400390625,24606.900390625,24613.5,0.0,48.88237549299077,-2.2441599763769773,-1.970110009892183,24612.268263609865,24614.222682523898,8.77812625361113
2025-08-05 09:29:00+00:00,24611.099609375,24611.80078125,24605.650390625,24611.75,0.0,48.21504594061267,-2.0483225295283773,-1.9857525138194219,24612.156963206544,24614.10020906708,8.593918574781764
2025-08-05 09:30:00+00:00,24610.05078125,24616.099609375,24597.900390625,24611.5,0.0,47.24373117809929,-1.9552131263881165,-1.979644636333161,24611.956374448775,24613.941407976217,9.280011444440209
2025-08-05 09:31:00+00:00,24615.94921875,24615.94921875,24607.05078125,24612.150390625,0.0,52.980563603918874,-1.389451905964961,-1.861606090259521,24612.336645334606,24614.020145653623,9.25275616269448
2025-08-05 09:32:00+00:00,24618.30078125,24619.80078125,24613.400390625,24616.80078125,0.0,55.07787358964291,-0.742768449439609,-1.6378385620955387,24612.90465827893,24614.18801371623,9.049015767144875
2025-08-05 09:33:00+00:00,24620.80078125,24620.900390625,24615.400390625,24618.05078125,0.0,57.260516270464926,-0.028212824534421088,-1.3159134145833153,24613.656669990458,24614.44733793324,8.79551464092024
2025-08-05 09:34:00+00:00,24627.30078125,24627.30078125,24618.94921875,24621.349609375,0.0,62.37868232057915,1.0504642357154808,-0.8426378845235561,24614.956109158033,24614.9513945339,8.763803773711652
2025-08-05 09:35:00+00:00,24629.19921875,24631.349609375,24626.099609375,24627.19921875,0.0,63.7442996806863,2.035052795905358,-0.26709974843777334,24616.31259578584,24615.51013273845,8.512817789875106
2025-08-05 09:36:00+00:00,24642.849609375,24642.94921875,24628.94921875,24631.099609375,0.0,71.69909213140095,3.872182654504286,0.5607567321506385,24618.839930413378,24616.58226907714,8.9047593763126
2025-08-05 09:37:00+00:00,24640.44921875,24644.0,24637.44921875,24643.69921875,0.0,68.83881909650685,5.075917819736787,1.4637889496678682,24620.89795787401,24617.51822788784,8.736618081575985
2025-08-05 09:38:00+00:00,24641.25,24642.94921875,24637.650390625,24640.400390625,0.0,69.27911457046064,6.0250499398498505,2.3760411477042647,24622.836247600295,24618.44888561773,8.491061656106272
2025-08-05 09:39:00+00:00,24658.19921875,24658.900390625,24642.05078125,24643.150390625,0.0,76.76304840531819,8.052084863702476,3.511249890903907,24626.20414961455,24620.007722211154,9.145299439598679
2025-08-05 09:40:00+00:00,24656.650390625,24658.599609375,24651.75,24658.25,0.0,74.9658424001457,9.424902747188753,4.6939804621608765,24629.103791615547,24621.444689599935,8.98132157784163
2025-08-05 09:41:00+00:00,24656.80078125,24662.19921875,24655.94921875,24656.650390625,0.0,75.02698148143139,10.405062987843849,5.836196967297472,24631.74160015216,24622.831202997975,8.78622717942437
2025-08-05 09:42:00+00:00,24659.150390625,24659.150390625,24650.0,24658.19921875,0.0,76.01264323817624,11.241851810438675,6.917327935925712,24634.351961149572,24624.255484865702,8.812238854108344
2025-08-05 09:43:00+00:00,24663.55078125,24664.099609375,24657.30078125,24657.30078125,0.0,77.78134602629694,12.12037162944398,7.957936674629366,24637.132801159136,24625.796476880772,8.668423802029176
2025-08-05 09:44:00+00:00,24666.650390625,24671.150390625,24661.69921875,24664.400390625,0.0,78.95828518966496,12.917809026046598,8.949911144912813,24639.944000155883,24627.398591145255,8.72433437866995
2025-08-05 09:45:00+00:00,24653.30078125,24669.30078125,24652.25,24667.5,0.0,63.385322332839465,12.330444312261534,9.626017778382558,24641.2160745458,24628.414363306223,9.319080583764954
2025-08-05 09:46:00+00:00,24652.349609375,24656.94921875,24646.849609375,24653.80078125,0.0,62.44036092907571,11.653863440355053,10.031586910777058,24642.2764111962,24629.353000406958,9.374832640281742
2025-08-05 09:47:00+00:00,24662.55078125,24664.05078125,24652.05078125,24653.349609375,0.0,67.9576471426007,11.80473984765922,10.386217498153492,24644.207303582276,24630.65487416551,9.562344594547332
2025-08-05 09:48:00+00:00,24663.0,24664.849609375,24656.94921875,24662.5,0.0,68.17931672244022,11.82425602321382,10.673825203165558,24645.997084193485,24631.923310472743,9.443633596722522
2025-08-05 09:49:00+00:00,24662.25,24664.0,24658.69921875,24663.0,0.0,67.34168379275482,11.644968057928054,10.868053774118058,24647.54498093696,24633.112592414986,9.147715571956628
2025-08-05 09:50:00+00:00,24667.0,24667.80078125,24661.650390625,24661.650390625,0.0,69.86670350148214,11.750711469077942,11.044585313110035,24649.397839895344,24634.441510359495,8.933620932888298
2025-08-05 09:51:00+00:00,24655.75,24667.099609375,24653.900390625,24667.099609375,0.0,58.35825284174939,10.802211731726857,10.9961105968334,24650.00280752436,24635.27713740422,9.23830649125342
2025-08-05 09:52:00+00:00,24664.150390625,24665.099609375,24655.80078125,24655.80078125,0.0,63.22888219979091,10.606099659937172,10.918108409454156,24651.35019639109,24636.40942184425,9.246256697235319
2025-08-05 09:53:00+00:00,24663.55078125,24664.94921875,24662.0,24663.849609375,0.0,62.66545481491656,10.28375128136031,10.791236983835388,24652.512156853845,24637.47378887977,8.796468272432795
2025-08-05 09:54:00+00:00,24655.69921875,24664.55078125,24654.849609375,24664.5,0.0,55.669998940390826,9.287669916018785,10.490523570272067,24652.81568655824,24638.18851161978,8.861089958330453
2025-08-05 09:55:00+00:00,24656.19921875,24657.80078125,24649.599609375,24657.80078125,0.0,56.0067988647863,8.441307935579971,10.080680443333648,24653.13792771936,24638.894813860185,8.813952952378278
2025-08-05 09:56:00+00:00,24655.349609375,24659.150390625,24652.5,24656.80078125,0.0,55.238814169132176,7.614231471587118,9.587390648984343,24653.348564067517,24639.540099958806,8.659412786136972
2025-08-05 09:57:00+00:00,24658.25,24659.650390625,24654.849609375,24656.5,0.0,57.38701863445829,7.110835414649046,9.092079602117284,24653.81536748966,24640.27382152905,8.383796247841474
2025-08-05 09:58:00+00:00,24651.94921875,24665.55078125,24647.900390625,24659.55078125,0.0,51.59410915294079,6.1327752086181135,8.50021872341745,24653.637639038265,24640.731680243596,9.04569584620994
2025-08-05 09:59:00+00:00,24648.849609375,24656.849609375,24646.400390625,24652.150390625,0.0,48.97499328544286,5.04933725992305,7.810042430718571,24653.18163621319,24641.050030405615,9.145947482194945
2025-08-06 03:45:00+00:00,24643.69921875,24664.5,24643.099609375,24652.0,0.0,44.8966272885496,3.732090187470021,6.9944519820688615,24652.278548835744,24641.15392014461,10.021264849538161
2025-08-06 03:46:00+00:00,24645.900390625,24647.099609375,24634.55078125,24643.69921875,0.0,46.930642116596054,2.8331201214459725,6.162185609944284,24651.671105196627,24641.340056241883,10.201805083499721
2025-08-06 03:47:00+00:00,24647.75,24648.30078125,24640.0,24645.599609375,0.0,48.646023748330805,2.244059762066172,5.378560440368663,24651.297666606475,24641.59142658534,10.06601766682117
2025-08-06 03:48:00+00:00,24654.849609375,24664.650390625,24649.44921875,24649.44921875,0.0,54.698936817936485,2.3233225102740107,4.767512854349732,24651.635946870145,24642.11135532219,10.554187163833943
2025-08-06 03:49:00+00:00,24652.349609375,24659.150390625,24650.150390625,24654.19921875,0.0,52.358650244790105,2.1595161447949067,4.245913512438768,24651.70391472775,24642.512855481124,10.443173794988661
2025-08-06 03:50:00+00:00,24651.349609375,24657.349609375,24645.44921875,24652.099609375,0.0,51.411122539889654,1.9267958738928428,3.7820899847295832,24651.67017136082,24642.85939484951,10.547260711418044
2025-08-06 03:51:00+00:00,24658.0,24661.75,24650.599609375,24653.349609375,0.0,56.98611157759506,2.2530228810355766,3.4762765639907824,24652.2730121836,24643.4531440711,10.590341419531041
2025-08-06 03:52:00+00:00,24659.75,24665.400390625,24656.19921875,24657.19921875,0.0,58.34066174963826,2.6225395062174357,3.3055291524361134,24652.985106261352,24644.09223646047,10.49111502349311
2025-08-06 03:53:00+00:00,24670.849609375,24670.849609375,24659.30078125,24662.05078125,0.0,65.71530493737646,3.767599268041522,3.397943175557195,24654.686487510273,24645.14154520222,10.566665959315031
2025-08-06 03:54:00+00:00,24662.55078125,24671.30078125,24662.55078125,24669.599609375,0.0,57.517089852505826,3.9597754786700534,3.510309636179767,24655.43546786644,24645.82426034135,10.436904105078243
2025-08-06 03:55:00+00:00,24657.150390625,24662.650390625,24651.099609375,24662.44921875,0.0,52.89282566915096,3.6344148476382543,3.5351306784714644,24655.598793843445,24646.268422313256,10.51646675828694
2025-08-06 03:56:00+00:00,24658.650390625,24660.5,24648.69921875,24656.55078125,0.0,53.999099985006254,3.4577429589699022,3.5196531345711524,24655.889422108354,24646.753989698034,10.608203507695015
2025-08-06 03:57:00+00:00,24649.599609375,24660.650390625,24645.94921875,24658.150390625,0.0,46.84980730143114,2.5579206905349565,3.327306645763913,24655.290392324227,24646.865582626542,10.900558391073941
2025-08-06 03:58:00+00:00,24655.25,24660.94921875,24648.849609375,24649.5,0.0,51.194163293010504,2.27452505212932,3.1167503270369945,24655.286545436204,24647.194383307855,10.986204889925803
2025-08-06 03:59:00+00:00,24651.30078125,24661.5,24648.849609375,24655.55078125,0.0,48.22708519659495,1.7115335257149127,2.835706966772578,24654.90694884704,24647.35541852127,11.10507529957396
2025-08-06 04:00:00+00:00,24650.69921875,24659.44921875,24649.650390625,24650.55078125,0.0,47.77288818254952,1.20295075116519,2.5091557236511006,24654.50621264732,24647.486547942008,11.011771929961535
2025-08-06 04:01:00+00:00,24647.55078125,24655.05078125,24645.150390625,24649.94921875,0.0,45.36480590303101,0.5396222155359283,2.1152490220280664,24653.84379060948,24647.48906689526,10.932387551035712
2025-08-06 04:02:00+00:00,24641.400390625,24648.5,24639.94921875,24648.5,0.0,41.015407767602014,-0.4768586210993817,1.5968274934025768,24652.658704896672,24647.25029527682,10.762272815247446
2025-08-06 04:03:00+00:00,24641.69921875,24644.900390625,24639.30078125,24640.400390625,0.0,41.30983561675044,-1.2439743136710604,1.0286671319878495,24651.614944311274,24647.032606001256,10.393511140944057
2025-08-06 04:04:00+00:00,24644.349609375,24648.19921875,24640.44921875,24641.650390625,0.0,43.980695575001974,-1.6193873641022947,0.4990562327698207,24650.923007650676,24646.927390447287,10.204688916590909
2025-08-06 04:05:00+00:00,24636.25,24644.19921875,24630.150390625,24643.849609375,0.0,38.251735376715175,-2.541182526245393,-0.10899151903322202,24649.52557835061,24646.508669253275,10.49001247612013
2025-08-06 04:06:00+00:00,24631.849609375,24636.30078125,24630.5,24636.30078125,0.0,35.542924351981,-3.585455680044106,-0.8042843512353989,24647.842152733887,24645.93380416001,10.15506738854012
2025-08-06 04:07:00+00:00,24623.69921875,24632.900390625,24619.599609375,24631.69921875,0.0,31.14375735045408,-5.012932124704093,-1.6460139059291379,24645.5428256878,24645.061859634126,10.379761235787255
2025-08-06 04:08:00+00:00,24622.80078125,24624.94921875,24620.150390625,24624.400390625,0.0,30.69278724766545,-6.145868146879366,-2.545984754119184,24643.376916693724,24644.188876168082,9.981123156445308
2025-08-06 04:09:00+00:00,24622.150390625,24628.0,24618.44921875,24623.0,0.0,30.35017020642836,-7.015340713864134,-3.4398559460681737,24641.355342782415,24643.32462183306,9.950384448842073
2025-08-06 04:10:00+00:00,24620.44921875,24622.849609375,24617.05078125,24622.849609375,0.0,29.424946156820027,-7.752310530286195,-4.302346862911778,24639.36428335076,24642.427547202355,9.653844711424782
2025-08-06 04:11:00+00:00,24624.900390625,24625.19921875,24618.900390625,24621.0,0.0,35.0078191230303,-7.886283877560345,-5.019134265841491,24637.98676975783,24641.740207728733,9.414200669537296
2025-08-06 04:12:00+00:00,24624.099609375,24625.19921875,24620.25,24625.0,0.0,34.4793857195133,-7.9652565556025365,-5.6083587237937005,24636.664183054705,24641.048419558,9.095273389570346
2025-08-06 04:13:00+00:00,24622.44921875,24624.30078125,24620.80078125,24622.94921875,0.0,33.36167207915972,-8.068012674513739,-6.1002895139377085,24635.310376930447,24640.319039134156,8.695611004601036
2025-08-06 04:14:00+00:00,24621.05078125,24622.5,24619.5,24622.25,0.0,32.40315613524635,-8.16813270870989,-6.513858152892145,24633.952320198976,24639.563421177918,8.288781647129534
2025-08-06 04:15:00+00:00,24622.0,24627.44921875,24618.650390625,24620.849609375,0.0,33.79361873889037,-8.077769043662556,-6.826640331046228,24632.81400398955,24638.8746595631,8.325213538405995
2025-08-06 04:16:00+00:00,24613.94921875,24623.05078125,24613.94921875,24622.25,0.0,28.44859002809686,-8.557144516420522,-7.172741168121087,24631.01735777626,24637.89719129592,8.380667035662709
2025-08-06 04:17:00+00:00,24612.599609375,24615.099609375,24608.19921875,24614.44921875,0.0,27.658814544812586,-8.942867420817493,-7.526766418660369,24629.263286499954,24636.90512925981,8.274933006329658
2025-08-06 04:18:00+00:00,24613.44921875,24613.44921875,24606.349609375,24611.94921875,0.0,28.99518418103358,-9.075383849663922,-7.83648990486108,24627.75718480948,24635.98528963197,8.19098131837754
2025-08-06 04:19:00+00:00,24609.650390625,24613.400390625,24606.94921875,24613.400390625,0.0,26.626685641791326,-9.378824505030934,-8.14495682489505,24626.032728220485,24634.952548494446,8.07019693849343
2025-08-06 04:20:00+00:00,24609.80078125,24610.05078125,24606.5,24609.75,0.0,26.881328408875007,-9.497684746358573,-8.415502409187756,24624.48682850901,24633.96620468094,7.74738153217247
2025-08-06 04:21:00+00:00,24620.05078125,24620.400390625,24607.900390625,24609.44921875,0.0,41.725597587305906,-8.664909325787448,-8.465383792507694,24624.064347817675,24633.420501801294,8.086854279874437
2025-08-06 04:22:00+00:00,24642.55078125,24642.94921875,24618.650390625,24620.0,0.0,60.623422775149585,-6.118832750402362,-7.996073584086628,24625.824960525515,24633.778551975753,9.24485241166912
2025-08-06 04:23:00+00:00,24637.349609375,24643.400390625,24635.599609375,24642.400390625,0.0,56.09485956116393,-4.469221420680697,-7.290703151405442,24626.922546130227,24633.91859344239,9.141704471549897
2025-08-06 04:24:00+00:00,24626.94921875,24637.25,24623.69921875,24637.25,0.0,48.321734956967056,-3.9555203840573085,-6.623666597935816,24626.925086379728,24633.645284630926,9.46375348251062
2025-08-06 04:25:00+00:00,24620.099609375,24628.69921875,24620.099609375,24627.30078125,0.0,43.997571453895006,-4.054378492011892,-6.109808976751031,24626.275040950706,24633.114081679712,9.40202890340272
2025-08-06 04:26:00+00:00,24619.69921875,24621.25,24612.69921875,24620.75,0.0,43.75110862512312,-4.117567674969905,-5.711360716394807,24625.648772169687,24632.588008623647,9.341225499588239
2025-08-06 04:27:00+00:00,24624.94921875,24626.05078125,24618.650390625,24619.150390625,0.0,47.87431071315146,-3.7013476026440912,-5.309358093644663,24625.58214803448,24632.288448236446,9.20259443711765
2025-08-06 04:28:00+00:00,24618.44921875,24625.5,24618.44921875,24624.5,0.0,43.61181860820476,-3.851587174438464,-5.017803909803424,24624.902821435957,24631.745733354626,9.048893495180675
2025-08-06 04:29:00+00:00,24620.099609375,24621.900390625,24617.900390625,24618.400390625,0.0,44.95199123198816,-3.793748416737799,-4.772992811190299,24624.445372668248,24631.289022610326,8.688258245524912
2025-08-06 04:30:00+00:00,24627.19921875,24627.19921875,24619.55078125,24619.94921875,0.0,50.41186745288407,-3.1388489451273927,-4.446164037977718,24624.707643723654,24631.128638145216,8.613985335130275
2025-08-06 04:31:00+00:00,24631.099609375,24641.5,24626.900390625,24626.900390625,0.0,53.16047059828805,-2.278838438076491,-4.012698917997473,24625.316402357115,24631.12749976207,9.041529909406684
2025-08-06 04:32:00+00:00,24622.80078125,24632.0,24619.599609375,24631.900390625,0.0,47.169601349169184,-2.2410861426615156,-3.658376362930282,24625.076819394533,24630.800961781206,9.281448531949064
2025-08-06 04:33:00+00:00,24596.19921875,24623.400390625,24593.19921875,24623.400390625,0.0,33.95881626466169,-4.308030656022311,-3.788307221548688,24622.326571714104,24629.44403068194,10.77571448502413
2025-08-06 04:34:00+00:00,24595.849609375,24595.900390625,24579.80078125,24595.150390625,0.0,33.82473705000919,-5.906226328530465,-4.211891042945044,24619.804956253236,24628.126602395394,11.177337557522407
2025-08-06 04:35:00+00:00,24598.75,24598.75,24590.80078125,24596.44921875,0.0,36.079531563159705,-6.8596963203417545,-4.741452098424386,24617.79972232436,24626.974578772046,10.946757642699378
2025-08-06 04:36:00+00:00,24595.75,24613.80078125,24595.5,24598.25,0.0,34.760232038514104,-7.767860031075543,-5.346733684954617,24615.699748769657,24625.75008548687,11.47204504322085
2025-08-06 04:37:00+00:00,24596.849609375,24597.94921875,24592.400390625,24597.05078125,0.0,35.68849927530012,-8.303143557648582,-5.938015659493411,24613.90449739874,24624.616733482482,11.04895812049079
2025-08-06 04:38:00+00:00,24600.150390625,24603.05078125,24596.25,24596.80078125,0.0,38.51651664296927,-8.364592334219196,-6.423330994438568,24612.594582467907,24623.6572690567,10.745516915455735
2025-08-06 04:39:00+00:00,24603.099609375,24603.25,24598.05078125,24599.05078125,0.0,41.01242644233028,-8.082147659635666,-6.755094327477988,24611.690299316204,24622.851086324088,10.349352760780324
2025-08-06 04:40:00+00:00,24594.400390625,24603.30078125,24592.900390625,24602.55078125,0.0,36.32787163198216,-8.462709622173861,-7.096617386417163,24610.043641345612,24621.73537276726,10.3529983225103
2025-08-06 04:41:00+00:00,24592.19921875,24599.849609375,24592.19921875,24593.349609375,0.0,35.23129287707036,-8.840021627042006,-7.445298234542132,24608.34417252698,24620.577092217565,10.15995491554528
2025-08-06 04:42:00+00:00,24588.650390625,24592.849609375,24585.80078125,24592.849609375,0.0,33.47676968836603,-9.31799285875968,-7.819837159385642,24606.4685742506,24619.32506470413,9.937731573363475
2025-08-06 04:43:00+00:00,24593.599609375,24594.69921875,24586.900390625,24587.80078125,0.0,38.10606605827658,-9.191474318264227,-8.09416459116136,24605.242958548162,24618.316223318678,9.784952755623227
2025-08-06 04:44:00+00:00,24605.400390625,24606.05078125,24591.75,24593.19921875,0.0,47.48922141222715,-8.046231096301199,-8.084577892189326,24605.25795207929,24617.809720075787,10.107511933792996
2025-08-06 04:45:00+00:00,24599.650390625,24606.25,24594.44921875,24605.849609375,0.0,43.989812461052836,-7.515955283121002,-7.970853370375662,24604.72389860745,24617.097589509092,10.228459742093495
2025-08-06 04:46:00+00:00,24615.849609375,24616.94921875,24598.55078125,24598.55078125,0.0,54.223904227001775,-5.722599742501188,-7.521202644800768,24605.783490109123,24617.04864911168,10.81202958194396
2025-08-06 04:47:00+00:00,24620.30078125,24620.30078125,24613.80078125,24615.55078125,0.0,56.57200656541408,-3.897255055493588,-6.796413126939332,24607.166089265396,24617.176183705342,10.504027468947964
2025-08-06 04:48:00+00:00,24624.0,24625.94921875,24619.849609375,24620.55078125,0.0,58.47823276516742,-2.1276341604825575,-5.862657333647977,24608.769318859166,24617.44378434435,10.18942617652311
2025-08-06 04:49:00+00:00,24631.0,24632.25,24622.44921875,24622.5,0.0,61.887383078722515,-0.1585279417631682,-4.721831455271015,24610.886526586863,24617.97540064457,10.161665824628601
2025-08-06 04:50:00+00:00,24633.599609375,24634.80078125,24630.25,24631.099609375,0.0,63.09910228104875,1.5934019283631642,-3.4587847785441794,24613.049677328592,24618.588114712427,9.760888355012272
2025-08-06 04:51:00+00:00,24646.69921875,24649.44921875,24632.69921875,24634.25,0.0,68.52886190203084,3.992821213469142,-1.9684635801415151,24616.2543955592,24619.690510949196,10.260110615368538
2025-08-06 04:52:00+00:00,24641.5,24647.25,24639.75,24646.900390625,0.0,64.47385376689289,5.4124533888243604,-0.4922801863483399,24618.658738839276,24620.54578502962,10.062959857127927
2025-08-06 04:53:00+00:00,24632.5,24641.80078125,24630.05078125,24641.30078125,0.0,58.06843623743857,5.745071721212298,0.7551901951637876,24619.976954187918,24621.014577773556,10.183462724475932
2025-08-06 04:54:00+00:00,24633.19921875,24634.80078125,24631.0,24631.94921875,0.0,58.41410892432825,5.9959773608752585,1.8033476283060819,24621.236217479545,24621.492406831458,9.727556904870509
2025-08-06 04:55:00+00:00,24623.099609375,24632.650390625,24621.849609375,24631.80078125,0.0,51.774857529962375,5.31855878242277,2.5063898591294196,24621.41368337435,24621.555434382186,9.843417795594045
2025-08-06 04:56:00+00:00,24606.650390625,24623.44921875,24606.650390625,24622.599609375,0.0,43.168924388815434,3.415018984120252,2.6881156841275864,24620.007655493457,24620.970922862296,10.340232819123042
2025-08-06 04:57:00+00:00,24608.349609375,24610.19921875,24605.55078125,24606.44921875,0.0,44.20072623526839,2.0202742676847265,2.5545474008390148,24618.897365386936,24620.475969392206,9.933676010614253
2025-08-06 04:58:00+00:00,24606.75,24611.900390625,24606.75,24608.75,0.0,43.40187077677013,0.7768983229798323,2.1990175852671787,24617.740473445323,24619.937696082707,9.592012768784665
2025-08-06 04:59:00+00:00,24602.5,24607.69921875,24602.05078125,24607.099609375,0.0,41.26779545399655,-0.5451415006282332,1.6501857680880965,24616.28899978386,24619.253864863775,9.310328821014332
2025-08-06 05:00:00+00:00,24599.94921875,24603.75,24598.44921875,24602.69921875,0.0,39.9966538789062,-1.7781963738161721,0.9645093397072428,24614.73283016159,24618.49681991814,9.02393256594188
2025-08-06 05:01:00+00:00,24606.099609375,24606.099609375,24597.349609375,24600.5,0.0,44.44046340808979,-2.233371208953031,0.32493322997518814,24613.910618658105,24618.0106547988,9.004365954088888
2025-08-06 05:02:00+00:00,24605.25,24610.5,24603.44921875,24607.0,0.0,43.95617823642141,-2.632313252612221,-0.2665160665422937,24613.085797833523,24617.510236963553,8.86482418951111
2025-08-06 05:03:00+00:00,24603.0,24606.69921875,24602.19921875,24604.94921875,0.0,42.63123162781919,-3.0943639904980955,-0.8320856513334541,24612.1252456589,24616.941208063025,8.553051033117459
2025-08-06 05:04:00+00:00,24591.25,24603.25,24590.44921875,24602.400390625,0.0,36.45193466162589,-4.358428084389743,-1.537354137944712,24610.13712702472,24615.933709707613,8.856460334323355
2025-08-06 05:05:00+00:00,24570.400390625,24591.0,24570.400390625,24591.0,0.0,28.54531615940718,-6.962339696878189,-2.622351249731407,24606.352675939033,24614.14808935143,9.71311383722883
2025-08-06 05:06:00+00:00,24556.099609375,24570.849609375,24544.55078125,24570.349609375,0.0,24.60336503152834,-10.063901547724527,-4.110661309330031,24601.5666695996,24611.871678371965,10.89780771492677
2025-08-06 05:07:00+00:00,24573.650390625,24574.94921875,24555.099609375,24555.099609375,0.0,36.2404225618767,-10.97914949015103,-5.484358945494231,24598.907976363924,24610.37280434267,11.537222119217716
2025-08-06 05:08:00+00:00,24569.69921875,24573.650390625,24568.900390625,24573.05078125,0.0,34.93321681257848,-11.886298774214083,-6.764746911238202,24596.126189924504,24608.777761770412,11.052420539273594
2025-08-06 05:09:00+00:00,24569.099609375,24572.30078125,24568.55078125,24569.5,0.0,34.72849513240804,-12.509403960881173,-7.913678321166796,24593.55222987217,24607.221755794122,10.530819072182624
2025-08-06 05:10:00+00:00,24570.25,24573.150390625,24567.80078125,24569.0,0.0,35.50937361478225,-12.763265422392578,-8.883595741411954,24591.332969884344,24605.771883017886,10.160732665241008
2025-08-06 05:11:00+00:00,24569.75,24572.0,24568.25,24570.0,0.0,35.31163702697191,-12.856595451525209,-9.678195683434605,24589.27744894298,24604.35926015444,9.702823189152365
2025-08-06 05:12:00+00:00,24574.80078125,24577.19921875,24569.150390625,24569.94921875,0.0,39.00651990355432,-12.380292036155879,-10.21861495397886,24587.898718686505,24603.200104118972,9.584680684570055
2025-08-06 05:13:00+00:00,24567.5,24574.849609375,24564.349609375,24574.849609375,0.0,35.82148927550007,-12.448432399767626,-10.664578443136614,24585.955983573505,24601.800100035878,9.650060635672194
2025-08-06 05:14:00+00:00,24564.599609375,24568.650390625,24563.30078125,24567.55078125,0.0,34.61234191236383,-12.591326439352997,-11.049928042379891,24583.922043173647,24600.341257264863,9.34288554562418
2025-08-06 05:15:00+00:00,24555.25,24565.0,24555.150390625,24564.05078125,0.0,30.98185653980913,-13.305627344281675,-11.501067902760248,24581.191372395202,24598.572972666243,9.37908010486531
2025-08-06 05:16:00+00:00,24563.05078125,24565.05078125,24554.94921875,24555.349609375,0.0,36.926301626112256,-13.091349180398538,-11.819124158287908,24579.463697048042,24597.17994555188,9.430685990232073
2025-08-06 05:17:00+00:00,24564.5,24564.5,24561.55078125,24562.849609375,0.0,37.99475845309897,-12.658671069886623,-11.987033540607651,24578.038583043468,24595.89837905965,8.96772404450121
2025-08-06 05:18:00+00:00,24570.19921875,24571.80078125,24563.25,24563.75,0.0,42.14537693440077,-11.72078135573247,-11.933783103632615,24577.29197692028,24594.89056885143,8.937942416322553
2025-08-06 05:19:00+00:00,24564.349609375,24571.80078125,24562.849609375,24570.849609375,0.0,39.241823551912816,-11.319032824911119,-11.810833047888316,24576.059370487397,24593.69288416608,8.938887377656657
2025-08-06 05:20:00+00:00,24561.599609375,24565.69921875,24560.19921875,24564.849609375,0.0,37.91921972121868,-11.094653972279048,-11.667597232766463,24574.682250381455,24592.434324370355,8.693252564966896
2025-08-06 05:21:00+00:00,24561.150390625,24562.55078125,24557.349609375,24561.900390625,0.0,37.69571717737689,-10.828258885772811,-11.499729563367733,24573.39350183322,24591.207503439167,8.44381822996926
2025-08-06 05:22:00+00:00,24566.599609375,24566.599609375,24560.69921875,24561.30078125,0.0,42.150092407625586,-10.06145031217602,-11.21207371312939,24572.746464456246,24590.24248798567,8.262144829614313
2025-08-06 05:23:00+00:00,24566.599609375,24569.400390625,24564.69921875,24566.55078125,0.0,42.15009240762559,-9.346013961785502,-10.838861762860613,24572.161049686605,24589.315316275446,8.007789618570433
2025-08-06 05:24:00+00:00,24563.650390625,24567.19921875,24557.099609375,24566.849609375,0.0,40.33981588225622,-8.914244938408956,-10.453938397970283,24571.350510728356,24588.30884860288,8.15720531545826
2025-08-06 05:25:00+00:00,24557.0,24563.5,24556.099609375,24563.5,0.0,36.529865544650946,-9.00489301908965,-10.164129322194157,24569.983795420892,24587.081050618453,8.11388931078267
2025-08-06 05:26:00+00:00,24554.400390625,24556.94921875,24552.0,24556.94921875,0.0,35.13302581046558,-9.180669978093647,-9.967437453374055,24568.49966163081,24585.799456108907,7.891468645726765
2025-08-06 05:27:00+00:00,24553.5,24558.5,24552.80078125,24554.80078125,0.0,34.63897558744857,-9.285589981835074,-9.831067959066258,24567.071122427875,24584.532810771303,7.734879367460567
2025-08-06 05:28:00+00:00,24555.650390625,24557.599609375,24548.650390625,24553.80078125,0.0,36.92044800227676,-9.090432442240854,-9.682940855701178,24565.983433684745,24583.400166843996,7.821617894784812
2025-08-06 05:29:00+00:00,24556.44921875,24558.400390625,24552.849609375,24555.900390625,0.0,37.78917438144518,-8.770212383384205,-9.500395161237783,24565.07541321477,24582.343266918742,7.659415277300183
2025-08-06 05:30:00+00:00,24563.0,24563.0,24551.25,24556.69921875,0.0,44.53503807765308,-7.896812837178004,-9.179678696425828,24564.877754813362,24581.58470743173,7.951599900350169
2025-08-06 05:31:00+00:00,24554.0,24561.94921875,24553.099609375,24561.400390625,0.0,38.37780218621252,-7.840481992290734,-8.91183935559881,24563.84177816447,24580.502954199117,8.090799237825157
2025-08-06 05:32:00+00:00,24559.94921875,24559.94921875,24552.69921875,24554.349609375,0.0,43.89927050744229,-7.2324163646189845,-8.575954757402844,24563.471058220235,24579.696925357974,8.030742149409075
2025-08-06 05:33:00+00:00,24556.849609375,24560.05078125,24556.25,24559.69921875,0.0,41.79789565990647,-6.920853257586714,-8.244934457439618,24562.840444044497,24578.800952182173,7.72860208516557
2025-08-06 05:34:00+00:00,24561.0,24562.05078125,24556.55078125,24557.0,0.0,45.55595231354008,-6.266795693583845,-7.8493067046684635,24562.66516365931,24578.10287562601,7.569416221939457
2025-08-06 05:35:00+00:00,24559.05078125,24562.30078125,24558.25,24561.0,0.0,44.11526472205383,-5.8384341896671685,-7.447132201668205,24562.320936763183,24577.355734670087,7.31808515251521
2025-08-06 05:36:00+00:00,24554.05078125,24560.5,24553.0,24558.900390625,0.0,40.570937301879745,-5.835148861078778,-7.12473553355032,24561.533302904783,24576.441814928123,7.331079070192695
2025-08-06 05:37:00+00:00,24554.44921875,24555.5,24553.400390625,24554.55078125,0.0,40.97788127956318,-5.734293274737865,-6.84664708178783,24560.858628223377,24575.579360176038,6.957402663393217
2025-08-06 05:38:00+00:00,24555.599609375,24557.599609375,24553.80078125,24554.400390625,0.0,42.20835019940399,-5.498158240996418,-6.576949313629548,24560.357769285438,24574.795840536783,6.7317901963651305
2025-08-06 05:39:00+00:00,24550.0,24554.80078125,24549.650390625,24554.80078125,0.0,38.05011622639841,-5.69718757220835,-6.400996965345309,24559.371315067776,24573.82345463338,6.675892235910479
2025-08-06 05:40:00+00:00,24550.849609375,24551.80078125,24548.19921875,24549.44921875,0.0,39.03155210733651,-5.720421912083111,-6.26488195469287,24558.559724049417,24572.92251952521,6.456297254774016
2025-08-06 05:41:00+00:00,24552.650390625,24553.80078125,24550.44921875,24551.099609375,0.0,41.15932574481351,-5.529783395893901,-6.117862242933077,24557.99693038995,24572.127534078147,6.234530486575872
2025-08-06 05:42:00+00:00,24557.099609375,24558.900390625,24550.0,24551.30078125,0.0,46.1589913065608,-4.962481827413285,-5.88678615982912,24557.911471245665,24571.53820369763,6.424949067891881
2025-08-06 05:43:00+00:00,24555.650390625,24558.400390625,24553.349609375,24557.44921875,0.0,44.823013528976546,-4.577069480859791,-5.6248428240352535,24557.696130234173,24570.915152204587,6.326794223756747
2025-08-06 05:44:00+00:00,24561.099609375,24561.94921875,24555.75,24555.849609375,0.0,50.61136542156781,-3.788252391892456,-5.257524737606694,24558.020271104728,24570.530228956366,6.324796645274122
2025-08-06 05:45:00+00:00,24560.599609375,24561.900390625,24558.94921875,24561.55078125,0.0,50.09210327939413,-3.166948377554945,-4.839409465596345,24558.265922368562,24570.14079289435,6.083823447397399
2025-08-06 05:46:00+00:00,24555.05078125,24560.30078125,24554.849609375,24560.30078125,0.0,44.62078740914332,-3.0867227081689634,-4.488872114110869,24557.959718452512,24569.549027731828,6.059978915440442
2025-08-06 05:47:00+00:00,24556.0,24560.900390625,24554.75,24554.900390625,0.0,45.71315015621063,-2.912970357989252,-4.173691762886546,24557.773078599894,24569.017693310972,6.066436894694696
2025-08-06 05:48:00+00:00,24555.55078125,24557.849609375,24554.5,24556.05078125,0.0,45.25816907837928,-2.779478469867172,-3.894849104282671,24557.56143123324,24568.4895791125,5.8723777861450746
2025-08-06 05:49:00+00:00,24551.25,24555.75,24551.0,24555.75,0.0,41.046075715348785,-2.986298104868183,-3.713138904399774,24556.96034254436,24567.81351718652,5.792207944277569
2025-08-06 05:50:00+00:00,24553.400390625,24555.400390625,24550.30078125,24551.55078125,0.0,43.85947989223116,-2.942763260725769,-3.5590637756649732,24556.62129950442,24567.248296537047,5.7427366179006
2025-08-06 05:51:00+00:00,24560.400390625,24560.94921875,24551.599609375,24552.849609375,0.0,51.905485310317125,-2.316714442546072,-3.3105939090411933,24556.981212944476,24566.979751207164,6.0003703862648425
2025-08-06 05:52:00+00:00,24558.099609375,24560.69921875,24555.400390625,24560.599609375,0.0,49.39944566479575,-1.983357155448175,-3.04514655832259,24557.08772689024,24566.631510351002,5.950260224745925
2025-08-06 05:53:00+00:00,24556.75,24559.349609375,24555.849609375,24558.05078125,0.0,47.93738151114221,-1.8072385797458992,-2.797564962607252,24557.055562424503,24566.24400014116,5.775241637264074
2025-08-06 05:54:00+00:00,24555.5,24557.349609375,24553.69921875,24556.55078125,0.0,46.562801371356294,-1.7483737289294368,-2.5877267158716895,24556.907413622168,24565.82266680229,5.6234665649594975
2025-08-06 05:55:00+00:00,24555.849609375,24559.69921875,24554.849609375,24555.900390625,0.0,47.020376452527394,-1.654440989925206,-2.4010695706823926,24556.806670360533,24565.431566511026,5.568191051390962
2025-08-06 05:56:00+00:00,24555.349609375,24556.150390625,24553.0,24555.599609375,0.0,46.408327418498494,-1.601878975146974,-2.2412314515753087,24556.667902647627,24565.036195642948,5.395491020934465
2025-08-06 05:57:00+00:00,24565.80078125,24566.900390625,24554.55078125,24555.44921875,0.0,58.55272045867957,-0.7087311618561216,-1.9347313936314714,24557.53770060976,24565.066179392245,5.8922137605105736
2025-08-06 05:58:00+00:00,24567.25,24568.349609375,24564.5,24566.30078125,0.0,59.90939220591022,0.1147124230483314,-1.524842630295511,24558.46268150407,24565.151819416078,5.746313447259818
2025-08-06 05:59:00+00:00,24569.400390625,24570.599609375,24565.650390625,24567.05078125,0.0,61.90211860032724,0.9300943992784596,-1.0338552243807169,24559.50436808701,24565.318430051724,5.68937811174126
2025-08-06 06:00:00+00:00,24566.0,24572.75,24564.5,24568.75,0.0,57.0713184209733,1.2870708333684888,-0.5696700128308758,24560.12299969777,24565.345158284992,5.872279675188314
2025-08-06 06:01:00+00:00,24559.94921875,24567.19921875,24559.55078125,24566.400390625,0.0,49.646742618426806,1.06940234630747,-0.24185554100320666,24560.106449131315,24565.133552813033,5.999148091246291
2025-08-06 06:02:00+00:00,24558.099609375,24559.44921875,24554.900390625,24559.19921875,0.0,47.60788959632368,0.7391302499381709,-0.04565838281493115,24559.915321535478,24564.857711893896,5.931268093657271
2025-08-06 06:03:00+00:00,24556.94921875,24559.099609375,24556.69921875,24557.900390625,0.0,46.333391331903556,0.3801778710112558,0.03950886795030623,24559.63283555591,24564.54757490786,5.679062560181751
2025-08-06 06:04:00+00:00,24557.25,24558.5,24556.349609375,24557.400390625,0.0,46.73489839309846,0.11860880922176875,0.055328856204598736,24559.4058988363,24564.26139549971,5.427014564811626
2025-08-06 06:05:00+00:00,24553.650390625,24558.849609375,24553.55078125,24557.099609375,0.0,42.62489953096535,-0.3748242099463823,-0.03070175702559748,24558.85775519713,24563.845277661487,5.417858390539367
2025-08-06 06:06:00+00:00,24556.599609375,24557.44921875,24553.55078125,24554.05078125,0.0,46.756367335654545,-0.5218802168747061,-0.1289374489954192,24558.642693690257,24563.561133807114,5.309328326929412
2025-08-06 06:07:00+00:00,24561.099609375,24562.0,24554.849609375,24556.599609375,0.0,52.38977706651226,-0.27217332524378435,-0.15758462424509223,24558.876685660234,24563.464603437227,5.440832776791597
2025-08-06 06:08:00+00:00,24571.55078125,24578.44921875,24560.80078125,24560.80078125,0.0,62.35248022866371,0.7602793841542734,0.025988177434780907,24560.08374238307,24563.781708449493,6.312804542735054
2025-08-06 06:09:00+00:00,24561.400390625,24572.900390625,24560.400390625,24572.19921875,0.0,51.15611662701203,0.7507991563725227,0.17095037322232928,24560.20913745373,24563.68832343677,6.7547470753968355
2025-08-06 06:10:00+00:00,24566.19921875,24566.650390625,24561.349609375,24561.5,0.0,55.2475648133772,1.1176280117397255,0.36028590092580853,24560.779621386708,24563.786789919643,6.650892373582776
2025-08-06 06:11:00+00:00,24562.75,24565.900390625,24561.099609375,24565.900390625,0.0,51.883485399241216,1.1171416817633144,0.5116570570933097,24560.967276492735,24563.74613149142,6.5400864451125775
2025-08-06 06:12:00+00:00,24558.599609375,24563.55078125,24557.05078125,24561.94921875,0.0,48.08900908667956,0.772944402648136,0.563914526204275,24560.741784386282,24563.5443070947,6.537223127604536
2025-08-06 06:13:00+00:00,24557.099609375,24560.69921875,24556.05078125,24558.349609375,0.0,46.758045955415284,0.3748075668445381,0.5260931343323276,24560.394910575684,24563.29157385079,6.402309868489927
2025-08-06 06:14:00+00:00,24566.400390625,24566.650390625,24554.80078125,24557.400390625,0.0,55.0629982801398,0.8005483499946422,0.5809841774647906,24560.96686105657,24563.413488234095,6.791402690383504
2025-08-06 06:15:00+00:00,24563.44921875,24566.650390625,24560.650390625,24566.0,0.0,52.27655702831445,0.8895617672787921,0.6426996954275909,24561.203276074993,24563.4148894308,6.734873926784682
2025-08-06 06:16:00+00:00,24566.5,24566.5,24560.25,24562.25,0.0,54.82174984891914,1.1925313333304075,0.7526660230081542,24561.707725972614,24563.535874159003,6.70024007487149
2025-08-06 06:17:00+00:00,24571.849609375,24571.849609375,24564.05078125,24566.94921875,0.0,58.95545981864557,1.8430600166102522,0.9707448217285739,24562.673619629983,24563.861902991,6.7787106498806695
2025-08-06 06:18:00+00:00,24577.94921875,24581.099609375,24570.19921875,24572.349609375,0.0,63.10107465326456,2.818308479101688,1.3402575532031968,24564.128438593794,24564.414346746256,7.073116362389193
2025-08-06 06:19:00+00:00,24580.19921875,24580.5,24575.55078125,24577.25,0.0,64.52447656694265,3.7297617362783058,1.8181583898182185,24565.658989084863,24565.033361334637,6.921409390075679
2025-08-06 06:20:00+00:00,24582.900390625,24582.900390625,24579.30078125,24580.650390625,0.0,66.20971023856262,4.616836982084351,2.377894108271445,24567.30102732678,24565.73402914995,6.684137960427416
2025-08-06 06:21:00+00:00,24585.400390625,24590.599609375,24582.69921875,24582.75,0.0,67.73729247604342,5.458655627862754,2.9940464121897072,24569.024776212325,24566.50525901172,6.771013150754029
2025-08-06 06:22:00+00:00,24582.44921875,24585.94921875,24580.349609375,24585.94921875,0.0,64.05590898585183,5.820572130935034,3.5593515559387727,24570.303294549245,24567.130512334792,6.687341452485883
2025-08-06 06:23:00+00:00,24580.599609375,24582.5,24579.150390625,24582.30078125,0.0,61.78934987067045,5.890246453789587,4.025530535508936,24571.28389596122,24567.658712218723,6.448932018379749
2025-08-06 06:24:00+00:00,24588.0,24588.400390625,24580.400390625,24580.400390625,0.0,66.84438572500875,6.4680538340435305,4.514035195215855,24572.875905869674,24568.456409778773,6.5597225884954815
2025-08-06 06:25:00+00:00,24588.94921875,24589.900390625,24585.849609375,24587.19921875,0.0,67.43940158063246,6.922763062630111,4.995780768698706,24574.406697572562,24569.260049346274,6.380512492888662
2025-08-06 06:26:00+00:00,24589.400390625,24589.849609375,24584.650390625,24589.0,0.0,67.73578435964082,7.236115763796988,5.443847767718363,24575.83466833946,24570.049866651323,6.296134368396615
2025-08-06 06:27:00+00:00,24585.0,24588.75,24582.349609375,24588.150390625,0.0,61.824832387245344,7.048128847178305,5.764703983610352,24576.707557069036,24570.63614639049,6.3500377170825715
2025-08-06 06:28:00+00:00,24562.900390625,24583.69921875,24558.30078125,24583.69921875,0.0,42.001330874168765,5.057593291738158,5.623281845235914,24575.392588836272,24570.332783419293,7.803550648005245
2025-08-06 06:29:00+00:00,24580.349609375,24583.30078125,24562.55078125,24562.55078125,0.0,54.42658021777122,4.832380967200152,5.465101669628761,24575.864686030436,24570.725600123442,8.728297030290584
2025-08-06 06:30:00+00:00,24579.099609375,24581.25,24577.30078125,24580.25,0.0,53.54167301261248,4.501147596496594,5.272310855002328,24576.172773968014,24571.05399264311,8.386934295984114
2025-08-06 06:31:00+00:00,24584.19921875,24584.19921875,24577.400390625,24579.099609375,0.0,56.639069880289306,4.597145588435524,5.137277801688967,24576.937197280582,24571.569491706123,8.27349814091382
2025-08-06 06:32:00+00:00,24596.0,24596.0,24582.69921875,24583.849609375,0.0,62.81691773416849,5.561341430115135,5.222090527374201,24578.75270230148,24572.527550854902,8.632589791562832
2025-08-06 06:33:00+00:00,24598.94921875,24599.650390625,24594.599609375,24595.349609375,0.0,64.19008310234221,6.488653725675249,5.475403167034411,24580.676180058483,24573.563694693927,8.376746324308344
2025-08-06 06:34:00+00:00,24594.349609375,24600.099609375,24593.19921875,24599.19921875,0.0,60.44114081447558,6.774315275179106,5.7351855886633505,24581.978411421962,24574.37882860299,8.27129234578632
2025-08-06 06:35:00+00:00,24592.349609375,24598.099609375,24591.099609375,24594.19921875,0.0,58.832165504874446,6.76137984786692,5.9404244405040645,24582.96614456035,24575.083565103854,8.180485749658725
2025-08-06 06:36:00+00:00,24594.19921875,24595.0,24590.30078125,24591.44921875,0.0,59.895439503602724,6.821739678627637,6.11668748812878,24584.03596114984,24575.833198580174,7.931823821111673
2025-08-06 06:37:00+00:00,24599.25,24599.349609375,24593.19921875,24593.75,0.0,62.72650860992448,7.1942008459918725,6.3321901597013985,24585.484917230806,24576.751504518204,7.8045785928179825
2025-08-06 06:38:00+00:00,24589.099609375,24599.05078125,24588.150390625,24599.05078125,0.0,54.41326719567132,6.594312185425224,6.384614564846164,24585.829173625494,24577.235743924357,8.039937934402413
2025-08-06 06:39:00+00:00,24593.19921875,24594.44921875,24587.44921875,24588.55078125,0.0,56.89789944693161,6.37619945636834,6.382931543150599,24586.53108268497,24577.861762544973,7.96565665337367
2025-08-06 06:40:00+00:00,24590.099609375,24593.650390625,24588.849609375,24593.05078125,0.0,54.48015093664731,5.885387887094112,6.283422811939302,24586.870942369736,24578.341678106935,7.739594124561265
2025-08-06 06:41:00+00:00,24588.69921875,24591.55078125,24584.80078125,24589.44921875,0.0,53.37659918838254,5.3220668882386235,6.091151627199167,24587.045063929763,24578.74785617137,7.668908829949745
2025-08-06 06:42:00+00:00,24587.599609375,24589.150390625,24585.849609375,24588.44921875,0.0,52.47771601944217,4.732350065623905,5.819391314884115,24587.09787778169,24579.094983747982,7.356899717096192
2025-08-06 06:43:00+00:00,24589.5,24592.650390625,24587.44921875,24587.599609375,0.0,53.9219435838214,4.367989413251053,5.529110934557503,24587.32665132629,24579.503023601002,7.2029191569464635
2025-08-06 06:44:00+00:00,24587.94921875,24590.30078125,24585.80078125,24589.349609375,0.0,52.519292860819476,3.9090349629514094,5.205095740236285,24587.385943461883,24579.83424694018,7.009853502878859
2025-08-06 06:45:00+00:00,24587.599609375,24589.150390625,24586.19921875,24587.900390625,0.0,52.18969380191914,3.477018791487353,4.859480350486499,24587.406292596464,24580.138770957234,6.719947672316083
2025-08-06 06:46:00+00:00,24594.349609375,24595.05078125,24586.599609375,24586.849609375,0.0,57.708279966393526,3.6373819757682213,4.615060675542844,24588.067560861087,24580.696058738326,6.843606543936363
2025-08-06 06:47:00+00:00,24597.25,24597.25,24591.19921875,24594.25,0.0,59.85265403329126,3.9529411930707283,4.482636779048421,24588.942078874315,24581.34523290545,6.786976165798051
2025-08-06 06:48:00+00:00,24602.75,24603.05078125,24596.44921875,24596.900390625,0.0,63.619711274799926,4.5938728739383805,4.504883998026413,24590.25711898152,24582.184635536607,6.7737323325267615
2025-08-06 06:49:00+00:00,24607.25,24607.900390625,24601.55078125,24602.80078125,0.0,66.39780878637325,5.402649856114294,4.6844371696439895,24591.875488602327,24583.16759100576,6.743437835560564
2025-08-06 06:50:00+00:00,24611.25,24611.69921875,24606.30078125,24606.69921875,0.0,68.6867844363226,6.293826695644384,5.006315074844069,24593.720680164013,24584.26886194671,6.647366383020524
2025-08-06 06:51:00+00:00,24624.75,24633.599609375,24610.44921875,24611.19921875,0.0,74.90102452807777,7.997240724387666,5.604500204752789,24596.675853481727,24585.856357556644,7.8261538288762
2025-08-06 06:52:00+00:00,24617.0,24624.849609375,24615.05078125,24624.849609375,0.0,66.71561400452862,8.62245410047035,6.208090983896302,24598.611486483467,24587.07767686815,7.967059135742185
2025-08-06 06:53:00+00:00,24615.05078125,24619.349609375,24614.0,24616.900390625,0.0,64.79758535078204,8.858538821328693,6.73818055138278,24600.177133604087,24588.17466135371,7.780098438546315
2025-08-06 06:54:00+00:00,24612.69921875,24615.599609375,24610.0,24614.69921875,0.0,62.464443687381525,8.754964442268829,7.14153732955999,24601.369713141794,24589.136408702587,7.624349219721579
2025-08-06 06:55:00+00:00,24612.44921875,24614.55078125,24612.150390625,24612.150390625,0.0,62.207997248637305,8.554101729991089,7.42405020964621,24602.4249041521,24590.050636547585,7.251209320098609
2025-08-06 06:56:00+00:00,24612.55078125,24615.099609375,24606.099609375,24612.400390625,0.0,62.27575553342779,8.307349870170583,7.600710141751085,24603.389273399516,24590.932995163366,7.376122940091565
2025-08-06 06:57:00+00:00,24610.400390625,24617.599609375,24609.900390625,24612.44921875,0.0,59.82979919562629,7.847813977205078,7.650130908841884,24604.056998849563,24591.696422436373,7.399201212227881
2025-08-06 06:58:00+00:00,24610.19921875,24613.30078125,24608.349609375,24609.900390625,0.0,59.5939867489678,7.3822970570472535,7.596564138482958,24604.641972173413,24592.42202229181,7.224341973854462
2025-08-06 06:59:00+00:00,24616.5,24616.5,24608.900390625,24609.849609375,0.0,64.33530892892837,7.4360735064183245,7.5644660120700316,24605.771308156898,24593.36625671174,7.251146788222001
2025-08-06 07:00:00+00:00,24615.900390625,24618.599609375,24613.75,24615.599609375,0.0,63.570822132314774,7.345632386903162,7.520699287036658,24606.73598267767,24594.24994823775,7.079608401563286
2025-08-06 07:01:00+00:00,24616.349609375,24616.349609375,24612.900390625,24615.44921875,0.0,63.91676170827412,7.226898163502483,7.461939062329823,24607.651566172655,24595.116601615682,6.820294855023051
2025-08-06 07:02:00+00:00,24617.30078125,24618.44921875,24614.94921875,24615.94921875,0.0,64.68154498787545,7.127391919661022,7.395029633796063,24608.570539037162,24595.986569444478,6.583130936807119
2025-08-06 07:03:00+00:00,24621.25,24621.69921875,24616.849609375,24617.599609375,0.0,67.73891962564133,7.28324474092733,7.372672655222317,24609.778106747908,24596.977292211363,6.45930796810661
2025-08-06 07:04:00+00:00,24620.19921875,24623.30078125,24619.55078125,24621.349609375,0.0,66.09934965451907,7.238528706406214,7.345843865459097,24610.77059360525,24597.88795599719,6.26578597038471
2025-08-06 07:05:00+00:00,24619.5,24622.30078125,24619.5,24620.349609375,0.0,64.97239612614197,7.065226286696998,7.289720349706678,24611.601965642847,24598.735487134556,6.018285633214374
2025-08-06 07:06:00+00:00,24613.30078125,24619.25,24612.599609375,24619.25,0.0,55.87648013235402,6.35440806571205,7.102657892907753,24611.763757605433,24599.306675139083,6.081293132627633
2025-08-06 07:07:00+00:00,24608.69921875,24612.900390625,24607.099609375,24612.900390625,0.0,50.252680529361996,5.3580080855572305,6.753727931437648,24611.471896762057,24599.675010182647,6.089855899939946
2025-08-06 07:08:00+00:00,24600.94921875,24608.5,24599.849609375,24608.30078125,0.0,42.49518428564017,3.898059291012032,6.182594203352526,24610.46973695139,24599.724979146074,6.286981148158522
2025-08-06 07:09:00+00:00,24597.69921875,24603.25,24596.80078125,24601.400390625,0.0,39.725692031356424,2.4505431780089566,5.436183998283812,24609.253497122685,24599.645537561915,6.298569548290056
2025-08-06 07:10:00+00:00,24599.05078125,24600.099609375,24596.099609375,24597.80078125,0.0,41.43506013338217,1.3963398908636009,4.62821517679977,24608.281809896715,24599.622213784976,6.13438600912648
2025-08-06 07:11:00+00:00,24598.55078125,24602.19921875,24595.55078125,24599.25,0.0,40.97213526187084,0.5145983993315895,3.805491821306134,24607.355045263696,24599.580196822822,6.171103972760302
2025-08-06 07:12:00+00:00,24599.5,24600.5,24596.80078125,24598.44921875,0.0,42.290307879861324,-0.10636792195145972,3.0231198726546156,24606.60694571477,24599.57705184938,5.994540742563138
2025-08-06 07:13:00+00:00,24599.25,24600.94921875,24597.55078125,24599.25,0.0,42.02412977709353,-0.6116108469213941,2.296173728739414,24605.906284218127,24599.56422628666,5.809104796665771
2025-08-06 07:14:00+00:00,24600.099609375,24603.30078125,24598.400390625,24599.19921875,0.0,43.329555212210025,-0.9327114123880165,1.6503967005139282,24605.3532675664,24599.58522170189,5.744196641546787
2025-08-06 07:15:00+00:00,24605.55078125,24606.650390625,24599.400390625,24600.599609375,0.0,50.95940195807464,-0.7388054219409241,1.1725562760229578,24605.37207839341,24599.819165213583,5.851754024293444
2025-08-06 07:16:00+00:00,24606.75,24608.599609375,24604.55078125,24605.55078125,0.0,52.475306100696145,-0.48280116535534034,0.8414847877472982,24605.50330902261,24600.090962656188,5.72297360291534
2025-08-06 07:17:00+00:00,24609.30078125,24610.650390625,24605.80078125,24606.69921875,0.0,55.61786658930762,-0.07324489691745839,0.6585388508143469,24605.864973044267,24600.452132012808,5.66059044377853
2025-08-06 07:18:00+00:00,24608.5,24609.5,24606.75,24608.75,0.0,54.4016751188914,0.18458723530056886,0.5637485277115913,24606.115927992432,24600.76773467897,5.452691126365778
2025-08-06 07:19:00+00:00,24603.94921875,24608.400390625,24603.55078125,24607.849609375,0.0,47.98057002423959,0.021463623954332434,0.4552915469601396,24605.90957473125,24600.89249876019,5.416728813768223
2025-08-06 07:20:00+00:00,24598.0,24603.94921875,24596.80078125,24603.099609375,0.0,41.14367046429867,-0.5811659276587307,0.24800005203636558,24605.156281899704,24600.779067436262,5.540422291356207
2025-08-06 07:21:00+00:00,24590.900390625,24598.849609375,24590.75,24598.349609375,0.0,34.77535500556992,-1.6130392196282628,-0.12420780229656009,24603.79857796878,24600.391668345626,5.723221368759335
2025-08-06 07:22:00+00:00,24587.30078125,24590.75,24584.55078125,24590.75,0.0,32.06539010055093,-2.690253068383754,-0.6374168555139988,24602.22735923366,24599.87830022423,5.767963369205097
2025-08-06 07:23:00+00:00,24584.94921875,24589.05078125,24583.44921875,24587.69921875,0.0,30.39877972968057,-3.691154909225588,-1.2481644662563167,24600.58182204474,24599.29284604877,5.756077592833305
2025-08-06 07:24:00+00:00,24589.599609375,24590.5,24583.25,24584.900390625,0.0,37.335248938744,-4.062301487843797,-1.810991870573813,24599.535897028574,24598.912719120388,5.862786336202355
2025-08-06 07:25:00+00:00,24596.30078125,24596.5,24588.80078125,24589.44921875,0.0,45.728654423259286,-3.7722253928805003,-2.203238575035151,24599.227790763947,24598.810290184294,5.993960080045044
2025-08-06 07:26:00+00:00,24597.0,24597.0,24593.19921875,24596.05078125,0.0,46.53337416381001,-3.446191339644429,-2.451829127957007,24599.015620215,24598.73929841236,5.837304449327541
2025-08-06 07:27:00+00:00,24601.19921875,24605.0,24595.25,24596.55078125,0.0,51.21208732053742,-2.8164983054630284,-2.5247629634582114,24599.223581980237,24598.835765876585,6.116782702947002
2025-08-06 07:28:00+00:00,24603.30078125,24604.19921875,24599.30078125,24601.0,0.0,53.409441451026105,-2.1234062039729906,-2.4444916115611672,24599.611886672596,24599.01086451868,6.029758045593645
2025-08-06 07:29:00+00:00,24608.0,24608.150390625,24600.94921875,24602.55078125,0.0,57.96807925934378,-1.1813205124490196,-2.1918573917387376,24600.410754608536,24599.363379635597,6.113430461979813
2025-08-06 07:30:00+00:00,24606.75,24612.5,24605.650390625,24609.0,0.0,56.38759640758223,-0.5294719448720571,-1.8593803023654016,24601.014492264865,24599.653051022437,6.166014670052683
2025-08-06 07:31:00+00:00,24608.349609375,24609.25,24604.849609375,24606.900390625,0.0,57.96695357697782,0.11487365730499732,-1.464529510431322,24601.713074846783,24599.99409252646,6.039898666834634
2025-08-06 07:32:00+00:00,24610.69921875,24612.099609375,24607.44921875,24608.55078125,0.0,60.24433495726405,0.8058269577813917,-1.0104582167887795,24602.56889807566,24600.413901397973,5.940648092417874
2025-08-06 07:33:00+00:00,24615.5,24616.099609375,24609.69921875,24610.80078125,0.0,64.47910413273218,1.7209572278698033,-0.4641751278570629,24603.800431592263,24601.005513107855,5.973486844745168
2025-08-06 07:34:00+00:00,24612.599609375,24616.349609375,24610.80078125,24615.150390625,0.0,60.300053110369305,2.1869573927215242,0.06605137625865454,24604.638448523954,24601.460183549705,5.943154079049085
2025-08-06 07:35:00+00:00,24607.650390625,24612.349609375,24606.55078125,24612.349609375,0.0,53.88247642914376,2.132325172675337,0.47930613554199103,24604.925300152627,24601.702936768346,5.9507022251884365
2025-08-06 07:36:00+00:00,24606.25,24608.599609375,24604.599609375,24607.599609375,0.0,52.18994236659203,1.9535100766515825,0.7741469237639094,24605.051462042855,24601.88125297351,5.811366351960691
2025-08-06 07:37:00+00:00,24607.80078125,24608.30078125,24605.19921875,24605.5,0.0,53.91627115454793,1.9148596016893862,1.0022894593490048,24605.313301967348,24602.113391337294,5.6178089339635
2025-08-06 07:38:00+00:00,24605.80078125,24609.5,24605.80078125,24607.599609375,0.0,51.34150959132854,1.7032119691466505,1.142473961308534,24605.359728565698,24602.25799486328,5.480766777966108
2025-08-06 07:39:00+00:00,24608.05078125,24609.19921875,24604.400390625,24605.75,0.0,54.00276235384886,1.6974685309032793,1.253472875227483,24605.616019297537,24602.48516295688,5.432056874182814
2025-08-06 07:40:00+00:00,24611.94921875,24612.400390625,24607.05078125,24608.25,0.0,58.26217796498663,1.9846107826342632,1.3997004567088391,24606.219181150154,24602.85630239975,5.4261677670983275
2025-08-06 07:41:00+00:00,24612.25,24615.94921875,24610.44921875,24611.599609375,0.0,58.58086482793319,2.2109570820502995,1.5619517817771313,24606.79354485014,24603.224682697797,5.431441498019875
2025-08-06 07:42:00+00:00,24614.44921875,24615.400390625,24608.94921875,24612.19921875,0.0,60.92985782926741,2.5385340877801355,1.7572682429777322,24607.52265665013,24603.664860582197,5.504279382089884
2025-08-06 07:43:00+00:00,24616.94921875,24620.69921875,24612.69921875,24614.349609375,0.0,63.46633086578884,2.965683775029902,1.9989513493881663,24608.420424469165,24604.185815804463,5.682545140512035
2025-08-06 07:44:00+00:00,24618.099609375,24620.25,24615.80078125,24616.30078125,0.0,64.6050498776323,3.358317297519534,2.27082453901444,24609.342251603055,24604.731454768014,5.594450398332604
2025-08-06 07:45:00+00:00,24614.0,24618.30078125,24611.150390625,24617.400390625,0.0,57.70263934780019,3.3006303658803517,2.4767857043876225,24609.78584668848,24605.094927130052,5.705588985951705
2025-08-06 07:46:00+00:00,24615.94921875,24617.650390625,24613.349609375,24614.30078125,0.0,59.89654954315707,3.3733132642737473,2.656091216364848,24610.37283450386,24605.520585624956,5.605245576240868
2025-08-06 07:47:00+00:00,24618.0,24619.55078125,24613.599609375,24616.349609375,0.0,62.12257180249846,3.55541132410508,2.8359552379128945,24611.09923121778,24606.009974423978,5.629954597580806
2025-08-06 07:48:00+00:00,24617.5,24619.30078125,24613.849609375,24617.349609375,0.0,61.23019402321174,3.6176771963473584,2.9922996295997875,24611.708828244657,24606.460563662255,5.617184403110748
2025-08-06 07:49:00+00:00,24616.900390625,24619.30078125,24615.75,24617.55078125,0.0,60.11496260540755,3.5774018219344725,3.109320068066725,24612.203262757073,24606.869968641186,5.469584177888551
2025-08-06 07:50:00+00:00,24614.650390625,24618.099609375,24611.599609375,24617.05078125,0.0,55.99363790849905,3.3255917499955103,3.1525744044524826,24612.436322554022,24607.175083228787,5.543185308039369
2025-08-06 07:51:00+00:00,24617.599609375,24618.650390625,24612.69921875,24615.0,0.0,59.87658352198509,3.3256714885028487,3.187193821262556,24612.928064156018,24607.583888175697,5.572327205679414
2025-08-06 07:52:00+00:00,24615.69921875,24617.80078125,24614.69921875,24617.55078125,0.0,56.42185611617917,3.136236458973144,3.177002348804674,24613.191983641158,24607.902136433513,5.395844012416599
2025-08-06 07:53:00+00:00,24611.94921875,24616.400390625,24611.19921875,24615.44921875,0.0,50.259484623840684,2.6529328152246308,3.0721884420886654,24613.073625080095,24608.060845543965,5.381938859743984
2025-08-06 07:54:00+00:00,24609.849609375,24612.849609375,24607.650390625,24611.69921875,0.0,47.154123563991206,2.0765530551325355,2.8730613646974397,24612.766575965325,24608.130993145183,5.3688874233337005
2025-08-06 07:55:00+00:00,24613.19921875,24614.0,24608.0,24609.900390625,0.0,52.225549801602064,1.8685143550028442,2.6721519627585204,24612.807780040053,24608.329747090473,5.413966893095579
2025-08-06 07:56:00+00:00,24614.75,24614.80078125,24611.349609375,24613.55078125,0.0,54.40706201347801,1.8079365061275894,2.4993088714323344,24612.992753369574,24608.581521714375,5.273767248945894
2025-08-06 07:57:00+00:00,24613.05078125,24615.400390625,24611.80078125,24614.44921875,0.0,51.625372929922534,1.6043217498154263,2.3203114471089528,24612.998279834377,24608.7567867942,5.154184543664044
2025-08-06 07:58:00+00:00,24614.19921875,24615.30078125,24610.900390625,24613.599609375,0.0,53.360957167591245,1.5181248980043165,2.1598741372880257,24613.1126549692,24608.97021549835,5.100342120902327
2025-08-06 07:59:00+00:00,24620.25,24622.25,24613.44921875,24614.44921875,0.0,61.24946016776953,1.915974587918754,2.1110942274141715,24613.792402114992,24609.41255998861,5.36465920155216
2025-08-06 08:00:00+00:00,24625.30078125,24625.44921875,24619.69921875,24620.44921875,0.0,66.36373969680716,2.608757041976787,2.2106267903266947,24614.888438223086,24610.03562748906,5.392183544298434
2025-08-06 08:01:00+00:00,24618.80078125,24627.0,24618.80078125,24625.75,0.0,56.10192939494613,2.603287374451611,2.2891589071516782,24615.26104232089,24610.379359009097,5.592686058991403
2025-08-06 08:02:00+00:00,24618.55078125,24619.349609375,24612.94921875,24617.599609375,0.0,55.74489539851613,2.5493919098698825,2.341205507695319,24615.57435079033,24610.699806940112,5.650379242277731
2025-08-06 08:03:00+00:00,24613.650390625,24622.05078125,24613.25,24619.0,0.0,49.14299765540676,2.0871988674225577,2.290404179640767,24615.39111648887,24610.815516104227,5.875407957115036
2025-08-06 08:04:00+00:00,24617.150390625,24620.400390625,24613.0,24613.599609375,0.0,53.38894540004263,1.980498348500987,2.228423013412811,24615.5586664066,24611.063942556022,5.984335290535391
2025-08-06 08:05:00+00:00,24619.400390625,24621.650390625,24615.150390625,24617.25,0.0,55.935826511280396,2.0538184735742107,2.1935021054450914,24615.924544903588,24611.390862088138,6.0211684840685775
2025-08-06 08:06:00+00:00,24621.349609375,24621.349609375,24614.650390625,24619.19921875,0.0,58.0731709082754,2.2433509109032457,2.2034718665367223,24616.441217710388,24611.781401197426,6.069600645920822
2025-08-06 08:07:00+00:00,24620.94921875,24621.849609375,24618.650390625,24619.849609375,0.0,57.45666492556508,2.334339740307769,2.229645441290932,24616.870551142732,24612.14092345439,5.864573367640763
2025-08-06 08:08:00+00:00,24625.5,24626.44921875,24619.80078125,24620.650390625,0.0,62.349087933749814,2.74205040733068,2.3321264344988815,24617.692403414854,24612.66480880912,5.92056366280928
2025-08-06 08:09:00+00:00,24626.599609375,24628.80078125,24624.69921875,24624.94921875,0.0,63.44304343736495,3.11795153069761,2.4892914537386273,24618.540708744393,24613.211271576412,5.790635008322902
2025-08-06 08:10:00+00:00,24625.5,24626.5,24620.599609375,24625.650390625,0.0,61.51812672915373,3.289210619881487,2.6492752869671996,24619.203498387782,24613.693182494986,5.805589650585552
2025-08-06 08:11:00+00:00,24619.099609375,24625.55078125,24617.599609375,24625.55078125,0.0,51.68778557304367,2.875331615738105,2.694486552721381,24619.193604196087,24613.90519923538,5.958845523758013
2025-08-06 08:12:00+00:00,24587.05078125,24619.05078125,24584.5,24619.05078125,0.0,27.763763900323823,-0.03830154694878729,2.1479289327873476,24616.13238296313,24612.85208480458,8.004614370275297
2025-08-06 08:13:00+00:00,24603.25,24604.400390625,24588.0,24589.75,0.0,42.30098135444502,-1.0283807166051702,1.512667002908844,24614.905489347595,24612.475532459302,8.672114013469919
2025-08-06 08:14:00+00:00,24615.94921875,24617.599609375,24602.80078125,24602.80078125,0.0,50.68039096872764,-0.7793212402248173,1.0542693542821118,24615.004892147823,24612.611755451097,9.109736450007782
2025-08-06 08:15:00+00:00,24606.80078125,24616.0,24601.69921875,24615.400390625,0.0,45.548539748404515,-1.3050979041363462,0.5823959025984202,24614.22354825279,24612.383874109877,9.48052536429294
2025-08-06 08:16:00+00:00,24610.55078125,24610.55078125,24603.30078125,24605.94921875,0.0,47.878353747987724,-1.403012978094921,0.18531412645975198,24613.873760919192,24612.311988115373,9.321202123986302
2025-08-06 08:17:00+00:00,24607.5,24610.900390625,24606.30078125,24610.75,0.0,46.14840629611038,-1.7071054807347537,-0.19316979497914918,24613.266736069745,24612.123282699085,8.98394549905871
2025-08-06 08:18:00+00:00,24606.30078125,24607.44921875,24603.400390625,24607.44921875,0.0,45.45317399348703,-2.021564572765783,-0.558848750536476,24612.6033118012,24611.894949308924,8.63506434734023
2025-08-06 08:19:00+00:00,24606.0,24608.05078125,24605.19921875,24606.599609375,0.0,45.26896499844995,-2.2688918292296876,-0.9008573662751184,24611.97442496299,24611.663774826222,8.221957072530213
2025-08-06 08:20:00+00:00,24602.19921875,24606.900390625,24600.900390625,24605.44921875,0.0,42.90283083952384,-2.740006653188175,-1.2686872236577298,24611.043452942708,24611.29261576441,8.06324585306377
2025-08-06 08:21:00+00:00,24598.19921875,24601.80078125,24595.349609375,24601.80078125,0.0,40.50343210681265,-3.3969768810384267,-1.6943451551338693,24609.820192543404,24610.779149214824,7.976557533202071
2025-08-06 08:22:00+00:00,24603.55078125,24603.55078125,24597.75,24598.80078125,0.0,44.9401025289269,-3.4460798871186853,-2.0446921015308326,24609.223105753557,24610.49568380444,7.82114494154478
2025-08-06 08:23:00+00:00,24603.05078125,24604.25,24599.94921875,24603.099609375,0.0,44.60542464177177,-3.4851653775040177,-2.33278675672547,24608.635265324647,24610.203726841522,7.569690392148725
2025-08-06 08:24:00+00:00,24599.650390625,24603.150390625,24597.849609375,24603.150390625,0.0,42.298358917952065,-3.7473271605376794,-2.615694837487912,24607.7795629723,24609.789870519307,7.407625453423816
2025-08-06 08:25:00+00:00,24599.44921875,24600.05078125,24596.0,24599.94921875,0.0,42.1594307961585,-3.92606788473131,-2.8777694469365915,24606.98619685589,24609.38435476365,7.167850867464972
2025-08-06 08:26:00+00:00,24601.599609375,24602.55078125,24597.30078125,24598.75,0.0,44.2666820574575,-3.849824266824726,-3.0721804109142186,24606.473188524375,24609.079070630763,7.030861519788902
2025-08-06 08:27:00+00:00,24602.25,24603.44921875,24600.349609375,24601.400390625,0.0,44.92028953320627,-3.6943335845135152,-3.196611045634078,24606.070980093482,24608.811263939362,6.750057795161124
2025-08-06 08:28:00+00:00,24606.19921875,24606.69921875,24601.25,24602.30078125,0.0,48.843356782390714,-3.2153723395713314,-3.200363304421529,24606.083193298866,24608.70883079468,6.657140720506758
2025-08-06 08:29:00+00:00,24598.099609375,24605.599609375,24597.94921875,24605.44921875,0.0,42.20400952582711,-3.4495980682986556,-3.250210257196955,24605.32285197278,24608.292782895867,6.7709163833277035
2025-08-06 08:30:00+00:00,24593.349609375,24600.400390625,24593.349609375,24598.25,0.0,38.867299500629194,-3.9727139746464672,-3.3947110006868573,24604.182543153944,24607.706776091127,6.790906730947154
2025-08-06 08:31:00+00:00,24593.150390625,24595.099609375,24591.150390625,24593.599609375,0.0,38.72899945744912,-4.353181619506358,-3.5864051244507578,24603.13186196071,24607.135937445397,6.587929018022358
2025-08-06 08:32:00+00:00,24590.19921875,24594.05078125,24588.75,24593.5,0.0,36.648610961292036,-4.8370810165397415,-3.8365403028685545,24601.900181654928,24606.47175239852,6.495989891735046
2025-08-06 08:33:00+00:00,24589.80078125,24591.900390625,24588.349609375,24589.19921875,0.0,36.36459852978911,-5.192865233399061,-4.107805288974656,24600.74785780684,24605.81798882407,6.285617845896828
2025-08-06 08:34:00+00:00,24589.05078125,24589.650390625,24586.55078125,24589.55078125,0.0,35.8021603363774,-5.472264659903885,-4.380697163160502,24599.63385051571,24605.160451272146,6.068787999761341
2025-08-06 08:35:00+00:00,24587.599609375,24589.25,24585.900390625,24588.94921875,0.0,34.68434072686787,-5.744568352634815,-4.653471401055365,24598.487732311834,24604.471790805594,5.8745609551355304
2025-08-06 08:36:00+00:00,24590.94921875,24590.94921875,24584.849609375,24588.0,0.0,39.38845475960425,-5.625241228961386,-4.8478253666365685,24597.76977863928,24603.94149386224,5.890635842268707
2025-08-06 08:37:00+00:00,24595.349609375,24595.75,24590.099609375,24590.849609375,0.0,44.99323256864631,-5.116617692132422,-4.901583831735739,24597.539286328396,24603.60455721568,5.873475469606656
2025-08-06 08:38:00+00:00,24598.80078125,24599.0,24594.55078125,24595.099609375,0.0,48.9781496597593,-4.384507276474324,-4.798168520683457,24597.65942870188,24603.416173844478,5.771742846777609
2025-08-06 08:39:00+00:00,24595.44921875,24599.75,24594.849609375,24598.599609375,0.0,45.52867030206311,-4.028311711197603,-4.644197158786286,24597.44893251599,24603.10374423293,5.7095034023649225
2025-08-06 08:40:00+00:00,24589.849609375,24595.599609375,24588.150390625,24595.599609375,0.0,40.40813802309871,-4.150026911214809,-4.545363109271991,24596.725187454944,24602.5839742385,5.833768784338857
2025-08-06 08:41:00+00:00,24596.80078125,24597.849609375,24589.75,24589.75,0.0,48.19693800135465,-3.6435846316089737,-4.365007413739388,24596.732386863994,24602.357182356598,5.995614540814652
2025-08-06 08:42:00+00:00,24593.0,24598.650390625,24590.69921875,24596.55078125,0.0,44.75263214174306,-3.5084732629002247,-4.193700583571555,24596.376921448376,24601.99023402889,6.135297207542178
2025-08-06 08:43:00+00:00,24585.599609375,24594.599609375,24585.599609375,24593.5,0.0,38.920502678239174,-3.9529787274332193,-4.145556212343888,24595.35051077472,24601.34746443462,6.3399188355748795
2025-08-06 08:44:00+00:00,24583.80078125,24585.19921875,24578.44921875,24585.19921875,0.0,37.63658124820379,-4.399686064578418,-4.196382182790794,24594.250536534273,24600.659359211695,6.397809677676674
2025-08-06 08:45:00+00:00,24579.94921875,24585.650390625,24579.349609375,24583.599609375,0.0,34.976082064380904,-5.006778724000469,-4.358461491032729,24592.888506269104,24599.84719684065,6.390879075699769
2025-08-06 08:46:00+00:00,24586.25,24586.849609375,24579.69921875,24580.19921875,0.0,42.17711585518192,-4.922737389086251,-4.471316670643434,24592.25626757681,24599.313973435135,6.445129900649786
2025-08-06 08:47:00+00:00,24585.900390625,24589.0,24585.099609375,24586.349609375,0.0,41.89984293185376,-4.828682533934625,-4.542789843301673,24591.650945962352,24598.787950579837,6.263362809531945
2025-08-06 08:48:00+00:00,24587.150390625,24587.30078125,24580.55078125,24585.75,0.0,43.33421918443174,-4.600250011706521,-4.5542818769826425,24591.22232164451,24598.331575679647,6.298122608851092
2025-08-06 08:49:00+00:00,24588.80078125,24588.94921875,24585.5,24587.150390625,0.0,45.25591395339535,-4.237199068233167,-4.490865315232748,24590.991698749793,24597.95781903535,6.0946294760760145
2025-08-06 08:50:00+00:00,24594.400390625,24595.599609375,24589.0,24589.0,0.0,51.29155573704033,-3.4577777912272722,-4.284247810431653,24591.316336071242,24597.818312038864,6.144929379570585
2025-08-06 08:51:00+00:00,24592.94921875,24596.150390625,24592.400390625,24595.099609375,0.0,49.76041180764627,-2.923478219036042,-4.0120938921525315,24591.47184870731,24597.627367204008,5.973862995315543
2025-08-06 08:52:00+00:00,24594.05078125,24594.849609375,24591.900390625,24592.55078125,0.0,50.9572082857005,-2.3836775203708385,-3.6864106177961933,24591.717461330423,24597.487108931302,5.757816977793005
2025-08-06 08:53:00+00:00,24595.19921875,24595.80078125,24592.25,24594.150390625,0.0,52.23473310389599,-1.8419790810148697,-3.317524310439929,24592.049057275144,24597.397387747722,5.600171568664933
2025-08-06 08:54:00+00:00,24591.650390625,24596.05078125,24591.650390625,24595.5,0.0,48.06785153126737,-1.679677657517459,-2.9899549798554355,24592.01108902275,24597.172015311535,5.514472929831724
2025-08-06 08:55:00+00:00,24590.900390625,24594.5,24589.650390625,24591.349609375,0.0,47.2107085438799,-1.5932058566868363,-2.7106051552217156,24591.905308222966,24596.926069245397,5.466982675915172
2025-08-06 08:56:00+00:00,24596.55078125,24601.25,24590.30078125,24590.900390625,0.0,53.88281877050811,-1.0565576910048549,-2.379795662378344,24592.34773422554,24596.911352069106,5.8585709669212305
2025-08-06 08:57:00+00:00,24590.55078125,24597.25,24587.94921875,24596.400390625,0.0,47.07832469187076,-1.102698784088716,-2.1243762867204183,24592.176595846915,24596.661917919337,6.104443129998286
2025-08-06 08:58:00+00:00,24581.75,24591.69921875,24581.25,24590.0,0.0,39.2489325928534,-1.828339469164348,-2.0651689232092045,24591.18358671864,24596.07713682446,6.414784245712694
2025-08-06 08:59:00+00:00,24574.349609375,24582.150390625,24574.099609375,24582.150390625,0.0,34.11170741246917,-2.9663701472818502,-2.245409168023734,24589.58035078115,24595.225076924486,6.531641174590358
2025-08-06 09:00:00+00:00,24568.94921875,24574.69921875,24567.94921875,24574.5,0.0,30.930161773104487,-4.254985228173609,-2.647324380053709,24587.6154810639,24594.194651113725,6.54723823354819
2025-08-06 09:01:00+00:00,24569.099609375,24571.400390625,24565.80078125,24569.099609375,0.0,31.122821225950204,-5.204097105193796,-3.158678925081727,24585.852064712573,24593.210531829853,6.479550457937605
2025-08-06 09:02:00+00:00,24569.75,24569.80078125,24564.05078125,24568.849609375,0.0,32.006124562135156,-5.836514313908992,-3.69424600284718,24584.31853473995,24592.29051097378,6.427439710942061
2025-08-06 09:03:00+00:00,24568.150390625,24569.80078125,24564.0,24569.80078125,0.0,30.954682782002806,-6.393089065026288,-4.234014615283002,24582.778711490908,24591.343839587556,6.382678392303342
2025-08-06 09:04:00+00:00,24567.849609375,24569.44921875,24566.400390625,24567.69921875,0.0,30.750122884613177,-6.78029013424748,-4.743269719075897,24581.356892241776,24590.42249722628,6.144546230353103
2025-08-06 09:05:00+00:00,24562.19921875,24567.900390625,24561.55078125,24567.900390625,0.0,27.123869245221286,-7.4571279433621385,-5.286041363933146,24579.532351909227,24589.315701991916,6.159193597827881
2025-08-06 09:06:00+00:00,24542.849609375,24562.349609375,24539.849609375,24562.349609375,0.0,18.90296400720878,-9.445991043743561,-6.118031299895229,24576.038757382157,24587.493502281446,7.326394055125889
2025-08-06 09:07:00+00:00,24554.0,24556.400390625,24541.44921875,24541.75,0.0,31.741793626810505,-10.007080647526891,-6.895841169421562,24573.93982810767,24586.180031603744,7.871021042259755
2025-08-06 09:08:00+00:00,24555.5,24555.75,24548.349609375,24554.599609375,0.0,33.27222189337482,-10.212981839697022,-7.559269303476654,24572.183654002176,24584.97689310948,7.837404583884058
2025-08-06 09:09:00+00:00,24560.349609375,24562.80078125,24554.400390625,24555.30078125,0.0,38.1041433607582,-9.871049754190608,-8.021625393619445,24571.05660213292,24584.011117276754,7.877617872535197
2025-08-06 09:10:00+00:00,24554.44921875,24560.25,24551.69921875,24560.25,0.0,34.80213770137189,-9.961350081735873,-8.40957033124273,24569.474946572645,24582.85182713845,7.932815926282683
2025-08-06 09:11:00+00:00,24553.69921875,24556.75,24552.349609375,24553.94921875,0.0,34.39414229168422,-9.97840760238978,-8.72333778547214,24567.972496303824,24581.708587593803,7.68049983333392
2025-08-06 09:12:00+00:00,24557.900390625,24558.849609375,24550.599609375,24553.900390625,0.0,38.72735355866819,-9.542921492044115,-8.887254526786535,24567.013248143936,24580.774932810713,7.721178416667212
2025-08-06 09:13:00+00:00,24559.849609375,24560.849609375,24555.80078125,24557.69921875,0.0,40.684879287201944,-8.937484194855642,-8.897300460400357,24566.330996832607,24579.954331891666,7.530296252976697
2025-08-06 09:14:00+00:00,24560.400390625,24564.69921875,24558.400390625,24559.599609375,0.0,41.25597355559245,-8.31735009654949,-8.781310387630185,24565.766177193786,24579.187510665524,7.4423342438355045
2025-08-06 09:15:00+00:00,24560.44921875,24560.80078125,24556.849609375,24560.05078125,0.0,41.30992246254375,-7.732810310451896,-8.571610372194527,24565.25980019914,24578.452675688444,7.192965503204397
2025-08-06 09:16:00+00:00,24564.05078125,24564.5,24559.44921875,24560.69921875,0.0,45.30026136207398,-6.8994102180877235,-8.237170341373167,24565.144655537315,24577.88789551439,7.039952342261226
2025-08-06 09:17:00+00:00,24563.75,24565.44921875,24561.25,24563.849609375,0.0,45.024938223482444,-6.191829616171162,-7.828102196332766,24565.01183120043,24577.333468239314,6.837042799956853
2025-08-06 09:18:00+00:00,24566.80078125,24567.19921875,24562.75,24563.94921875,0.0,48.44739233660476,-5.323528023604013,-7.327187361787016,24565.18220739563,24576.920421690713,6.66648393924565
2025-08-06 09:19:00+00:00,24565.900390625,24566.849609375,24561.849609375,24566.75,0.0,47.50737148054804,-4.654393799813988,-6.792628649392411,24565.250605798425,24576.488263609706,6.547449372156675
2025-08-06 09:20:00+00:00,24566.0,24566.099609375,24563.650390625,24565.150390625,0.0,47.62843591052487,-4.06915576778556,-6.2479340730710415,24565.321976674764,24576.076959154427,6.254718613431199
2025-08-06 09:21:00+00:00,24567.44921875,24568.05078125,24563.75,24565.30078125,0.0,49.45491857413655,-3.448656602886331,-5.6880785790341,24565.52457115812,24575.738616393468,6.115151658900399
2025-08-06 09:22:00+00:00,24566.099609375,24569.150390625,24565.099609375,24567.650390625,0.0,47.78360571885814,-3.030870750302711,-5.156637013287822,24565.579336702584,24575.360616118236,5.967696629693228
2025-08-06 09:23:00+00:00,24570.44921875,24570.80078125,24564.25,24565.69921875,0.0,53.26529733228948,-2.3220284284725494,-4.589715296324768,24566.043134992815,24575.168012299873,6.009345531143713
2025-08-06 09:24:00+00:00,24579.05078125,24579.650390625,24570.94921875,24570.94921875,0.0,61.80473101261961,-1.0540412426671537,-3.8825804855932455,24567.28195844588,24575.3202777489,6.237333127133447
2025-08-06 09:25:00+00:00,24580.150390625,24581.150390625,24576.849609375,24579.349609375,0.0,62.74198030645405,0.03912600396142807,-3.098239187682311,24568.50752341532,24575.50969394012,6.099007993052487
2025-08-06 09:26:00+00:00,24585.30078125,24585.5,24578.900390625,24580.400390625,0.0,66.8456507422186,1.306007560389844,-2.2173898380678803,24570.106881304335,24575.89365814835,6.134765234620167
2025-08-06 09:27:00+00:00,24581.19921875,24585.599609375,24579.349609375,24585.349609375,0.0,61.076393057642505,1.9565051324025262,-1.382610843973799,24571.1632943944,24576.101719348415,6.142996289290155
2025-08-06 09:28:00+00:00,24574.650390625,24581.099609375,24572.05078125,24581.099609375,0.0,53.18371490565333,1.9214442329030135,-0.7217998285984366,24571.495398797313,24576.044804496516,6.3576706614837155
2025-08-06 09:29:00+00:00,24567.05078125,24576.69921875,24565.25,24574.650390625,0.0,45.78895460115689,1.2658414215220546,-0.32427157857433836,24571.072101888047,24575.692097702537,6.721352667806308
2025-08-06 09:30:00+00:00,24573.44921875,24574.30078125,24556.349609375,24570.349609375,0.0,51.858205010644994,1.2481836186270812,-0.009780539134054467,24571.29849397014,24575.604141665182,7.523482611177286
2025-08-06 09:31:00+00:00,24572.849609375,24574.099609375,24568.75,24574.099609375,0.0,51.27882368395632,1.172292756029492,0.22663411989865484,24571.44621924679,24575.49612079106,7.368205951450337
2025-08-06 09:32:00+00:00,24568.69921875,24573.349609375,24568.69921875,24573.349609375,0.0,47.336532509574425,0.768389349370409,0.33498516579300575,24571.184600151857,24575.22957561298,7.174076285275313
2025-08-06 09:33:00+00:00,24565.099609375,24570.94921875,24564.80078125,24569.30078125,0.0,44.16519897948427,0.15603591139733908,0.29919531491387247,24570.60507722073,24574.832322035018,7.100816372041362
2025-08-06 09:34:00+00:00,24568.44921875,24568.94921875,24563.599609375,24566.0,0.0,47.67799800032608,-0.05830105893983273,0.22769604014313144,24570.399757366376,24574.582004259137,6.9757301579669795
2025-08-06 09:35:00+00:00,24573.94921875,24575.25,24568.150390625,24569.650390625,0.0,52.916100188265105,0.21318195357525838,0.22479322282955685,24570.737801307674,24574.55718914113,6.984578673469338
2025-08-06 09:36:00+00:00,24576.94921875,24577.650390625,24573.900390625,24575.25,0.0,55.531200015969794,0.6627691348476219,0.3123884052331699,24571.329364873607,24574.650994223834,6.7535373396501
2025-08-06 09:37:00+00:00,24574.94921875,24577.650390625,24571.44921875,24577.5,0.0,53.40176269171198,0.847912719782471,0.4194932681430301,24571.674112861838,24574.66268930329,6.714082663603664
2025-08-06 09:38:00+00:00,24578.349609375,24579.349609375,24574.75,24575.69921875,0.0,56.458872064492304,1.2545616442184837,0.5865069433581209,24572.30987443452,24574.807274404146,6.563048857274831
2025-08-06 09:39:00+00:00,24580.849609375,24581.5,24578.19921875,24579.30078125,0.0,58.608901106811906,1.7582944295281777,0.8208644405921324,24573.12318252409,24575.044228716728,6.330029742469486
2025-08-06 09:40:00+00:00,24577.05078125,24581.0,24576.599609375,24581.0,0.0,54.22707489542879,1.829878904576617,1.0226673333890295,24573.497239545606,24575.122917051365,6.19219837693595
2025-08-06 09:41:00+00:00,24575.849609375,24578.05078125,24575.44921875,24577.44921875,0.0,52.88081199173355,1.769290307765914,1.1719919282644065,24573.721274767453,24575.151414789547,5.93572438572624
2025-08-06 09:42:00+00:00,24579.05078125,24579.599609375,24575.0,24576.849609375,0.0,56.01487721474147,1.9570218950757408,1.3289979216266734,24574.22884681341,24575.30433112133,5.840287599245793
2025-08-06 09:43:00+00:00,24580.0,24581.599609375,24578.150390625,24579.400390625,0.0,56.92968588227853,2.1575239575540763,1.494703128812154,24574.77848045023,24575.488474998925,5.6694969671568085
2025-08-06 09:44:00+00:00,24576.349609375,24581.94921875,24576.099609375,24581.94921875,0.0,52.414902097751146,1.9988260482969054,1.5955277127091043,24574.9281117764,24575.52224497446,5.682362139145608
2025-08-06 09:45:00+00:00,24570.75,24577.599609375,24570.75,24577.599609375,0.0,46.34348668127057,1.4050189493318612,1.5574259600336557,24574.530196369124,24575.33509811272,5.765736941706636
2025-08-06 09:46:00+00:00,24573.19921875,24574.400390625,24568.150390625,24572.0,0.0,49.119618331395785,1.1191531287768157,1.4697713937822878,24574.403436595872,24575.25133813771,5.800327160156162
2025-08-06 09:47:00+00:00,24572.849609375,24574.75,24572.400390625,24574.69921875,0.0,48.73202858669571,0.8545412322891934,1.346725361483669,24574.255453051024,24575.157152696036,5.553847318359294
2025-08-06 09:48:00+00:00,24571.19921875,24574.19921875,24568.0,24574.19921875,0.0,46.85254373411949,0.5058307651597715,1.1785464422188896,24573.964383117593,24575.00193960011,5.599945277762202
2025-08-06 09:49:00+00:00,24573.94921875,24574.80078125,24571.349609375,24572.900390625,0.0,50.2926775685719,0.44623332492483314,1.0320838187600783,24573.962938892106,24574.960656429517,5.457203650779187
2025-08-06 09:50:00+00:00,24577.30078125,24578.150390625,24573.849609375,24575.55078125,0.0,54.184926062364795,0.661816004801949,0.9580302559684525,24574.280828640476,24575.05242603032,5.374602050723531
2025-08-06 09:51:00+00:00,24582.25,24582.55078125,24576.69921875,24578.19921875,0.0,59.25826335928906,1.2179872240230907,1.0100216495793801,24575.039797341386,24575.334683833054,5.408670654243279
2025-08-06 09:52:00+00:00,24584.25,24584.599609375,24580.900390625,24582.400390625,0.0,61.131370429922164,1.7993978690101358,1.1678968934655312,24575.916959499347,24575.684304074897,5.28656694679733
2025-08-06 09:53:00+00:00,24580.5,24585.75,24580.05078125,24584.94921875,0.0,55.93836485490164,1.935267771845247,1.3213710691414744,24576.353439547027,24575.87315489549,5.316042075597521
2025-08-06 09:54:00+00:00,24581.5,24583.599609375,24578.849609375,24581.599609375,0.0,56.98766820618223,2.0994362966084736,1.4769841146348743,24576.843588161595,24576.093815487824,5.275610498769126
2025-08-06 09:55:00+00:00,24573.349609375,24582.5,24572.80078125,24582.5,0.0,47.135127398594044,1.5539595490954525,1.49237920152699,24576.510828277158,24575.98619956183,5.591582516714189
2025-08-06 09:56:00+00:00,24575.30078125,24577.0,24573.30078125,24574.150390625,0.0,49.39091212720564,1.2645318246977695,1.4468097261611461,24576.395585703143,24575.95932041235,5.456413676234604
2025-08-06 09:57:00+00:00,24574.05078125,24578.94921875,24573.44921875,24576.849609375,0.0,47.978453054754574,0.9236464927744237,1.3421770794838017,24576.17227099332,24575.884475739316,5.459526985074989
2025-08-06 09:58:00+00:00,24574.05078125,24576.099609375,24570.650390625,24575.69921875,0.0,47.978453054754574,0.6460452043138503,1.2029507044498113,24575.970224351102,24575.8125661515,5.458790682569633
2025-08-06 09:59:00+00:00,24569.599609375,24575.0,24563.400390625,24570.30078125,0.0,42.910567466773884,0.06610974093200639,0.9755825117462504,24575.363499115283,24575.56892078772,5.897420589171802
2025-08-07 03:45:00+00:00,24501.69921875,24513.05078125,24466.55078125,24466.55078125,0.0,15.687962179030663,-5.805564415455592,-0.380646873694118,24568.34785336621,24572.672069727418,12.83680684173096
2025-08-07 03:46:00+00:00,24493.80078125,24500.900390625,24490.150390625,24498.349609375,0.0,14.532983898689281,-10.969793433534505,-2.4984761856621955,24561.248132212284,24569.57907802242,12.744808361964463
2025-08-07 03:47:00+00:00,24517.400390625,24517.400390625,24492.150390625,24492.599609375,0.0,30.901954195429795,-13.008239996888733,-4.600428947907503,24557.072156823022,24567.53285498723,13.63803633610986
2025-08-07 03:48:00+00:00,24513.19921875,24528.80078125,24506.05078125,24517.69921875,0.0,29.807497327627104,-14.792207681890432,-6.638784694704089,24552.89378176845,24565.402124154396,14.288890883530584
2025-08-07 03:49:00+00:00,24519.44921875,24524.650390625,24511.44921875,24512.69921875,0.0,33.57651862667598,-15.522755495701858,-8.415578854903643,24549.7085852905,24563.600049432658,14.211196668635543
2025-08-07 03:50:00+00:00,24516.30078125,24519.19921875,24512.349609375,24519.19921875,0.0,32.626125877162366,-16.169381925370544,-9.966339468997024,24546.526889667595,24561.745176170596,13.703226147661576
2025-08-07 03:51:00+00:00,24517.05078125,24533.599609375,24514.30078125,24515.150390625,0.0,33.1118253861905,-16.431902553456894,-11.259452085888999,24543.719641246873,24559.992454801162,14.10291200318575
2025-08-07 03:52:00+00:00,24510.099609375,24517.05078125,24506.0,24516.25,0.0,30.889209639766946,-17.004832396789425,-12.408528148069085,24540.517733449553,24558.035872627588,13.88490266367248
2025-08-07 03:53:00+00:00,24508.5,24517.650390625,24503.900390625,24512.0,0.0,30.38377661487607,-17.387525957557955,-13.404327709966859,24537.468425501975,24556.093289387292,13.875266759124447
2025-08-07 03:54:00+00:00,24504.44921875,24507.650390625,24496.650390625,24507.650390625,0.0,29.085855794072913,-17.812347895964194,-14.285931747166327,24534.323739144646,24554.068031715244,13.7305769459727
2025-08-07 03:55:00+00:00,24510.0,24514.05078125,24501.650390625,24505.75,0.0,33.29109096470279,-17.499398512707558,-14.928625100274573,24532.007192559442,24552.339873608762,13.635563637331794
2025-08-07 03:56:00+00:00,24510.0,24512.94921875,24502.69921875,24509.099609375,0.0,33.29109096470279,-17.054786904602224,-15.353857461140104,24529.911269458542,24550.67948640842,13.393737663236665
2025-08-07 03:57:00+00:00,24517.5,24520.19921875,24510.30078125,24510.30078125,0.0,38.96297445033983,-15.913797332385002,-15.465845435389083,24528.729243795824,24549.378330078678,13.165557740862619
2025-08-07 03:58:00+00:00,24522.599609375,24522.599609375,24512.05078125,24517.44921875,0.0,42.540367333523356,-14.431699371732975,-15.259016222657861,24528.14546908908,24548.32818416873,12.978648482586719
2025-08-07 03:59:00+00:00,24525.849609375,24529.30078125,24521.80078125,24522.849609375,0.0,44.76234477615885,-12.846788441060198,-14.77657066633833,24527.92681578298,24547.446671431724,12.587316448116239
2025-08-07 04:00:00+00:00,24526.19921875,24528.650390625,24518.849609375,24526.25,0.0,45.00869627493443,-11.430757893485861,-14.107408111767837,24527.76228273222,24546.613437993223,12.388278219679364
2025-08-07 04:01:00+00:00,24531.650390625,24531.650390625,24523.05078125,24526.80078125,0.0,48.83996238337632,-9.756215885914571,-13.237169666597186,24528.13257872201,24546.02665182192,12.11765901648798
2025-08-07 04:02:00+00:00,24530.650390625,24542.69921875,24529.25,24531.849609375,0.0,48.176858476399005,-8.41284290692056,-12.272304314661861,24528.372370331817,24545.42366118675,12.212770426024553
2025-08-07 04:03:00+00:00,24527.75,24535.25,24527.05078125,24530.5,0.0,46.216894011049256,-7.495840048370155,-11.31701146140352,24528.313096966882,24544.73057643433,11.92608816345137
2025-08-07 04:04:00+00:00,24518.94921875,24528.400390625,24512.30078125,24528.400390625,0.0,40.79373202948958,-7.39402446063832,-10.532414061250481,24527.421299041463,24543.71954279965,12.22419682141913
2025-08-07 04:05:00+00:00,24514.05078125,24519.099609375,24513.55078125,24519.0,0.0,38.113042787908604,-7.620750573260011,-9.950081363652387,24526.147916394657,24542.556061954565,11.747384771674906
2025-08-07 04:06:00+00:00,24506.0,24518.099609375,24505.150390625,24515.0,0.0,34.141979008728484,-8.35376639570677,-9.630818370063265,24524.229067214215,24541.122490897524,11.833230055840984
2025-08-07 04:07:00+00:00,24504.75,24506.349609375,24500.25,24506.30078125,0.0,33.557353696023895,-8.932582024172007,-9.491171100885014,24522.37391795572,24539.696118705466,11.4236857214952
2025-08-07 04:08:00+00:00,24518.25,24520.75,24502.650390625,24504.19921875,0.0,44.59224197665311,-8.207351168704918,-9.234407114448995,24521.981163864697,24538.855094442508,11.900537411031257
2025-08-07 04:09:00+00:00,24517.400390625,24519.25,24513.349609375,24518.400390625,0.0,44.09589046687623,-7.613394395400974,-8.910204570639392,24521.54489974663,24538.013733508487,11.47195549774331
2025-08-07 04:10:00+00:00,24514.349609375,24522.5,24513.400390625,24517.349609375,0.0,42.27618023960225,-7.304648483037454,-8.589093353119004,24520.85963399695,24537.085728640508,11.302502203261643
2025-08-07 04:11:00+00:00,24507.099609375,24516.30078125,24507.099609375,24513.400390625,0.0,38.23778797837198,-7.557857258445438,-8.382846134184291,24519.549155461526,24535.909802394803,11.152407179814384
2025-08-07 04:12:00+00:00,24500.0,24509.150390625,24498.5,24504.80078125,0.0,34.73831503108468,-8.236461380107357,-8.353569183368904,24517.687331131856,24534.50157484991,11.1165488544705
2025-08-07 04:13:00+00:00,24502.30078125,24503.400390625,24498.5,24501.05078125,0.0,36.758258697474524,-8.490730362831528,-8.38100141926143,24516.22194542882,24533.238798630304,10.672537552365464
2025-08-07 04:14:00+00:00,24504.55078125,24506.75,24500.900390625,24502.900390625,0.0,38.754651330727356,-8.413696313822584,-8.387540398173662,24515.110405983218,24532.11377834088,10.328042682553646
2025-08-07 04:15:00+00:00,24502.55078125,24504.349609375,24500.150390625,24503.75,0.0,37.61789142110617,-8.417003582388134,-8.393433035016557,24513.914251246722,24530.95444512163,9.904638964156957
2025-08-07 04:16:00+00:00,24519.0,24519.349609375,24500.349609375,24503.150390625,0.0,50.48266487757484,-7.011486088162201,-8.117043645645687,24514.398608270843,24530.485643352156,10.554307609574318
2025-08-07 04:17:00+00:00,24510.25,24519.349609375,24507.75,24519.30078125,0.0,45.1488685934962,-6.5283998908271315,-7.799314894681976,24514.00350272124,24529.692088710897,10.628972021390439
2025-08-07 04:18:00+00:00,24510.0,24510.44921875,24505.599609375,24509.75,0.0,45.00256732843817,-6.095458854273602,-7.458543686600302,24513.622216747786,24528.91984993792,10.216160403791122
2025-08-07 04:19:00+00:00,24502.25,24509.19921875,24500.099609375,24509.19921875,0.0,40.609432726044034,-6.305029736129654,-7.227840896506173,24512.539148486092,24527.873973469766,10.193605419591757
2025-08-07 04:20:00+00:00,24501.5,24504.30078125,24499.75,24502.650390625,0.0,40.20044308923744,-6.457200316086528,-7.073712780422245,24511.487801011226,24526.839700000364,9.790546550335204
2025-08-07 04:21:00+00:00,24504.400390625,24506.400390625,24499.94921875,24502.25,0.0,42.60768127911464,-6.2714657597425685,-6.91326337628631,24510.812809545874,24525.959727083682,9.552019787811261
2025-08-07 04:22:00+00:00,24507.55078125,24509.0,24502.349609375,24503.80078125,0.0,45.18865824835547,-5.8031643251742935,-6.691243566063907,24510.502140184362,24525.237807639227,9.344760561896171
2025-08-07 04:23:00+00:00,24505.75,24510.80078125,24504.400390625,24507.900390625,0.0,43.971402284589274,-5.5137806305683625,-6.455750978964798,24510.049555404898,24524.473579888672,9.134448423546445
2025-08-07 04:24:00+00:00,24506.150390625,24506.150390625,24499.349609375,24505.5,0.0,44.330471054980485,-5.192280413932167,-6.203056865958272,24509.67820637824,24523.75502344696,8.96775791115027
2025-08-07 04:25:00+00:00,24504.55078125,24506.75,24503.44921875,24506.05078125,0.0,43.14094953015895,-5.008825659715512,-5.964210624709721,24509.189880175552,24523.001915909823,8.56297386392525
2025-08-07 04:26:00+00:00,24495.05078125,24504.80078125,24493.69921875,24504.599609375,0.0,36.82166724533118,-5.565847425958054,-5.884537984959389,24507.8432993255,24521.905792981986,8.744301623644876
2025-08-07 04:27:00+00:00,24493.599609375,24497.94921875,24492.5,24495.05078125,0.0,35.95526322349937,-6.054595028559561,-5.918549393679424,24506.486757425453,24520.795746566026,8.50893856124167
2025-08-07 04:28:00+00:00,24482.19921875,24493.80078125,24479.099609375,24493.80078125,0.0,29.985995643928035,-7.277951575859333,-6.190429830115406,24504.17365850398,24519.282157239908,8.951240940795838
2025-08-07 04:29:00+00:00,24481.349609375,24485.19921875,24479.599609375,24480.5,0.0,29.591708280444863,-8.221257292967493,-6.596595322685824,24501.999939539317,24517.794606343246,8.711838686096135
2025-08-07 04:30:00+00:00,24484.150390625,24487.849609375,24481.099609375,24481.099609375,0.0,32.73184445841248,-8.643200791633717,-7.005916416475403,24500.29998249986,24516.47522533469,8.571707351374982
2025-08-07 04:31:00+00:00,24481.5,24484.349609375,24473.44921875,24484.349609375,0.0,31.3088375828482,-9.08671246247468,-7.422075625675259,24498.50950797606,24515.103647870586,8.738041870919627
2025-08-07 04:32:00+00:00,24485.19921875,24485.349609375,24479.44921875,24481.80078125,0.0,35.5222248049449,-9.035546464278013,-7.74476979339581,24497.241861383103,24513.930925159977,8.535352496211082
2025-08-07 04:33:00+00:00,24484.349609375,24487.099609375,24482.19921875,24484.650390625,0.0,34.99135835933427,-8.96026506011549,-7.9878688467397465,24496.014027858524,24512.770873560567,8.275712362553149
2025-08-07 04:34:00+00:00,24476.099609375,24485.44921875,24473.80078125,24485.150390625,0.0,30.26200134595976,-9.457292278388195,-8.281753533069438,24494.11741657438,24511.332784768976,8.516621300942209
2025-08-07 04:35:00+00:00,24474.599609375,24478.44921875,24473.94921875,24476.55078125,0.0,29.481781462198924,-9.858583776713203,-8.597119581798191,24492.258577793487,24509.89226808686,8.229719779446336
2025-08-07 04:36:00+00:00,24481.400390625,24482.349609375,24470.80078125,24474.349609375,0.0,37.36637235450403,-9.518124950307538,-8.78132065550006,24491.22446472982,24508.774939558945,8.466798946985884
2025-08-07 04:37:00+00:00,24475.80078125,24482.0,24474.849609375,24481.05078125,0.0,33.99591966482079,-9.589607529898785,-8.942978030379805,24489.755542493647,24507.481835311537,8.37276978112975
2025-08-07 04:38:00+00:00,24475.349609375,24476.900390625,24473.80078125,24475.849609375,0.0,33.73191158293113,-9.57232004206162,-9.068846432716168,24488.383548863298,24506.221748019907,7.996115466406196
2025-08-07 04:39:00+00:00,24471.400390625,24476.349609375,24468.0,24474.69921875,0.0,31.43098740892414,-9.76472683886459,-9.208022513945853,24486.766105221555,24504.85620459266,8.021365031305754
2025-08-07 04:40:00+00:00,24473.25,24477.349609375,24470.94921875,24470.94921875,0.0,33.711604485906534,-9.65664677978566,-9.297747367113814,24485.478857105216,24503.616745589025,7.905581145141057
2025-08-07 04:41:00+00:00,24475.30078125,24475.30078125,24470.849609375,24472.80078125,0.0,36.24365234360883,-9.298326328604162,-9.297863159411884,24484.509516547576,24502.506315614948,7.658837625845267
2025-08-07 04:42:00+00:00,24476.0,24480.19921875,24474.5,24474.650390625,0.0,37.12548757096484,-8.855848965671612,-9.20946032066383,24483.699086400185,24501.4668522575,7.518864848999177
2025-08-07 04:43:00+00:00,24475.30078125,24476.349609375,24470.94921875,24476.099609375,0.0,36.580609123222004,-8.464035445242189,-9.060375345579502,24482.899247814454,24500.440731825835,7.3675452615706645
2025-08-07 04:44:00+00:00,24476.05078125,24477.55078125,24474.599609375,24475.349609375,0.0,37.63786790224533,-8.000773736130213,-8.848455023689645,24482.247012903554,24499.484263175804,7.05209001967276
2025-08-07 04:45:00+00:00,24480.94921875,24481.349609375,24473.099609375,24476.94921875,0.0,44.18284217100828,-7.155883949948475,-8.509940808941412,24482.12341346036,24498.757398688518,7.137655018267563
2025-08-07 04:46:00+00:00,24474.349609375,24484.0,24471.55078125,24480.75,0.0,38.343964862014005,-6.938849293252133,-8.195722505803555,24481.383051166515,24497.80023048015,7.517052427677023
2025-08-07 04:47:00+00:00,24478.30078125,24478.849609375,24472.44921875,24473.30078125,0.0,43.18492656390843,-6.374539491927862,-7.831485903028417,24481.089501650655,24497.035546196614,7.43729087034295
2025-08-07 04:48:00+00:00,24484.44921875,24484.44921875,24478.5,24478.75,0.0,49.79123863570059,-5.369298456793331,-7.3390484137814,24481.409474707736,24496.54196472812,7.345229915318454
2025-08-07 04:49:00+00:00,24483.05078125,24486.05078125,24480.75,24483.849609375,0.0,48.41239486406137,-4.632084130615112,-6.797655557148143,24481.56578961652,24496.01289870937,7.199197867795706
2025-08-07 04:50:00+00:00,24480.44921875,24486.650390625,24479.900390625,24483.55078125,0.0,45.86764855209085,-4.209239326566603,-6.279972311031836,24481.459449533995,24495.40255831881,7.167112305810298
2025-08-07 04:51:00+00:00,24478.400390625,24481.0,24474.30078125,24480.30078125,0.0,43.91011830775639,-3.9934214037166385,-5.822662129568797,24481.168110590283,24494.73580664454,7.133691337538134
2025-08-07 04:52:00+00:00,24478.69921875,24479.69921875,24474.849609375,24477.69921875,0.0,44.28361397594736,-3.7549860706749314,-5.409126917790024,24480.932978034067,24494.106920844755,6.9705426259282675
2025-08-07 04:53:00+00:00,24477.25,24479.55078125,24475.099609375,24478.5,0.0,42.79530093304837,-3.64099309098674,-5.055500152429368,24480.5822182213,24493.44586512535,6.790587572290534
2025-08-07 04:54:00+00:00,24479.25,24479.25,24474.44921875,24477.0,0.0,45.51671873452999,-3.3506453936170146,-4.714529200666898,24480.455340295463,24492.8891645322,6.648458549269781
2025-08-07 04:55:00+00:00,24483.599609375,24483.599609375,24478.0,24479.349609375,0.0,50.978734827548436,-2.738003624806879,-4.319224085494894,24480.754794493514,24492.524868251527,6.573540751107655
2025-08-07 04:56:00+00:00,24477.849609375,24484.099609375,24477.849609375,24483.75,0.0,44.61165458536841,-2.6855007731828664,-3.992479423032489,24480.478110196513,24491.949367903428,6.5504306974571085
2025-08-07 04:57:00+00:00,24468.599609375,24477.75,24467.44921875,24477.75,0.0,36.67586405626995,-3.3516538008443604,-3.8643142985948633,24479.34682440399,24491.03369109839,6.825427835138744
2025-08-07 04:58:00+00:00,24456.599609375,24468.900390625,24455.69921875,24468.400390625,0.0,29.375408300369585,-4.7926380384597,-4.049979046567831,24477.18042297266,24489.683334952377,7.280838123700263
2025-08-07 04:59:00+00:00,24450.69921875,24456.94921875,24450.55078125,24456.94921875,0.0,26.57438312300509,-6.337683766923874,-4.5075199906390395,24474.65840352288,24488.154546081696,7.217809507721673
2025-08-07 05:00:00+00:00,24434.30078125,24450.44921875,24432.5,24450.30078125,0.0,20.674171345415118,-8.784102827496099,-5.362836558010452,24470.814820449275,24486.042633735357,8.002195882170124
2025-08-07 05:01:00+00:00,24429.25,24433.150390625,24428.44921875,24433.0,0.0,19.25605306222505,-11.003620506544394,-6.49099334771724,24466.856266120772,24483.81547162809,7.848579212015116
2025-08-07 05:02:00+00:00,24433.80078125,24433.94921875,24425.5,24429.05078125,0.0,24.29479556868786,-12.254136189487326,-7.643621916071258,24463.708124704506,24481.85411122111,7.891482036156893
2025-08-07 05:03:00+00:00,24436.599609375,24436.94921875,24429.44921875,24432.25,0.0,27.299651376704688,-12.870968327806622,-8.689091198418332,24461.12636133979,24480.079424874206,7.863519033574258
2025-08-07 05:04:00+00:00,24439.30078125,24443.650390625,24436.349609375,24436.650390625,0.0,30.179957718683738,-12.992085570618656,-9.549690072858397,24459.04773466457,24478.48026237914,7.823323477604668
2025-08-07 05:05:00+00:00,24435.349609375,24439.849609375,24432.80078125,24438.55078125,0.0,28.40704777859058,-13.254113240109291,-10.290574706308576,24456.79077035128,24476.78886422212,7.7680023809900485
2025-08-07 05:06:00+00:00,24438.94921875,24439.25,24433.05078125,24435.25,0.0,32.30841530766328,-13.02121322201856,-10.836702409450572,24455.091574960683,24475.304956556545,7.655946407347902
2025-08-07 05:07:00+00:00,24440.849609375,24443.849609375,24438.5,24438.5,0.0,34.342654886582096,-12.53875369106754,-11.177112665773965,24453.735197285856,24473.953766470993,7.491208047894481
2025-08-07 05:08:00+00:00,24440.150390625,24442.599609375,24439.0,24441.05078125,0.0,33.93853025735599,-12.073644686010084,-11.35641906982119,24452.441406175298,24472.628143888796,7.213236714116304
2025-08-07 05:09:00+00:00,24436.099609375,24441.099609375,24434.400390625,24440.099609375,0.0,31.617307870208492,-11.894790896447375,-11.464093435146427,24450.88504457527,24471.195652339236,7.176521145250853
2025-08-07 05:10:00+00:00,24433.400390625,24437.19921875,24432.30078125,24436.150390625,0.0,30.13811832810636,-11.834432404382824,-11.538161228993706,24449.219839437144,24469.713485213186,7.013800884875792
2025-08-07 05:11:00+00:00,24435.099609375,24435.849609375,24430.599609375,24433.19921875,0.0,32.28582240105145,-11.516727447306039,-11.533874472656173,24447.875055621702,24468.35607831757,6.887815107384664
2025-08-07 05:12:00+00:00,24432.25,24439.05078125,24432.25,24435.30078125,0.0,30.587578804040888,-11.363887816289207,-11.49987714138278,24446.386955086302,24466.940153677668,6.881598403285759
2025-08-07 05:13:00+00:00,24429.55078125,24433.650390625,24429.55078125,24431.25,0.0,29.02992315964582,-11.329960965023929,-11.465893906111011,24444.783509959037,24465.473903778544,6.682884901265347
2025-08-07 05:14:00+00:00,24435.75,24436.19921875,24429.25,24429.80078125,0.0,36.968904318827796,-10.679739161725593,-11.308662957233928,24443.923175677224,24464.30826049311,6.701908747603537
2025-08-07 05:15:00+00:00,24422.05078125,24437.349609375,24421.900390625,24435.25,0.0,29.196380900696568,-11.141414866699051,-11.275213339126953,24441.84009049368,24462.65110444436,7.3267166049175705
2025-08-07 05:16:00+00:00,24423.30078125,24423.650390625,24419.69921875,24421.900390625,0.0,30.629554629481092,-11.276443810860656,-11.275459433473694,24440.07444199428,24461.10795451517,7.085606267066316
2025-08-07 05:17:00+00:00,24419.650390625,24425.650390625,24417.349609375,24423.099609375,0.0,28.79641392915336,-11.544928488645382,-11.329353244508031,24438.129294244824,24459.482167695947,7.172404480133008
2025-08-07 05:18:00+00:00,24422.44921875,24426.19921875,24419.69921875,24419.75,0.0,32.1493899471765,-11.400445254843362,-11.343571646575098,24436.63595372151,24458.029895188265,7.1278633119092225
2025-08-07 05:19:00+00:00,24418.25,24423.5,24413.599609375,24422.69921875,0.0,29.876223520222453,-11.492306949101476,-11.373318707080374,24434.884910509936,24456.46989929853,7.325900977129992
2025-08-07 05:20:00+00:00,24423.599609375,24423.650390625,24416.5,24417.75,0.0,36.077101843489594,-11.006562435210071,-11.299967452706316,24433.81011992566,24455.180868321135,7.313364523406421
2025-08-07 05:21:00+00:00,24420.5,24423.599609375,24418.80078125,24423.599609375,0.0,34.19057127011321,-10.747824747002596,-11.189538911565572,24432.542489456548,24453.82083426933,7.133754780663105
2025-08-07 05:22:00+00:00,24420.400390625,24421.900390625,24418.099609375,24420.5,0.0,34.12880786141375,-10.430573747729795,-11.037745878798418,24431.38609909164,24452.51022863622,6.8956852427585975
2025-08-07 05:23:00+00:00,24418.0,24421.0,24416.69921875,24421.0,0.0,32.60048418964914,-10.254632487642084,-10.881123200567153,24430.111232511485,24451.15688633676,6.710334957561555
2025-08-07 05:24:00+00:00,24416.69921875,24418.69921875,24416.0,24418.05078125,0.0,31.770210374150878,-10.1036908879978,-10.725636738053282,24428.83389786753,24449.80560525493,6.4238266570214435
2025-08-07 05:25:00+00:00,24425.30078125,24425.849609375,24417.05078125,24417.05078125,0.0,42.24498641564103,-9.184125493538886,-10.417334489150404,24428.497410570624,24448.84463176454,6.618581226162768
2025-08-07 05:26:00+00:00,24426.55078125,24429.44921875,24424.349609375,24424.69921875,0.0,43.600071650816645,-8.25929077715773,-9.98572574675187,24428.312017301992,24447.97036311691,6.5100832367939985
2025-08-07 05:27:00+00:00,24427.650390625,24427.650390625,24425.099609375,24425.900390625,0.0,44.82644027859979,-7.3528640745607845,-9.459153412313654,24428.249005237514,24447.17350145056,6.227275952022999
2025-08-07 05:28:00+00:00,24428.55078125,24430.44921875,24427.400390625,24427.849609375,0.0,45.86445193787471,-6.487081348022912,-8.864738999455506,24428.27774581013,24446.443198697598,6.000243964378499
2025-08-07 05:29:00+00:00,24426.05078125,24430.099609375,24425.650390625,24428.599609375,0.0,43.42174041508466,-5.934264894494845,-8.278644178463374,24428.06565394726,24445.643496052595,5.889456449065749
2025-08-07 05:30:00+00:00,24426.849609375,24433.80078125,24425.30078125,24426.80078125,0.0,44.439994761597866,-5.369795459169836,-7.696874434604667,24427.949840178473,24444.906480888767,6.075923845561053
2025-08-07 05:31:00+00:00,24418.94921875,24426.55078125,24418.69921875,24426.55078125,0.0,37.291750836872986,-5.496583667001687,-7.256816281084072,24427.092638137667,24443.888549040188,6.224100044092405
2025-08-07 05:32:00+00:00,24413.5,24419.099609375,24408.900390625,24419.099609375,0.0,33.31166805038761,-5.9679755401812145,-6.999048132903502,24425.798101172175,24442.69684123469,6.508037094514377
2025-08-07 05:33:00+00:00,24409.849609375,24413.25,24409.599609375,24413.25,0.0,30.930163941522906,-6.5604877922123706,-6.911336064765276,24424.279197191492,24441.408714495097,6.321776632406206
2025-08-07 05:34:00+00:00,24408.55078125,24409.599609375,24401.25,24409.599609375,0.0,30.105461516417122,-7.05355362024784,-6.939779575861789,24422.781252816112,24440.12016809333,6.484478971162906
2025-08-07 05:35:00+00:00,24406.150390625,24408.30078125,24403.69921875,24408.099609375,0.0,28.588344838417427,-7.550960531156306,-7.062015766920693,24421.197361178864,24438.78801995732,6.3678420803655555
2025-08-07 05:36:00+00:00,24388.55078125,24405.94921875,24388.55078125,24405.94921875,0.0,20.45084838152114,-9.258573411145335,-7.501327295765622,24418.0881630904,24436.817932164875,7.170111172839445
2025-08-07 05:37:00+00:00,24405.69921875,24408.400390625,24390.099609375,24390.099609375,0.0,38.7462092654293,-9.122969417843706,-7.8256557201812385,24416.908263629408,24435.59759046233,8.075789615850914
2025-08-07 05:38:00+00:00,24404.849609375,24408.25,24404.849609375,24405.75,0.0,38.276512880205914,-8.980536616338213,-8.056631899412634,24415.759820367086,24434.391787282435,7.741832545075849
2025-08-07 05:39:00+00:00,24411.94921875,24411.94921875,24404.400390625,24405.849609375,0.0,44.34766645829969,-8.200251062549796,-8.085355732040068,24415.396905927366,24433.511686555674,7.728046515070432
2025-08-07 05:40:00+00:00,24411.44921875,24416.44921875,24410.69921875,24411.44921875,0.0,44.01928098047939,-7.535352112292458,-7.975355008090546,24415.020935719996,24432.646491739764,7.5867574782796865
2025-08-07 05:41:00+00:00,24414.150390625,24416.349609375,24408.19921875,24411.19921875,0.0,46.33134972100179,-6.713068829467375,-7.722897772365912,24414.93802666333,24431.92115444115,7.627016988759708
2025-08-07 05:42:00+00:00,24411.5,24415.099609375,24409.400390625,24414.5,0.0,44.393910775290664,-6.203754753700196,-7.419069168632769,24414.610595552538,24431.120324855223,7.489317114562587
2025-08-07 05:43:00+00:00,24410.0,24413.5,24409.30078125,24411.94921875,0.0,43.29056315039827,-5.853679568939697,-7.105991248694155,24414.1714912142,24430.292076821683,7.254310088522402
2025-08-07 05:44:00+00:00,24411.599609375,24413.0,24409.55078125,24409.900390625,0.0,44.86428979485169,-5.38509137354049,-6.761811273663422,24413.926550086657,24429.5590388826,6.982517850056516
2025-08-07 05:45:00+00:00,24413.25,24415.69921875,24410.30078125,24410.94921875,0.0,46.51349860082008,-4.824940214763046,-6.374437061883348,24413.86211674507,24428.91946873034,6.869369253623908
2025-08-07 05:46:00+00:00,24420.599609375,24421.44921875,24412.55078125,24413.69921875,0.0,53.2236348116323,-3.744796647752082,-5.848508979057095,24414.503782709828,24428.593199736013,7.01430269979363
2025-08-07 05:47:00+00:00,24425.25,24425.55078125,24419.400390625,24421.75,0.0,56.90746066966608,-2.4848832431380288,-5.175783831873282,24415.52723197556,24428.462093864015,6.952594694451228
2025-08-07 05:48:00+00:00,24423.650390625,24428.69921875,24422.19921875,24425.05078125,0.0,55.29435576101804,-1.597058010258479,-4.4600386675503225,24416.30086613265,24428.27339961935,6.920266501990426
2025-08-07 05:49:00+00:00,24421.55078125,24424.19921875,24418.599609375,24422.150390625,0.0,53.16415013440144,-1.0507585556042613,-3.7781826451611105,24416.800858048588,24428.009767526433,6.825933850062539
2025-08-07 05:50:00+00:00,24422.349609375,24423.44921875,24418.650390625,24420.94921875,0.0,53.89195830927097,-0.5470475249712763,-3.1319556211231436,24417.329310555866,24427.787800540103,6.681140583986642
2025-08-07 05:51:00+00:00,24420.650390625,24423.400390625,24419.849609375,24422.349609375,0.0,52.03948424695985,-0.28171818444752716,-2.5619081337880205,24417.645603895784,24427.50790211206,6.457543488701882
2025-08-07 05:52:00+00:00,24425.69921875,24428.44921875,24416.69921875,24419.5,0.0,56.79194822321678,0.33212691207882017,-1.9831011246146524,24418.41261483428,24427.43697335276,6.835576096651748
2025-08-07 05:53:00+00:00,24426.150390625,24428.75,24422.650390625,24426.0,0.0,57.20009270865383,0.8452656767476583,-1.4174277643421902,24419.14954586197,24427.386519128144,6.783007045105194
2025-08-07 05:54:00+00:00,24426.849609375,24430.44921875,24425.19921875,24425.75,0.0,57.86437762557495,1.2934429490451294,-0.8752536216647264,24419.882885244162,24427.365463843707,6.673506541883394
2025-08-07 05:55:00+00:00,24428.150390625,24432.05078125,24424.900390625,24426.900390625,0.0,59.13506371416506,1.7336049236473627,-0.35348191260230866,24420.670266709007,24427.396245286112,6.707569690677437
2025-08-07 05:56:00+00:00,24433.30078125,24433.30078125,24427.5,24427.599609375,0.0,63.79117999873642,2.4695623618827085,0.2111269422946948,24421.87317285577,24427.627795716067,6.642799087771906
2025-08-07 05:57:00+00:00,24429.900390625,24433.5,24426.25,24432.94921875,0.0,59.01064320560038,2.7467677993954567,0.7182551137148473,24422.63766978617,24427.716917085047,6.686170581502485
2025-08-07 05:58:00+00:00,24425.099609375,24429.30078125,24424.349609375,24429.30078125,0.0,52.97461039944344,2.549681044747558,1.0845402999213896,24422.8721402232,24427.614277567005,6.605071343538022
2025-08-07 05:59:00+00:00,24424.150390625,24427.900390625,24423.099609375,24424.75,0.0,51.84541099906094,2.2904909971475718,1.325730439366626,24422.993878356705,24427.478438863396,6.476193479713877
2025-08-07 06:00:00+00:00,24422.05078125,24424.80078125,24420.80078125,24424.44921875,0.0,49.34011028753928,1.8938292034799815,1.4393501921892973,24422.904059584638,24427.265589545223,6.299322516877171
2025-08-07 06:01:00+00:00,24427.599609375,24429.44921875,24422.30078125,24422.30078125,0.0,55.46500218931516,2.004113754552236,1.552302904661885,24423.35125480277,24427.278688362076,6.377830729957373
2025-08-07 06:02:00+00:00,24418.400390625,24427.55078125,24417.599609375,24427.30078125,0.0,45.61798598731728,1.3338393144622387,1.508610186621956,24422.879743928697,24426.93051982337,6.63655710638899
2025-08-07 06:03:00+00:00,24414.400390625,24419.5,24413.75,24418.80078125,0.0,42.11665462457002,0.47440675524558173,1.3017695003466812,24422.0721864712,24426.43914220775,6.573231598789776
2025-08-07 06:04:00+00:00,24419.849609375,24422.30078125,24412.5,24413.75,0.0,47.97491704762,0.23035132560471538,1.087485865398288,24421.860512462037,24426.180729155487,6.803770859590506
2025-08-07 06:05:00+00:00,24427.80078125,24428.849609375,24420.0,24420.19921875,0.0,55.1135072852321,0.6707962374130148,1.0041479398012334,24422.426252346606,24426.244260610176,6.960644369619756
2025-08-07 06:06:00+00:00,24423.30078125,24427.900390625,24420.55078125,24426.94921875,0.0,50.86004606764374,0.6492553992320609,0.933169431687399,24422.509540813593,24426.128830047033,6.988427584289774
2025-08-07 06:07:00+00:00,24426.5,24428.599609375,24420.69921875,24423.94921875,0.0,53.60164020281835,0.8801880855680793,0.922573162463535,24422.88958454563,24426.143385731466,7.053567801483362
2025-08-07 06:08:00+00:00,24426.849609375,24427.19921875,24423.75,24426.05078125,0.0,53.90429855441307,1.0789766864218109,0.9538538672551903,24423.266729767478,24426.17108077631,6.796114297805978
2025-08-07 06:09:00+00:00,24441.599609375,24441.599609375,24426.25,24426.80078125,0.0,64.4426570478338,2.3990648872459133,1.242896071253335,24425.01271830153,24426.77612111351,7.4070782318912665
2025-08-07 06:10:00+00:00,24441.349609375,24448.19921875,24440.349609375,24441.25,0.0,64.17485732465792,3.3860392339047394,1.671524703783616,24426.568612689476,24427.3476304571,7.438687599256176
2025-08-07 06:11:00+00:00,24435.80078125,24442.30078125,24435.099609375,24441.650390625,0.0,58.376309196963575,3.6780808319017524,2.0728359294072436,24427.447866838098,24427.67912656663,7.421722190380735
2025-08-07 06:12:00+00:00,24429.849609375,24436.80078125,24429.75,24435.599609375,0.0,52.859783583950104,3.3902355430727766,2.33631585214035,24427.676604222564,24427.764243539506,7.395226408924969
2025-08-07 06:13:00+00:00,24424.599609375,24431.5,24422.099609375,24429.900390625,0.0,48.50508804771694,2.7072771481980453,2.4105081113518896,24427.383557094225,24427.64014023894,7.5384524243588995
2025-08-07 06:14:00+00:00,24423.69921875,24426.55078125,24421.19921875,24424.19921875,0.0,47.77811588799473,2.069517590698524,2.342310007221217,24427.03266772811,24427.485594298196,7.382246001190407
2025-08-07 06:15:00+00:00,24426.05078125,24428.75,24422.25,24423.849609375,0.0,49.89044354606881,1.7338532070025394,2.2206186471774814,24426.939154730193,24427.429327119837,7.319228429676807
2025-08-07 06:16:00+00:00,24421.900390625,24429.5,24419.80078125,24426.19921875,0.0,46.32859834682767,1.1200239880781737,2.00049971535762,24426.45927243446,24427.21250608082,7.48922773827132
2025-08-07 06:17:00+00:00,24425.80078125,24426.19921875,24420.05078125,24421.900390625,0.0,49.9452508200164,0.9374821258061274,1.7878961974473213,24426.39655898832,24427.157144322748,7.3934570069662255
2025-08-07 06:18:00+00:00,24423.599609375,24429.150390625,24422.150390625,24425.80078125,0.0,47.98027544043566,0.6081893818554818,1.5519548343289535,24426.13018283467,24427.017633148327,7.365352935040066
2025-08-07 06:19:00+00:00,24422.19921875,24424.94921875,24421.75,24423.69921875,0.0,46.72090333713088,0.23155348551881616,1.287874564566926,24425.755805302797,24426.828675720943,7.067771921822919
2025-08-07 06:20:00+00:00,24422.05078125,24423.94921875,24421.349609375,24421.900390625,0.0,46.58133644856791,-0.07801157269932446,1.014697337113676,24425.4029458692,24426.641307310318,6.74861745419271
2025-08-07 06:21:00+00:00,24420.099609375,24424.599609375,24420.099609375,24421.80078125,0.0,44.69146469903197,-0.47530831691256026,0.7166962063084288,24424.897866203082,24426.38477013638,6.588001921750374
2025-08-07 06:22:00+00:00,24420.25,24421.05078125,24416.900390625,24419.349609375,0.0,44.87710076679683,-0.769167102927895,0.419523544461164,24424.45521227898,24426.144190915347,6.413886829125347
2025-08-07 06:23:00+00:00,24423.599609375,24425.44921875,24417.80078125,24420.0,0.0,48.98418066395347,-0.7234276021918049,0.19093331513057024,24424.373726288126,24426.04440340396,6.502069019902108
2025-08-07 06:24:00+00:00,24426.650390625,24428.400390625,24423.150390625,24423.150390625,0.0,52.45854350288984,-0.43598045657927287,0.06555056078860162,24424.590551463065,24426.068167608708,6.412635518480529
2025-08-07 06:25:00+00:00,24428.599609375,24430.44921875,24425.400390625,24427.099609375,0.0,54.58662510937764,-0.05031090709235286,0.042378267212410725,24424.972366502298,24426.167439834837,6.315220704660491
2025-08-07 06:26:00+00:00,24428.599609375,24430.30078125,24426.94921875,24427.75,0.0,54.58662510937764,0.25242518902450684,0.08438765157482996,24425.317818204458,24426.26281903249,6.103530832899027
2025-08-07 06:27:00+00:00,24428.94921875,24430.69921875,24426.69921875,24428.900390625,0.0,55.005579087336315,0.5146240157337161,0.17043492440660718,24425.66366587546,24426.36816804102,5.9532786305490974
2025-08-07 06:28:00+00:00,24429.19921875,24432.05078125,24427.650390625,24428.25,0.0,55.32298013724729,0.7341288057141355,0.28317370066811287,24426.000385196847,24426.47918963745,5.8423580587241615
2025-08-07 06:29:00+00:00,24426.44921875,24430.150390625,24424.05078125,24429.5,0.0,51.05642409033409,0.6783661334120552,0.36221218721690135,24426.043131249528,24426.478014308534,5.8607331527438635
2025-08-07 06:30:00+00:00,24427.150390625,24429.099609375,24425.75,24426.80078125,0.0,52.07137110563382,0.6828807006022544,0.426345889893972,24426.14858452338,24426.50438200722,5.681367168619302
2025-08-07 06:31:00+00:00,24424.0,24427.400390625,24421.150390625,24426.69921875,0.0,47.323001079621044,0.4273224261669384,0.4265411971485653,24425.943957425916,24426.406170948114,5.721983799432209
2025-08-07 06:32:00+00:00,24432.55078125,24433.25,24423.599609375,24423.599609375,0.0,58.40892231053519,0.9043425396303064,0.5221014656449136,24426.573178742496,24426.647136057993,6.002584286972765
2025-08-07 06:33:00+00:00,24432.599609375,24436.80078125,24431.94921875,24432.349609375,0.0,58.46267970042705,1.2716654699579522,0.6720142665075213,24427.14712451702,24426.880566384152,5.9203684450461385
2025-08-07 06:34:00+00:00,24434.30078125,24434.900390625,24430.55078125,24432.150390625,0.0,60.38388051823497,1.6806681949165068,0.8737450521893184,24427.82842515826,24427.17155520242,5.808171368614272
2025-08-07 06:35:00+00:00,24436.75,24437.849609375,24434.349609375,24434.349609375,0.0,63.034770814883665,2.177338284898724,1.1344636987311996,24428.67809895271,24427.5471804886,5.64678970835611
2025-08-07 06:36:00+00:00,24433.19921875,24438.94921875,24432.05078125,24436.5,0.0,57.0723005349077,2.2584010957434657,1.3592511781336527,24429.10868179055,24427.768829047873,5.736193122044959
2025-08-07 06:37:00+00:00,24428.80078125,24434.650390625,24428.0,24432.900390625,0.0,50.677586037324765,1.945302573232766,1.4764614571534755,24429.079357929542,24427.809297761683,5.801492943684606
2025-08-07 06:38:00+00:00,24429.349609375,24430.900390625,24421.55078125,24428.55078125,0.0,51.40918417025098,1.7216099336801562,1.5254911524588117,24429.105096162442,24427.86970213868,6.054929831635705
2025-08-07 06:39:00+00:00,24429.25,24430.55078125,24426.69921875,24428.349609375,0.0,51.26056999517207,1.5187866342130292,1.5241502488096554,24429.11889652792,24427.923831466578,5.897546450804583
2025-08-07 06:40:00+00:00,24433.400390625,24434.900390625,24427.599609375,24427.75,0.0,56.856911365639924,1.6736566729887272,1.5540515336454699,24429.526657870498,24428.138598492398,5.99777750788997
2025-08-07 06:41:00+00:00,24435.75,24435.75,24431.94921875,24433.5,0.0,59.67946020961416,1.9633538139314624,1.6359119897026684,24430.119357120926,24428.43708482603,5.840849203754972
2025-08-07 06:42:00+00:00,24445.94921875,24449.69921875,24434.150390625,24435.69921875,0.0,69.12277419803368,2.9815629977056233,1.9050421913032596,24431.62696299036,24429.12383517599,6.534276269558189
2025-08-07 06:43:00+00:00,24444.55078125,24447.400390625,24439.94921875,24446.900390625,0.0,66.8122268232609,3.6337710419975338,2.2507879614421147,24432.857802824612,24429.728813453403,6.599768812804032
2025-08-07 06:44:00+00:00,24442.30078125,24445.69921875,24440.650390625,24444.0,0.0,63.154413287941345,3.923862574796658,2.5854028841130234,24433.757134103224,24430.221831798368,6.488987335103744
2025-08-07 06:45:00+00:00,24447.25,24449.400390625,24438.0,24440.19921875,0.0,67.38432067882336,4.50123535604871,2.9685693785001606,24435.042168950535,24430.889603100393,6.839801855810619
2025-08-07 06:46:00+00:00,24449.30078125,24449.650390625,24445.69921875,24447.5,0.0,68.97375286067441,5.065891904254386,3.3880338836510058,24436.400132026673,24431.611610086653,6.633471142895575
2025-08-07 06:47:00+00:00,24447.25,24452.5,24446.25,24448.69921875,0.0,65.53445379961238,5.286960588411603,3.7678192246031257,24437.433452786037,24432.224880279333,6.606080346974463
2025-08-07 06:48:00+00:00,24440.69921875,24447.0,24440.25,24446.849609375,0.0,55.93911868522241,4.877342841380596,3.98972394795862,24437.744478115936,24432.557207278183,6.634217465047716
2025-08-07 06:49:00+00:00,24441.349609375,24445.69921875,24438.94921875,24440.44921875,0.0,56.618264830778735,4.552718014310813,4.102322761229059,24438.087823950133,24432.90200736041,6.642487646115737
2025-08-07 06:50:00+00:00,24442.19921875,24443.19921875,24440.0,24441.30078125,0.0,57.53899015000922,4.314274604053935,4.1447131297940345,24438.479385359642,24433.266603885495,6.396539867821756
2025-08-07 06:51:00+00:00,24442.349609375,24443.599609375,24441.19921875,24441.69921875,0.0,57.71008860742553,4.090291416770924,4.133828787189413,24438.84797812301,24433.6228001792,6.1111006361916305
2025-08-07 06:52:00+00:00,24432.75,24442.849609375,24432.75,24442.80078125,0.0,45.19207231802432,3.10241220118769,3.9275454699890684,24438.26721830177,24433.588572721193,6.395994117535085
2025-08-07 06:53:00+00:00,24435.849609375,24436.25,24430.849609375,24433.19921875,0.0,49.036083601605256,2.5403399203023582,3.650104360051727,24438.036969832556,24433.677240825265,6.324879582354007
2025-08-07 06:54:00+00:00,24435.349609375,24436.900390625,24432.94921875,24435.5,0.0,48.44582093716496,2.0311341170963715,3.326310311460656,24437.78103074136,24433.74282390565,6.155329031828721
2025-08-07 06:55:00+00:00,24435.0,24435.69921875,24430.650390625,24435.599609375,0.0,48.01064504624934,1.581147806984518,2.9772778105654285,24437.51617067075,24433.792124928957,6.076293252769527
2025-08-07 06:56:00+00:00,24433.55078125,24435.900390625,24430.94921875,24435.44921875,0.0,46.15964460795493,1.0949684579536552,2.600815940043074,24437.13851453544,24433.78266047096,5.9959274400717035
2025-08-07 06:57:00+00:00,24433.55078125,24435.0,24431.75,24433.849609375,0.0,46.15964460795493,0.7015804385373485,2.220968839741929,24436.796825651112,24433.773567168177,5.799789765780868
2025-08-07 06:58:00+00:00,24434.0,24435.44921875,24432.44921875,24433.75,0.0,46.89566902161381,0.4212103470999864,1.8610171412135406,24436.530461303388,24433.782446887075,5.599804782510806
2025-08-07 06:59:00+00:00,24436.80078125,24440.19921875,24434.69921875,24434.849609375,0.0,51.36025875855835,0.4201711974310456,1.5728479524570416,24436.55620606021,24433.900812940523,5.642620065902891
2025-08-07 07:00:00+00:00,24440.44921875,24441.69921875,24436.55078125,24437.900390625,0.0,56.491665891580105,0.7056122203721316,1.3994008060400596,24436.92696917352,24434.157613168347,5.607321311195542
2025-08-07 07:01:00+00:00,24439.0,24442.099609375,24438.94921875,24439.94921875,0.0,54.052331353770064,0.8055999908247031,1.2806406429969883,24437.124400680805,24434.347510691157,5.431826262181574
2025-08-07 07:03:00+00:00,24428.44921875,24433.5,24426.900390625,24431.150390625,0.0,40.38126807071458,0.033099597407272086,1.031132433879045,24436.29819287787,24434.11620512484,5.908096484525748
2025-08-07 07:04:00+00:00,24431.94921875,24433.80078125,24426.69921875,24428.55078125,0.0,45.32176318008471,-0.2933106777491048,0.7662438115534151,24435.884004865693,24434.031225267005,5.993344057059623
2025-08-07 07:05:00+00:00,24435.099609375,24437.55078125,24429.650390625,24431.94921875,0.0,49.387390049158135,-0.29438943973582354,0.5541171612955674,24435.809300533245,24434.073122683007,6.129561669055365
2025-08-07 07:06:00+00:00,24446.400390625,24446.400390625,24433.849609375,24434.099609375,0.0,60.68123113284866,0.6096070651437913,0.5652151420652123,24436.817975780075,24434.55654495524,6.588220210551411
2025-08-07 07:07:00+00:00,24442.30078125,24446.30078125,24440.80078125,24446.05078125,0.0,55.81541401028196,0.9838849799089076,0.6489491096339514,24437.340147729592,24434.860240496215,6.517605150869167
2025-08-07 07:08:00+00:00,24444.400390625,24445.44921875,24440.94921875,24441.849609375,0.0,57.68677773733091,1.4334005045238882,0.8058393886119388,24438.01255181487,24435.23436403068,6.373490497235655
2025-08-07 07:09:00+00:00,24445.25,24446.599609375,24442.55078125,24444.099609375,0.0,58.453585399805235,1.8370250907100854,1.0120765290315683,24438.70183259441,24435.627134068694,6.2074431849331075
2025-08-07 07:10:00+00:00,24442.5,24447.349609375,24441.650390625,24444.849609375,0.0,54.980487598556294,1.9129472013592022,1.192250663497095,24439.06356282351,24435.896658222864,6.171141439580743
2025-08-07 07:11:00+00:00,24443.69921875,24445.0,24441.349609375,24443.599609375,0.0,56.20258203158498,2.0462945421641052,1.363059439230497,24439.50505386413,24436.202640988635,5.991087809967833
2025-08-07 07:12:00+00:00,24440.80078125,24444.400390625,24439.0,24444.349609375,0.0,52.49355357343693,1.896234971092781,1.469694545602954,24439.628456472306,24436.38296021457,5.948895153898702
2025-08-07 07:13:00+00:00,24420.25,24440.75,24417.849609375,24440.400390625,0.0,34.90471741021415,0.117678854483529,1.199291407379069,24437.78288918923,24435.75029510812,7.163343491120223
2025-08-07 07:14:00+00:00,24434.900390625,24435.400390625,24420.55078125,24420.55078125,0.0,48.22361809186967,-0.10842573236732278,0.9377479794297907,24437.508365516445,24435.716965520547,7.733846857825922
2025-08-07 07:15:00+00:00,24429.849609375,24439.5,24429.849609375,24434.94921875,0.0,44.81895146132866,-0.6872489046036208,0.6127486026231085,24436.778960169642,24435.486873122685,7.870742841195499
2025-08-07 07:16:00+00:00,24431.349609375,24433.19921875,24429.19921875,24429.30078125,0.0,46.03744900456662,-1.0132528269605245,0.2875483167063819,24436.26187914158,24435.324627485523,7.594261209681535
2025-08-07 07:17:00+00:00,24431.94921875,24434.69921875,24430.150390625,24431.599609375,0.0,46.545585195301676,-1.209289877788251,-0.011819322192544668,24435.851149580478,24435.192258515504,7.376730275061425
2025-08-07 07:18:00+00:00,24430.849609375,24434.30078125,24430.75,24432.0,0.0,45.69578178411462,-1.4368172053254966,-0.29681889881913504,24435.37481241805,24435.02195854921,7.1034482018427525
2025-08-07 07:19:00+00:00,24425.19921875,24431.150390625,24424.30078125,24430.69921875,0.0,41.50263234443398,-2.0494487829673744,-0.647344875648783,24434.40570825919,24434.636753066887,7.08531685706827
2025-08-07 07:20:00+00:00,24433.19921875,24433.849609375,24424.25,24425.150390625,0.0,48.68263746539889,-1.867898608375981,-0.8914556221942227,24434.29080449641,24434.58037917211,7.26490917977768
2025-08-07 07:21:00+00:00,24429.5,24433.25,24428.599609375,24433.19921875,0.0,45.87848143659713,-1.9994662224889908,-1.1130577422531762,24433.83453740151,24434.38114861634,7.078157854436418
2025-08-07 07:22:00+00:00,24427.849609375,24430.599609375,24426.94921875,24429.30078125,0.0,44.64298161691178,-2.2114154147711815,-1.3327292767567773,24433.26454425613,24434.12500982256,6.8333173380481025
2025-08-07 07:23:00+00:00,24427.94921875,24428.44921875,24425.349609375,24428.0,0.0,44.7397080065477,-2.344325111975195,-1.535048443800461,24432.75832277936,24433.882821937364,6.5666239121160945
2025-08-07 07:24:00+00:00,24431.849609375,24432.80078125,24426.75,24427.30078125,0.0,48.53200311332218,-2.1105984133537277,-1.6501584377111145,24432.67177864561,24433.803088111392,6.529778007679231
2025-08-07 07:25:00+00:00,24431.19921875,24432.400390625,24428.599609375,24431.69921875,0.0,47.94119203437243,-1.9553098142823728,-1.7111887130253662,24432.531534846028,24433.700975587417,6.334849667845
2025-08-07 07:26:00+00:00,24427.69921875,24431.75,24426.69921875,24430.30078125,0.0,44.78182109116434,-2.0905645037346403,-1.7870638711672213,24432.071314265457,24433.465612574186,6.243130495141785
2025-08-07 07:27:00+00:00,24433.44921875,24434.55078125,24426.80078125,24428.19921875,0.0,50.5476673355563,-1.7140197219268885,-1.7724550413191549,24432.202543263986,24433.46496967912,6.350764031203086
2025-08-07 07:28:00+00:00,24436.80078125,24437.150390625,24432.099609375,24433.150390625,0.0,53.58967134814643,-1.1321119045896921,-1.6443864139732625,24432.64047069123,24433.595785819154,6.257908118260009
2025-08-07 07:29:00+00:00,24435.5,24438.75,24434.94921875,24436.44921875,0.0,52.24637814003149,-0.7670656869631785,-1.4689222685712457,24432.912806815875,24433.67046088507,6.082399056241437
2025-08-07 07:30:00+00:00,24434.650390625,24436.44921875,24433.0,24435.80078125,0.0,51.34115618019631,-0.5400944331340725,-1.2831567014838112,24433.078290988175,24433.708889502323,5.8943147486527625
2025-08-07 07:31:00+00:00,24430.30078125,24435.099609375,24427.599609375,24434.75,0.0,46.86445500243568,-0.7030904159400961,-1.1671434443750683,24432.813766251205,24433.57523819831,6.009006552320423
2025-08-07 07:32:00+00:00,24436.30078125,24436.30078125,24428.150390625,24430.44921875,0.0,52.957924154502926,-0.34414891624692245,-1.0025445387494392,24433.145862917758,24433.682122239556,6.161962557511821
2025-08-07 07:33:00+00:00,24435.05078125,24436.05078125,24433.900390625,24435.650390625,0.0,51.629547476939145,-0.15872011829196708,-0.8337796546579448,24433.327283711307,24433.73579514193,5.893278848046691
2025-08-07 07:34:00+00:00,24434.849609375,24435.94921875,24432.94921875,24435.25,0.0,51.406063407721874,-0.027680268121912377,-0.6725597773507384,24433.47226710785,24433.77947413146,5.686616073186213
2025-08-07 07:35:00+00:00,24427.5,24435.400390625,24426.94921875,24435.400390625,0.0,43.925318463708294,-0.5109918995512999,-0.6402462017908508,24432.903479764245,24433.533220243953,5.88408434474434
2025-08-07 07:36:00+00:00,24420.94921875,24427.75,24417.55078125,24427.75,0.0,38.5416932978021,-1.4064010335823696,-0.7934771681491546,24431.76497871527,24433.039729989287,6.19230823083403
2025-08-07 07:37:00+00:00,24413.849609375,24421.25,24413.44921875,24421.05078125,0.0,33.718310388802095,-2.658255649606872,-1.166432864440698,24430.058753063815,24432.287176239708,6.307199160774457
2025-08-07 07:38:00+00:00,24411.75,24414.849609375,24410.5,24414.0,0.0,32.42589633638089,-3.776250120565237,-1.6883963156656059,24428.315062295835,24431.481796779328,6.167371318933425
2025-08-07 07:39:00+00:00,24411.849609375,24412.349609375,24408.94921875,24412.0,0.0,32.557968989764916,-4.6011914782066015,-2.270955348173805,24426.746923922423,24430.7119070772,5.969729840795323
2025-08-07 07:40:00+00:00,24410.5,24413.69921875,24408.75,24411.5,0.0,31.65521294852337,-5.302738970909559,-2.8773120727209562,24425.199597834573,24429.919283270254,5.8968361914528
2025-08-07 07:41:00+00:00,24403.30078125,24409.05078125,24400.400390625,24408.599609375,0.0,27.305805814191487,-6.366251021081553,-3.5750998623930754,24423.11399625509,24428.87542044593,6.197034275991885
2025-08-07 07:42:00+00:00,24405.69921875,24407.150390625,24398.69921875,24403.349609375,0.0,30.72099063381907,-6.935608741059696,-4.2472016381264,24421.45544601651,24427.96654979119,6.358044104492464
2025-08-07 07:43:00+00:00,24402.69921875,24407.150390625,24400.0,24405.349609375,0.0,28.892561774707346,-7.5419646898590145,-4.906154248472923,24419.669138657795,24426.97567406408,6.4146402845287165
2025-08-07 07:44:00+00:00,24403.150390625,24405.099609375,24400.599609375,24402.099609375,0.0,29.57144809542831,-7.895090657559194,-5.503941530290177,24418.095924559435,24426.04134922333,6.277880264205237
2025-08-07 07:45:00+00:00,24403.0,24404.5,24401.900390625,24402.94921875,0.0,29.47044558781721,-8.093780731593142,-6.0219093705507705,24416.658217458535,24425.13776690085,6.015146629262006
2025-08-07 07:46:00+00:00,24397.400390625,24403.75,24396.44921875,24403.5,0.0,25.920479197281054,-8.603905261315958,-6.538308548703808,24414.824138712484,24424.05002665474,6.106977673600434
2025-08-07 07:47:00+00:00,24389.80078125,24397.099609375,24385.5,24396.599609375,0.0,22.04013682224543,-9.511761919802666,-7.13299922292358,24412.44096181129,24422.706918991807,6.520792884414688
2025-08-07 07:48:00+00:00,24387.900390625,24390.900390625,24384.94921875,24389.900390625,0.0,21.186028666808525,-10.26624759189508,-7.759648896717881,24410.103764555453,24421.341957095072,6.4801056694564965
2025-08-07 07:49:00+00:00,24404.44921875,24405.599609375,24381.80078125,24387.05078125,0.0,42.19387349865594,-9.420240133087646,-8.091767143991834,24409.565236383507,24420.679496767814,7.717157273423889
2025-08-07 07:50:00+00:00,24391.25,24404.650390625,24391.25,24404.650390625,0.0,34.33322239497764,-9.702989743615035,-8.414011663916476,24407.820928156507,24419.525398855352,8.123102512822182
2025-08-07 07:51:00+00:00,24384.69921875,24393.150390625,24384.69921875,24391.5,0.0,31.2241599738404,-10.33651127900157,-8.798511586933495,24405.618860593982,24418.1596663022,8.146536038692027
2025-08-07 07:52:00+00:00,24379.599609375,24386.849609375,24379.599609375,24385.349609375,0.0,29.0209542069598,-11.121871505823947,-9.263183570711586,24403.140836668364,24416.647507207017,8.082497750214026
2025-08-07 07:53:00+00:00,24370.80078125,24379.30078125,24369.55078125,24379.30078125,0.0,25.65704997448931,-12.312338069503312,-9.873014470469931,24400.060831390423,24414.84959638517,8.222949919841595
2025-08-07 07:54:00+00:00,24362.349609375,24371.349609375,24359.5,24370.599609375,0.0,22.91018498239734,-13.778895805215143,-10.654190737418974,24396.46928643657,24412.790773365163,8.48199702378148
2025-08-07 07:55:00+00:00,24365.44921875,24367.099609375,24357.05078125,24362.25,0.0,26.037812714972418,-14.523621536271094,-11.428076897189397,24393.514994275945,24410.93424181163,8.593913531011374
2025-08-07 07:56:00+00:00,24367.150390625,24370.75,24365.05078125,24365.099609375,0.0,27.76987042224627,-14.805878736828163,-12.103637265117152,24391.00407964252,24409.217228039604,8.38714961808199
2025-08-07 07:57:00+00:00,24364.849609375,24366.80078125,24361.30078125,24366.80078125,0.0,26.853919686497704,-15.041830560774542,-12.69127592424863,24388.51317771228,24407.477321425307,8.205896743576133
2025-08-07 07:58:00+00:00,24359.849609375,24365.19921875,24359.80078125,24365.05078125,0.0,24.929535385173097,-15.454136627275147,-13.243848064853934,24385.78331406111,24405.60956801157,8.005363940463551
2025-08-07 07:59:00+00:00,24358.0,24360.849609375,24355.94921875,24358.80078125,0.0,24.237595523485723,-15.748600115246518,-13.74479847493245,24383.13728415053,24403.742526128764,7.783580132216154
2025-08-07 08:00:00+00:00,24358.25,24359.25,24354.650390625,24357.849609375,0.0,24.542456266632,-15.779890880865423,-14.151816956119045,24380.76706661238,24401.958505496263,7.556153649557857
2025-08-07 08:01:00+00:00,24365.30078125,24365.849609375,24357.849609375,24358.75,0.0,32.760258833957195,-15.062123137340677,-14.333878192363372,24379.29408705406,24400.520947682686,7.587856960303725
2025-08-07 08:02:00+00:00,24359.400390625,24366.349609375,24358.94921875,24365.900390625,0.0,29.832281477036233,-14.798807796829351,-14.426864113256567,24377.399449298908,24398.908376817682,7.57446650778203
2025-08-07 08:03:00+00:00,24351.75,24359.599609375,24346.150390625,24359.5,0.0,26.52234377994587,-15.034146793044783,-14.548320649214212,24374.956644603775,24397.059028707186,7.994091667940457
2025-08-07 08:04:00+00:00,24356.849609375,24359.599609375,24344.5,24351.80078125,0.0,31.942910645945318,-14.640393443434732,-14.566735208058317,24373.232165058176,24395.48218873338,8.501628647016139
2025-08-07 08:05:00+00:00,24353.150390625,24356.80078125,24347.55078125,24355.55078125,0.0,30.202354647022005,-14.46014951205143,-14.54541806885694,24371.31961511216,24393.822118219327,8.558571466872129
2025-08-07 08:06:00+00:00,24351.55078125,24355.150390625,24350.30078125,24352.5,0.0,29.454942245314513,-14.281748894733028,-14.492684234032158,24369.43686903005,24392.16441873033,8.293645603166977
2025-08-07 08:07:00+00:00,24347.900390625,24352.25,24347.69921875,24351.05078125,0.0,27.76626356054149,-14.2704206102826,-14.448231509282246,24367.38577584862,24390.42857449091,8.026298149369335
2025-08-07 08:08:00+00:00,24347.30078125,24348.75,24346.349609375,24347.80078125,0.0,27.48749882894434,-14.146751384741947,-14.387935484374188,24365.472919220178,24388.73728848146,7.624447611914383
2025-08-07 08:09:00+00:00,24358.349609375,24359.400390625,24345.19921875,24346.69921875,0.0,39.53407366557446,-13.007255002798047,-14.11179938805896,24364.794508758732,24387.54561479101,8.094213630706212
2025-08-07 08:10:00+00:00,24356.900390625,24358.5,24354.150390625,24358.5,0.0,38.62760888927955,-12.0818635496762,-13.705812220382409,24364.04268798409,24386.343841294303,7.826741898155769
2025-08-07 08:11:00+00:00,24360.400390625,24365.349609375,24355.75,24356.650390625,0.0,42.08155113541998,-10.939954422017763,-13.15264066070948,24363.69580252132,24385.32645107198,7.953375289358928
2025-08-07 08:12:00+00:00,24362.30078125,24363.05078125,24358.849609375,24361.650390625,0.0,43.926807980767244,-9.769026315771043,-12.475917791721793,24363.562943352623,24384.42348362798,7.6853607597618625
2025-08-07 08:13:00+00:00,24360.80078125,24364.099609375,24359.69921875,24362.19921875,0.0,42.76857027712669,-8.859962684768107,-11.752726770331057,24363.299880295228,24383.497103142567,7.450720035850301
2025-08-07 08:14:00+00:00,24385.400390625,24394.80078125,24360.69921875,24361.19921875,0.0,60.95236222518031,-6.084403107084654,-10.619062037681775,24365.404690802825,24383.57174186737,9.354351640432423
2025-08-07 08:15:00+00:00,24390.05078125,24395.5,24382.650390625,24386.150390625,0.0,63.32466365553604,-3.469510133327276,-9.189151656810877,24367.751937512083,24383.825821843162,9.60401290718725
2025-08-07 08:16:00+00:00,24377.650390625,24393.400390625,24377.650390625,24389.849609375,0.0,53.917928471541714,-2.370471185127826,-7.825415562474267,24368.69464733236,24383.5836480699,10.043011985245304
2025-08-07 08:17:00+00:00,24376.30078125,24381.94921875,24374.80078125,24376.75,0.0,52.9952291435817,-1.5900480142045126,-6.578342052820316,24369.4190410388,24383.298045449512,9.83625666487064
2025-08-07 08:18:00+00:00,24373.650390625,24377.0,24370.05078125,24376.400390625,0.0,51.14421389096924,-1.1719123259972548,-5.497056107455704,24369.82202671368,24382.919706044628,9.630039670951309
2025-08-07 08:19:00+00:00,24377.05078125,24379.25,24372.849609375,24373.5,0.0,53.393394363521416,-0.5597017816617154,-4.509585242296906,24370.510479526663,24382.689552131113,9.39935045338336
2025-08-07 08:20:00+00:00,24378.400390625,24379.30078125,24373.5,24377.650390625,0.0,54.29280258099675,0.03398986881802557,-3.6008702200739195,24371.261899631267,24382.521349719107,9.142309795998834
2025-08-07 08:21:00+00:00,24372.900390625,24378.30078125,24371.349609375,24378.25,0.0,50.05360170059946,0.059999112141667865,-2.868696353630802,24371.417946392576,24382.144057205613,8.99291489985606
2025-08-07 08:22:00+00:00,24382.849609375,24385.19921875,24372.349609375,24372.849609375,0.0,56.647824359895246,0.8733628456648148,-2.1202845137716784,24372.506676200424,24382.17172591814,9.268393076652057
2025-08-07 08:23:00+00:00,24380.150390625,24384.150390625,24375.30078125,24381.94921875,0.0,54.54385670046771,1.2853384876470955,-1.4391599134879238,24373.234649002763,24382.092457867428,9.23847995510548
2025-08-07 08:24:00+00:00,24383.44921875,24383.69921875,24377.30078125,24379.849609375,0.0,56.66235175834726,1.8566180748093757,-0.7800043158284639,24374.20746516917,24382.145664176547,9.035619779740804
2025-08-07 08:25:00+00:00,24383.0,24385.05078125,24379.75,24382.599609375,0.0,56.27771200084258,2.2472086422458233,-0.17456172421360644,24375.044849438775,24382.179167542174,8.768845599045033
2025-08-07 08:26:00+00:00,24382.69921875,24383.80078125,24379.349609375,24382.75,0.0,56.00358427222404,2.5036237319254724,0.3610753670142093,24375.773836992223,24382.199561707184,8.460440333041817
2025-08-07 08:27:00+00:00,24389.44921875,24390.69921875,24381.5,24382.400390625,0.0,60.6373928306636,3.2144489590828016,0.9317500854279278,24377.076254302487,24382.48386198337,8.513210219967402
2025-08-07 08:28:00+00:00,24386.75,24393.75,24384.75,24389.5,0.0,58.00642299964583,3.519409120428463,1.449281892428035,24377.997563416535,24382.651161513437,8.547980918541159
2025-08-07 08:29:00+00:00,24388.25,24388.25,24385.0,24387.150390625,0.0,59.069250792315216,3.8378889149826136,1.9270032969389508,24378.973985948294,24382.87072380703,8.169553710073933
2025-08-07 08:30:00+00:00,24392.400390625,24394.44921875,24388.400390625,24388.400390625,0.0,61.93960640931851,4.374758787755127,2.416554395102186,24380.2526911556,24383.244436231264,8.02881549864008
2025-08-07 08:31:00+00:00,24394.599609375,24397.349609375,24390.099609375,24392.400390625,0.0,63.40408413941307,4.920964784509124,2.9174364729835736,24381.619064319355,24383.68973713886,7.973185820165789
2025-08-07 08:32:00+00:00,24401.0,24402.400390625,24391.099609375,24394.55078125,0.0,67.34244816554849,5.803397056501126,3.4946285896870846,24383.464867717514,24384.368570976552,8.210871208011088
2025-08-07 08:33:00+00:00,24399.599609375,24402.150390625,24390.849609375,24400.650390625,0.0,65.67702685521138,6.316913720525918,4.059085615854851,24385.00150978013,24384.96586660002,8.431579068153154
2025-08-07 08:34:00+00:00,24404.900390625,24404.900390625,24395.44921875,24399.44921875,0.0,68.82030261694113,7.070108315179823,4.661290155719846,24386.896641289168,24385.747612640218,8.50440712578507
2025-08-07 08:35:00+00:00,24416.80078125,24417.44921875,24404.30078125,24404.94921875,0.0,74.47244210431339,8.528965915662411,5.434825307708359,24389.74465461877,24386.96538395825,8.836123581086136
2025-08-07 08:36:00+00:00,24413.0,24422.849609375,24413.0,24416.94921875,0.0,70.10159877837432,9.271553099340963,6.20217086603488,24391.959449416983,24387.98634929322,8.908515423508556
2025-08-07 08:37:00+00:00,24415.80078125,24418.30078125,24406.25,24412.30078125,0.0,71.43216932502887,9.971117595388932,6.955960211905691,24394.2300524487,24389.077111330742,9.132962982543658
2025-08-07 08:38:00+00:00,24416.650390625,24422.44921875,24413.25,24415.099609375,0.0,71.8415464103466,10.473353574114299,7.659438884347413,24396.365322751204,24390.158416401104,9.137695537361967
2025-08-07 08:39:00+00:00,24413.69921875,24417.5,24412.44921875,24416.80078125,0.0,68.18640685864976,10.512067726114765,8.229964652700884,24398.016169989183,24391.081585120668,8.845773088264684
2025-08-07 08:40:00+00:00,24417.400390625,24419.44921875,24413.400390625,24413.400390625,0.0,70.23194765162656,10.717853861144249,8.727542494389558,24399.86228624021,24392.113695140444,8.64599130517435
2025-08-07 08:41:00+00:00,24422.55078125,24424.400390625,24413.80078125,24417.5,0.0,72.84820008680961,11.16779890156613,9.215593775824873,24402.02309528876,24393.307306360428,8.78553545301904
2025-08-07 08:42:00+00:00,24433.150390625,24442.75,24421.5,24421.55078125,0.0,77.27480889677176,12.23860446569961,9.82019591379982,24404.987599606502,24394.869780253157,9.675854349231965
2025-08-07 08:43:00+00:00,24418.900390625,24436.099609375,24417.94921875,24433.19921875,0.0,62.518142134605334,11.801331281294551,10.216422987298767,24406.31262732255,24395.812157130484,10.281178368929684
2025-08-07 08:44:00+00:00,24427.599609375,24430.19921875,24417.94921875,24419.05078125,0.0,66.69893391154518,12.018204996857094,10.576779389210433,24408.33995894659,24397.05872388517,10.421808485434706
2025-08-07 08:45:00+00:00,24433.099609375,24436.19921875,24426.599609375,24427.349609375,0.0,69.04949875718656,12.48990713871899,10.959404939112146,24410.698020892152,24398.472091943593,10.363079977546514
2025-08-07 08:46:00+00:00,24441.19921875,24444.25,24432.849609375,24432.849609375,0.0,72.16540947235163,13.36326190498221,11.440176332286159,24413.602896878616,24400.147665543846,10.437173595221763
2025-08-07 08:47:00+00:00,24449.400390625,24453.44921875,24440.19921875,24441.19921875,0.0,74.91876765350513,14.549450866812549,12.062031239191437,24417.01218199732,24402.079144958792,10.638089766991637
2025-08-07 08:48:00+00:00,24464.599609375,24467.05078125,24448.5,24448.5,0.0,79.05407230830289,16.525468775740592,12.954718746501268,24421.544317938053,24404.530927877076,11.203282015777948
2025-08-07 08:49:00+00:00,24467.30078125,24468.599609375,24464.05078125,24464.599609375,0.0,79.69481151774085,18.10078462290039,13.983931921781092,24425.902076348713,24406.99249075445,10.727963880722381
2025-08-07 08:50:00+00:00,24478.75,24487.19921875,24466.5,24466.69921875,0.0,82.182705033986,20.04205768409156,15.195557074243187,24430.93521193455,24409.806510724862,11.440196371385069
2025-08-07 08:51:00+00:00,24481.099609375,24484.25,24476.5,24477.5,0.0,82.65245555299686,21.522031825374142,16.46085202446938,24435.712773595544,24412.602318515063,11.176610916286135
2025-08-07 08:52:00+00:00,24490.650390625,24513.69921875,24480.599609375,24480.599609375,0.0,84.44742002598558,23.19817608905214,17.80831683738593,24440.944927598346,24415.66302722526,12.742539377622839
2025-08-07 08:53:00+00:00,24485.0,24495.150390625,24480.94921875,24490.19921875,0.0,79.22463271088174,23.796284438496514,19.005910357608048,24445.14064877946,24418.382124196818,12.846727413149779
2025-08-07 08:54:00+00:00,24453.94921875,24485.599609375,24452.44921875,24485.599609375,0.0,57.99704787834617,21.516719718681998,19.50807222982284,24445.979560205225,24419.776912218513,14.29698907113908
2025-08-07 08:55:00+00:00,24455.0,24463.75,24450.099609375,24453.55078125,0.0,58.40323335495707,19.569354186416604,19.520328621141594,24446.83864970949,24421.158209778572,14.250803467843431
2025-08-07 08:56:00+00:00,24454.75,24456.94921875,24449.5,24454.55078125,0.0,58.25888258540192,17.800684847046796,19.176399866322637,24447.59211164192,24422.475534885296,13.764975987997472
2025-08-07 08:57:00+00:00,24451.0,24456.25,24448.099609375,24453.849609375,0.0,56.022130874331026,15.91297314415715,18.52371452188954,24447.91667243793,24423.594141360383,13.363934176354794
2025-08-07 08:58:00+00:00,24447.55078125,24450.650390625,24436.94921875,24448.25,0.0,53.96964879658447,13.97750096218806,17.614471809949247,24447.88182565813,24424.533617434485,13.412994681615166
2025-08-07 08:59:00+00:00,24469.650390625,24469.650390625,24445.650390625,24447.25,0.0,63.257871227080955,14.064749419765576,16.904527331912515,24449.95502232164,24426.30290265764,14.169209347214082
2025-08-07 09:00:00+00:00,24471.599609375,24478.599609375,24467.80078125,24469.349609375,0.0,63.948855310937894,14.128317662369227,16.349285398003857,24452.01641156482,24428.07924409754,13.928467831341647
2025-08-07 09:01:00+00:00,24476.150390625,24476.94921875,24465.69921875,24469.650390625,0.0,65.57653296504026,14.38014065686366,15.95545644977582,24454.31488576103,24429.96438709862,13.737148700531531
2025-08-07 09:02:00+00:00,24469.55078125,24477.80078125,24468.44921875,24476.05078125,0.0,61.25713724779393,13.887097062441171,15.54178457230889,24455.765923426647,24431.5167947124,13.423892543350707
2025-08-07 09:03:00+00:00,24476.30078125,24476.80078125,24467.05078125,24469.30078125,0.0,63.87784401796696,13.881013368092681,15.209630331465648,24457.721624171725,24433.27302947858,13.161471647397084
2025-08-07 09:04:00+00:00,24478.5,24481.44921875,24470.44921875,24476.19921875,0.0,64.71530094711773,13.893495007927413,14.946403266758002,24459.70051710775,24435.046636165695,13.00708081544015
2025-08-07 09:05:00+00:00,24470.150390625,24483.5,24469.94921875,24478.599609375,0.0,59.11196542831261,13.078877937910875,14.572898200988579,24460.69574315701,24436.423253987632,13.045916560765852
2025-08-07 09:06:00+00:00,24487.400390625,24503.5,24469.44921875,24469.80078125,0.0,65.71637519890895,13.667666524783272,14.391851865747519,24463.239042915866,24438.422357385178,14.54626403856829
2025-08-07 09:07:00+00:00,24491.5,24493.55078125,24486.19921875,24487.19921875,0.0,67.07741180910827,14.300245606809767,14.37353061395997,24465.930562638165,24440.503833566152,14.032356785813414
2025-08-07 09:08:00+00:00,24499.900390625,24507.650390625,24484.25,24491.30078125,0.0,69.72925517405817,15.303006867867225,14.55942586474142,24469.165784351197,24442.833110313557,14.701502060041028
2025-08-07 09:09:00+00:00,24494.099609375,24506.099609375,24488.80078125,24499.0,0.0,65.78853322820909,15.451512407234986,14.737843173240135,24471.54043435346,24444.843561257145,14.88702535039524
2025-08-07 09:10:00+00:00,24482.900390625,24497.19921875,24479.69921875,24493.75,0.0,58.871044928013085,14.498392318055267,14.689953002203161,24472.62233495075,24446.33598593824,15.073666396795579
2025-08-07 09:11:00+00:00,24491.599609375,24491.599609375,24479.099609375,24483.25,0.0,62.19619289171406,14.280376737438928,14.608037749250315,24474.429694419727,24448.111029994583,14.88983308273875
2025-08-07 09:12:00+00:00,24495.849609375,24497.55078125,24489.55078125,24491.80078125,0.0,63.738607531344385,14.285858812592778,14.543601961918808,24476.46968632023,24449.983131146757,14.39770214825741
2025-08-07 09:13:00+00:00,24509.75,24509.80078125,24494.30078125,24495.25,0.0,68.29495404669132,15.236215145690949,14.682124598673237,24479.639240004017,24452.32692992532,14.476437709096166
2025-08-07 09:14:00+00:00,24515.05078125,24521.650390625,24508.400390625,24511.05078125,0.0,69.85072855317038,16.23001858164571,14.991703395267733,24483.01176774173,24454.786688800796,14.388835015589295
2025-08-07 09:15:00+00:00,24508.900390625,24519.80078125,24504.75,24514.900390625,0.0,65.8152740230442,16.33305257896791,15.259973232007768,24485.47735087347,24456.908794754687,14.436116889475773
2025-08-07 09:16:00+00:00,24509.55078125,24510.94921875,24504.25,24508.75,0.0,66.03871452313217,16.279528580249462,15.463884301656108,24487.770058528375,24458.973186381954,13.883481308084646
2025-08-07 09:17:00+00:00,24511.400390625,24515.25,24506.900390625,24508.55078125,0.0,66.70520893804726,16.199619316801545,15.611031304685197,24490.0205663471,24461.0291551758,13.48820474143574
2025-08-07 09:18:00+00:00,24509.05078125,24512.69921875,24504.650390625,24511.19921875,0.0,64.96112937778429,15.764968071172916,15.641818657982741,24491.832967766422,24462.912356198314,13.09967784026176
2025-08-07 09:19:00+00:00,24518.94921875,24520.150390625,24507.30078125,24508.94921875,0.0,68.67673208728438,16.034390536035062,15.720333033593207,24494.415467860097,24465.10988021995,13.081815807028777
2025-08-07 09:20:00+00:00,24535.099609375,24540.44921875,24519.19921875,24519.19921875,0.0,73.59647254529538,17.351098664792517,16.04648615983307,24498.290148004373,24467.85457548093,13.683114677955292
2025-08-07 09:21:00+00:00,24533.150390625,24539.150390625,24531.349609375,24532.30078125,0.0,72.12409981452001,18.029481045843568,16.44308513703517,24501.610171111097,24470.41519568266,13.262948004529914
2025-08-07 09:22:00+00:00,24539.19921875,24541.349609375,24531.69921875,24532.099609375,0.0,73.87104076354566,18.838040641585394,16.922076237945213,24505.19008041004,24473.11260835197,13.004908191706349
2025-08-07 09:23:00+00:00,24532.0,24542.599609375,24530.55078125,24538.55078125,0.0,68.3785653944014,18.6825523260959,17.274171455575352,24507.743406085276,24475.421917828367,12.936616758370182
2025-08-07 09:24:00+00:00,24534.19921875,24536.94921875,24530.0,24531.849609375,0.0,69.13356736019551,18.52326067064496,17.523989298589274,24510.26300729144,24477.726910021374,12.508945472058027
2025-08-07 09:25:00+00:00,24518.650390625,24540.19921875,24517.400390625,24534.349609375,0.0,58.49881256887747,16.947005868842098,17.40859261263984,24511.06180570416,24479.331752397986,13.24393709012531
2025-08-07 09:26:00+00:00,24533.25,24533.849609375,24518.650390625,24519.349609375,0.0,64.08530207869677,16.683561334735714,17.263586357059015,24513.174967065668,24481.44619348042,13.383600065830645
2025-08-07 09:27:00+00:00,24530.099609375,24535.44921875,24528.25,24533.80078125,0.0,62.14143052184922,16.035719654628338,17.01801301657288,24514.786837761796,24483.354170574326,12.941858543271312
2025-08-07 09:28:00+00:00,24526.150390625,24529.80078125,24521.849609375,24529.400390625,0.0,59.69691669951226,15.030370749645954,16.620484563187496,24515.869080891625,24485.032453713568,12.606725790180505
2025-08-07 09:29:00+00:00,24537.099609375,24537.849609375,24524.0,24524.349609375,0.0,63.93311700416658,14.944859903869656,16.285359631323928,24517.89103598528,24487.074302955192,12.695503189096184
2025-08-07 09:30:00+00:00,24546.900390625,24550.349609375,24537.150390625,24537.150390625,0.0,67.25125971603634,15.489381136907468,16.126163932440637,24520.653831665255,24489.420424040283,12.735110104160743
2025-08-07 09:31:00+00:00,24553.05078125,24556.900390625,24545.80078125,24545.80078125,0.0,69.16821426628742,16.23011262419459,16.14695367079143,24523.73925543523,24491.915732166155,12.618288623506404
2025-08-07 09:32:00+00:00,24558.75,24559.75,24550.5,24553.0,0.0,70.86981539243324,17.080137790879235,16.33359049480899,24527.07361206045,24494.536683845916,12.377696578970232
2025-08-07 09:33:00+00:00,24560.400390625,24561.55078125,24554.25,24558.30078125,0.0,71.36270223518643,17.683121572004893,16.603496710248173,24530.247590971358,24497.119574307842,12.015059769758071
2025-08-07 09:34:00+00:00,24568.19921875,24568.80078125,24559.150390625,24560.400390625,0.0,73.63304413904922,18.57615644671023,16.998028657540583,24533.862031712182,24499.907011344792,11.846154830846782
2025-08-07 09:35:00+00:00,24587.30078125,24587.55078125,24566.75,24568.25,0.0,78.19316275920332,20.587904921805602,17.71600391039359,24538.95143643007,24503.33421800774,12.485771003643439
2025-08-07 09:36:00+00:00,24593.650390625,24594.099609375,24586.30078125,24586.30078125,0.0,79.46456466971055,22.435962680960074,18.659995664506887,24544.160860639113,24506.876028698614,12.150989369454622
2025-08-07 09:37:00+00:00,24591.94921875,24596.349609375,24591.349609375,24593.900390625,0.0,78.14993131458816,23.492484676811728,19.626493466967855,24548.712132840148,24510.212232230042,11.640204414493578
2025-08-07 09:38:00+00:00,24577.19921875,24592.0,24572.599609375,24591.19921875,0.0,67.69301763886872,22.87588527553453,20.276371828681192,24551.425188641086,24512.839172877884,12.19450342952975
2025-08-07 09:39:00+00:00,24584.400390625,24584.400390625,24575.650390625,24578.599609375,0.0,69.81646209421355,22.70655318450008,20.76240809984497,24554.565684068126,24515.64549514248,11.948467470277624
2025-08-07 09:40:00+00:00,24583.94921875,24586.05078125,24578.5,24581.69921875,0.0,69.50821133900033,22.279130534148862,21.06575258670575,24557.36411594259,24518.32407253885,11.63434702597208
2025-08-07 09:41:00+00:00,24593.400390625,24594.44921875,24582.5,24583.44921875,0.0,72.27019701216115,22.444301649578847,21.34146239928037,24560.796142102816,24521.26824187556,11.656837863402645
2025-08-07 09:42:00+00:00,24595.55078125,24597.30078125,24591.650390625,24591.94921875,0.0,72.87229605648058,22.489474833753775,21.571064886175055,24564.106107735883,24524.18128263534,11.227805917802456
2025-08-07 09:43:00+00:00,24600.80078125,24601.30078125,24593.099609375,24595.44921875,0.0,74.33733617468832,22.68738003692488,21.794327916325024,24567.60083854675,24527.185968855527,11.011617771887996
2025-08-07 09:44:00+00:00,24592.0,24601.19921875,24590.900390625,24601.19921875,0.0,67.73363420897269,21.881831705657532,21.811828674191528,24569.924568208964,24529.727695567075,10.960704225681711
2025-08-07 09:45:00+00:00,24604.94921875,24605.69921875,24590.05078125,24592.25,0.0,71.71509319920168,22.034324603315326,21.856327860016286,24573.26024921287,24532.67755922131,11.295542316704445
2025-08-07 09:46:00+00:00,24601.44921875,24606.650390625,24596.30078125,24604.44921875,0.0,69.22860205911437,21.623493402294116,21.809760968471853,24575.944912978313,24535.374487045963,11.227975678011271
2025-08-07 09:47:00+00:00,24607.19921875,24610.400390625,24599.44921875,24601.19921875,0.0,71.00709661827027,21.513884986656194,21.75058577210872,24578.921513528,24538.19114319122,11.20820397779618
2025-08-07 09:48:00+00:00,24607.5,24610.25,24605.5,24608.0,0.0,71.10118866002422,21.206830914725288,21.641834800632036,24581.64327414438,24540.90913757588,10.74690369366788
2025-08-07 09:49:00+00:00,24604.69921875,24607.94921875,24601.650390625,24607.44921875,0.0,68.86018541207648,20.501164053075627,21.413700651120756,24583.83907839253,24543.41070938663,10.429184010191603
2025-08-07 09:50:00+00:00,24602.75,24605.849609375,24601.150390625,24604.19921875,0.0,67.27105357850094,19.5591664229687,21.042793805490344,24585.640118545627,24545.737740391076,10.019900777320775
2025-08-07 09:51:00+00:00,24612.150390625,24612.400390625,24603.55078125,24604.69921875,0.0,70.7739829213788,19.34812631906243,20.703860308204764,24588.164906362712,24548.342158047308,9.993507195012148
2025-08-07 09:52:00+00:00,24622.099609375,24623.94921875,24609.94921875,24612.150390625,0.0,73.95164307795858,19.7559599120832,20.514280228980454,24591.39678284007,24551.234607118982,10.27968525251128
2025-08-07 09:53:00+00:00,24624.69921875,24625.650390625,24621.5,24621.94921875,0.0,74.72491844991671,20.05772475804406,20.422969134793174,24594.568443402924,24554.115572280985,9.841878493403332
2025-08-07 09:54:00+00:00,24629.25,24629.25,24621.55078125,24624.400390625,0.0,76.06447003087158,20.428597432139213,20.42409479426238,24597.87144879312,24557.06202042683,9.688831368874522
2025-08-07 09:55:00+00:00,24630.900390625,24632.94921875,24624.94921875,24627.349609375,0.0,76.54986765375077,20.618017754495668,20.462879386309037,24601.01706230092,24559.957642787544,9.568200556812057
2025-08-07 09:56:00+00:00,24628.94921875,24633.80078125,24628.5,24631.5,0.0,74.62313460015608,20.375811786205304,20.44546586628829,24603.677267677023,24562.66319478607,9.263384892039767
2025-08-07 09:57:00+00:00,24626.69921875,24631.349609375,24622.650390625,24629.30078125,0.0,72.36132881075571,19.77435911263092,20.311244515556815,24605.869834445875,24565.174411412107,9.223087310465498
2025-08-07 09:58:00+00:00,24625.19921875,24630.400390625,24622.75,24629.349609375,0.0,70.82022272315022,18.958128566522646,20.04062132574998,24607.710728189126,24567.52832542536,9.110751832932248
2025-08-07 09:59:00+00:00,24626.650390625,24631.650390625,24620.0,24626.099609375,0.0,71.453638734663,18.218347649300995,19.676166590460184,24609.51450556397,24569.846837786128,9.29215460379423
2025-08-08 03:45:00+00:00,24561.599609375,24573.5,24544.25,24544.25,0.0,34.89094666480864,12.241894607039285,18.189312193776004,24604.951182117402,24569.523417064127,14.514171462451786
2025-08-08 03:46:00+00:00,24555.349609375,24560.849609375,24546.349609375,24558.75,0.0,33.13652891466995,6.921404108325078,15.93573057668582,24600.227222808604,24568.967581468478,14.56673064370523
2025-08-08 03:47:00+00:00,24567.25,24569.30078125,24552.349609375,24555.94921875,0.0,39.38620643273613,3.623371156525536,13.473258692653763,24597.08653492207,24568.90022533246,14.737047874512
2025-08-08 03:48:00+00:00,24584.349609375,24584.349609375,24563.400390625,24567.650390625,0.0,47.045384472432296,2.3622216298317653,11.251051280089365,24595.873494393778,24569.50608353021,15.180774365618285
2025-08-08 03:49:00+00:00,24575.30078125,24585.30078125,24575.30078125,24585.30078125,0.0,43.88515126583047,0.6253777726778935,9.125916578607072,24593.914188380084,24569.733326578047,14.810719053788407
2025-08-08 03:50:00+00:00,24575.650390625,24581.94921875,24568.5,24573.349609375,0.0,44.041553579333645,-0.7146350743532821,7.157806248015001,24592.174779070076,24569.965368305377,14.713469032089236
2025-08-08 03:51:00+00:00,24567.099609375,24577.099609375,24564.349609375,24574.44921875,0.0,41.02945918122335,-2.4384723040857352,5.238550537594854,24589.786667670545,24569.852985602225,14.57322124408286
2025-08-08 03:52:00+00:00,24565.19921875,24569.349609375,24557.44921875,24566.400390625,0.0,40.36865617980663,-3.9128662826042273,3.4082671735550374,24587.44500586859,24569.670484941355,14.382304771291228
2025-08-08 03:53:00+00:00,24560.150390625,24567.80078125,24559.349609375,24565.400390625,0.0,38.59042521318988,-5.4261827112713945,1.641377196589751,24584.845518702536,24569.29714790934,13.95865242155614
2025-08-08 03:54:00+00:00,24560.0,24564.5,24557.849609375,24561.599609375,0.0,38.53597180675609,-6.5619896187890845,0.0007038335139839536,24582.479278826104,24568.93255387368,13.43663372180213
2025-08-08 03:55:00+00:00,24557.19921875,24562.349609375,24553.650390625,24561.0,0.0,37.47541235472676,-7.600510462358216,-1.5195390256604562,24580.071654056952,24568.472423084517,13.098246938101978
2025-08-08 03:56:00+00:00,24554.55078125,24560.400390625,24551.599609375,24557.69921875,0.0,36.45375287289233,-8.538822257607535,-2.923395672049872,24577.641094742004,24567.92647634591,12.791285103237552
2025-08-08 03:57:00+00:00,24545.25,24554.349609375,24543.400390625,24553.94921875,0.0,33.04653386964665,-9.918600974593573,-4.322436732558613,24574.556228576097,24567.03720276372,12.674078354792012
2025-08-08 03:58:00+00:00,24525.94921875,24545.80078125,24525.849609375,24545.69921875,0.0,27.336476387021875,-12.42625515770851,-5.943200417588592,24569.92698954504,24565.425909272988,13.193870749092582
2025-08-08 03:59:00+00:00,24515.150390625,24527.099609375,24514.80078125,24525.75,0.0,24.75878823888189,-15.110776716755936,-7.776715677422061,24564.710170600276,24563.4543203064,13.12993913308597
2025-08-08 04:00:00+00:00,24516.0,24523.150390625,24511.849609375,24515.5,0.0,25.355157154725575,-16.974056657982146,-9.616183873534078,24560.071106733583,24561.593366568894,12.999284998579828
2025-08-08 04:01:00+00:00,24517.55078125,24518.5,24503.650390625,24515.19921875,0.0,26.50030272342471,-18.116745781077043,-11.316296255042673,24556.021551925623,24559.86620636031,13.131451025466983
2025-08-08 04:02:00+00:00,24515.849609375,24518.19921875,24510.69921875,24517.94921875,0.0,26.02857263526893,-18.941262414202356,-12.84128948687461,24552.195652635088,24558.140065302065,12.729204523647912
2025-08-08 04:03:00+00:00,24510.44921875,24516.44921875,24510.44921875,24514.900390625,0.0,24.535440423710256,-19.80219677873538,-14.233470945246763,24548.219801788888,24556.269836025513,12.248547057673061
2025-08-08 04:04:00+00:00,24509.69921875,24515.150390625,24509.19921875,24510.849609375,0.0,24.32672605503339,-20.31088100418492,-15.448952957034397,24544.551174832803,24554.443537308827,11.798734544624986
2025-08-08 04:05:00+00:00,24503.05078125,24511.349609375,24502.30078125,24509.25,0.0,22.49956969848607,-21.008319431479322,-16.560826251923384,24540.598756396346,24552.42813511044,11.602312657508916
2025-08-08 04:06:00+00:00,24515.05078125,24515.05078125,24502.150390625,24502.80078125,0.0,32.372810447601694,-20.358069544818136,-17.320274910502334,24538.16561590622,24550.962356527678,11.695032512329707
2025-08-08 04:07:00+00:00,24520.150390625,24521.0,24516.0,24516.44921875,0.0,36.09850283810729,-19.209807267008728,-17.698181381803614,24536.449880165153,24549.75404413934,11.284617243591871
2025-08-08 04:08:00+00:00,24517.94921875,24532.94921875,24517.30078125,24520.349609375,0.0,35.19714989591941,-18.266848455135914,-17.811914796470074,24534.68791241133,24548.506796084857,11.596318690478167
2025-08-08 04:09:00+00:00,24516.400390625,24519.25,24512.30078125,24517.650390625,0.0,34.543557919412194,-17.443447088797257,-17.73822125493551,24532.946243669772,24547.24772136094,11.264382980444012
2025-08-08 04:10:00+00:00,24512.05078125,24517.55078125,24508.849609375,24517.0,0.0,32.70673167649774,-16.94652372242126,-17.579881748432662,24530.956199629793,24545.86744919973,11.081296472912296
2025-08-08 04:11:00+00:00,24504.599609375,24514.0,24504.099609375,24512.150390625,0.0,29.78489405450287,-16.95846899836397,-17.455599198418923,24528.446048176957,24544.249102539936,10.996946055204274
2025-08-08 04:12:00+00:00,24496.400390625,24505.25,24496.400390625,24505.19921875,0.0,26.93357683678967,-17.42863765902439,-17.450206890540017,24525.394080791055,24542.37268246484,10.843564863761113
2025-08-08 04:13:00+00:00,24501.94921875,24503.44921875,24496.400390625,24496.400390625,0.0,31.698882563158023,-17.155744905594474,-17.391314493550908,24523.161236787146,24540.787448593674,10.57251223956389
2025-08-08 04:14:00+00:00,24499.5,24502.94921875,24498.05078125,24502.150390625,0.0,30.745716597270572,-16.94181225084685,-17.301414045010098,24520.90778566456,24539.16833296255,10.1672211867379
2025-08-08 04:15:00+00:00,24496.849609375,24500.099609375,24490.650390625,24499.75,0.0,29.70479474856519,-16.792559283443552,-17.19964309269679,24518.616530779836,24537.508775174803,10.115935298399478
2025-08-08 04:16:00+00:00,24497.599609375,24506.599609375,24495.94921875,24496.55078125,0.0,30.422650927095887,-16.42442594107706,-17.044599662372846,24516.61491921747,24535.94370984932,10.154110678870945
2025-08-08 04:17:00+00:00,24489.599609375,24497.900390625,24489.599609375,24497.150390625,0.0,27.228543246584024,-16.587006075220415,-16.95308094494236,24514.04203256581,24534.126294144447,10.021730005380164
2025-08-08 04:18:00+00:00,24489.75,24495.099609375,24489.55078125,24489.55078125,0.0,27.38289334130087,-16.513360990004003,-16.86513695395469,24511.728505654777,24532.386047315253,9.702237013924437
2025-08-08 04:19:00+00:00,24484.5,24492.19921875,24484.05078125,24489.849609375,0.0,25.360667161751593,-16.686278817946004,-16.829365326752953,24509.135314640036,24530.50816310681,9.591251334358406
2025-08-08 04:20:00+00:00,24481.55078125,24488.05078125,24481.349609375,24484.69921875,0.0,24.27608750506768,-16.86686403848944,-16.836865069100252,24506.50821622194,24528.58826577909,9.384817087261379
2025-08-08 04:21:00+00:00,24484.80078125,24484.849609375,24479.75,24481.5,0.0,27.93367091151049,-16.5568739515802,-16.780866845596243,24504.44084146271,24526.87110952305,9.078730822099851
2025-08-08 04:22:00+00:00,24488.0,24488.599609375,24478.30078125,24484.650390625,0.0,31.44403144516491,-15.870113567802036,-16.598716190037404,24502.87504703769,24525.346752286852,9.16588062944986
2025-08-08 04:23:00+00:00,24480.599609375,24489.5,24480.599609375,24487.599609375,0.0,28.041403526956657,-15.7415419942663,-16.427281350883185,24500.7535767841,24523.59196236874,9.146917057703442
2025-08-08 04:24:00+00:00,24487.30078125,24487.55078125,24477.099609375,24480.349609375,0.0,34.910047270934314,-14.926852070628229,-16.127195494832193,24499.472358161805,24522.168778795458,9.240078116081767
2025-08-08 04:25:00+00:00,24494.5,24496.80078125,24487.650390625,24487.650390625,0.0,41.38338597957063,-13.54415901568791,-15.610588199003338,24498.998800241632,24521.083728646616,9.25864396493307
2025-08-08 04:26:00+00:00,24481.69921875,24494.5,24479.5,24494.5,0.0,34.76320356322721,-13.327648043687077,-15.154000167940087,24497.35122105195,24519.539238062436,9.668740824580707
2025-08-08 04:27:00+00:00,24483.150390625,24488.94921875,24480.94921875,24482.19921875,0.0,36.01289686988538,-12.890371912704722,-14.701274516893015,24495.998761011288,24518.11222443744,9.54954505139637
2025-08-08 04:28:00+00:00,24485.0,24485.19921875,24478.849609375,24483.19921875,0.0,37.65226815974431,-12.25333064156439,-14.211685741827292,24494.951259962596,24516.81370583205,9.320978217368056
2025-08-08 04:29:00+00:00,24476.849609375,24484.849609375,24476.55078125,24484.849609375,0.0,33.570689032166385,-12.264758748027816,-13.822300343067399,24493.22729323997,24515.246486363147,9.258709683984623
2025-08-08 04:30:00+00:00,24469.650390625,24480.900390625,24469.650390625,24477.19921875,0.0,30.432583600645458,-12.708239714658703,-13.59948821738566,24490.981873943303,24513.458404177338,9.40094470655715
2025-08-08 04:31:00+00:00,24467.25,24471.150390625,24462.849609375,24469.30078125,0.0,29.444282042840683,-13.10235722025027,-13.500062017958584,24488.72169547251,24511.646309895874,9.322361602517352
2025-08-08 04:32:00+00:00,24461.650390625,24467.75,24460.19921875,24467.30078125,0.0,27.223267509457372,-13.708516615290137,-13.541752937424896,24486.143475963225,24509.68568561074,9.195820148766114
2025-08-08 04:33:00+00:00,24457.900390625,24462.69921875,24456.55078125,24461.5,0.0,25.818698762037272,-14.32635070980541,-13.698672491900998,24483.453658311966,24507.654889728947,8.978149959568535
2025-08-08 04:34:00+00:00,24452.19921875,24458.400390625,24451.69921875,24458.400390625,0.0,23.807589246992606,-15.101939842716092,-13.979325962064017,24480.47704502035,24505.480157533697,8.81550866781364
2025-08-08 04:35:00+00:00,24448.400390625,24452.849609375,24447.69921875,24452.55078125,0.0,22.547311331553274,-15.840533687958668,-14.351567507242947,24477.422125554127,24503.241735301985,8.55371452189838
2025-08-08 04:36:00+00:00,24445.25,24449.30078125,24444.650390625,24448.349609375,0.0,21.529461929269758,-16.489998389355605,-14.77925368366548,24474.358113596594,24500.96754960387,8.274905672119925
2025-08-08 04:37:00+00:00,24445.30078125,24446.30078125,24437.55078125,24446.150390625,0.0,21.590905842176554,-16.806867119626986,-15.184776370857783,24471.590748611205,24498.78453908019,8.308840981254216
2025-08-08 04:38:00+00:00,24454.05078125,24454.30078125,24442.400390625,24444.849609375,0.0,31.538298718832834,-16.165589149102743,-15.380938926506776,24469.920275529184,24497.030274067238,8.56538024152177
2025-08-08 04:39:00+00:00,24450.80078125,24455.05078125,24449.5,24454.75,0.0,30.01514654792932,-15.738199409814115,-15.452391023168245,24468.09937131212,24495.217352780288,8.35005174212736
2025-08-08 04:40:00+00:00,24457.0,24459.05078125,24451.099609375,24451.19921875,0.0,36.331519967986814,-14.729472626502684,-15.307807343835133,24467.042288330013,24493.718633063414,8.342905189118262
2025-08-08 04:41:00+00:00,24457.0,24458.849609375,24455.099609375,24457.150390625,0.0,36.331519967986814,-13.771302381726855,-15.000506351413478,24466.08587991763,24492.27868666877,8.014840532752672
2025-08-08 04:42:00+00:00,24450.94921875,24456.5,24446.44921875,24456.25,0.0,32.96373740965208,-13.346344684170617,-14.669674017964907,24464.64429313976,24490.657923220977,8.195979155413195
2025-08-08 04:43:00+00:00,24450.30078125,24454.599609375,24448.55078125,24450.25,0.0,32.61482462949675,-12.913032730997656,-14.318345760571457,24463.27824438836,24489.07529020251,8.042611224669395
2025-08-08 04:44:00+00:00,24449.599609375,24452.900390625,24448.599609375,24450.0,0.0,32.21770976413703,-12.482320179584349,-13.951140644374036,24461.97551724423,24487.527224287704,7.775337655050152
2025-08-08 04:45:00+00:00,24447.30078125,24453.099609375,24447.19921875,24449.30078125,0.0,30.889757999518693,-12.186000963461993,-13.598112708191628,24460.577923340017,24485.949716717598,7.641412867189428
2025-08-08 04:46:00+00:00,24449.900390625,24450.099609375,24443.19921875,24447.349609375,0.0,34.19304064731638,-11.607593981167156,-13.200008962786736,24459.561015462397,24484.536017655144,7.58848270703304
2025-08-08 04:47:00+00:00,24452.400390625,24452.69921875,24448.69921875,24449.30078125,0.0,37.29694698036563,-10.822715644819255,-12.724550299193242,24458.87905119217,24483.275796987295,7.332162513673537
2025-08-08 04:48:00+00:00,24459.94921875,24464.150390625,24452.349609375,24452.599609375,0.0,45.635261921628356,-9.482260965123714,-12.076092432379337,24458.980971911962,24482.361029213283,7.651349566268284
2025-08-08 04:49:00+00:00,24456.55078125,24460.349609375,24456.25,24460.0,0.0,42.87124835385165,-8.595087658071861,-11.379891477517843,24458.74952518225,24481.34886262649,7.39765383832055
2025-08-08 04:50:00+00:00,24449.5,24458.19921875,24448.150390625,24457.400390625,0.0,37.761168519610344,-8.36451462367404,-10.776816106749083,24457.868618022036,24480.09988762153,7.587023430226225
2025-08-08 04:51:00+00:00,24450.30078125,24451.19921875,24443.150390625,24449.69921875,0.0,38.65550001298943,-8.024664145174029,-10.226385714434073,24457.147871662797,24478.931295214807,7.620009479852923
2025-08-08 04:52:00+00:00,24448.80078125,24450.69921875,24446.44921875,24450.05078125,0.0,37.56656825359969,-7.786608480877476,-9.738430267722755,24456.352910671103,24477.749706431874,7.379294517006286
2025-08-08 04:53:00+00:00,24462.099609375,24463.75,24449.5,24449.5,0.0,50.79973076725713,-6.450486175734113,-9.080841449325026,24456.900215309568,24477.135977135527,7.920003390791551
2025-08-08 04:54:00+00:00,24468.25,24468.25,24460.75,24462.599609375,0.0,55.49762893978633,-4.839527440355596,-8.23257864753114,24457.981147184848,24476.787507443936,7.890003148592155
2025-08-08 04:55:00+00:00,24468.400390625,24470.849609375,24461.69921875,24467.400390625,0.0,55.60924620758841,-3.510232000207907,-7.2881093180664935,24458.97345608391,24476.458600902017,7.98003082547843
2025-08-08 04:56:00+00:00,24480.400390625,24480.44921875,24468.599609375,24468.599609375,0.0,63.48011694917435,-1.4714936126329121,-6.124786176979777,24461.014116516395,24476.613180891152,8.270659204015685
2025-08-08 04:57:00+00:00,24471.150390625,24481.25,24470.05078125,24480.75,0.0,55.33535932280041,-0.5953140370365873,-5.018891748991139,24461.97947595531,24476.398953821892,8.47984202872885
2025-08-08 04:58:00+00:00,24466.30078125,24472.400390625,24466.30078125,24470.5,0.0,51.5975331975655,-0.2889277779540862,-4.072898954783729,24462.39102884052,24476.002947054367,8.309825410605361
2025-08-08 04:59:00+00:00,24467.150390625,24470.0,24464.5,24466.400390625,0.0,52.20662296010179,0.022186167512700194,-3.253881930324443,24462.844301391422,24475.655787978707,8.10912359556212
2025-08-08 05:00:00+00:00,24460.94921875,24468.599609375,24460.94921875,24467.599609375,0.0,47.50751646140273,-0.22899680161935976,-2.6489049045834263,24462.663817330333,24475.079059773663,8.076356954807684
2025-08-08 05:01:00+00:00,24449.19921875,24462.150390625,24449.19921875,24461.69921875,0.0,40.135774630374314,-1.3605048623212497,-2.391224896130991,24461.3814746084,24474.064164047246,8.424558020535708
2025-08-08 05:02:00+00:00,24438.55078125,24451.0,24435.849609375,24449.69921875,0.0,34.857027675716765,-3.080957703470631,-2.529171457598919,24459.207122859978,24472.67148236892,8.9049746351403
2025-08-08 05:03:00+00:00,24450.400390625,24451.44921875,24439.75,24439.75,0.0,43.726644140640445,-3.448512227692845,-2.7130396116177047,24458.36838645665,24471.7981062221,9.190221982630279
2025-08-08 05:04:00+00:00,24444.05078125,24451.0,24442.30078125,24451.0,0.0,40.54125757346143,-4.203704557468882,-3.01117260078794,24457.004805008397,24470.709975831036,9.155150323156688
2025-08-08 05:05:00+00:00,24439.150390625,24444.69921875,24438.5,24444.30078125,0.0,38.22678446450999,-5.138388346524152,-3.436615749935183,24455.30438459093,24469.472345038645,8.944012353645496
2025-08-08 05:06:00+00:00,24439.19921875,24442.05078125,24438.5,24441.25,0.0,38.264603739051964,-5.808238207217073,-3.9109402413915615,24453.770559272747,24468.28516361556,8.55878156052796
2025-08-08 05:07:00+00:00,24440.099609375,24443.05078125,24439.05078125,24439.900390625,0.0,39.00616076839078,-6.195032570070907,-4.367758707127431,24452.46856404439,24467.179847762993,8.233154306204534
2025-08-08 05:08:00+00:00,24437.44921875,24440.599609375,24437.05078125,24440.5,0.0,37.57536664256663,-6.638905097148381,-4.821987985131621,24451.038150206827,24466.013940742876,7.898559578975639
2025-08-08 05:09:00+00:00,24435.0,24438.349609375,24434.69921875,24437.5,0.0,36.252005579315224,-7.106390708424442,-5.278868529790185,24449.510707329988,24464.797707772566,7.59511893940595
2025-08-08 05:10:00+00:00,24437.5,24438.650390625,24433.099609375,24435.25,0.0,38.627984735646685,-7.192239655058074,-5.661542754843763,24448.366830441417,24463.727209428544,7.449094818734096
2025-08-08 05:11:00+00:00,24446.55078125,24447.05078125,24436.349609375,24437.30078125,0.0,46.414672070390736,-6.455537736834231,-5.820341751241857,24448.193873375567,24463.05362400978,7.681386037038804
2025-08-08 05:12:00+00:00,24446.55078125,24450.94921875,24446.25,24447.349609375,0.0,46.41467207039074,-5.804782242652436,-5.817229849523973,24448.037388411227,24462.406453705476,7.4683740879646034
2025-08-08 05:13:00+00:00,24438.650390625,24448.150390625,24438.19921875,24443.94921875,0.0,41.13156460090607,-5.859010298572684,-5.825585939333716,24447.143388622062,24461.474843388594,7.64571678703856
2025-08-08 05:14:00+00:00,24437.400390625,24440.94921875,24437.19921875,24439.0,0.0,40.34901260819939,-5.934442418751132,-5.847357235217199,24446.215484050914,24460.530747201785,7.367451302250091
2025-08-08 05:15:00+00:00,24435.25,24439.650390625,24435.19921875,24437.599609375,0.0,38.97522794411858,-6.097453817255882,-5.897376551624936,24445.171152236544,24459.539345350735,7.159145628875085
2025-08-08 05:16:00+00:00,24435.0,24440.69921875,24434.19921875,24435.599609375,0.0,38.80979028267204,-6.175625667168788,-5.953026374733707,24444.202471071156,24458.57701808208,7.1120637982411505
2025-08-08 05:17:00+00:00,24430.25,24436.55078125,24427.80078125,24435.5,0.0,35.708413323786715,-6.545411296963721,-6.07150335917971,24442.873664302475,24457.46615462788,7.229059241223925
2025-08-08 05:18:00+00:00,24427.30078125,24430.30078125,24423.75,24430.05078125,0.0,33.897178060806596,-6.995803114645241,-6.256363310272817,24441.39053258319,24456.28319880914,7.180610813279358
2025-08-08 05:19:00+00:00,24426.25,24429.69921875,24425.849609375,24427.55078125,0.0,33.25005527039812,-7.35277295054766,-6.475645238327785,24439.948577099076,24455.105426306818,6.942682139116547
2025-08-08 05:20:00+00:00,24426.650390625,24429.19921875,24425.44921875,24426.75,0.0,33.76890471517575,-7.516717895196052,-6.683859769701439,24438.682083149164,24453.98954255459,6.714633414893937
2025-08-08 05:21:00+00:00,24421.900390625,24428.19921875,24421.849609375,24425.80078125,0.0,30.718325053405707,-7.938421565275348,-6.9347721288162205,24437.08382671829,24452.731144439706,6.688560269187227
2025-08-08 05:22:00+00:00,24427.19921875,24427.849609375,24419.400390625,24421.349609375,0.0,37.501117874857336,-7.755651296076394,-7.098947962268256,24436.142435483216,24451.729892451876,6.814321589245282
2025-08-08 05:23:00+00:00,24435.5,24435.849609375,24425.94921875,24426.75,0.0,46.36041735763199,-6.861901141619455,-7.051538598138496,24436.08125115148,24451.093426081214,7.034755091799191
2025-08-08 05:24:00+00:00,24437.80078125,24439.5,24433.0,24435.349609375,0.0,48.53790471354138,-5.899933130101999,-6.821217504531196,24436.24501592277,24450.572145891758,6.99655829952782
2025-08-08 05:25:00+00:00,24438.0,24439.55078125,24436.099609375,24437.150390625,0.0,48.731973823401766,-5.063126689397905,-6.469599341504538,24436.41215726346,24450.07912056267,6.743316412061547
2025-08-08 05:26:00+00:00,24432.80078125,24439.69921875,24432.55078125,24438.05078125,0.0,44.06189040668258,-4.764562151074642,-6.12859190341856,24436.06821669075,24449.40153862884,6.772253632628579
2025-08-08 05:27:00+00:00,24424.80078125,24432.900390625,24424.80078125,24432.650390625,0.0,38.02376254734813,-5.114523699099664,-5.925778262554781,24434.995127601156,24448.43680304536,6.86706475708368
2025-08-08 05:28:00+00:00,24426.75,24429.900390625,24425.05078125,24425.05078125,0.0,40.17494650974069,-5.174931693145481,-5.775608948672921,24434.209877353427,24447.586340180835,6.740817944077703
2025-08-08 05:29:00+00:00,24421.849609375,24426.900390625,24409.0,24426.5,0.0,36.72386272400625,-5.554200664912059,-5.731327291920749,24433.03270897453,24446.577056619823,7.537930278429295
2025-08-08 05:30:00+00:00,24424.44921875,24426.25,24418.849609375,24422.69921875,0.0,39.683889253892936,-5.5806767392059555,-5.701197181377791,24432.21523371505,24445.709298271988,7.528106017470059
2025-08-08 05:31:00+00:00,24422.0,24424.650390625,24420.900390625,24424.400390625,0.0,37.88570108169674,-5.733201920040301,-5.707598129110293,24431.242354313617,24444.779521869164,7.258241301936484
2025-08-08 05:32:00+00:00,24423.44921875,24429.25,24418.80078125,24422.0,0.0,39.628876987627386,-5.671758877444518,-5.700430278777138,24430.500150926608,24443.943039393904,7.486168262512449
2025-08-08 05:33:00+00:00,24427.150390625,24428.30078125,24420.099609375,24423.150390625,0.0,43.95479312345344,-5.263734134645347,-5.61309104995078,24430.181126135976,24443.284504148065,7.537239949118702
2025-08-08 05:34:00+00:00,24427.150390625,24434.19921875,24426.900390625,24427.75,0.0,43.95479312345344,-4.884071055421373,-5.467287051044899,24429.89248465874,24442.651793813828,7.520210533110223
2025-08-08 05:35:00+00:00,24423.75,24427.849609375,24422.400390625,24427.19921875,0.0,40.8369046211535,-4.802211529753549,-5.334271946786629,24429.30748611981,24441.910546997602,7.37228254860235
2025-08-08 05:36:00+00:00,24423.400390625,24425.5,24422.69921875,24423.55078125,0.0,40.518669244228256,-4.711239583379211,-5.209665474105146,24428.744905596497,24441.1846585124,7.045746741559325
2025-08-08 05:37:00+00:00,24427.5,24429.849609375,24423.5,24424.150390625,0.0,45.84779397612643,-4.259241560343071,-5.019580691352731,24428.626343158736,24440.648005237403,7.003137599305087
2025-08-08 05:38:00+00:00,24430.099609375,24433.849609375,24429.05078125,24429.400390625,0.0,48.969929004733004,-3.649197443312005,-4.745504041744586,24428.76665422695,24440.234342654563,6.956457011854724
2025-08-08 05:39:00+00:00,24431.849609375,24435.349609375,24429.400390625,24430.55078125,0.0,51.01728343825508,-2.990055215519533,-4.3944142764995755,24429.060269002955,24439.905529584776,6.884511421722244
2025-08-08 05:40:00+00:00,24428.150390625,24432.30078125,24428.150390625,24431.900390625,0.0,46.747715744073766,-2.7346529120841296,-4.062462003616487,24428.97361391934,24439.444543743215,6.689217079099227
2025-08-08 05:41:00+00:00,24435.25,24436.94921875,24428.400390625,24428.400390625,0.0,54.60054781578467,-1.9370366511357133,-3.6373769331203323,24429.571364974643,24439.28005183172,6.839903582377853
2025-08-08 05:42:00+00:00,24435.25,24437.44921875,24433.400390625,24435.650390625,0.0,54.60054781578467,-1.2900491344225884,-3.1679113733807838,24430.112187358012,24439.122010583418,6.640541049708006
2025-08-08 05:43:00+00:00,24445.19921875,24446.19921875,24435.5,24436.55078125,0.0,63.377764371180014,0.02522120355934021,-2.529284857992759,24431.549047490582,24439.360332472304,6.948303742586006
2025-08-08 05:44:00+00:00,24440.80078125,24445.69921875,24439.5,24445.19921875,0.0,58.035852731844294,0.7045437338456395,-1.8825191396250793,24432.430164991478,24439.416820659666,6.894797671687006
2025-08-08 05:45:00+00:00,24442.650390625,24444.849609375,24438.349609375,24441.05078125,0.0,59.57874586037432,1.376294683690503,-1.230756374961963,24433.403519813717,24439.543627324972,6.866597837995077
2025-08-08 05:46:00+00:00,24441.650390625,24446.19921875,24440.55078125,24442.19921875,0.0,58.3300562366052,1.8071389357464795,-0.6231773128202746,24434.18893608146,24439.6262454936,6.779586385281143
2025-08-08 05:47:00+00:00,24444.5,24446.05078125,24442.05078125,24442.400390625,0.0,60.84822382269861,2.3514200641584466,-0.028257837424530308,24435.17094216894,24439.817373121303,6.6096438309753465
2025-08-08 05:48:00+00:00,24452.099609375,24452.75,24442.69921875,24443.80078125,0.0,66.63848441098011,3.3572909831236757,0.6488519266851109,24436.783196188568,24440.299029444977,6.855439360905678
2025-08-08 05:49:00+00:00,24450.150390625,24452.55078125,24449.55078125,24452.099609375,0.0,64.02308957342429,3.9516135295125423,1.3094042472505973,24438.05626232537,24440.68535733439,6.580050835126701
2025-08-08 05:50:00+00:00,24449.30078125,24452.75,24447.599609375,24450.25,0.0,62.864941560929246,4.304443112527224,1.9084120203059227,24439.127168889623,24441.023217095786,6.477932248689079
2025-08-08 05:51:00+00:00,24449.94921875,24451.05078125,24448.05078125,24449.349609375,0.0,63.408987255791054,4.58355027172729,2.4434396705901964,24440.1578403049,24441.373256376344,6.22950851663986
2025-08-08 05:52:00+00:00,24443.69921875,24449.44921875,24443.69921875,24448.900390625,0.0,55.03910736068149,4.251414282251062,2.80503459292237,24440.49511444253,24441.464470587074,6.230972194022727
2025-08-08 05:53:00+00:00,24433.0,24444.80078125,24431.19921875,24444.80078125,0.0,44.266909039645924,3.0892456804431276,2.861876810426522,24439.78129401943,24441.132530564053,6.757442930163961
2025-08-08 05:54:00+00:00,24433.55078125,24435.94921875,24430.30078125,24432.849609375,0.0,44.86514287952167,2.187446611438645,2.7269907706289467,24439.187911850913,24440.835207061544,6.678228256580821
2025-08-08 05:55:00+00:00,24431.55078125,24434.25,24431.05078125,24433.44921875,0.0,43.05778138214049,1.296436553260719,2.440879927155301,24438.460566079397,24440.47111193168,6.429727577539333
2025-08-08 05:56:00+00:00,24438.75,24438.75,24430.75,24431.5,0.0,50.74893758798171,1.1578741965277004,2.1842787810297812,24438.488131214694,24440.403617346125,6.5418898934293805
2025-08-08 05:57:00+00:00,24434.25,24439.849609375,24434.25,24438.55078125,0.0,46.519308133989306,0.6771444390142278,1.8828519126266707,24438.084499670436,24440.162299018826,6.474584142112996
2025-08-08 05:58:00+00:00,24433.25,24435.19921875,24432.25,24434.0,0.0,45.60959646347555,0.21301549009149312,1.5488846281196351,24437.624071130394,24439.89122846907,6.222772328390639
2025-08-08 05:59:00+00:00,24432.599609375,24434.94921875,24432.55078125,24433.55078125,0.0,44.99331729290214,-0.20492884157283697,1.1981219341811409,24437.145550963214,24439.605282622244,5.949605554934165
2025-08-08 06:00:00+00:00,24429.19921875,24434.80078125,24427.44921875,24432.80078125,0.0,41.812310153581656,-0.8012989650524105,0.7982377543344307,24436.3887574191,24439.19720168608,6.049745336724582
2025-08-08 06:01:00+00:00,24434.25,24437.05078125,24429.349609375,24429.349609375,0.0,47.72426624378674,-0.8564975778681401,0.4672906878939166,24436.18506623633,24439.00319377682,6.178446562672826
2025-08-08 06:02:00+00:00,24433.650390625,24435.0,24430.80078125,24434.099609375,0.0,47.1122979654896,-0.9378157850223943,0.18626939331065442,24435.94366855906,24438.793279927733,6.03707314748191
2025-08-08 06:03:00+00:00,24439.25,24442.44921875,24429.5,24433.19921875,0.0,53.15371490415822,-0.544146785952762,0.04018615745797115,24436.25855726772,24438.811190518805,6.530797833376059
2025-08-08 06:04:00+00:00,24440.900390625,24442.0,24437.400390625,24440.650390625,0.0,54.79281427181644,-0.09786046291264938,0.01257683338384704,24436.70063663508,24438.893119934735,6.392855800634911
2025-08-08 06:05:00+00:00,24442.30078125,24445.94921875,24439.599609375,24440.599609375,0.0,56.1934222078241,0.3646213552892732,0.08298573776493227,24437.233983741266,24439.026753711805,6.389766770232418
2025-08-08 06:06:00+00:00,24443.25,24443.25,24439.150390625,24442.150390625,0.0,57.16223030416684,0.7985305848742428,0.2260947071867944,24437.80693767067,24439.192371213303,6.226184099144389
2025-08-08 06:07:00+00:00,24439.900390625,24444.44921875,24439.69921875,24442.94921875,0.0,52.73050435686036,0.8621825885638827,0.3533122834622121,24438.006314142513,24439.22013668043,6.120742377776932
2025-08-08 06:08:00+00:00,24429.44921875,24439.900390625,24428.150390625,24439.0,0.0,41.83277704001722,0.06851523289878969,0.29635287334952765,24437.191352676557,24438.836963428257,6.522832207935723
2025-08-08 06:09:00+00:00,24427.900390625,24429.55078125,24427.099609375,24429.099609375,0.0,40.49704225364785,-0.6776379615184851,0.10155470637592512,24436.30649914784,24438.408078220287,6.231999327011743
2025-08-08 06:10:00+00:00,24423.349609375,24428.94921875,24423.150390625,24428.19921875,0.0,36.7808923910482,-1.617533835073118,-0.24226300191388356,24435.072509645666,24437.81755003028,6.201058526868047
2025-08-08 06:11:00+00:00,24426.19921875,24427.80078125,24422.30078125,24423.650390625,0.0,40.464952225457594,-2.1081667905928043,-0.6154437596496678,24434.22743432227,24437.36192919576,6.150982917806043
2025-08-08 06:12:00+00:00,24424.25,24427.44921875,24422.80078125,24426.5,0.0,38.79938160877727,-2.6240343706704152,-1.0171618818538173,24433.27720248205,24436.847735893964,6.043658245105611
2025-08-08 06:13:00+00:00,24430.849609375,24434.099609375,24423.599609375,24424.25,0.0,46.785829289805164,-2.4718360360202496,-1.308096712687104,24433.046003138523,24436.61251524616,6.36196837045521
2025-08-08 06:14:00+00:00,24432.05078125,24432.650390625,24427.55078125,24431.400390625,0.0,48.11300363759631,-2.228603276267677,-1.4921980254032186,24432.95122010152,24436.4336237169,6.271799870779837
2025-08-08 06:15:00+00:00,24433.900390625,24435.69921875,24427.94921875,24431.80078125,0.0,50.17372214936817,-1.865091924311855,-1.5667768051849458,24433.041617294235,24436.33428124271,6.377385594295562
2025-08-08 06:16:00+00:00,24439.900390625,24441.69921875,24433.849609375,24434.599609375,0.0,56.244553609693945,-1.0804024955796194,-1.4695019432638807,24433.69483380193,24436.47412866947,6.482544435774451
2025-08-08 06:17:00+00:00,24434.0,24440.25,24433.150390625,24439.75,0.0,49.816530814691184,-0.9239914830905036,-1.3603998512292055,24433.72389724936,24436.377104015766,6.52662050286199
2025-08-08 06:18:00+00:00,24433.30078125,24436.55078125,24432.349609375,24434.150390625,0.0,49.10038929408413,-0.8466955589683494,-1.2576589927770345,24433.68360048752,24436.256463907306,6.360517029443277
2025-08-08 06:19:00+00:00,24433.400390625,24435.0,24429.19921875,24433.349609375,0.0,49.21239880663341,-0.768541075009125,-1.1598354092234526,24433.656628119657,24436.14446103349,6.320535902340185
2025-08-08 06:20:00+00:00,24438.25,24440.0,24430.849609375,24434.05078125,0.0,54.466112519177486,-0.31168720068308176,-0.9902057675153785,24434.094092108262,24436.22703118904,6.5226683825301714
2025-08-08 06:21:00+00:00,24440.0,24443.69921875,24437.30078125,24437.94921875,0.0,56.22582862915073,0.1893998769337486,-0.7542846386255532,24434.65655952652,24436.374990750253,6.513794748063731
2025-08-08 06:22:00+00:00,24444.0,24444.650390625,24440.099609375,24440.5,0.0,60.02830937246751,0.8989193835914193,-0.4236438341821587,24435.546411000185,24436.674010720835,6.380694453559179
2025-08-08 06:23:00+00:00,24442.150390625,24445.55078125,24441.94921875,24443.75,0.0,57.539344816838955,1.2970194528097636,-0.07951117678377423,24436.175361440644,24436.888770717076,6.182185028304952
2025-08-08 06:24:00+00:00,24442.25,24446.44921875,24440.650390625,24442.849609375,0.0,57.64120655003827,1.602086414986843,0.2568083415703492,24436.753898446295,24437.09901500268,6.154802392354598
2025-08-08 06:25:00+00:00,24444.30078125,24445.400390625,24441.150390625,24442.55078125,0.0,59.7804741938322,1.9864366826186597,0.6027340097800113,24437.472649189505,24437.38143720846,6.018745078614984
2025-08-08 06:26:00+00:00,24442.80078125,24445.400390625,24441.349609375,24444.349609375,0.0,57.49331954798293,2.145270234948839,0.9112412548137769,24437.980090338126,24437.593960504208,5.878176233713914
2025-08-08 06:27:00+00:00,24436.80078125,24444.19921875,24436.80078125,24443.30078125,0.0,49.35858235051509,1.7666324741257995,1.0823194986761815,24437.867775186874,24437.562855435415,5.98676632416292
2025-08-08 06:28:00+00:00,24427.900390625,24438.30078125,24416.30078125,24437.0,0.0,40.25882625467774,0.7398437230658601,1.0138243435541172,24436.918500466694,24437.183935246772,7.1305687295798545
2025-08-08 06:29:00+00:00,24433.75,24435.400390625,24427.69921875,24428.25,0.0,47.15451210125622,0.3935838400575449,0.8897762428548027,24436.616738517485,24437.04927111945,7.171326097109865
2025-08-08 06:30:00+00:00,24427.69921875,24435.849609375,24427.19921875,24433.849609375,0.0,41.78216650862016,-0.36487108354776865,0.6388467775742885,24435.767450920583,24436.68260239908,7.276973563387732
2025-08-08 06:31:00+00:00,24424.349609375,24428.400390625,24423.94921875,24428.0,0.0,39.12474984092464,-1.2221493802935584,0.26664754600071916,24434.680037440052,24436.19895561382,7.075130585645751
2025-08-08 06:32:00+00:00,24408.75,24425.099609375,24408.75,24424.55078125,0.0,29.66272658258829,-3.124291820702638,-0.41154032733995227,24432.21051006481,24435.122525981908,7.737593356313911
2025-08-08 06:33:00+00:00,24408.05078125,24410.099609375,24405.80078125,24408.5,0.0,29.320442281844805,-4.6347480281947355,-1.256181867510909,24429.90958351102,24434.0608889336,7.4919672683629175
2025-08-08 06:34:00+00:00,24404.05078125,24408.69921875,24403.44921875,24408.099609375,0.0,27.374400596008826,-6.084424566506641,-2.2218304073100557,24427.44684043854,24432.884021965616,7.331826749194137
2025-08-08 06:35:00+00:00,24405.650390625,24406.150390625,24403.05078125,24404.400390625,0.0,29.392628918373944,-7.023268689779798,-3.1821180638040043,24425.370988075345,24431.81603642285,7.029525508180271
2025-08-08 06:36:00+00:00,24413.44921875,24415.80078125,24405.55078125,24405.55078125,0.0,38.38306485965278,-7.0566643354832195,-3.957027318139848,24424.23558147293,24431.09576906313,7.259559400453108
2025-08-08 06:37:00+00:00,24414.900390625,24417.5,24412.94921875,24413.25,0.0,39.916137522534584,-6.886648189403786,-4.5429514923926355,24423.34651567789,24430.460656183204,7.066075246849315
2025-08-08 06:38:00+00:00,24417.19921875,24417.349609375,24413.5,24415.150390625,0.0,42.362604334371625,-6.491582034333987,-4.932677600780906,24422.761058827615,24429.940599813275,6.836327684574364
2025-08-08 06:39:00+00:00,24414.5,24417.69921875,24414.5,24417.30078125,0.0,40.28828084800006,-6.323401419573202,-5.210822364539365,24421.974291320224,24429.33508609511,6.576534189247624
2025-08-08 06:40:00+00:00,24414.44921875,24415.44921875,24407.099609375,24415.44921875,0.0,40.24835152756384,-6.123625351949158,-5.393382962021325,24421.257617742107,24428.75132659138,6.703182416801366
2025-08-08 06:41:00+00:00,24417.650390625,24418.69921875,24413.599609375,24413.599609375,0.0,44.01516304585766,-5.641956598370598,-5.4430976892911795,24420.91407230238,24428.31599576917,6.588641485244126
2025-08-08 06:42:00+00:00,24421.05078125,24422.80078125,24416.69921875,24418.19921875,0.0,47.78096390528613,-4.929028760401707,-5.340283903513285,24420.927092202153,24428.031085395873,6.5538501291552596
2025-08-08 06:43:00+00:00,24419.849609375,24421.55078125,24416.94921875,24421.55078125,0.0,46.58881735435932,-4.410115774691803,-5.154250277748989,24420.824474790043,24427.710243198977,6.414401012787026
2025-08-08 06:44:00+00:00,24423.099609375,24423.55078125,24418.75,24419.30078125,0.0,50.20867361009549,-3.6940430277718406,-4.86220882775356,24421.041154274324,24427.52943402941,6.2991424583022395
2025-08-08 06:45:00+00:00,24420.349609375,24424.0,24419.30078125,24423.05078125,0.0,47.28824658972125,-3.3102932342844724,-4.5518257090597425,24420.97529285534,24427.247872278258,6.184862193423508
2025-08-08 06:46:00+00:00,24417.0,24420.599609375,24415.19921875,24420.599609375,0.0,43.93601204620038,-3.2391157310194103,-4.289283713451676,24420.596693535783,24426.845994934014,6.128828509964686
2025-08-08 06:47:00+00:00,24416.650390625,24418.30078125,24411.80078125,24416.19921875,0.0,43.58869298157854,-3.1743259480535926,-4.066292160372059,24420.220855163327,24426.446167314054,6.155340759252923
2025-08-08 06:48:00+00:00,24415.55078125,24417.44921875,24414.05078125,24416.44921875,0.0,42.45199232107477,-3.1751081941838493,-3.8880553671344176,24419.7760862192,24426.018897272326,5.958419097877714
2025-08-08 06:49:00+00:00,24418.55078125,24421.05078125,24415.400390625,24415.400390625,0.0,46.5475004153643,-2.900221256601071,-3.6904885450277485,24419.659390507848,24425.726029977333,5.936417064100735
2025-08-08 06:50:00+00:00,24415.5,24419.650390625,24415.19921875,24419.400390625,0.0,43.18196335351244,-2.895170208561467,-3.5314248777344925,24419.26325807853,24425.325009193908,5.830328122022111
2025-08-08 06:51:00+00:00,24412.5,24416.400390625,24411.599609375,24415.75,0.0,40.11072584211626,-3.097535681368754,-3.444647038461345,24418.619138261525,24424.822067656893,5.756789059734818
2025-08-08 06:52:00+00:00,24414.69921875,24417.19921875,24412.25,24412.650390625,0.0,43.2946791434071,-3.045348323241342,-3.3647872954173446,24418.245812593763,24424.42509318996,5.699105466182331
2025-08-08 06:53:00+00:00,24417.75,24418.900390625,24413.900390625,24414.44921875,0.0,47.46699524823629,-2.726388802508154,-3.2371075968355068,24418.198592346736,24424.16332482957,5.649169361455022
2025-08-08 06:54:00+00:00,24422.44921875,24424.0,24417.400390625,24418.19921875,0.0,53.181401097998894,-2.0705553312473057,-3.0037971437178665,24418.603413908953,24424.096104983313,5.717057933851092
2025-08-08 06:55:00+00:00,24419.19921875,24422.94921875,24415.900390625,24422.349609375,0.0,49.19566909619509,-1.7923888756304223,-2.761515490100378,24418.660157227147,24423.904070229066,5.812184376076014
2025-08-08 06:56:00+00:00,24424.0,24424.94921875,24418.05078125,24418.900390625,0.0,54.60751606196094,-1.1710578049860487,-2.443423953077512,24419.1687136817,24423.907832180867,5.8897738849277275
2025-08-08 06:57:00+00:00,24433.599609375,24433.599609375,24423.19921875,24424.19921875,0.0,63.077176553010354,0.09486623532211524,-1.9357659153975868,24420.543084700108,24424.287901874755,6.2119607949328906
2025-08-08 06:58:00+00:00,24427.5,24434.25,24426.30078125,24434.099609375,0.0,55.93546287047938,0.5990274422838411,-1.4288072438613013,24421.205648062005,24424.41386650712,6.336050648866255
2025-08-08 06:59:00+00:00,24434.55078125,24436.099609375,24427.150390625,24427.69921875,0.0,61.378916682338556,1.5496544996785815,-0.8331148951533248,24422.47661312753,24424.811392575466,6.5227055132329514
2025-08-08 07:00:00+00:00,24437.099609375,24438.849609375,24434.19921875,24436.30078125,0.0,63.15105797887252,2.4801132184402377,-0.17046927243461235,24423.86927943681,24425.29328343035,6.388968735502027
2025-08-08 07:01:00+00:00,24440.19921875,24441.900390625,24436.5,24438.75,0.0,65.23990188134943,3.4281039799388964,0.5492453780400894,24425.424511752353,24425.877829913476,6.31835601332331
2025-08-08 07:02:00+00:00,24437.05078125,24441.25,24435.400390625,24441.25,0.0,61.43065679303261,3.8806076650980685,1.2155178354516853,24426.531775514035,24426.31598486785,6.284874110585931
2025-08-08 07:03:00+00:00,24430.849609375,24437.75,24430.30078125,24437.75,0.0,54.66100119593512,3.696229517689062,1.7116601718991609,24426.942997786507,24426.49377406421,6.368041584829792
2025-08-08 07:04:00+00:00,24434.400390625,24435.5,24430.94921875,24432.25,0.0,57.54593298878691,3.792904635614832,2.127909064642295,24427.653225675887,24426.803837458752,6.245352230556236
2025-08-08 07:05:00+00:00,24435.69921875,24439.30078125,24433.75,24435.80078125,0.0,58.584043922876305,3.9290334857178095,2.488133948857398,24428.419510730568,24427.15267594076,6.195740017659362
2025-08-08 07:06:00+00:00,24430.69921875,24438.19921875,24430.69921875,24436.19921875,0.0,53.19177040758011,3.5920514339668443,2.7089174458792873,24428.63662578004,24427.291756050927,6.288901444969407
2025-08-08 07:07:00+00:00,24430.94921875,24437.400390625,24430.5,24432.30078125,0.0,53.422616401995306,3.3070421178199467,2.8285423802674194,24428.85687272956,24427.435185960694,6.332579243543021
2025-08-08 07:08:00+00:00,24426.900390625,24434.19921875,24425.349609375,24431.80078125,0.0,49.19141714339283,2.723073690722231,2.807448642358382,24428.670541100553,24427.414213594588,6.512367110075663
2025-08-08 07:09:00+00:00,24428.30078125,24430.05078125,24424.349609375,24427.150390625,0.0,50.647389047210346,2.3462284636188997,2.715204606610486,24428.63532587669,24427.448980953624,6.454424593284544
2025-08-08 07:10:00+00:00,24430.94921875,24432.849609375,24426.349609375,24429.30078125,0.0,53.368939692204705,2.2355130752766854,2.6192663003437255,24428.85569662653,24427.586245180933,6.457679979478505
2025-08-08 07:11:00+00:00,24434.900390625,24435.30078125,24431.099609375,24431.650390625,0.0,57.16413961025759,2.4384875151736196,2.5831105433097044,24429.431381769242,24427.873074414034,6.307243016658612
2025-08-08 07:12:00+00:00,24431.900390625,24435.94921875,24431.80078125,24435.900390625,0.0,53.59730989449374,2.330407802670379,2.5325699951818397,24429.66652546979,24428.031008383095,6.153042622611568
2025-08-08 07:13:00+00:00,24436.849609375,24440.5,24432.75,24434.19921875,0.0,58.227984012075304,2.6139820842981862,2.5488524130051093,24430.35062869886,24428.376835872972,6.327797390639312
2025-08-08 07:14:00+00:00,24435.349609375,24440.349609375,24434.900390625,24438.5,0.0,56.391226218562565,2.68670857748657,2.5764236459014014,24430.826722096586,24428.650277971094,6.26504177345079
2025-08-08 07:15:00+00:00,24437.05078125,24437.44921875,24434.05078125,24436.75,0.0,58.00900064613026,2.8487762806689716,2.630894172854916,24431.41948963501,24428.97970947223,6.060284325347162
2025-08-08 07:16:00+00:00,24439.80078125,24441.05078125,24434.650390625,24436.80078125,0.0,60.55636025219146,3.162660933812731,2.7372475250464787,24432.217707884058,24429.404065228224,6.084577632465222
2025-08-08 07:17:00+00:00,24440.30078125,24444.44921875,24438.900390625,24441.75,0.0,61.01938555204815,3.4124262781951984,2.8722832756762227,24432.9875243951,24429.831387425158,6.046309810503421
2025-08-08 07:18:00+00:00,24445.80078125,24448.349609375,24439.94921875,24441.099609375,0.0,65.77828834948933,4.007969767066243,3.0994205739542267,24434.207834571756,24430.45763816339,6.214458440110319
2025-08-08 07:19:00+00:00,24446.94921875,24448.349609375,24443.849609375,24447.0,0.0,66.69266965240851,4.520502047325863,3.383636868628554,24435.421299731588,24431.104366813848,6.091997122959582
2025-08-08 07:20:00+00:00,24462.349609375,24463.30078125,24448.30078125,24448.30078125,0.0,75.96638504569057,6.099064173769875,3.926722329656819,24437.98590065001,24432.329670443698,6.824823221319612
2025-08-08 07:21:00+00:00,24456.849609375,24464.69921875,24455.30078125,24463.400390625,0.0,68.61837098401328,6.82757792897246,4.506893449519947,24439.782444338103,24433.2912366763,7.008652812653925
2025-08-08 07:22:00+00:00,24454.55078125,24457.19921875,24452.150390625,24457.19921875,0.0,65.75545374925969,7.137161357648438,5.032947031145646,24441.188952615426,24434.124944306644,6.868665334964359
2025-08-08 07:23:00+00:00,24459.05078125,24461.099609375,24455.05078125,24455.94921875,0.0,68.52392288025324,7.657351663790905,5.557827957674698,24442.890079152054,24435.102428108345,6.845819819966906
2025-08-08 07:24:00+00:00,24469.05078125,24469.05078125,24458.599609375,24459.849609375,0.0,73.6264865131615,8.775365702349518,6.201335506609662,24445.381574589956,24436.433736074683,7.1033449667549835
2025-08-08 07:25:00+00:00,24478.400390625,24481.349609375,24468.900390625,24469.80078125,0.0,77.32724155631998,10.297136244498688,7.020495654187467,24448.526223736153,24438.079487233517,7.485193094129627
2025-08-08 07:26:00+00:00,24474.0,24479.75,24473.849609375,24478.400390625,0.0,72.19273964391417,11.02103201832142,7.820602927014258,24450.95229766604,24439.488134792988,7.371992917763225
2025-08-08 07:27:00+00:00,24470.599609375,24476.349609375,24469.349609375,24475.44921875,0.0,68.4124654103691,11.191334788203676,8.494749299252142,24452.823470209754,24440.708192619735,7.345421995065851
2025-08-08 07:28:00+00:00,24465.150390625,24471.05078125,24461.25,24470.75,0.0,62.74248433452044,10.762530792660982,8.94830559793391,24453.997462630254,24441.66671018857,7.520804798989718
2025-08-08 07:29:00+00:00,24458.69921875,24465.599609375,24456.650390625,24465.599609375,0.0,56.74632502601217,9.78929992529811,9.11650446340675,24454.44524892737,24442.33465170078,7.622834366919023
2025-08-08 07:30:00+00:00,24455.94921875,24464.400390625,24455.94921875,24459.849609375,0.0,54.36136781261491,8.695864916106075,9.032376553946616,24454.588484148575,24442.86855629095,7.68200133178195
2025-08-08 07:31:00+00:00,24447.44921875,24456.099609375,24446.69921875,24456.099609375,0.0,47.689646871092386,7.062024211856624,8.638306085528617,24453.908554110614,24443.048190112873,7.804743424154667
2025-08-08 07:32:00+00:00,24443.0,24448.150390625,24439.099609375,24448.150390625,0.0,44.60383653755104,5.346547244575049,7.979954317337904,24452.869644195318,24443.046300304526,7.893746126000763
2025-08-08 07:33:00+00:00,24442.75,24445.30078125,24441.150390625,24443.349609375,0.0,44.42987184405238,3.9216402503298013,7.168291503936284,24451.905868557667,24443.034680684745,7.626363590214994
2025-08-08 07:34:00+00:00,24446.55078125,24450.80078125,24440.75,24443.75,0.0,47.765400813547245,3.0637652947189054,6.347386262092808,24451.39586024265,24443.172566981422,7.7995362801996375
2025-08-08 07:35:00+00:00,24449.44921875,24450.400390625,24444.25,24446.69921875,0.0,50.2193180367881,2.5879407249994983,5.595497154674147,24451.21046581478,24443.418710188034,7.681740161971092
2025-08-08 07:36:00+00:00,24451.900390625,24454.849609375,24447.849609375,24450.19921875,0.0,52.261817860028025,2.381186573791638,4.952635038497645,24451.276172939564,24443.751325107132,7.633044436116014
2025-08-08 07:37:00+00:00,24439.400390625,24452.599609375,24436.099609375,24452.599609375,0.0,42.6511627448961,1.1949126767103735,4.201090566140191,24450.145146052462,24443.58070022548,8.266398404964871
2025-08-08 07:38:00+00:00,24436.55078125,24439.5,24419.55078125,24439.30078125,0.0,40.80877092484414,0.024559300913097104,3.3657843130947724,24448.850444642703,24443.3050171284,9.10088557246738
2025-08-08 07:39:00+00:00,24436.650390625,24439.05078125,24434.19921875,24437.0,0.0,40.90486628276943,-0.8847180581979046,2.5156838388362375,24447.688534736255,24443.044051383167,8.797362495862567
2025-08-08 07:40:00+00:00,24429.44921875,24437.0,24427.099609375,24437.0,0.0,36.31482443982909,-2.1614850497171574,1.5802500611255583,24445.95145702328,24442.51092069167,8.876150219372382
2025-08-08 07:41:00+00:00,24432.25,24435.30078125,24429.80078125,24429.849609375,0.0,39.173690644416006,-2.913744615158066,0.6814511258688335,24444.646556354397,24442.10853164494,8.660108239417212
2025-08-08 07:42:00+00:00,24435.900390625,24438.0,24428.44921875,24431.19921875,0.0,42.77910325531108,-3.17871744859076,-0.09058258902308514,24443.813588189696,24441.865075134356,8.723727740173127
2025-08-08 07:43:00+00:00,24433.150390625,24437.349609375,24430.80078125,24437.349609375,0.0,40.81630686653917,-3.569465765969653,-0.7863592244123988,24442.798045564487,24441.52332280066,8.56837776766076
2025-08-08 07:44:00+00:00,24435.94921875,24436.599609375,24431.849609375,24434.150390625,0.0,43.65008011178197,-3.611661597067723,-1.351419698943464,24442.14577634406,24441.304730484946,8.295636498542134
2025-08-08 07:45:00+00:00,24442.30078125,24442.349609375,24434.150390625,24435.94921875,0.0,49.55324967953259,-3.0968851217439806,-1.7005127835035674,24442.160538716053,24441.343791299263,8.28874951650341
2025-08-08 07:46:00+00:00,24450.25,24450.5,24441.75,24442.599609375,0.0,55.79481756505908,-2.0241523690456233,-1.7652407006119786,24442.930963600236,24441.693054385567,8.32169597961031
2025-08-08 07:47:00+00:00,24445.44921875,24453.099609375,24442.25,24451.94921875,0.0,51.63940732935805,-1.5435932765394682,-1.7209112157974764,24443.170797424023,24441.84035494888,8.502261222138143
2025-08-08 07:48:00+00:00,24438.80078125,24445.25,24437.900390625,24444.44921875,0.0,46.47701906171075,-1.6798557450711087,-1.7127001216522029,24442.75460540745,24441.721155980296,8.434158858056847
2025-08-08 07:49:00+00:00,24438.849609375,24443.599609375,24437.80078125,24439.69921875,0.0,46.519305547485395,-1.763575313067122,-1.7228751599351868,24442.382701023405,24441.6085463095,8.245920948552786
2025-08-08 07:50:00+00:00,24442.05078125,24445.349609375,24436.19921875,24439.150390625,0.0,49.34488938421061,-1.5537057046531118,-1.689041268878772,24442.351089616415,24441.625888856186,8.310525925441874
2025-08-08 07:51:00+00:00,24444.349609375,24445.0,24440.75,24443.80078125,0.0,51.33338435976316,-1.1881896002851136,-1.5888709351600403,24442.54142483152,24441.73270142555,8.020488359338882
2025-08-08 07:52:00+00:00,24438.55078125,24444.44921875,24438.05078125,24444.44921875,0.0,46.386711055507796,-1.3508605415881902,-1.5412688564456705,24442.16136353804,24441.607920242193,7.904627583671819
2025-08-08 07:53:00+00:00,24437.44921875,24440.80078125,24436.150390625,24439.400390625,0.0,45.48993857735496,-1.5507887942694651,-1.5431728440104295,24441.71258784394,24441.44483390917,7.672182086623832
2025-08-08 07:54:00+00:00,24439.400390625,24440.69921875,24437.25,24438.94921875,0.0,47.42863156689449,-1.5341058934427565,-1.541359453896895,24441.492378584993,24441.36465966273,7.370541848293558
2025-08-08 07:55:00+00:00,24432.94921875,24440.349609375,24432.94921875,24440.19921875,0.0,42.09753222565262,-2.0181759538427286,-1.636722753886062,24440.678744314995,24441.034642372033,7.372673903772589
2025-08-08 07:56:00+00:00,24430.400390625,24433.599609375,24429.30078125,24433.0,0.0,40.17607674147274,-2.5777592880149314,-1.824930060711836,24439.699853487375,24440.617612891758,7.153113491003118
2025-08-08 07:57:00+00:00,24429.05078125,24431.80078125,24426.650390625,24431.80078125,0.0,39.156934979653414,-3.094464251676982,-2.078836898904865,24438.685656131434,24440.164011650908,7.010061857717182
2025-08-08 07:58:00+00:00,24422.0,24430.05078125,24417.849609375,24430.05078125,0.0,34.26646876529054,-4.026481012359,-2.468365721595692,24437.09654602368,24439.451697468518,7.380855430380241
2025-08-08 07:59:00+00:00,24425.05078125,24426.69921875,24421.650390625,24423.150390625,0.0,37.88157071776351,-4.467440585402073,-2.8681806943569685,24435.94933033095,24438.886955656028,7.21428205142451
2025-08-08 08:00:00+00:00,24428.55078125,24428.55078125,24418.0,24425.599609375,0.0,41.83383243374063,-4.48280844934925,-3.191106245355425,24435.244706608955,24438.48161548324,7.452603422751331
2025-08-08 08:01:00+00:00,24439.69921875,24441.650390625,24427.05078125,24427.849609375,0.0,52.25435772898937,-3.554428616836958,-3.2637707196517316,24435.66894586048,24438.529364630955,7.963103847911951
2025-08-08 08:02:00+00:00,24449.5,24452.599609375,24438.69921875,24440.19921875,0.0,59.1781389717914,-2.0047304874678957,-3.0119626732149647,24436.986189111863,24438.959585625817,8.387195760561097
2025-08-08 08:03:00+00:00,24442.5,24450.19921875,24442.0,24450.19921875,0.0,53.23976240125693,-1.3261381583324692,-2.6747977702384658,24437.511313958352,24439.0984254052,8.373768831235305
2025-08-08 08:04:00+00:00,24450.55078125,24450.55078125,24440.80078125,24443.099609375,0.0,58.40904201381007,-0.13713725193520077,-2.1672656665778125,24438.753167986128,24439.547537399114,8.47207105757564
2025-08-08 08:05:00+00:00,24447.69921875,24454.599609375,24447.69921875,24451.150390625,0.0,56.045707367880844,0.5685039112177037,-1.6201117510187093,24439.605172820782,24439.867211177578,8.359808169534523
2025-08-08 08:06:00+00:00,24452.19921875,24455.349609375,24447.0,24449.400390625,0.0,58.87370491243269,1.473852356295538,-1.0013189295558598,24440.80460576642,24440.350819317675,8.359079684210629
2025-08-08 08:07:00+00:00,24446.25,24452.650390625,24446.099609375,24452.650390625,0.0,53.933255296477746,1.6917933476688631,-0.46269647411091525,24441.32321474105,24440.58215973659,8.229915510338442
2025-08-08 08:08:00+00:00,24455.19921875,24455.19921875,24443.650390625,24447.30078125,0.0,59.44623235909545,2.557162932382198,0.14127540718770742,24442.644738932377,24441.155377737115,8.46698069709998
2025-08-08 08:09:00+00:00,24457.349609375,24461.150390625,24454.5,24454.5,0.0,60.66438449005555,3.3775587203272153,0.7885320698156091,24444.04520278406,24441.790445644485,8.337224263378554
2025-08-08 08:10:00+00:00,24454.650390625,24459.0,24452.30078125,24457.349609375,0.0,58.29724547653097,3.7665059619321255,1.3841268482389124,24445.055220673672,24442.29475721235,8.2202238695658
2025-08-08 08:11:00+00:00,24456.5,24456.5,24447.349609375,24455.849609375,0.0,59.464464877732176,4.175860748524428,1.9424736282960158,24446.145199657134,24442.85182555696,8.286664352096814
2025-08-08 08:12:00+00:00,24460.900390625,24462.099609375,24455.349609375,24457.44921875,0.0,62.17679168748568,4.800020465954731,2.513982995827759,24447.55045593979,24443.559612422374,8.176902612661326
2025-08-08 08:13:00+00:00,24457.05078125,24463.5,24456.80078125,24462.400390625,0.0,58.48960673039867,4.927242055502575,2.996634807762722,24448.455248826474,24444.088677866595,8.071353765328373
2025-08-08 08:14:00+00:00,24456.94921875,24459.099609375,24455.80078125,24455.80078125,0.0,58.3912247406451,4.962664331578708,3.389840712525919,24449.264198343,24444.5930128032,7.7304590767334895
2025-08-08 08:15:00+00:00,24451.150390625,24457.75,24449.69921875,24457.75,0.0,52.918130448008895,4.471277668028051,3.6061281036263457,24449.44383570319,24444.850164874646,7.7533392319668115
2025-08-08 08:16:00+00:00,24444.94921875,24452.05078125,24440.5,24451.75,0.0,47.762405366215056,3.5406530080581433,3.5930330845127054,24449.015776945744,24444.85404934035,8.024585090397753
2025-08-08 08:17:00+00:00,24437.44921875,24447.94921875,24435.099609375,24445.650390625,0.0,42.38393574929395,2.172891203150357,3.309004708240236,24447.91419997472,24444.563663827004,8.369229682155057
2025-08-08 08:18:00+00:00,24432.05078125,24438.099609375,24418.30078125,24437.94921875,0.0,38.98126479895169,0.6458760716377583,2.776378980919741,24446.403398191414,24444.072962549475,9.185629570929695
2025-08-08 08:19:00+00:00,24430.599609375,24433.44921875,24428.5,24432.349609375,0.0,38.09587984474806,-0.6736267145570309,2.0863778418243863,24444.898275446994,24443.54459575832,8.883028798006146
2025-08-08 08:20:00+00:00,24430.5,24430.94921875,24426.599609375,24430.94921875,0.0,38.03202531507323,-1.7076945830631303,1.327563356846883,24443.52701111871,24443.033042983487,8.559213124934278
2025-08-08 08:21:00+00:00,24434.599609375,24434.599609375,24426.30078125,24431.05078125,0.0,42.31736946774996,-2.171366443482839,0.6277773967809387,24442.676782381215,24442.70232009688,8.540614196367544
2025-08-08 08:22:00+00:00,24430.80078125,24438.349609375,24427.44921875,24435.80078125,0.0,39.58557976487378,-2.812937621092715,-0.06036560679379199,24441.54573465443,24442.23559308328,8.709169655555577
2025-08-08 08:23:00+00:00,24430.05078125,24431.900390625,24427.25,24431.900390625,0.0,39.04960840233818,-3.343365892767906,-0.7169656639886149,24440.45097718734,24441.75775732511,8.41925686765875
2025-08-08 08:24:00+00:00,24427.849609375,24431.25,24427.349609375,24431.25,0.0,37.44710061640998,-3.8964346210850636,-1.3528594554079048,24439.250846919498,24441.21233975844,8.096480707468839
2025-08-08 08:25:00+00:00,24426.349609375,24429.19921875,24424.55078125,24428.25,0.0,36.35229433951073,-4.405004882632056,-1.9632885408527352,24438.022157629548,24440.629487586542,7.8501919069353505
2025-08-08 08:26:00+00:00,24427.349609375,24429.25,24423.94921875,24426.400390625,0.0,37.66079446506048,-4.673485801136849,-2.505327992909558,24437.005724462448,24440.108708048836,7.668091145725683
2025-08-08 08:27:00+00:00,24425.150390625,24428.599609375,24423.349609375,24428.599609375,0.0,35.91221136366342,-5.0060112552200735,-3.005464645371661,24435.876645049357,24439.522107365552,7.495370349602419
2025-08-08 08:28:00+00:00,24422.599609375,24427.150390625,24421.900390625,24427.150390625,0.0,33.943667766876615,-5.412969459932356,-3.4869656082838,24434.612165461323,24438.858479993374,7.334986753202246
2025-08-08 08:29:00+00:00,24423.650390625,24424.099609375,24418.650390625,24423.400390625,0.0,35.5118854641609,-5.586302090861864,-3.906832904799413,24433.568186905482,24438.26208433187,7.2002890386878
2025-08-08 08:30:00+00:00,24438.599609375,24442.150390625,24423.94921875,24424.75,0.0,52.712068761352164,-4.46591217673631,-4.018648759186792,24434.047369997817,24438.27532060807,8.007411250210101
2025-08-08 08:31:00+00:00,24444.900390625,24445.349609375,24437.80078125,24439.599609375,0.0,57.818694197727595,-3.034593800406583,-3.8218377674307504,24435.08099100993,24438.5351272754,7.974655312695093
2025-08-08 08:32:00+00:00,24437.650390625,24449.44921875,24437.650390625,24445.55078125,0.0,50.99472259627587,-2.4569558269213303,-3.5488613793288666,24435.325695735173,24438.500431720484,8.247810513574015
2025-08-08 08:33:00+00:00,24430.150390625,24440.150390625,24430.150390625,24438.849609375,0.0,45.06883747912912,-2.57468156476898,-3.3540254164168894,24434.832809534204,24438.172979128503,8.372966905461585
2025-08-08 08:34:00+00:00,24433.30078125,24435.30078125,24430.69921875,24431.900390625,0.0,47.81220965459365,-2.3862625167603255,-3.160472836485577,24434.686902078563,24437.981912545034,8.142782885428614
2025-08-08 08:35:00+00:00,24432.900390625,24436.69921875,24432.30078125,24433.69921875,0.0,47.48760823651382,-2.2433868735388387,-2.9770556438962297,24434.516758130605,24437.78263717562,7.875329643612284
2025-08-08 08:36:00+00:00,24431.599609375,24435.599609375,24430.400390625,24434.0,0.0,46.385810691643215,-2.2096476302940573,-2.8235740411757955,24434.238934439596,24437.540165497165,7.684178865497121
2025-08-08 08:37:00+00:00,24425.5,24432.849609375,24425.400390625,24432.849609375,0.0,41.52094182369418,-2.64461110632692,-2.78778145420602,24433.40665496916,24437.068002144333,7.667396000104469
2025-08-08 08:38:00+00:00,24426.650390625,24427.599609375,24422.5,24427.349609375,0.0,42.740662263660184,-2.8634873854789475,-2.802922640460606,24432.763201222097,24436.65946835926,7.483982669739865
2025-08-08 08:39:00+00:00,24428.5,24430.849609375,24426.44921875,24428.25,0.0,44.736466542157984,-2.8547921282843163,-2.813296538025348,24432.357182058087,24436.339489207916,7.263726095115588
2025-08-08 08:40:00+00:00,24426.80078125,24428.80078125,24425.150390625,24428.80078125,0.0,43.24517271036695,-2.950996574891178,-2.8408365453985143,24431.828001028745,24435.965422229176,7.005630704393047
2025-08-08 08:41:00+00:00,24420.55078125,24428.650390625,24419.0,24427.30078125,0.0,38.200982196284606,-3.491316337047465,-2.9709325037283048,24430.753980097434,24435.3609265045,7.194542127293544
2025-08-08 08:42:00+00:00,24392.69921875,24421.400390625,24392.150390625,24421.400390625,0.0,24.49145125641546,-6.096633770790504,-3.5960727571407447,24427.129717111962,24433.687918357264,8.769931975344004
2025-08-08 08:43:00+00:00,24409.30078125,24410.900390625,24388.25,24392.94921875,0.0,38.62956184009143,-6.744018412380683,-4.225661888188732,24425.431723220347,24432.731560039334,9.76139330746229
2025-08-08 08:44:00+00:00,24413.25,24413.55078125,24405.55078125,24410.099609375,0.0,41.438575136232075,-6.85933629781357,-4.7523967701137,24424.271559104123,24431.967577292693,9.635579499786413
2025-08-08 08:45:00+00:00,24410.099609375,24413.650390625,24408.94921875,24413.05078125,0.0,39.87078733043339,-7.122829206080496,-5.226483257307059,24422.921849606115,24431.11000992337,9.28312181230167
2025-08-08 08:46:00+00:00,24424.55078125,24426.349609375,24406.599609375,24410.19921875,0.0,49.33921244314127,-6.095297640415083,-5.400246133928665,24423.076985953154,24430.85278526951,10.030755968565838
2025-08-08 08:47:00+00:00,24427.349609375,24430.69921875,24423.05078125,24425.099609375,0.0,50.95018251942723,-4.997521120130841,-5.3197011311691,24423.48390246952,24430.71540582267,9.860590363668278
2025-08-08 08:48:00+00:00,24433.650390625,24433.80078125,24426.0,24427.099609375,0.0,54.460952192507655,-3.577861568679509,-4.971333218671182,24424.45213943671,24430.8305032659,9.7134611412634
2025-08-08 08:49:00+00:00,24432.099609375,24434.849609375,24430.55078125,24433.94921875,0.0,53.446973376076805,-2.5485283837115276,-4.486772251679251,24425.180469907024,24430.880272132927,9.326701640101728
2025-08-08 08:50:00+00:00,24429.5,24432.5,24425.349609375,24432.5,0.0,51.70896551060187,-1.9204039480937354,-3.9734985909621483,24425.591853725404,24430.82614381399,9.171250853308749
2025-08-08 08:51:00+00:00,24426.75,24432.849609375,24424.55078125,24429.55078125,0.0,49.86179981621404,-1.625771937873651,-3.503953260344449,24425.702153370603,24430.66629503697,9.108934944143838
2025-08-08 08:52:00+00:00,24430.05078125,24430.80078125,24425.0,24427.05078125,0.0,52.07475724535791,-1.1130973921135592,-3.0257820866982716,24426.116308406738,24430.6421572414,8.872638251704993
2025-08-08 08:53:00+00:00,24426.650390625,24432.849609375,24426.0,24430.900390625,0.0,49.64385994644127,-0.9700006623388617,-2.61462580182639,24426.167173379905,24430.485617374088,8.728136189083207
2025-08-08 08:54:00+00:00,24424.75,24428.75,24424.25,24427.25,0.0,48.287202645804285,-0.9984318137940136,-2.291387004219915,24426.032204486582,24430.260691202555,8.426126461291549
2025-08-08 08:55:00+00:00,24412.19921875,24425.150390625,24410.150390625,24425.150390625,0.0,40.429197638546825,-2.010530715208006,-2.2352157464175333,24424.714777273577,24429.5523981652,8.895688856913582
2025-08-08 08:56:00+00:00,24410.05078125,24414.30078125,24409.099609375,24412.69921875,0.0,39.251659651569184,-2.9519589916380937,-2.3785643954616456,24423.31820622371,24428.78762887441,8.631794786776897
2025-08-08 08:57:00+00:00,24402.75,24412.05078125,24402.55078125,24412.05078125,0.0,35.47086666325575,-4.23830319406261,-2.7505121551818386,24421.3593294405,24427.76654538914,8.69380944486426
2025-08-08 08:58:00+00:00,24399.75,24405.25,24399.5,24403.55078125,0.0,34.020742259633536,-5.437139213696355,-3.2878375668847415,24419.301298065213,24426.667857334665,8.483537341659671
2025-08-08 08:59:00+00:00,24400.69921875,24401.94921875,24395.0,24400.25,0.0,34.927231147650446,-6.238715349147242,-3.878013123337242,24417.529671463762,24425.649479350952,8.373943156541124
2025-08-08 09:00:00+00:00,24405.80078125,24407.25,24397.349609375,24401.5,0.0,39.72064823133402,-6.388672117962415,-4.380144922262277,24416.41263430055,24424.871099033266,8.4829751185739
2025-08-08 09:01:00+00:00,24401.150390625,24407.19921875,24398.94921875,24407.19921875,0.0,37.04202541090377,-6.804325566543412,-4.864981051118503,24414.959087283827,24423.940875174118,8.466334038675765
2025-08-08 09:02:00+00:00,24388.150390625,24405.650390625,24384.400390625,24401.55078125,0.0,30.79092381379907,-8.089474843160133,-5.509879809526829,24412.405878078225,24422.53732676043,9.37945303591321
2025-08-08 09:03:00+00:00,24407.19921875,24408.099609375,24383.25,24389.30078125,0.0,45.34544146349832,-7.484605795289099,-5.904825006679284,24411.910005761252,24421.93583232865,10.484464202990837
2025-08-08 09:04:00+00:00,24403.400390625,24408.900390625,24401.0,24408.55078125,0.0,43.385921658084506,-7.22845131140275,-6.169550267623977,24411.099566224468,24421.20895226184,10.299887518848635
2025-08-08 09:05:00+00:00,24414.349609375,24415.05078125,24403.0,24404.55078125,0.0,50.081603653750406,-6.071943011360418,-6.1500288163712655,24411.409094143564,24420.939958423143,10.424951356788018
2025-08-08 09:06:00+00:00,24411.05078125,24413.75,24408.5,24413.75,0.0,48.230817506161465,-5.359805213476648,-5.9919840957923425,24411.374969106084,24420.552147553608,10.098141215231731
2025-08-08 09:07:00+00:00,24403.75,24412.099609375,24403.400390625,24408.599609375,0.0,44.326577192183386,-5.323180597319151,-5.858223396097705,24410.648781572174,24419.89323980641,9.998218182000894
2025-08-08 09:08:00+00:00,24409.400390625,24409.69921875,24402.650390625,24405.650390625,0.0,47.84540727876672,-4.783079659046052,-5.643194648687374,24410.52988719625,24419.481755524786,9.787547463643687
2025-08-08 09:09:00+00:00,24408.94921875,24411.25,24404.849609375,24409.900390625,0.0,47.58677372621783,-4.3414065417782695,-5.382837027305554,24410.379347344227,24419.068714866953,9.545607689454853
2025-08-08 09:10:00+00:00,24413.0,24415.400390625,24407.650390625,24411.05078125,0.0,50.190174816935,-3.622752386749198,-5.030820099194282,24410.628933311444,24418.830726048644,9.417349997350934
2025-08-08 09:11:00+00:00,24416.5,24418.05078125,24411.05078125,24413.599609375,0.0,52.390601101325174,-2.7392170528983115,-4.572499489935089,24411.188082519875,24418.73932502713,9.244682140397297
2025-08-08 09:12:00+00:00,24423.099609375,24424.900390625,24418.19921875,24419.150390625,0.0,56.309911011323415,-1.4893078007044096,-3.955861152088953,24412.322513648935,24418.910316570185,9.184375603583204
2025-08-08 09:13:00+00:00,24420.75,24424.099609375,24419.05078125,24424.099609375,0.0,54.586979207246685,-0.6804952278980636,-3.300787967250775,24413.125131396653,24418.98246101841,8.888979355112975
2025-08-08 09:14:00+00:00,24417.30078125,24422.30078125,24415.099609375,24422.30078125,0.0,52.06833571556521,-0.31420658563729376,-2.703471690928079,24413.522812335068,24418.9165127922,8.768421677962047
2025-08-08 09:15:00+00:00,24419.349609375,24421.94921875,24416.5,24418.400390625,0.0,53.44249417427686,0.13979167779325508,-2.1348190171838124,24414.07774538649,24418.93349697192,8.531335754536187
2025-08-08 09:16:00+00:00,24410.55078125,24420.599609375,24410.55078125,24419.55078125,0.0,47.18599470810407,-0.20800556370886625,-1.7494563264888232,24413.74184404016,24418.604763022042,8.639728066712173
2025-08-08 09:17:00+00:00,24408.55078125,24411.349609375,24406.55078125,24411.349609375,0.0,45.87144515892167,-0.6376700057553535,-1.5270990623421292,24413.247457107766,24418.210489227058,8.36537807087559
2025-08-08 09:18:00+00:00,24409.55078125,24411.19921875,24405.55078125,24410.5,0.0,46.67142403705801,-0.8872627166965685,-1.3991317932130172,24412.89539274036,24417.870892835803,8.171310887241619
2025-08-08 09:19:00+00:00,24414.099609375,24418.80078125,24410.099609375,24410.599609375,0.0,50.27173185720566,-0.7098318253629259,-1.261271799642999,24413.010080038897,24417.72299936675,8.248360109581503
2025-08-08 09:20:00+00:00,24410.05078125,24415.25,24410.05078125,24415.25,0.0,47.216210839914645,-0.8857132073608227,-1.1861600811865638,24412.728242059,24417.422128068054,8.030564298182824
2025-08-08 09:21:00+00:00,24410.150390625,24414.400390625,24407.75,24412.25,0.0,47.30107391230692,-1.0054723661087337,-1.1500225381709979,24412.48273239862,24417.13696189382,7.9319804643840515
2025-08-08 09:22:00+00:00,24412.80078125,24412.849609375,24407.55078125,24411.55078125,0.0,49.62195991894608,-0.8764152199328237,-1.0953010745233631,24412.51302276542,24416.96691559406,7.743898154428048
2025-08-08 09:23:00+00:00,24408.44921875,24413.19921875,24405.849609375,24413.0,0.0,46.037039993575206,-1.1124476242657693,-1.0987303844718443,24412.12599381157,24416.632888266842,7.7157346701831875
2025-08-08 09:24:00+00:00,24408.44921875,24410.349609375,24406.650390625,24409.400390625,0.0,46.037039993575206,-1.2846958313712094,-1.1359234738517174,24411.775824758086,24416.311960050498,7.428840675884389
2025-08-08 09:25:00+00:00,24406.5,24409.599609375,24405.599609375,24408.650390625,0.0,44.371724305502426,-1.5605009556675213,-1.2208389702148783,24411.27336525732,24415.927177303423,7.18392348474979
2025-08-08 09:26:00+00:00,24406.94921875,24409.099609375,24400.5,24406.650390625,0.0,44.86670143831581,-1.7229689908781438,-1.3212649743475315,24410.861541780432,24415.575100497408,7.285043905481948
2025-08-08 09:27:00+00:00,24404.5,24407.900390625,24402.349609375,24407.650390625,0.0,42.63902950859281,-2.0260030613062554,-1.4622125917392763,24410.255680658487,24415.140782830844,7.161168001518952
2025-08-08 09:28:00+00:00,24403.05078125,24405.69921875,24401.75,24404.650390625,0.0,41.33136046259029,-2.3559417568139907,-1.6409584247542193,24409.56949976244,24414.66666512179,6.931743054981884
2025-08-08 09:29:00+00:00,24406.44921875,24407.30078125,24403.349609375,24403.94921875,0.0,45.54861207326741,-2.316491968311311,-1.7760651334656379,24409.27233014221,24414.3444123229,6.740189979626035
2025-08-08 09:30:00+00:00,24398.400390625,24407.349609375,24395.599609375,24407.150390625,0.0,38.49150870438527,-2.9012570047525514,-2.0011035077230206,24408.236907331044,24413.719156570038,7.09803355250989
2025-08-08 09:31:00+00:00,24392.80078125,24400.5,24392.25,24399.69921875,0.0,34.48809642676048,-3.773035977690597,-2.355490001716536,24406.76680008523,24412.898828126115,7.180316870187755
2025-08-08 09:32:00+00:00,24390.69921875,24395.599609375,24390.19921875,24394.150390625,0.0,33.09679698597195,-4.580702141927759,-2.8005324297587806,24405.236554243784,24412.028255209403,7.0531792812457725
2025-08-08 09:33:00+00:00,24387.599609375,24391.25,24383.25,24390.849609375,0.0,31.103767507612147,-5.408549575251527,-3.3221358588573304,24403.556845208663,24411.07026909825,7.1208093325853605
2025-08-08 09:34:00+00:00,24395.94921875,24396.599609375,24387.30078125,24387.900390625,0.0,41.34950679179291,-5.329446393952821,-3.723597965876429,24402.832309355457,24410.477286731653,7.2763821034721206
2025-08-08 09:35:00+00:00,24392.599609375,24396.94921875,24392.44921875,24396.5,0.0,38.853257514936324,-5.47394184143559,-4.073666740988261,24401.857766500176,24409.776201345117,7.078069096081255
2025-08-08 09:36:00+00:00,24394.75,24399.349609375,24393.0,24393.349609375,0.0,41.30311353504044,-5.353228289277467,-4.329579050646103,24401.1808363573,24409.18693854727,7.054635589218308
2025-08-08 09:37:00+00:00,24393.849609375,24397.19921875,24392.400390625,24395.5,0.0,40.570166958708356,-5.269472726598906,-4.517557785836664,24400.482624263746,24408.585474658164,6.893506484631287
2025-08-08 09:38:00+00:00,24386.94921875,24394.30078125,24386.44921875,24394.30078125,0.0,35.38735941863031,-5.69425981166205,-4.752898191001742,24399.193728500533,24407.736994034316,6.961939057157623
2025-08-08 09:39:00+00:00,24376.80078125,24389.69921875,24376.19921875,24387.55078125,0.0,29.43222498408828,-6.771740322044934,-5.15666661721038,24397.061066857626,24406.523809219245,7.4289434102177925
2025-08-08 09:40:00+00:00,24376.400390625,24386.150390625,24375.94921875,24378.849609375,0.0,29.223275306973633,-7.57068937209624,-5.639471168187552,24395.0933834069,24405.342498686136,7.6269597291308076
2025-08-08 09:41:00+00:00,24372.94921875,24376.80078125,24371.55078125,24376.80078125,0.0,27.41652401568122,-8.38567810079985,-6.188712554710012,24392.98441534434,24404.07217398276,7.45717689133575
2025-08-08 09:42:00+00:00,24346.44921875,24373.0,24345.44921875,24372.900390625,0.0,18.14161865708884,-11.042598864307365,-7.159489816629483,24388.552491859165,24401.81245024814,8.892434345526054
2025-08-08 09:43:00+00:00,24340.05078125,24348.650390625,24337.94921875,24347.400390625,0.0,16.67481848841065,-13.508807025293208,-8.429353258362228,24383.93328132496,24399.39042401292,9.021629883345621
2025-08-08 09:44:00+00:00,24344.44921875,24350.94921875,24340.900390625,24340.900390625,0.0,21.38062106037195,-14.936202370510728,-9.730723080791929,24380.17289441306,24397.235866943785,9.155687570249507
2025-08-08 09:45:00+00:00,24362.25,24365.349609375,24342.05078125,24349.19921875,0.0,36.909689977348776,-14.464313582622708,-10.677441181158086,24378.465952088005,24395.863872161673,10.165911895588826
2025-08-08 09:46:00+00:00,24351.900390625,24363.75,24348.05078125,24363.0,0.0,32.84727126250431,-14.755374527067033,-11.493027850339876,24375.93589861534,24394.139814062197,10.561148099475338
2025-08-08 09:47:00+00:00,24351.44921875,24356.099609375,24347.650390625,24352.099609375,0.0,32.67841854228321,-14.851252231099352,-12.164672726491771,24373.603833866262,24392.465673069564,10.410296003084241
2025-08-08 09:48:00+00:00,24349.44921875,24354.19921875,24346.849609375,24353.80078125,0.0,31.895686032118675,-14.91666921025535,-12.715072023244488,24371.303394331382,24390.77875329233,10.191675529649652
2025-08-08 09:49:00+00:00,24344.75,24350.44921875,24342.75,24349.44921875,0.0,30.07300957616745,-15.172797749932215,-13.206617168582035,24368.774499633153,24388.973704143613,10.013642902531819
2025-08-08 09:50:00+00:00,24344.150390625,24347.25,24339.19921875,24345.19921875,0.0,29.838702713231996,-15.248390969056345,-13.614971928676898,24366.42934639428,24387.215927142883,9.873438498779546
2025-08-08 09:51:00+00:00,24347.5,24348.0,24343.05078125,24344.69921875,0.0,32.98009627105789,-14.866640282110893,-13.865305599363698,24364.626551499587,24385.658439803945,9.521708516723864
2025-08-08 09:52:00+00:00,24345.19921875,24348.44921875,24345.05078125,24347.5,0.0,31.922812102369008,-14.581665566900483,-14.008577592871054,24362.77632933296,24384.071803684183,9.084332015529302
2025-08-08 09:53:00+00:00,24346.94921875,24346.94921875,24343.25,24345.400390625,0.0,33.66474576062623,-14.052620812057285,-14.017386236708301,24361.268985467916,24382.61601603971,8.699681067991495
2025-08-08 09:54:00+00:00,24346.650390625,24347.400390625,24342.150390625,24346.69921875,0.0,33.5070809756821,-13.501821372370614,-13.914273263840766,24359.87673834002,24381.20559935678,8.453275277420675
2025-08-08 09:55:00+00:00,24351.69921875,24354.94921875,24346.150390625,24347.650390625,0.0,38.7283130958556,-12.513660919652466,-13.634150795003107,24359.097926950493,24380.04848639181,8.47795762367634
2025-08-08 09:56:00+00:00,24348.19921875,24354.44921875,24348.19921875,24352.150390625,0.0,36.58370738467241,-11.876057591514837,-13.282532154305454,24358.059954740922,24378.7994955039,8.318817793413745
2025-08-08 09:57:00+00:00,24348.900390625,24350.05078125,24345.650390625,24348.650390625,0.0,37.33239917777241,-11.18523719806035,-12.863073163056434,24357.18761530131,24377.62698158708,8.038930138527048
2025-08-08 09:58:00+00:00,24347.400390625,24351.94921875,24346.05078125,24349.05078125,0.0,36.343880290554274,-10.636187178137334,-12.417695966072616,24356.255498665472,24376.44162507876,7.886037807203687
2025-08-08 09:59:00+00:00,24349.19921875,24356.349609375,24345.849609375,24349.94921875,0.0,38.44872105258062,-9.941313412633463,-11.922419455384787,24355.583472006856,24375.37329541881,8.072749392403423
